Date,Open,High,Low,Close,Volume,Dividends,Stock Splits,relative_volume,Atr_Close,Atr_Low,Atr_High,fast_trend_run,structural_direction,slow_trend_run,breaking_gap,fast_swing_ratio,slow_swing_ratio,p_up,p_down
2020-12-14,157.14999389648438,159.52349853515625,156.3000030517578,157.84849548339844,83116000,0.0,0.0,0.005561038735138001,3.3402104533556654,3.3402104533556654,3.3402104533556654,2.7740020751953125,1.0,2.027496337890625,2.4185028076171875,0.7601155698915563,0.33261760224220144,0.5463665860668788,0.4536334139331212
2020-12-15,159.05050659179688,159.4250030517578,156.52450561523438,158.25599670410156,66390000,0.0,0.0,0.004453420285743007,3.308802380724792,3.308802380724792,3.308802380724792,3.1815032958984375,1.0,2.43499755859375,0.0,0.0,0.4797578966834142,0.2398789483417071,0.7601210516582929
2020-12-16,158.80050659179688,162.35000610351562,158.1840057373047,162.04800415039062,88552000,0.0,0.0,0.0060823709018329,3.370030808259517,3.370030808259517,3.370030808259517,6.9735107421875,1.0,6.2270050048828125,0.0,0.0,2.0,1.0,0.0
2020-12-17,162.5,163.17550659179688,161.0500030517578,161.8040008544922,69486000,0.0,0.0,0.0047655980230672575,3.2811360033866275,3.2811360033866275,3.2811360033866275,-0.2440032958984375,1.0,5.983001708984375,0.0,0.0,2.0,0.5,0.5
2020-12-18,162.19949340820312,162.4709930419922,158.5800018310547,160.08250427246094,119914000,0.0,0.0,0.008136630581229244,3.3246970896402614,3.3246970896402614,3.3246970896402614,-1.9654998779296875,-1.0,-1.72149658203125,0.0,0.0,0.08278927429959654,0.9586053628502017,0.04139463714979827
2020-12-21,160.00050354003906,161.34849548339844,158.3000030517578,160.3090057373047,76736000,0.0,0.0,0.005214202776612302,3.3049681854974304,3.3049681854974304,3.3049681854974304,0.22650146484375,-1.0,-1.4949951171875,0.0,0.0,0.06243689460653538,0.5,0.5
2020-12-22,160.14199829101562,161.10000610351562,159.00399780273438,160.3260040283203,47388000,0.0,0.0,0.0032203508303736642,3.218613908017703,3.218613908017703,3.218613908017703,0.243499755859375,-1.0,-1.477996826171875,0.0,0.0,0.061025135042010195,0.5,0.5
2020-12-23,160.25,160.50650024414062,159.20849609375,159.2635040283203,41876000,0.0,0.0,0.00282691204734322,3.0814274967586264,3.0814274967586264,3.0814274967586264,-1.0625,-1.0,-2.540496826171875,0.0,0.0,0.18030138366237825,0.9098493081688108,0.09015069183118912
2020-12-24,159.69500732421875,160.10000610351562,158.4499969482422,158.63450622558594,29038000,0.0,0.0,0.0019525186954372452,2.9791833295096843,2.9791833295096843,2.9791833295096843,-1.691497802734375,-1.0,-3.16949462890625,0.0,0.0,0.28063496927745346,0.8596825153612733,0.14031748463872673
2020-12-28,159.6999969482422,165.1999969482422,158.63450622558594,164.197998046875,113736000,0.0,0.0,0.007915833432992396,3.2353481433058677,3.2353481433058677,3.2353481433058677,5.5634918212890625,1.0,5.5634918212890625,4.6934967041015625,0.7117019021748113,2.0,1.0,0.0
2020-12-29,165.4969940185547,167.53250122070312,164.06100463867188,166.10000610351562,97458000,0.0,0.0,0.00686148284759111,3.2522158889291095,3.2522158889291095,3.2522158889291095,7.4654998779296875,1.0,7.4654998779296875,0.0,0.0,2.0,1.0,0.0
2020-12-30,167.0500030517578,167.10499572753906,164.12350463867188,164.29249572753906,64186000,0.0,0.0,0.004469808094213448,3.232878403210401,3.232878403210401,3.232878403210401,-1.8075103759765625,1.0,5.657989501953125,0.0,0.0,2.0,0.5,0.5
2020-12-31,163.75,164.14599609375,162.05999755859375,162.84649658203125,59144000,0.0,0.0,0.004082441328010566,3.161422672191466,3.161422672191466,3.161422672191466,-3.253509521484375,-1.0,-1.4459991455078125,2.001007080078125,0.378262323992484,0.06531482957766693,0.7782114232149245,0.22178857678507546
2021-01-04,163.5,163.60000610351562,157.2010040283203,159.3314971923828,88228000,0.0,0.0,0.0059585269852178374,3.3926783438345978,3.3926783438345978,3.3926783438345978,-6.7685089111328125,-1.0,-4.96099853515625,0.0,0.0,0.7688009706361385,0.6155995146819307,0.38440048531806925
2021-01-05,158.30050659179688,161.16900634765625,158.2530059814453,160.92550659179688,53110000,0.0,0.0,0.003622697115527815,3.3586299168614793,3.3586299168614793,3.3586299168614793,1.5940093994140625,-1.0,-3.3669891357421875,0.0,0.0,0.35412709391773833,0.5,0.5
2021-01-06,157.32400512695312,159.87550354003906,156.55799865722656,156.91900634765625,87896000,0.0,0.0,0.005846224650883224,3.4306926324121103,3.4306926324121103,3.4306926324121103,-4.006500244140625,-1.0,-7.3734893798828125,0.0,0.0,1.6983290703599083,0.15083546482004584,0.8491645351799542
2021-01-07,157.85000610351562,160.427001953125,157.75,158.10800170898438,70290000,0.0,0.0,0.004710621739265207,3.4362142733447274,3.4362142733447274,3.4362142733447274,1.188995361328125,1.0,1.188995361328125,0.0,0.0,0.02600244595898375,0.013001222979491875,0.9869987770205081
2021-01-08,159.0,159.53199768066406,157.11000061035156,159.13499450683594,70754000,0.0,0.0,0.004772517501074183,3.363770187413854,3.363770187413854,3.363770187413854,2.2159881591796875,-1.0,1.0269927978515625,0.0,0.0,0.019399416968009692,0.009699708484004846,0.9903002915159952
2021-01-11,157.40049743652344,157.81900024414062,155.5,155.7104949951172,73668000,0.0,0.0,0.004862141611372291,3.3831433530868598,3.3831433530868598,3.3831433530868598,-3.42449951171875,-1.0,-2.3975067138671875,2.25,0.4316888375527001,2.0,0.0,1.0
2021-01-12,156.0,157.10699462890625,154.3000030517578,156.04150390625,70292000,0.0,0.0,0.004649185413994237,3.341989654805544,3.341989654805544,3.341989654805544,0.3310089111328125,-1.0,-2.066497802734375,0.0,0.0,2.0,0.5,0.5
2021-01-13,156.4219970703125,159.49749755859375,156.10400390625,158.29449462890625,66424000,0.0,0.0,0.004456784904934163,3.3501327974868444,3.3501327974868444,3.3501327974868444,2.5839996337890625,1.0,2.25299072265625,1.678497314453125,0.4219455450412884,1.1886360864499739,0.8052908157456311,0.1947091842543689
2021-01-14,158.37600708007812,158.89999389648438,156.0294952392578,156.37350463867188,61418000,0.0,0.0,0.004070892917607634,3.3158732160396815,3.3158732160396815,3.3158732160396815,-1.920989990234375,-1.0,-1.920989990234375,0.0,0.0,0.7269949548168723,0.6365025225915639,0.36349747740843613
2021-01-15,156.1510009765625,157.12750244140625,154.7584991455078,155.21249389648438,84880000,0.0,0.0,0.0055842247206200546,3.2482396503153073,3.2482396503153073,3.2482396503153073,-3.082000732421875,-1.0,-3.082000732421875,0.0,0.0,1.871314007196942,0.06434299640152896,0.935657003598471
2021-01-19,155.35000610351562,157.25,154.8000030517578,156.03799438476562,66102000,0.0,0.0,0.004371956158698389,3.1912223144529417,3.1912223144529417,3.1912223144529417,0.82550048828125,1.0,0.82550048828125,0.0,0.0,0.07174129201625731,0.03587064600812866,0.9641293539918714
2021-01-20,159.09950256347656,163.99000549316406,158.75,163.16900634765625,106196000,0.0,0.0,0.00734474405829407,3.53127865687762,3.53127865687762,3.53127865687762,7.956512451171875,1.0,7.956512451171875,0.0,0.0,2.0,1.0,0.0
2021-01-21,164.64999389648438,167.42750549316406,164.47850036621094,165.34950256347656,98722000,0.0,0.0,0.006919069241420118,3.5832229774940627,3.5832229774940627,3.5832229774940627,10.137008666992188,1.0,10.137008666992188,0.0,0.0,2.0,1.0,0.0
2021-01-22,165.2154998779297,166.0955047607422,164.1580047607422,164.6114959716797,56438000,0.0,0.0,0.0039378812535324405,3.465671336244487,3.465671336244487,3.465671336244487,-0.738006591796875,-1.0,-0.738006591796875,0.0,0.0,0.005300304815779786,0.9973498475921101,0.002650152407889893
2021-01-25,166.4250030517578,168.1945037841797,162.15750122070312,164.6999969482422,74996000,0.0,0.0,0.005235552639442413,3.6493378524753495,3.6493378524753495,3.6493378524753495,0.0885009765625,-1.0,-0.649505615234375,0.766998291015625,2.0,0.004105312149636543,0.9979515486912047,0.002048451308795274
2021-01-26,164.8179931640625,166.89999389648438,164.14349365234375,166.30650329589844,59104000,0.0,0.0,0.004166361457880544,3.5855637375942977,3.5855637375942977,3.5855637375942977,1.69500732421875,-1.0,0.957000732421875,0.8044891357421875,0.22526680984071748,2.0,1.0,0.0
2021-01-27,167.07449340820312,167.3260040283203,160.35400390625,161.62899780273438,93204000,0.0,0.0,0.006385349455301136,3.827452050771156,3.827452050771156,3.827452050771156,-4.6775054931640625,-1.0,-3.7205047607421875,1.803497314453125,0.1486628271184873,2.0,0.0,1.0
2021-01-28,161.7519989013672,165.08399963378906,161.4344940185547,161.88099670410156,62984000,0.0,0.0,0.004321723195269941,3.814741591089957,3.814741591089957,3.814741591089957,0.2519989013671875,-1.0,-3.468505859375,0.0,0.0,2.0,0.5,0.5
2021-01-29,161.5,161.84950256347656,159.2274932861328,160.30999755859375,85872000,0.0,0.0,0.005835029074462691,3.731796007295585,3.731796007295585,3.731796007295585,-1.5709991455078125,-1.0,-5.0395050048828125,0.0,0.0,2.0,0.0,1.0
2021-02-01,162.1179962158203,167.51300048828125,161.75149536132812,167.1439971923828,83204000,0.0,0.0,0.005894755932698697,3.979739358895008,3.979739358895008,3.979739358895008,6.8339996337890625,1.0,6.8339996337890625,2.4290008544921875,0.1263296906867379,1.8389678668903442,0.9826487787885411,0.017351221211458934
2021-02-02,169.0,171.38699340820312,168.05650329589844,169.0,141972000,0.0,0.0,0.010169983397604684,3.9985434201039585,3.9985434201039585,3.9985434201039585,8.69000244140625,1.0,8.69000244140625,0.0,0.0,2.0,1.0,0.0
2021-02-03,171.25050354003906,171.6999969482422,165.43099975585938,165.62649536132812,141776000,0.0,0.0,0.009953214657936546,4.160718689552448,4.160718689552448,4.160718689552448,-3.373504638671875,1.0,5.316497802734375,0.0,0.0,1.1129496461861046,0.5,0.5
2021-02-04,166.5,167.35000610351562,163.8874969482422,166.5500030517578,73414000,0.0,0.0,0.005182679723676027,4.11084657996109,4.11084657996109,4.11084657996109,0.9235076904296875,-1.0,0.9235076904296875,4.16900634765625,2.0,0.033581900535894875,1.0,0.0
2021-02-05,165.9499969482422,168.85000610351562,165.135498046875,167.6074981689453,72416000,0.0,0.0,0.005144685306849263,4.0825366854382,4.0825366854382,4.0825366854382,1.9810028076171875,1.0,1.0574951171875,0.295501708984375,0.022251014240825276,0.0440332742167475,0.03314214422878639,0.9668578557712136
2021-02-08,167.9250030517578,168.25,165.1999969482422,166.14700317382812,65148000,0.0,0.0,0.004588010877243674,4.008784283032458,4.008784283032458,4.008784283032458,-1.4604949951171875,1.0,-0.4029998779296875,0.0,0.0,0.1452289132859853,0.9273855433570073,0.07261445664299265
2021-02-09,165.62449645996094,166.89999389648438,164.89199829101562,165.25,44070000,0.0,0.0,0.0030868488013777637,3.865870806063622,3.865870806063622,3.865870806063622,-2.3574981689453125,-1.0,-0.897003173828125,0.0,0.0,0.7195006951191184,0.6402496524404409,0.3597503475595592
2021-02-10,165.6999969482422,165.8975067138672,162.6999969482422,164.32899475097656,63032000,0.0,0.0,0.0043904205749539845,3.818130731746578,3.818130731746578,3.818130731746578,-3.27850341796875,-1.0,-1.8180084228515625,0.0,0.0,2.0,0.0,1.0
2021-02-11,164.60000610351562,164.60000610351562,162.4029998779297,163.10650634765625,46028000,0.0,0.0,0.0031821762407015664,3.702336124163675,3.702336124163675,3.702336124163675,-4.5009918212890625,-1.0,-3.040496826171875,0.0,0.0,2.0,0.0,1.0
2021-02-12,162.5,164.0124969482422,161.66549682617188,163.885498046875,46706000,0.0,0.0,0.0032444720647475784,3.605526409728435,3.605526409728435,3.605526409728435,0.77899169921875,-1.0,-2.261505126953125,0.0,0.0,2.0,0.5,0.5
2021-02-16,162.70249938964844,165.4149932861328,162.67950439453125,163.44749450683594,51494000,0.0,0.0,0.003567514403797308,3.5433808727193727,3.5433808727193727,3.5433808727193727,-0.4380035400390625,1.0,-0.4380035400390625,0.8149871826171875,2.0,0.17155307210051,0.0,1.0
2021-02-17,163.17999267578125,166.04550170898438,162.97500610351562,165.4320068359375,65950000,0.0,0.0,0.004624504186624777,3.509603353630043,3.509603353630043,3.509603353630043,1.9845123291015625,1.0,1.5465087890625,2.0330047607421875,1.0494679704116605,2.0,1.0,0.0
2021-02-18,164.12100219726562,166.89999389648438,163.69700622558594,166.4114990234375,60548000,0.0,0.0,0.00427084661123274,3.4877022334349284,3.4877022334349284,3.4877022334349284,2.9640045166015625,1.0,2.5260009765625,0.0,0.0,2.0,1.0,0.0
2021-02-19,166.4114990234375,166.6750030517578,162.28750610351562,162.4949951171875,86104000,0.0,0.0,0.005930538851311531,3.5519732844925898,3.5519732844925898,3.5519732844925898,-3.91650390625,-1.0,-3.91650390625,0.6875,0.030814014098168724,2.0,0.0,1.0
2021-02-22,160.406494140625,161.61599731445312,158.61300659179688,159.03700256347656,70314000,0.0,0.0,0.004739917965799322,3.5755458016995925,3.5755458016995925,3.5755458016995925,-7.3744964599609375,-1.0,-7.3744964599609375,0.0,0.0,2.0,0.0,1.0
2021-02-23,156.35150146484375,160.2364959716797,154.67999267578125,159.72500610351562,93544000,0.0,0.0,0.006333148755013256,3.717042765570939,3.717042765570939,3.717042765570939,0.6880035400390625,-1.0,-6.686492919921875,0.0,0.0,2.0,0.5,0.5
2021-02-24,158.33749389648438,158.56149291992188,156.2689971923828,157.97650146484375,60226000,0.0,0.0,0.004032806184813784,3.69839749025393,3.69839749025393,3.69839749025393,-1.748504638671875,-1.0,-8.43499755859375,0.0,0.0,2.0,0.0,1.0
2021-02-25,156.83700561523438,158.91299438476562,152.38800048828125,152.85800170898438,90676000,0.0,0.0,0.005875047341569986,3.9002972335561044,3.9002972335561044,3.9002972335561044,-6.86700439453125,-1.0,-13.553497314453125,0.0,0.0,2.0,0.0,1.0
2021-02-26,154.75999450683594,156.1219940185547,151.8350067138672,154.64649963378906,85518000,0.0,0.0,0.0056056821471600375,3.9279179529226327,3.9279179529226327,3.9279179529226327,1.7884979248046875,-1.0,-11.764999389648438,0.0,0.0,2.0,0.5,0.5
2021-03-01,156.39450073242188,157.47799682617188,154.89950561523438,157.3070068359375,54582000,0.0,0.0,0.0036393879399363093,3.8496021843126456,3.8496021843126456,3.8496021843126456,4.449005126953125,1.0,2.6605072021484375,0.0,0.0,0.051138155554116285,0.025569077777058143,0.9744309222229418
2021-03-02,157.17349243164062,158.17599487304688,154.3560028076172,154.72650146484375,51916000,0.0,0.0,0.0034048404709016754,3.847487175821006,3.847487175821006,3.847487175821006,-2.58050537109375,1.0,0.0800018310546875,0.0,0.0,4.623980950201908e-05,0.5,0.5
2021-03-03,154.0590057373047,155.38900756835938,149.75,150.25,79774000,0.0,0.0,0.005080502722595669,3.975452918145175,3.975452918145175,3.975452918145175,-7.0570068359375,-1.0,-4.47650146484375,5.149505615234375,0.5324636879673299,2.0,0.0,1.0
2021-03-04,150.60000610351562,152.906494140625,147.27149963378906,148.8784942626953,109632000,0.0,0.0,0.006918311997033163,4.093991603051658,4.093991603051658,4.093991603051658,-8.428512573242188,-1.0,-5.8480072021484375,0.0,0.0,2.0,0.0,1.0
2021-03-05,150.25,150.4499969482422,144.0500030517578,150.0229949951172,107772000,0.0,0.0,0.006853219037557348,4.258706052582567,4.258706052582567,4.258706052582567,1.144500732421875,-1.0,-4.7035064697265625,0.0,0.0,2.0,0.5,0.5
2021-03-08,150.75,153.22950744628906,147.5655059814453,147.59750366210938,83700000,0.0,0.0,0.0052364300828165065,4.359084296315508,4.359084296315508,4.359084296315508,-2.4254913330078125,1.0,-2.4254913330078125,0.3230133056640625,0.01773541561965111,2.0,0.0,1.0
2021-03-09,150.89950561523438,154.54800415039062,150.25750732421875,153.1425018310547,80600000,0.0,0.0,0.005231926309822045,4.54418545288449,4.54418545288449,4.54418545288449,5.5449981689453125,1.0,3.1195068359375,4.0980072021484375,0.5461885863747996,1.6541406297403203,1.0,0.0
2021-03-10,154.92250061035156,155.822998046875,151.50250244140625,152.8820037841797,60250000,0.0,0.0,0.0039043096703928804,4.528207606640509,4.528207606640509,4.528207606640509,-0.260498046875,1.0,2.8590087890625,0.0,0.0,1.3894135396430298,0.5,0.5
2021-03-11,155.20050048828125,156.58900451660156,154.14649963378906,155.67950439453125,55528000,0.0,0.0,0.0036641589981825286,4.469549972767749,4.469549972767749,4.469549972767749,2.7975006103515625,1.0,5.6565093994140625,0.0,0.0,2.0,1.0,0.0
2021-03-12,153.75,154.94900512695312,152.27499389648438,154.47450256347656,48438000,0.0,0.0,0.0031715666843597948,4.393475724573401,4.393475724573401,4.393475724573401,-1.2050018310546875,-1.0,-1.2050018310546875,0.0,0.0,0.04538145202165167,0.9773092739891742,0.022690726010825835
2021-03-15,153.72850036621094,154.11199951171875,151.60450744628906,154.08399963378906,58272000,0.0,0.0,0.0038058205442389856,4.284655681188694,4.284655681188694,4.284655681188694,-1.5955047607421875,-1.0,-1.5955047607421875,0.0,0.0,0.07956080753832642,0.9602195962308367,0.03978040376916321
2021-03-16,155.24850463867188,156.44549560546875,153.79299926757812,154.59300231933594,50776000,0.0,0.0,0.003327201903627588,4.168072870953117,4.168072870953117,4.168072870953117,0.509002685546875,1.0,0.509002685546875,1.496490478515625,2.0,0.10177566263615437,1.0,0.0
2021-03-17,153.66099548339844,158.65249633789062,153.51100158691406,156.7864990234375,62372000,0.0,0.0,0.004145044255435605,4.237603005240506,4.237603005240506,4.237603005240506,2.7024993896484375,1.0,2.7024993896484375,0.0,0.0,2.0,1.0,0.0
2021-03-18,155.0500030517578,155.8314971923828,151.25,151.39950561523438,72992000,0.0,0.0,0.004684147471188323,4.330381292254577,4.330381292254577,4.330381292254577,-5.386993408203125,-1.0,-5.386993408203125,2.542999267578125,0.22284330041458103,2.0,0.0,1.0
2021-03-19,151.4615020751953,153.864501953125,150.8314971923828,153.7480010986328,92508000,0.0,0.0,0.0060286435818721704,4.237711540003692,4.237711540003692,4.237711540003692,2.3484954833984375,-1.0,-3.0384979248046875,0.0,0.0,1.2641152746730726,0.5,0.5
2021-03-22,153.3925018310547,156.32899475097656,153.00250244140625,155.5435028076172,58044000,0.0,0.0,0.00382683773132606,4.172624452115594,4.172624452115594,4.172624452115594,4.1439971923828125,1.0,1.795501708984375,0.49749755859375,0.014412622204265582,0.34918353517598916,0.18179807869012737,0.8182019213098726
2021-03-23,156.35000610351562,159.10000610351562,156.04249572753906,156.875,76346000,0.0,0.0,0.0050765756896594735,4.128615798100083,4.128615798100083,4.128615798100083,5.475494384765625,1.0,3.1269989013671875,0.0,0.0,1.059101465961149,0.5295507329805745,0.47044926701942547
2021-03-24,157.552001953125,158.0155029296875,154.25750732421875,154.35350036621094,59180000,0.0,0.0,0.003871883508557528,4.102142927197845,4.102142927197845,4.102142927197845,-2.5214996337890625,-1.0,-2.5214996337890625,0.0,0.0,0.6502230509315623,0.6748884745342189,0.32511152546578115
2021-03-25,153.64950561523438,155.48899841308594,151.85699462890625,152.31300354003906,71270000,0.0,0.0,0.0046012367518172914,4.068561559839406,4.068561559839406,4.068561559839406,-4.5619964599609375,-1.0,-4.5619964599609375,0.0,0.0,2.0,0.0,1.0
2021-03-26,152.2030029296875,152.83299255371094,149.8000030517578,152.60150146484375,66258000,0.0,0.0,0.004285761194385026,3.994592127133243,3.994592127133243,3.994592127133243,0.2884979248046875,-1.0,-4.27349853515625,0.0,0.0,1.8677195364062398,0.5,0.5
2021-03-29,152.77200317382812,154.5625,151.42250061035156,153.7864990234375,54920000,0.0,0.0,0.003579971569945304,3.9335497887414714,3.9335497887414714,3.9335497887414714,1.4734954833984375,1.0,1.18499755859375,0.0,0.0,0.07688963376541515,0.03844481688270757,0.9615551831172924
2021-03-30,153.50050354003906,153.64999389648438,151.6999969482422,152.76449584960938,46752000,0.0,0.0,0.0030272860827143884,3.8016178092024604,3.8016178092024604,3.8016178092024604,-1.022003173828125,1.0,0.162994384765625,0.0,0.0,0.0014547158379373127,0.5,0.5
2021-03-31,153.2030029296875,155.9665069580078,153.125,154.70399475097656,61878000,0.0,0.0,0.0040575944254387835,3.7587887591450304,3.7587887591450304,3.7587887591450304,1.9394989013671875,1.0,2.1024932861328125,0.0,0.0,0.24204834439813488,0.12102417219906744,0.8789758278009325
2021-04-01,155.89700317382812,158.1219940185547,155.77749633789062,158.0500030517578,58806000,0.0,0.0,0.003939553358411771,3.7344466526045372,3.7344466526045372,3.7344466526045372,5.2855072021484375,1.0,5.4485015869140625,0.0,0.0,1.6255002648291084,0.8127501324145542,0.18724986758544582
2021-04-05,158.64999389648438,161.79800415039062,158.06199645996094,161.3365020751953,66698000,0.0,0.0,0.0045611702933219716,3.7354148273208425,3.7354148273208425,3.7354148273208425,8.572006225585938,1.0,8.735000610351562,0.0,0.0,2.0,1.0,0.0
2021-04-06,161.1875,162.36549377441406,160.8520050048828,161.1909942626953,50756000,0.0,0.0,0.0034678396012908447,3.5767058231930147,3.5767058231930147,3.5767058231930147,-0.1455078125,1.0,8.589492797851562,0.0,0.0,2.0,0.5,0.5
2021-04-07,161.69000244140625,165.1804962158203,161.1824951171875,163.96949768066406,66924000,0.0,0.0,0.004651315466245947,3.606798342867286,3.606798342867286,3.606798342867286,2.77850341796875,1.0,11.367996215820312,0.0,0.0,2.0,1.0,0.0
2021-04-08,165.5449981689453,166.22500610351562,164.60000610351562,164.96499633789062,56242000,0.0,0.0,0.00393263279637692,3.5102776342947344,3.5102776342947344,3.5102776342947344,3.7740020751953125,1.0,12.363494873046875,0.0,0.0,2.0,1.0,0.0
2021-04-09,165.23500061035156,168.61000061035156,164.44500732421875,168.61000061035156,86830000,0.0,0.0,0.0062056027359075824,3.5570430379974542,3.5570430379974542,3.5570430379974542,7.41900634765625,1.0,16.008499145507812,0.0,0.0,2.0,1.0,0.0
2021-04-12,167.760498046875,169.7519989013672,167.5574951171875,168.96949768066406,65636000,0.0,0.0,0.004700902657386049,3.4597188055818995,3.4597188055818995,3.4597188055818995,7.77850341796875,1.0,16.367996215820312,0.0,0.0,2.0,1.0,0.0
2021-04-13,170.04249572753906,171.60000610351562,169.781494140625,170.0,66316000,0.0,0.0,0.004778571440507557,3.400489492529733,3.400489492529733,3.400489492529733,8.809005737304688,1.0,17.39849853515625,0.0,0.0,2.0,1.0,0.0
2021-04-14,170.20199584960938,170.2064971923828,166.3000030517578,166.64999389648438,62904000,0.0,0.0,0.004443389696863109,3.436632681679395,3.436632681679395,3.436632681679395,-3.350006103515625,-1.0,-3.350006103515625,1.2574920654296875,0.1409026983828176,0.037073847122241536,0.9110117272474705,0.08898827275252957
2021-04-15,168.5500030517578,169.85000610351562,167.60000610351562,168.95449829101562,64672000,0.0,0.0,0.004631449039368197,3.4197312192045275,3.4197312192045275,3.4197312192045275,2.30450439453125,-1.0,-1.045501708984375,0.0,0.0,0.0036109872273670097,0.5,0.5
2021-04-16,169.0,170.33999633789062,167.7794952392578,169.9720001220703,63720000,0.0,0.0,0.0045907536796462945,3.3583576391636907,3.3583576391636907,3.3583576391636907,3.3220062255859375,1.0,1.0175018310546875,0.1334991455078125,0.001614938870383689,0.9471546696588008,0.47438480426459223,0.5256151957354078
2021-04-19,169.51649475097656,171.79649353027344,168.00799560546875,168.60049438476562,54508000,0.0,0.0,0.003895380895137949,3.3890819452809047,3.3890819452809047,3.3890819452809047,-1.3715057373046875,1.0,-0.35400390625,0.0,0.0,0.12104468084068111,0.9394776595796595,0.060522340420340555
2021-04-20,168.67999267578125,169.14950561523438,165.8000030517578,166.7344970703125,52460000,0.0,0.0,0.0037075292759412492,3.3862548465805946,3.3862548465805946,3.3862548465805946,-3.2375030517578125,-1.0,-1.865997314453125,0.0,0.0,2.0,0.0,1.0
2021-04-21,165.8000030517578,168.14300537109375,165.1905059814453,168.1009979248047,44224000,0.0,0.0,0.003151077987746458,3.3552723139425833,3.3552723139425833,3.3552723139425833,1.3665008544921875,-1.0,-0.4994964599609375,0.0,0.0,0.24098745230809718,0.5,0.5
2021-04-22,168.58399963378906,168.64349365234375,165.07249450683594,165.45199584960938,51612000,0.0,0.0,0.0036195413127795163,3.3706813733400995,3.3706813733400995,3.3706813733400995,-2.6490020751953125,-1.0,-3.14849853515625,0.0,0.0,2.0,0.0,1.0
2021-04-23,165.9550018310547,168.75,165.4250030517578,167.04400634765625,63856000,0.0,0.0,0.004521301272979815,3.3674182001188204,3.3674182001188204,3.3674182001188204,1.592010498046875,1.0,1.592010498046875,0.60699462890625,0.14537102139349928,0.2556729976127788,0.20052200950313903,0.799477990496861
2021-04-26,167.39999389648438,171.42250061035156,166.5469970703125,170.4499969482422,97614000,0.0,0.0,0.00705244887047823,3.475138581541695,3.475138581541695,3.475138581541695,4.9980010986328125,1.0,4.9980010986328125,0.0,0.0,2.0,1.0,0.0
2021-04-27,172.17349243164062,173.0,169.90049743652344,170.8715057373047,76542000,0.0,0.0,0.005543707290558653,3.4483074373941855,3.4483074373941855,3.4483074373941855,5.4195098876953125,1.0,5.4195098876953125,0.0,0.0,2.0,1.0,0.0
2021-04-28,171.74000549316406,174.49400329589844,171.25,172.9250030517578,92638000,0.0,0.0,0.0067901254993608,3.46074958890844,3.46074958890844,3.46074958890844,7.4730072021484375,1.0,7.4730072021484375,0.0,0.0,2.0,1.0,0.0
2021-04-29,175.2550048828125,175.72250366210938,171.75,173.5655059814453,153648000,0.0,0.0,0.011303714219527227,3.4973034512799357,3.4973034512799357,3.4973034512799357,8.113510131835938,1.0,8.113510131835938,0.0,0.0,2.0,1.0,0.0
2021-04-30,176.25599670410156,177.6999969482422,173.125,173.37100219726562,140186000,0.0,0.0,0.010301772208601078,3.574281558205811,3.574281558205811,3.574281558205811,-0.1945037841796875,1.0,7.91900634765625,0.0,0.0,2.0,0.5,0.5
2021-05-03,174.2364959716797,174.33250427246094,168.63499450683594,169.32449340820312,117510000,0.0,0.0,0.008433841795467566,3.72594071587861,3.72594071587861,3.72594071587861,-4.2410125732421875,-1.0,-4.0465087890625,3.1150054931640625,0.5394839314036253,0.26110764867350283,0.5997042099614359,0.4002957900385641
2021-05-04,167.8094940185547,168.3990020751953,163.60650634765625,165.593505859375,108788000,0.0,0.0,0.007635810334075227,3.868229740497772,3.868229740497772,3.868229740497772,-7.9720001220703125,-1.0,-7.777496337890625,0.0,0.0,0.9645799901647375,0.5177100049176313,0.48228999508236875
2021-05-05,166.9429931640625,167.73500061035156,163.21800231933594,163.52699279785156,74226000,0.0,0.0,0.0051448929937961555,3.914570351249047,3.914570351249047,3.914570351249047,-10.03851318359375,-1.0,-9.844009399414062,0.0,0.0,1.545263894288111,0.22736805285594452,0.7726319471440555
2021-05-06,163.5,165.72000122070312,162.36000061035156,165.31849670410156,88954000,0.0,0.0,0.006233296250936746,3.874958226899227,3.874958226899227,3.874958226899227,1.79150390625,-1.0,-8.052505493164062,0.0,0.0,1.0340003299447564,0.5,0.5
2021-05-07,165.95449829101562,166.54449462890625,164.45350646972656,164.58050537109375,94206000,0.0,0.0,0.006571852303056947,3.7475317934906887,3.7475317934906887,3.7475317934906887,-0.7379913330078125,1.0,-0.7379913330078125,0.0,0.0,0.008684826379920317,0.9956575868100398,0.0043424131899601585
2021-05-10,164.11599731445312,164.14999389648438,159.5,159.52450561523438,116772000,0.0,0.0,0.007895815012549538,3.8427441918909073,3.8427441918909073,3.8427441918909073,-5.7939910888671875,-1.0,-5.055999755859375,0.0,0.0,0.40763616434345473,0.7961819178282726,0.20381808217172737
2021-05-11,156.81399536132812,161.89999389648438,156.36849975585938,161.19549560546875,92396000,0.0,0.0,0.006313016304348019,3.963369188229057,3.963369188229057,3.963369188229057,1.670989990234375,-1.0,-3.385009765625,0.0,0.0,0.1827167954068552,0.5,0.5
2021-05-12,159.25,160.39700317382812,156.65499877929688,157.5970001220703,98728000,0.0,0.0,0.006595065673700184,4.004592590939258,4.004592590939258,4.004592590939258,-3.5984954833984375,-1.0,-6.9835052490234375,0.0,0.0,0.7776882649615398,0.6111558675192301,0.3888441324807699
2021-05-13,159.27349853515625,160.19200134277344,156.64999389648438,158.07350158691406,67018000,0.0,0.0,0.004490362225752308,3.9715507948928157,3.9715507948928157,3.9715507948928157,0.47650146484375,-1.0,-6.5070037841796875,0.0,0.0,0.675181814566317,0.5,0.5
2021-05-14,159.2779998779297,161.4429931640625,159.14999389648438,161.14500427246094,66500000,0.0,0.0,0.0045422321878306835,3.9285465650539315,3.9285465650539315,3.9285465650539315,3.548004150390625,1.0,3.071502685546875,1.045989990234375,0.08691341581574953,0.22281256598999172,0.15486299090287062,0.8451370090971294
2021-05-17,162.29649353027344,164.6374969482422,161.72950744628906,163.51950073242188,74478000,0.0,0.0,0.005162123578802008,3.8973998586773115,3.8973998586773115,3.8973998586773115,5.9225006103515625,1.0,5.4459991455078125,0.0,0.0,0.7004756116533409,0.35023780582667047,0.6497621941733296
2021-05-18,164.62899780273438,165.60000610351562,161.51849365234375,161.61399841308594,56568000,0.0,0.0,0.003875079691219904,3.910550758141209,3.910550758141209,3.910550758141209,-1.9055023193359375,1.0,3.540496826171875,0.0,0.0,0.2960508417356401,0.5,0.5
2021-05-19,159.75,161.7375030517578,159.1999969482422,161.58999633789062,53594000,0.0,0.0,0.0036708064145825766,3.8124761399536675,3.8124761399536675,3.8124761399536675,-1.92950439453125,-1.0,-0.0240020751953125,2.529510498046875,1.7186262002444035,4.5958851282461016e-05,0.14066392045215703,0.859336079547843
2021-05-20,162.22000122070312,162.98399353027344,161.8090057373047,162.38400268554688,52664000,0.0,0.0,0.0036248323356394383,3.6397276436986066,3.6397276436986066,3.6397276436986066,0.79400634765625,1.0,0.79400634765625,0.0,0.0,2.0,1.0,0.0
2021-05-21,162.5,162.83450317382812,159.85049438476562,160.1540069580078,82098000,0.0,0.0,0.005573156327077603,3.5928905826531703,3.5928905826531703,3.5928905826531703,-2.2299957275390625,-1.0,-2.2299957275390625,0.0,0.0,2.0,0.0,1.0
2021-05-24,160.77499389648438,162.8975067138672,160.52499389648438,162.24949645996094,48456000,0.0,0.0,0.0033324355377234594,3.5322198093107566,3.5322198093107566,3.5322198093107566,2.095489501953125,1.0,2.095489501953125,0.0,0.0,0.8830045001077044,0.4415022500538522,0.5584977499461479
2021-05-25,163.33349609375,163.99099731445312,160.68800354003906,162.95249938964844,65222000,0.0,0.0,0.0045049085287499,3.51584652110385,3.51584652110385,3.51584652110385,2.798492431640625,1.0,2.798492431640625,0.0,0.0,1.574853686789387,0.7874268433946935,0.2125731566053065
2021-05-26,163.72950744628906,164.7864990234375,162.92550659179688,163.25799560546875,47680000,0.0,0.0,0.0032994499573162474,3.3976426575707626,3.3976426575707626,3.3976426575707626,3.1039886474609375,1.0,3.1039886474609375,0.0,0.0,1.937457508118884,0.968728754059442,0.03127124594055797
2021-05-27,162.8000030517578,163.01800537109375,161.5019989013672,161.5054931640625,51224000,0.0,0.0,0.0035066435811229465,3.2803822323229626,3.2803822323229626,3.2803822323229626,-1.75250244140625,-1.0,-1.75250244140625,0.0,0.0,0.31876968619696483,0.8406151569015176,0.15938484309848241
2021-05-28,162.10000610351562,162.39950561523438,160.98500061035156,161.15350341796875,46596000,0.0,0.0,0.0031828723895861682,3.147105287505809,3.147105287505809,3.147105287505809,-2.1044921875,-1.0,-2.1044921875,0.0,0.0,0.45967870728039184,0.7701606463598041,0.22983935364019592
2021-06-01,162.1750030517578,162.5489959716797,160.4530029296875,160.9324951171875,48600000,0.0,0.0,0.0033152085430370316,3.0720258413976933,3.0720258413976933,3.0720258413976933,-2.32550048828125,-1.0,-2.32550048828125,0.0,0.0,0.5612968715954767,0.7193515642022617,0.28064843579773835
2021-06-02,161.15499877929688,161.75,160.39999389648438,161.69949340820312,40290000,0.0,0.0,0.002761447338973402,2.9490244315489744,2.9490244315489744,2.9490244315489744,0.766998291015625,-1.0,-1.558502197265625,0.0,0.0,0.25210101221051173,0.5,0.5
2021-06-03,160.2115020751953,160.7220001220703,159.20150756835938,159.35049438476562,47966000,0.0,0.0,0.0032397966890576947,2.916807389284316,2.916807389284316,2.916807389284316,-2.3489990234375,-1.0,-3.907501220703125,0.0,0.0,1.584739913726816,0.20763004313659195,0.792369956863408
2021-06-04,160.60000610351562,161.0500030517578,159.9405059814453,160.31100463867188,44994000,0.0,0.0,0.003057375483062755,2.829857480549164,2.829857480549164,2.829857480549164,0.96051025390625,1.0,0.96051025390625,0.0,0.0,0.060423484468697455,0.030211742234348728,0.9697882577656513
2021-06-07,159.8665008544922,160.39999389648438,158.61000061035156,159.90049743652344,44316000,0.0,0.0,0.0030035938569287963,2.755581466662282,2.755581466662282,2.755581466662282,-0.4105072021484375,-1.0,-0.4105072021484375,0.5915069580078125,2.0,0.1826575175482612,0.0,1.0
2021-06-08,161.1304931640625,163.97650146484375,160.90049743652344,163.20550537109375,68334000,0.0,0.0,0.004727183780592257,2.84989736392357,2.84989736392357,2.84989736392357,3.3050079345703125,1.0,3.3050079345703125,2.9264984130859375,0.7840641067410588,2.0,1.0,0.0
2021-06-09,163.64349365234375,164.87899780273438,163.53500366210938,164.0574951171875,49110000,0.0,0.0,0.0034150482918084103,2.765868440189074,2.765868440189074,2.765868440189074,4.1569976806640625,1.0,4.1569976806640625,0.0,0.0,2.0,1.0,0.0
2021-06-10,164.10049438476562,167.5500030517578,164.0574951171875,167.4824981689453,69530000,0.0,0.0,0.004935969852777721,2.817771261216305,2.817771261216305,2.817771261216305,7.582000732421875,1.0,7.582000732421875,0.0,0.0,2.0,1.0,0.0
2021-06-11,167.4824981689453,168.32899475097656,166.67250061035156,167.3415069580078,56348000,0.0,0.0,0.0039968055564811155,2.7348228954597835,2.7348228954597835,2.7348228954597835,-0.1409912109375,1.0,7.441009521484375,0.0,0.0,2.0,0.5,0.5
2021-06-14,167.3415069580078,169.25,166.77499389648438,169.19349670410156,51394000,0.0,0.0,0.0036857589189727615,2.716264553178058,2.716264553178058,2.716264553178058,1.85198974609375,1.0,9.292999267578125,0.0,0.0,2.0,1.0,0.0
2021-06-15,169.1999969482422,169.84950256347656,168.15550231933594,169.156494140625,48524000,0.0,0.0,0.003479173674654738,2.6432456739610983,2.6432456739610983,2.6432456739610983,-0.0370025634765625,1.0,9.255996704101562,0.0,0.0,2.0,0.5,0.5
2021-06-16,169.60000610351562,171.3175048828125,168.02650451660156,170.7624969482422,84056000,0.0,0.0,0.006084039916774085,2.6895138662646585,2.6895138662646585,2.6895138662646585,1.6060028076171875,1.0,10.86199951171875,0.0,0.0,2.0,1.0,0.0
2021-06-17,170.15899658203125,174.86000061035156,170.0500030517578,174.46200561523438,102730000,0.0,0.0,0.007596770174228321,2.840976987145308,2.840976987145308,2.840976987145308,5.305511474609375,1.0,14.561508178710938,0.0,0.0,2.0,1.0,0.0
2021-06-18,173.99949645996094,175.35000610351562,173.6855010986328,174.34500122070312,104954000,0.0,0.0,0.007756027385724174,2.7569432741265585,2.7569432741265585,2.7569432741265585,-0.11700439453125,1.0,14.444503784179688,0.0,0.0,2.0,0.5,0.5
2021-06-21,173.8209991455078,174.10000610351562,171.6999969482422,172.697998046875,65542000,0.0,0.0,0.00479775240412394,2.748947631150443,2.748947631150443,2.748947631150443,-1.764007568359375,-1.0,-1.647003173828125,0.0,0.0,0.013001205357205276,0.9934993973213974,0.006500602678602638
2021-06-22,172.9029998779297,176.18899536132812,172.80450439453125,175.27200317382812,66902000,0.0,0.0,0.004970298709098506,2.8019511799577774,2.8019511799577774,2.8019511799577774,2.574005126953125,1.0,2.574005126953125,0.8389892578125,0.10624144901173628,2.0,1.0,0.0
2021-06-23,175.25,176.0500030517578,174.16000366210938,175.1909942626953,56266000,0.0,0.0,0.004178194549373458,2.7368117663642533,2.7368117663642533,2.7368117663642533,-0.0810089111328125,1.0,2.4929962158203125,0.0,0.0,2.0,0.5,0.5
2021-06-24,175.3820037841797,176.2429962158203,171.54249572753906,172.45399475097656,76640000,0.0,0.0,0.005602212702004177,2.8770752465011817,2.8770752465011817,2.8770752465011817,-2.8180084228515625,1.0,-0.2440032958984375,1.2620086669921875,0.20055805133121288,0.00957961701615064,0.8949311658263183,0.10506883417368176
2021-06-25,173.1999969482422,173.24099731445312,169.70899963378906,170.072998046875,78820000,0.0,0.0,0.005682018415870446,2.923855420369959,2.923855420369959,2.923855420369959,-5.199005126953125,-1.0,-2.3809967041015625,0.0,0.0,0.91216698623343,0.543916506883285,0.456083493116715
2021-06-28,170.8000030517578,172.39999389648438,170.67550659179688,172.1945037841797,44856000,0.0,0.0,0.003273939632306282,2.88122259388706,2.88122259388706,2.88122259388706,2.1215057373046875,-1.0,-0.259490966796875,0.0,0.0,0.010834309797060555,0.5,0.5
2021-06-29,171.9409942626953,172.80149841308594,171.15150451660156,172.40699768066406,41968000,0.0,0.0,0.0030669309711409873,2.793277686929726,2.793277686929726,2.793277686929726,2.3339996337890625,1.0,0.212493896484375,0.0,0.0,0.670576658204037,0.3352883291020185,0.6647116708979814
2021-06-30,172.05299377441406,173.5800018310547,171.75,172.00799560546875,48080000,0.0,0.0,0.0035054512597359855,2.7244722686529372,2.7244722686529372,2.7244722686529372,-0.3990020751953125,1.0,-0.1865081787109375,0.0,0.0,0.770376172703675,0.6148119136481625,0.3851880863518375
2021-07-01,171.73049926757812,172.85000610351562,170.4709930419922,171.64849853515625,40742000,0.0,0.0,0.002964238831461165,2.69979661100083,2.69979661100083,2.69979661100083,-0.7584991455078125,-1.0,-0.3594970703125,0.0485076904296875,0.004089884116930306,2.0,0.0,1.0
2021-07-02,172.58200073242188,175.58599853515625,171.8459930419922,175.5489959716797,63388000,0.0,0.0,0.004716678102319741,2.7882039959293423,2.7882039959293423,2.7882039959293423,3.9004974365234375,1.0,3.9004974365234375,2.0059967041015625,0.26449680884343335,2.0,1.0,0.0
2021-07-06,176.5054931640625,184.2740020751953,176.4499969482422,183.78700256347656,134896000,0.0,0.0,0.010508596233071958,3.2122612893283624,3.2122612893283624,3.2122612893283624,12.138504028320312,1.0,12.138504028320312,0.0,0.0,2.0,1.0,0.0
2021-07-07,185.86900329589844,186.7100067138672,183.94549560546875,184.82899475097656,106562000,0.0,0.0,0.008348401036387515,3.191600065118524,3.191600065118524,3.191600065118524,13.180496215820312,1.0,13.180496215820312,0.0,0.0,2.0,1.0,0.0
2021-07-08,182.1779937744141,187.99949645996097,181.05599975585935,186.57049560546875,103612000,0.0,0.0,0.008193771733771688,3.4595926821887453,3.4595926821887453,3.4595926821887453,14.9219970703125,1.0,14.9219970703125,0.0,0.0,2.0,1.0,0.0
2021-07-09,186.12600708007812,187.3999938964844,184.6699981689453,185.9669952392578,74964000,0.0,0.0,0.00590907449253178,3.4074786139994844,3.4074786139994844,3.4074786139994844,-0.6035003662109375,1.0,14.318496704101562,0.0,0.0,2.0,0.5,0.5
2021-07-12,187.1999969482422,187.864501953125,184.83949279785156,185.9275054931641,51432000,0.0,0.0,0.0040532920255555984,3.380159366947624,3.380159366947624,3.380159366947624,-0.6429901123046591,1.0,14.279006958007841,0.0,0.0,2.0,0.5,0.5
2021-07-13,185.10499572753903,188.6540069580078,183.5659942626953,183.8679962158203,76918000,0.0,0.0,0.00599466564855669,3.502148890402258,3.502148890402258,3.502148890402258,-2.7024993896484375,1.0,12.219497680664062,1.10400390625,0.1668821979239432,2.0,0.9229851082426952,0.0770148917573048
2021-07-14,185.4425048828125,185.88299560546875,183.04150390625,184.08399963378903,65932000,0.0,0.0,0.005144499515434793,3.454959091032008,3.454959091032008,3.454959091032008,0.21600341796872158,-1.0,0.21600341796872158,1.7979888916015625,2.0,0.3610193963466238,1.0,0.0
2021-07-15,184.7100067138672,184.77000427246097,181.04600524902344,181.55999755859375,63706000,0.0,0.0,0.00490265512886681,3.4741762290609737,3.4741762290609737,3.4741762290609737,-2.524002075195284,-1.0,-2.3079986572265625,2.519989013671875,0.9968226086184198,2.0,0.0,1.0
2021-07-16,181.66549682617188,182.3029937744141,178.5229949951172,178.68150329589844,80874000,0.0,0.0,0.0061251871150722675,3.4960206969349685,3.4960206969349685,3.4960206969349685,-5.402496337890597,-1.0,-5.186492919921875,0.0,0.0,2.0,0.0,1.0
2021-07-19,176.62899780273438,177.510498046875,174.95799255371094,177.47950744628906,75692000,0.0,0.0,0.005694151715911888,3.512269985881578,3.512269985881578,3.512269985881578,-6.604492187499972,-1.0,-6.38848876953125,0.0,0.0,2.0,0.0,1.0
2021-07-20,178.36599731445312,179.60000610351562,175.89999389648438,178.6595001220703,65114000,0.0,0.0,0.0049309582866071,3.525680144535126,3.525680144535126,3.525680144535126,1.17999267578125,1.0,1.17999267578125,0.0,0.0,0.034116333562476765,0.017058166781238383,0.9829418332187616
2021-07-21,178.81900024414062,179.32249450683594,177.1820068359375,179.25999450683594,46380000,0.0,0.0,0.0035240735347656853,3.4267378249896483,3.4267378249896483,3.4267378249896483,1.780487060546875,1.0,1.780487060546875,0.0,0.0,0.07767501974783066,0.03883750987391533,0.9611624901260847
2021-07-22,179.3614959716797,182.00100708007812,179.11349487304688,181.90150451660156,65308000,0.0,0.0,0.005035394650165299,3.3882217094211913,3.3882217094211913,3.3882217094211913,4.4219970703125,1.0,4.4219970703125,0.0,0.0,0.4791159507769454,0.2395579753884727,0.7604420246115273
2021-07-23,182.0,183.3054962158203,181.1020050048828,182.83200073242188,48726000,0.0,0.0,0.003776102822803939,3.303598102386642,3.303598102386642,3.303598102386642,5.3524932861328125,1.0,5.3524932861328125,0.0,0.0,0.701965860448128,0.350982930224064,0.649017069775936
2021-07-26,183.6584930419922,185.60400390625,182.3625030517578,184.99099731445312,58002000,0.0,0.0,0.004548041319407318,3.299162584679895,3.299162584679895,3.299162584679895,7.5114898681640625,1.0,7.5114898681640625,0.0,0.0,1.382470587185283,0.6912352935926415,0.30876470640735854
2021-07-27,184.9250030517578,184.9250030517578,179.3074951171875,181.3195037841797,82638000,0.0,0.0,0.006351190782555508,3.4694725570074474,3.4694725570074474,3.4694725570074474,-3.6714935302734375,-1.0,-3.6714935302734375,1.7945098876953125,0.23889451403782053,0.23890946894562756,0.7610980085082759,0.23890199149172403
2021-07-28,181.68899536132812,182.92100524902344,180.0500030517578,181.51600646972656,59988000,0.0,0.0,0.00461540854520239,3.426724674168746,3.426724674168746,3.426724674168746,0.196502685546875,-1.0,-3.4749908447265625,0.0,0.0,0.2140203933338788,0.5,0.5
2021-07-29,181.3874969482422,181.8975067138672,179.00050354003906,179.99600219726562,110400000,0.0,0.0,0.008422921857895616,3.388887424144416,3.388887424144416,3.388887424144416,-1.5200042724609375,-1.0,-4.9949951171875,0.0,0.0,0.4421992121446315,0.7789003939276843,0.22109960607231574
2021-07-30,167.3975067138672,168.40699768066406,165.3489990234375,166.37950134277344,199312000,0.0,0.0,0.014056076248400022,4.193038549121824,4.193038549121824,4.193038549121824,-15.136505126953125,-1.0,-18.611495971679688,0.0,0.0,2.0,0.0,1.0
2021-08-02,167.65499877929688,167.9459991455078,165.85000610351562,166.57400512695312,67078000,0.0,0.0,0.004736070648763192,4.04324958432685,4.04324958432685,4.04324958432685,0.1945037841796875,-1.0,-18.4169921875,0.0,0.0,2.0,0.5,0.5
2021-08-03,167.03599548339844,169.5500030517578,164.98849487304688,168.31199645996094,83146000,0.0,0.0,0.005931810539885206,4.080268055354285,4.080268055354285,4.080268055354285,1.9324951171875,-1.0,-16.679000854492188,1.14300537109375,0.34983216021928865,2.0,0.14887538188542027,0.8511246181145797
2021-08-04,168.96749877929688,169.44400024414062,167.2779998779297,167.73599243164062,43678000,0.0,0.0,0.0031054164232283627,3.943534648986903,3.943534648986903,3.943534648986903,-0.5760040283203125,-1.0,-17.2550048828125,1.4980010986328125,2.0,2.0,0.0,1.0
2021-08-05,167.81100463867188,169.4499969482422,167.04600524902344,168.79949951171875,48670000,0.0,0.0,0.003482277203541245,3.8335672954320352,3.8335672954320352,3.8335672954320352,1.063507080078125,-1.0,-16.191497802734375,0.0,0.0,2.0,0.5,0.5
2021-08-06,168.75,168.75,166.45199584960938,167.2469940185547,52752000,0.0,0.0,0.0037396253020218614,3.727419893051845,3.727419893051845,3.727419893051845,-1.5525054931640625,-1.0,-17.744003295898438,0.0,0.0,2.0,0.0,1.0
2021-08-09,167.1804962158203,167.74400329589844,166.42599487304688,167.093505859375,42964000,0.0,0.0,0.003042952114081027,3.555319073751825,3.555319073751825,3.555319073751825,-1.70599365234375,-1.0,-17.897491455078125,0.0,0.0,2.0,0.0,1.0
2021-08-10,167.25050354003906,167.89999389648438,165.75,166.03399658203125,48252000,0.0,0.0,0.003395808412995377,3.454938703947007,3.454938703947007,3.454938703947007,-2.7655029296875,-1.0,-18.957000732421875,0.0,0.0,2.0,0.0,1.0
2021-08-11,166.57249450683594,166.88499450683594,163.88949584960938,164.60549926757812,58944000,0.0,0.0,0.004112584018014251,3.42212155775269,3.42212155775269,3.42212155775269,-4.194000244140625,-1.0,-20.385498046875,0.0,0.0,2.0,0.0,1.0
2021-08-12,164.5,165.72549438476562,163.48350524902344,165.1750030517578,46282000,0.0,0.0,0.003240315367075662,3.33782638475194,3.33782638475194,3.33782638475194,0.5695037841796875,-1.0,-19.815994262695312,0.0,0.0,2.0,0.5,0.5
2021-08-13,165.2834930419922,165.30349731445312,164.14999389648438,164.69850158691406,41134000,0.0,0.0,0.0028715833772333587,3.1818033156959977,3.1818033156959977,3.1818033156959977,-0.47650146484375,-1.0,-20.292495727539062,0.0,0.0,2.0,0.0,1.0
2021-08-16,164.14999389648438,165.0,160.55650329589844,164.94949340820312,66394000,0.0,0.0,0.004642059033509632,3.271924272010681,3.271924272010681,3.271924272010681,0.2509918212890625,-1.0,-20.04150390625,0.0,0.0,2.0,0.5,0.5
2021-08-17,163.875,164.02450561523438,161.28399658203125,162.09800720214844,67758000,0.0,0.0,0.004655529610218711,3.3000365973079093,3.3000365973079093,3.3000365973079093,-2.8514862060546875,-1.0,-22.892990112304688,0.0,0.0,2.0,0.0,1.0
2021-08-18,162.09950256347656,162.7050018310547,160.0,160.06100463867188,56086000,0.0,0.0,0.003805141795397663,3.257534114004108,3.257534114004108,3.257534114004108,-4.88848876953125,-1.0,-24.92999267578125,0.0,0.0,2.0,0.0,1.0
2021-08-19,159.7010040283203,161.64999389648438,159.1230010986328,159.3874969482422,75658000,0.0,0.0,0.005111400910677252,3.2053525914217835,3.2053525914217835,3.2053525914217835,-5.5619964599609375,-1.0,-25.603500366210938,0.0,0.0,2.0,0.0,1.0
2021-08-20,160.19349670410156,160.3905029296875,158.78799438476562,159.99749755859375,67168000,0.0,0.0,0.00455518947084321,3.0908637309575044,3.0908637309575044,3.0908637309575044,0.6100006103515625,-1.0,-24.993499755859375,0.0,0.0,2.0,0.5,0.5
2021-08-23,160.59500122070312,164.0449981689453,160.50050354003906,163.2935028076172,65362000,0.0,0.0,0.004524025838947124,3.159194936628509,3.159194936628509,3.159194936628509,3.906005859375,1.0,3.2960052490234375,2.3950042724609375,0.3759644696912965,0.01739088338585839,0.19667767653857743,0.8033223234614226
2021-08-24,164.0,165.77450561523438,163.72900390625,165.28900146484375,51036000,0.0,0.0,0.0035756205426595213,3.1107526416991287,3.1107526416991287,3.1107526416991287,5.9015045166015625,1.0,5.29150390625,0.0,0.0,0.044823327719359526,0.022411663859679763,0.9775883361403203
2021-08-25,165.49349975585938,166.0500030517578,164.3074951171875,164.95899963378906,33606000,0.0,0.0,0.0023497609180949727,3.0130208769042133,3.0130208769042133,3.0130208769042133,-0.3300018310546875,1.0,4.9615020751953125,0.0,0.0,0.03940689423803134,0.5,0.5
2021-08-26,164.9499969482422,166.60000610351562,164.8000030517578,165.8000030517578,41976000,0.0,0.0,0.002949962018196315,2.9263767465366133,2.9263767465366133,2.9263767465366133,0.84100341796875,1.0,5.8025054931640625,0.0,0.0,0.05389853664506503,0.026949268322532517,0.9730507316774675
2021-08-27,166.6614990234375,167.61599731445312,165.6875,167.48150634765625,48048000,0.0,0.0,0.0034109316125182096,2.8550996442449357,2.8550996442449357,2.8550996442449357,2.5225067138671875,1.0,7.4840087890625,0.0,0.0,0.08966324066231278,0.04483162033115639,0.9551683796688436
2021-08-30,167.8715057373047,172.25,167.76100158691406,171.07850646972656,63844000,0.0,0.0,0.0046296310065801986,2.9917706448234225,2.9917706448234225,2.9917706448234225,6.1195068359375,1.0,11.081008911132812,0.0,0.0,0.19656421752528638,0.09828210876264319,0.9017178912373568
2021-08-31,171.24000549316406,173.62899780273438,169.7794952392578,173.5395050048828,87128000,0.0,0.0,0.006408950810227186,3.053037210441504,3.053037210441504,3.053037210441504,8.58050537109375,1.0,13.542007446289062,0.0,0.0,0.29357018746499647,0.14678509373249823,0.8532149062675017
2021-09-01,174.82000732421875,176.35000610351562,173.76199340820312,173.9499969482422,72598000,0.0,0.0,0.00535278649168462,3.035713202455169,3.035713202455169,3.035713202455169,8.990997314453125,1.0,13.952499389648438,0.0,0.0,0.31163761932946193,0.15581880966473097,0.8441811903352691
2021-09-02,174.73800659179688,175.59800720214844,172.75,173.156005859375,58474000,0.0,0.0,0.004291718239200283,3.0223056310046883,3.0223056310046883,3.0223056310046883,-0.7939910888671875,-1.0,-0.7939910888671875,0.0,0.0,0.0032383757012939204,0.998380812149353,0.0016191878506469602
2021-09-03,172.60000610351562,174.1334991455078,171.82200622558594,173.90249633789062,51514000,0.0,0.0,0.0037971865056382983,2.9715332944987733,2.9715332944987733,2.9715332944987733,0.746490478515625,-1.0,-0.0475006103515625,0.0,0.0,1.159029141922316e-05,0.5,0.5
2021-09-07,173.89999389648438,176.4044952392578,173.8470001220703,175.46449279785156,54758000,0.0,0.0,0.0040725615971718985,2.94195913897654,2.94195913897654,2.94195913897654,2.3084869384765625,1.0,1.5619964599609375,0.806488037109375,0.12205090842509328,2.0,1.0,0.0
2021-09-08,175.58250427246094,177.281494140625,174.7834930419922,176.27499389648438,61068000,0.0,0.0,0.0045628400423618,2.9102478503805593,2.9102478503805593,2.9102478503805593,3.118988037109375,1.0,2.37249755859375,0.0,0.0,2.0,1.0,0.0
2021-09-09,176.30099487304688,177.49949645996094,174.01849365234375,174.20799255371094,54384000,0.0,0.0,0.004015781386953942,2.9510160616117473,2.9510160616117473,2.9510160616117473,-2.0670013427734375,1.0,0.3054962158203125,0.0,0.0,2.0,0.5,0.5
2021-09-10,175.0915069580078,175.42250061035156,173.14549255371094,173.45750427246094,47946000,0.0,0.0,0.0035251395440619097,2.9028726326852388,2.9028726326852388,2.9028726326852388,-2.8174896240234375,-1.0,-0.75048828125,1.63800048828125,0.3379896513017989,2.0,0.0,1.0
2021-09-13,174.13999938964844,174.8979949951172,171.89999389648438,172.85850524902344,51380000,0.0,0.0,0.003764572731118597,2.9096675231100657,2.9096675231100657,2.9096675231100657,-3.4164886474609375,-1.0,-1.3494873046875,0.0,0.0,2.0,0.0,1.0
2021-09-14,173.77749633789062,174.3404998779297,171.885498046875,172.5,38738000,0.0,0.0,0.00283241661401568,2.8771914022489673,2.8771914022489673,2.8771914022489673,-3.774993896484375,-1.0,-1.7079925537109375,0.0,0.0,2.0,0.0,1.0
2021-09-15,172.12600708007812,174.27099609375,170.10049438476562,173.7895050048828,59150000,0.0,0.0,0.004357216445511495,2.969570709872925,2.969570709872925,2.969570709872925,1.2895050048828125,-1.0,-0.418487548828125,0.0,0.0,1.8765209271885817,0.5,0.5
2021-09-16,172.9980010986328,174.62750244140625,172.3070068359375,174.41200256347656,51672000,0.0,0.0,0.0038199922257196707,2.9232082024154837,2.9232082024154837,2.9232082024154837,1.9120025634765625,1.0,0.62249755859375,0.2870025634765625,0.02253173377823201,2.0,1.0,0.0
2021-09-17,174.42050170898438,174.87049865722656,172.60650634765625,173.12600708007812,92332000,0.0,0.0,0.006775563105838287,2.876121352926543,2.876121352926543,2.876121352926543,-1.2859954833984375,1.0,-0.6634979248046875,0.0,0.0,1.136066706913248,0.431966646543376,0.568033353456624
2021-09-20,169.8000030517578,170.9499969482422,165.25050354003906,167.7864990234375,93382000,0.0,0.0,0.006641268250435006,3.2332200805774374,3.2332200805774374,3.2332200805774374,-6.6255035400390625,-1.0,-5.339508056640625,0.0,0.0,2.0,0.0,1.0
2021-09-21,168.75,168.98500061035156,166.6195068359375,167.18150329589844,55618000,0.0,0.0,0.003941254074834625,3.1712396301371966,3.1712396301371966,3.1712396301371966,-7.230499267578125,-1.0,-5.9445037841796875,0.0,0.0,2.0,0.0,1.0
2021-09-22,167.5500030517578,169.4499969482422,167.05250549316406,169.00250244140625,48228000,0.0,0.0,0.003454802510187437,3.115971903347263,3.115971903347263,3.115971903347263,1.8209991455078125,1.0,1.8209991455078125,0.0,0.0,0.09384005816564554,0.04692002908282277,0.9530799709171772
2021-09-23,169.00250244140625,171.447998046875,169.00250244140625,170.8000030517578,47588000,0.0,0.0,0.0034452137032847238,3.0680807392130833,3.0680807392130833,3.0680807392130833,3.618499755859375,1.0,3.618499755859375,0.0,0.0,0.37053213565562354,0.18526606782781177,0.8147339321721883
2021-09-24,170.10049438476562,171.46299743652344,169.6699981689453,171.2760009765625,42324000,0.0,0.0,0.0030726568315014103,2.9770034912391576,2.9770034912391576,2.9770034912391576,4.0944976806640625,1.0,4.0944976806640625,0.0,0.0,0.47442770579215665,0.23721385289607833,0.7627861471039217
2021-09-27,168.5749969482422,170.77850341796875,166.98049926757812,170.2899932861328,72690000,0.0,0.0,0.005246801525451763,3.071181935363816,3.071181935363816,3.071181935363816,-0.9860076904296875,-1.0,-0.9860076904296875,2.022003173828125,2.0,0.057990832798633145,0.0,1.0
2021-09-28,167.885498046875,168.45950317382812,164.5050048828125,165.79800415039062,88616000,0.0,0.0,0.006227622512226899,3.265025254503566,3.265025254503566,3.265025254503566,-5.477996826171875,-1.0,-5.477996826171875,0.0,0.0,1.7899557455208706,0.10502212723956472,0.8949778727604353
2021-09-29,166.10549926757812,167.56500244140625,164.89349365234375,165.05599975585938,51246000,0.0,0.0,0.003585272142335426,3.2226312212577755,3.2226312212577755,3.2226312212577755,-6.220001220703125,-1.0,-6.220001220703125,0.0,0.0,2.0,0.0,1.0
2021-09-30,165.8000030517578,166.3925018310547,163.69949340820312,164.2519989013672,56848000,0.0,0.0,0.003957825958097292,3.1848010213716176,3.1848010213716176,3.1848010213716176,-7.0240020751953125,-1.0,-7.0240020751953125,0.0,0.0,2.0,0.0,1.0
2021-10-01,164.45050048828125,165.45849609375,162.7969970703125,164.16299438476562,56712000,0.0,0.0,0.003946217947566639,3.1474223072334664,3.1474223072334664,3.1474223072334664,-7.113006591796875,-1.0,-7.113006591796875,0.0,0.0,2.0,0.0,1.0
2021-10-04,163.96949768066406,163.99949645996094,158.8125,159.48899841308594,90462000,0.0,0.0,0.006115440637424874,3.3047845984857633,3.3047845984857633,3.3047845984857633,-11.787002563476562,-1.0,-11.787002563476562,0.0,0.0,2.0,0.0,1.0
2021-10-05,160.22500610351562,163.0364990234375,160.1230010986328,161.0500030517578,65384000,0.0,0.0,0.0044633717694692165,3.322121456476178,3.322121456476178,3.322121456476178,1.561004638671875,-1.0,-10.225997924804688,0.0,0.0,2.0,0.5,0.5
2021-10-06,160.67649841308594,163.2169952392578,159.93099975585938,163.10049438476562,50660000,0.0,0.0,0.0035022835302357174,3.319541029827768,3.319541029827768,3.319541029827768,3.6114959716796875,-1.0,-8.175506591796875,0.0,0.0,2.0,0.5,0.5
2021-10-07,164.57699584960938,166.28750610351562,164.1529998779297,165.1215057373047,48182000,0.0,0.0,0.00337224642153017,3.3100746504650704,3.3100746504650704,3.3100746504650704,5.63250732421875,1.0,2.0210113525390625,3.251007080078125,0.33314423352238937,0.061109419757498874,0.19712682663994413,0.8028731733600558
2021-10-08,165.85000610351562,166.07150268554688,164.41000366210938,164.43099975585938,39964000,0.0,0.0,0.0027853738024929625,3.1923192485345298,3.1923192485345298,3.1923192485345298,-0.6905059814453125,1.0,1.33050537109375,0.0,0.0,0.026485240328106084,0.5,0.5
2021-10-11,163.75,164.62950134277344,161.90499877929688,162.31500244140625,40684000,0.0,0.0,0.0027990660531269987,3.1589037710303893,3.1589037710303893,3.1589037710303893,-2.8065032958984375,-1.0,-2.115997314453125,2.2480010986328125,0.641596409850158,2.0,0.0,1.0
2021-10-12,162.85000610351562,163.37649536132812,161.81399536132812,162.3665008544922,36392000,0.0,0.0,0.0025045701143707262,3.0448749302425044,3.0448749302425044,3.0448749302425044,0.0514984130859375,-1.0,-2.0644989013671875,0.0,0.0,2.0,0.5,0.5
2021-10-13,163.48550415039062,164.41900634765625,163.05450439453125,164.21400451660156,48402000,0.0,0.0,0.0033690258103839486,2.9739913990226157,2.9739913990226157,2.9739913990226157,1.8990020751953125,1.0,1.847503662109375,0.0,0.0,0.8008317881252105,0.40041589406260525,0.5995841059373948
2021-10-14,165.12249755859375,165.6300048828125,164.53900146484375,164.9929962158203,42190000,0.0,0.0,0.0029505696681266813,2.862706325250353,2.862706325250353,2.862706325250353,2.6779937744140625,1.0,2.626495361328125,0.0,0.0,1.6185419647689443,0.8092709823844721,0.19072901761552785
2021-10-15,165.5709991455078,170.52099609375,165.1999969482422,170.4510040283203,103598000,0.0,0.0,0.007484827123650165,3.05308443615602,3.05308443615602,3.05308443615602,8.136001586914062,1.0,8.084503173828125,0.0,0.0,2.0,1.0,0.0
2021-10-18,169.41799926757812,172.45849609375,169.2550048828125,172.33700561523438,63482000,0.0,0.0,0.004637244367624017,3.06382777721184,3.06382777721184,3.06382777721184,10.022003173828125,1.0,9.970504760742188,0.0,0.0,2.0,1.0,0.0
2021-10-19,171.71449279785156,172.7344970703125,171.10000610351562,172.20750427246094,47722000,0.0,0.0,0.0034833855670346383,2.9617322907536283,2.9617322907536283,2.9617322907536283,-0.1295013427734375,1.0,9.84100341796875,0.0,0.0,2.0,0.5,0.5
2021-10-20,172.63299560546875,173.14300537109375,170.01849365234375,170.7530059814453,42796000,0.0,0.0,0.0030974362423882686,2.9733593927533692,2.9733593927533692,2.9733593927533692,-1.5839996337890625,1.0,8.386505126953125,0.0,0.0,2.0,0.5,0.5
2021-10-21,170.71249389648438,172.01400756835938,170.14999389648438,171.75050354003906,37628000,0.0,0.0,0.002739302496348839,2.894120412690629,2.894120412690629,2.894120412690629,0.99749755859375,1.0,9.384002685546875,0.95001220703125,0.9070572284554771,2.0,1.0,0.0
2021-10-22,171.0500030517578,171.49200439453125,166.56500244140625,166.77749633789062,62782000,0.0,0.0,0.004438164910472692,3.057790461686499,3.057790461686499,3.057790461686499,-4.9730072021484375,-1.0,-4.9730072021484375,3.4534912109375,0.48225699285656065,0.280841917505456,0.6184505448189916,0.38154945518100836
2021-10-25,166.75,167.38999938964844,164.88499450683594,166.01849365234375,44520000,0.0,0.0,0.003132870646495438,3.0183057774812134,3.0183057774812134,3.0183057774812134,-5.7320098876953125,-1.0,-5.7320098876953125,0.0,0.0,0.3731106236561832,0.8134446881719084,0.1865553118280916
2021-10-26,167.47549438476562,170.80599975585938,167.19900512695312,168.80349731445312,53966000,0.0,0.0,0.0038612907812244327,3.1446772293408145,3.1446772293408145,3.1446772293408145,2.785003662109375,1.0,2.785003662109375,0.0,0.0,0.2360683037198498,0.1180341518599249,0.8819658481400751
2021-10-27,169.39999389648438,171.85000610351562,168.57249450683594,169.62449645996094,54044000,0.0,0.0,0.0038856787803273228,3.1541653984364486,3.1541653984364486,3.1541653984364486,3.6060028076171875,1.0,3.6060028076171875,0.0,0.0,0.39576579748681173,0.19788289874340587,0.8021171012565942
2021-10-28,170.10499572753906,173.9499969482422,169.3000030517578,172.32850646972656,114174000,0.0,0.0,0.008339791238525827,3.261010291154158,3.261010291154158,3.261010291154158,6.3100128173828125,1.0,6.3100128173828125,0.0,0.0,1.2118437324796016,0.6059218662398008,0.3940781337601992
2021-10-29,165.00100708007812,168.74099731445312,163.66600036621094,168.6215057373047,129722000,0.0,0.0,0.009271658731004459,3.6468314206085486,3.6468314206085486,3.6468314206085486,-3.707000732421875,-1.0,-3.707000732421875,4.906494140625,1.7518512420800383,0.3451317081083305,0.0,1.0
2021-11-01,168.08999633789062,168.79299926757812,164.6009979248047,165.90550231933594,72178000,0.0,0.0,0.005075706164903503,3.685772129334612,3.685772129334612,3.685772129334612,-6.423004150390625,1.0,-2.71600341796875,0.0,0.0,0.18526788405474565,0.9073660579726271,0.09263394202737282
2021-11-02,165.75050354003906,166.55599975585938,164.17750549316406,165.6374969482422,52552000,0.0,0.0,0.0036895954221437956,3.5923951388603763,3.5923951388603763,3.5923951388603763,-6.691009521484375,-1.0,-0.26800537109375,0.0,0.0,0.0018039583770094404,0.9990980208114952,0.0009019791885047202
2021-11-03,165.4499969482422,169.74600219726562,164.87600708007812,169.1999969482422,67944000,0.0,0.0,0.0048728416755924745,3.6836522801694564,3.6836522801694564,3.6836522801694564,3.5625,1.0,3.5625,0.9530029296875,0.07156138304161196,2.0,1.0,0.0
2021-11-04,168.5,174.93150329589844,168.25,173.85000610351562,107060000,0.0,0.0,0.007889196769918588,3.8977844955786694,3.8977844955786694,3.8977844955786694,8.212509155273438,1.0,8.212509155273438,0.0,0.0,2.0,1.0,0.0
2021-11-05,173.85000610351562,178.3125,173.8489990234375,175.94949340820312,99940000,0.0,0.0,0.007453464799886008,3.938192815648943,3.938192815648943,3.938192815648943,10.311996459960938,1.0,10.311996459960938,0.0,0.0,2.0,1.0,0.0
2021-11-08,176.16200256347656,178.9499969482422,174.39300537109375,174.44900512695312,61480000,0.0,0.0,0.004546039393686317,3.9823927271846213,3.9823927271846213,3.9823927271846213,-1.50048828125,1.0,8.811508178710938,0.0,0.0,2.0,0.5,0.5
2021-11-09,175.7624969482422,179.68850708007812,175.07150268554688,178.81149291992188,85898000,0.0,0.0,0.006510424699888397,4.07218624332322,4.07218624332322,4.07218624332322,4.36248779296875,1.0,13.173995971679688,0.0,0.0,2.0,1.0,0.0
2021-11-10,178.19349670410156,180.2725067138672,173.1544952392578,174.1024932861328,80548000,0.0,0.0,0.005944161369080801,4.289745188415088,4.289745188415088,4.289745188415088,-4.7089996337890625,1.0,8.464996337890625,1.2385101318359375,0.06917382871208118,2.0,0.9665693487167595,0.03343065128324049
2021-11-11,175.64999389648438,177.16200256347656,173.37350463867188,173.625,45288000,0.0,0.0,0.003332930361267332,4.253941812442917,4.253941812442917,4.253941812442917,-5.186492919921875,1.0,7.9875030517578125,1.697998046875,0.10718321851465558,2.0,0.9491343621319229,0.05086563786807707
2021-11-12,174.25,177.0364990234375,172.3524932861328,176.25750732421875,53788000,0.0,0.0,0.00401849894881223,4.284660664218758,4.284660664218758,4.284660664218758,2.63250732421875,-1.0,2.63250732421875,0.802001953125,0.09281361226061219,2.0,1.0,0.0
2021-11-15,176.85000610351562,179.69400024414062,176.29049682617188,177.28399658203125,58594000,0.0,0.0,0.004403049006894102,4.224077253911838,4.224077253911838,4.224077253911838,3.65899658203125,1.0,1.0264892578125,0.0,0.0,2.0,1.0,0.0
2021-11-16,176.9499969482422,178.8249969482422,176.25750732421875,177.03500366210938,44342000,0.0,0.0,0.0033274019044060524,4.105749566062666,4.105749566062666,4.105749566062666,-0.248992919921875,-1.0,-0.248992919921875,0.0,0.0,0.05883898585432217,0.9705805070728389,0.029419492927161086
2021-11-17,178.23599243164062,179.3625030517578,177.2675018310547,177.4499969482422,51206000,0.0,0.0,0.0038514803549066683,3.978731696318793,3.978731696318793,3.978731696318793,0.4149932861328125,1.0,0.4149932861328125,0.0,0.0,2.0,1.0,0.0
2021-11-18,178.3175048828125,185.2100067138672,178.0500030517578,184.8029937744141,114070000,0.0,0.0,0.008935344121818975,4.248822986983522,4.248822986983522,4.248822986983522,7.767990112304716,1.0,7.767990112304716,0.0,0.0,2.0,1.0,0.0
2021-11-19,185.6345062255859,188.1074981689453,183.78599548339844,183.82850646972656,98734000,0.0,0.0,0.007693260346240166,4.254014394023762,4.254014394023762,4.254014394023762,-0.9744873046875284,1.0,6.7935028076171875,0.0,0.0,2.0,0.5,0.5
2021-11-22,183.81900024414065,185.67300415039065,178.375,178.6284942626953,96844000,0.0,0.0,0.007332537544282284,4.471442233764254,4.471442233764254,4.471442233764254,-6.174499511718778,-1.0,-5.20001220703125,0.0,0.0,0.585896910374938,0.707051544812531,0.292948455187469
2021-11-23,179.2519989013672,181.0525054931641,176.385498046875,179.0019989013672,73804000,0.0,0.0,0.005599749760367851,4.485411177516028,4.485411177516028,4.485411177516028,0.373504638671875,-1.0,-4.826507568359375,0.0,0.0,0.5047524837013907,0.5,0.5
2021-11-24,178.1334991455078,180.6820068359375,176.84249877929688,179.02049255371094,46560000,0.0,0.0,0.0035330237611433716,4.439275240310642,4.439275240310642,4.439275240310642,0.391998291015625,-1.0,-4.808013916015625,0.0,0.0,0.5008917902380686,0.5,0.5
2021-11-26,180.10499572753906,181.6750030517578,175.20750427246094,175.22799682617188,59826000,0.0,0.0,0.004443490968326597,4.58414835023823,4.58414835023823,4.58414835023823,-3.7924957275390625,-1.0,-8.600509643554688,0.6224975585937216,0.026941706742209432,1.6027318072154295,0.18516324302118048,0.8148367569788195
2021-11-29,177.3820037841797,179.8000030517578,176.5749969482422,178.07850646972656,65312000,0.0,0.0,0.004929868404300308,4.583281055620209,4.583281055620209,4.583281055620209,2.8505096435546875,-1.0,-5.75,0.0,0.0,0.7163877829695592,0.5,0.5
2021-11-30,178.1750030517578,179.2884979248047,174.60049438476562,175.35350036621094,80022000,0.0,0.0,0.005947777039918954,4.590761233078699,4.590761233078699,4.590761233078699,-2.725006103515625,-1.0,-8.475006103515625,0.0,0.0,1.5562971453393992,0.2218514273303004,0.7781485726696996
2021-12-01,177.25,177.99400329589844,172.0800018310547,172.18600463867188,74916000,0.0,0.0,0.00546768226052934,4.685278392490488,4.685278392490488,4.685278392490488,-5.8925018310546875,-1.0,-11.642501831054688,0.0,0.0,2.0,0.0,1.0
2021-12-02,173.0,174.63499450683594,171.1875,171.8679962158203,64726000,0.0,0.0,0.004715248889275239,4.596865257800878,4.596865257800878,4.596865257800878,-6.21051025390625,-1.0,-11.96051025390625,0.0,0.0,2.0,0.0,1.0
2021-12-03,172.75,173.49349975585938,166.92999267578125,169.489501953125,80712000,0.0,0.0,0.005798447795199416,4.737339673677824,4.737339673677824,4.737339673677824,-8.589004516601562,-1.0,-14.339004516601562,0.0,0.0,2.0,0.0,1.0
2021-12-06,169.64999389648438,173.69549560546875,166.9344940185547,171.36849975585938,68860000,0.0,0.0,0.005001829135916033,4.881886953194698,4.881886953194698,4.881886953194698,1.878997802734375,1.0,1.878997802734375,0.0,0.0,0.017171749381303007,0.008585874690651503,0.9914141253093485
2021-12-07,174.60000610351562,177.49949645996094,173.33450317382812,176.1645050048828,66410000,0.0,0.0,0.004958870044425211,4.971109078259474,4.971109078259474,4.971109078259474,6.6750030517578125,1.0,6.6750030517578125,0.0,0.0,0.2167030052070083,0.10835150260350415,0.8916484973964959
2021-12-08,176.15049743652344,177.17999267578125,174.75050354003906,176.1580047607422,45254000,0.0,0.0,0.0033790155789371517,4.789564796651097,4.789564796651097,4.789564796651097,-0.006500244140625,1.0,6.6685028076171875,0.0,0.0,0.21628115174646098,0.5,0.5
2021-12-09,175.75,176.96949768066406,174.13949584960938,174.17100524902344,46062000,0.0,0.0,0.003400552532726873,4.64959601339421,4.64959601339421,4.64959601339421,-1.993499755859375,-1.0,-1.98699951171875,0.0,0.0,0.08878484565813304,0.9556075771709335,0.04439242282906652
2021-12-10,175.41700744628906,175.927001953125,170.5,172.21200561523438,60690000,0.0,0.0,0.004430078287489271,4.705125009089267,4.705125009089267,4.705125009089267,-3.9524993896484375,-1.0,-3.9459991455078125,0.0,0.0,0.3501525528740061,0.8249237235629969,0.17507627643700305
2021-12-13,172.0,172.10000610351562,169.1300048828125,169.5675048828125,62170000,0.0,0.0,0.004468423591373776,4.589187560755882,4.589187560755882,4.589187560755882,-6.5970001220703125,-1.0,-6.5904998779296875,0.0,0.0,0.9767423893200029,0.5116288053399985,0.48837119466000145
2021-12-14,167.5500030517578,169.49899291992188,166.44000244140625,169.0915069580078,55976000,0.0,0.0,0.004011940601210959,4.4847814808023365,4.4847814808023365,4.4847814808023365,-7.072998046875,-1.0,-7.066497802734375,0.0,0.0,1.1229276606907337,0.43853616965463316,0.5614638303453668
2021-12-15,168.59800720214844,173.60000610351562,165.19500732421875,173.31500244140625,75794000,0.0,0.0,0.005568033299906973,4.764797002123375,4.764797002123375,4.764797002123375,4.2234954833984375,-1.0,-2.8430023193359375,1.5,0.12613582437960447,0.18175976447263748,0.409670774595399,0.590329225404601
2021-12-16,173.36849975585938,174.16600036621094,168.16050720214844,168.87100219726562,60876000,0.0,0.0,0.00435744614338779,4.8534181565475984,4.8534181565475984,4.8534181565475984,-4.444000244140625,1.0,-4.444000244140625,4.6670074462890625,1.1028814683614954,0.4441109400493266,0.226503795794589,0.773496204205411
2021-12-17,167.7104949951172,170.89849853515625,165.61349487304688,170.0175018310547,85542000,0.0,0.0,0.006164585344155081,4.884245692659154,4.884245692659154,4.884245692659154,1.1464996337890625,-1.0,1.1464996337890625,0.0,0.0,0.06655791250072814,0.03327895625036407,0.966721043749636
2021-12-20,166.85000610351562,167.87449645996094,165.60000610351562,167.07899475097656,57372000,0.0,0.0,0.004063054822646234,4.85090640943629,4.85090640943629,4.85090640943629,-2.938507080078125,-1.0,-1.7920074462890625,2.5605010986328125,0.7592703664427678,2.0,0.0,1.0
2021-12-21,167.85049438476562,170.7165069580078,165.6475067138672,170.41700744628906,55956000,0.0,0.0,0.004041945330677737,4.8664845404866,4.8664845404866,4.8664845404866,3.3380126953125,1.0,3.3380126953125,0.0,0.0,2.0,1.0,0.0
2021-12-22,169.27000427246094,172.0500030517578,168.50050354003906,171.03700256347656,55036000,0.0,0.0,0.003989952980549233,4.772414181288897,4.772414181288897,4.772414181288897,3.9580078125,1.0,3.9580078125,0.0,0.0,2.0,1.0,0.0
2021-12-23,170.42799377441406,171.97500610351562,170.14999389648438,171.06849670410156,36788000,0.0,0.0,0.0026675161391033386,4.561885468841923,4.561885468841923,4.561885468841923,3.989501953125,1.0,3.989501953125,0.0,0.0,2.0,1.0,0.0
2021-12-27,171.03700256347656,172.9429931640625,169.2154998779297,169.66949462890625,58688000,0.0,0.0,0.004220694465195112,4.502286027219844,4.502286027219844,4.502286027219844,-1.3990020751953125,1.0,2.5904998779296875,0.0,0.0,2.0,0.5,0.5
2021-12-28,170.1824951171875,172.17599487304688,169.135498046875,170.66099548339844,54638000,0.0,0.0,0.003952391051191477,4.397872512859275,4.397872512859275,4.397872512859275,0.9915008544921875,-1.0,0.9915008544921875,1.014495849609375,1.046922090322826,0.30613047528471804,0.676526282803772,0.323473717196228
2021-12-29,170.83999633789062,171.21200561523438,168.60049438476562,169.2010040283203,35754000,0.0,0.0,0.0025642384647597393,4.270275278402809,4.270275278402809,4.270275278402809,-1.459991455078125,-1.0,-0.4684906005859375,0.6150054931640625,0.17744238318841082,0.22326239452741867,0.7996476111420853,0.20035238885791473
2021-12-30,169.6999969482422,170.88800048828125,168.5240020751953,168.64450073242188,37584000,0.0,0.0,0.002686618632333502,4.13411264516589,4.13411264516589,4.13411264516589,-2.0164947509765625,-1.0,-1.024993896484375,0.0,0.0,1.0687013868612594,0.4656493065693703,0.5343506934306297
2021-12-31,168.95599365234375,169.35000610351562,166.55850219726562,166.7169952392578,47830000,0.0,0.0,0.0033799563691865597,4.038212020957612,4.038212020957612,4.038212020957612,-3.944000244140625,-1.0,-2.9524993896484375,0.0,0.0,2.0,0.0,1.0
2022-01-03,167.5500030517578,170.70350646972656,166.16050720214844,170.4044952392578,63520000,0.0,0.0,0.004587989079748883,4.074268252859078,4.074268252859078,4.074268252859078,3.6875,-1.0,0.7350006103515625,0.0,0.0,0.0619720362782925,0.03098601813914625,0.9690139818608537
2022-01-04,170.43800354003906,171.39999389648438,166.34950256347656,167.52200317382812,70726000,0.0,0.0,0.0050220587983373505,4.1439984728697015,4.1439984728697015,4.1439984728697015,-2.8824920654296875,1.0,-2.8824920654296875,0.2089996337890625,0.005257203753287642,2.0,0.0,1.0
2022-01-05,166.88299560546875,167.12649536132812,164.35699462890625,164.35699462890625,64302000,0.0,0.0,0.004479644099078359,4.074070620873428,4.074070620873428,4.074070620873428,-6.0475006103515625,-1.0,-3.165008544921875,0.0,0.0,2.0,0.0,1.0
2022-01-06,163.45050048828125,164.8000030517578,161.93699645996094,163.25399780273438,51958000,0.0,0.0,0.0035953989701623165,3.98756604736796,3.98756604736796,3.98756604736796,-7.1504974365234375,-1.0,-4.26800537109375,0.0,0.0,2.0,0.0,1.0
2022-01-07,163.83900451660156,165.24349975585938,162.031005859375,162.5540008544922,46606000,0.0,0.0,0.00321122201687926,3.9322037508762753,3.9322037508762753,3.9322037508762753,-7.850494384765625,1.0,-0.6999969482421875,0.0,0.0,0.9070200634076576,0.5464899682961712,0.4535100317038288
2022-01-10,160.5854949951172,161.6614990234375,156.30450439453125,161.48599243164062,87798000,0.0,0.0,0.006009665763818627,4.097724658668037,4.097724658668037,4.097724658668037,-8.918502807617188,-1.0,-1.0680084228515625,0.0,0.0,2.0,0.0,1.0
2022-01-11,161.5,166.35000610351562,160.70150756835938,165.36199951171875,62806000,0.0,0.0,0.0044021789095771485,4.208494221274338,4.208494221274338,4.208494221274338,3.876007080078125,1.0,3.876007080078125,1.10650634765625,0.08149645089664813,2.0,1.0,0.0
2022-01-12,166.5749969482422,166.8780059814453,164.41700744628906,165.20700073242188,50030000,0.0,0.0,0.00350340050819581,4.083673100837332,4.083673100837332,4.083673100837332,-0.154998779296875,1.0,3.72100830078125,0.0,0.0,2.0,0.5,0.5
2022-01-13,165.25050354003906,166.22149658203125,161.09100341796875,161.21400451660156,52188000,0.0,0.0,0.003566188198849649,4.158445962496273,4.158445962496273,4.158445962496273,-4.1479949951171875,-1.0,-3.9929962158203125,0.0,0.0,1.15153334811357,0.42423332594321495,0.575766674056785
2022-01-14,160.14999389648438,162.25,159.80050659179688,162.13800048828125,45974000,0.0,0.0,0.0031595697218855393,4.036377922903906,4.036377922903906,4.036377922903906,0.9239959716796875,-1.0,-3.069000244140625,0.0,0.0,0.680256293283623,0.5,0.5
2022-01-18,159.10499572753906,159.7344970703125,157.6645050048828,158.91749572753906,67292000,0.0,0.0,0.004532794057976651,4.067600605796373,4.067600605796373,4.067600605796373,-3.2205047607421875,-1.0,-6.2895050048828125,0.0,0.0,2.0,0.0,1.0
2022-01-19,158.76199340820312,159.25,156.25,156.2989959716797,53242000,0.0,0.0,0.0035272917957639947,3.9913434196680604,3.9913434196680604,3.9913434196680604,-5.8390045166015625,-1.0,-8.908004760742188,0.0,0.0,2.0,0.0,1.0
2022-01-20,156.76600646972656,158.0,151.3509979248047,151.66749572753906,71974000,0.0,0.0,0.004626994618600275,4.1811761807771495,4.1811761807771495,4.1811761807771495,-10.470504760742188,-1.0,-13.539505004882812,0.0,0.0,2.0,0.0,1.0
2022-01-21,149.9499969482422,150.89999389648438,142.07049560546875,142.64300537109375,163972000,0.0,0.0,0.009914047909400581,4.568020748012375,4.568020748012375,4.568020748012375,-19.4949951171875,-1.0,-22.563995361328125,0.0,0.0,2.0,0.0,1.0
2022-01-24,139.0,144.94500732421875,135.3520050048828,144.54400634765625,155624000,0.0,0.0,0.00953471026835845,4.926948003106916,4.926948003106916,4.926948003106916,1.9010009765625,-1.0,-20.662994384765625,0.0,0.0,2.0,0.5,0.5
2022-01-25,142.24249267578125,143.60000610351562,138.14500427246094,139.98599243164062,90824000,0.0,0.0,0.005389097542019947,5.032094722541801,5.032094722541801,5.032094722541801,-4.558013916015625,-1.0,-25.22100830078125,0.0,0.0,2.0,0.0,1.0
2022-01-26,144.75,145.18499755859375,137.31849670410156,138.87249755859375,95602000,0.0,0.0,0.005627481331072847,5.2345523033954,5.2345523033954,5.2345523033954,-5.6715087890625,-1.0,-26.334503173828125,0.239990234375,0.0017905642979583294,2.0,0.0,1.0
2022-01-27,140.8000030517578,144.24349975585938,139.35000610351562,139.6374969482422,77516000,0.0,0.0,0.004588008864154288,5.24429872438613,5.24429872438613,5.24429872438613,0.7649993896484375,-1.0,-25.569503784179688,0.64349365234375,0.7075650243196466,2.0,0.26132891286606963,0.7386710871339304
2022-01-28,140.86050415039062,143.9980010986328,137.92950439453125,143.97799682617188,74392000,0.0,0.0,0.004539972273372132,5.303170008651518,5.303170008651518,5.303170008651518,5.105499267578125,-1.0,-21.22900390625,0.0,0.0,2.0,0.5,0.5
2022-01-31,144.75,150.36050415039062,144.30050659179688,149.57350158691406,78308000,0.0,0.0,0.0049646842381663525,5.380265531192035,5.380265531192035,5.380265531192035,10.701004028320312,1.0,5.5955047607421875,6.11700439453125,0.3267597310368205,0.06947352024180245,0.19811662563931148,0.8018833743606886
2022-02-01,150.0,151.70799255371094,147.62750244140625,151.19349670410156,59220000,0.0,0.0,0.0037951797772763428,5.287424429842939,5.287424429842939,5.287424429842939,12.320999145507812,1.0,7.2154998779296875,0.0,0.0,0.11552437123007163,0.057762185615035815,0.9422378143849642
2022-02-02,155.05050659179688,155.0749969482422,148.86349487304688,150.6125030517578,87330000,0.0,0.0,0.00557513419287106,5.353429975939537,5.353429975939537,5.353429975939537,-0.58099365234375,1.0,6.6345062255859375,0.0,0.0,0.09766927815604105,0.5,0.5
2022-02-03,141.7375030517578,144.24749755859375,138.33299255371094,138.8455047607422,225532000,0.0,0.0,0.01327305316026171,5.848150013232919,5.848150013232919,5.848150013232919,-12.347991943359375,-1.0,-11.766998291015625,9.294509887695312,0.5665787900716981,2.0,0.0,1.0
2022-02-04,155.60650634765625,161.1999969482422,150.60800170898438,157.63949584960938,253456000,0.0,0.0,0.016935516753593935,7.0271744542519965,7.0271744542519965,7.0271744542519965,18.793991088867188,1.0,18.793991088867188,6.125,0.10621213844137352,2.0,1.0,0.0
2022-02-07,158.52000427246094,162.6909942626953,157.25,157.9355010986328,102624000,0.0,0.0,0.006870044336740414,6.913875869140805,6.913875869140805,6.913875869140805,19.089996337890625,1.0,19.089996337890625,0.0,0.0,2.0,1.0,0.0
2022-02-08,156.75050354003906,161.79249572753906,155.55050659179688,161.4134979248047,76040000,0.0,0.0,0.005202508472424368,6.865883959612332,6.865883959612332,6.865883959612332,22.5679931640625,-1.0,3.477996826171875,0.0,0.0,0.08736288793066384,0.04368144396533192,0.9563185560346681
2022-02-09,162.87350463867188,163.83450317382812,160.25,161.1894989013672,68786000,0.0,0.0,0.004699672982523127,6.631499617770603,6.631499617770603,6.631499617770603,-0.2239990234375,1.0,-0.2239990234375,0.0,0.0,0.004147953576915301,0.9979260232115423,0.0020739767884576507
2022-02-10,158.35000610351562,160.7165069580078,157.75,159.0034942626953,68268000,0.0,0.0,0.0046010259977762235,6.403499566598931,6.403499566598931,6.403499566598931,-2.410003662109375,-1.0,-2.186004638671875,0.0,0.0,0.3950424769463903,0.8024787615268049,0.19752123847319514
2022-02-11,158.13450622558594,159.0,152.73399353027344,153.2935028076172,77100000,0.0,0.0,0.005009668227914585,6.393928221300571,6.393928221300571,6.393928221300571,-8.1199951171875,-1.0,-7.89599609375,0.0,0.0,2.0,0.0,1.0
2022-02-14,151.75100708007812,158.44850158691406,151.64999389648438,155.16700744628906,83230000,0.0,0.0,0.005474067117082165,6.422826754809793,6.422826754809793,6.422826754809793,1.873504638671875,-1.0,-6.022491455078125,0.0,0.0,2.0,0.5,0.5
2022-02-15,157.60549926757812,158.0070037841797,154.6374969482422,156.510498046875,56440000,0.0,0.0,0.0037442196439370344,6.204732474890344,6.204732474890344,6.204732474890344,3.2169952392578125,-1.0,-4.6790008544921875,0.0,0.0,1.8098721044177377,0.5,0.5
2022-02-16,155.79049682617188,158.83399963378906,154.7344970703125,158.10049438476562,52704000,0.0,0.0,0.0035318938653185867,6.05435890978936,6.05435890978936,6.05435890978936,4.8069915771484375,1.0,1.589996337890625,0.385498046875,0.006431283314249528,0.11547447570817544,0.060952879511212484,0.9390471204887875
2022-02-17,158.14599609375,160.3489990234375,154.5,154.65249633789062,64032000,0.0,0.0,0.004197443321023665,6.039690346478513,6.039690346478513,6.039690346478513,-3.447998046875,1.0,-1.858001708984375,0.1374969482421875,0.001590201269535525,1.3655259890091842,0.31644190486064017,0.6835580951393598
2022-02-18,155.49949645996094,155.49949645996094,150.89300537109375,152.60150146484375,63604000,0.0,0.0,0.004114092713448417,5.937318970934847,5.937318970934847,5.937318970934847,-5.498992919921875,-1.0,-2.050994873046875,0.0,0.0,1.6639370858093365,0.16803145709533174,0.8319685429046683
2022-02-22,150.47850036621094,152.9824981689453,148.48550415039062,150.19749450683594,66128000,0.0,0.0,0.004209969165268446,5.834438617193407,5.834438617193407,5.834438617193407,-7.9029998779296875,-1.0,-4.4550018310546875,0.0,0.0,2.0,0.0,1.0
2022-02-23,151.65049743652344,151.76300048828125,144.6510009765625,144.82699584960938,64244000,0.0,0.0,0.003943782309236088,5.925692966802361,5.925692966802361,5.925692966802361,-13.27349853515625,-1.0,-9.82550048828125,0.0,0.0,2.0,0.0,1.0
2022-02-24,139.83749389648438,151.74899291992188,139.5,151.35800170898438,100786000,0.0,0.0,0.006466010916977904,6.37735724916804,6.37735724916804,6.37735724916804,6.531005859375,-1.0,-3.29449462890625,0.0,0.0,2.0,0.5,0.5
2022-02-25,150.5500030517578,153.99000549316406,149.2135009765625,153.7884979248047,62396000,0.0,0.0,0.004067349043986746,6.263010625413291,6.263010625413291,6.263010625413291,8.961502075195312,1.0,2.4304962158203125,2.2270050048828125,0.06175622868067099,0.5442673606889634,0.3030117946848172,0.6969882053151828
2022-02-28,152.4250030517578,154.4499969482422,150.85000610351562,153.56300354003906,57684000,0.0,0.0,0.003754678925198644,6.0727949267928105,6.0727949267928105,6.0727949267928105,-0.225494384765625,1.0,2.2050018310546875,0.0,0.0,0.4479610987518444,0.5,0.5
2022-03-01,152.7324981689453,154.0989990234375,149.9770050048828,151.14199829101562,44874000,0.0,0.0,0.0028748208262102206,5.933452004775802,5.933452004775802,5.933452004775802,-2.6464996337890625,-1.0,-2.4210052490234375,0.0,0.0,1.2055175942738434,0.3972412028630783,0.6027587971369217
2022-03-02,150.8489990234375,152.99949645996094,148.75,152.05250549316406,47334000,0.0,0.0,0.003050686822597162,5.8131694658604545,5.8131694658604545,5.8131694658604545,0.9105072021484375,-1.0,-1.510498046875,0.0,0.0,0.46926960685773006,0.5,0.5
2022-03-03,153.531494140625,153.9290008544922,146.8560028076172,147.89849853515625,65198000,0.0,0.0,0.0040872281198015776,5.9031572216472075,5.9031572216472075,5.9031572216472075,-4.1540069580078125,-1.0,-5.6645050048828125,0.0,0.0,2.0,0.0,1.0
2022-03-04,147.15899658203125,147.85000610351562,143.8070068359375,145.64100646972656,60934000,0.0,0.0,0.0037616137447172926,5.773752541473747,5.773752541473747,5.773752541473747,-6.4114990234375,-1.0,-7.9219970703125,0.0,0.0,2.0,0.0,1.0
2022-03-07,145.44349670410156,146.09449768066406,137.41650390625,137.4530029296875,86934000,0.0,0.0,0.005064945003318263,5.981198343826627,5.981198343826627,5.981198343826627,-14.599502563476562,-1.0,-16.110000610351562,0.0,0.0,2.0,0.0,1.0
2022-03-08,136.68350219726562,140.69949340820312,133.57249450683594,136.01449584960938,91662000,0.0,0.0,0.005284517787229906,6.06304124079381,6.06304124079381,6.06304124079381,-16.038009643554688,-1.0,-17.548507690429688,0.0,0.0,2.0,0.0,1.0
2022-03-09,139.5,140.25,136.8280029296875,139.2790069580078,82656000,0.0,0.0,0.004879674857639614,5.932502877193583,5.932502877193583,5.932502877193583,3.2645111083984375,-1.0,-14.28399658203125,0.0,0.0,2.0,0.5,0.5
2022-03-10,145.68499755859375,148.67449951171875,143.97799682617188,146.8175048828125,135062000,0.0,0.0,0.008405080059196412,6.179859282659108,6.179859282659108,6.179859282659108,10.803009033203125,1.0,7.5384979248046875,7.975006103515625,0.5449699676773618,0.27852883588938304,0.41174940178337244,0.5882505982166275
2022-03-11,149.57449340820312,149.6750030517578,145.36900329589844,145.52450561523438,68900000,0.0,0.0,0.0042499732190276335,6.0460121736019845,6.0460121736019845,6.0460121736019845,-1.292999267578125,1.0,6.2454986572265625,0.0,0.0,0.19117661314357115,0.5,0.5
2022-03-14,145.9810028076172,147.4499969482422,140.88400268554688,141.85299682617188,74086000,0.0,0.0,0.004454567061878388,6.083153751394366,6.083153751394366,6.083153751394366,-4.964508056640625,-1.0,-3.6715087890625,3.093994140625,0.38840654017091303,0.3455850174374453,0.6330042211958209,0.36699577880417916
2022-03-15,142.85000610351562,147.98500061035156,142.0,147.3665008544922,75584000,0.0,0.0,0.004721277006173368,6.08664303945046,6.08664303945046,6.08664303945046,5.5135040283203125,1.0,5.5135040283203125,0.0,0.0,2.0,1.0,0.0
2022-03-16,148.5,153.14999389648438,147.35350036621094,153.10400390625,84958000,0.0,0.0,0.005513427490509714,6.065918074509245,6.065918074509245,6.065918074509245,11.251007080078125,1.0,11.251007080078125,0.0,0.0,2.0,1.0,0.0
2022-03-17,152.6405029296875,157.49850463867188,152.13999938964844,157.23899841308594,72934000,0.0,0.0,0.00486094984867953,6.015388586974544,6.015388586974544,6.015388586974544,15.386001586914062,1.0,15.386001586914062,0.0,0.0,2.0,1.0,0.0
2022-03-18,156.81300354003906,161.593994140625,156.01100158691406,161.25050354003906,102962000,0.0,0.0,0.007037345744208977,5.984503156027144,5.984503156027144,5.984503156027144,19.397506713867188,1.0,19.397506713867188,0.0,0.0,2.0,1.0,0.0
2022-03-21,161.12100219726562,163.08399963378906,159.55299377441406,161.4915008544922,66538000,0.0,0.0,0.004554600110862034,5.80925334912342,5.80925334912342,5.80925334912342,19.638504028320312,1.0,19.638504028320312,0.0,0.0,2.0,1.0,0.0
2022-03-22,161.8054962158203,166.16700744628906,161.69900512695312,164.88900756835938,64086000,0.0,0.0,0.004479047915903099,5.72827143788581,5.72827143788581,5.72827143788581,23.0360107421875,1.0,23.0360107421875,0.0,0.0,2.0,1.0,0.0
2022-03-23,163.7050018310547,166.3699951171875,162.68699645996094,163.4080047607422,55812000,0.0,0.0,0.003865732083124001,5.582180524981578,5.582180524981578,5.582180524981578,-1.4810028076171875,1.0,21.555007934570312,0.0,0.0,2.0,0.5,0.5
2022-03-24,163.74949645996094,164.11849975585938,160.0500030517578,163.64950561523438,56798000,0.0,0.0,0.003939839952858966,5.4740602520615775,5.4740602520615775,5.4740602520615775,0.2415008544921875,-1.0,0.2415008544921875,1.6490020751953125,2.0,0.004326614476938125,1.0,0.0
2022-03-25,164.0,165.36849975585938,162.25,164.77349853515625,49032000,0.0,0.0,0.0034245050436124054,5.3058059309042775,5.3058059309042775,5.3058059309042775,1.3654937744140625,1.0,1.123992919921875,0.4369964599609375,0.10241802311974559,0.09372123586621182,0.0980696294929787,0.9019303705070213
2022-03-28,164.97500610351562,169.03750610351562,164.89999389648438,168.99049377441406,59854000,0.0,0.0,0.004287323882140059,5.231391762151071,5.231391762151071,5.231391762151071,5.582489013671875,1.0,5.3409881591796875,0.0,0.0,2.0,1.0,0.0
2022-03-29,170.38400268554688,170.8314971923828,167.86849975585938,169.31500244140625,66154000,0.0,0.0,0.0047476903833217395,5.069363596034811,5.069363596034811,5.069363596034811,5.9069976806640625,1.0,5.665496826171875,0.0,0.0,2.0,1.0,0.0
2022-03-30,168.50950622558594,168.95050048828125,165.5,166.30099487304688,56168000,0.0,0.0,0.0039592656885397495,4.9797663707041995,4.9797663707041995,4.9797663707041995,-3.014007568359375,-1.0,-3.014007568359375,0.0,0.0,0.2830170995481126,0.8584914502259438,0.1415085497740563
2022-03-31,166.44500732421875,166.4949951171875,162.95350646972656,162.99749755859375,59966000,0.0,0.0,0.004143018344088173,4.8770322476153956,4.8770322476153956,4.8770322476153956,-6.3175048828125,-1.0,-6.3175048828125,0.0,0.0,1.2434123348884432,0.3782938325557784,0.6217061674442216
2022-04-01,164.14950561523438,165.82699584960938,162.3195037841797,163.55999755859375,57090000,0.0,0.0,0.0039579287999997196,4.779207948887845,4.779207948887845,4.779207948887845,0.5625,-1.0,-5.7550048828125,0.0,0.0,1.0318472040118445,0.5,0.5
2022-04-04,164.125,168.39450073242188,163.20550537109375,168.34649658203125,49882000,0.0,0.0,0.0035594162578155273,4.808478478347865,4.808478478347865,4.808478478347865,5.3489990234375,1.0,4.7864990234375,1.899505615234375,0.12610610914604153,0.6917426549226279,0.4089243820343347,0.5910756179656653
2022-04-05,167.7415008544922,168.11050415039062,163.26600646972656,164.05499267578125,53728000,0.0,0.0,0.0037361212759961923,4.827907880773353,4.827907880773353,4.827907880773353,-4.29150390625,1.0,0.4949951171875,0.0,0.0,0.007397933735458989,0.5,0.5
2022-04-06,161.65049743652344,162.1999969482422,157.25450134277344,158.75599670410156,79056000,0.0,0.0,0.005319806238023219,4.9688066987901,4.9688066987901,4.9688066987901,-9.590499877929688,-1.0,-5.2989959716796875,5.9510040283203125,0.38503304171212055,2.0,0.0,1.0
2022-04-07,158.39999389648438,160.07899475097656,154.51150512695312,157.7845001220703,68136000,0.0,0.0,0.0045569242719715455,5.011569764878196,5.011569764878196,5.011569764878196,-10.561996459960938,-1.0,-6.2704925537109375,0.0,0.0,2.0,0.0,1.0
2022-04-08,156.75,157.36849975585938,154.2310028076172,154.4604949951172,46002000,0.0,0.0,0.00301179199627587,4.907421732704977,4.907421732704977,4.907421732704977,-13.886001586914062,-1.0,-9.594497680664062,0.0,0.0,2.0,0.0,1.0
2022-04-11,152.71299743652344,154.13650512695312,150.5345001220703,151.1219940185547,52112000,0.0,0.0,0.0033380762705815794,4.837319814157969,4.837319814157969,4.837319814157969,-17.224502563476562,-1.0,-12.932998657226562,0.0,0.0,2.0,0.0,1.0
2022-04-12,153.6925048828125,155.0989990234375,150.38299560546875,150.78750610351562,55178000,0.0,0.0,0.0035266483079891835,4.828654357287311,4.828654357287311,4.828654357287311,-17.558990478515625,-1.0,-13.267486572265625,0.0,0.0,2.0,0.0,1.0
2022-04-13,150.01849365234375,156.02499389648438,149.60000610351562,155.54100036621094,53390000,0.0,0.0,0.0035199431359374555,4.9426781741217,4.9426781741217,4.9426781741217,4.7534942626953125,-1.0,-8.513992309570312,1.88848876953125,0.15783483655973976,2.0,0.07314500344770483,0.9268549965522952
2022-04-14,155.38999938964844,155.89700317382812,151.4720001220703,151.7064971923828,51598000,0.0,0.0,0.003317935108925458,4.9057013796671365,4.9057013796671365,4.9057013796671365,-3.834503173828125,-1.0,-12.348495483398438,0.798004150390625,0.04331039025924797,2.0,0.0,1.0
2022-04-18,151.52349853515625,154.0395050048828,150.25050354003906,152.78500366210938,46514000,0.0,0.0,0.0030122794318129995,4.825937100036895,4.825937100036895,4.825937100036895,1.0785064697265625,-1.0,-11.269989013671875,0.0,0.0,2.0,0.5,0.5
2022-04-19,152.0294952392578,158.6490020751953,151.55050659179688,158.11549377441406,54926000,0.0,0.0,0.003681147674355762,4.988262698848434,4.988262698848434,4.988262698848434,6.40899658203125,1.0,5.3304901123046875,2.7519989013671875,0.18438111308700506,0.22371097924156952,0.2040460461642873,0.7959539538357128
2022-04-20,157.6024932861328,157.6024932861328,153.60350036621094,153.9980010986328,59630000,0.0,0.0,0.0038923396651886844,4.9542434638023405,4.9542434638023405,4.9542434638023405,-4.11749267578125,1.0,1.2129974365234375,0.0,0.0,0.01158437961555263,0.5,0.5
2022-04-21,154.71400451660156,156.73800659179688,147.58949279785156,148.29600524902344,63970000,0.0,0.0,0.004021023784118744,5.2538342016696955,5.2538342016696955,5.2538342016696955,-9.819488525390625,-1.0,-5.701995849609375,3.9610137939453125,0.16271776697480117,2.0,0.0,1.0
2022-04-22,148.25,149.61500549316406,143.69749450683594,144.35000610351562,73078000,0.0,0.0,0.0044713050336304,5.301239686288155,5.301239686288155,5.301239686288155,-13.765487670898438,-1.0,-9.647994995117188,0.0,0.0,2.0,0.0,1.0
2022-04-25,144.0229949951172,146.22149658203125,142.30650329589844,146.07400512695312,61874000,0.0,0.0,0.003830998386114482,5.202222086277059,5.202222086277059,5.202222086277059,1.7239990234375,-1.0,-7.9239959716796875,0.0,0.0,2.0,0.5,0.5
2022-04-26,144.8000030517578,144.8560028076172,138.92950439453125,139.39100646972656,77530000,0.0,0.0,0.0045807372008897645,5.340956275287403,5.340956275287403,5.340956275287403,-6.6829986572265625,-1.0,-14.60699462890625,0.0,0.0,2.0,0.0,1.0
2022-04-27,140.19149780273438,141.94850158691406,135.7834930419922,138.16700744628906,71336000,0.0,0.0,0.004177764390967609,5.399817151689866,5.399817151689866,5.399817151689866,-7.9069976806640625,-1.0,-15.83099365234375,0.0,0.0,2.0,0.0,1.0
2022-04-28,142.17799377441406,145.9375,140.3000030517578,144.59649658203125,117316000,0.0,0.0,0.007190280887811732,5.569151108977085,5.569151108977085,5.569151108977085,6.4294891357421875,1.0,6.4294891357421875,1.0814971923828125,0.02829422866539412,0.16494402347533751,0.09661912607036582,0.9033808739296342
2022-04-29,129.8489990234375,130.76100158691406,121.625,124.28150177001952,272662000,0.0,0.0,0.014363555187040994,6.812175785623811,6.812175785623811,6.812175785623811,-20.314994812011733,-1.0,-20.314994812011733,14.158493041992188,0.48573638006591935,2.0,0.0,1.0
2022-05-02,122.4010009765625,124.66799926757812,118.375,124.5,148788000,0.0,0.0,0.007851779527301964,6.775091748620548,6.775091748620548,6.775091748620548,0.21849822998048296,-1.0,-20.09649658203125,0.0,0.0,2.0,0.5,0.5
2022-05-03,124.05349731445312,126.22049713134766,122.8249969482422,124.25350189208984,79134000,0.0,0.0,0.004167758971661801,6.533692351083756,6.533692351083756,6.533692351083756,-0.24649810791015625,1.0,-0.24649810791015625,0.0,0.0,0.0014698541619805475,0.9992650729190097,0.0007349270809902738
2022-05-04,123.5999984741211,126.0,119.18299865722656,125.92849731445312,110746000,0.0,0.0,0.005911298754691711,6.553928707633019,6.553928707633019,6.553928707633019,1.6749954223632812,-1.0,1.6749954223632812,1.332000732421875,0.6323851722301694,2.0,1.0,0.0
2022-05-05,123.0,123.4990005493164,115.07250213623048,116.40699768066406,144392000,0.0,0.0,0.007124478153604613,6.861219169817992,6.861219169817992,6.861219169817992,-9.521499633789062,-1.0,-7.846504211425781,7.752494812011719,0.6629369997385852,2.0,0.0,1.0
2022-05-06,114.8499984741211,119.05049896240234,113.0814971923828,114.77249908447266,124260000,0.0,0.0,0.006045051795790994,6.797489355546674,6.797489355546674,6.797489355546674,-11.155998229980469,-1.0,-9.481002807617188,0.0,0.0,2.0,0.0,1.0
2022-05-09,111.3125,114.0,107.95700073242188,108.78900146484376,128124000,0.0,0.0,0.005908079331613085,6.798775712439825,6.798775712439825,6.798775712439825,-17.13949584960936,-1.0,-15.46450042724608,0.0,0.0,2.0,0.0,1.0
2022-05-10,111.25,112.64250183105467,107.1709976196289,108.85900115966795,105434000,0.0,0.0,0.004864921840471879,6.703970605224535,6.703970605224535,6.703970605224535,0.06999969482419033,-1.0,-15.39450073242189,0.0,0.0,2.0,0.5,0.5
2022-05-11,108.10350036621094,110.15599822998048,104.42849731445312,105.37200164794922,109704000,0.0,0.0,0.004899802014479712,6.634222770246166,6.634222770246166,6.634222770246166,-3.486999511718736,-1.0,-18.881500244140625,0.0,0.0,2.0,0.0,1.0
2022-05-12,102.75,110.78050231933594,102.40550231933594,106.93049621582033,132026000,0.0,0.0,0.005984004159654474,6.758564000942869,6.758564000942869,6.758564000942869,1.558494567871108,-1.0,-17.323005676269517,0.0,0.0,2.0,0.5,0.5
2022-05-13,109.06900024414062,113.18399810791016,107.8000030517578,113.05500030517578,93684000,0.0,0.0,0.004489376613173752,6.722488136024794,6.722488136024794,6.722488136024794,7.6829986572265625,1.0,6.1245040893554545,3.0279998779296733,0.1553281579956505,0.1249957833262464,0.14016197066094846,0.8598380293390515
2022-05-16,113.0999984741211,113.99250030517578,110.35399627685548,110.8105010986328,74566000,0.0,0.0,0.0035022940334305678,6.502203556903045,6.502203556903045,6.502203556903045,-2.244499206542983,1.0,3.8800048828124716,0.0,0.0,0.05016699052893195,0.5,0.5
2022-05-17,113.2750015258789,115.8000030517578,111.27649688720705,115.36849975585938,76448000,0.0,0.0,0.0037383866069077704,6.394153442347471,6.394153442347471,6.394153442347471,4.557998657226577,1.0,8.438003540039048,0.0,0.0,0.23726458089079888,0.11863229044539944,0.8813677095546005
2022-05-18,111.4394989013672,112.85299682617188,106.2490005493164,107.1125030517578,108380000,0.0,0.0,0.004920623697299363,6.5888209969328635,6.5888209969328635,6.5888209969328635,-8.255996704101577,-1.0,-8.255996704101577,4.104995727539077,0.24722159103594518,0.9573254737169625,0.39772646762354613,0.6022735323764539
2022-05-19,106.28050231933594,110.03399658203124,106.19300079345705,107.31900024414062,88142000,0.0,0.0,0.004009501293124502,6.392547767764387,6.392547767764387,6.392547767764387,0.2064971923828267,-1.0,-8.04949951171875,0.0,0.0,0.9100355335340353,0.5,0.5
2022-05-20,109.56849670410156,109.89800262451172,105.0094985961914,107.59100341796876,99500000,0.0,0.0,0.004537638327967284,6.28511607208981,6.28511607208981,6.28511607208981,0.4785003662109659,-1.0,-7.777496337890611,0.0,0.0,0.8495720655091973,0.5,0.5
2022-05-23,108.46099853515624,108.81900024414062,103.9499969482422,107.55699920654295,107798000,0.0,0.0,0.004914509957853519,6.183965159504711,6.183965159504711,6.183965159504711,-0.03400421142580967,-1.0,-7.8115005493164205,0.0,0.0,0.8570171815586776,0.5714914092206612,0.4285085907793388
2022-05-24,104.0250015258789,105.4000015258789,101.26000213623048,104.0999984741211,102934000,0.0,0.0,0.0045419297404112905,6.1920388674195515,6.1920388674195515,6.1920388674195515,-3.4910049438476705,-1.0,-11.268501281738281,0.0,0.0,1.7834170337810198,0.1082914831094901,0.8917085168905099
2022-05-25,103.65550231933594,108.1750030517578,103.6500015258789,106.7750015258789,93120000,0.0,0.0,0.004214474132047964,6.072964771595219,6.072964771595219,6.072964771595219,2.6750030517578125,1.0,2.6750030517578125,0.0,0.0,0.05635289693979956,0.02817644846989978,0.9718235515301002
2022-05-26,107.97000122070312,112.66549682617188,107.45349884033205,111.07749938964844,93002000,0.0,0.0,0.004378740632755196,6.059931237930773,6.059931237930773,6.059931237930773,6.977500915527344,1.0,6.977500915527344,0.0,0.0,0.38341357689690314,0.19170678844845157,0.8082932115515484
2022-05-27,113.5500030517578,115.18699645996094,112.62799835205078,115.14649963378906,93660000,0.0,0.0,0.004571257992155641,5.9206145116723246,5.9206145116723246,5.9206145116723246,11.046501159667969,1.0,11.046501159667969,0.0,0.0,0.9609862375668463,0.48049311878342316,0.5195068812165768
2022-05-31,116.27999877929688,121.99449920654295,115.6750030517578,120.20950317382812,144634000,0.0,0.0,0.0073695341952920625,5.9868563017495795,5.9868563017495795,5.9868563017495795,16.10950469970703,1.0,16.10950469970703,0.0,0.0,2.0,1.0,0.0
2022-06-01,122.25599670410156,125.1790008544922,120.62249755859376,121.68399810791016,127528000,0.0,0.0,0.006577636332989908,5.914187828814901,5.914187828814901,5.914187828814901,17.583999633789062,1.0,17.583999633789062,0.0,0.0,2.0,1.0,0.0
2022-06-02,121.68399810791016,125.61000061035156,120.04499816894533,125.51100158691406,100560000,0.0,0.0,0.005349804341988106,5.889246015428568,5.889246015428568,5.889246015428568,21.41100311279297,1.0,21.41100311279297,0.0,0.0,2.0,1.0,0.0
2022-06-03,124.1999969482422,124.4000015258789,121.04650115966795,122.3499984741211,97604000,0.0,0.0,0.005061770185706285,5.787478473415535,5.787478473415535,5.787478473415535,-3.1610031127929688,1.0,18.25,0.0,0.0,2.0,0.5,0.5
2022-06-06,125.25,128.99000549316406,123.80999755859376,124.79000091552734,135269000,0.0,20.0,0.007154987943039486,5.848373369531781,5.848373369531781,5.848373369531781,2.44000244140625,1.0,20.69000244140625,0.0,0.0,2.0,1.0,0.0
2022-06-07,122.01000213623048,124.0999984741211,120.62999725341795,123.0,85156700,0.0,0.0,0.00443971174326735,5.727775533287325,5.727775533287325,5.727775533287325,-1.7900009155273438,-1.0,-1.7900009155273438,0.41650390625,0.054141670505720725,0.0074848900030269104,0.9691867197456262,0.03081328025437382
2022-06-08,122.61000061035156,123.75,120.75,121.18000030517578,64926600,0.0,0.0,0.0033349125418451952,5.532934423766802,5.532934423766802,5.532934423766802,-3.6100006103515625,-1.0,-3.6100006103515625,0.0,0.0,0.03044342193170766,0.9847782890341462,0.01522171096585383
2022-06-09,119.98999786376952,121.3000030517578,116.0999984741211,116.1500015258789,67029800,0.0,0.0,0.0033000307168637275,5.5091537204717955,5.5091537204717955,5.5091537204717955,-8.639999389648438,-1.0,-8.639999389648438,0.0,0.0,0.1743838813611052,0.9128080593194474,0.0871919406805526
2022-06-10,113.41999816894533,114.5,109.0500030517578,109.6500015258789,87266000,0.0,0.0,0.004055874896391245,5.622785488589604,5.622785488589604,5.622785488589604,-15.139999389648438,-1.0,-15.139999389648438,0.0,0.0,0.5354644359333494,0.7322677820333253,0.2677322179666747
2022-06-13,104.19000244140624,106.54000091552734,101.86000061035156,103.66999816894533,99277700,0.0,0.0,0.004362501978657932,5.777586590513728,5.777586590513728,5.777586590513728,-21.120002746582017,-1.0,-21.120002746582017,0.0,0.0,1.0419979315532395,0.47900103422338025,0.5209989657766197
2022-06-14,104.19000244140624,104.87999725341795,101.43000030517578,102.30999755859376,69728800,0.0,0.0,0.00302385599192835,5.611330187494332,5.611330187494332,5.611330187494332,-22.48000335693358,-1.0,-22.48000335693358,0.0,0.0,1.1805154075775495,0.40974229621122527,0.5902577037887747
2022-06-15,103.86000061035156,109.05999755859376,103.52999877929688,107.66999816894533,85011100,0.0,0.0,0.0038797271174604775,5.692663745530451,5.692663745530451,5.692663745530451,5.3600006103515625,1.0,5.3600006103515625,2.5199966430664205,0.2210396815413447,0.056850846388167654,0.13894526396475618,0.8610547360352439
2022-06-16,104.47000122070312,104.58000183105467,102.01000213623048,103.66000366210938,82186300,0.0,0.0,0.0036111164020590034,5.690330337472194,5.690330337472194,5.690330337472194,-4.009994506835952,-1.0,-4.009994506835952,0.0,0.0,0.5597033123584393,0.7201483438207803,0.27985165617921964
2022-06-17,102.8000030517578,106.9800033569336,102.51000213623048,106.22000122070312,99772100,0.0,0.0,0.004492067301062275,5.603163971988688,5.603163971988688,5.603163971988688,2.55999755859375,1.0,2.55999755859375,0.0,0.0,0.4075599937264558,0.2037799968632279,0.7962200031367721
2022-06-21,108.1999969482422,111.62999725341795,103.55999755859376,108.68000030517578,70901200,0.0,0.0,0.003266134428220031,5.779366523619796,5.779366523619796,5.779366523619796,5.019996643066406,1.0,5.019996643066406,0.0,0.0,1.567181506259741,0.7835907531298705,0.21640924687012952
2022-06-22,107.43000030517578,112.12999725341795,107.0199966430664,108.9499969482422,60040100,0.0,0.0,0.00277267820274977,5.731554672672064,5.731554672672064,5.731554672672064,5.289993286132827,1.0,5.289993286132827,0.0,0.0,1.740294254155568,0.870147127077784,0.12985287292221603
2022-06-23,110.38999938964844,113.0,107.93000030517578,112.44000244140624,64345300,0.0,0.0,0.003066680384680547,5.684300745682933,5.684300745682933,5.684300745682933,8.77999877929686,1.0,8.77999877929686,0.0,0.0,2.0,1.0,0.0
2022-06-24,112.37999725341795,116.70999908447266,111.43000030517578,116.45999908447266,69867600,0.0,0.0,0.003448922586858122,5.655422033798215,5.655422033798215,5.655422033798215,12.799995422363281,1.0,12.799995422363281,0.0,0.0,2.0,1.0,0.0
2022-06-27,117.08999633789062,117.9800033569336,112.6999969482422,113.22000122070312,62133200,0.0,0.0,0.0029817945421947993,5.62860663200487,5.62860663200487,5.62860663200487,-3.2399978637695312,1.0,9.55999755859375,0.0,0.0,2.0,0.5,0.5
2022-06-28,113.5,114.8499984741211,107.04000091552734,107.4000015258789,74942900,0.0,0.0,0.003411659037055591,5.784420269618362,5.784420269618362,5.784420269618362,-9.05999755859375,-1.0,-5.819999694824219,4.3899993896484375,0.23478630356922436,0.37062128801401517,0.6972962042083802,0.30270379579161977
2022-06-29,107.37999725341795,110.98999786376952,106.91000366210938,108.91999816894533,66375300,0.0,0.0,0.003064396525736058,5.66267555047849,5.66267555047849,5.66267555047849,1.5199966430664205,-1.0,-4.300003051757798,0.0,0.0,0.20231214974563974,0.5,0.5
2022-06-30,108.11000061035156,108.18000030517578,102.5199966430664,106.20999908447266,97679400,0.0,0.0,0.004397432960406402,5.71534169157852,5.71534169157852,5.71534169157852,-2.7099990844726705,-1.0,-7.010002136230469,0.0,0.0,0.5376761069539353,0.7311619465230323,0.26883805347696765
2022-07-01,106.29000091552734,109.75,105.8499984741211,109.55999755859376,73021200,0.0,0.0,0.0033910314567679907,5.585674536885691,5.585674536885691,5.585674536885691,3.349998474121108,1.0,3.349998474121108,0.0,0.0,0.22837729139183646,0.11418864569591823,0.8858113543040818
2022-07-05,107.5999984741211,114.08000183105467,106.31999969482422,113.5,76583700,0.0,0.0,0.0036843683686328243,5.740983651124602,5.740983651124602,5.740983651124602,7.290000915527344,1.0,7.290000915527344,0.0,0.0,1.0814809281642404,0.5407404640821202,0.4592595359178798
2022-07-06,113.20999908447266,115.4800033569336,112.01000213623048,114.33000183105467,66958900,0.0,0.0,0.0032448853734732843,5.57877062038021,5.57877062038021,5.57877062038021,8.120002746582017,1.0,8.120002746582017,0.0,0.0,1.3417637411957821,0.6708818705978911,0.32911812940210894
2022-07-07,113.8499984741211,116.98999786376952,113.48999786376952,116.33000183105467,57872300,0.0,0.0,0.002853601447191973,5.430287004638767,5.430287004638767,5.430287004638767,10.120002746582017,1.0,10.120002746582017,0.0,0.0,2.0,1.0,0.0
2022-07-08,114.5999984741211,116.58000183105467,113.69000244140624,115.54000091552734,45719700,0.0,0.0,0.0022390643620435373,5.248837889282314,5.248837889282314,5.248837889282314,-0.7900009155273295,1.0,9.330001831054688,0.0,0.0,1.7714428972030474,0.5,0.5
2022-07-11,114.08000183105467,114.3000030517578,110.87000274658205,111.75,53487600,0.0,0.0,0.002533561682573222,5.207492194972528,5.207492194972528,5.207492194972528,-4.580001831054673,-1.0,-3.7900009155273438,2.6199951171874716,0.3272424689376447,0.16501186461469233,0.7538728332238315,0.24612716677616853
2022-07-12,112.16000366210938,113.2300033569336,108.33999633789062,109.22000122070312,54280300,0.0,0.0,0.0025129002830659563,5.184814682406131,5.184814682406131,5.184814682406131,-7.110000610351548,-1.0,-6.319999694824219,0.0,0.0,0.45884991613714976,0.7705750419314251,0.22942495806857488
2022-07-13,107.02999877929688,111.77999877929688,106.01000213623048,110.4000015258789,61353800,0.0,0.0,0.0028710541563094143,5.226613393881864,5.226613393881864,5.226613393881864,1.1800003051757812,-1.0,-5.1399993896484375,0.0,0.0,0.30350278240919654,0.5,0.5
2022-07-14,110.23999786376952,111.18000030517578,107.58000183105467,110.62999725341795,51163100,0.0,0.0,0.002399167619285734,5.110426613898953,5.110426613898953,5.110426613898953,1.4099960327148295,-1.0,-4.910003662109389,0.0,0.0,0.276949237718903,0.5,0.5
2022-07-15,112.5,115.58999633789062,111.58999633789062,113.5500030517578,84317800,0.0,0.0,0.004058235593964546,5.099681790368504,5.099681790368504,5.099681790368504,4.330001831054673,1.0,2.9200057983398438,3.80999755859375,0.7742357748711959,0.35367453857915615,0.563955156725176,0.43604484327482396
2022-07-18,115.0,117.23999786376952,113.1500015258789,113.76000213623048,59115400,0.0,0.0,0.0028505001160080306,5.027561400905798,5.027561400905798,5.027561400905798,4.540000915527358,1.0,3.1300048828125284,0.0,0.0,0.4063744530851293,0.20318722654256466,0.7968127734574353
2022-07-19,115.6999969482422,118.9499969482422,114.02999877929688,118.20999908447266,60990000,0.0,0.0,0.003055932000510971,5.039163787413364,5.039163787413364,5.039163787413364,8.989997863769531,1.0,7.580001831054702,0.0,0.0,2.0,1.0,0.0
2022-07-20,118.62000274658205,123.4800033569336,118.31999969482422,122.7699966430664,71268300,0.0,0.0,0.0037086810256486327,5.055652393488191,5.055652393488191,5.055652393488191,13.549995422363281,1.0,12.139999389648452,0.0,0.0,2.0,1.0,0.0
2022-07-21,123.1999969482422,124.8499984741211,121.26000213623048,124.62999725341795,60239900,0.0,0.0,0.0031822747041730607,4.950962675231221,4.950962675231221,4.950962675231221,15.40999603271483,1.0,14.0,0.0,0.0,2.0,1.0,0.0
2022-07-22,125.01000213623048,125.5,121.3499984741211,122.41999816894533,51463800,0.0,0.0,0.0026704537343802976,4.893751164563199,4.893751164563199,4.893751164563199,-2.209999084472628,1.0,11.790000915527372,0.0,0.0,2.0,0.5,0.5
2022-07-25,122.6999969482422,123.63999938964844,120.02999877929688,121.13999938964844,50221300,0.0,0.0,0.0025787328725046105,4.802054696405225,4.802054696405225,4.802054696405225,-3.489997863769517,-1.0,-1.2799987792968892,1.230003356933608,0.12421163292363943,0.011786678382501721,0.9320008443469294,0.06799915565307058
2022-07-26,115.79000091552734,118.1500015258789,114.52999877929688,114.80999755859376,67075100,0.0,0.0,0.0032641632840762313,4.931193690258535,4.931193690258535,4.931193690258535,-9.81999969482419,-1.0,-7.6100006103515625,0.0,0.0,0.41662152623893023,0.7916892368805348,0.20831076311946511
2022-07-27,117.30999755859376,121.9000015258789,117.16000366210938,120.97000122070312,61582000,0.0,0.0,0.0031576378072186817,5.085394424331865,5.085394424331865,5.085394424331865,6.160003662109361,1.0,6.160003662109361,0.0,0.0,0.6552281652785027,0.32761408263925135,0.6723859173607487
2022-07-28,121.56999969482422,122.83999633789062,118.08000183105467,122.27999877929688,82245500,0.0,0.0,0.004262833890106483,5.062151573082157,5.062151573082157,5.062151573082157,7.470001220703111,1.0,7.470001220703111,0.0,0.0,0.9635449117957424,0.4817724558978712,0.5182275441021288
2022-07-29,134.89999389648438,137.64999389648438,132.41000366210938,134.9499969482422,148892900,0.0,0.0,0.00851682466934993,5.798426111946824,5.798426111946824,5.798426111946824,20.139999389648423,1.0,20.139999389648423,0.0,0.0,2.0,1.0,0.0
2022-08-01,134.9600067138672,138.8300018310547,133.50999450683594,135.38999938964844,76846900,0.0,0.0,0.004410052686492294,5.764253341394819,5.764253341394819,5.764253341394819,20.580001831054673,1.0,20.580001831054673,0.0,0.0,2.0,1.0,0.0
2022-08-02,134.72000122070312,137.44000244140625,134.08999633789062,134.16000366210938,61922400,0.0,0.0,0.0035212890875449313,5.591807110117734,5.591807110117734,5.591807110117734,-1.2299957275390625,1.0,19.35000610351561,0.0,0.0,2.0,0.5,0.5
2022-08-03,136.2100067138672,140.49000549316406,136.0500030517578,139.52000427246094,71827800,0.0,0.0,0.0042477591544849876,5.644535304470374,5.644535304470374,5.644535304470374,5.3600006103515625,1.0,24.710006713867173,0.0,0.0,2.0,1.0,0.0
2022-08-04,140.5800018310547,143.55999755859375,139.5500030517578,142.57000732421875,70585000,0.0,0.0,0.004265514571388764,5.529925160303405,5.529925160303405,5.529925160303405,8.410003662109375,1.0,27.760009765624986,0.0,0.0,2.0,1.0,0.0
2022-08-05,140.10000610351562,142.86000061035156,139.60000610351562,140.8000030517578,50686900,0.0,0.0,0.003025026850238277,5.3677872564843,5.3677872564843,5.3677872564843,-1.7700042724609375,1.0,25.99000549316405,0.0,0.0,2.0,0.5,0.5
2022-08-08,142.0500030517578,144.22999572753906,138.2899932861328,139.41000366210938,52229000,0.0,0.0,0.003086288270125999,5.408659769693011,5.408659769693011,5.408659769693011,-3.160003662109375,1.0,24.60000610351561,1.260009765625,0.1589910400672108,2.0,0.9263586383099296,0.07364136169007042
2022-08-09,138.0500030517578,138.9499969482422,136.2100067138672,137.8300018310547,40434700,0.0,0.0,0.002362266146282504,5.25089813958938,5.25089813958938,5.25089813958938,-4.7400054931640625,-1.0,-1.5800018310546875,3.3899993896484375,0.5114951853152837,0.0041251975467119385,0.7421898085690022,0.2578101914309978
2022-08-10,142.89999389648438,144.60000610351562,141.00999450683594,142.69000244140625,54773800,0.0,0.0,0.003312815549754229,5.359405720508778,5.359405720508778,5.359405720508778,4.8600006103515625,1.0,4.8600006103515625,0.3700103759765625,0.00579635742953925,2.0,1.0,0.0
2022-08-11,143.86000061035156,144.49000549316406,139.75999450683594,140.63999938964844,44867300,0.0,0.0,0.0026746664514540742,5.314448953781588,5.314448953781588,5.314448953781588,-2.0500030517578125,-1.0,-2.0500030517578125,0.0,0.0,0.17792475133604468,0.9110376243319777,0.08896237566802234
2022-08-12,142.0500030517578,143.57000732421875,140.1199951171875,143.5500030517578,47643500,0.0,0.0,0.002898929830376656,5.181274900442279,5.181274900442279,5.181274900442279,2.910003662109375,-1.0,0.8600006103515625,0.0,0.0,0.175990207680549,0.0879951038402745,0.9120048961597255
2022-08-15,142.8000030517578,143.75999450683594,141.49000549316406,143.17999267578125,39014600,0.0,0.0,0.002367774469232734,4.973325908530107,4.973325908530107,4.973325908530107,-0.3700103759765625,1.0,-0.3700103759765625,0.0,0.0,0.185110173067497,0.9074449134662514,0.0925550865337485
2022-08-16,143.91000366210938,146.57000732421875,142.0,144.77999877929688,59102900,0.0,0.0,0.0036270053690673656,4.944517438222153,4.944517438222153,4.944517438222153,1.600006103515625,1.0,1.2299957275390625,3.0,2.0,2.0,1.0,0.0
2022-08-17,142.69000244140625,143.3800048828125,140.77999877929688,142.10000610351562,48149800,0.0,0.0,0.0029001430698127333,4.8770519069205704,4.8770519069205704,4.8770519069205704,-2.67999267578125,-1.0,-2.67999267578125,0.7100067138671875,0.07018716433605124,2.0,0.0,1.0
2022-08-18,141.32000732421875,142.77000427246094,140.3800048828125,142.3000030517578,37458700,0.0,0.0,0.0022593756789329633,4.69940529854399,4.69940529854399,4.69940529854399,0.1999969482421875,-1.0,-2.4799957275390625,0.0,0.0,2.0,0.5,0.5
2022-08-19,140.47000122070312,141.11000061035156,137.91000366210938,138.22999572753906,47792800,0.0,0.0,0.002800242279117556,4.677304876480022,4.677304876480022,4.677304876480022,-4.07000732421875,-1.0,-6.5500030517578125,0.0,0.0,2.0,0.0,1.0
2022-08-22,135.72000122070312,136.32000732421875,132.85000610351562,133.22000122070312,50461500,0.0,0.0,0.0028494459817757327,4.727496644161695,4.727496644161695,4.727496644161695,-9.080001831054688,-1.0,-11.55999755859375,0.0,0.0,2.0,0.0,1.0
2022-08-23,133.41000366210938,134.99000549316406,132.9499969482422,133.6199951171875,36252100,0.0,0.0,0.0020532198760932806,4.535533208501708,4.535533208501708,4.535533208501708,0.399993896484375,-1.0,-11.160003662109375,0.0,0.0,2.0,0.5,0.5
2022-08-24,132.75,135.47000122070312,132.10000610351562,133.8000030517578,38627000,0.0,0.0,0.002190674948273129,4.4522804876935504,4.4522804876935504,4.4522804876935504,0.5800018310546875,-1.0,-10.979995727539062,0.0,0.0,2.0,0.5,0.5
2022-08-25,135.25999450683594,137.4199981689453,134.27999877929688,137.27999877929688,37496300,0.0,0.0,0.0021818581930849483,4.392831532657405,4.392831532657405,4.392831532657405,4.05999755859375,1.0,3.4799957275390625,2.42999267578125,0.3582270563420558,0.10045072584614081,0.22933889109409833,0.7706611089059017
2022-08-26,136.5500030517578,137.8300018310547,130.5,130.75,53322700,0.0,0.0,0.0029551849632695215,4.6026294111143535,4.6026294111143535,4.6026294111143535,-6.529998779296875,1.0,-3.0500030517578125,1.600006103515625,0.06003673675780304,0.7681448554569145,0.5859092038926412,0.41409079610735877
2022-08-29,129.89999389648438,131.9499969482422,128.77000427246094,129.7899932861328,48101600,0.0,0.0,0.0026462542675712982,4.501012501447703,4.501012501447703,4.501012501447703,-7.4900054931640625,-1.0,-0.9600067138671875,0.0,0.0,0.07610113238513429,0.9619494338074328,0.038050566192567144
2022-08-30,131.25,132.07000732421875,126.8499984741211,128.72999572753906,49203000,0.0,0.0,0.0026847396518239796,4.552369383494129,4.552369383494129,4.552369383494129,-8.550003051757812,-1.0,-2.0200042724609375,0.0,0.0,0.3369357973302053,0.8315321013348973,0.16846789866510264
2022-08-31,129.4499969482422,130.58999633789062,126.73999786376952,126.7699966430664,53648700,0.0,0.0,0.0028827469444185896,4.502200032824628,4.502200032824628,4.502200032824628,-10.510002136230469,-1.0,-3.9800033569335938,0.0,0.0,1.30800515395439,0.345997423022805,0.654002576977195
2022-09-01,126.0,128.02000427246094,123.66000366210938,127.81999969482422,56636100,0.0,0.0,0.0030684778383280467,4.492042931219409,4.492042931219409,4.492042931219409,1.0500030517578125,-1.0,-2.9300003051757812,0.0,0.0,0.7088884651256139,0.5,0.5
2022-09-02,129.5,131.3800048828125,126.38999938964844,127.51000213623048,57429800,0.0,0.0,0.003103933411492814,4.527611685644027,4.527611685644027,4.527611685644027,-0.3099975585937358,1.0,-0.3099975585937358,0.790008544921875,2.0,0.007935222808356535,0.0,1.0
2022-09-06,127.91999816894533,128.6199951171875,124.73999786376952,126.11000061035156,43888600,0.0,0.0,0.0023460220746275274,4.481353511913595,4.481353511913595,4.481353511913595,-1.7099990844726562,-1.0,-1.4000015258789205,0.5999908447265625,0.12311117924470334,0.1618451153669414,0.8575218526941777,0.14247814730582237
2022-09-07,126.12000274658205,129.82000732421875,125.4000015258789,129.47999572753906,47900300,0.0,0.0,0.0026288859705123476,4.476971532372613,4.476971532372613,4.476971532372613,3.3699951171875,1.0,3.3699951171875,0.0,0.0,2.0,1.0,0.0
2022-09-08,127.72000122070312,130.27999877929688,127.0999984741211,129.82000732421875,43988500,0.0,0.0,0.0024205364175090877,4.384330730429983,4.384330730429983,4.384330730429983,3.7100067138671875,1.0,3.7100067138671875,0.0,0.0,2.0,1.0,0.0
2022-09-09,130.91000366210938,133.69000244140625,130.75999450683594,133.27000427246094,49387600,0.0,0.0,0.0027898520500712672,4.347592472341234,4.347592472341234,4.347592472341234,7.160003662109375,1.0,7.160003662109375,0.0,0.0,2.0,1.0,0.0
2022-09-12,134.10000610351562,136.49000549316406,134.0,136.4499969482422,53826900,0.0,0.0,0.00311317645957906,4.267050240081369,4.267050240081369,4.267050240081369,10.339996337890625,1.0,10.339996337890625,0.0,0.0,2.0,1.0,0.0
2022-09-13,131.00999450683594,131.39999389648438,126.2699966430664,126.81999969482422,72694000,0.0,0.0,0.003907663455416779,4.689403816159541,4.689403816159541,4.689403816159541,-9.629997253417969,-1.0,-9.629997253417969,4.489997863769531,0.21739019005826068,0.8673842992971995,0.45761275532226986,0.5423872446777301
2022-09-14,127.36000061035156,128.83999633789062,126.33000183105467,128.5500030517578,45316800,0.0,0.0,0.0024692335274392016,4.5337317226364275,4.5337317226364275,4.5337317226364275,1.7300033569335938,-1.0,-7.899993896484375,0.0,0.0,0.583730978190678,0.5,0.5
2022-09-15,127.37999725341795,130.3699951171875,125.5,126.27999877929688,52887200,0.0,0.0,0.0028308442967196327,4.557750536532933,4.557750536532933,4.557750536532933,-2.2700042724609375,-1.0,-10.169998168945312,0.0,0.0,0.9673886319584982,0.5163056840207509,0.4836943159792491
2022-09-16,122.77999877929688,123.87000274658205,120.6999969482422,123.52999877929688,115667800,0.0,0.0,0.006056416743581319,4.630768486141629,4.630768486141629,4.630768486141629,-5.0200042724609375,-1.0,-12.919998168945312,0.0,0.0,1.5612919997264543,0.21935400013677286,0.7806459998632271
2022-09-19,122.16000366210938,124.70999908447266,121.8000030517578,124.66000366210938,47279700,0.0,0.0,0.0024982315367192676,4.507856168039717,4.507856168039717,4.507856168039717,1.1300048828125,1.0,1.1300048828125,0.0,0.0,0.007649547328129131,0.0038247736640645656,0.9961752263359355
2022-09-20,123.3499984741211,124.4000015258789,121.13999938964844,122.19000244140624,47698400,0.0,0.0,0.002470417321034613,4.437295318355519,4.437295318355519,4.437295318355519,-2.470001220703139,-1.0,-2.470001220703139,0.0,0.0,2.0,0.0,1.0
2022-09-21,122.48999786376952,123.76000213623048,118.4499969482422,118.54000091552734,58498900,0.0,0.0,0.0029392969565070334,4.499631737615002,4.499631737615002,4.499631737615002,-6.120002746582031,-1.0,-6.120002746582031,0.0,0.0,2.0,0.0,1.0
2022-09-22,117.08000183105467,118.79000091552734,116.26000213623048,117.30999755859376,55229200,0.0,0.0,0.002746215519689524,4.358943669163706,4.358943669163706,4.358943669163706,-7.350006103515611,-1.0,-7.350006103515611,0.0,0.0,2.0,0.0,1.0
2022-09-23,116.0,116.0500030517578,112.05999755859376,113.77999877929688,65126700,0.0,0.0,0.0031409124898379268,4.422590549937727,4.422590549937727,4.422590549937727,-10.8800048828125,-1.0,-10.8800048828125,0.0,0.0,2.0,0.0,1.0
2022-09-26,113.3000030517578,117.33999633789062,113.12999725341795,115.1500015258789,62723300,0.0,0.0,0.0030614254369283624,4.407405445261651,4.407405445261651,4.407405445261651,1.3700027465820312,1.0,1.3700027465820312,0.0,0.0,0.015855673532255442,0.007927836766127721,0.9920721632338723
2022-09-27,117.1999969482422,118.31999969482422,113.0500030517578,114.41000366210938,60094700,0.0,0.0,0.002914278215291423,4.469019102247707,4.469019102247707,4.469019102247707,-0.7399978637695312,1.0,0.6300048828125,0.0,0.0,0.0033529698660729316,0.5,0.5
2022-09-28,114.37999725341795,118.6999969482422,113.8000030517578,118.01000213623048,55763800,0.0,0.0,0.002789343617668147,4.499803016121756,4.499803016121756,4.499803016121756,3.599998474121108,1.0,4.230003356933608,0.0,0.0,0.1511552526510833,0.07557762632554164,0.9244223736744583
2022-09-29,115.5999984741211,116.06999969482422,113.05999755859376,114.8000030517578,58969700,0.0,0.0,0.0028694697905182953,4.5319602705156825,4.5319602705156825,4.5319602705156825,-3.2099990844726847,-1.0,-3.2099990844726847,0.0,0.0,0.5758752224429484,0.7120623887785258,0.2879376112214742
2022-09-30,114.08000183105467,116.91999816894533,112.83999633789062,113.0,59479600,0.0,0.0,0.0028489007636669974,4.499677524839898,4.499677524839898,4.499677524839898,-5.010002136230483,-1.0,-5.010002136230483,0.0,0.0,1.4027956097727132,0.2986021951136434,0.7013978048863566
2022-10-03,113.58000183105467,116.91000366210938,112.4499969482422,115.87999725341795,50941900,0.0,0.0,0.0025021564108694667,4.496843895484703,4.496843895484703,4.496843895484703,2.8799972534179545,-1.0,-2.1300048828125284,0.8400039672851562,0.08507041026411097,0.2535594341778616,0.2512194706414561,0.7487805293585439
2022-10-04,119.88999938964844,123.0,119.79000091552734,121.08999633789062,62812600,0.0,0.0,0.0032239320186797427,4.6842123848487995,4.6842123848487995,4.6842123848487995,8.089996337890625,1.0,5.2099990844726705,6.080001831054673,0.5648209150901947,2.0,1.0,0.0
2022-10-05,118.58000183105467,121.75,117.69000244140624,120.9499969482422,48217500,0.0,0.0,0.0024719597203739277,4.639625611544869,4.639625611544869,4.639625611544869,-0.1399993896484233,-1.0,-0.1399993896484233,0.0,0.0,0.0007220661576656953,0.9996389669211672,0.00036103307883284766
2022-10-06,120.7699966430664,121.52999877929688,119.5,120.3000030517578,42253800,0.0,0.0,0.002154578141795169,4.453223694955726,4.453223694955726,4.453223694955726,-0.7899932861328267,-1.0,-0.7899932861328267,0.0,0.0,0.022991722380599686,0.9885041388097001,0.011495861190299843
2022-10-07,118.0,118.16999816894533,113.87999725341795,114.55999755859376,54678000,0.0,0.0,0.002655072932626713,4.593708130911735,4.593708130911735,4.593708130911735,-6.529998779296861,-1.0,-6.529998779296861,0.0,0.0,1.570908560009816,0.21454571999509198,0.785454280004908
2022-10-10,115.0999984741211,116.25,112.43000030517578,113.66999816894533,42339700,0.0,0.0,0.0020399732302889832,4.53844324261977,4.53844324261977,4.53844324261977,-7.419998168945298,-1.0,-7.419998168945298,0.0,0.0,2.0,0.0,1.0
2022-10-11,112.70999908447266,115.4800033569336,110.38999938964844,112.20999908447266,56432200,0.0,0.0,0.002684042443966737,4.577840437238726,4.577840437238726,4.577840437238726,-8.879997253417969,-1.0,-8.879997253417969,0.0,0.0,2.0,0.0,1.0
2022-10-12,112.48999786376952,113.83000183105467,111.4000015258789,112.9000015258789,45728700,0.0,0.0,0.0021883341708338,4.4244232849485154,4.4244232849485154,4.4244232849485154,0.69000244140625,-1.0,-8.189994812011719,0.0,0.0,2.0,0.5,0.5
2022-10-13,107.87999725341795,113.44000244140624,105.3499984741211,112.52999877929688,86868100,0.0,0.0,0.004143424938967522,4.6862504765439885,4.6862504765439885,4.6862504765439885,-0.37000274658203125,-1.0,-8.55999755859375,0.0,0.0,2.0,0.0,1.0
2022-10-14,114.0999984741211,114.95999908447266,106.5999984741211,106.9000015258789,67737300,0.0,0.0,0.00306927945306014,4.948661200387387,4.948661200387387,4.948661200387387,-6.0,1.0,-5.629997253417969,1.129997253417983,0.03546927202033848,1.1677263277604493,0.39840220010960614,0.6015977998903939
2022-10-17,110.11000061035156,114.19000244140624,110.08999633789062,113.79000091552734,62782000,0.0,0.0,0.0030280991159789485,5.115899751468811,5.115899751468811,5.115899751468811,6.8899993896484375,1.0,1.2600021362304688,0.75,0.011849067129077651,0.05008713572385484,0.030968101426466246,0.9690318985735338
2022-10-18,119.05999755859376,119.5199966430664,114.79000091552734,116.36000061035156,65607400,0.0,0.0,0.003235842545673946,5.159763749759544,5.159763749759544,5.159763749759544,9.459999084472656,1.0,3.8300018310546875,0.0,0.0,0.46278747569263756,0.23139373784631878,0.7686062621536812
2022-10-19,114.70999908447266,116.58999633789062,113.22000122070312,115.06999969482422,47198100,0.0,0.0,0.0023020643901813702,5.031923133147256,5.031923133147256,5.031923133147256,-1.2900009155273438,-1.0,-1.2900009155273438,0.0,0.0,0.11344414174936156,0.9432779291253193,0.05672207087468078
2022-10-20,113.83000183105467,118.23999786376952,113.51000213623048,115.25,48795100,0.0,0.0,0.0023836801798293606,5.010356889889525,5.010356889889525,5.010356889889525,0.18000030517578125,1.0,0.18000030517578125,0.0,0.0,0.01947002215851624,0.00973501107925812,0.9902649889207419
2022-10-21,114.79000091552734,119.58999633789062,114.5,119.31999969482422,55660500,0.0,0.0,0.0028150828811699057,5.016045421889604,5.016045421889604,5.016045421889604,4.25,1.0,4.25,0.0,0.0,2.0,1.0,0.0
2022-10-24,119.9800033569336,120.38999938964844,116.56999969482422,119.81999969482422,49531500,0.0,0.0,0.00251560027376882,4.930613584242077,4.930613584242077,4.930613584242077,4.75,1.0,4.75,0.0,0.0,2.0,1.0,0.0
2022-10-25,119.6500015258789,121.31999969482422,118.9499969482422,120.5999984741211,50934600,0.0,0.0,0.0026037005878083394,4.7477128101235015,4.7477128101235015,4.7477128101235015,5.529998779296875,1.0,5.529998779296875,0.0,0.0,2.0,1.0,0.0
2022-10-26,116.0,119.3499984741211,114.76000213623048,115.66000366210938,68802300,0.0,0.0,0.0033730050949730946,4.825733062106867,4.825733062106867,4.825733062106867,-4.939994812011719,-1.0,-4.939994812011719,1.8099975585937358,0.13424650638546665,0.798000043049138,0.5338767252826977,0.4661232747173023
2022-10-27,113.91999816894533,114.12000274658205,109.7699966430664,110.95999908447266,129605400,0.0,0.0,0.006095655016867157,4.901752630459446,4.901752630459446,4.901752630459446,-9.639999389648438,-1.0,-9.639999389648438,0.0,0.0,2.0,0.0,1.0
2022-10-28,97.91000366210938,103.95999908447266,97.66000366210938,103.41000366210938,223133400,0.0,0.0,0.009780430593901003,5.501627115595434,5.501627115595434,5.501627115595434,-17.18999481201172,-1.0,-17.18999481201172,0.0,0.0,2.0,0.0,1.0
2022-10-31,103.55999755859376,104.87000274658205,100.73999786376952,102.44000244140624,99251400,0.0,0.0,0.004309600972376185,5.403654098968084,5.403654098968084,5.403654098968084,-18.159996032714858,1.0,-0.9700012207031392,0.0,0.0,0.030767661630593378,0.9846161691847033,0.015383830815296689
2022-11-01,103.98999786376952,104.58000183105467,96.05999755859376,96.79000091552734,153370000,0.0,0.0,0.006292188874051193,5.626250539931857,5.626250539931857,5.626250539931857,-23.80999755859375,-1.0,-5.650001525878892,0.620002746582017,0.0006780606241389334,1.0438715451709242,0.4777251971024684,0.5222748028975316
2022-11-02,97.31999969482422,97.73999786376952,92.01000213623048,92.12000274658205,135761800,0.0,0.0,0.005301055713173278,5.6336609104752275,5.6336609104752275,5.6336609104752275,-28.47999572753905,-1.0,-10.31999969482419,0.0,0.0,2.0,0.0,1.0
2022-11-03,92.47000122070312,93.5,89.0199966430664,89.30000305175781,136683300,0.0,0.0,0.005173658614308832,5.551256799507968,5.551256799507968,5.551256799507968,-31.29999542236328,-1.0,-13.139999389648423,0.0,0.0,2.0,0.0,1.0
2022-11-04,91.48999786376952,92.44000244140624,88.04000091552734,90.9800033569336,129101300,0.0,0.0,0.004978601927357142,5.469024279963034,5.469024279963034,5.469024279963034,1.6800003051757812,-1.0,-11.459999084472642,0.0,0.0,2.0,0.5,0.5
2022-11-07,91.9499969482422,92.0999984741211,89.04000091552734,90.52999877929688,77495700,0.0,0.0,0.0029737260611313768,5.296950942722371,5.296950942722371,5.296950942722371,-0.45000457763671875,-1.0,-11.91000366210936,0.0,0.0,2.0,0.0,1.0
2022-11-08,90.79000091552734,91.72000122070312,88.2300033569336,89.9800033569336,88703400,0.0,0.0,0.003383117725531264,5.167882865654311,5.167882865654311,5.167882865654311,-1.0,-1.0,-12.459999084472642,0.0,0.0,2.0,0.0,1.0
2022-11-09,89.47000122070312,89.4800033569336,85.87000274658203,86.13999938964844,90796200,0.0,0.0,0.003315151469135601,5.092319847418401,5.092319847418401,5.092319847418401,-4.840003967285156,-1.0,-16.3000030517578,0.0,0.0,2.0,0.0,1.0
2022-11-10,92.94000244140624,98.69000244140624,91.6500015258789,96.62999725341795,173414900,0.0,0.0,0.007102793947125024,5.625011504871215,5.625011504871215,5.625011504871215,10.489997863769517,1.0,10.489997863769517,6.970001220703111,0.44148393906475025,0.4141669388292105,0.4278254389469804,0.5721745610530196
2022-11-11,97.87999725341795,101.19000244140624,96.66000366210938,100.79000091552734,111590500,0.0,0.0,0.004767333252085098,5.548939625093863,5.548939625093863,5.548939625093863,14.650001525878906,1.0,14.650001525878906,0.0,0.0,0.8077927823520661,0.40389639117603304,0.596103608823967
2022-11-14,98.7699966430664,100.12000274658205,97.29000091552734,98.48999786376952,99533100,0.0,0.0,0.004155186272553623,5.4025867947300155,5.4025867947300155,5.4025867947300155,-2.3000030517578267,1.0,12.34999847412108,0.0,0.0,0.5740615198123925,0.5,0.5
2022-11-15,103.20999908447266,103.79000091552734,97.33999633789062,98.94000244140624,111336300,0.0,0.0,0.0046691684266414,5.477402350651923,5.477402350651923,5.477402350651923,0.45000457763671875,1.0,12.800003051757798,0.0,0.0,0.6166585749381006,0.3083292874690503,0.6916707125309497
2022-11-16,96.8499984741211,98.48999786376952,95.54000091552734,97.12000274658205,87958800,0.0,0.0,0.0036209190912013488,5.329016577453849,5.329016577453849,5.329016577453849,-1.8199996948241903,-1.0,-1.8199996948241903,1.75,0.9245565230751821,0.02021726873587552,0.5276131040944712,0.4723868959055288
2022-11-17,95.37000274658205,96.97000122070312,94.02999877929688,94.8499984741211,82617900,0.0,0.0,0.003321561660337049,5.169087105298944,5.169087105298944,5.169087105298944,-4.090003967285142,-1.0,-4.090003967285142,0.0,0.0,0.1021003691150876,0.9489498154424562,0.0510501845575438
2022-11-18,95.9499969482422,95.98999786376952,92.4800033569336,94.13999938964844,72428200,0.0,0.0,0.002890099016772552,5.050580491123014,5.050580491123014,5.050580491123014,-4.800003051757798,-1.0,-4.800003051757798,0.0,0.0,0.140625111758704,0.929687444120648,0.070312555879352
2022-11-21,93.97000122070312,95.0199966430664,90.58999633789062,92.45999908447266,84330300,0.0,0.0,0.0033049764485776657,5.006253334983926,5.006253334983926,5.006253334983926,-6.4800033569335795,-1.0,-6.4800033569335795,0.0,0.0,0.2562892058305295,0.8718553970847353,0.12814460291526475
2022-11-22,92.62000274658205,93.3499984741211,90.87000274658205,93.1999969482422,62192000,0.0,0.0,0.0024568648124723073,4.8258063630235775,4.8258063630235775,4.8258063630235775,0.7399978637695455,-1.0,-5.740005493164034,0.0,0.0,0.20109648041314057,0.5,0.5
2022-11-23,93.23999786376952,94.58000183105467,92.83000183105467,94.12999725341795,59414700,0.0,0.0,0.002370570051938997,4.606105908521894,4.606105908521894,4.606105908521894,1.6699981689452983,1.0,0.9300003051757528,0.0,0.0,0.026250740940599458,0.013125370470299729,0.9868746295297003
2022-11-25,93.79000091552734,94.43000030517578,93.06999969482422,93.41000366210938,35088600,0.0,0.0,0.0013892815514668882,4.37424124436687,4.37424124436687,4.37424124436687,-0.7199935913085795,1.0,0.2100067138671733,0.0,0.0,0.001338572019110894,0.5,0.5
2022-11-28,93.93000030517578,96.4000015258789,93.43000030517578,93.9499969482422,74943100,0.0,0.0,0.0029844153347437226,4.275366717181346,4.275366717181346,4.275366717181346,0.5399932861328267,1.0,0.75,0.0,0.0,0.0170725310304749,0.00853626551523745,0.9914637344847625
2022-11-29,94.04000091552734,94.41000366210938,91.44000244140624,92.41999816894533,65567300,0.0,0.0,0.0025685267596814404,4.18212632457576,4.18212632457576,4.18212632457576,-1.529998779296875,-1.0,-1.529998779296875,1.629997253417983,1.1349888016278655,2.0,0.0,1.0
2022-11-30,92.47000122070312,96.54000091552734,91.52999877929688,96.54000091552734,102805800,0.0,0.0,0.004206837673342665,4.2412603111225256,4.2412603111225256,4.2412603111225256,4.120002746582017,1.0,4.120002746582017,0.1399993896484375,0.0011546683811893843,2.0,1.0,0.0
2022-12-01,96.98999786376952,97.2300033569336,94.91999816894533,95.5,68488000,0.0,0.0,0.002772354065744891,4.1033135166129355,4.1033135166129355,4.1033135166129355,-1.0400009155273438,1.0,3.0800018310546733,0.0,0.0,2.0,0.5,0.5
2022-12-02,94.4800033569336,95.36000061035156,93.77999877929688,94.12999725341795,72496400,0.0,0.0,0.0028925130432938366,3.933076924047949,3.933076924047949,3.933076924047949,-2.410003662109389,-1.0,-1.3700027465820455,0.0,0.0,0.19785221938857547,0.9010738903057123,0.09892610969428774
2022-12-05,93.0500030517578,94.05999755859376,90.81999969482422,91.01000213623048,71535500,0.0,0.0,0.0027595710517839263,3.888571255086934,3.888571255086934,3.888571255086934,-5.529998779296861,-1.0,-4.489997863769517,0.0,0.0,2.0,0.0,1.0
2022-12-06,90.5,91.04000091552734,87.9000015258789,88.25,75503600,0.0,0.0,0.002824315517754427,3.8351018361270417,3.8351018361270417,3.8351018361270417,-8.290000915527344,-1.0,-7.25,0.0,0.0,2.0,0.0,1.0
2022-12-07,88.33999633789062,89.88999938964844,87.4800033569336,88.45999908447266,68086900,0.0,0.0,0.0025529442479427073,3.733308564454742,3.733308564454742,3.733308564454742,0.20999908447265625,-1.0,-7.040000915527344,0.0,0.0,2.0,0.5,0.5
2022-12-08,89.23999786376953,90.86000061035156,87.87999725341797,90.3499984741211,73305900,0.0,0.0,0.0028073587775825524,3.6795010496318032,3.6795010496318032,3.6795010496318032,2.0999984741210938,1.0,1.8899993896484375,0.0,0.0,0.0720738790473685,0.03603693952368425,0.9639630604763157
2022-12-09,88.9000015258789,90.3000030517578,88.62999725341797,89.08999633789062,67398500,0.0,0.0,0.0025451302403769168,3.539536776136898,3.539536776136898,3.539536776136898,-1.2600021362304688,1.0,0.6299972534179688,0.0,0.0,0.008008144129410566,0.5,0.5
2022-12-12,89.20999908447266,90.58000183105467,87.87000274658203,90.5500030517578,61999800,0.0,0.0,0.0023796308838937297,3.4802840838751656,3.4802840838751656,3.4802840838751656,1.4600067138671733,1.0,2.090003967285142,0.0099945068359375,4.6861159787131786e-05,0.08813507730079997,0.044090969230293556,0.9559090307697065
2022-12-13,95.2300033569336,96.25,90.5199966430664,92.48999786376952,100212000,0.0,0.0,0.003928668078119217,3.6409783176650534,3.6409783176650534,3.6409783176650534,3.400001525878892,1.0,4.029998779296861,0.0,0.0,0.32769091266208605,0.16384545633104303,0.836154543668957
2022-12-14,92.5,93.45999908447266,89.87000274658203,91.58000183105467,70298000,0.0,0.0,0.0027288172777241624,3.6373367476811658,3.6373367476811658,3.6373367476811658,-0.9099960327148438,-1.0,-0.9099960327148438,0.0,0.0,0.050988139895093335,0.9745059300524533,0.025494069947546667
2022-12-15,89.88999938964844,89.97000122070312,87.47000122070312,88.44999694824219,84802900,0.0,0.0,0.003179357505295182,3.6710984521576218,3.6710984521576218,3.6710984521576218,-4.0400009155273295,-1.0,-4.0400009155273295,0.0,0.0,1.0049700007528302,0.4975149996235849,0.5024850003764151
2022-12-16,88.2699966430664,89.3499984741211,86.7300033569336,87.86000061035156,146144100,0.0,0.0,0.0054425612840717,3.596019642516899,3.596019642516899,3.596019642516899,-4.6299972534179545,-1.0,-4.6299972534179545,0.0,0.0,1.319932242258373,0.3400338788708135,0.6599661211291865
2022-12-19,87.51000213623047,87.62999725341797,84.51000213623047,84.91999816894531,83531500,0.0,0.0,0.0030067069072077066,3.5784467019171986,3.5784467019171986,3.5784467019171986,-7.5699996948242045,-1.0,-7.5699996948242045,0.0,0.0,2.0,0.0,1.0
2022-12-20,85.33000183105469,86.61000061035156,84.33000183105469,85.19000244140625,74348300,0.0,0.0,0.002684667542827903,3.4857004217300327,3.4857004217300327,3.4857004217300327,0.2700042724609375,-1.0,-7.299995422363267,0.0,0.0,2.0,0.5,0.5
2022-12-21,86.18000030517578,87.2300033569336,85.20999908447266,86.7699966430664,59267200,0.0,0.0,0.002179790872063529,3.3824361712869835,3.3824361712869835,3.3824361712869835,1.8499984741210938,1.0,1.5799942016601562,0.0,0.0,0.04684527693962049,0.023422638469810245,0.9765773615301897
2022-12-22,85.5199966430664,85.68000030517578,82.25,83.79000091552734,81431300,0.0,0.0,0.002892107303369835,3.4636904906997996,3.4636904906997996,3.4636904906997996,-2.9799957275390625,-1.0,-2.9799957275390625,2.0800018310546875,0.487187516650171,2.0,0.0,1.0
2022-12-23,83.25,85.77999877929688,82.93000030517578,85.25,57433700,0.0,0.0,0.002075353214002421,3.419855346658464,3.419855346658464,3.419855346658464,1.4599990844726562,1.0,1.4599990844726562,0.0,0.0,0.24003461993449568,0.12001730996724784,0.8799826900327522
2022-12-27,84.97000122070312,85.3499984741211,83.0,83.04000091552734,57284000,0.0,0.0,0.0020162831478079397,3.3434369986200805,3.3434369986200805,3.3434369986200805,-2.2099990844726562,1.0,-0.75,0.0,0.0,0.2638866135571294,0.8680566932214353,0.1319433067785647
2022-12-28,82.80000305175781,83.4800033569336,81.69000244140625,81.81999969482422,58228600,0.0,0.0,0.0020194200360669767,3.2324772783991707,3.2324772783991707,3.2324772783991707,-3.4300003051757812,-1.0,-1.220001220703125,0.0,0.0,0.6982571050830692,0.6508714474584654,0.3491285525415346
2022-12-29,82.87000274658203,84.55000305175781,82.55000305175781,84.18000030517578,54995900,0.0,0.0,0.0019623211083845313,3.1965862840087724,3.1965862840087724,3.1965862840087724,2.3600006103515625,1.0,2.3600006103515625,0.0,0.0,2.0,1.0,0.0
2022-12-30,83.12000274658203,84.05000305175781,82.47000122070312,84.0,62401200,0.0,0.0,0.002221790300146324,3.090401484041907,3.090401484041907,3.090401484041907,-0.18000030517578125,-1.0,-0.18000030517578125,0.0,0.0,0.005817310597622531,0.9970913447011888,0.0029086552988112657
2023-01-03,85.45999908447266,86.95999908447266,84.20999908447266,85.81999969482422,76706000,0.0,0.0,0.0027902857662522895,3.0810870269298176,3.0810870269298176,3.0810870269298176,1.8199996948242188,1.0,1.8199996948242188,2.4099960327148438,1.7534364284169093,2.0,1.0,0.0
2023-01-04,86.55000305175781,86.9800033569336,83.36000061035156,85.13999938964844,68885100,0.0,0.0,0.002485935034017817,3.119581006904976,3.119581006904976,3.119581006904976,-0.6800003051757812,1.0,1.1399993896484375,0.0,0.0,2.0,0.5,0.5
2023-01-05,85.33000183105469,85.41999816894531,83.06999969482422,83.12000274658203,67930800,0.0,0.0,0.002393332933634172,3.0646108259918416,3.0646108259918416,3.0646108259918416,-2.6999969482421875,-1.0,-2.0199966430664062,1.1399993896484375,0.1782718170406263,2.0,0.0,1.0
2023-01-06,83.02999877929688,86.4000015258789,81.43000030517578,86.08000183105469,83303400,0.0,0.0,0.0030394558112618055,3.2007101398997904,3.2007101398997904,3.2007101398997904,2.9599990844726562,-1.0,0.94000244140625,0.0,0.0,0.2165492419102604,0.1082746209551302,0.8917253790448698
2023-01-09,87.45999908447266,89.4800033569336,87.08000183105469,87.36000061035156,65266100,0.0,0.0,0.0024167466727940067,3.2149452388982986,3.2149452388982986,3.2149452388982986,4.239997863769531,1.0,1.279998779296875,0.0,0.0,0.4015298305433861,0.20076491527169305,0.799235084728307
2023-01-10,87.56999969482422,90.19000244140624,87.29000091552734,89.87000274658203,67756600,0.0,0.0,0.0025810546431206008,3.1924492593969127,3.1924492593969127,3.1924492593969127,6.75,1.0,3.7900009155273438,0.0,0.0,2.0,1.0,0.0
2023-01-11,90.93000030517578,95.26000213623048,90.93000030517578,95.08999633789062,103126200,0.0,0.0,0.004156566037293997,3.349417125843451,3.349417125843451,3.349417125843451,11.969993591308594,1.0,9.009994506835938,0.0,0.0,2.0,1.0,0.0
2023-01-12,96.93000030517578,97.19000244140624,93.5,95.2699966430664,85254800,0.0,0.0,0.003442752709482415,3.37374464838365,3.37374464838365,3.37374464838365,12.149993896484375,1.0,9.189994812011719,0.0,0.0,2.0,1.0,0.0
2023-01-13,94.18000030517578,98.37000274658205,94.12000274658205,98.12000274658205,85549400,0.0,0.0,0.003557995205951116,3.4363343163562465,3.4363343163562465,3.4363343163562465,15.000000000000014,1.0,12.040000915527358,0.0,0.0,2.0,1.0,0.0
2023-01-17,98.68000030517578,98.88999938964844,95.7300033569336,96.0500030517578,72755000,0.0,0.0,0.002962041009005297,3.416595867524718,3.416595867524718,3.416595867524718,-2.069999694824247,1.0,9.97000122070311,0.0,0.0,2.0,0.5,0.5
2023-01-18,97.25,99.31999969482422,95.37999725341795,95.45999908447266,79570400,0.0,0.0,0.0032196139915618596,3.4539820513734,3.4539820513734,3.4539820513734,-2.660003662109389,1.0,9.379997253417969,0.0,0.0,2.0,0.5,0.5
2023-01-19,94.73999786376952,95.44000244140624,92.86000061035156,93.68000030517578,69002700,0.0,0.0,0.0027399573768994104,3.392983224426807,3.392983224426807,3.392983224426807,-4.440002441406264,-1.0,-1.779998779296875,2.8700027465820312,0.417828641495794,0.036010900907335996,0.773080228798435,0.226919771201565
2023-01-20,93.86000061035156,97.3499984741211,93.1999969482422,97.25,67481500,0.0,0.0,0.002781667244923494,3.447055960244813,3.447055960244813,3.447055960244813,3.5699996948242188,1.0,3.5699996948242188,0.0,0.0,2.0,1.0,0.0
2023-01-23,97.55999755859376,97.77999877929688,95.86000061035156,97.5199966430664,76501100,0.0,0.0,0.0031622208397870974,3.3379804037234204,3.3379804037234204,3.3379804037234204,3.839996337890625,1.0,3.839996337890625,0.0,0.0,2.0,1.0,0.0
2023-01-24,96.93000030517578,98.08999633789062,96.0,96.31999969482422,66929500,0.0,0.0,0.0027325297065515603,3.2488386847353636,3.2488386847353636,3.2488386847353636,-1.1999969482421875,1.0,2.6399993896484375,0.0,0.0,2.0,0.5,0.5
2023-01-25,92.55999755859376,97.23999786376952,91.5199966430664,97.18000030517578,94261600,0.0,0.0,0.003882777839095928,3.4253502944473455,3.4253502944473455,3.4253502944473455,0.8600006103515625,-1.0,0.8600006103515625,4.340003967285156,2.0,0.2334307739633746,1.0,0.0
2023-01-26,98.23999786376952,99.48999786376952,96.91999816894533,99.22000122070312,68523600,0.0,0.0,0.002881842476110814,3.3642538230456918,3.3642538230456918,3.3642538230456918,2.9000015258789062,1.0,2.0400009155273438,0.0,0.0,1.3134735018672976,0.6567367509336488,0.3432632490663512
2023-01-27,99.52999877929688,103.48999786376952,99.52999877929688,102.23999786376952,87775600,0.0,0.0,0.003803868347099594,3.4289497387614563,3.4289497387614563,3.4289497387614563,5.919998168945298,1.0,5.059997558593736,0.0,0.0,2.0,1.0,0.0
2023-01-30,101.08999633789062,101.73999786376952,99.01000213623048,100.5500030517578,70691900,0.0,0.0,0.0030128851820297987,3.414738737959855,3.414738737959855,3.414738737959855,-1.6899948120117188,-1.0,-1.6899948120117188,0.0,0.0,0.11155014219479778,0.9442249289026011,0.05577507109739889
2023-01-31,101.16000366210938,103.3499984741211,101.13999938964844,103.12999725341795,66527300,0.0,0.0,0.0029081429007363933,3.370828501131529,3.370828501131529,3.370828501131529,2.5799942016601562,1.0,2.5799942016601562,0.0,0.0,2.0,1.0,0.0
2023-02-01,102.52999877929688,106.23999786376952,101.23999786376952,105.1500015258789,80450100,0.0,0.0,0.003585640218576309,3.4871978939078483,3.4871978939078483,3.4871978939078483,4.599998474121108,1.0,4.599998474121108,0.0,0.0,2.0,1.0,0.0
2023-02-02,110.25,114.0,108.87999725341795,112.91000366210938,158154200,0.0,0.0,0.007569095592181557,3.8702550782087943,3.8702550782087943,3.8702550782087943,12.360000610351577,1.0,12.360000610351577,0.0,0.0,2.0,1.0,0.0
2023-02-03,105.26000213623048,108.77999877929688,102.5199966430664,103.38999938964844,144374800,0.0,0.0,0.006327042727093164,4.335951645411235,4.335951645411235,4.335951645411235,-9.520004272460938,-1.0,-9.520004272460938,0.0,0.0,0.5932493925283049,0.7033753037358476,0.29662469626415244
2023-02-06,102.93000030517578,103.9499969482422,100.6500015258789,102.18000030517578,81945200,0.0,0.0,0.003549116522639873,4.261954772336383,4.261954772336383,4.261954772336383,-10.730003356933594,-1.0,-10.730003356933594,0.0,0.0,0.7536379009240021,0.623181049537999,0.37681895046200103
2023-02-07,101.16999816894533,102.41000366210938,98.08000183105467,102.11000061035156,119501300,0.0,0.0,0.0051721575735763645,4.266815276530548,4.266815276530548,4.266815276530548,-10.800003051757812,-1.0,-10.800003051757812,0.0,0.0,0.7635030424791786,0.6182484787604108,0.3817515212395893
2023-02-08,102.04000091552734,102.66999816894533,98.77999877929688,100.0500030517578,75878300,0.0,0.0,0.0032178480868630456,4.23989985603897,4.23989985603897,4.23989985603897,-12.860000610351577,1.0,-2.059997558593764,0.0,0.0,0.027777709192831623,0.9861111454035842,0.013888854596415812
2023-02-09,101.31999969482422,101.77999877929688,97.56999969482422,98.23999786376952,64622500,0.0,0.0,0.0026909333336126934,4.237764086641376,4.237764086641376,4.237764086641376,-14.670005798339858,-1.0,-1.8100051879882812,0.0,0.0,0.021444832329123028,0.9892775838354385,0.010722416164561514
2023-02-10,97.55999755859376,98.81999969482422,96.2300033569336,97.61000061035156,52740100,0.0,0.0,0.0021820570614330456,4.120066390302037,4.120066390302037,4.120066390302037,-15.300003051757812,-1.0,-2.440002441406236,0.0,0.0,0.03897117833702181,0.980514410831489,0.019485589168510904
2023-02-13,97.8499984741211,99.68000030517578,96.91000366210938,99.54000091552734,52841500,0.0,0.0,0.002229480184221279,4.023632836928064,4.023632836928064,4.023632836928064,1.9300003051757812,1.0,1.9300003051757812,0.0,0.0,0.6256540116725888,0.3128270058362944,0.6871729941637056
2023-02-14,98.41000366210938,100.91999816894533,97.5199966430664,99.6999969482422,56202900,0.0,0.0,0.0023751153647524345,3.9790877432816965,3.9790877432816965,3.9790877432816965,2.089996337890639,1.0,2.089996337890639,0.0,0.0,0.7336865008070974,0.3668432504035487,0.6331567495964513
2023-02-15,99.08999633789062,101.16999816894533,98.4499969482422,101.16000366210938,47957600,0.0,0.0,0.0020563503829542982,3.8891529916689414,3.8891529916689414,3.8891529916689414,3.5500030517578125,1.0,3.5500030517578125,0.0,0.0,2.0,1.0,0.0
2023-02-16,99.20999908447266,100.62999725341795,98.0999984741211,98.1500015258789,56339200,0.0,0.0,0.0023438608525416533,3.8299281485488943,3.8299281485488943,3.8299281485488943,-3.0100021362304688,-1.0,-3.0100021362304688,0.0,0.0,0.7189126985184238,0.6405436507407881,0.3594563492592119
2023-02-17,97.8000030517578,97.94000244140624,95.6500015258789,97.1999969482422,60029400,0.0,0.0,0.0024732105634753107,3.734933280795402,3.734933280795402,3.734933280795402,-3.9600067138671733,-1.0,-3.9600067138671733,0.0,0.0,1.2443266187215862,0.3778366906392069,0.6221633093607931
2023-02-21,95.33999633789062,95.61000061035156,94.2699966430664,94.58000183105467,56580400,0.0,0.0,0.0022682774246275315,3.6774380682511443,3.6774380682511443,3.6774380682511443,-6.580001831054702,-1.0,-6.580001831054702,0.0,0.0,2.0,0.0,1.0
2023-02-22,95.0999984741211,97.01000213623048,94.8000030517578,95.79000091552734,59534100,0.0,0.0,0.0024172235065802665,3.5883353708886205,3.5883353708886205,3.5883353708886205,1.2099990844726705,1.0,1.2099990844726705,0.0,0.0,0.033815674503633195,0.016907837251816597,0.9830921627481835
2023-02-23,96.12000274658205,96.43000030517578,93.66999816894533,95.81999969482422,48467000,0.0,0.0,0.001968489682024988,3.5291687112701804,3.5291687112701804,3.5291687112701804,1.2399978637695455,-1.0,0.029998779296875,0.5999984741210795,0.2341307292770532,2.0785244464832284e-05,0.11707575726075901,0.882924242739241
2023-02-24,93.52999877929688,94.13999938964844,92.31999969482422,93.5,57053800,0.0,0.0,0.00226113777352127,3.527085231893739,3.527085231893739,3.527085231893739,-2.3199996948242188,-1.0,-2.2900009155273438,2.4800033569335795,1.14269067116334,2.0,0.0,1.0
2023-02-27,94.27999877929688,94.77999877929688,93.13999938964844,93.76000213623048,47470300,0.0,0.0,0.0018865591391250688,3.3922933860190745,3.3922933860190745,3.3922933860190745,0.26000213623048296,1.0,0.26000213623048296,0.0,0.0,0.012890878662013333,0.006445439331006666,0.9935545606689933
2023-02-28,93.13999938964844,94.69000244140624,92.91999816894533,94.2300033569336,43959300,0.0,0.0,0.001755782894666466,3.276415592193491,3.276415592193491,3.276415592193491,0.7300033569335938,-1.0,0.4700012207031108,0.0,0.0,0.04212371442817457,0.021061857214087286,0.9789381427859127
2023-03-01,93.87000274658205,94.68000030517578,91.58999633789062,92.16999816894533,52299500,0.0,0.0,0.0020432332844657645,3.2631004761286104,3.2631004761286104,3.2631004761286104,-2.060005187988267,-1.0,-1.5900039672851562,1.5500030517578125,0.5661460456565274,2.0,0.0,1.0
2023-03-02,91.41000366210938,92.2300033569336,90.38999938964844,92.12999725341795,55509400,0.0,0.0,0.0021676962695210225,3.1614507254969353,3.1614507254969353,3.1614507254969353,-2.100006103515639,-1.0,-1.6300048828125284,0.0,0.0,2.0,0.0,1.0
2023-03-03,92.73999786376952,94.94000244140624,92.66000366210938,94.9000015258789,55759600,0.0,0.0,0.0022429351032582675,3.1363474728177456,3.1363474728177456,3.1363474728177456,2.7700042724609517,1.0,2.7700042724609517,0.26000213623045454,0.008810345802544462,2.0,1.0,0.0
2023-03-06,95.19000244140624,96.5500030517578,93.73999786376952,93.75,52112400,0.0,0.0,0.002070824002106553,3.113037309615641,3.113037309615641,3.113037309615641,-1.1500015258789062,1.0,1.6200027465820455,0.0,0.0,0.9877651306768215,0.5,0.5
2023-03-07,94.05999755859376,95.08999633789062,92.77999877929688,93.5500030517578,49100700,0.0,0.0,0.0019469837579192096,3.0556773273997915,3.0556773273997915,3.0556773273997915,-1.349998474121108,-1.0,-0.1999969482422017,0.0,0.0,0.015241062214981236,0.9923794688925094,0.007620531107490618
2023-03-08,93.5999984741211,94.16999816894533,92.18000030517578,93.91999816894533,44899100,0.0,0.0,0.0017874197405333711,2.979557365711917,2.979557365711917,2.979557365711917,0.3699951171875284,-1.0,0.1699981689453267,0.0,0.0,0.7225064850988765,0.36125324254943825,0.6387467574505618
2023-03-09,93.68000030517578,96.20999908447266,92.18000030517578,92.25,56218700,0.0,0.0,0.002198254710855613,3.0545888952537,3.0545888952537,3.0545888952537,-1.6699981689453267,1.0,-1.6699981689453267,0.5999984741210938,0.12908277757598668,2.0,0.0,1.0
2023-03-10,92.66999816894533,93.56999969482422,90.25,90.7300033569336,69827500,0.0,0.0,0.0026853955156516374,3.0735468095087373,3.0735468095087373,3.0735468095087373,-3.189994812011733,-1.0,-1.5199966430664062,0.0,0.0,2.0,0.0,1.0
2023-03-13,89.97000122070312,94.0199966430664,88.12000274658203,92.43000030517578,72397100,0.0,0.0,0.0028363835859731043,3.2754358871498543,3.2754358871498543,3.2754358871498543,1.6999969482421875,-1.0,0.18000030517578125,0.0,0.0,0.014023655200706921,0.0070118276003534605,0.9929881723996465
2023-03-14,93.83000183105467,95.06999969482422,92.70999908447266,94.87999725341795,60912700,0.0,0.0,0.002449702541255777,3.230047565899753,3.230047565899753,3.230047565899753,4.149993896484361,1.0,2.4499969482421733,0.0,0.0,2.0,1.0,0.0
2023-03-15,93.22000122070312,96.66999816894533,93.06999969482422,96.1999969482422,70731800,0.0,0.0,0.002884168354749342,3.256472630772707,3.256472630772707,3.256472630772707,5.469993591308608,1.0,3.7699966430664205,0.0,0.0,2.0,1.0,0.0
2023-03-16,95.75,100.98999786376952,95.61000061035156,100.04000091552734,84446900,0.0,0.0,0.0035808673844277454,3.408152960961653,3.408152960961653,3.408152960961653,9.30999755859375,1.0,7.6100006103515625,0.0,0.0,2.0,1.0,0.0
2023-03-17,99.79000091552734,100.66000366210938,97.45999908447266,98.9499969482422,87300200,0.0,0.0,0.003661523811072398,3.3932852192955867,3.3932852192955867,3.3932852192955867,-1.090003967285142,1.0,6.5199966430664205,0.0,0.0,2.0,0.5,0.5
2023-03-20,98.41000366210938,98.4800033569336,95.6999969482422,97.70999908447266,62388900,0.0,0.0,0.002583908773986481,3.3830505607744734,3.3830505607744734,3.3830505607744734,-2.3300018310546875,-1.0,-1.2399978637695455,0.0,0.0,0.036169885145003355,0.9819150574274983,0.018084942572501678
2023-03-21,98.13999938964844,100.8499984741211,98.0,100.61000061035156,58597300,0.0,0.0,0.002498904136557938,3.3656897628368996,3.3656897628368996,3.3656897628368996,2.9000015258789062,1.0,2.9000015258789062,0.18999481201171875,0.004292269988626609,2.0,1.0,0.0
2023-03-22,100.4499969482422,102.0999984741211,98.61000061035156,98.6999969482422,57475400,0.0,0.0,0.002404528785755307,3.3745689129035163,3.3745689129035163,3.3745689129035163,-1.9100036621093608,1.0,0.9899978637695455,0.0,0.0,0.6374214016839888,0.5,0.5
2023-03-23,100.43000030517578,101.05999755859376,97.62000274658205,98.70999908447266,57559300,0.0,0.0,0.0024082828362567647,3.379242191411245,3.379242191411245,3.379242191411245,0.01000213623045454,-1.0,0.01000213623045454,0.37999725341795454,2.0,6.506443410118757e-05,1.0,0.0
2023-03-24,98.06999969482422,98.3000030517578,96.4000015258789,98.12999725341795,56095400,0.0,0.0,0.002333242480149366,3.3028675747814242,3.3028675747814242,3.3028675747814242,-0.5800018310547017,-1.0,-0.5699996948242472,2.2099990844726562,2.0,2.0,0.0,1.0
2023-03-27,99.06999969482422,99.33999633789062,97.08000183105467,98.04000091552734,46721300,0.0,0.0,0.0019415521666182195,3.2283766413567476,3.2283766413567476,3.2283766413567476,-0.6699981689453125,1.0,-0.08999633789061079,0.0,0.0,2.0,0.0,1.0
2023-03-28,98.11000061035156,98.44000244140624,96.29000091552734,97.23999786376952,38720100,0.0,0.0,0.001595924161622528,3.1513498473940436,3.1513498473940436,3.1513498473940436,-1.4700012207031392,-1.0,-0.8000030517578267,0.1399993896484375,0.009070200634076401,2.0,0.0,1.0
2023-03-29,98.69000244140624,100.41999816894533,98.55999755859376,100.25,49783300,0.0,0.0,0.0021154311818388735,3.1533963086641696,3.1533963086641696,3.1533963086641696,3.010002136230483,1.0,3.010002136230483,1.0800018310547017,0.12874055468080342,2.0,1.0,0.0
2023-03-30,101.5500030517578,103.04000091552734,101.01000213623048,102.0,53633400,0.0,0.0,0.0023188162750827977,3.1274394948686823,3.1274394948686823,3.1274394948686823,4.760002136230483,1.0,4.760002136230483,0.0,0.0,2.0,1.0,0.0
2023-03-31,102.16000366210938,103.48999786376952,101.9499969482422,103.29000091552734,56750300,0.0,0.0,0.002484604582514006,3.0140510249157275,3.0140510249157275,3.0140510249157275,6.050003051757827,1.0,6.050003051757827,0.0,0.0,2.0,1.0,0.0
2023-04-03,102.3000030517578,103.29000091552734,101.43000030517578,102.41000366210938,41135700,0.0,0.0,0.0017856326265060529,2.9316188524468587,2.9316188524468587,2.9316188524468587,-0.8799972534179688,-1.0,-0.8799972534179688,0.0,0.0,0.02115687138251849,0.9894215643087407,0.010578435691259245
2023-04-04,102.75,104.1999969482422,102.11000061035156,103.9499969482422,48662500,0.0,0.0,0.0021441232026324225,2.871502958549986,2.871502958549986,2.871502958549986,1.5399932861328267,1.0,1.5399932861328267,0.7099990844726847,0.21255822877914915,2.0,1.0,0.0
2023-04-05,103.91000366210938,103.91000366210938,100.75,101.0999984741211,45175400,0.0,0.0,0.0019359047909502784,2.894966814956573,2.894966814956573,2.894966814956573,-2.849998474121108,-1.0,-2.849998474121108,0.6800003051757812,0.05692839768227926,2.0,0.0,1.0
2023-04-06,100.75,102.37999725341795,99.8000030517578,102.05999755859376,43808000,0.0,0.0,0.0018951335451194296,2.8724687711496864,2.8724687711496864,2.8724687711496864,0.9599990844726705,-1.0,-1.8899993896484375,0.0,0.0,1.5062105073769607,0.5,0.5
2023-04-10,100.95999908447266,102.1999969482422,99.56999969482422,102.16999816894533,37261200,0.0,0.0,0.0016136563888618962,2.8551493770259935,2.8551493770259935,2.8551493770259935,1.069999694824233,-1.0,-1.779998779296875,0.0,0.0,1.3359855290507072,0.5,0.5
2023-04-11,100.8000030517578,101.0,99.01000213623048,99.91999816894533,60417800,0.0,0.0,0.0025588696514813455,2.8769241381466255,2.8769241381466255,2.8769241381466255,-2.25,-1.0,-4.029998779296875,0.0,0.0,2.0,0.0,1.0
2023-04-12,100.4000015258789,100.51000213623048,97.70999908447266,97.83000183105467,56735000,0.0,0.0,0.0023526317826033875,2.87142977483314,2.87142977483314,2.87142977483314,-4.339996337890653,-1.0,-6.119995117187528,0.0,0.0,2.0,0.0,1.0
2023-04-13,98.9499969482422,102.56999969482422,98.70999908447266,102.4000015258789,67925100,0.0,0.0,0.0029482281495130263,3.0048989240428834,3.0048989240428834,3.0048989240428834,4.569999694824233,1.0,4.569999694824233,1.5699996948242188,0.11802303917905091,0.5576095341685466,0.33781628667379876,0.6621837133262012
2023-04-14,102.06999969482422,103.1999969482422,101.11000061035156,102.51000213623048,51450500,0.0,0.0,0.0022355618055837274,2.9395487393177233,2.9395487393177233,2.9395487393177233,4.68000030517581,1.0,4.68000030517581,0.0,0.0,0.5847760958910136,0.2923880479455068,0.7076119520544932
2023-04-17,103.16000366210938,103.7300033569336,101.58999633789062,102.73999786376952,39919500,0.0,0.0,0.0017384231003437813,2.8824386164409552,2.8824386164409552,2.8824386164409552,4.909996032714844,1.0,4.909996032714844,0.0,0.0,0.643665350675005,0.3218326753375025,0.6781673246624975
2023-04-18,103.9499969482422,104.1999969482422,101.5199966430664,102.3000030517578,39790500,0.0,0.0,0.0017253844594771063,2.8679787370648726,2.8679787370648726,2.8679787370648726,-0.43999481201171875,1.0,4.470001220703125,0.0,0.0,0.5334738454353112,0.5,0.5
2023-04-19,101.58000183105467,105.12000274658205,101.38999938964844,104.3000030517578,58398900,0.0,0.0,0.0025817835354112638,2.929551924198354,2.929551924198354,2.929551924198354,2.0,1.0,6.470001220703125,0.1999969482421875,0.009999694826547056,1.1176519338993351,0.5638258143629411,0.4361741856370589
2023-04-20,103.52999877929688,105.25,103.20999908447266,103.80999755859376,57696900,0.0,0.0,0.0025387649818803854,2.866012566436139,2.866012566436139,2.866012566436139,-0.4900054931640341,1.0,5.979995727539091,0.0,0.0,0.954771828247088,0.5,0.5
2023-04-21,106.0999984741211,108.1500015258789,105.08000183105467,106.95999908447266,86774200,0.0,0.0,0.003934076927434249,2.971297666496782,2.971297666496782,2.971297666496782,3.150001525878892,1.0,9.129997253417983,0.0,0.0,2.0,1.0,0.0
2023-04-24,107.66000366210938,109.2300033569336,105.06999969482422,106.20999908447266,69575600,0.0,0.0,0.0031322268224421076,3.0562052376119673,3.0562052376119673,3.0562052376119673,-0.75,1.0,8.379997253417983,0.0,0.0,1.8749323450315858,0.5,0.5
2023-04-25,104.91000366210938,105.4499969482422,102.4499969482422,102.56999969482422,65026800,0.0,0.0,0.0028271156572944995,3.106476444656145,3.106476444656145,3.106476444656145,-4.3899993896484375,-1.0,-3.6399993896484375,2.6300048828124716,0.3589088686219602,0.18867522174446788,0.7262079548167859,0.27379204518321404
2023-04-26,105.04000091552734,106.62000274658205,104.0999984741211,104.9800033569336,73803800,0.0,0.0,0.0032840982738432897,3.173871202306265,3.173871202306265,3.173871202306265,2.410003662109375,1.0,2.410003662109375,0.0,0.0,0.43836188256096903,0.21918094128048451,0.7808190587195155
2023-04-27,108.16000366210938,110.86000061035156,106.8000030517578,109.81999969482422,149961200,0.0,0.0,0.006980574783782707,3.3671659202428157,3.3671659202428157,3.3671659202428157,7.25,1.0,7.25,0.0,0.0,2.0,1.0,0.0
2023-04-28,107.7300033569336,109.4800033569336,104.33000183105467,105.4499969482422,130715900,0.0,0.0,0.005842595607531671,3.518796773351868,3.518796773351868,3.518796773351868,-4.370002746582017,-1.0,-4.370002746582017,0.0,0.0,0.3633184115126634,0.8183407942436682,0.1816592057563317
2023-05-01,104.9499969482422,105.2300033569336,101.81999969482422,102.0500030517578,74728100,0.0,0.0,0.003232420118936101,3.526739664785162,3.526739664785162,3.526739664785162,-7.7699966430664205,-1.0,-7.7699966430664205,0.0,0.0,1.1485916353534065,0.42570418232329676,0.5742958176767032
2023-05-02,101.47000122070312,103.9000015258789,101.1500015258789,103.62999725341795,73469400,0.0,0.0,0.0032271772452998728,3.4712582601576507,3.4712582601576507,3.4712582601576507,1.5799942016601562,-1.0,-6.190002441406264,0.0,0.0,0.72896323851825,0.5,0.5
2023-05-03,103.73999786376952,105.95999908447266,103.27999877929688,103.6500015258789,65051900,0.0,0.0,0.002857986265965797,3.4147398348018028,3.4147398348018028,3.4147398348018028,1.599998474121108,1.0,0.02000427246095171,0.7299957275390625,0.2081620229066088,1.0443928297198144e-05,0.10408623341745299,0.895913766582547
2023-05-04,104.04000091552734,105.38999938964844,103.30999755859376,104.0,45345500,0.0,0.0,0.0019989336235577684,3.319401405962722,3.319401405962722,3.319401405962722,1.9499969482422017,1.0,0.37000274658204546,0.0,0.0,0.003572960830744518,0.001786480415372259,0.9982135195846278
2023-05-05,104.2699966430664,105.76000213623048,103.5500030517578,105.66000366210938,56951700,0.0,0.0,0.0025506340470850437,3.240158382999148,3.240158382999148,3.240158382999148,3.6100006103515767,1.0,2.0300064086914205,0.0,0.0,0.10755068414191846,0.05377534207095923,0.9462246579290408
2023-05-08,105.04000091552734,106.0999984741211,104.6999969482422,105.83000183105467,49430900,0.0,0.0,0.0022173699641013437,3.1087186074905584,3.1087186074905584,3.1087186074905584,3.779998779296875,1.0,2.2000045776367188,0.0,0.0,0.12631808361777444,0.06315904180888722,0.9368409581911128
2023-05-09,105.4800033569336,106.79000091552734,105.16000366210938,106.62000274658205,44089400,0.0,0.0,0.001992524714747463,3.0030956536282307,3.0030956536282307,3.0030956536282307,4.569999694824247,1.0,2.990005493164091,0.0,0.0,0.23332556802429938,0.11666278401214969,0.8833372159878503
2023-05-10,108.0999984741211,110.66999816894533,108.0500030517578,110.19000244140624,78627600,0.0,0.0,0.003672383701169322,3.077874208537877,3.077874208537877,3.077874208537877,8.139999389648438,1.0,6.560005187988281,0.0,0.0,1.1231214586171063,0.5615607293085532,0.43843927069144684
2023-05-11,111.02999877929688,113.27999877929688,110.48999786376952,112.18000030517578,74924800,0.0,0.0,0.0035626394128229137,3.0787400749202174,3.0787400749202174,3.0787400749202174,10.129997253417983,1.0,8.550003051757827,0.0,0.0,1.9078793123556281,0.9539396561778141,0.046060343822185934
2023-05-12,112.16000366210938,112.63999938964844,109.31999969482422,110.26000213623048,49852700,0.0,0.0,0.00232990127993612,3.0959729049133604,3.0959729049133604,3.0959729049133604,-1.9199981689452983,-1.0,-1.9199981689452983,0.0,0.0,0.05042769176404045,0.9747861541179798,0.025213845882020226
2023-05-15,111.1500015258789,112.29000091552734,109.25,111.1999969482422,53011100,0.0,0.0,0.0024986327631884284,3.0919749056715022,3.0919749056715022,3.0919749056715022,0.9399948120117188,-1.0,-0.9800033569335795,0.0,0.0,0.013137798214892648,0.5,0.5
2023-05-16,111.0500030517578,114.79000091552734,111.0500030517578,113.4000015258789,71472900,0.0,0.0,0.003435463218785709,3.1382622598213628,3.1382622598213628,3.1382622598213628,3.1399993896484233,1.0,2.2000045776367045,2.1500015258789062,0.46883325472869286,2.0,1.0,0.0
2023-05-17,114.88999938964844,115.83000183105467,114.22000122070312,115.5,65655200,0.0,0.0,0.003214267016611532,3.08767212020382,3.08767212020382,3.08767212020382,5.239997863769517,1.0,4.300003051757798,0.0,0.0,2.0,1.0,0.0
2023-05-18,116.69000244140624,118.5999984741211,116.33999633789062,118.1500015258789,73174100,0.0,0.0,0.003664561039985811,3.088552574055054,3.088552574055054,3.088552574055054,7.889999389648423,1.0,6.9500045776367045,0.0,0.0,2.0,1.0,0.0
2023-05-19,118.16000366210938,118.30999755859376,115.6999969482422,116.25,55056300,0.0,0.0,0.0027128814890295208,3.054370290933376,3.054370290933376,3.054370290933376,-1.9000015258789062,-1.0,-1.9000015258789062,0.0,0.0,0.0747373540265262,0.9626313229867369,0.0373686770132631
2023-05-22,116.7699966430664,116.7699966430664,114.25,115.01000213623048,70741100,0.0,0.0,0.0034485637527893096,3.016200744657164,3.016200744657164,3.016200744657164,-3.1399993896484233,-1.0,-3.1399993896484233,0.0,0.0,0.20412159161336957,0.8979392041933152,0.10206079580668478
2023-05-23,114.2699966430664,117.13999938964844,113.77999877929688,114.98999786376952,67576300,0.0,0.0,0.0032937096637529265,3.04075787792105,3.04075787792105,3.04075787792105,-3.160003662109389,-1.0,-3.160003662109389,0.0,0.0,0.20673070732242005,0.89663464633879,0.10336535366121002
2023-05-24,115.3499984741211,117.33999633789062,115.0199966430664,116.75,63487900,0.0,0.0,0.00314180112041306,2.9914179205067684,2.9914179205067684,2.9914179205067684,1.760002136230483,1.0,1.760002136230483,0.5699996948242188,0.10488728802814391,0.3102067316878585,0.2075470098580012,0.7924529901419988
2023-05-25,116.62999725341795,116.87000274658205,114.30999755859376,115.0,66496700,0.0,0.0,0.003241371226482463,2.9606027253268765,2.9606027253268765,2.9606027253268765,-1.75,-1.0,-1.75,0.0,0.0,0.9886662466711974,0.5056668766644012,0.4943331233355987
2023-05-26,116.04000091552734,121.5,116.0199966430664,120.11000061035156,96779900,0.0,0.0,0.004927143115508229,3.213416816374957,3.213416816374957,3.213416816374957,5.1100006103515625,1.0,5.1100006103515625,4.160003662109375,0.6627435684876357,2.0,1.0,0.0
2023-05-30,122.37000274658205,122.91999816894533,119.86000061035156,121.66000366210938,64314800,0.0,0.0,0.0033165732040250483,3.2024582979620146,3.2024582979620146,3.2024582979620146,6.660003662109375,1.0,6.660003662109375,0.0,0.0,2.0,1.0,0.0
2023-05-31,121.4499969482422,122.04000091552734,119.16999816894533,120.58000183105467,72800800,0.0,0.0,0.0037208509792586433,3.1787114728634434,3.1787114728634434,3.1787114728634434,-1.0800018310547017,-1.0,-1.0800018310547017,0.0,0.0,0.02629662708542273,0.9868516864572886,0.013148313542711365
2023-06-01,120.69000244140624,123.48999786376952,119.93000030517578,122.7699966430664,54375100,0.0,0.0,0.002829587651701345,3.20594619327275,3.20594619327275,3.20594619327275,2.189994812011733,1.0,2.189994812011733,0.5699996948241903,0.0677427892336632,2.0,1.0,0.0
2023-06-02,124.91999816894533,126.38999938964844,124.0199966430664,124.25,61264400,0.0,0.0,0.0032265278706459823,3.2355216613662705,3.2355216613662705,3.2355216613662705,3.6699981689453267,1.0,3.6699981689453267,0.0,0.0,2.0,1.0,0.0
2023-06-05,123.36000061035156,125.8000030517578,123.02999877929688,125.3000030517578,47950100,0.0,0.0,0.00254666276051493,3.2022704193016027,3.2022704193016027,3.2022704193016027,4.720001220703125,-1.0,1.0500030517577983,0.0,0.0,0.9452183387218079,0.47260916936090397,0.527390830639096
2023-06-06,125.06999969482422,127.4000015258789,125.0,126.61000061035156,45695200,0.0,0.0,0.002452276477186613,3.144965498342839,3.144965498342839,3.144965498342839,6.029998779296889,1.0,1.3099975585937642,0.0,0.0,1.4712686767267533,0.7356343383633767,0.26436566163662334
2023-06-07,127.01000213623048,127.37000274658205,120.62999725341795,121.2300033569336,95663300,0.0,0.0,0.00491571068308182,3.4017540694015,3.4017540694015,3.4017540694015,-5.379997253417969,-1.0,-5.379997253417969,2.4000015258789205,0.19900268118842304,2.0,0.0,1.0
2023-06-08,123.01000213623048,125.62999725341795,122.26000213623048,124.25,62159300,0.0,0.0,0.0032736583377923362,3.473056914193133,3.473056914193133,3.473056914193133,3.0199966430664062,-1.0,-2.3600006103515625,0.0,0.0,2.0,0.5,0.5
2023-06-09,124.08000183105467,125.8000030517578,123.19000244140624,123.43000030517578,51396000,0.0,0.0,0.0026889386241466325,3.4114100353473065,3.4114100353473065,3.4114100353473065,-0.8199996948242188,1.0,-0.8199996948242188,0.0,0.0,0.39181982738702037,0.8040900863064898,0.19590991369351018
2023-06-12,124.0199966430664,126.77999877929688,123.52999877929688,126.56999969482422,51338000,0.0,0.0,0.002754232277694741,3.40702349525972,3.40702349525972,3.40702349525972,3.1399993896484375,1.0,2.3199996948242188,1.1500015258789205,0.13413363865259043,2.0,1.0,0.0
2023-06-13,128.1199951171875,128.41000366210938,125.18000030517578,126.66000366210938,50564800,0.0,0.0,0.002714679910177731,3.394379199664997,3.394379199664997,3.394379199664997,3.2300033569335938,1.0,2.410003662109375,0.0,0.0,2.0,1.0,0.0
2023-06-14,126.6999969482422,126.9499969482422,124.12000274658205,126.41999816894533,52422500,0.0,0.0,0.002809081547875591,3.354065985521794,3.354065985521794,3.354065985521794,-0.2400054931640483,-1.0,-0.2400054931640483,0.0,0.0,0.009917608458779377,0.9950411957706103,0.0049588042293896885
2023-06-15,125.20999908447266,127.69000244140624,124.31999969482422,127.11000061035156,60458500,0.0,0.0,0.0032573762659933326,3.355204325597524,3.355204325597524,3.355204325597524,0.6900024414062358,1.0,0.6900024414062358,0.0,0.0,2.0,1.0,0.0
2023-06-16,127.70999908447266,127.9000015258789,125.3000030517578,125.48999786376952,84247100,0.0,0.0,0.004481206023906521,3.301261050492066,3.301261050492066,3.301261050492066,-1.6200027465820455,1.0,-0.9300003051758097,0.0,0.0,1.8166234974927138,0.0916882512536431,0.9083117487463569
2023-06-20,124.97000122070312,127.25,124.5,125.77999877929688,56930100,0.0,0.0,0.0030351794405522018,3.261885261171204,3.261885261171204,3.261885261171204,0.29000091552735796,-1.0,0.29000091552735796,0.0,0.0,0.0972372248956202,0.0486186124478101,0.9513813875521899
2023-06-21,125.63999938964844,126.7300033569336,123.8499984741211,124.83000183105467,52137700,0.0,0.0,0.0027586822758860164,3.2346080912884396,3.2346080912884396,3.2346080912884396,-0.9499969482422017,-1.0,-0.6599960327148438,1.4500045776367045,2.0,2.0,0.0,1.0
2023-06-22,125.30999755859376,130.3300018310547,125.13999938964844,130.14999389648438,90354600,0.0,0.0,0.004984541987167921,3.3964217990535523,3.3964217990535523,3.3964217990535523,5.319992065429702,1.0,5.319992065429702,3.0800018310546875,0.3351814537488169,2.0,1.0,0.0
2023-06-23,129.11000061035156,130.83999633789062,128.27999877929688,129.3300018310547,71927800,0.0,0.0,0.003943001113500301,3.336677210449281,3.336677210449281,3.336677210449281,-0.8199920654296875,1.0,4.500000000000014,0.0,0.0,2.0,0.5,0.5
2023-06-26,129.3300018310547,131.49000549316406,127.0999984741211,127.33000183105467,59989300,0.0,0.0,0.003237690854679669,3.411915053920259,3.411915053920259,3.411915053920259,-2.8199920654297017,1.0,2.5,0.0,0.0,2.0,0.5,0.5
2023-06-27,128.6300048828125,130.08999633789062,127.5500030517578,129.17999267578125,46801000,0.0,0.0,0.002562602392493639,3.3653493005570945,3.3653493005570945,3.3653493005570945,1.8499908447265767,1.0,4.349990844726577,0.7299957275390767,0.15570461260189072,2.0,1.0,0.0
2023-06-28,128.94000244140625,131.47999572753906,128.44000244140625,129.0399932861328,52149500,0.0,0.0,0.00285236644992049,3.3421095852410745,3.3421095852410745,3.3421095852410745,-0.1399993896484375,1.0,4.209991455078139,0.0,0.0,2.0,0.5,0.5
2023-06-29,128.77000427246094,129.25999450683594,127.26000213623048,127.9000015258789,40761000,0.0,0.0,0.0022097656518377876,3.246244069909959,3.246244069909959,3.246244069909959,-1.2799911499023438,-1.0,-1.1399917602539062,0.29000091552731533,0.051331600332171996,0.07332313002701148,0.9376726348204083,0.06232736517959174
2023-06-30,129.47000122070312,131.25,128.9499969482422,130.36000061035156,54350700,0.0,0.0,0.00300317288831299,3.253655098782183,3.253655098782183,3.253655098782183,2.4599990844726562,1.0,2.4599990844726562,0.0,0.0,2.0,1.0,0.0
2023-07-03,130.82000732421875,131.85000610351562,130.07000732421875,130.22000122070312,28264800,0.0,0.0,0.0015601072345349733,3.148393933104661,3.148393933104661,3.148393933104661,-0.1399993896484375,1.0,2.3199996948242188,0.0,0.0,2.0,0.5,0.5
2023-07-05,130.24000549316406,131.39999389648438,129.63999938964844,130.3800048828125,35895400,0.0,0.0,0.0019837211748489868,3.0492225455140383,3.0492225455140383,3.0492225455140383,0.160003662109375,-1.0,0.160003662109375,0.0,0.0,0.01969955522864987,0.009849777614324935,0.9901502223856751
2023-07-06,128.25,128.72999572753906,127.37000274658205,128.36000061035156,40639900,0.0,0.0,0.002211124415028575,3.046421087708068,3.046421087708068,3.046421087708068,-2.0200042724609375,-1.0,-1.8600006103515625,2.7000045776367045,1.7865880505320098,2.0,0.0,1.0
2023-07-07,128.58999633789062,130.97000122070312,128.1300048828125,129.77999877929688,41992300,0.0,0.0,0.0023099802518599753,3.0316764627211077,3.0316764627211077,3.0316764627211077,1.4199981689453125,1.0,1.4199981689453125,0.0,0.0,0.5828400614131432,0.2914200307065716,0.7085799692934285
2023-07-10,129.07000732421875,129.27999877929688,125.91999816894533,127.12999725341795,61889300,0.0,0.0,0.0033349893176023142,3.090842473266139,3.090842473266139,3.090842473266139,-2.6500015258789205,-1.0,-2.6500015258789205,1.4500045776367188,0.2993963480101229,2.0,0.0,1.0
2023-07-11,127.75,129.77000427246094,127.3499984741211,128.77999877929688,49951500,0.0,0.0,0.0027266399262346366,3.058639940821628,3.058639940821628,3.058639940821628,1.6500015258789205,1.0,1.6500015258789205,0.0,0.0,0.38768271985052993,0.19384135992526497,0.806158640074735
2023-07-12,130.30999755859375,131.25999450683594,128.8300018310547,130.8000030517578,54022800,0.0,0.0,0.0029951300398894523,3.0173082113014447,3.0173082113014447,3.0173082113014447,3.670005798339858,1.0,3.670005798339858,0.0,0.0,1.9179675398984188,0.9589837699492094,0.04101623005079058
2023-07-13,134.0399932861328,134.6699981689453,132.7100067138672,134.3000030517578,61170900,0.0,0.0,0.0034821841286297823,3.0782144188647345,3.0782144188647345,3.0782144188647345,7.170005798339858,1.0,7.170005798339858,0.0,0.0,2.0,1.0,0.0
2023-07-14,134.05999755859375,136.64999389648438,134.05999755859375,134.67999267578125,54487100,0.0,0.0,0.003110481458150519,3.0433416987951554,3.0433416987951554,3.0433416987951554,7.5499954223632955,1.0,7.5499954223632955,0.0,0.0,2.0,1.0,0.0
2023-07-17,134.55999755859375,135.6199951171875,133.2100067138672,133.55999755859375,48450200,0.0,0.0,0.002742854785926715,2.9981021776898094,2.9981021776898094,2.9981021776898094,-1.1199951171875,-1.0,-1.1199951171875,0.0,0.0,0.022005887173742016,0.988997056413129,0.011002943586871008
2023-07-18,132.7100067138672,133.86000061035156,131.35000610351562,132.8300018310547,54882900,0.0,0.0,0.0030900397691618745,2.96323734405739,2.96323734405739,2.96323734405739,-1.8499908447265625,-1.0,-1.8499908447265625,0.0,0.0,0.06004070480633844,0.9699796475968308,0.03002035240316922
2023-07-19,133.38999938964844,135.99000549316406,132.52999877929688,135.36000061035156,54531000,0.0,0.0,0.0031287052325743845,2.9987208704723756,2.9987208704723756,2.9987208704723756,2.529998779296875,1.0,2.529998779296875,0.3700103759765625,0.02138883757658374,1.8702577581169495,0.9458232978467667,0.054176702153233336
2023-07-20,134.07000732421875,134.7899932861328,129.3300018310547,129.9600067138672,59820600,0.0,0.0,0.003295272459454454,3.215240721102697,3.215240721102697,3.215240721102697,-5.399993896484375,-1.0,-5.399993896484375,2.0200042724609375,0.13993232115259263,2.0,0.0,1.0
2023-07-21,131.33999633789062,131.3699951171875,128.4199981689453,130.0,133307300,0.0,0.0,0.007345614345296184,3.1962947373269466,3.1962947373269466,3.1962947373269466,0.0399932861328125,-1.0,-5.3600006103515625,0.0,0.0,2.0,0.5,0.5
2023-07-24,130.30999755859375,131.66000366210938,128.35000610351562,128.8000030517578,45591100,0.0,0.0,0.002489010811244869,3.2044163674174326,3.2044163674174326,3.2044163674174326,-1.1999969482421875,-1.0,-6.55999755859375,0.0,0.0,2.0,0.0,1.0
2023-07-25,129.30999755859375,129.5800018310547,128.52999877929688,129.1300048828125,39236700,0.0,0.0,0.002147585585348876,3.0505297020131743,3.0505297020131743,3.0505297020131743,0.3300018310546875,-1.0,-6.2299957275390625,0.0,0.0,2.0,0.5,0.5
2023-07-26,126.51000213623048,129.0800018310547,126.11000061035156,128.14999389648438,53910100,0.0,0.0,0.00292832696188957,3.0483493141880147,3.0483493141880147,3.0483493141880147,-0.980010986328125,-1.0,-7.2100067138671875,0.0,0.0,2.0,0.0,1.0
2023-07-27,131.0,132.6300048828125,127.79000091552734,128.25,52610700,0.0,0.0,0.002859975369551087,3.1763246465520965,3.1763246465520965,3.1763246465520965,0.100006103515625,1.0,0.100006103515625,3.0500030517578125,2.0,0.0001923896367228769,1.0,0.0
2023-07-28,129.69000244140625,133.00999450683594,129.3300018310547,132.2100067138672,46317400,0.0,0.0,0.0025956094027254194,3.2894439222866567,3.2894439222866567,3.2894439222866567,4.0600128173828125,1.0,4.0600128173828125,0.0,0.0,0.31709067538906954,0.15854533769453477,0.8414546623054653
2023-07-31,133.1999969482422,133.8699951171875,132.3800048828125,133.67999267578125,41901500,0.0,0.0,0.0023742520531485067,3.1730542423604895,3.1730542423604895,3.1730542423604895,5.529998779296875,1.0,5.529998779296875,0.0,0.0,0.5882727515909849,0.29413637579549246,0.7058636242045075
2023-08-01,133.5500030517578,133.69000244140625,131.6199951171875,131.69000244140625,42098500,0.0,0.0,0.0023499047900203667,3.094265176778937,3.094265176778937,3.094265176778937,-1.989990234375,-1.0,-1.989990234375,0.0,0.0,0.12949464800616994,0.9352526759969151,0.06474732400308497
2023-08-02,130.14999389648438,130.22999572753906,126.81999969482422,128.2100067138672,51027600,0.0,0.0,0.0027730513029105867,3.221103574622015,3.221103574622015,3.221103574622015,-5.4699859619140625,-1.0,-5.4699859619140625,0.0,0.0,0.9784133113502427,0.5107933443248787,0.48920665567512134
2023-08-03,127.4800033569336,129.83999633789062,126.41000366210938,128.91000366210938,88585200,0.0,0.0,0.0048403707702642535,3.236024224704818,3.236024224704818,3.236024224704818,0.6999969482421875,-1.0,-4.769989013671875,0.0,0.0,0.7440201313744079,0.5,0.5
2023-08-04,141.05999755859375,143.6300048828125,139.32000732421875,139.57000732421875,153128500,0.0,0.0,0.009058973068360876,4.056308295847554,4.056308295847554,4.056308295847554,11.360000610351562,1.0,10.660003662109375,13.400009155273438,1.391404747217666,2.0,1.0,0.0
2023-08-07,140.99000549316406,142.5399932861328,138.9499969482422,142.22000122070312,71213100,0.0,0.0,0.004292906291888544,4.023000298850631,4.023000298850631,4.023000298850631,14.009994506835938,-1.0,2.649993896484375,0.0,0.0,0.308641975308642,0.154320987654321,0.845679012345679
2023-08-08,140.6199951171875,140.83999633789062,138.4199981689453,139.94000244140625,51710500,0.0,0.0,0.0030672660887958838,4.007071924058287,4.007071924058287,4.007071924058287,-2.279998779296875,-1.0,0.3699951171875,0.9000091552734375,0.1558205114912364,0.00601668435003745,0.037177388787299925,0.9628226112127001
2023-08-09,139.97000122070312,140.32000732421875,137.10000610351562,137.85000610351562,50017300,0.0,0.0,0.002922522563410424,3.950852588104347,3.950852588104347,3.950852588104347,-4.3699951171875,-1.0,-1.720001220703125,1.8499908447265625,0.1792161960191971,2.0,0.0,1.0
2023-08-10,139.07000732421875,140.41000366210938,137.49000549316406,138.55999755859375,58928400,0.0,0.0,0.0034609343030723447,3.8772201295929873,3.8772201295929873,3.8772201295929873,0.709991455078125,1.0,0.709991455078125,0.0,0.0,0.17039181678312176,0.08519590839156088,0.9148040916084391
2023-08-11,137.39999389648438,139.3300018310547,137.0,138.41000366210938,42905800,0.0,0.0,0.0025171802934630567,3.7667045368402516,3.7667045368402516,3.7667045368402516,-0.149993896484375,-1.0,-0.149993896484375,0.100006103515625,0.444534875177095,0.044631443221234295,0.7554168408008354,0.24458315919916465
2023-08-14,138.3000030517578,140.58999633789062,137.75,140.57000732421875,47148700,0.0,0.0,0.0028092683679200614,3.7005110940581356,3.7005110940581356,3.7005110940581356,2.160003662109375,1.0,2.160003662109375,0.17999267578125,0.006943855770068764,2.0,1.0,0.0
2023-08-15,140.0500030517578,141.27999877929688,137.22999572753906,137.6699981689453,42781500,0.0,0.0,0.0024964688602474136,3.7254748053223983,3.7254748053223983,3.7254748053223983,-2.9000091552734375,1.0,-0.7400054931640625,0.0,0.0,0.11737102903486271,0.9413144854825687,0.058685514517431356
2023-08-16,137.19000244140625,137.27000427246094,135.00999450683594,135.07000732421875,41675900,0.0,0.0,0.0023860236806810754,3.6493697236643254,3.6493697236643254,3.6493697236643254,-5.5,-1.0,-2.5999908447265625,0.0,0.0,1.4488874894525148,0.2755562552737426,0.7244437447262574
2023-08-17,135.4600067138672,136.08999633789062,133.52999877929688,133.97999572753906,48354100,0.0,0.0,0.002746022572444422,3.5715574261592846,3.5715574261592846,3.5715574261592846,-6.5900115966796875,-1.0,-3.69000244140625,0.0,0.0,2.0,0.0,1.0
2023-08-18,131.6199951171875,134.07000732421875,131.14999389648438,133.22000122070312,48497700,0.0,0.0,0.002738554668219632,3.525018569128934,3.525018569128934,3.525018569128934,-7.350006103515625,-1.0,-4.4499969482421875,0.0,0.0,2.0,0.0,1.0
2023-08-21,133.74000549316406,135.19000244140625,132.7100067138672,134.67999267578125,41442500,0.0,0.0,0.002365810032638971,3.450374080443943,3.450374080443943,3.450374080443943,1.459991455078125,1.0,1.459991455078125,0.0,0.0,0.10764186201350785,0.053820931006753926,0.9461790689932461
2023-08-22,135.0800018310547,135.64999389648438,133.72999572753906,134.25,32905400,0.0,0.0,0.001872458960137877,3.3410615153368983,3.3410615153368983,3.3410615153368983,-0.42999267578125,1.0,1.029998779296875,0.0,0.0,0.05357399017581906,0.5,0.5
2023-08-23,134.5,135.9499969482422,133.22000122070312,135.52000427246094,42801000,0.0,0.0,0.0024586016093242117,3.2974139590656244,3.2974139590656244,3.2974139590656244,1.2700042724609375,1.0,2.3000030517578125,0.0,0.0,0.2671390629345735,0.13356953146728676,0.8664304685327132
2023-08-24,136.39999389648438,136.77999877929688,131.8300018310547,131.83999633789062,43646300,0.0,0.0,0.002439076683987509,3.415455601149665,3.415455601149665,3.415455601149665,-3.6800079345703125,1.0,-1.3800048828125,1.899993896484375,0.26656731742868833,0.3600015922211153,0.6867155451750981,0.3132844548249018
2023-08-25,132.47000122070312,133.8699951171875,130.5800018310547,133.25999450683594,44147500,0.0,0.0,0.002493657164780547,3.40649400721989,3.40649400721989,3.40649400721989,1.4199981689453125,-1.0,1.4199981689453125,0.0,0.0,1.0588009508431042,0.5294004754215521,0.4705995245784479
2023-08-28,133.77999877929688,133.9499969482422,131.85000610351562,133.13999938964844,34108400,0.0,0.0,0.0019248670442696292,3.313172352756081,3.313172352756081,3.313172352756081,-0.1199951171875,1.0,-0.1199951171875,0.0,0.0,0.0071408774463277815,0.9964295612768361,0.0035704387231638907
2023-08-29,133.3800048828125,135.13999938964844,133.25,134.91000366210938,38646100,0.0,0.0,0.0022099409341957152,3.219374327559218,3.219374327559218,3.219374327559218,1.7700042724609375,1.0,1.6500091552734375,1.2700042724609375,0.5148274970618676,2.0,1.0,0.0
2023-08-30,134.92999267578125,135.67999267578125,133.9199981689453,135.07000732421875,36137000,0.0,0.0,0.002068911235240799,3.11513291179327,3.11513291179327,3.11513291179327,1.9300079345703125,1.0,1.8100128173828125,0.0,0.0,2.0,1.0,0.0
2023-08-31,135.05999755859375,138.7899932861328,135.0,138.00999450683594,58781300,0.0,0.0,0.0034385913326595774,3.1633372242460944,3.1633372242460944,3.1633372242460944,4.8699951171875,1.0,4.75,0.0,0.0,2.0,1.0,0.0
2023-09-01,139.4600067138672,139.9600067138672,136.8800048828125,138.1199951171875,40991500,0.0,0.0,0.0023998340110440207,3.157384696160994,3.157384696160994,3.157384696160994,4.9799957275390625,1.0,4.8600006103515625,0.0,0.0,2.0,1.0,0.0
2023-09-05,137.72999572753906,137.8000030517578,135.82000732421875,137.27000427246094,40636700,0.0,0.0,0.002364421604082906,3.096142060218691,3.096142060218691,3.096142060218691,-0.8499908447265625,-1.0,-0.8499908447265625,0.0,0.0,0.03058833573176843,0.9847058321341158,0.015294167865884214
2023-09-06,136.32000732421875,137.4499969482422,134.61000061035156,135.36000061035156,41785500,0.0,0.0,0.002397434715954905,3.077845937195258,3.077845937195258,3.077845937195258,-2.7599945068359375,-1.0,-2.7599945068359375,0.0,0.0,0.3225104474433694,0.8387447762783153,0.1612552237216847
2023-09-07,133.89999389648438,138.02999877929688,133.16000366210938,137.85000610351562,48498900,0.0,0.0,0.002833802095486678,3.2058565929089893,3.2058565929089893,3.2058565929089893,2.4900054931640625,-1.0,-0.269989013671875,0.2299957275390625,0.008531765824961842,0.003086167809550482,0.73436172845895,0.26563827154105
2023-09-08,136.86000061035156,138.85000610351562,136.75,138.22999572753906,38348200,0.0,0.0,0.0022468708878336458,3.1268672722380346,3.1268672722380346,3.1268672722380346,2.8699951171875,1.0,0.3799896240234375,1.4000091552734375,0.23795752093154068,1.9808486384508153,1.0,0.0
2023-09-11,138.75,143.6199951171875,138.63999938964844,143.10000610351562,56764500,0.0,0.0,0.003443081540779137,3.2885195663387776,3.2885195663387776,3.2885195663387776,7.7400054931640625,1.0,5.25,0.0,0.0,2.0,1.0,0.0
2023-09-12,142.32000732421875,143.0,140.61000061035156,141.22999572753906,42668500,0.0,0.0,0.002554260342198209,3.231482846826298,3.231482846826298,3.231482846826298,-1.8700103759765625,1.0,3.3799896240234375,0.0,0.0,2.0,0.5,0.5
2023-09-13,140.9499969482422,144.97999572753906,140.8699951171875,144.85000610351562,60465200,0.0,0.0,0.003712400739260621,3.2942341156495316,3.2942341156495316,3.2942341156495316,3.6200103759765625,1.0,7.0,0.0,0.0,2.0,1.0,0.0
2023-09-14,145.0800018310547,145.86000061035156,142.9499969482422,144.72000122070312,64033600,0.0,0.0,0.003927962339358807,3.2667890832538062,3.2667890832538062,3.2667890832538062,-0.1300048828125,1.0,6.8699951171875,0.0,0.0,2.0,0.5,0.5
2023-09-15,142.69000244140625,143.57000732421875,140.08999633789062,140.38999938964844,102909300,0.0,0.0,0.006123808978241334,3.3641616403651415,3.3641616403651415,3.3641616403651415,-4.4600067138671875,-1.0,-4.3300018310546875,0.779998779296875,0.030585587082130966,0.3972494487631799,0.7860824820773445,0.21391751792265545
2023-09-18,140.47999572753906,141.75,139.22000122070312,139.97999572753906,42823500,0.0,0.0,0.0025408496923981787,3.3045785788602653,3.3045785788602653,3.3045785788602653,-4.8700103759765625,-1.0,-4.7400054931640625,0.0,0.0,0.4760415199465501,0.7619792400267249,0.23802075997327504
2023-09-19,138.6999969482422,138.83999633789062,135.55999755859375,137.6300048828125,61482500,0.0,0.0,0.003586703550225056,3.3842514067234832,3.3842514067234832,3.3842514067234832,-7.220001220703125,-1.0,-7.089996337890625,0.0,0.0,1.0650724841424675,0.46746375792876627,0.5325362420712337
2023-09-20,138.5500030517578,139.3699951171875,135.1999969482422,135.2899932861328,46263700,0.0,0.0,0.002652997723022595,3.440376175453614,3.440376175453614,3.440376175453614,-9.560012817382812,-1.0,-9.430007934570312,0.0,0.0,1.8841317131446422,0.057934143427678886,0.9420658565723211
2023-09-21,131.94000244140625,132.24000549316406,129.30999755859375,129.3300018310547,70343300,0.0,0.0,0.0038561406052636917,3.6217775720311463,3.6217775720311463,3.6217775720311463,-15.520004272460938,-1.0,-15.389999389648438,0.0,0.0,2.0,0.0,1.0
2023-09-22,131.11000061035156,132.02999877929688,128.52000427246094,129.1199951171875,59904300,0.0,0.0,0.0032785539725167985,3.613793067374346,3.613793067374346,3.613793067374346,-15.730010986328125,-1.0,-15.600006103515625,0.0,0.0,2.0,0.0,1.0
2023-09-25,129.36000061035156,131.77999877929688,128.77000427246094,131.27000427246094,46017800,0.0,0.0,0.002560484732280057,3.5706645987644596,3.5706645987644596,3.5706645987644596,2.1500091552734375,-1.0,-13.449996948242188,0.0,0.0,2.0,0.5,0.5
2023-09-26,130.1199951171875,130.38999938964844,125.27999877929688,125.9800033569336,73048200,0.0,0.0,0.0039006948177537242,3.743474662650146,3.743474662650146,3.743474662650146,-5.290000915527344,-1.0,-18.73999786376953,0.0,0.0,2.0,0.0,1.0
2023-09-29,128.1999969482422,129.14999389648438,126.31999969482422,127.12000274658205,62411700,0.0,0.0,0.0033628751558700946,3.6647824991670706,3.6647824991670706,3.6647824991670706,1.1399993896484517,1.0,1.1399993896484517,1.6699905395507812,2.0,0.0037005831205014356,1.0,0.0
2023-10-02,127.27999877929688,130.47000122070312,126.54000091552734,129.4600067138672,48029700,0.0,0.0,0.002635580818359371,3.683726628167693,3.683726628167693,3.683726628167693,3.4800033569335938,1.0,3.4800033569335938,0.0,0.0,0.034484207657897566,0.017242103828948783,0.9827578961710512
2023-10-03,128.05999755859375,128.52000427246094,124.25,124.72000122070312,51565000,0.0,0.0,0.002725975620455274,3.7927466342890854,3.7927466342890854,3.7927466342890854,-1.2600021362304688,-1.0,-4.7400054931640625,2.0699996948242188,2.0,1.8552325876166023,0.0,1.0
2023-10-04,126.05999755859376,127.36000061035156,125.68000030517578,127.0,44203900,0.0,0.0,0.002379551714126269,3.710407545386182,3.710407545386182,3.710407545386182,1.0199966430664062,-1.0,-2.4600067138671875,0.0,0.0,0.49970449836845005,0.5,0.5
2023-10-05,126.70999908447266,126.7300033569336,124.33000183105467,125.95999908447266,39660600,0.0,0.0,0.0021174968249803123,3.636092589926121,3.636092589926121,3.636092589926121,-0.0200042724609375,-1.0,-3.5000076293945312,0.0,0.0,1.011529740732501,0.4942351296337495,0.5057648703662505
2023-10-06,124.16000366210938,128.4499969482422,124.12999725341795,127.95999908447266,46836700,0.0,0.0,0.002540337126416961,3.6849430974188433,3.6849430974188433,3.6849430974188433,1.9799957275390625,-1.0,-1.5000076293945312,1.089996337890625,0.3030550821298344,0.18579225684878445,0.6199380828440786,0.3800619171559214
2023-10-09,126.22000122070312,128.7899932861328,124.76000213623048,128.25999450683594,38773700,0.0,0.0,0.0021079451285175074,3.7095893868819494,3.7095893868819494,3.7095893868819494,2.2799911499023438,1.0,0.29999542236328125,2.0599899291992188,0.8163264566736438,0.03999837242066839,0.4281624145471561,0.5718375854528439
2023-10-10,128.82000732421875,130.74000549316406,128.0500030517578,129.47999572753906,42178600,0.0,0.0,0.0023148650383369644,3.6367617479193997,3.6367617479193997,3.6367617479193997,3.4999923706054688,1.0,1.5199966430664062,0.0,0.0,1.026829463383154,0.513414731691577,0.48658526830842297
2023-10-11,129.74000549316406,132.0500030517578,129.61000061035156,131.8300018310547,40741800,0.0,0.0,0.0022765925459316944,3.560565003369353,3.560565003369353,3.560565003369353,5.849998474121094,1.0,3.8700027465820312,0.0,0.0,2.0,1.0,0.0
2023-10-12,132.1699981689453,134.47999572753906,131.22999572753906,132.3300018310547,55528600,0.0,0.0,0.00311462583406509,3.5383817888429707,3.5383817888429707,3.5383817888429707,6.349998474121094,1.0,4.370002746582031,0.0,0.0,2.0,1.0,0.0
2023-10-13,132.97999572753906,133.30999755859375,128.9499969482422,129.7899932861328,45786600,0.0,0.0,0.002518897201913866,3.597068847522156,3.597068847522156,3.597068847522156,3.8099899291992188,-1.0,-2.540008544921875,0.660003662109375,0.03000855166580912,0.33783678494722597,0.0815792635625484,0.9184207364374516
2023-10-16,130.69000244140625,133.07000732421875,130.42999267578125,132.5500030517578,42832900,0.0,0.0,0.0024065121588026936,3.574422075419569,3.574422075419569,3.574422075419569,6.569999694824219,-1.0,0.220001220703125,0.0,0.0,0.007502047780380595,0.0037510238901902974,0.9962489761098097
2023-10-17,130.38999938964844,132.5800018310547,128.7100067138672,131.47000122070312,49344600,0.0,0.0,0.0027497748703026654,3.59553443554585,3.59553443554585,3.59553443554585,5.489997863769531,-1.0,-0.8600006103515625,0.239990234375,0.0019109212450378536,2.0,0.0009545485889299233,0.99904545141107
2023-10-18,129.89999389648438,130.6699981689453,127.51000213623048,128.1300048828125,42699500,0.0,0.0,0.002319019877416402,3.6215676247549067,3.6215676247549067,3.6215676247549067,2.1500015258789062,-1.0,-4.1999969482421875,0.0,0.0,2.0,0.5,0.5
2023-10-19,130.57000732421875,132.24000549316406,127.47000122070312,128.39999389648438,60961400,0.0,0.0,0.003317804364993071,3.703598813876766,3.703598813876766,3.703598813876766,2.4199905395507812,-1.0,-3.9300079345703125,0.0,0.0,2.0,0.5,0.5
2023-10-20,128.0500030517578,128.1699981689453,124.97000122070312,125.16999816894533,56406400,0.0,0.0,0.0029926743933006887,3.684055518298515,3.684055518298515,3.684055518298515,-0.810005187988267,-1.0,-7.160003662109361,0.0,0.0,2.0,0.0,1.0
2023-10-23,124.62999725341795,127.87999725341795,123.9800033569336,126.55999755859376,48260000,0.0,0.0,0.002588896058255944,3.6994796881689327,3.6994796881689327,3.6994796881689327,0.5799942016601705,-1.0,-5.770004272460923,0.0,0.0,2.0,0.5,0.5
2023-10-24,127.73999786376952,128.8000030517578,126.33999633789062,128.55999755859375,46477400,0.0,0.0,0.0025326694953327756,3.6109459042902365,3.6109459042902365,3.6109459042902365,2.5799942016601562,1.0,1.9999999999999858,0.6300048828125,0.05962801760743048,0.12014555885240401,0.08988678822991725,0.9101132117700828
2023-10-25,126.04000091552734,126.33999633789062,120.79000091552734,121.38999938964844,74577500,0.0,0.0,0.0038372630251728,3.908020957059963,3.908020957059963,3.908020957059963,-4.590003967285156,-1.0,-7.1699981689453125,3.19000244140625,0.4830097628694721,2.0,0.0,1.0
2023-10-26,120.62999725341795,121.63999938964844,118.3499984741211,119.56999969482422,100419500,0.0,0.0,0.00508945315933095,3.8638766683790617,3.8638766683790617,3.8638766683790617,-6.410003662109375,-1.0,-8.989997863769531,0.0,0.0,2.0,0.0,1.0
2023-10-27,126.1999969482422,130.02000427246094,125.5199966430664,127.73999786376952,125309300,0.0,0.0,0.006784862447242876,4.334314376183181,4.334314376183181,4.334314376183181,1.7599945068359233,1.0,8.169998168945298,3.6800079345703125,2.0,0.8258948182780009,1.0,0.0
2023-10-30,129.72000122070312,133.0,128.55999755859375,132.7100067138672,72485500,0.0,0.0,0.0040774218798193896,4.400434930472274,4.400434930472274,4.400434930472274,6.730003356933594,1.0,13.140007019042969,0.0,0.0,2.0,1.0,0.0
2023-10-31,132.75,133.57000732421875,131.7100067138672,133.08999633789062,51589400,0.0,0.0,0.0029102930954569115,4.218975336177937,4.218975336177937,4.218975336177937,7.109992980957031,1.0,13.519996643066406,0.0,0.0,2.0,1.0,0.0
2023-11-01,133.9600067138672,137.35000610351562,133.7100067138672,137.0,61529400,0.0,0.0,0.003573008802954526,4.2219063668527275,4.2219063668527275,4.2219063668527275,11.019996643066406,1.0,17.43000030517578,0.0,0.0,2.0,1.0,0.0
2023-11-02,138.72999572753906,138.80999755859375,136.47000122070312,138.07000732421875,52236700,0.0,0.0,0.003057073777439882,4.0874842219268634,4.0874842219268634,4.0874842219268634,12.090003967285156,1.0,18.50000762939453,0.0,0.0,2.0,1.0,0.0
2023-11-03,138.99000549316406,139.49000549316406,137.4499969482422,138.60000610351562,44059800,0.0,0.0,0.0025884311031267506,3.94123595928365,3.94123595928365,3.94123595928365,12.620002746582031,1.0,19.030006408691406,0.0,0.0,2.0,1.0,0.0
2023-11-06,138.75999450683594,140.72999572753906,138.36000061035156,139.74000549316406,44970400,0.0,0.0,0.0026636572795518685,3.829004470562497,3.829004470562497,3.829004470562497,13.760002136230469,1.0,20.170005798339844,0.0,0.0,2.0,1.0,0.0
2023-11-07,140.5500030517578,143.3699951171875,140.5,142.7100067138672,53553500,0.0,0.0,0.0032394637536779206,3.8147891243811354,3.8147891243811354,3.8147891243811354,16.730003356933594,1.0,23.14000701904297,0.0,0.0,2.0,1.0,0.0
2023-11-08,142.97000122070312,143.1199951171875,141.22000122070312,142.0800018310547,44521700,0.0,0.0,0.0026812390251034594,3.678018036674224,3.678018036674224,3.678018036674224,16.099998474121094,1.0,22.51000213623047,0.0,0.0,2.0,1.0,0.0
2023-11-09,142.02000427246094,142.64999389648438,139.83999633789062,140.60000610351562,36235400,0.0,0.0,0.0021594802590397355,3.61601657395419,3.61601657395419,3.61601657395419,14.620002746582031,-1.0,-1.4799957275390625,0.660003662109375,0.0020379699787609977,0.004322846863050341,0.32039438164055906,0.679605618359441
2023-11-10,140.4600067138672,143.64999389648438,139.91000366210938,143.55999755859375,49287800,0.0,0.0,0.0029991881722107425,3.6248718354128195,3.6248718354128195,3.6248718354128195,17.579994201660156,1.0,2.959991455078125,0.529998779296875,0.0009088920059627403,2.0,1.0,0.0
2023-11-13,142.0800018310547,143.22999572753906,140.6699981689453,142.58999633789062,35680600,0.0,0.0,0.002156512826487561,3.5723809464296497,3.5723809464296497,3.5723809464296497,16.60999298095703,1.0,1.989990234375,0.0,0.0,1.8079273177499275,0.9039636588749638,0.09603634112503623
2023-11-14,145.0,147.25999450683594,144.67999267578125,145.8000030517578,56674600,0.0,0.0,0.003502489448556054,3.65078217660934,3.65078217660934,3.65078217660934,19.81999969482422,1.0,5.1999969482421875,0.0,0.0,2.0,1.0,0.0
2023-11-15,147.05999755859375,147.2899932861328,142.58999633789062,143.1999969482422,63875700,0.0,0.0,0.0038771224743631835,3.725726088868829,3.725726088868829,3.725726088868829,17.219993591308594,1.0,2.5999908447265625,0.0,0.0,2.0,1.0,0.0
2023-11-16,140.91000366210938,143.32000732421875,139.52000427246094,142.8300018310547,49653500,0.0,0.0,0.0030060773225699645,3.7310315862180423,3.7310315862180423,3.7310315862180423,16.849998474121094,-1.0,-0.3699951171875,5.1599884033203125,0.09377729889187128,0.020251087402804117,0.8224031045175831,0.17759689548241686
2023-11-17,142.66000366210938,145.22999572753906,142.5399932861328,145.17999267578125,49636700,0.0,0.0,0.003054502673817065,3.6566723615886287,3.6566723615886287,3.6566723615886287,19.199989318847656,1.0,2.3499908447265625,0.0,0.0,2.0,1.0,0.0
2023-11-20,145.1300048828125,146.6300048828125,144.72999572753906,146.1300048828125,41951200,0.0,0.0,0.002598451564438605,3.531196418280401,3.531196418280401,3.531196418280401,20.150001525878906,1.0,3.3000030517578125,0.0,0.0,2.0,1.0,0.0
2023-11-21,143.91000366210938,144.0500030517578,141.5,143.89999389648438,71226000,0.0,0.0,0.0043444036490513675,3.609682737175551,3.609682737175551,3.609682737175551,17.91999053955078,-1.0,-2.230010986328125,1.0399932861328125,0.0033681042019555398,0.45665195605492487,0.007321646364888418,0.9926783536351116
2023-11-22,144.57000732421875,147.74000549316406,144.57000732421875,146.7100067138672,45669100,0.0,0.0,0.0028399652691211857,3.6261347985687036,3.6261347985687036,3.6261347985687036,20.730003356933594,1.0,2.8100128173828125,1.1100006103515625,0.0028671320160447824,1.5878248570847304,0.7953459945503876,0.20465400544961243
2023-11-24,146.6999969482422,147.1999969482422,145.32000732421875,146.74000549316406,22378400,0.0,0.0,0.0013919011775238672,3.501410143244042,3.501410143244042,3.501410143244042,20.76000213623047,1.0,2.8400115966796875,0.0,0.0,1.6219080209073609,0.8109540104536804,0.18904598954631957
2023-11-27,147.52999877929688,149.25999450683594,146.8800048828125,147.72999572753906,53762400,0.0,0.0,0.003366496536123885,3.431308633988887,3.431308633988887,3.431308633988887,21.74999237060547,1.0,3.8300018310546875,0.0,0.0,2.0,1.0,0.0
2023-11-28,146.97999572753906,147.60000610351562,145.52999877929688,147.02999877929688,42711700,0.0,0.0,0.0026618504378403633,3.3433577992926944,3.3433577992926944,3.3433577992926944,21.04999542236328,-1.0,-0.6999969482421875,0.0,0.0,0.03340368119165557,0.5,0.5
2023-11-29,147.85000610351562,148.5399932861328,145.97000122070312,146.32000732421875,40610900,0.0,0.0,0.002518704205755372,3.288117389731051,3.288117389731051,3.288117389731051,20.340003967285156,1.0,-0.709991455078125,0.0,0.0,0.03436436162857904,0.5,0.5
2023-11-30,144.75999450683594,146.92999267578125,144.3300018310547,146.08999633789062,65814000,0.0,0.0,0.0040753940211430695,3.238965493659302,3.238965493659302,3.238965493659302,20.10999298095703,-1.0,-0.230010986328125,0.0,0.0,0.0036066101238503194,0.5,0.5
2023-12-01,146.0,147.25,145.5500030517578,147.02999877929688,39951800,0.0,0.0,0.0024898497676868543,3.129039168986651,3.129039168986651,3.129039168986651,21.04999542236328,1.0,0.94000244140625,0.0,0.0,2.0,1.0,0.0
2023-12-04,145.25,145.35000610351562,142.80999755859375,144.83999633789062,48294200,0.0,0.0,0.002964929153314399,3.206965029823542,3.206965029823542,3.206965029823542,18.85999298095703,-1.0,-2.19000244140625,1.5200042724609375,0.0064954099133450694,2.0,0.003237191513747638,0.9967628084862523
2023-12-05,143.5500030517578,148.57000732421875,143.1300048828125,146.8800048828125,46822400,0.0,0.0,0.0029150579181180716,3.36646770207945,3.36646770207945,3.36646770207945,20.900001525878906,1.0,2.040008544921875,1.32000732421875,0.003988963351498634,0.8677103447823323,0.4358496540669155,0.5641503459330846
2023-12-06,147.5800018310547,147.85000610351562,144.27999877929688,144.52000427246094,39679000,0.0,0.0,0.0024306337453805834,3.3810062465179715,3.3810062465179715,3.3810062465179715,18.540000915527344,1.0,-0.3199920654296875,0.0,0.0,0.024604494459522903,0.5,0.5
2023-12-07,146.14999389648438,147.9199981689453,145.33999633789062,146.8800048828125,52352800,0.0,0.0,0.0032593682548449415,3.3823625072298578,3.3823625072298578,3.3823625072298578,20.900001525878906,1.0,2.040008544921875,0.0,0.0,2.0,1.0,0.0
2023-12-08,145.47999572753906,147.83999633789062,145.39999389648438,147.4199981689453,41906000,0.0,0.0,0.002618565544387178,3.315051073956743,3.315051073956743,3.315051073956743,21.43999481201172,1.0,2.5800018310546875,0.0,0.0,2.0,1.0,0.0
2023-12-11,145.66000366210938,146.19000244140625,143.63999938964844,145.88999938964844,50907300,0.0,0.0,0.0031480123328647704,3.348261624338181,3.348261624338181,3.348261624338181,19.909996032714844,-1.0,-1.529998779296875,1.6999969482421875,0.007290443297594442,0.351675521593241,0.020309566952431066,0.979690433047569
2023-12-12,145.52000427246094,147.5,145.3000030517578,147.47999572753906,44944300,0.0,0.0,0.0028095617133913372,3.266242718902753,3.266242718902753,3.266242718902753,21.49999237060547,1.0,1.589996337890625,0.0,0.0,1.0799659910960067,0.5399829955480033,0.46001700445199667
2023-12-13,148.1199951171875,149.4600067138672,146.82000732421875,148.83999633789062,52766200,0.0,0.0,0.003328942615469181,3.2215110525274446,3.2215110525274446,3.2215110525274446,22.85999298095703,1.0,2.9499969482421875,0.0,0.0,2.0,1.0,0.0
2023-12-14,149.92999267578125,150.5399932861328,145.52000427246094,147.4199981689453,58400800,0.0,0.0,0.003649270334669181,3.3499737640377614,3.3499737640377614,3.3499737640377614,21.43999481201172,1.0,1.529998779296875,0.0,0.0,1.0,0.5,0.5
2023-12-15,148.3800048828125,150.57000732421875,147.8800048828125,149.97000122070312,110089300,0.0,0.0,0.00699810322479612,3.3356905776974526,3.3356905776974526,3.3356905776974526,23.98999786376953,1.0,4.0800018310546875,0.0,0.0,2.0,1.0,0.0
2023-12-18,150.55999755859375,154.85000610351562,150.0500030517578,154.07000732421875,62512800,0.0,0.0,0.004082421982669908,3.4459987423485274,3.4459987423485274,3.4459987423485274,28.090003967285156,1.0,8.180007934570312,0.0,0.0,2.0,1.0,0.0
2023-12-19,154.39999389648438,155.1199951171875,152.69000244140625,153.7899932861328,43171300,0.0,0.0,0.002814194069450554,3.373426880450865,3.373426880450865,3.373426880450865,27.80998992919922,1.0,7.899993896484375,0.0,0.0,2.0,1.0,0.0
2023-12-20,152.89999389648438,155.6300048828125,151.55999755859375,152.1199951171875,50322100,0.0,0.0,0.003244710081371097,3.4231826264342855,3.4231826264342855,3.4231826264342855,26.139991760253906,1.0,6.2299957275390625,0.0,0.0,2.0,1.0,0.0
2023-12-21,153.3000030517578,153.97000122070312,152.10000610351562,153.83999633789062,36305700,0.0,0.0,0.0023674178319503334,3.3122406614880866,3.3122406614880866,3.3122406614880866,27.85999298095703,1.0,7.9499969482421875,0.589996337890625,0.0004484733354531988,2.0,1.0,0.0
2023-12-22,153.77000427246094,154.35000610351562,152.7100067138672,153.4199981689453,29514100,0.0,0.0,0.0019192977605887141,3.192794856356683,3.192794856356683,3.192794856356683,27.43999481201172,1.0,7.529998779296875,0.0,0.0,2.0,1.0,0.0
2023-12-26,153.55999755859375,153.97999572753906,153.02999877929688,153.41000366210938,25067200,0.0,0.0,0.0016300102872163686,3.0325950057770763,3.0325950057770763,3.0325950057770763,27.43000030517578,1.0,7.5200042724609375,0.0,0.0,2.0,1.0,0.0
2023-12-27,153.55999755859375,154.77999877929688,153.1199951171875,153.33999633789062,31434700,0.0,0.0,0.002043128149742022,2.934552766943669,2.934552766943669,2.934552766943669,27.35999298095703,1.0,7.4499969482421875,0.0,0.0,2.0,1.0,0.0
2023-12-28,153.72000122070312,154.0800018310547,152.9499969482422,153.3800048828125,27057000,0.0,0.0,0.0017590542270363122,2.8056564895057283,2.8056564895057283,2.8056564895057283,27.400001525878906,-1.0,0.040008544921875,0.0800018310546875,8.525084260284041e-06,0.000683790944066061,0.00034615801416317254,0.9996538419858368
2023-12-29,153.10000610351562,153.88999938964844,151.02999877929688,151.94000244140625,39823200,0.0,0.0,0.0025647150652176646,2.809538212423288,2.809538212423288,2.809538212423288,25.959999084472656,-1.0,-1.399993896484375,2.089996337890625,0.0064815922215483044,2.0,0.003230327278692837,0.9967696727213071
2024-01-02,151.5399932861328,152.3800048828125,148.38999938964844,149.92999267578125,47339400,0.0,0.0,0.0030084452196283908,2.893857303904772,2.893857303904772,2.893857303904772,23.949989318847656,-1.0,-3.410003662109375,0.0,0.0,2.0,0.5,0.5
2024-01-03,149.1999969482422,151.0500030517578,148.3300018310547,148.47000122070312,49425500,0.0,0.0,0.003110431363884274,2.8814390122475118,2.8814390122475118,2.8814390122475118,22.48999786376953,-1.0,-4.8699951171875,0.0,0.0,2.0,0.5,0.5
2024-01-04,145.58999633789062,147.3800048828125,144.0500030517578,144.57000732421875,56039800,0.0,0.0,0.0034340421274698498,2.9913360948687835,2.9913360948687835,2.9913360948687835,18.590003967285156,-1.0,-8.769989013671875,0.0,0.0,2.0,0.5,0.5
2024-01-05,144.69000244140625,146.58999633789062,144.52999877929688,145.24000549316406,45153100,0.0,0.0,0.002779743144821506,2.9248119137062814,2.9248119137062814,2.9248119137062814,19.26000213623047,-1.0,-8.099990844726562,0.0,0.0,2.0,0.5,0.5
2024-01-08,146.74000549316406,149.39999389648438,146.14999389648438,149.10000610351562,46757100,0.0,0.0,0.0029549903528235666,3.0130388058215694,3.0130388058215694,3.0130388058215694,23.12000274658203,1.0,3.8600006103515625,2.019989013671875,0.007633474376745185,0.22709401605611906,0.11736374521643213,0.8826362547835679
2024-01-09,148.3300018310547,151.7100067138672,148.2100067138672,151.3699951171875,43812600,0.0,0.0,0.002811057067892664,3.0478217482628858,3.0478217482628858,3.0478217482628858,25.389991760253906,1.0,6.1299896240234375,0.0,0.0,0.5727306467821822,0.2863653233910911,0.7136346766089089
2024-01-10,152.05999755859375,154.4199981689453,151.8800048828125,153.72999572753906,44421800,0.0,0.0,0.0028945803296185494,3.0479775556553808,3.0479775556553808,3.0479775556553808,27.74999237060547,1.0,8.489990234375,0.0,0.0,1.0986144965885065,0.5493072482942533,0.45069275170574674
2024-01-11,155.0399932861328,157.1699981689453,153.1199951171875,155.17999267578125,49072700,0.0,0.0,0.003227799274588435,3.119550805376983,3.119550805376983,3.119550805376983,29.199989318847656,1.0,9.939987182617188,0.0,0.0,1.505922398140456,0.752961199070228,0.24703880092977204
2024-01-12,155.38999938964844,156.1999969482422,154.00999450683594,154.6199951171875,40484200,0.0,0.0,0.0026532737222309402,3.053154493664788,3.053154493664788,3.053154493664788,28.639991760253906,1.0,9.379989624023438,0.0,0.0,1.34102125043161,0.670510625215805,0.32948937478419504
2024-01-16,153.52999877929688,154.99000549316406,152.14999389648438,153.16000366210938,41384600,0.0,0.0,0.002686673977664232,3.0379300010229953,3.0379300010229953,3.0379300010229953,27.18000030517578,-1.0,-1.459991455078125,0.970001220703125,0.0012736369411953674,0.024226792075914032,0.04994570641697151,0.9500542935830285
2024-01-17,151.49000549316406,152.14999389648438,149.91000366210938,151.7100067138672,34953400,0.0,0.0,0.00224768006347198,3.0530778580927813,3.0530778580927813,3.0530778580927813,25.730003356933594,-1.0,-2.9099884033203125,0.0,0.0,0.09624491661977491,0.5,0.5
2024-01-18,152.77000427246094,153.77999877929688,151.82000732421875,153.5,37850200,0.0,0.0,0.0024626766770157603,2.982857444331132,2.982857444331132,2.982857444331132,27.519996643066406,1.0,1.7899932861328125,0.0,0.0,0.37837312995413896,0.18918656497706948,0.8108134350229306
2024-01-19,153.8300018310547,155.75999450683594,152.74000549316406,155.33999633789062,51651600,0.0,0.0,0.0034009316875250805,2.985509699284042,2.985509699284042,2.985509699284042,29.35999298095703,1.0,3.6299896240234375,0.0,0.0,1.556066850110882,0.778033425055441,0.22196657494455896
2024-01-22,156.88999938964844,157.0500030517578,153.89999389648438,154.77999877929688,43687500,0.0,0.0,0.002866176104295273,2.997259660426142,2.997259660426142,2.997259660426142,28.79999542236328,1.0,3.0699920654296875,0.0,0.0,1.1129918636353562,0.5564959318176781,0.4435040681823219
2024-01-23,154.85000610351562,156.2100067138672,153.92999267578125,156.02000427246094,37986000,0.0,0.0,0.002512087070738812,2.9460278302589846,2.9460278302589846,2.9460278302589846,30.040000915527344,1.0,4.30999755859375,0.0,0.0,2.0,1.0,0.0
2024-01-24,157.8000030517578,158.50999450683594,156.47999572753906,156.8699951171875,48547300,0.0,0.0,0.0032280169255581295,2.9134537162672713,2.9134537162672713,2.9134537162672713,30.889991760253906,1.0,5.1599884033203125,0.0,0.0,2.0,1.0,0.0
2024-01-25,156.9499969482422,158.50999450683594,154.5500030517578,157.75,43638600,0.0,0.0,0.0029179041123031167,2.988206411896618,2.988206411896618,2.988206411896618,31.769996643066406,-1.0,0.8800048828125,0.0,0.0,0.09145082911428805,0.045725414557144024,0.9542745854428559
2024-01-26,158.4199981689453,160.72000122070312,157.91000366210938,159.1199951171875,51047400,0.0,0.0,0.0034429381640880123,2.986906041097083,2.986906041097083,2.986906041097083,33.139991760253906,1.0,1.3699951171875,0.0,0.0,0.22164376665588106,0.11082188332794053,0.8891781166720595
2024-01-29,159.33999633789062,161.2899932861328,158.89999389648438,161.25999450683594,45270400,0.0,0.0,0.0030943669327615957,2.9442698517078942,2.9442698517078942,2.9442698517078942,35.279991149902344,1.0,3.5099945068359375,0.0,0.0,1.4548906640553,0.72744533202765,0.27255466797234995
2024-01-30,160.6999969482422,161.72999572753906,158.49000549316406,159.0,45207400,0.0,0.0,0.003046754726549587,2.9653927361841164,2.9653927361841164,2.9653927361841164,33.019996643066406,1.0,1.25,0.0,0.0,0.184517477775828,0.092258738887914,0.907741261112086
2024-01-31,157.0,159.00999450683594,154.80999755859375,155.1999969482422,50284400,0.0,0.0,0.003307926260047534,3.0535787513311217,3.0535787513311217,3.0535787513311217,29.219993591308594,-1.0,-3.8000030517578125,4.089996337890625,0.01959230827636052,2.0,0.009701120466774679,0.9902988795332254
2024-02-01,155.8699951171875,159.75999450683594,155.6199951171875,159.27999877929688,76542400,0.0,0.0,0.00516766268976029,3.161180094707024,3.161180094707024,3.161180094707024,33.29999542236328,1.0,4.0800018310546875,0.0,0.0,1.1527969670474048,0.5763984835237024,0.4236015164762976
2024-02-02,169.19000244140625,172.5,167.3300018310547,171.80999755859375,117218300,0.0,0.0,0.008536398664003006,3.87966731799246,3.87966731799246,3.87966731799246,45.829994201660156,1.0,16.610000610351562,0.0,0.0,2.0,1.0,0.0
2024-02-05,170.1999969482422,170.5500030517578,167.6999969482422,170.30999755859375,55081300,0.0,0.0,0.003976263561576767,3.8961196960181104,3.8961196960181104,3.8961196960181104,44.329994201660156,1.0,15.110000610351562,0.0,0.0,2.0,1.0,0.0
2024-02-06,169.38999938964844,170.7100067138672,167.64999389648438,169.14999389648438,42505500,0.0,0.0,0.0030475297549642094,3.8363977761155894,3.8363977761155894,3.8363977761155894,43.16999053955078,1.0,13.949996948242188,0.0,0.0,2.0,1.0,0.0
2024-02-07,169.47999572753906,170.8800048828125,168.94000244140625,170.52999877929688,47174100,0.0,0.0,0.0034098498154210757,3.700940966493494,3.700940966493494,3.700940966493494,44.54999542236328,1.0,15.330001831054688,0.0,0.0,2.0,1.0,0.0
2024-02-08,169.64999389648438,171.42999267578125,168.8800048828125,169.83999633789062,42316500,0.0,0.0,0.0030463552752878834,3.618730025527441,3.618730025527441,3.618730025527441,43.85999298095703,1.0,14.639999389648438,0.0,0.0,2.0,1.0,0.0
2024-02-09,170.89999389648438,175.0,170.5800018310547,174.4499969482422,56986000,0.0,0.0,0.004213761772364805,3.728820999569008,3.728820999569008,3.728820999569008,48.469993591308594,1.0,19.25,0.0,0.0,2.0,1.0,0.0
2024-02-12,174.8000030517578,175.38999938964844,171.5399932861328,172.33999633789062,51050400,0.0,0.0,0.0037292033665241083,3.7374770784223377,3.7374770784223377,3.7374770784223377,46.35999298095703,1.0,17.139999389648438,0.0,0.0,2.0,1.0,0.0
2024-02-13,167.72999572753906,170.9499969482422,165.75,168.63999938964844,56345100,0.0,0.0,0.004027611617414744,3.941228454098644,3.941228454098644,3.941228454098644,42.659996032714844,-1.0,-3.6999969482421875,4.8300018310546875,0.012818965223264272,0.04659948611814985,0.2157404801684821,0.7842595198315179
2024-02-14,169.2100067138672,171.2100067138672,168.27999877929688,170.97999572753906,42815500,0.0,0.0,0.003102967028606989,3.8689984169894776,3.8689984169894776,3.8689984169894776,44.99999237060547,1.0,2.339996337890625,0.0,0.0,0.3999701894717111,0.19998509473585555,0.8000149052641444
2024-02-15,170.5800018310547,171.1699981689453,167.58999633789062,169.8000030517578,49855200,0.0,0.0,0.0035882194457374367,3.8483558037084213,3.8483558037084213,3.8483558037084213,43.81999969482422,-1.0,-1.17999267578125,0.0,0.0,0.2542894062891153,0.5,0.5
2024-02-16,168.74000549316406,170.4199981689453,167.1699981689453,169.50999450683594,48107700,0.0,0.0,0.003456533280621888,3.8056161034435343,3.8056161034435343,3.8056161034435343,43.529991149902344,-1.0,-1.470001220703125,0.0,0.0,0.3946435737691036,0.5,0.5
2024-02-20,167.8300018310547,168.7100067138672,165.74000549316406,167.0800018310547,41980300,0.0,0.0,0.00297304065542427,3.8030713113169874,3.8030713113169874,3.8030713113169874,41.099998474121094,-1.0,-3.899993896484375,0.0,0.0,2.0,0.5,0.5
2024-02-21,168.94000244140625,170.22999572753906,167.13999938964844,168.58999633789062,44420100,0.0,0.0,0.0031742576290942357,3.7564229245432297,3.7564229245432297,3.7564229245432297,42.60999298095703,1.0,1.5099945068359375,0.0,0.0,0.14990733381793586,0.07495366690896793,0.9250463330910321
2024-02-22,173.10000610351562,174.8000030517578,171.77000427246094,174.5800018310547,55392400,0.0,0.0,0.004098977316564634,3.931678909494941,3.931678909494941,3.931678909494941,48.599998474121094,1.0,7.5,0.0,0.0,2.0,1.0,0.0
2024-02-23,174.27999877929688,175.75,173.6999969482422,174.99000549316406,59715200,0.0,0.0,0.004429237568321227,3.797273491085146,3.797273491085146,3.797273491085146,49.01000213623047,1.0,7.910003662109375,0.0,0.0,2.0,1.0,0.0
2024-02-26,175.6999969482422,176.3699951171875,174.25999450683594,174.72999572753906,44368600,0.0,0.0,0.0032860489647726864,3.676753999604176,3.676753999604176,3.676753999604176,48.74999237060547,1.0,7.649993896484375,0.0,0.0,2.0,1.0,0.0
2024-02-27,174.0800018310547,174.6199951171875,172.86000061035156,173.5399932861328,31141700,0.0,0.0,0.0022907238202763353,3.5476997937172707,3.5476997937172707,3.5476997937172707,47.55998992919922,-1.0,-1.19000244140625,0.839996337890625,0.0003119401505353087,0.024197668763670892,0.012727259403739513,0.9872727405962605
2024-02-28,172.44000244140625,174.0500030517578,172.27000427246094,173.16000366210938,28180500,0.0,0.0,0.0020683647116702575,3.4214354355443852,3.4214354355443852,3.4214354355443852,47.18000030517578,-1.0,-1.5699920654296875,0.0,0.0,0.042118484663066245,0.5,0.5
2024-02-29,173.00999450683594,177.22000122070312,172.85000610351562,176.75999450683594,53805400,0.0,0.0,0.004031258824782598,3.4891896985188935,3.4891896985188935,3.4891896985188935,50.779991149902344,1.0,3.5999908447265625,2.600006103515625,0.0026215822823807532,2.0,1.0,0.0
2024-03-01,176.75,178.72999572753906,176.07000732421875,178.22000122070312,31981200,0.0,0.0,0.002415917148819157,3.429961034576138,3.429961034576138,3.429961034576138,52.23999786376953,1.0,5.05999755859375,0.0,0.0,2.0,1.0,0.0
2024-03-04,177.52999877929688,180.13999938964844,177.49000549316406,177.5800018310547,37381500,0.0,0.0,0.002813724805511182,3.3742490961410123,3.3742490961410123,3.3742490961410123,51.599998474121094,1.0,4.4199981689453125,0.0,0.0,2.0,1.0,0.0
2024-03-05,176.92999267578125,176.92999267578125,173.3000030517578,174.1199951171875,37228300,0.0,0.0,0.002747594827962791,3.438945502080717,3.438945502080717,3.438945502080717,48.139991760253906,-1.0,-3.4600067138671875,2.7700042724609375,0.0033109212760735105,0.6127872268636375,0.005374015951956248,0.9946259840480437
2024-03-06,175.5399932861328,176.4600067138672,173.25999450683594,173.50999450683594,32090900,0.0,0.0,0.002360137101940174,3.4218788381486123,3.4218788381486123,3.4218788381486123,47.529991149902344,-1.0,-4.07000732421875,0.0,0.0,0.8479030601233687,0.5,0.5
2024-03-07,174.8300018310547,177.99000549316406,173.72000122070312,176.82000732421875,34063300,0.0,0.0,0.002552989111773568,3.49745970587572,3.49745970587572,3.49745970587572,50.840003967285156,1.0,3.3100128173828125,1.0600128173828125,0.0004347214621471803,0.6614072779593906,0.3309209997107689,0.6690790002892311
2024-03-08,176.44000244140625,178.7899932861328,174.3300018310547,175.35000610351562,37893200,0.0,0.0,0.00281642315593316,3.566211973675892,3.566211973675892,3.566211973675892,49.37000274658203,1.0,1.8400115966796875,0.0,0.0,0.2043858091868028,0.1021929045934014,0.8978070954065986
2024-03-11,174.30999755859375,174.47000122070312,171.47000122070312,171.9600067138672,28484800,0.0,0.0,0.002076210900394223,3.5886257528999352,3.5886257528999352,3.5886257528999352,45.980003356933594,-1.0,-3.3899993896484375,2.25,0.00239456725269682,2.0,0.0011958518525058664,0.9988041481474942
2024-03-12,173.5,176.75999450683594,171.97999572753906,175.38999938964844,36610600,0.0,0.0,0.002721714154959534,3.6751516129048505,3.6751516129048505,3.6751516129048505,49.409996032714844,1.0,3.42999267578125,0.0,0.0,1.02373404271735,0.511867021358675,0.488132978641325
2024-03-13,175.89999389648438,177.6199951171875,175.5500030517578,176.55999755859375,30772600,0.0,0.0,0.0023029650373246665,3.57192619252158,3.57192619252158,3.57192619252158,50.579994201660156,1.0,4.5999908447265625,0.0,0.0,1.8412582026811455,0.9206291013405727,0.07937089865942726
2024-03-14,177.69000244140625,179.52999877929688,176.47000122070312,178.75,43705800,0.0,0.0,0.003311432931635313,3.535359861526735,3.535359861526735,3.535359861526735,52.769996643066406,1.0,6.7899932861328125,0.0,0.0,2.0,1.0,0.0
2024-03-15,176.63999938964844,177.92999267578125,173.89999389648438,174.4199981689453,72147400,0.0,0.0,0.005333936011932242,3.6292631645259417,3.6292631645259417,3.6292631645259417,48.43999481201172,-1.0,-4.3300018310546875,1.6500091552734375,0.0011602846105082426,0.4066656313512152,0.00284504874530127,0.9971549512546988
2024-03-18,175.8000030517578,176.69000244140625,174.27999877929688,174.47999572753906,31250700,0.0,0.0,0.002311193091273023,3.5421732000676154,3.5421732000676154,3.5421732000676154,48.49999237060547,-1.0,-4.2700042724609375,0.0,0.0,0.39547399350356793,0.5,0.5
2024-03-19,174.22000122070312,176.08999633789062,173.52000427246094,175.89999389648438,26880900,0.0,0.0,0.0020041972807618453,3.4727316904506207,3.4727316904506207,3.4727316904506207,49.91999053955078,-1.0,-2.850006103515625,0.0,0.0,0.17617849286770648,0.5,0.5
2024-03-20,176.13999938964844,178.52999877929688,174.63999938964844,178.14999389648438,29947200,0.0,0.0,0.0022613764949136373,3.502536526107608,3.502536526107608,3.502536526107608,52.16999053955078,1.0,2.25,1.839996337890625,0.0012439198590738934,0.6232660285044388,0.31225497418175635,0.6877450258182436
2024-03-21,179.99000549316406,181.4199981689453,178.14999389648438,178.14999389648438,32824300,0.0,0.0,0.002478632409106484,3.48592707941856,3.48592707941856,3.48592707941856,52.16999053955078,1.0,2.25,0.0,0.0,0.6232660285044388,0.3116330142522194,0.6883669857477805
2024-03-22,177.75,179.25999450683594,176.75,178.8699951171875,27995400,0.0,0.0,0.0021225357369554195,3.4162176099483728,3.4162176099483728,3.4162176099483728,52.889991760253906,-1.0,0.720001220703125,0.0,0.0,0.06382265773085344,0.03191132886542672,0.9680886711345733
2024-03-25,178.00999450683594,180.9900054931641,177.24000549316406,179.7100067138672,29815500,0.0,0.0,0.002271146745146733,3.4400592092377766,3.4400592092377766,3.4400592092377766,53.730003356933594,1.0,0.8400115966796875,0.9099884033203125,0.0002868388549943171,0.08687183259817448,0.0435793357265844,0.9564206642734157
2024-03-26,180.1499938964844,180.4499969482422,177.9499969482422,178.3000030517578,29659000,0.0,0.0,0.0022414997437082964,3.37291212286365,3.37291212286365,3.37291212286365,52.31999969482422,1.0,-0.5699920654296875,0.0,0.0,0.46043365111712603,0.5,0.5
2024-03-27,179.8800048828125,180.0,177.30999755859375,179.8300018310547,33272600,0.0,0.0,0.0025361779746923127,3.324132859902407,3.324132859902407,3.324132859902407,53.849998474121094,-1.0,1.529998779296875,0.0,0.0,2.0,1.0,0.0
2024-03-28,180.1699981689453,181.6999969482422,179.25999450683594,180.3800048828125,38051600,0.0,0.0,0.0029093244450184882,3.260980687152682,3.260980687152682,3.260980687152682,54.400001525878906,1.0,0.5500030517578125,0.0,0.0,0.9310919636595639,0.46554598182978196,0.534454018170218
2024-04-01,180.7899932861328,183.0,179.9499969482422,180.97000122070312,29174500,0.0,0.0,0.0022379008950101065,3.2459108560530483,3.2459108560530483,3.2459108560530483,54.98999786376953,1.0,1.1399993896484375,0.0,0.0,2.0,1.0,0.0
2024-04-02,179.07000732421875,180.7899932861328,178.3800048828125,180.69000244140625,32611500,0.0,0.0,0.002497673912443033,3.1990598190414468,3.1990598190414468,3.1990598190414468,54.709999084472656,-1.0,-0.279998779296875,0.8799896240234375,0.00025871504673107427,0.06032579282639674,0.004270316881550952,0.995729683118449
2024-04-03,179.89999389648438,182.8699951171875,179.8000030517578,182.41000366210935,31046600,0.0,0.0,0.0024004548253056075,3.1898406937834642,3.1898406937834642,3.1898406937834642,56.43000030517575,1.0,1.7200012207030966,0.0,0.0,2.0,1.0,0.0
2024-04-04,184.0,185.1000061035156,180.0,180.0,41624300,0.0,0.0,0.003175779105565986,3.3262810801929024,3.3262810801929024,3.3262810801929024,54.019996643066406,1.0,-0.69000244140625,0.0,0.0,0.16093249504989543,0.5,0.5
2024-04-05,182.3800048828125,186.27000427246097,181.97000122070312,185.07000732421875,42374000,0.0,0.0,0.0033240407812867704,3.536547022497764,3.536547022497764,3.536547022497764,59.090003967285156,1.0,4.3800048828125,3.400009155273466,0.0033107938109632035,2.0,1.0,0.0
2024-04-08,186.8999938964844,187.2899932861328,184.80999755859375,185.19000244140625,39221300,0.0,0.0,0.0030787211890895253,3.461079072857857,3.461079072857857,3.461079072857857,59.209999084472656,1.0,4.5,0.0,0.0,2.0,1.0,0.0
2024-04-09,187.2400054931641,187.33999633789065,184.1999969482422,185.6699981689453,36520100,0.0,0.0,0.0028741175732574075,3.438144809771472,3.438144809771472,3.438144809771472,59.68999481201172,1.0,4.9799957275390625,0.0,0.0,2.0,1.0,0.0
2024-04-10,182.77000427246097,186.27000427246097,182.6699981689453,185.9499969482422,35879200,0.0,0.0,0.0028279372301606574,3.4497063307531994,3.4497063307531994,3.4497063307531994,59.969993591308594,-1.0,0.279998779296875,2.1399993896484375,0.001273383722735913,0.16466868644149854,0.08297103508211723,0.9170289649178828
2024-04-11,186.7400054931641,189.77000427246097,185.5099945068359,189.0500030517578,40020700,0.0,0.0,0.0032069501431302057,3.5075851475297606,3.5075851475297606,3.5075851475297606,63.06999969482422,1.0,3.100006103515625,0.0,0.0,2.0,1.0,0.0
2024-04-12,187.72000122070312,188.3800048828125,185.0800018310547,186.1300048828125,38608800,0.0,0.0,0.003046025475089866,3.540614867042144,3.540614867042144,3.540614867042144,60.150001525878906,-1.0,-2.9199981689453125,0.0,0.0,0.8872378493170084,0.5,0.5
2024-04-15,187.42999267578125,188.69000244140625,183.0,183.6199951171875,48052400,0.0,0.0,0.00373995084335728,3.6941425509252945,3.6941425509252945,3.6941425509252945,57.639991760253906,-1.0,-5.4300079345703125,0.0,0.0,2.0,0.5,0.5
2024-04-16,183.27000427246097,184.8300018310547,182.2599945068359,183.32000732421875,32891300,0.0,0.0,0.002555769857334469,3.613847177589115,3.613847177589115,3.613847177589115,57.340003967285156,-1.0,-5.7299957275390625,0.0,0.0,2.0,0.5,0.5
2024-04-17,184.30999755859375,184.57000732421875,179.82000732421875,181.27999877929688,31359700,0.0,0.0,0.002409642574686885,3.695000950618464,3.695000950618464,3.695000950618464,55.29999542236328,-1.0,-7.7700042724609375,0.0,0.0,2.0,0.5,0.5
2024-04-18,181.47000122070312,182.38999938964844,178.64999389648438,179.22000122070312,30723800,0.0,0.0,0.002333953741834982,3.6982155608002922,3.6982155608002922,3.6982155608002922,53.23999786376953,-1.0,-9.830001831054688,0.0,0.0,2.0,0.5,0.5
2024-04-19,178.74000549316406,179.0,173.44000244140625,174.6300048828125,56000700,0.0,0.0,0.004145177772796838,3.8469143621214767,3.8469143621214767,3.8469143621214767,48.650001525878906,-1.0,-14.419998168945312,0.0,0.0,2.0,0.5,0.5
2024-04-22,176.94000244140625,178.8699951171875,174.55999755859375,177.22999572753906,37924900,0.0,0.0,0.0028490004002323568,3.879991733298068,3.879991733298068,3.879991733298068,51.24999237060547,-1.0,-11.82000732421875,0.0,0.0,2.0,0.5,0.5
2024-04-23,178.0800018310547,179.92999267578125,175.97999572753906,179.5399932861328,37046500,0.0,0.0,0.0028192866018160205,3.8849921057940766,3.8849921057940766,3.8849921057940766,53.55998992919922,1.0,2.30999755859375,0.92999267578125,0.0003014935900177886,0.03819333221489598,0.019247412902456885,0.9807525870975431
2024-04-24,179.94000244140625,180.32000732421875,176.17999267578125,176.58999633789062,34185100,0.0,0.0,0.0025587849704299206,3.903208001697178,3.903208001697178,3.903208001697178,50.60999298095703,1.0,-0.6399993896484375,0.0,0.0,0.07676019650136982,0.5,0.5
2024-04-25,169.67999267578125,173.9199981689453,166.32000732421875,173.6699981689453,49249400,0.0,0.0,0.003625405443763705,4.357978073981085,4.357978073981085,4.357978073981085,47.68999481201172,-1.0,-2.9199981689453125,0.0,0.0,1.5978724779356648,0.5,0.5
2024-04-26,177.8000030517578,180.82000732421875,176.1300048828125,179.6199951171875,43919800,0.0,0.0,0.003343842959022196,4.5574088655019676,4.5574088655019676,4.5574088655019676,53.639991760253906,1.0,5.9499969482421875,0.5,8.688856079987043e-05,2.0,1.0,0.0
2024-04-29,182.75,183.52999877929688,179.38999938964844,180.9600067138672,54063900,0.0,0.0,0.0041468737510883796,4.5275939029410015,4.5275939029410015,4.5275939029410015,54.980003356933594,1.0,7.290008544921875,0.0,0.0,2.0,1.0,0.0
2024-04-30,181.08999633789065,182.9900054931641,174.8000030517578,175.0,94639800,0.0,0.0,0.007020090347080267,4.789194512831378,4.789194512831378,4.789194512831378,49.019996643066406,-1.0,-5.9600067138671875,1.3300018310546875,0.0007361357735571641,0.6684015112969637,0.0011001260753747163,0.9988998739246253
2024-05-01,181.63999938964844,185.1499938964844,176.55999755859375,179.0,94645100,0.0,0.0,0.007180951678777967,5.17210875452088,5.17210875452088,5.17210875452088,53.019996643066406,1.0,4.0,1.6199951171875284,0.000933572433266996,0.4504291459971355,0.22568135921520124,0.7743186407847987
2024-05-02,180.8500061035156,185.1000061035156,179.91000366210938,184.72000122070312,54303500,0.0,0.0,0.004251797611099887,5.238387136591932,5.238387136591932,5.238387136591932,58.73999786376953,1.0,9.720001220703125,0.0,0.0,2.0,1.0,0.0
2024-05-03,186.9900054931641,187.8699951171875,185.4199981689453,186.2100067138672,39172000,0.0,0.0,0.003091787240219556,5.089216190869964,5.089216190869964,5.089216190869964,60.230003356933594,1.0,11.210006713867188,0.0,0.0,2.0,1.0,0.0
2024-05-06,186.27999877929688,188.75,184.8000030517578,188.6999969482422,34725300,0.0,0.0,0.0027774659179830912,5.0078433878251225,5.0078433878251225,5.0078433878251225,62.719993591308594,1.0,13.699996948242188,0.0,0.0,2.0,1.0,0.0
2024-05-07,188.9199981689453,189.94000244140625,187.30999755859375,188.7599945068359,34048900,0.0,0.0,0.002724230688164784,4.837997780324221,4.837997780324221,4.837997780324221,62.779991149902315,1.0,13.759994506835909,0.0,0.0,2.0,1.0,0.0
2024-05-08,187.44000244140625,188.42999267578125,186.38999938964844,188.0,26136400,0.0,0.0,0.0020827371146670453,4.661711875814453,4.661711875814453,4.661711875814453,62.019996643066406,-1.0,-0.7599945068359091,0.0,0.0,0.003050593815410431,0.5,0.5
2024-05-09,188.8800048828125,191.6999969482422,187.44000244140625,189.5,43368400,0.0,0.0,0.0034834810565338025,4.633017778030274,4.633017778030274,4.633017778030274,63.519996643066406,1.0,1.5,1.7599945068359375,0.0007677179442821564,2.0,1.0,0.0
2024-05-10,189.16000366210935,189.88999938964844,186.92999267578125,187.47999572753903,34141800,0.0,0.0,0.0027131398973678747,4.513516987732911,4.513516987732911,4.513516987732911,61.49999237060544,-1.0,-2.020004272460966,0.0,0.0,1.8135187825602475,0.5,0.5
2024-05-13,188.0,188.30999755859375,185.36000061035156,186.57000732421875,24898600,0.0,0.0,0.0019690085217791767,4.401836984912145,4.401836984912145,4.401836984912145,60.590003967285156,-1.0,-2.92999267578125,0.0,0.0,2.0,0.5,0.5
2024-05-14,183.82000732421875,187.72000122070312,183.4499969482422,187.07000732421875,38698200,0.0,0.0,0.0030684974518619063,4.392420362594202,4.392420362594202,4.392420362594202,61.090003967285156,-1.0,-2.42999267578125,0.0,0.0,2.0,0.5,0.5
2024-05-15,185.97000122070312,186.72000122070312,182.72999572753903,185.9900054931641,75459900,0.0,0.0,0.00594890004023995,4.3886768793145965,4.3886768793145965,4.3886768793145965,60.0100021362305,-1.0,-3.509994506835909,0.0,0.0,2.0,0.5,0.5
2024-05-16,185.6000061035156,187.30999755859375,183.4600067138672,183.6300048828125,38834500,0.0,0.0,0.003022680209871436,4.350199305415451,4.350199305415451,4.350199305415451,57.650001525878906,1.0,-2.360000610351591,0.0,0.0,2.0,0.5,0.5
2024-05-17,183.7599945068359,185.3000030517578,183.3500061035156,184.6999969482422,33175700,0.0,0.0,0.0025972743247235437,4.1787562799030775,4.1787562799030775,4.1787562799030775,58.719993591308594,-1.0,1.0699920654296875,0.0,0.0,0.205559183405502,0.102779591702751,0.897220408297249
2024-05-20,184.33999633789065,186.6699981689453,183.27999877929688,183.5399932861328,30511800,0.0,0.0,0.0023737194008848187,4.122416502027746,4.122416502027746,4.122416502027746,57.55998992919922,-1.0,-0.0900115966796875,0.1800079345703125,9.780068103934751e-06,0.0070767819896944365,0.001380086426135551,0.9986199135738645
2024-05-21,182.3000030517578,183.2599945068359,180.75,183.1499938964844,50839100,0.0,0.0,0.003946713499154082,4.027243415178108,4.027243415178108,4.027243415178108,57.16999053955081,-1.0,-0.4800109863280966,0.0,0.0,0.2012524799075726,0.5,0.5
2024-05-22,183.8800048828125,185.22000122070312,181.97000122070312,183.1300048828125,28148800,0.0,0.0,0.002184993912074804,3.9717260283796723,3.9717260283796723,3.9717260283796723,57.150001525878906,1.0,-0.01998901367190342,0.0,0.0,0.00034899693729998157,0.5,0.5
2024-05-23,183.66000366210935,184.7599945068359,180.0800018310547,181.0500030517578,33670200,0.0,0.0,0.002583896249050705,4.022316503194069,4.022316503194069,4.022316503194069,55.06999969482422,-1.0,-2.0800018310546875,1.5,0.000741911956200285,2.0,0.0003708184207901607,0.9996291815792099
2024-05-24,181.6499938964844,182.44000244140625,180.3000030517578,180.75,27471600,0.0,0.0,0.0021047140452040074,3.887865280797952,3.887865280797952,3.887865280797952,54.769996643066406,-1.0,-2.3800048828125,0.0,0.0,2.0,0.5,0.5
2024-05-28,179.92999267578125,182.2400054931641,179.49000549316406,182.1499938964844,29927000,0.0,0.0,0.002310591565009975,3.8065891893123864,3.8065891893123864,3.8065891893123864,56.16999053955081,-1.0,-0.9800109863280966,0.0,0.0,0.8388818040593967,0.5,0.5
2024-05-29,181.6999969482422,184.0800018310547,181.5500030517578,182.02000427246097,32009300,0.0,0.0,0.002469597267590699,3.7154041600255643,3.7154041600255643,3.7154041600255643,56.04000091552737,1.0,-0.1299896240234375,1.6399993896484375,0.0008564284886009658,0.014758977168285012,0.05484510024389303,0.945154899756107
2024-05-30,181.30999755859375,181.33999633789065,178.36000061035156,179.32000732421875,29184700,0.0,0.0,0.002218272116811421,3.7114469816029816,3.7114469816029816,3.7114469816029816,53.340003967285156,-1.0,-2.699996948242216,0.0,0.0,2.0,0.5,0.5
2024-05-31,178.3000030517578,179.2100067138672,173.8699951171875,176.44000244140625,58903900,0.0,0.0,0.004405264042125719,3.8356302119907153,3.8356302119907153,3.8356302119907153,50.459999084472656,-1.0,-5.580001831054716,0.0,0.0,2.0,0.5,0.5
2024-06-03,177.6999969482422,178.6999969482422,175.9199981689453,178.33999633789062,30786600,0.0,0.0,0.00232724079603161,3.7602279667982983,3.7602279667982983,3.7602279667982983,52.35999298095703,-1.0,-3.680007934570341,0.0,0.0,2.0,0.5,0.5
2024-06-04,177.63999938964844,179.82000732421875,176.44000244140625,179.33999633789062,27198400,0.0,0.0,0.0020675277725417224,3.733069175085027,3.733069175085027,3.733069175085027,53.35999298095703,1.0,1.0,0.6100006103515625,0.00013068598379403288,0.07384183658343108,0.036986261283612556,0.9630137387163874
2024-06-05,180.10000610351562,181.5,178.75,181.27999877929688,32116400,0.0,0.0,0.002467786515358051,3.6628499482932395,3.6628499482932395,3.6628499482932395,55.29999542236328,1.0,2.94000244140625,0.0,0.0,0.6382603587271625,0.31913017936358123,0.6808698206364188
2024-06-06,181.75,185.0,181.4900054931641,185.0,31371200,0.0,0.0,0.002459992022976744,3.666932182036803,3.666932182036803,3.666932182036803,59.019996643066406,1.0,6.660003662109375,0.0,0.0,2.0,1.0,0.0
2024-06-07,184.8999938964844,186.2899932861328,183.36000061035156,184.3000030517578,28021500,0.0,0.0,0.0021890090689353978,3.614293645875692,3.614293645875692,3.614293645875692,58.31999969482422,1.0,5.9600067138671875,0.0,0.0,2.0,1.0,0.0
2024-06-10,184.07000732421875,187.22999572753903,183.7899932861328,187.05999755859375,34445600,0.0,0.0,0.002731149774932485,3.6018442741278727,3.6018442741278727,3.6018442741278727,61.079994201660156,1.0,8.720001220703125,0.0,0.0,2.0,1.0,0.0
2024-06-11,187.05999755859375,187.77000427246097,184.5399932861328,187.22999572753903,27265100,0.0,0.0,0.0021637812901130747,3.57528475357075,3.57528475357075,3.57528475357075,61.24999237060544,1.0,8.889999389648409,0.0,0.0,2.0,1.0,0.0
2024-06-12,188.02000427246097,188.3500061035156,185.42999267578125,186.88999938964844,33984200,0.0,0.0,0.0026921171361733286,3.52847965886815,3.52847965886815,3.52847965886815,60.909996032714844,1.0,8.550003051757812,0.0,0.0,2.0,1.0,0.0
2024-06-13,186.08999633789065,187.6699981689453,182.6699981689453,183.8300018310547,39721500,0.0,0.0,0.003095087068905725,3.6335882546632825,3.6335882546632825,3.6335882546632825,57.849998474121094,-1.0,-3.05999755859375,1.8699951171875,0.0010448988264364762,0.12808834683219636,0.008091632957160344,0.9919083670428397
2024-06-14,183.0800018310547,183.72000122070312,182.22999572753903,183.66000366210935,25456400,0.0,0.0,0.001981720555058054,3.4883323867241662,3.4883323867241662,3.4883323867241662,57.68000030517575,-1.0,-3.229995727539091,0.0,0.0,0.14271556995039938,0.5,0.5
2024-06-17,182.52000427246097,185.0,181.22000122070312,184.05999755859375,35601900,0.0,0.0,0.002777559856949006,3.5091657004793597,3.5091657004793597,3.5091657004793597,58.079994201660156,-1.0,-2.8300018310546875,0.0,0.0,0.10955719225092667,0.5,0.5
2024-06-18,183.7400054931641,184.2899932861328,181.42999267578125,182.80999755859375,36659200,0.0,0.0,0.0028406240853008947,3.4627967654702316,3.4627967654702316,3.4627967654702316,56.829994201660156,-1.0,-4.0800018310546875,0.5699920654296875,0.00010059639019887675,0.22771318433954538,0.00044157289289805676,0.999558427107102
2024-06-20,182.91000366210935,186.5099945068359,182.72000122070312,186.1000061035156,44726800,0.0,0.0,0.00352813385634917,3.4861679455175567,3.4861679455175567,3.4861679455175567,60.120002746582,1.0,3.2900085449218466,1.509994506835909,0.0006308305993754973,0.6502394818197524,0.325435156209564,0.674564843790436
2024-06-21,187.8000030517578,189.27999877929688,185.86000061035156,189.0800018310547,70792500,0.0,0.0,0.005673664958471649,3.4814415329052535,3.4814415329052535,3.4814415329052535,63.099998474121094,1.0,6.2700042724609375,0.0,0.0,2.0,1.0,0.0
2024-06-24,189.3300018310547,191.0,185.3300018310547,185.57000732421875,50610400,0.0,0.0,0.003980873649711905,3.6377670069081147,3.6377670069081147,3.6377670069081147,59.590003967285156,1.0,2.760009765625,0.0,0.0,0.45761528432141263,0.22880764216070631,0.7711923578392936
2024-06-25,186.80999755859375,188.83999633789065,185.4199981689453,186.33999633789065,45366400,0.0,0.0,0.0035832015658191605,3.6222120899107737,3.6222120899107737,3.6222120899107737,60.35999298095706,1.0,3.5299987792969034,0.44000244140625,5.3138808377379675e-05,0.7485630645214741,0.3743081016649258,0.6256918983350742
2024-06-26,186.9199981689453,194.8000030517578,186.2599945068359,193.61000061035156,65103900,0.0,0.0,0.005342759567318544,3.9734832652687118,3.9734832652687118,3.9734832652687118,67.62999725341797,1.0,10.800003051757812,0.0,0.0,2.0,1.0,0.0
2024-06-27,195.0099945068359,199.83999633789065,194.1999969482422,197.8500061035156,74397500,0.0,0.0,0.006239147443444926,4.134662726859453,4.134662726859453,4.134662726859453,71.870002746582,1.0,15.040008544921847,0.0,0.0,2.0,1.0,0.0
2024-06-28,197.72999572753903,198.8500061035156,192.5,193.25,76930200,0.0,0.0,0.006301547337013628,4.292901539477749,4.292901539477749,4.292901539477749,67.2699966430664,-1.0,-4.600006103515597,0.0,0.0,0.09354501519167771,0.5,0.5
2024-07-01,193.4900054931641,198.3000030517578,192.82000732421875,197.1999969482422,41192000,0.0,0.0,0.003443107811210149,4.377693981482129,4.377693981482129,4.377693981482129,71.2199935913086,-1.0,-0.6500091552734091,0.0,0.0,0.001867853374345842,0.5,0.5
2024-07-02,197.27999877929688,200.42999267578125,195.92999267578125,200.0,45600000,0.0,0.0,0.003865678013772643,4.3864301256619775,4.3864301256619775,4.3864301256619775,74.0199966430664,1.0,2.8000030517578125,1.5799865722656534,0.00045562617955186436,2.0,1.0,0.0
2024-07-03,199.94000244140625,200.02999877929688,196.7599945068359,197.58999633789065,31597900,0.0,0.0,0.002646391009247816,4.306685421861905,4.306685421861905,4.306685421861905,71.60999298095706,1.0,0.3899993896484659,0.0,0.0,0.3599887322181162,0.1799943661090581,0.8200056338909418
2024-07-05,198.6499938964844,200.5500030517578,198.1699981689453,200.0,39858900,0.0,0.0,0.003378984065420228,4.210494085576566,4.210494085576566,4.210494085576566,74.0199966430664,1.0,2.8000030517578125,0.0,0.0,2.0,1.0,0.0
2024-07-08,200.0399932861328,201.1999969482422,197.9600067138672,199.2899932861328,34767300,0.0,0.0,0.00293688740311309,4.141172381919311,4.141172381919311,4.141172381919311,73.30998992919922,1.0,2.089996337890625,0.0,0.0,2.0,1.0,0.0
2024-07-09,199.3999938964844,200.57000732421875,199.0500030517578,199.33999633789065,32700100,0.0,0.0,0.0027629585244172412,3.9539460883865707,3.9539460883865707,3.9539460883865707,73.35999298095706,1.0,2.139999389648466,0.0,0.0,2.0,1.0,0.0
2024-07-10,200.0,200.11000061035156,197.69000244140625,199.7899932861328,32883800,0.0,0.0,0.0027847522875048486,3.8443783798550526,3.8443783798550526,3.8443783798550526,73.80998992919922,-1.0,0.4499969482421591,0.2700042724609375,1.3381690485481327e-05,0.47926993890073105,0.23964166029560827,0.7603583397043917
2024-07-11,200.08999633789065,200.27000427246097,192.86000061035156,195.0500030517578,44565000,0.0,0.0,0.003684433405275133,4.099065900016078,4.099065900016078,4.099065900016078,69.06999969482422,-1.0,-4.289993286132841,6.19000244140625,0.008031612231494999,2.0,0.0039997439196535305,0.9960002560803465
2024-07-12,194.8000030517578,196.47000122070312,193.8300018310547,194.4900054931641,30598500,0.0,0.0,0.002522483095753971,3.994846863561247,3.994846863561247,3.994846863561247,68.5100021362305,-1.0,-4.8499908447265625,0.0,0.0,2.0,0.5,0.5
2024-07-15,194.55999755859375,196.19000244140625,190.8300018310547,192.72000122070312,40683200,0.0,0.0,0.003323324386082871,4.092357845474841,4.092357845474841,4.092357845474841,66.73999786376953,-1.0,-6.619995117187528,0.0,0.0,2.0,0.5,0.5
2024-07-16,195.58999633789065,196.6199951171875,192.2400054931641,193.02000427246097,33994700,0.0,0.0,0.002781277822048064,4.112902972514025,4.112902972514025,4.112902972514025,67.04000091552737,1.0,0.3000030517578409,0.149993896484375,5.005865208548388e-06,0.0020536952892032654,0.0010293505772059068,0.9989706494227941
2024-07-17,191.3500061035156,191.5800018310547,185.9900054931641,187.92999267578125,48076100,0.0,0.0,0.0038296242595084063,4.3212669587128,4.3212669587128,4.3212669587128,61.949989318847656,-1.0,-5.090011596679716,4.839996337890597,0.006103902592347181,2.0,0.0030426652300808233,0.9969573347699192
2024-07-18,189.58999633789065,189.67999267578125,181.4499969482422,183.75,51043600,0.0,0.0,0.003975570719953313,4.600461870771819,4.600461870771819,4.600461870771819,57.769996643066406,-1.0,-9.270004272460966,0.0,0.0,2.0,0.5,0.5
2024-07-19,181.13999938964844,184.92999267578125,180.11000061035156,183.1300048828125,43081800,0.0,0.0,0.003344137964006433,4.616142598961667,4.616142598961667,4.616142598961667,57.150001525878906,-1.0,-9.889999389648466,0.0,0.0,2.0,0.5,0.5
2024-07-22,185.0,185.05999755859375,182.47999572753903,182.5500030517578,39931900,0.0,0.0,0.003089816288622881,4.470703972682599,4.470703972682599,4.470703972682599,56.56999969482422,1.0,-0.5800018310546875,0.0,0.0,2.0,0.5,0.5
2024-07-23,184.1000061035156,189.38999938964844,183.55999755859375,186.41000366210935,47537700,0.0,0.0,0.0037561092832370507,4.639939141626029,4.639939141626029,4.639939141626029,60.43000030517575,1.0,3.2799987792968466,4.4600067138671875,0.005447106067729187,2.0,1.0,0.0
2024-07-24,183.1999969482422,185.4499969482422,180.41000366210935,180.8300018310547,41532400,0.0,0.0,0.003183379048907123,4.737086345795599,4.737086345795599,4.737086345795599,54.849998474121094,-1.0,-5.580001831054659,2.0699920654296875,0.0014242430925294285,2.0,0.0007116147900400861,0.9992883852099599
2024-07-25,182.91000366210935,183.8999938964844,176.8000030517578,179.85000610351562,44464200,0.0,0.0,0.0033896259723953416,4.905865238576384,4.905865238576384,4.905865238576384,53.87000274658203,-1.0,-6.559997558593722,0.0,0.0,2.0,0.5,0.5
2024-07-26,180.38999938964844,183.19000244140625,180.2400054931641,182.5,29506000,0.0,0.0,0.0022824645750080647,4.794017459955973,4.794017459955973,4.794017459955973,56.519996643066406,-1.0,-3.9100036621093466,0.0,0.0,1.4210421639970492,0.5,0.5
2024-07-29,183.83999633789065,184.75,182.3800048828125,183.1999969482422,33270100,0.0,0.0,0.0025835115486915815,4.620873006901082,4.620873006901082,4.620873006901082,57.219993591308594,1.0,0.6999969482421875,0.8500061035155966,0.00022067263393134388,0.03205073290263863,0.016135702768284986,0.983864297231715
2024-07-30,184.72000122070312,185.86000061035156,179.3800048828125,181.7100067138672,39508600,0.0,0.0,0.003042995596818233,4.753667486946652,4.753667486946652,4.753667486946652,55.730003356933594,1.0,-0.7899932861328125,0.8600006103515909,0.00023813288883133257,1.273662926118688,0.00018693201261396156,0.999813067987386
2024-07-31,185.0500030517578,187.94000244140625,184.4600067138672,186.97999572753903,41667300,0.0,0.0,0.0033023366462309007,4.859119504131824,4.859119504131824,4.859119504131824,60.99999237060544,1.0,4.479995727539034,3.19000244140625,0.002734780468065956,2.0,1.0,0.0
2024-08-01,189.2899932861328,190.6000061035156,181.8699951171875,184.07000732421875,70435600,0.0,0.0,0.005495485761539076,5.13561175286013,5.13561175286013,5.13561175286013,58.090003967285156,1.0,1.57000732421875,0.0,0.0,2.0,1.0,0.0
2024-08-02,166.75,168.77000427246094,160.5500030517578,167.89999389648438,141448400,0.0,0.0,0.010066524585468816,6.448782647117331,6.448782647117331,6.448782647117331,41.91999053955078,-1.0,-16.170013427734375,23.910003662109375,0.32532462161993236,2.0,0.13990503458966327,0.8600949654103367
2024-08-05,154.2100067138672,162.9600067138672,151.61000061035156,161.02000427246094,83149400,0.0,0.0,0.005675051309980384,7.151726264189866,7.151726264189866,7.151726264189866,35.040000915527344,-1.0,-23.050003051757812,0.0,0.0,2.0,0.5,0.5
2024-08-06,161.7100067138672,165.0800018310547,158.5399932861328,161.92999267578125,59950800,0.0,0.0,0.004114841563834986,7.108032141385009,7.108032141385009,7.108032141385009,35.949989318847656,1.0,0.9099884033203125,0.0,0.0,0.0015585823046318666,0.0007792911523159333,0.9992207088476841
2024-08-07,166.5500030517578,167.5800018310547,161.42999267578125,162.77000427246094,48408200,0.0,0.0,0.0033398283588462834,7.039601928091326,7.039601928091326,7.039601928091326,36.790000915527344,1.0,1.75,0.0,0.0,0.0057641347237528265,0.0028820673618764133,0.9971179326381235
2024-08-08,165.1699981689453,166.69000244140625,162.5500030517578,165.8000030517578,44616200,0.0,0.0,0.003135508276068478,6.832487461059691,6.832487461059691,6.832487461059691,39.81999969482422,1.0,4.779998779296875,0.0,0.0,0.04300446973231046,0.02150223486615523,0.9784977651338448
2024-08-09,166.39999389648438,168.5500030517578,165.85000610351562,166.94000244140625,36401000,0.0,0.0,0.0025757551040754443,6.540881213841142,6.540881213841142,6.540881213841142,40.959999084472656,1.0,5.9199981689453125,0.0,0.0,0.06596311713237905,0.03298155856618953,0.9670184414338104
2024-08-12,168.13999938964844,168.5500030517578,166.11000061035156,166.8000030517578,30072800,0.0,0.0,0.0021261835765832115,6.247961301524364,6.247961301524364,6.247961301524364,40.81999969482422,1.0,5.779998779296875,0.0,0.0,0.06288014274789748,0.03144007137394874,0.9685599286260512
2024-08-13,167.80999755859375,171.0399932861328,167.10000610351562,170.22999572753906,39237900,0.0,0.0,0.002831213908910036,6.104534796727981,6.104534796727981,6.104534796727981,44.24999237060547,1.0,9.209991455078125,0.0,0.0,0.15965277810982298,0.07982638905491149,0.9201736109450885
2024-08-14,172.11000061035156,172.27999877929688,168.86000061035156,170.10000610351562,28843800,0.0,0.0,0.002079637517414245,5.91278218045779,5.91278218045779,5.91278218045779,44.12000274658203,1.0,9.080001831054688,0.0,0.0,0.15517790979826027,0.07758895489913013,0.9224110451008699
2024-08-15,174.86000061035156,177.91000366210938,173.99000549316406,177.58999633789062,51698500,0.0,0.0,0.0038915918006772834,6.048297564610359,6.048297564610359,6.048297564610359,51.60999298095703,1.0,16.569992065429688,0.0,0.0,0.516776345575605,0.2583881727878025,0.7416118272121974
2024-08-16,177.0399932861328,178.33999633789062,176.25999450683594,177.05999755859375,31489200,0.0,0.0,0.00236326770449557,5.764847869356383,5.764847869356383,5.764847869356383,51.079994201660156,1.0,16.039993286132812,0.0,0.0,0.48424638787221375,0.24212319393610687,0.7578768060638932
2024-08-19,177.63999938964844,178.3000030517578,176.16000366210938,178.22000122070312,31129800,0.0,0.0,0.0023516008673630322,5.505930120805815,5.505930120805815,5.505930120805815,52.23999786376953,-1.0,1.160003662109375,0.0,0.0,0.002532659153302239,0.0012663295766511195,0.9987336704233489
2024-08-20,177.9199981689453,179.00999450683594,177.42999267578125,178.8800048828125,26255200,0.0,0.0,0.001990709861618406,5.225506671537878,5.225506671537878,5.225506671537878,52.900001525878906,1.0,0.660003662109375,0.0,0.0,0.0008198807998306038,0.0004099403999153019,0.9995900596000847
2024-08-21,179.9199981689453,182.38999938964844,178.88999938964844,180.11000061035156,35599100,0.0,0.0,0.002717738615001096,5.1029700883448825,5.1029700883448825,5.1029700883448825,54.12999725341797,1.0,1.8899993896484375,0.0,0.0,0.006723282399385397,0.0033616411996926984,0.9966383588003073
2024-08-22,181.3800048828125,181.47000122070312,175.67999267578125,176.1300048828125,32047500,0.0,0.0,0.002392535234404656,5.152044263814668,5.152044263814668,5.152044263814668,50.150001525878906,-1.0,-3.9799957275390625,1.75,0.0012176828690951772,2.0,0.000608470972207989,0.999391529027792
2024-08-23,177.33999633789062,178.97000122070312,175.24000549316406,177.0399932861328,29150100,0.0,0.0,0.0021874708396860524,5.050469368366411,5.050469368366411,5.050469368366411,51.05998992919922,-1.0,-3.07000732421875,0.0,0.0,2.0,0.5,0.5
2024-08-26,176.6999969482422,177.47000122070312,174.3000030517578,175.5,22366200,0.0,0.0,0.0016637963368786313,4.91614999697919,4.91614999697919,4.91614999697919,49.519996643066406,-1.0,-4.6100006103515625,0.0,0.0,2.0,0.5,0.5
2024-08-27,174.14999389648438,174.88999938964844,172.25,173.1199951171875,29842000,0.0,0.0,0.0021898077887025085,4.797139282909248,4.797139282909248,4.797139282909248,47.139991760253906,-1.0,-6.9900054931640625,0.0,0.0,2.0,0.5,0.5
2024-08-28,173.69000244140625,173.69000244140625,168.9199981689453,170.8000030517578,29045000,0.0,0.0,0.002102761872991191,4.795201067877225,4.795201067877225,4.795201067877225,44.81999969482422,-1.0,-9.30999755859375,0.0,0.0,2.0,0.5,0.5
2024-08-29,173.22000122070312,174.2899932861328,170.80999755859375,172.1199951171875,26407800,0.0,0.0,0.0019266125555183183,4.701971722627066,4.701971722627066,4.701971722627066,46.139991760253906,1.0,1.3199920654296875,0.0,0.0,0.020102196183522734,0.010051098091761367,0.9899489019082386
2024-08-30,172.77999877929688,178.89999389648438,172.60000610351562,178.5,43429400,0.0,0.0,0.0032858890018140096,4.85040222667491,4.85040222667491,4.85040222667491,52.519996643066406,1.0,7.6999969482421875,0.0,0.0,0.6840407459349522,0.3420203729674761,0.6579796270325239
2024-09-03,177.5500030517578,178.25999450683594,175.25999450683594,176.25,37817500,0.0,0.0,0.0028252233056886536,4.7353738885669925,4.7353738885669925,4.7353738885669925,50.269996643066406,1.0,5.4499969482421875,0.0,0.0,0.3426836499784578,0.1713418249892289,0.8286581750107711
2024-09-04,174.47999572753906,175.97999572753906,172.5399932861328,173.3300018310547,30309200,0.0,0.0,0.0022267889318767914,4.662133376088435,4.662133376088435,4.662133376088435,47.349998474121094,-1.0,-2.9199981689453125,0.0600128173828125,1.6063792769010035e-06,0.2870599732497342,5.59593965509782e-06,0.9999944040603449
2024-09-05,175.0,179.8800048828125,175.0,177.88999938964844,40170500,0.0,0.0,0.0030289326032094596,4.7969812100648195,4.7969812100648195,4.7969812100648195,51.909996032714844,1.0,4.55999755859375,1.6200103759765625,0.0009739431354405273,2.0,1.0,0.0
2024-09-06,177.24000549316406,178.3800048828125,171.16000366210938,171.38999938964844,41466500,0.0,0.0,0.003012407333768457,4.970054067967555,4.970054067967555,4.970054067967555,45.409996032714844,-1.0,-6.5,1.3799896240234375,0.0009235251227476907,2.0,0.0004615494351244816,0.9995384505648756
2024-09-09,174.52999877929688,175.85000610351562,173.50999450683594,175.39999389648438,29037400,0.0,0.0,0.0021588284860618607,4.933622114103243,4.933622114103243,4.933622114103243,49.41999053955078,-1.0,-2.4900054931640625,0.0,0.0,0.29817511133428753,0.5,0.5
2024-09-10,177.49000549316406,180.5,176.7899932861328,179.5500030517578,36233800,0.0,0.0,0.0027575928134238622,4.945506684775556,4.945506684775556,4.945506684775556,53.56999969482422,1.0,4.1500091552734375,2.1199951171875,0.00156612504062842,2.0,1.0,0.0
2024-09-11,180.10000610351562,184.9900054931641,175.72999572753906,184.52000427246097,42564700,0.0,0.0,0.0033290772407119206,5.253685476264804,5.253685476264804,5.253685476264804,58.54000091552737,1.0,9.120010375976591,0.0,0.0,2.0,1.0,0.0
2024-09-12,184.8000030517578,187.41000366210935,183.5399932861328,187.0,33544200,0.0,0.0,0.002658825799598,5.154851540529928,5.154851540529928,5.154851540529928,61.019996643066406,1.0,11.600006103515625,0.0,0.0,2.0,1.0,0.0
2024-09-13,187.0,188.5,185.91000366210935,186.4900054931641,26495400,0.0,0.0,0.002094386747167981,4.9716475974842655,4.9716475974842655,4.9716475974842655,60.5100021362305,1.0,11.090011596679716,0.0,0.0,2.0,1.0,0.0
2024-09-16,185.2899932861328,185.80999755859375,183.36000061035156,184.88999938964844,26065500,0.0,0.0,0.002042726956880405,4.840101689293427,4.840101689293427,4.840101689293427,58.909996032714844,-1.0,-1.6000061035156534,0.17999267578125,9.335373095154924e-06,0.020815137215164953,0.0004482885727640365,0.999551711427236
2024-09-17,186.8500061035156,189.4499969482422,186.13999938964844,186.8800048828125,26091700,0.0,0.0,0.0020667885747962618,4.820094251386307,4.820094251386307,4.820094251386307,60.900001525878906,1.0,1.9900054931640625,0.9499969482421875,0.00024333793223287663,1.5469108006499224,0.7735770692910776,0.2264229307089224
2024-09-18,186.4499969482422,188.8000030517578,185.05999755859375,186.42999267578125,34448100,0.0,0.0,0.0027221490094196782,4.742945054370433,4.742945054370433,4.742945054370433,60.449989318847656,-1.0,-0.45001220703125,0.0,0.0,0.05113756432049996,0.5,0.5
2024-09-19,190.0399932861328,190.9900054931641,188.47000122070312,189.8699951171875,39543200,0.0,0.0,0.003182430950203873,4.729878466014177,4.729878466014177,4.729878466014177,63.889991760253906,1.0,3.44000244140625,1.5400085449219034,0.000581005972676263,2.0,1.0,0.0
2024-09-20,190.22999572753903,191.83999633789065,187.41000366210935,191.6000061035156,100378600,0.0,0.0,0.008152062331973199,4.708458052426115,4.708458052426115,4.708458052426115,65.620002746582,1.0,5.170013427734347,0.0,0.0,2.0,1.0,0.0
2024-09-23,191.63999938964844,194.4499969482422,190.57000732421875,193.8800048828125,36993100,0.0,0.0,0.003040077025759857,4.6492817361116385,4.6492817361116385,4.6492817361116385,67.9000015258789,1.0,7.45001220703125,0.0,0.0,2.0,1.0,0.0
2024-09-24,194.27000427246097,195.3699951171875,190.1300048828125,193.9600067138672,43478900,0.0,0.0,0.0035745516560493572,4.691475200273307,4.691475200273307,4.691475200273307,67.9800033569336,1.0,7.5300140380859375,0.0,0.0,2.0,1.0,0.0
2024-09-25,193.75,193.9499969482422,192.16000366210935,192.52999877929688,26391100,0.0,0.0,0.0021537075935801355,4.484941475379345,4.484941475379345,4.484941475379345,66.54999542236328,1.0,6.100006103515625,0.0,0.0,2.0,1.0,0.0
2024-09-26,194.30999755859375,194.52999877929688,189.5399932861328,191.16000366210935,36334900,0.0,0.0,0.0029440951265557232,4.521017476649682,4.521017476649682,4.521017476649682,65.18000030517575,1.0,4.730010986328097,0.5900115966796875,8.193932448042382e-05,2.0,1.0,0.0
2024-09-27,190.67999267578125,190.8999938964844,187.33999633789065,187.97000122070312,36002300,0.0,0.0,0.0028684654920273058,4.470945322904612,4.470945322904612,4.470945322904612,61.98999786376953,-1.0,-3.1900024414062216,4.820007324218693,0.0060457774105505775,0.4548390376035139,0.013117762212161585,0.9868822377878385
2024-09-30,187.13999938964844,188.4900054931641,184.6499938964844,186.3300018310547,41583900,0.0,0.0,0.003284269936815233,4.42587862817426,4.42587862817426,4.42587862817426,60.349998474121094,-1.0,-4.830001831054659,0.0,0.0,1.0427262141536373,0.5,0.5
2024-10-01,184.8999938964844,186.19000244140625,183.4499969482422,185.1300048828125,36044900,0.0,0.0,0.0028284693468832727,4.315459074934134,4.315459074934134,4.315459074934134,59.150001525878906,-1.0,-6.029998779296847,0.0,0.0,1.6252124833487436,0.5,0.5
2024-10-02,184.44000244140625,186.6000061035156,184.0399932861328,184.7599945068359,23704100,0.0,0.0,0.001856360206626994,4.19007005653761,4.19007005653761,4.19007005653761,58.779991149902315,1.0,-0.3700103759765909,0.0,0.0,0.006119324823519019,0.5,0.5
2024-10-03,183.0500030517578,183.44000244140625,180.8800048828125,181.9600067138672,30204300,0.0,0.0,0.0023295688919394817,4.167921454215167,4.167921454215167,4.167921454215167,55.980003356933594,-1.0,-2.7999877929687216,0.0,0.0,0.3504192671233733,0.5,0.5
2024-10-04,185.75,187.6000061035156,183.6000061035156,186.5099945068359,40890300,0.0,0.0,0.003232609501270199,4.273069878174684,4.273069878174684,4.273069878174684,60.529991149902315,1.0,4.549987792968722,1.0,0.0002729347158692509,2.0,1.0,0.0
2024-10-07,182.9499969482422,183.6000061035156,180.25,180.8000030517578,42364200,0.0,0.0,0.003246596245282475,4.4149930659362,4.4149930659362,4.4149930659362,54.81999969482422,-1.0,-5.709991455078097,0.6300048828125,0.00013207170160505437,1.574890827773395,8.385382945802097e-05,0.999916146170542
2024-10-08,181.9199981689453,183.08999633789065,180.9199981689453,182.72000122070312,26372100,0.0,0.0,0.0020424980108715097,4.263207367378817,4.263207367378817,4.263207367378817,56.73999786376953,-1.0,-3.789993286132784,0.0,0.0,0.6938353427278222,0.5,0.5
2024-10-09,182.82000732421875,185.8500061035156,182.0500030517578,185.1699981689453,26343100,0.0,0.0,0.0020676086560759296,4.2301213448344575,4.2301213448344575,4.2301213448344575,59.18999481201172,1.0,2.4499969482421875,2.25,0.0014450019474922958,0.4178825205118299,0.2096637612296611,0.7903362387703389
2024-10-10,187.1300048828125,188.1300048828125,185.8300018310547,186.6499938964844,27785000,0.0,0.0,0.0021982102069890157,4.139398871193938,4.139398871193938,4.139398871193938,60.66999053955081,1.0,3.9299926757812784,0.0,0.0,1.07524294261086,0.53762147130543,0.46237852869456997
2024-10-11,186.6300048828125,189.92999267578125,186.3000030517578,188.82000732421875,25751600,0.0,0.0,0.0020610240847321448,4.103012496396046,4.103012496396046,4.103012496396046,62.840003967285156,1.0,6.100006103515625,0.0,0.0,2.0,1.0,0.0
2024-10-14,189.77999877929688,189.8300018310547,187.36000061035156,187.5399932861328,22614400,0.0,0.0,0.0017976693121302143,3.9863688338465515,3.9863688338465515,3.9863688338465515,61.55998992919922,1.0,4.8199920654296875,0.0,0.0,1.6173937679145962,0.8086968839572981,0.1913031160427019
2024-10-15,187.6300048828125,188.41000366210935,184.5800018310547,187.69000244140625,32178900,0.0,0.0,0.002560018908310301,3.9751997622185593,3.9751997622185593,3.9751997622185593,61.709999084472656,-1.0,0.1500091552734375,1.720001220703125,0.0007768665645643741,0.0015666019027920234,0.0011717342336781988,0.9988282657663218
2024-10-16,187.0500030517578,187.77999877929688,185.61000061035156,186.88999938964844,23456800,0.0,0.0,0.0018581709512005737,3.8462567912704704,3.8462567912704704,3.8462567912704704,60.909996032714844,-1.0,-0.649993896484375,1.75,0.0008254655534665885,2.0,0.0004125624986676431,0.9995874375013324
2024-10-17,188.22000122070312,188.94000244140625,186.0,187.52999877929688,25039400,0.0,0.0,0.001990331918363015,3.7815243377087406,3.7815243377087406,3.7815243377087406,61.54999542236328,1.0,0.6399993896484375,0.5299987792969034,7.414701786269431e-05,0.9694838133769006,0.48477898019738164,0.5152210198026184
2024-10-18,187.1499938964844,190.7400054931641,186.27999877929688,188.9900054931641,37417700,0.0,0.0,0.0029974142332859794,3.829987364577203,3.829987364577203,3.829987364577203,63.0100021362305,1.0,2.1000061035156534,0.0,0.0,2.0,1.0,0.0
2024-10-21,188.0500030517578,189.4600067138672,186.3999938964844,189.07000732421875,24639400,0.0,0.0,0.00197462034778823,3.774989182634745,3.774989182634745,3.774989182634745,63.090003967285156,1.0,2.1800079345703125,0.0,0.0,2.0,1.0,0.0
2024-10-22,188.3500061035156,191.52000427246097,186.97999572753903,189.6999969482422,29650600,0.0,0.0,0.0023841394217473384,3.8296334227981155,3.8296334227981155,3.8296334227981155,63.719993591308594,1.0,2.80999755859375,0.0,0.0,2.0,1.0,0.0
2024-10-23,188.8500061035156,189.16000366210935,183.69000244140625,184.7100067138672,31937100,0.0,0.0,0.002500441746718848,3.9853735002293886,3.9853735002293886,3.9853735002293886,58.730003356933594,-1.0,-4.989990234375,2.7099914550781534,0.002129196735592277,2.0,0.00106346620341178,0.9989365337965882
2024-10-24,185.25,187.11000061035156,183.86000061035156,186.3800048828125,21647400,0.0,0.0,0.0017101566747923188,3.9328468216415753,3.9328468216415753,3.9328468216415753,60.400001525878906,-1.0,-3.3199920654296875,0.0,0.0,1.395925389443601,0.5,0.5
2024-10-25,187.8500061035156,190.4499969482422,187.52999877929688,187.8300018310547,29362100,0.0,0.0,0.0023376684478534906,3.9426429104835834,3.9426429104835834,3.9426429104835834,61.849998474121094,1.0,1.4499969482421875,1.289993286132841,0.0004350062667262945,0.1907480403146744,0.09559152329070035,0.9044084767092997
2024-10-28,189.57000732421875,190.2100067138672,188.2100067138672,188.38999938964844,27930800,0.0,0.0,0.002230345060406011,3.8310259085070775,3.8310259085070775,3.8310259085070775,62.409996032714844,1.0,2.0099945068359375,0.0,0.0,0.3665351673495162,0.1832675836747581,0.8167324163252419
2024-10-29,188.5800018310547,191.4600067138672,187.82000732421875,190.8300018310547,35690200,0.0,0.0,0.002886864998835978,3.817381157160032,3.817381157160032,3.817381157160032,64.8499984741211,1.0,4.4499969482421875,0.0,0.0,1.7965749285803718,0.8982874642901859,0.10171253570981409
2024-10-30,194.6999969482422,195.61000061035156,192.4199981689453,192.72999572753903,37707600,0.0,0.0,0.003080413671148147,3.886139558741235,3.886139558741235,3.886139558741235,66.74999237060544,1.0,6.349990844726534,0.0,0.0,2.0,1.0,0.0
2024-10-31,190.5099945068359,190.6000061035156,185.22999572753903,186.3999938964844,75146800,0.0,0.0,0.005937275813284473,4.144272447402575,4.144272447402575,4.144272447402575,60.41999053955081,-1.0,-6.330001831054631,2.590011596679716,0.0018375624659267252,0.9937141477382666,0.0018457729991241045,0.9981542270008759
2024-11-01,199.0,200.5,197.02000427246097,197.92999267578125,99687800,0.0,0.0,0.008363430633644,4.855396279982077,4.855396279982077,4.855396279982077,71.94998931884766,1.0,11.529998779296847,4.8899993896484375,0.004619087000205358,2.0,1.0,0.0
2024-11-04,196.4499969482422,197.3300018310547,194.30999755859375,195.77999877929688,38492100,0.0,0.0,0.003194263697393126,4.767153339782465,4.767153339782465,4.767153339782465,69.79999542236328,-1.0,-2.149993896484375,0.0,0.0,0.03477089995404346,0.5,0.5
2024-11-05,196.0399932861328,199.82000732421875,195.9900054931641,199.5,30564800,0.0,0.0,0.002584611648398458,4.715214425863851,4.715214425863851,4.715214425863851,73.5199966430664,1.0,3.720001220703125,0.0,0.0,2.0,1.0,0.0
2024-11-06,200.0099945068359,207.5500030517578,199.13999938964844,207.08999633789065,72292200,0.0,0.0,0.006345727239903977,4.979127942738532,4.979127942738532,4.979127942738532,81.10999298095706,1.0,11.309997558593778,0.0,0.0,2.0,1.0,0.0
2024-11-07,207.44000244140625,212.25,207.19000244140625,210.0500030517578,52878400,0.0,0.0,0.004707949945916278,4.992047636979304,4.992047636979304,4.992047636979304,84.06999969482422,1.0,14.270004272460938,0.0,0.0,2.0,1.0,0.0
2024-11-08,209.72000122070312,209.9600067138672,207.44000244140625,208.17999267578125,36075800,0.0,0.0,0.0031833603189023313,4.821901420791608,4.821901420791608,4.821901420791608,82.19998931884766,1.0,12.399993896484375,0.0,0.0,2.0,1.0,0.0
2024-11-11,208.5,209.6499938964844,205.58999633789065,206.83999633789065,35456000,0.0,0.0,0.0031085302576951412,4.767479716348904,4.767479716348904,4.767479716348904,80.85999298095706,-1.0,-1.3399963378905966,1.6000061035155966,0.00039153976886297225,0.011677887312751907,0.03244062590670911,0.9675593740932908
2024-11-12,208.3699951171875,209.5399932861328,206.0099945068359,208.91000366210935,38942900,0.0,0.0,0.0034484057853727823,4.67908822084519,4.67908822084519,4.67908822084519,82.93000030517575,-1.0,0.7300109863280966,0.0,0.0,0.29679157551947455,0.14839578775973727,0.8516042122402627
2024-11-13,209.3999938964844,215.08999633789065,209.13999938964844,214.1000061035156,46212900,0.0,0.0,0.004193829220043647,4.786295681912056,4.786295681912056,4.786295681912056,88.120002746582,1.0,5.19000244140625,0.0,0.0,2.0,1.0,0.0
2024-11-14,214.16000366210935,215.8999938964844,210.8800048828125,211.47999572753903,42620300,0.0,0.0,0.0038204685965471776,4.8029880627520445,4.8029880627520445,4.8029880627520445,85.49999237060544,1.0,2.5699920654296875,0.0,0.0,2.0,1.0,0.0
2024-11-15,206.7599945068359,207.33999633789065,199.61000061035156,202.61000061035156,86591100,0.0,0.0,0.007436438206018537,5.307774280926004,5.307774280926004,5.307774280926004,76.62999725341797,-1.0,-8.869995117187472,9.529998779296875,0.015466358408070924,2.0,0.007673836054642523,0.9923261639453574
2024-11-18,204.1499938964844,204.6699981689453,200.9499969482422,201.6999969482422,36409900,0.0,0.0,0.0031128358298304413,5.194361919481512,5.194361919481512,5.194361919481512,75.7199935913086,-1.0,-9.779998779296847,0.0,0.0,2.0,0.5,0.5
2024-11-19,199.3300018310547,205.3000030517578,198.77999877929688,204.61000061035156,31197900,0.0,0.0,0.0027057212797404204,5.289050658980043,5.289050658980043,5.289050658980043,78.62999725341797,-1.0,-6.869995117187472,0.0,0.0,2.0,0.5,0.5
2024-11-20,202.97999572753903,203.1300048828125,199.4499969482422,202.8800048828125,32769000,0.0,0.0,0.002817949941376146,5.279833016346424,5.279833016346424,5.279833016346424,76.9000015258789,-1.0,-8.599990844726534,0.0,0.0,2.0,0.5,0.5
2024-11-21,203.4900054931641,203.4900054931641,195.75,198.3800048828125,58800000,0.0,0.0,0.004944314202517407,5.4555596218334,5.4555596218334,5.4555596218334,72.4000015258789,-1.0,-13.099990844726534,0.0,0.0,2.0,0.5,0.5
2024-11-22,198.25,199.2599945068359,196.75,197.1199951171875,31530800,0.0,0.0,0.0026344897212351582,5.245162113619293,5.245162113619293,5.245162113619293,71.1399917602539,-1.0,-14.360000610351534,0.0,0.0,2.0,0.5,0.5
2024-11-25,199.27999877929688,201.9499969482422,199.0,201.4499969482422,40685700,0.0,0.0,0.0034740806519918087,5.2155078077218215,5.2155078077218215,5.2155078077218215,75.4699935913086,1.0,4.3300018310546875,0.0,0.0,0.09092163635031848,0.04546081817515924,0.9545391818248408
2024-11-26,201.8999938964844,208.0,201.7899932861328,207.86000061035156,41673700,0.0,0.0,0.0036716715481096237,5.310828896581535,5.310828896581535,5.310828896581535,81.87999725341797,1.0,10.740005493164062,0.0,0.0,0.5593711844056287,0.27968559220281436,0.7203144077971857
2024-11-27,206.97999572753903,207.63999938964844,205.0500030517578,205.7400054931641,28061600,0.0,0.0,0.0024471580305271278,5.132198086725265,5.132198086725265,5.132198086725265,79.7600021362305,1.0,8.620010375976591,0.0,0.0,0.3603351762746349,0.18016758813731745,0.8198324118626825
2024-11-29,205.8300018310547,208.1999969482422,204.58999633789065,207.88999938964844,24892400,0.0,0.0,0.0021934675203972047,5.023469695555713,5.023469695555713,5.023469695555713,81.90999603271484,1.0,10.770004272460938,0.0,0.0,0.5625003984712187,0.28125019923560934,0.7187498007643907
2024-12-02,209.9600067138672,212.9900054931641,209.5099945068359,210.7100067138672,39523200,0.0,0.0,0.003529946310158215,5.028936581838566,5.028936581838566,5.028936581838566,84.7300033569336,1.0,13.590011596679688,0.0,0.0,0.895634342426582,0.447817171213291,0.552182828786709
2024-12-03,210.30999755859375,214.02000427246097,209.6499938964844,213.44000244140625,32214800,0.0,0.0,0.0029144868193047516,4.981870424276994,4.981870424276994,4.981870424276994,87.45999908447266,1.0,16.32000732421875,0.0,0.0,1.2916111394499532,0.6458055697249766,0.3541944302750234
2024-12-04,215.9600067138672,220.0,215.75,218.16000366210935,48745700,0.0,0.0,0.004507567952169939,5.094593791013905,5.094593791013905,5.094593791013905,92.18000030517575,1.0,21.040008544921847,0.0,0.0,2.0,1.0,0.0
2024-12-05,218.02999877929688,222.1499938964844,217.3000030517578,220.5500030517578,41140200,0.0,0.0,0.0038459559499850714,5.0771221519933825,5.0771221519933825,5.0771221519933825,94.56999969482422,1.0,23.430007934570312,0.0,0.0,2.0,1.0,0.0
2024-12-06,220.75,227.1499938964844,220.6000061035156,227.02999877929688,44178100,0.0,0.0,0.004251293802533198,5.185898487188612,5.185898487188612,5.185898487188612,101.04999542236328,1.0,29.910003662109375,0.0,0.0,2.0,1.0,0.0
2024-12-09,227.2100067138672,230.0800018310547,225.6699981689453,226.08999633789065,46819400,0.0,0.0,0.004486813620309364,5.130477428254381,5.130477428254381,5.130477428254381,100.10999298095706,1.0,28.970001220703153,0.0,0.0,2.0,1.0,0.0
2024-12-10,226.08999633789065,229.05999755859375,224.1999969482422,225.0399932861328,31199900,0.0,0.0,0.0029760741469162144,5.1111576555470375,5.1111576555470375,5.1111576555470375,99.05998992919922,-1.0,-1.050003051757841,0.0,0.0,0.0013136633861872947,0.5,0.5
2024-12-11,226.41000366210935,231.1999969482422,226.2599945068359,230.2599945068359,35385800,0.0,0.0,0.0034536501930579936,5.186075227444348,5.186075227444348,5.186075227444348,104.27999114990232,1.0,5.220001220703097,1.1199951171875,0.00011535337014229399,2.0,1.0,0.0
2024-12-12,229.8300018310547,231.08999633789065,227.6300048828125,228.97000122070312,28204100,0.0,0.0,0.002737295422855355,5.062783529418191,5.062783529418191,5.062783529418191,102.98999786376953,1.0,3.9300079345703125,0.0,0.0,2.0,1.0,0.0
2024-12-13,228.3999938964844,230.1999969482422,225.86000061035156,227.4600067138672,28768100,0.0,0.0,0.0027736206768249286,5.011155872880508,5.011155872880508,5.011155872880508,101.4800033569336,-1.0,-1.5099945068359375,0.3999938964843466,1.553623504956094e-05,0.14762634939957192,0.0001052291833227423,0.9998947708166772
2024-12-16,230.22999572753903,233.0,228.0099945068359,232.92999267578125,37552100,0.0,0.0,0.003707579572842314,5.048929973827101,5.048929973827101,5.048929973827101,106.94998931884766,1.0,5.4699859619140625,1.9100036621093466,0.00031893847167875844,2.0,1.0,0.0
2024-12-17,232.38999938964844,232.72999572753903,227.8500061035156,231.1499938964844,35948100,0.0,0.0,0.003522091760328664,5.051148302286998,5.051148302286998,5.051148302286998,105.16999053955081,-1.0,-1.7799987792968466,0.0,0.0,0.10589293493714019,0.5,0.5
2024-12-18,230.77000427246097,231.3999938964844,220.11000061035156,220.52000427246097,43281400,0.0,0.0,0.004045573830802632,5.496780086847415,5.496780086847415,5.496780086847415,94.54000091552737,-1.0,-12.409988403320284,0.0,0.0,2.0,0.5,0.5
2024-12-19,224.91000366210935,226.08999633789065,222.9199981689453,223.2899932861328,39918700,0.0,0.0,0.003778126448998179,5.502009513889006,5.502009513889006,5.502009513889006,97.30998992919922,-1.0,-9.639999389648438,0.0,0.0,2.0,0.5,0.5
2024-12-20,219.83999633789065,226.2100067138672,218.72999572753903,224.9199981689453,88279200,0.0,0.0,0.008416224256980112,5.643295333348945,5.643295333348945,5.643295333348945,98.93999481201172,-1.0,-8.009994506835938,0.0,0.0,2.0,0.5,0.5
2024-12-23,225.0099945068359,226.8800048828125,223.8999938964844,225.05999755859375,28070000,0.0,0.0,0.0026777594545481795,5.45306073713317,5.45306073713317,5.45306073713317,99.07999420166016,1.0,0.1399993896484375,0.7900085449218466,6.357577053441819e-05,0.000305483563532921,0.0001845296670336696,0.9998154703329664
2024-12-24,226.94000244140625,229.13999938964844,226.1300048828125,229.0500030517578,15007500,0.0,0.0,0.0014570333513686889,5.354985100984708,5.354985100984708,5.354985100984708,103.06999969482422,1.0,4.1300048828125,0.0,0.0,0.2658500177988882,0.1329250088994441,0.8670749911005559
2024-12-26,228.5,228.5,226.6699981689453,227.0500030517578,16146700,0.0,0.0,0.0015539467314292519,5.142486513972408,5.142486513972408,5.142486513972408,101.06999969482422,1.0,2.1300048828125,0.0,0.0,0.0707125927725432,0.0353562963862716,0.9646437036137284
2024-12-27,225.6000061035156,226.02999877929688,220.8999938964844,223.75,27367100,0.0,0.0,0.0025955097343692978,5.214452416922479,5.214452416922479,5.214452416922479,97.7699966430664,-1.0,-3.3000030517578125,5.230010986328097,0.00286150165730092,2.0,0.0014287067053478852,0.9985712932946521
2024-12-30,220.05999755859375,223.0,218.42999267578125,221.3000030517578,28321200,0.0,0.0,0.0026565861844655555,5.221992053157927,5.221992053157927,5.221992053157927,95.31999969482422,-1.0,-5.75,0.0,0.0,2.0,0.5,0.5
2024-12-31,222.97000122070312,223.22999572753903,218.94000244140625,219.38999938964844,24819700,0.0,0.0,0.0023080445835800467,5.155420712656131,5.155420712656131,5.155420712656131,93.40999603271484,1.0,-1.910003662109375,0.0,0.0,0.8040947041931729,0.5,0.5
2025-01-02,222.02999877929688,225.1499938964844,218.19000244140625,220.22000122070312,33956600,0.0,0.0,0.0031696535714505645,5.284318622829133,5.284318622829133,5.284318622829133,94.23999786376953,1.0,-1.0800018310546875,2.1499938964844034,0.0005204798476819654,0.25709153989959344,0.0020204020301248784,0.9979795979698751
2025-01-03,222.5099945068359,225.36000061035156,221.6199951171875,224.19000244140625,27515600,0.0,0.0,0.002614725293340583,5.274010106173369,5.274010106173369,5.274010106173369,98.20999908447266,1.0,2.8899993896484375,2.1300048828125284,0.00047038101406198684,2.0,1.0,0.0
2025-01-06,226.77999877929688,228.83999633789065,224.83999633789065,227.61000061035156,31849800,0.0,0.0,0.0030727617524910853,5.229437519767015,5.229437519767015,5.229437519767015,101.62999725341797,1.0,6.30999755859375,0.0,0.0,2.0,1.0,0.0
2025-01-07,227.8999938964844,228.3800048828125,221.4600067138672,222.11000061035156,28084200,0.0,0.0,0.002643997312694087,5.3501918518511795,5.3501918518511795,5.3501918518511795,96.12999725341797,-1.0,-5.5,0.1599884033203125,2.7698684821551482e-06,0.7597435059714129,3.6457809274459093e-06,0.9999963542190725
2025-01-08,223.19000244140625,223.52000427246097,220.1999969482422,222.1300048828125,25033300,0.0,0.0,0.002356981474594379,5.205178671306008,5.205178671306008,5.205178671306008,96.1500015258789,-1.0,-5.4799957275390625,0.0,0.0,0.7542269687886874,0.5,0.5
2025-01-10,221.4600067138672,221.7100067138672,216.5,218.94000244140625,36811500,0.0,0.0,0.003416169980451477,5.235523400699329,5.235523400699329,5.235523400699329,92.95999908447266,-1.0,-8.669998168945312,0.0,0.0,1.8879027935137125,0.5,0.5
2025-01-13,218.05999755859375,219.3999938964844,216.47000122070312,218.4600067138672,27262700,0.0,0.0,0.002524478324750598,5.070842634633754,5.070842634633754,5.070842634633754,92.4800033569336,-1.0,-9.149993896484375,0.0,0.0,2.0,0.5,0.5
2025-01-14,220.44000244140625,221.82000732421875,216.1999969482422,217.7599945068359,24711700,0.0,0.0,0.0022809279070684758,5.110068901872526,5.110068901872526,5.110068901872526,91.77999114990232,-1.0,-9.850006103515653,0.1100006103515625,1.4364620831336988e-06,2.0,7.182305257113908e-07,0.9999992817694743
2025-01-15,222.8300018310547,223.57000732421875,220.75,223.3500061035156,31291300,0.0,0.0,0.0029623775917064126,5.160064895837548,5.160064895837548,5.160064895837548,97.370002746582,1.0,5.5900115966796875,4.170013427734347,0.0018341064677486363,0.3220715908717273,0.16195284866973797,0.8380471513302621
2025-01-16,224.4199981689453,224.6499938964844,220.30999755859375,220.66000366210935,24757300,0.0,0.0,0.002315569066836777,5.101488570269913,5.101488570269913,5.101488570269913,94.68000030517575,1.0,2.9000091552734375,0.0,0.0,0.08668136440684951,0.043340682203424755,0.9566593177965752
2025-01-17,225.83999633789065,226.5099945068359,223.0800018310547,225.94000244140625,42370100,0.0,0.0,0.00405773290752192,5.154953018445388,5.154953018445388,5.154953018445388,99.95999908447266,1.0,8.180007934570341,0.0,0.0,0.689659067592705,0.3448295337963525,0.6551704662036475
2025-01-21,228.8999938964844,231.77999877929688,226.94000244140625,230.7100067138672,39951500,0.0,0.0,0.003906882594991296,5.203884684120048,5.203884684120048,5.203884684120048,104.7300033569336,1.0,12.950012207031278,0.0,0.0,1.7284919305275264,0.8642459652637632,0.13575403473623682
2025-01-22,232.02000427246097,235.44000244140625,231.19000244140625,235.0099945068359,41448200,0.0,0.0,0.004128790493932693,5.170035472935692,5.170035472935692,5.170035472935692,109.02999114990232,1.0,17.25,0.0,0.0,2.0,1.0,0.0
2025-01-23,234.1000061035156,235.52000427246097,231.5099945068359,235.4199981689453,26404400,0.0,0.0,0.002634817226228507,5.087176493842075,5.087176493842075,5.087176493842075,109.43999481201172,1.0,17.660003662109403,0.0,0.0,2.0,1.0,0.0
2025-01-24,234.5,236.3999938964844,232.92999267578125,234.8500061035156,25890700,0.0,0.0,0.0025773013855193466,4.971663974332152,4.971663974332152,4.971663974332152,108.870002746582,1.0,17.090011596679688,0.0,0.0,2.0,1.0,0.0
2025-01-27,226.2100067138672,235.61000061035156,225.86000061035156,235.4199981689453,49428300,0.0,0.0,0.00493230432440012,5.312973690451284,5.312973690451284,5.312973690451284,109.43999481201172,-1.0,0.5699920654297159,5.649993896484347,0.0026652860716681825,0.0033486103946845157,0.003006948233176349,0.9969930517668236
2025-01-28,234.2899932861328,241.77000427246097,233.97999572753903,238.1499938964844,41587200,0.0,0.0,0.004197987050958924,5.489904751484902,5.489904751484902,5.489904751484902,112.16999053955081,1.0,2.729995727539091,0.0,0.0,0.07681586679477415,0.03840793339738707,0.961592066602613
2025-01-29,239.02000427246097,240.38999938964844,236.1499938964844,237.07000732421875,26091700,0.0,0.0,0.0026218619957325603,5.400626233033411,5.400626233033411,5.400626233033411,111.09000396728516,1.0,1.6500091552734375,0.0,0.0,0.028060778051255897,0.014030389025627948,0.9859696109743721
2025-01-30,237.13999938964844,237.9499969482422,232.22000122070312,234.63999938964844,32020700,0.0,0.0,0.003184664666772663,5.424152625498101,5.424152625498101,5.424152625498101,108.65999603271484,-1.0,-2.4300079345703125,1.759994506835909,0.0002623513207952848,2.0,0.00013115845560061223,0.9998688415443994
2025-01-31,236.5,240.2899932861328,236.41000366210935,237.67999267578125,36110200,0.0,0.0,0.003637921790164388,5.440284144854263,5.440284144854263,5.440284144854263,111.69998931884766,1.0,3.0399932861328125,0.0,0.0,1.5650559413247465,0.7825279706623732,0.21747202933762677
2025-02-03,234.05999755859375,239.25,232.8999938964844,237.4199981689453,37285900,0.0,0.0,0.003752258643490339,5.505264284758644,5.505264284758644,5.505264284758644,111.43999481201172,-1.0,-0.2599945068359375,0.0,0.0,0.007314473918330566,0.5,0.5
2025-02-04,239.0099945068359,242.52000427246097,238.02999877929688,242.05999755859375,29713800,0.0,0.0,0.0030486815277474323,5.476317271812716,5.476317271812716,5.476317271812716,116.07999420166016,1.0,4.6399993896484375,2.2300109863281534,0.00036906193107291604,2.0,1.0,0.0
2025-02-05,237.02000427246097,238.32000732421875,235.1999969482422,236.1699981689453,38727300,0.0,0.0,0.003876794538140078,5.575151795994063,5.575151795994063,5.575151795994063,110.18999481201172,-1.0,-5.8899993896484375,0.0,0.0,1.6113676954957687,0.5,0.5
2025-02-06,238.0099945068359,239.66000366210935,236.0099945068359,238.8300018310547,60897100,0.0,0.0,0.006164762251006525,5.437641607371161,5.437641607371161,5.437641607371161,112.8499984741211,1.0,2.660003662109375,0.0,0.0,0.20395481821101644,0.10197740910550822,0.8980225908944918
2025-02-07,232.5,234.80999755859375,228.05999755859375,229.1499938964844,77539300,0.0,0.0,0.007531345390071575,5.8185246548775735,5.8185246548775735,5.8185246548775735,103.16999053955081,-1.0,-9.680007934570284,7.1399993896484375,0.004789493275777923,2.0,0.002389025527040251,0.9976109744729598
2025-02-10,230.5500030517578,233.9199981689453,229.1999969482422,233.13999938964844,35419900,0.0,0.0,0.00350021692641345,5.743630341847812,5.743630341847812,5.743630341847812,107.15999603271484,-1.0,-5.69000244140625,0.0,0.0,2.0,0.5,0.5
2025-02-11,231.9199981689453,233.44000244140625,230.1300048828125,232.7599945068359,23713700,0.0,0.0,0.0023395832237055113,5.569799428758236,5.569799428758236,5.569799428758236,106.77999114990232,-1.0,-6.070007324218778,0.0,0.0,2.0,0.5,0.5
2025-02-12,230.4600067138672,231.17999267578125,228.16000366210935,228.92999267578125,32285200,0.0,0.0,0.003132831337862713,5.5005273870416875,5.5005273870416875,5.5005273870416875,102.94998931884766,-1.0,-9.900009155273438,0.0,0.0,2.0,0.5,0.5
2025-02-13,228.8500061035156,230.4199981689453,227.52000427246097,230.3699951171875,31346500,0.0,0.0,0.0030608765111729335,5.314774994859021,5.314774994859021,5.314774994859021,104.3899917602539,-1.0,-8.460006713867188,0.0,0.0,2.0,0.5,0.5
2025-02-14,229.1999969482422,229.88999938964844,227.22999572753903,228.67999267578125,27031100,0.0,0.0,0.002620129324210799,5.159433880201124,5.159433880201124,5.159433880201124,102.69998931884766,-1.0,-10.150009155273438,0.0,0.0,2.0,0.5,0.5
2025-02-18,228.82000732421875,229.3000030517578,223.72000122070312,226.6499938964844,42975100,0.0,0.0,0.004128606068191877,5.1894744481192365,5.1894744481192365,5.1894744481192365,100.66999053955081,-1.0,-12.180007934570284,0.0,0.0,2.0,0.5,0.5
2025-02-19,225.52000427246097,226.8300018310547,223.7100067138672,226.6300048828125,28566700,0.0,0.0,0.0027441529953755764,5.041654495909827,5.041654495909827,5.041654495909827,100.6500015258789,-1.0,-12.199996948242188,0.0,0.0,2.0,0.5,0.5
2025-02-20,224.77999877929688,225.1300048828125,221.80999755859375,222.8800048828125,30001700,0.0,0.0,0.00283431301836838,5.02582255507475,5.02582255507475,5.02582255507475,96.9000015258789,-1.0,-15.949996948242188,0.0,0.0,2.0,0.5,0.5
2025-02-21,223.27999877929688,223.30999755859375,214.7400054931641,216.5800018310547,55323900,0.0,0.0,0.00507881015891771,5.278977520100101,5.278977520100101,5.278977520100101,90.5999984741211,-1.0,-22.25,0.0,0.0,2.0,0.5,0.5
2025-02-24,217.4499969482422,217.72000122070312,212.4199981689453,212.7100067138672,42387600,0.0,0.0,0.0038217087580534196,5.2804793437899376,5.2804793437899376,5.2804793437899376,86.7300033569336,-1.0,-26.1199951171875,0.0,0.0,2.0,0.5,0.5
2025-02-25,211.6300048828125,213.33999633789065,204.16000366210935,212.8000030517578,58958000,0.0,0.0,0.005317961777438222,5.55901601036075,5.55901601036075,5.55901601036075,86.81999969482422,-1.0,-26.029998779296875,0.0,0.0,2.0,0.5,0.5
2025-02-26,214.94000244140625,218.16000366210935,213.08999633789065,214.3500061035156,39120600,0.0,0.0,0.003554347178242803,5.544800624645807,5.544800624645807,5.544800624645807,88.370002746582,1.0,1.550003051757784,0.4400024414062216,2.4791364772356343e-05,0.0035458210262644617,0.0017853061955184091,0.9982146938044816
2025-02-27,218.3500061035156,219.97000122070312,208.3699951171875,208.7400054931641,40548600,0.0,0.0,0.0035876692116540328,5.977315301707937,5.977315301707937,5.977315301707937,82.7600021362305,1.0,-4.059997558593722,0.0,0.0,2.0,0.5,0.5
2025-02-28,208.6499938964844,212.6199951171875,206.9900054931641,212.27999877929688,51771700,0.0,0.0,0.004658352420198548,5.952506324730471,5.952506324730471,5.952506324730471,86.29999542236328,-1.0,3.539993286132784,0.0,0.0,0.7602445786791516,0.3801222893395758,0.6198777106604242
2025-03-03,213.3500061035156,214.0099945068359,202.5500030517578,205.02000427246097,42948400,0.0,0.0,0.003732278700923496,6.345898119755301,6.345898119755301,6.345898119755301,79.04000091552737,-1.0,-3.720001220703125,5.8199920654296875,0.005421892616665134,1.1042852926424969,0.00488587682290162,0.9951141231770984
2025-03-04,200.11000061035156,206.8000030517578,197.42999267578125,203.8000030517578,60853100,0.0,0.0,0.0052567549485399295,6.56190613805682,6.56190613805682,6.56190613805682,77.81999969482422,-1.0,-4.940002441406278,0.0,0.0,1.9473743726145065,0.5,0.5
2025-03-05,204.8000030517578,209.97999572753903,203.2599945068359,208.36000061035156,38610100,0.0,0.0,0.0034099351164179072,6.5731986439601275,6.5731986439601275,6.5731986439601275,82.37999725341797,1.0,4.55999755859375,0.0,0.0,0.852069251320844,0.426034625660422,0.5739653743395781
2025-03-06,204.3999938964844,205.77000427246097,198.3000030517578,200.6999969482422,49863800,0.0,0.0,0.004241930773807301,6.822255709291101,6.822255709291101,6.822255709291101,74.7199935913086,-1.0,-7.660003662109375,0.0,0.0,2.0,0.5,0.5
2025-03-07,199.4900054931641,202.27000427246097,192.52999877929688,199.25,59802800,0.0,0.0,0.005050689698198135,7.030666408139171,7.030666408139171,7.030666408139171,73.2699966430664,-1.0,-9.110000610351562,0.0,0.0,2.0,0.5,0.5
2025-03-10,195.6000061035156,196.72999572753903,190.8500061035156,194.5399932861328,62350900,0.0,0.0,0.005141412654353682,7.128475514449545,7.128475514449545,7.128475514449545,68.55998992919922,-1.0,-13.82000732421875,0.0,0.0,2.0,0.5,0.5
2025-03-11,193.8999938964844,200.17999267578125,193.3999938964844,196.58999633789065,54002900,0.0,0.0,0.004499967072407082,7.103584319081495,7.103584319081495,7.103584319081495,70.60999298095706,1.0,2.050003051757841,0.0,0.0,0.02200353552177263,0.011001767760886315,0.9889982322391137
2025-03-12,200.72000122070312,201.52000427246097,195.2899932861328,198.88999938964844,43679300,0.0,0.0,0.003682302435154343,7.041186223884828,7.041186223884828,7.041186223884828,72.90999603271484,1.0,4.350006103515625,0.0,0.0,0.09907479587552631,0.049537397937763156,0.9504626020622369
2025-03-13,198.1699981689453,198.8800048828125,191.82000732421875,193.88999938964844,41270800,0.0,0.0,0.0033917914071384544,7.043243783995175,7.043243783995175,7.043243783995175,67.90999603271484,-1.0,-5.0,1.5799865722656534,0.000541301688654501,1.3211747837122811,0.00040954460237979174,0.9995904553976203
2025-03-14,197.41000366210935,198.6499938964844,195.32000732421875,197.9499969482422,38096700,0.0,0.0,0.0031964925480343666,6.880154549912374,6.880154549912374,6.880154549912374,71.9699935913086,-1.0,-0.94000244140625,0.0,0.0,0.04669584411527481,0.5,0.5
2025-03-17,198.77000427246097,199.0,194.32000732421875,195.7400054931641,47341800,0.0,0.0,0.003927852778706848,6.72300013033158,6.72300013033158,6.72300013033158,69.7600021362305,-1.0,-3.1499938964843466,0.1199951171875,2.9587902434377824e-06,0.524372239577008,5.642506077042881e-06,0.999994357493923
2025-03-18,192.52000427246097,194.0,189.3800048828125,192.82000732421875,40414900,0.0,0.0,0.0033031206913659667,6.697071593190152,6.697071593190152,6.697071593190152,66.84000396728516,-1.0,-6.0699920654296875,0.0,0.0,1.947137021016785,0.5,0.5
2025-03-19,193.3800048828125,195.97000122070312,191.9600067138672,195.5399932861328,39442900,0.0,0.0,0.0032691532021129556,6.505137515593423,6.505137515593423,6.505137515593423,69.55998992919922,1.0,2.7199859619140625,0.0,0.0,0.20079693457979025,0.10039846728989513,0.8996015327101049
2025-03-20,193.07000732421875,199.32000732421875,192.3000030517578,194.9499969482422,38921100,0.0,0.0,0.003216171340403108,6.541913712512531,6.541913712512531,6.541913712512531,68.9699935913086,1.0,2.1299896240234375,0.0,0.0,0.1231342101464984,0.0615671050732492,0.9384328949267507
2025-03-21,192.8999938964844,196.9900054931641,192.52000427246097,196.2100067138672,60056900,0.0,0.0,0.004994763193213036,6.393919963097574,6.393919963097574,6.393919963097574,70.2300033569336,1.0,3.3899993896484375,0.0,0.0,0.3119054714846532,0.1559527357423266,0.8440472642576734
2025-03-24,200.0,203.63999938964844,199.9499969482422,203.2599945068359,41625400,0.0,0.0,0.0035862550129505703,6.4679251568606935,6.4679251568606935,6.4679251568606935,77.27999114990232,1.0,10.439987182617159,0.0,0.0,2.0,1.0,0.0
2025-03-25,203.6000061035156,206.2100067138672,203.22000122070312,205.7100067138672,31171200,0.0,0.0,0.0027179394600964865,6.219502323739506,6.219502323739506,6.219502323739506,79.7300033569336,1.0,12.889999389648438,0.0,0.0,2.0,1.0,0.0
2025-03-26,205.83999633789065,206.0099945068359,199.92999267578125,201.1300048828125,32855300,0.0,0.0,0.0028010002019290613,6.209538002833446,6.209538002833446,6.209538002833446,75.1500015258789,-1.0,-4.5800018310546875,0.0200042724609375,7.085777886514442e-08,0.1262482915290499,5.612570137585948e-07,0.9999994387429862
2025-03-27,200.88999938964844,203.7899932861328,199.27999877929688,201.36000061035156,27317700,0.0,0.0,0.0023315684723374873,6.088142038833624,6.088142038833624,6.088142038833624,75.37999725341797,-1.0,-4.350006103515625,0.0,0.0,0.11388694390632823,0.5,0.5
2025-03-28,198.4199981689453,199.2599945068359,191.8800048828125,192.72000122070312,52548200,0.0,0.0,0.004292551090001768,6.330417302312584,6.330417302312584,6.330417302312584,66.73999786376953,-1.0,-12.990005493164062,0.0,0.0,1.0155770447222643,0.5,0.5
2025-03-31,188.19000244140625,191.3300018310547,184.3999938964844,190.2599945068359,63547600,0.0,0.0,0.005124806498283023,6.472530875305879,6.472530875305879,6.472530875305879,64.27999114990232,-1.0,-15.450012207031278,0.0,0.0,1.4366529210461516,0.5,0.5
2025-04-01,187.86000061035156,193.92999267578125,187.1999969482422,192.1699981689453,41267300,0.0,0.0,0.0033614176808223132,6.490921221893964,6.490921221893964,6.490921221893964,66.18999481201172,1.0,1.9100036621094034,0.0,0.0,0.015283075060105858,0.007641537530052929,0.9923584624699471
2025-04-02,187.66000366210935,198.33999633789065,187.66000366210935,196.0099945068359,53679200,0.0,0.0,0.004459796991184032,6.790140611457345,6.790140611457345,6.790140611457345,70.02999114990232,1.0,5.75,0.0,0.0,0.13850901333148227,0.06925450666574114,0.9307454933342588
2025-04-03,183.0,184.1300048828125,176.9199981689453,178.41000366210938,95553600,0.0,0.0,0.007225985651797391,7.6687017347740065,7.6687017347740065,7.6687017347740065,52.43000030517578,-1.0,-17.599990844726534,10.279998779296875,0.03844380854067203,2.0,0.018859390864540956,0.9811406091354591
2025-04-04,167.14999389648438,178.13999938964844,166.0,171.0,123159400,0.0,0.0,0.00892677346442682,8.007366158155104,8.007366158155104,8.007366158155104,45.019996643066406,-1.0,-25.00999450683591,0.0,0.0,2.0,0.5,0.5
2025-04-07,162.0,183.41000366210935,161.3800048828125,175.25999450683594,109327100,0.0,0.0,0.008121597471517516,9.008982773950944,9.008982773950944,9.008982773950944,49.279991149902344,-1.0,-20.74999999999997,0.0,0.0,2.0,0.5,0.5
2025-04-08,185.22999572753903,185.8999938964844,168.57000732421875,170.66000366210938,87710400,0.0,0.0,0.006344737826375786,9.603340188116281,9.603340188116281,9.603340188116281,44.68000030517578,1.0,-4.5999908447265625,7.759994506835966,0.030164525135832353,0.6399974524481873,0.04501079760534544,0.9549892023946546
2025-04-09,172.1199951171875,192.6499938964844,169.92999267578125,191.1000061035156,116804300,0.0,0.0,0.009461290361003653,10.540244547586772,10.540244547586772,10.540244547586772,65.120002746582,1.0,15.840011596679659,9.239990234375057,0.020133264729134227,2.0,1.0,0.0
2025-04-10,185.44000244140625,186.8699951171875,175.85000610351562,181.22000122070312,68302000,0.0,0.0,0.005246508594971751,10.876655651330573,10.876655651330573,10.876655651330573,55.23999786376953,1.0,5.9600067138671875,0.0,0.0,1.67872502011899,0.839362510059495,0.16063748994050497
2025-04-11,179.92999267578125,185.86000061035156,178.0,184.8699951171875,50594300,0.0,0.0,0.003964595286070868,10.661180291260644,10.661180291260644,10.661180291260644,58.889991760253906,1.0,9.610000610351562,0.0,0.0,2.0,1.0,0.0
2025-04-14,186.83999633789065,187.44000244140625,179.22999572753906,182.1199951171875,48002500,0.0,0.0,0.003705546992413524,10.48609646430397,10.48609646430397,10.48609646430397,56.139991760253906,1.0,6.8600006103515625,0.0,0.0,2.0,1.0,0.0
2025-04-15,181.41000366210935,182.3500061035156,177.92999267578125,179.58999633789062,43642000,0.0,0.0,0.0033221376680814363,10.05280481883471,10.05280481883471,10.05280481883471,53.60999298095703,-1.0,-2.529998779296875,0.07000732421875,1.7052790494688807e-06,0.13601672526405625,1.253711752635213e-05,0.9999874628824736
2025-04-16,176.2899932861328,179.10000610351562,171.41000366210938,174.3300018310547,51875300,0.0,0.0,0.0038332186716661513,9.91903252290232,9.91903252290232,9.91903252290232,48.349998474121094,-1.0,-7.7899932861328125,0.0,0.0,1.2895133957700113,0.5,0.5
2025-04-17,176.0,176.2100067138672,172.0,172.61000061035156,44726500,0.0,0.0,0.003272364762948653,9.511244965114097,9.511244965114097,9.511244965114097,46.62999725341797,-1.0,-9.509994506835938,0.0,0.0,1.9218178528228302,0.5,0.5
2025-04-21,169.60000610351562,169.60000610351562,165.2899932861328,167.32000732421875,48126100,0.0,0.0,0.003413181499640198,9.35472799076443,9.35472799076443,9.35472799076443,41.340003967285156,-1.0,-14.79998779296875,0.0,0.0,2.0,0.5,0.5
2025-04-22,169.85000610351562,176.77999877929688,169.35000610351562,173.17999267578125,56607200,0.0,0.0,0.004155279385810554,9.36224680964398,9.36224680964398,9.36224680964398,47.199989318847656,1.0,5.8599853515625,0.5699920654296875,0.00014583233162867998,0.1567726669415518,0.07845924963659025,0.9215407503634098
2025-04-23,183.4499969482422,187.3800048828125,180.19000244140625,180.6000061035156,63470100,0.0,0.0,0.004858674243195202,9.707801480885927,9.707801480885927,9.707801480885927,54.620002746582,1.0,13.279998779296847,0.0,0.0,0.8051436198823972,0.4025718099411986,0.5974281900588014
2025-04-24,180.9199981689453,186.7400054931641,180.17999267578125,186.5399932861328,43763200,0.0,0.0,0.0034602849683714734,9.48295943349285,9.48295943349285,9.48295943349285,60.55998992919922,-1.0,5.939987182617216,0.0,0.0,0.1610824777815124,0.0805412388907562,0.9194587611092437
2025-04-25,187.6199951171875,189.94000244140625,185.4900054931641,188.9900054931641,36414300,0.0,0.0,0.00291703501591882,9.123462113117801,9.123462113117801,9.123462113117801,63.0100021362305,1.0,2.4500122070312784,0.0,0.0,0.027403988844184164,0.013701994422092082,0.9862980055779079
2025-04-28,190.11000061035156,190.22000122070312,184.88999938964844,187.6999969482422,33224700,0.0,0.0,0.002643359140739176,8.852500664399008,8.852500664399008,8.852500664399008,61.719993591308594,1.0,1.160003662109375,0.0,0.0,0.006143219118992381,0.0030716095594961906,0.9969283904405039
2025-04-29,183.9900054931641,188.02000427246097,183.67999267578125,187.38999938964844,41667300,0.0,0.0,0.003309577902779252,8.530180016704772,8.530180016704772,8.530180016704772,61.409996032714844,-1.0,-0.30999755859375,1.810012817382841,0.0008687306852685429,0.07141637899292248,0.01201811395370471,0.9879818860462953
2025-04-30,182.1699981689453,185.0500030517578,178.85000610351562,184.4199981689453,55176500,0.0,0.0,0.0043131344948278165,8.530880964521062,8.530880964521062,8.530880964521062,58.43999481201172,-1.0,-3.279998779296875,0.0,0.0,2.0,0.5,0.5
2025-05-01,190.6300048828125,191.80999755859375,187.5,190.1999969482422,74266000,0.0,0.0,0.0059873049400229385,8.449389423458731,8.449389423458731,8.449389423458731,64.2199935913086,1.0,5.779998779296875,3.789993286132784,0.0034828627902965276,2.0,1.0,0.0
2025-05-02,191.44000244140625,192.8800048828125,186.3999938964844,189.97999572753903,77903500,0.0,0.0,0.006273294591462079,8.308719535092257,8.308719535092257,8.308719535092257,63.99999237060544,1.0,5.559997558593722,0.0,0.0,2.0,1.0,0.0
2025-05-05,186.5099945068359,188.17999267578125,185.52999877929688,186.3500061035156,35217500,0.0,0.0,0.002781754334982922,8.033096493174392,8.033096493174392,8.033096493174392,60.370002746582,-1.0,-3.6299896240234375,1.970001220703125,0.0010648553061548141,0.42624722589609687,0.0024919850221852397,0.9975080149778147
2025-05-06,184.57000732421875,187.92999267578125,183.8500061035156,185.0099945068359,29314100,0.0,0.0,0.002298807440898357,7.750731498823768,7.750731498823768,7.750731498823768,59.029991149902315,-1.0,-4.970001220703125,0.0,0.0,0.7990312945188267,0.5,0.5
2025-05-07,185.55999755859375,190.9900054931641,185.0099945068359,188.7100067138672,43948600,0.0,0.0,0.003515368153274996,7.62425146221694,7.62425146221694,7.62425146221694,62.730003356933594,1.0,3.7000122070312784,2.810012817382841,0.002006623897926334,0.5542342022848862,0.2781204130914063,0.7218795869085937
2025-05-08,191.42999267578125,194.3300018310547,188.82000732421875,192.0800018310547,41043600,0.0,0.0,0.00334163057961566,7.481090294714837,7.481090294714837,7.481090294714837,66.0999984741211,1.0,7.070007324218778,0.0,0.0,2.0,1.0,0.0
2025-05-09,193.3800048828125,194.69000244140625,191.16000366210935,193.05999755859375,29663100,0.0,0.0,0.0024273906297471214,7.1988694721849855,7.1988694721849855,7.1988694721849855,67.07999420166016,1.0,8.050003051757841,0.0,0.0,2.0,1.0,0.0
2025-05-12,210.7100067138672,211.66000366210935,205.75,208.63999938964844,75205000,0.0,0.0,0.006650818976922874,8.013236374422886,8.013236374422886,8.013236374422886,82.65999603271484,1.0,23.63000488281253,0.0,0.0,2.0,1.0,0.0
2025-05-13,211.0800018310547,214.83999633789065,210.1000061035156,211.3699951171875,56193700,0.0,0.0,0.005034563291028563,7.883719272552839,7.883719272552839,7.883719272552839,85.3899917602539,1.0,26.36000061035159,0.0,0.0,2.0,1.0,0.0
2025-05-14,211.4499969482422,211.92999267578125,208.8500061035156,210.25,38492100,0.0,0.0,0.0034303501203613437,7.540595508246612,7.540595508246612,7.540595508246612,84.2699966430664,-1.0,-1.1199951171875,0.0,0.0,0.00180526693033203,0.5,0.5
2025-05-15,206.4499969482422,206.8800048828125,202.6699981689453,205.1699981689453,64347300,0.0,0.0,0.005595965421077047,7.543410245590046,7.543410245590046,7.543410245590046,79.18999481201172,-1.0,-6.1999969482421875,0.0,0.0,0.05532126718947423,0.5,0.5
2025-05-16,206.8500061035156,206.8500061035156,204.3699951171875,205.58999633789065,43318500,0.0,0.0,0.0037749067467076295,7.181738869928478,7.181738869928478,7.181738869928478,79.60999298095706,-1.0,-5.779998779296847,0.0,0.0,0.048080022412859934,0.5,0.5
2025-05-19,201.6499938964844,206.6199951171875,201.2599945068359,206.16000366210935,34314800,0.0,0.0,0.0029985874856893573,7.051614708530129,7.051614708530129,7.051614708530129,80.18000030517575,-1.0,-5.209991455078153,0.0,0.0,0.03906458276003546,0.5,0.5
2025-05-20,204.6300048828125,205.58999633789065,202.6499938964844,204.07000732421875,29470400,0.0,0.0,0.0025491538625632168,6.798642926894044,6.798642926894044,6.798642926894044,78.09000396728516,-1.0,-7.29998779296875,0.0,0.0,0.07669259550512607,0.5,0.5
2025-05-21,201.61000061035156,203.4600067138672,200.05999755859375,201.1199951171875,42460900,0.0,0.0,0.003619722554958125,6.599454843946256,6.599454843946256,6.599454843946256,75.1399917602539,-1.0,-10.25,0.0,0.0,0.15120177824765108,0.5,0.5
2025-05-22,201.3800048828125,205.7599945068359,200.16000366210935,203.1000061035156,38938900,0.0,0.0,0.0033521577976561453,6.528064558287706,6.528064558287706,6.528064558287706,77.120002746582,1.0,1.9800109863280966,0.16999816894525566,4.859084085269961e-06,0.03731534568452076,0.018660102384303014,0.981339897615697
2025-05-23,198.8999938964844,202.3699951171875,197.8500061035156,200.9900054931641,33393500,0.0,0.0,0.002844901545312846,6.436774232695727,6.436774232695727,6.436774232695727,75.0100021362305,-1.0,-2.1100006103515057,2.2099914550781534,0.0008680461861769722,1.1356119706591385,0.0007638024191455015,0.9992361975808545
2025-05-27,203.08999633789065,206.69000244140625,202.19000244140625,206.02000427246097,34892000,0.0,0.0,0.0030469553811261285,6.384147283806187,6.384147283806187,6.384147283806187,80.04000091552737,1.0,5.029998779296875,0.9300079345703409,0.00013500788626447593,2.0,1.0,0.0
2025-05-28,205.9199981689453,207.66000366210935,204.41000366210935,204.72000122070312,28549800,0.0,0.0,0.002477388884152109,6.160279620677174,6.160279620677174,6.160279620677174,78.73999786376953,1.0,3.729995727539034,0.0,0.0,2.0,1.0,0.0
2025-05-29,208.02999877929688,208.80999755859375,204.22999572753903,205.6999969482422,34650000,0.0,0.0,0.0030211226932877868,6.047402635704141,6.047402635704141,6.047402635704141,79.7199935913086,1.0,4.709991455078097,0.0,0.0,2.0,1.0,0.0
2025-05-30,204.83999633789065,205.9900054931641,201.6999969482422,205.0099945068359,51679400,0.0,0.0,0.0044907960890919665,5.921874486362553,5.921874486362553,5.921874486362553,79.02999114990232,-1.0,-0.6900024414062784,2.710006713867159,0.0011758633846077886,0.021461546632626862,0.051943370894133326,0.9480566291058666
2025-06-02,204.97999572753903,207.0,202.67999267578125,206.6499938964844,29113300,0.0,0.0,0.0025501027014796906,5.807455403352281,5.807455403352281,5.807455403352281,80.66999053955081,1.0,1.6399993896484943,0.0,0.0,2.0,1.0,0.0
2025-06-03,207.11000061035156,208.9499969482422,205.02999877929688,205.7100067138672,33139100,0.0,0.0,0.0028895283967920217,5.6726370294660695,5.6726370294660695,5.6726370294660695,79.7300033569336,1.0,0.7000122070312784,0.0,0.0,1.0292241596002898,0.5146120798001449,0.4853879201998551
2025-06-04,206.5500030517578,208.17999267578125,205.17999267578125,207.22999572753903,29915600,0.0,0.0,0.0026277326339642234,5.4817343845042075,5.4817343845042075,5.4817343845042075,81.24999237060544,1.0,2.220001220703125,0.0,0.0,2.0,1.0,0.0
2025-06-05,209.5500030517578,212.80999755859375,207.55999755859375,207.91000366210935,51864200,0.0,0.0,0.004570607293524814,5.488753487829244,5.488753487829244,5.488753487829244,81.93000030517575,1.0,2.9000091552734375,0.0,0.0,2.0,1.0,0.0
2025-06-06,212.3999938964844,213.8699951171875,210.5,213.57000732421875,39832500,0.0,0.0,0.003605858383869804,5.5224133426327375,5.5224133426327375,5.5224133426327375,87.59000396728516,1.0,8.560012817382841,0.0,0.0,2.0,1.0,0.0
2025-06-09,214.75,217.8500061035156,212.8800048828125,216.97999572753903,38102500,0.0,0.0,0.0035043220148641284,5.482955333923478,5.482955333923478,5.482955333923478,90.99999237060544,1.0,11.970001220703125,0.0,0.0,2.0,1.0,0.0
2025-06-10,216.77999877929688,217.69000244140625,214.1499938964844,217.61000061035156,31303300,0.0,0.0,0.002887352532363525,5.3441734204233615,5.3441734204233615,5.3441734204233615,91.62999725341797,1.0,12.600006103515653,0.0,0.0,2.0,1.0,0.0
2025-06-11,217.41000366210935,218.3999938964844,212.88999938964844,213.1999969482422,39326000,0.0,0.0,0.003553839482139292,5.356017783738547,5.356017783738547,5.356017783738547,87.2199935913086,1.0,8.190002441406278,0.0,0.0,2.0,1.0,0.0
2025-06-12,211.77999877929688,213.5800018310547,211.3300018310547,213.2400054931641,27640000,0.0,0.0,0.0024982595869129484,5.134159370614365,5.134159370614365,5.134159370614365,87.2600021362305,-1.0,0.04000854492190342,2.819992065429716,0.0010443963230116933,0.003362050702638495,0.002203223512825094,0.9977967764871749
2025-06-13,209.9600067138672,214.0500030517578,209.6199951171875,212.1000061035156,29337800,0.0,0.0,0.002637540053588514,5.083862839468361,5.083862839468361,5.083862839468361,86.120002746582,-1.0,-1.099990844726591,3.2700042724609375,0.0014417453858797077,2.0,0.000720353409837436,0.9992796465901626
2025-06-16,212.30999755859375,217.05999755859375,211.6000061035156,216.1000061035156,33284200,0.0,0.0,0.0030487635325513163,5.110729169154776,5.110729169154776,5.110729169154776,90.120002746582,1.0,4.0,3.4799957275390625,0.0014911283556525486,2.0,1.0,0.0
2025-06-17,215.1999969482422,217.41000366210935,214.55999755859375,214.82000732421875,32086300,0.0,0.0,0.0029216299354300913,4.949248950180548,4.949248950180548,4.949248950180548,88.84000396728516,1.0,2.7200012207031534,0.0,0.0,2.0,1.0,0.0
2025-06-18,215.08999633789065,217.9600067138672,212.33999633789065,212.52000427246097,44360500,0.0,0.0,0.003996014794513548,4.997160480594547,4.997160480594547,4.997160480594547,86.54000091552737,1.0,0.41999816894536934,0.0,0.0,0.14578627956561202,0.07289313978280601,0.927106860217194
2025-06-20,214.67999267578125,214.88999938964844,208.27000427246097,209.69000244140625,75350700,0.0,0.0,0.0066972398835525426,5.113077240351185,5.113077240351185,5.113077240351185,83.70999908447266,-1.0,-2.830001831054716,6.289993286132784,0.005646062605054354,2.0,0.0028150842316220573,0.997184915768378
2025-06-23,209.7899932861328,210.38999938964844,207.30999755859375,208.47000122070312,37311700,0.0,0.0,0.0032970037774955017,4.967857568258578,4.967857568258578,4.967857568258578,82.48999786376953,-1.0,-4.050003051757841,0.0,0.0,2.0,0.5,0.5
2025-06-24,212.13999938964844,214.33999633789065,211.0500030517578,212.77000427246097,38378800,0.0,0.0,0.00346124732119531,5.032295964610646,5.032295964610646,5.032295964610646,86.79000091552737,1.0,4.300003051757841,0.0,0.0,1.127267086110793,0.5636335430553965,0.4363664569446035
2025-06-25,214.6199951171875,216.02999877929688,211.11000061035156,211.9900054931641,31755700,0.0,0.0,0.002853434550134708,5.0242746934916935,5.0242746934916935,5.0242746934916935,86.0100021362305,1.0,3.520004272460966,0.0,0.0,0.755397738471547,0.3776988692357735,0.6223011307642266
2025-06-26,213.1199951171875,218.0399932861328,212.0099945068359,217.1199951171875,50480800,0.0,0.0,0.004645761261233324,5.09753991488291,5.09753991488291,5.09753991488291,91.1399917602539,1.0,8.649993896484375,0.0,0.0,2.0,1.0,0.0
2025-06-27,219.9199981689453,223.3000030517578,216.7400054931641,223.3000030517578,119217100,0.0,0.0,0.011283871224121396,5.202001175147968,5.202001175147968,5.202001175147968,97.31999969482422,1.0,14.830001831054688,0.0,0.0,2.0,1.0,0.0
2025-06-30,223.52000427246097,223.82000732421875,219.1199951171875,219.38999938964844,58887800,0.0,0.0,0.005476120494161697,5.166144820282488,5.166144820282488,5.166144820282488,93.40999603271484,1.0,10.919998168945312,0.0,0.0,2.0,1.0,0.0
2025-07-01,219.5,221.8800048828125,217.92999267578125,220.4600067138672,39256800,0.0,0.0,0.0036683904200079023,5.079278205050257,5.079278205050257,5.079278205050257,94.4800033569336,-1.0,1.07000732421875,0.0,0.0,0.06980118570028723,0.034900592850143616,0.9650994071498564
2025-07-02,219.72999572753903,221.6000061035156,219.05999755859375,219.9199981689453,30894200,0.0,0.0,0.0028798675604635947,4.8979018007553705,4.8979018007553705,4.8979018007553705,93.93999481201172,-1.0,0.529998779296875,0.05999755859375,4.0791163530716946e-07,0.017125333499821045,0.008562870705728176,0.9914371292942719
2025-07-03,221.82000732421875,224.0099945068359,221.36000061035156,223.41000366210935,29632400,0.0,0.0,0.0028060815098278043,4.840194267693601,4.840194267693601,4.840194267693601,97.43000030517575,1.0,3.490005493164034,0.0,0.0,0.7425770453509598,0.3712885226754799,0.6287114773245202
2025-07-07,223.0,224.2899932861328,222.3699951171875,223.47000122070312,36604100,0.0,0.0,0.003467207260668978,4.631608832068723,4.631608832068723,4.631608832068723,97.48999786376953,1.0,3.5500030517578125,0.0,0.0,0.7683281618652972,0.3841640809326486,0.6158359190673515
2025-07-08,223.9199981689453,224.0,218.42999267578125,219.36000061035156,45692000,0.0,0.0,0.004248429792401016,4.698637295793725,4.698637295793725,4.698637295793725,93.37999725341797,-1.0,-4.1100006103515625,2.9300079345703125,0.0009845320969608462,1.3403750029381898,0.0007339807644749373,0.999266019235525
2025-07-09,221.07000732421875,224.2899932861328,220.47000122070312,222.5399932861328,38155100,0.0,0.0,0.003599080045095039,4.715162680078548,4.715162680078548,4.715162680078548,96.55998992919922,1.0,3.17999267578125,0.0,0.0,0.5986437692514605,0.29932188462573023,0.7006781153742698
2025-07-10,221.5500030517578,222.7899932861328,219.6999969482422,222.2599945068359,30370600,0.0,0.0,0.0028611821707185212,4.5990793699222685,4.5990793699222685,4.5990793699222685,96.27999114990232,-1.0,-0.2799987792969034,0.0,0.0,0.007752825990835282,0.5,0.5
2025-07-11,223.5800018310547,226.67999267578125,222.3699951171875,225.02000427246097,50518300,0.0,0.0,0.004818376090428023,4.586287855566773,4.586287855566773,4.586287855566773,99.04000091552737,1.0,2.760009765625057,2.3899993896484375,0.0005823368979638362,2.0,1.0,0.0
2025-07-14,225.07000732421875,226.66000366210935,224.2400054931641,225.69000244140625,35702600,0.0,0.0,0.003415411248438215,4.431552877950951,4.431552877950951,4.431552877950951,99.70999908447266,1.0,3.430007934570341,0.0,0.0,2.0,1.0,0.0
2025-07-15,226.1999969482422,227.27000427246097,225.4600067138672,226.3500061035156,34907300,0.0,0.0,0.003349096087584841,4.2442989265682955,4.2442989265682955,4.2442989265682955,100.370002746582,1.0,4.0900115966796875,0.0,0.0,2.0,1.0,0.0
2025-07-16,225.8800048828125,226.1000061035156,222.17999267578125,223.19000244140625,39535900,0.0,0.0,0.00374022049311424,4.238992819508728,4.238992819508728,4.238992819508728,97.20999908447266,-1.0,-3.1600036621093466,2.060012817382841,0.00044907405743961344,0.5969336935355901,0.0007517358748880878,0.9992482641251119
2025-07-17,223.32000732421875,224.5,222.5099945068359,223.8800048828125,31855800,0.0,0.0,0.0030229757455860593,4.078350867626969,4.078350867626969,4.078350867626969,97.9000015258789,-1.0,-2.4700012207030966,0.0,0.0,0.36470797243686837,0.5,0.5
2025-07-18,225.13999938964844,226.3999938964844,222.97999572753903,226.1300048828125,37833800,0.0,0.0,0.0036263439604106136,4.031325674863997,4.031325674863997,4.031325674863997,100.1500015258789,1.0,2.25,0.29998779296880684,8.972330140640325e-06,0.8297947837383726,0.4149018780342566,0.5850981219657434
2025-07-21,225.83999633789065,229.69000244140625,225.6499938964844,229.3000030517578,40297600,0.0,0.0,0.003916643843022029,4.03194587986813,4.03194587986813,4.03194587986813,103.31999969482422,1.0,5.4199981689453125,0.0,0.0,2.0,1.0,0.0
2025-07-22,229.67999267578125,230.0,226.3500061035156,227.47000122070312,37483700,0.0,0.0,0.0036140771747734785,4.004663595340721,4.004663595340721,4.004663595340721,101.48999786376953,1.0,3.589996337890625,0.0,0.0,2.0,1.0,0.0
2025-07-23,228.47000122070312,228.7899932861328,227.08999633789065,228.2899932861328,28294900,0.0,0.0,0.0027379522997190283,3.840044549119395,3.840044549119395,3.840044549119395,102.30998992919922,1.0,4.4099884033203125,0.0,0.0,2.0,1.0,0.0
2025-07-24,229.1699981689453,236.0,228.63999938964844,232.22999572753903,42902300,0.0,0.0,0.004223084083618144,4.116470418029952,4.116470418029952,4.116470418029952,106.24999237060544,1.0,8.349990844726534,0.0,0.0,2.0,1.0,0.0
2025-07-25,232.22000122070312,232.47999572753903,231.17999267578125,231.44000244140625,28712100,0.0,0.0,0.0028166586752553036,3.9152941775819396,3.9152941775819396,3.9152941775819396,105.45999908447266,1.0,7.55999755859375,0.0,0.0,2.0,1.0,0.0
2025-07-28,233.3500061035156,234.2899932861328,232.25,232.7899932861328,26300100,0.0,0.0,0.002595090731081386,3.839201082377984,3.839201082377984,3.839201082377984,106.80998992919922,1.0,8.909988403320312,0.0,0.0,2.0,1.0,0.0
2025-07-29,234.1499938964844,234.72000122070312,230.30999755859375,231.0099945068359,33716200,0.0,0.0,0.0033014158352908584,3.879972695215941,3.879972695215941,3.879972695215941,105.02999114990232,1.0,7.129989624023409,0.8699951171875,6.861308909499098e-05,2.0,1.0,0.0
2025-07-30,231.63999938964844,231.8000030517578,229.2899932861328,230.19000244140625,32993300,0.0,0.0,0.00321916363006951,3.782118200245159,3.782118200245159,3.782118200245159,104.20999908447266,-1.0,-0.8199920654296591,2.9600067138671875,0.0008068013348596935,0.013226395479710855,0.0574923408771691,0.9425076591228309
2025-07-31,235.77000427246097,236.52999877929688,231.3999938964844,234.11000061035156,104357300,0.0,0.0,0.010355561190693603,3.9648237815055496,3.9648237815055496,3.9648237815055496,108.12999725341797,1.0,3.9199981689453125,1.80999755859375,0.0002801970729942909,2.0,1.0,0.0
2025-08-01,217.2100067138672,220.44000244140625,212.8000030517578,214.75,122258800,0.0,0.0,0.01112869244172272,5.203764765583278,5.203764765583278,5.203764765583278,88.7699966430664,-1.0,-19.360000610351562,16.489990234375,0.03450709424425445,2.0,0.01696091124079987,0.9830390887592001
2025-08-04,217.3999938964844,217.44000244140625,211.4199981689453,211.6499938964844,77890100,0.0,0.0,0.006987653489321197,5.262067587503111,5.262067587503111,5.262067587503111,85.66999053955081,-1.0,-22.46000671386716,0.0,0.0,2.0,0.5,0.5
2025-08-05,213.0500030517578,216.3000030517578,212.8699951171875,213.75,51505100,0.0,0.0,0.004666456234386595,5.218349128058133,5.218349128058133,5.218349128058133,87.7699966430664,-1.0,-20.360000610351562,0.0,0.0,2.0,0.5,0.5
2025-08-06,214.6999969482422,222.6499938964844,213.7400054931641,222.30999755859375,54823000,0.0,0.0,0.0051659789231656246,5.482037647719717,5.482037647719717,5.482037647719717,96.32999420166016,1.0,8.55999755859375,5.209991455078153,0.002925168942558486,0.1767631402195294,0.08984415458104394,0.910155845418956
2025-08-07,221.0,226.22000122070312,220.82000732421875,223.1300048828125,40603500,0.0,0.0,0.003840186221121845,5.476177379774335,5.476177379774335,5.476177379774335,97.1500015258789,1.0,9.3800048828125,0.0,0.0,0.21225139610390398,0.10612569805195199,0.893874301948048
2025-08-08,223.13999938964844,223.8000030517578,221.8800048828125,222.69000244140625,32970500,0.0,0.0,0.0031121254295229375,5.222164579000834,5.222164579000834,5.222164579000834,96.70999908447266,1.0,8.94000244140625,0.0,0.0,0.19280562560659606,0.09640281280329803,0.903597187196702
2025-08-11,221.77999877929688,223.0500030517578,220.3999938964844,221.3000030517578,31646200,0.0,0.0,0.0029684779497632114,5.038439191591732,5.038439191591732,5.038439191591732,95.31999969482422,-1.0,-1.3899993896484375,0.4200134277343466,1.941593392052606e-05,0.0241743020579396,0.0008025196427873745,0.9991974803572127
2025-08-12,222.22999572753903,223.5,219.0500030517578,221.47000122070312,37185800,0.0,0.0,0.0034907831914930488,4.9964076027810504,4.9964076027810504,4.9964076027810504,95.48999786376953,-1.0,-1.220001220703125,0.0,0.0,0.01862281185516693,0.5,0.5
2025-08-13,222.0,224.9199981689453,222.0,224.55999755859375,36508300,0.0,0.0,0.0034750002840885116,4.885949698885417,4.885949698885417,4.885949698885417,98.57999420166016,1.0,3.089996337890625,1.8699951171875,0.00035983497102028605,2.0,1.0,0.0
2025-08-14,227.3999938964844,233.11000061035156,227.02000427246097,230.97999572753903,61545800,0.0,0.0,0.006025646212884352,5.14766779551916,5.14766779551916,5.14766779551916,104.99999237060544,1.0,9.509994506835909,0.0,0.0,2.0,1.0,0.0
2025-08-15,232.5800018310547,234.0800018310547,229.80999755859375,231.02999877929688,39649200,0.0,0.0,0.0038826982836262535,5.084977543872144,5.084977543872144,5.084977543872144,105.04999542236328,1.0,9.55999755859375,0.0,0.0,2.0,1.0,0.0
2025-08-18,230.22999572753903,231.91000366210935,228.3300018310547,231.4900054931641,25248900,0.0,0.0,0.0024774536973497224,4.977479278670895,4.977479278670895,4.977479278670895,105.5100021362305,-1.0,0.4600067138672159,0.0,0.0,0.14216994984364809,0.07108497492182404,0.9289150250781759
2025-08-19,230.08999633789065,230.52999877929688,227.1199951171875,228.0099945068359,29891000,0.0,0.0,0.002888851166589055,4.934088642764159,4.934088642764159,4.934088642764159,102.02999114990232,-1.0,-3.020004272460966,2.69000244140625,0.0006951037802159293,2.0,0.00034743113975865917,0.9996525688602413
2025-08-20,227.1199951171875,227.27000427246097,220.9199981689453,223.80999755859375,36604300,0.0,0.0,0.003472501383832208,5.0880820495589045,5.0880820495589045,5.0880820495589045,97.82999420166016,-1.0,-7.220001220703125,0.0,0.0,2.0,0.5,0.5
2025-08-21,222.6499938964844,222.77999877929688,220.5,221.9499969482422,32140500,0.0,0.0,0.0030236993807448735,4.961076014489965,4.961076014489965,4.961076014489965,95.9699935913086,-1.0,-9.080001831054688,0.0,0.0,2.0,0.5,0.5
2025-08-22,222.7899932861328,229.13999938964844,220.82000732421875,228.83999633789065,37315300,0.0,0.0,0.0036195093978593526,5.200998589557088,5.200998589557088,5.200998589557088,102.85999298095706,1.0,6.889999389648466,1.8699951171874716,0.0003305125572302251,0.5757931509818189,0.2880618317695246,0.7119381682304754
2025-08-25,227.3500061035156,229.6000061035156,227.30999755859375,227.94000244140625,22633700,0.0,0.0,0.0021867893125851463,4.993070729225999,4.993070729225999,4.993070729225999,101.95999908447266,1.0,5.9900054931640625,0.0,0.0,0.4351936693062971,0.21759683465314855,0.7824031653468515
2025-08-26,227.11000061035156,229.0,226.02000427246097,228.7100067138672,26105400,0.0,0.0,0.0025307331715945076,4.84927965767693,4.84927965767693,4.84927965767693,102.7300033569336,-1.0,0.7700042724609375,0.0,0.0,0.007191415761991474,0.003595707880995737,0.9964042921190043
2025-08-27,228.57000732421875,229.8699951171875,227.80999755859375,229.1199951171875,21254500,0.0,0.0,0.0020641664891369277,4.650045222028131,4.650045222028131,4.650045222028131,103.1399917602539,1.0,0.4099884033203125,0.0,0.0,0.002038784265456995,0.0010193921327284975,0.9989806078672715
2025-08-28,229.0099945068359,232.7100067138672,228.02000427246097,231.6000061035156,33679600,0.0,0.0,0.0033062548794876626,4.652899309126567,4.652899309126567,4.652899309126567,105.620002746582,1.0,2.889999389648409,0.0,0.0,0.10130330861790166,0.05065165430895083,0.9493483456910492
2025-08-29,231.32000732421875,231.80999755859375,228.16000366210935,229.0,26199200,0.0,0.0,0.0025430467932917745,4.581263208223556,4.581263208223556,4.581263208223556,103.0199966430664,1.0,0.2899932861328125,0.0,0.0,0.0010200090250733998,0.0005100045125366999,0.9994899954874633
2025-09-02,223.52000427246097,226.1699981689453,221.8300018310547,225.33999633789065,38843900,0.0,0.0,0.003710154108375974,4.76617284827511,4.76617284827511,4.76617284827511,99.35999298095706,-1.0,-3.6600036621093466,6.190002441406278,0.0038811330962315337,2.0,0.0019368080432169783,0.9980631919567831
2025-09-03,225.2100067138672,227.1699981689453,224.36000061035156,225.9900054931641,29223100,0.0,0.0,0.0027992800939388458,4.626446041869299,4.626446041869299,4.626446041869299,100.0100021362305,1.0,0.6500091552734375,0.0,0.0,0.031541032609942454,0.015770516304971227,0.9842294836950287
2025-09-04,231.19000244140625,235.77000427246097,230.77999877929688,235.67999267578125,59391800,0.0,0.0,0.005933077791937194,4.994556951685555,4.994556951685555,4.994556951685555,109.69998931884766,1.0,10.339996337890597,0.0,0.0,2.0,1.0,0.0
2025-09-05,235.19000244140625,236.0,231.92999267578125,232.3300018310547,36721800,0.0,0.0,0.0036162637313187952,4.928517692580783,4.928517692580783,4.928517692580783,106.3499984741211,1.0,6.990005493164034,0.0,0.0,2.0,1.0,0.0
2025-09-08,234.94000244140625,237.6000061035156,233.75,235.83999633789065,33947100,0.0,0.0,0.0033935244146981363,4.95290959114365,4.95290959114365,4.95290959114365,109.85999298095706,1.0,10.5,0.0,0.0,2.0,1.0,0.0
2025-09-09,236.36000061035156,238.8500061035156,235.0800018310547,238.2400054931641,27033800,0.0,0.0,0.0027299370068732155,4.868416354094882,4.868416354094882,4.868416354094882,112.2600021362305,1.0,12.900009155273438,0.0,0.0,2.0,1.0,0.0
2025-09-10,237.52000427246097,237.67999267578125,229.1000061035156,230.3300018310547,60907700,0.0,0.0,0.005946392197316605,5.173529428062998,5.173529428062998,5.173529428062998,104.3499984741211,-1.0,-7.910003662109403,4.649993896484403,0.0019857285116777427,0.3759874353947716,0.0052536230116305895,0.9947463769883694
2025-09-11,231.4900054931641,231.52999877929688,229.33999633789065,229.9499969482422,37485600,0.0,0.0,0.0036536649054822274,4.960420357587514,4.960420357587514,4.960420357587514,103.9699935913086,-1.0,-8.290008544921903,0.0,0.0,0.41298085527471345,0.5,0.5
2025-09-12,230.3500061035156,230.7899932861328,226.2899932861328,228.1499938964844,38496200,0.0,0.0,0.00372279534652085,4.927533189188407,4.927533189188407,4.927533189188407,102.16999053955081,-1.0,-10.090011596679688,0.0,0.0,0.6117912956689565,0.5,0.5
2025-09-15,230.6300048828125,233.72999572753903,230.32000732421875,231.42999267578125,33243300,0.0,0.0,0.0032610286126738973,4.974138092178851,4.974138092178851,4.974138092178851,105.44998931884766,1.0,3.2799987792968466,2.199996948242159,0.0004352623240388515,0.10567299912751615,0.053054130725777505,0.9469458692742225
2025-09-16,232.94000244140625,235.8999938964844,232.22999572753903,234.0500030517578,38203900,0.0,0.0,0.0037900696378043333,4.938128315644873,4.938128315644873,4.938128315644873,108.06999969482422,1.0,5.900009155273409,0.0,0.0,0.341918059724709,0.1709590298623545,0.8290409701376455
2025-09-17,233.77000427246097,234.3000030517578,228.7100067138672,231.6199951171875,42815200,0.0,0.0,0.004203440110633683,4.984690317233855,4.984690317233855,4.984690317233855,105.6399917602539,-1.0,-2.4300079345703125,1.6100006103515625,0.0002322712001907114,0.16963287090616988,0.0013673858998409188,0.9986326141001591
2025-09-18,232.5,233.47999572753903,228.7899932861328,231.22999572753903,37931700,0.0,0.0,0.003717725473310925,4.963641183246167,4.963641183246167,4.963641183246167,105.24999237060544,-1.0,-2.8200073242187784,0.0,0.0,0.22845207206097312,0.5,0.5
2025-09-19,232.3699951171875,234.16000366210935,229.6999969482422,231.47999572753903,97943200,0.0,0.0,0.009609893922148977,4.9276672925762375,4.9276672925762375,4.9276672925762375,105.49999237060544,1.0,0.25,0.0,0.0,0.007859221787910205,0.003929610893955103,0.996070389106045
2025-09-22,230.55999755859375,230.57000732421875,227.5099945068359,227.6300048828125,45914500,0.0,0.0,0.0044300660963629635,4.859262573156729,4.859262573156729,4.859262573156729,101.6500015258789,-1.0,-3.849990844726534,1.2799987792969034,0.0001585639047030699,2.0,7.927566722186363e-05,0.9999207243327781
2025-09-23,227.8300018310547,227.86000061035156,220.07000732421875,220.7100067138672,70956200,0.0,0.0,0.00663809115758549,5.06860048122645,5.06860048122645,5.06860048122645,94.7300033569336,-1.0,-10.769989013671847,0.0,0.0,2.0,0.5,0.5
2025-09-24,224.1499938964844,224.55999755859375,219.4499969482422,220.2100067138672,49509000,0.0,0.0,0.004621171044569645,5.071557633306815,5.071557633306815,5.071557633306815,94.2300033569336,-1.0,-11.269989013671847,0.0,0.0,2.0,0.5,0.5
2025-09-25,220.05999755859375,220.6699981689453,216.47000122070312,218.1499938964844,52226300,0.0,0.0,0.004829201236903488,5.009303298659342,5.009303298659342,5.009303298659342,92.16999053955081,-1.0,-13.33000183105463,0.0,0.0,2.0,0.5,0.5
2025-09-26,219.0800018310547,221.0500030517578,218.02000427246097,219.77999877929688,41650100,0.0,0.0,0.003880029736391397,4.867924404419163,4.867924404419163,4.867924404419163,93.79999542236328,1.0,1.6300048828124716,0.0,0.0,0.014952623309989756,0.007476311654994878,0.9925236883450052
2025-09-29,220.0800018310547,222.6000061035156,219.3000030517578,222.1699981689453,44259200,0.0,0.0,0.004167924180325815,4.755930022086208,4.755930022086208,4.755930022086208,96.18999481201172,1.0,4.020004272460909,0.0,0.0,0.09094788650781917,0.045473943253909584,0.9545260567460904
2025-09-30,222.02999877929688,222.2400054931641,217.88999938964844,219.57000732421875,48396400,0.0,0.0,0.004504192186092308,4.726935456474026,4.726935456474026,4.726935456474026,93.59000396728516,-1.0,-2.5999908447265625,0.13000488281252842,1.9295693717486273e-06,0.41830264249112253,4.61283356823931e-06,0.9999953871664318
2025-10-01,217.36000061035156,222.1499938964844,216.61000061035156,220.6300048828125,43933800,0.0,0.0,0.0041086030307640724,4.78501101573537,4.78501101573537,4.78501101573537,94.6500015258789,-1.0,-1.5399932861328125,0.0,0.0,0.1467522016971967,0.5,0.5
2025-10-02,221.0099945068359,222.80999755859375,218.9499969482422,222.41000366210935,41258600,0.0,0.0,0.0038895525501594645,4.718938843922241,4.718938843922241,4.718938843922241,96.43000030517575,1.0,1.7799987792968466,0.5699920654296591,3.4939226324660096e-05,1.3359855290506892,0.6680102341385069,0.3319897658614931
2025-10-03,223.44000244140625,224.1999969482422,219.33999633789065,219.5099945068359,43639000,0.0,0.0,0.00406031687287354,4.729014684381476,4.729014684381476,4.729014684381476,93.52999114990232,1.0,-1.120010375976591,0.0,0.0,0.39591748606063976,0.5,0.5
2025-10-06,221.0,221.72999572753903,216.02999877929688,220.8999938964844,43690900,0.0,0.0,0.004090887473964078,4.798370560371525,4.798370560371525,4.798370560371525,94.91999053955081,-1.0,1.3899993896484943,0.0,0.0,1.540228399856508,0.770114199928254,0.22988580007174597
2025-10-07,220.8800048828125,222.88999938964844,220.1699981689453,221.77999877929688,31194700,0.0,0.0,0.002932473046506019,4.649915607538069,4.649915607538069,4.649915607538069,95.79999542236328,1.0,0.8800048828124716,0.0,0.0,0.617342351180334,0.308671175590167,0.691328824409833
2025-10-08,222.9199981689453,226.72999572753903,221.19000244140625,225.22000122070312,46686000,0.0,0.0,0.00445681350152433,4.713492584580549,4.713492584580549,4.713492584580549,99.23999786376953,1.0,4.320007324218722,0.0,0.0,2.0,1.0,0.0
2025-10-09,225.0,228.2100067138672,221.75,227.7400054931641,46412100,0.0,0.0,0.004480241092146775,4.838243593815309,4.838243593815309,4.838243593815309,101.7600021362305,1.0,6.8400115966796875,0.0,0.0,2.0,1.0,0.0
2025-10-10,226.2100067138672,228.25,216.0,216.3699951171875,72367500,0.0,0.0,0.006636994289782469,5.367654765685645,5.367654765685645,5.367654765685645,90.3899917602539,1.0,-4.529998779296903,5.19000244140625,0.003296813885496431,0.4386140042559251,0.00746036021331656,0.9925396397866835
2025-10-13,217.6999969482422,220.67999267578125,217.0399932861328,220.07000732421875,37809700,0.0,0.0,0.003526914473546408,5.292107822321938,5.292107822321938,5.292107822321938,94.09000396728516,1.0,-0.8299865722656534,0.0,0.0,0.014724089768470366,0.5,0.5
2025-10-14,215.55999755859375,219.32000732421875,212.6000061035156,216.38999938964844,45665600,0.0,0.0,0.0041884872023243164,5.447671636492025,5.447671636492025,5.447671636492025,90.40999603271484,-1.0,-3.6800079345703125,0.0,0.0,0.2894568516441026,0.5,0.5
2025-10-15,216.6199951171875,217.7100067138672,212.66000366210935,215.57000732421875,45909500,0.0,0.0,0.0041949012162958545,5.419266737582441,5.419266737582441,5.419266737582441,89.59000396728516,-1.0,-4.5,0.0,0.0,0.43282401712543694,0.5,0.5
2025-10-16,215.6699981689453,218.58999633789065,212.80999755859375,214.47000122070312,42414600,0.0,0.0,0.0038557846390397596,5.445033311990617,5.445033311990617,5.445033311990617,88.48999786376953,1.0,-1.100006103515625,0.0,0.0,0.0258628579053746,0.5,0.5
2025-10-17,214.55999755859375,214.8000030517578,211.02999877929688,213.0399932861328,45986900,0.0,0.0,0.004152657500656221,5.32538838059564,5.32538838059564,5.32538838059564,87.05998992919922,-1.0,-1.4300079345703125,0.0,0.0,0.043708229860083075,0.5,0.5
2025-10-20,213.8800048828125,216.69000244140625,213.58999633789065,216.47999572753903,38882800,0.0,0.0,0.003567846333181498,5.205718435929768,5.205718435929768,5.205718435929768,90.49999237060544,1.0,3.4400024414062216,0.0,0.0,2.0,1.0,0.0
2025-10-21,218.42999267578125,223.32000732421875,217.9900054931641,222.02999877929688,50494600,0.0,0.0,0.004752120359131252,5.3224536616976215,5.3224536616976215,5.3224536616976215,96.04999542236328,1.0,8.990005493164062,0.0,0.0,2.0,1.0,0.0
2025-10-22,219.3000030517578,220.0099945068359,216.52000427246097,217.9499969482422,44308500,0.0,0.0,0.004093311108458486,5.335849436350356,5.335849436350356,5.335849436350356,91.9699935913086,-1.0,-4.0800018310546875,0.0,0.0,0.20596849791690744,0.5,0.5
2025-10-23,219.0,221.3000030517578,218.17999267578125,221.08999633789065,31540000,0.0,0.0,0.0029557086352667507,5.194003484005019,5.194003484005019,5.194003484005019,95.10999298095706,1.0,3.139999389648466,0.0,0.0,0.5922954703277291,0.29614773516386456,0.7038522648361354
2025-10-24,221.97000122070312,225.3999938964844,221.8999938964844,224.2100067138672,38685100,0.0,0.0,0.0036764575386386456,5.1308602036185,5.1308602036185,5.1308602036185,98.2300033569336,1.0,6.260009765625,0.0,0.0,2.0,1.0,0.0
2025-10-27,227.66000366210935,228.3999938964844,225.5399932861328,226.97000122070312,38267000,0.0,0.0,0.003681490764155595,5.063654987832694,5.063654987832694,5.063654987832694,100.98999786376953,1.0,9.020004272460938,0.0,0.0,2.0,1.0,0.0
2025-10-28,228.22000122070312,231.4900054931641,226.2100067138672,229.25,47100000,0.0,0.0,0.004576791101684487,5.079108115794424,5.079108115794424,5.079108115794424,103.2699966430664,1.0,11.300003051757812,0.0,0.0,2.0,1.0,0.0
2025-10-29,231.6699981689453,232.82000732421875,227.7599945068359,230.3000030517578,52036200,0.0,0.0,0.005079609852195011,5.077744165907882,5.077744165907882,5.077744165907882,104.31999969482422,1.0,12.350006103515625,0.0,0.0,2.0,1.0,0.0
2025-10-30,227.05999755859375,228.44000244140625,222.75,222.86000061035156,102252900,0.0,0.0,0.009659143100387855,5.254334086325734,5.254334086325734,5.254334086325734,96.87999725341797,-1.0,-7.44000244140625,3.4600067138671875,0.001275515226470377,0.36292075998840806,0.003502274222101293,0.9964977257778987
2025-10-31,250.1000061035156,250.5,243.97999572753903,244.22000122070312,166340800,0.0,0.0,0.017219116083036428,6.853310179420213,6.853310179420213,6.853310179420213,118.23999786376953,1.0,21.360000610351562,17.67999267578125,0.022358122695569967,2.0,1.0,0.0
2025-11-03,255.36000061035156,258.6000061035156,252.8999938964844,254.0,95997800,0.0,0.0,0.010335365410850662,7.390931229662519,7.390931229662519,7.390931229662519,128.0199966430664,1.0,31.139999389648438,0.0,0.0,2.0,1.0,0.0
2025-11-04,250.3800048828125,257.010009765625,248.66000366210935,249.32000732421875,51546300,0.0,0.0,0.005447352341964623,7.459436577794886,7.459436577794886,7.459436577794886,123.34000396728516,-1.0,-4.67999267578125,0.0,0.0,0.022586718921971508,0.5,0.5
2025-11-05,249.02999877929688,251.0,246.16000366210935,250.1999969482422,40610700,0.0,0.0,0.004306838774935628,7.272333703516012,7.272333703516012,7.272333703516012,124.2199935913086,-1.0,-3.8000030517578125,0.0,0.0,0.014891234109434126,0.5,0.5
2025-11-06,249.16000366210935,250.3800048828125,242.1699981689453,243.0399932861328,46004200,0.0,0.0,0.004739211233764678,7.339310347112525,7.339310347112525,7.339310347112525,117.05998992919922,-1.0,-10.960006713867188,0.0,0.0,0.12387522061146028,0.5,0.5
2025-11-07,242.8999938964844,244.8999938964844,238.4900054931641,244.41000366210935,46374300,0.0,0.0,0.004804267531735066,7.272930208270224,7.272930208270224,7.272930208270224,118.43000030517575,-1.0,-9.589996337890653,0.0,0.0,0.09484177715031303,0.5,0.5
2025-11-10,248.33999633789065,251.75,245.58999633789065,248.3999938964844,36476500,0.0,0.0,0.0038405690691007306,7.277720646100255,7.277720646100255,7.277720646100255,122.41999053955081,1.0,3.989990234375057,1.3699951171875,0.0001252372017552933,0.17310387220235507,0.08661455470205517,0.9133854452979449
2025-11-11,248.41000366210935,249.75,247.22999572753903,249.1000061035156,23564100,0.0,0.0,0.0024880289776431776,6.937883762268877,6.937883762268877,6.937883762268877,123.120002746582,1.0,4.69000244140625,0.0,0.0,0.2391714050808403,0.11958570254042016,0.8804142974595799
2025-11-12,250.2400054931641,250.3699951171875,243.75,244.1999969482422,31190100,0.0,0.0,0.003228444019764106,6.91517743047735,6.91517743047735,6.91517743047735,118.2199935913086,1.0,-0.21000671386715908,1.8399963378906534,0.00024224345631144165,0.0020050269799359805,0.10779452815476405,0.8922054718452359
2025-11-13,243.0500030517578,243.75,236.5,237.5800018310547,41401700,0.0,0.0,0.004169259186653916,6.971235967460553,6.971235967460553,6.971235967460553,111.5999984741211,-1.0,-6.6199951171875,0.0,0.0,1.992366361564392,0.5,0.5
2025-11-14,235.05999755859375,238.72999572753903,232.88999938964844,234.69000244140625,38956700,0.0,0.0,0.0038753201753363897,6.890433136776984,6.890433136776984,6.890433136776984,108.70999908447266,-1.0,-9.509994506835938,0.0,0.0,2.0,0.5,0.5
2025-11-17,233.25,234.6000061035156,229.19000244140625,232.8699951171875,59919000,0.0,0.0,0.005914375984372338,6.791116484150057,6.791116484150057,6.791116484150057,106.8899917602539,-1.0,-11.330001831054688,0.0,0.0,2.0,0.5,0.5
2025-11-18,228.1000061035156,230.1999969482422,222.4199981689453,222.5500030517578,60608400,0.0,0.0,0.005717303705469497,7.052465088728066,7.052465088728066,7.052465088728066,96.56999969482422,-1.0,-21.649993896484375,0.0,0.0,2.0,0.5,0.5
2025-11-19,223.7400054931641,223.7400054931641,218.52000427246097,222.69000244140625,58335600,0.0,0.0,0.005506367941234688,6.9215748124405705,6.9215748124405705,6.9215748124405705,96.70999908447266,-1.0,-21.509994506835938,0.0,0.0,2.0,0.5,0.5
2025-11-20,227.0500030517578,227.41000366210935,216.7400054931641,217.13999938964844,50309000,0.0,0.0,0.004630377040999755,7.189319337905191,7.189319337905191,7.189319337905191,91.15999603271484,-1.0,-27.05999755859375,0.0,0.0,2.0,0.5,0.5
2025-11-21,216.3500061035156,222.2100067138672,215.17999267578125,220.69000244140625,68435400,0.0,0.0,0.006401685116237204,7.177940387918102,7.177940387918102,7.177940387918102,94.70999908447266,-1.0,-23.509994506835938,0.0,0.0,2.0,0.5,0.5
