Date,Open,High,Low,Close,Volume,Dividends,Stock Splits,relative_volume,fast_trend_run,structural_direction,slow_trend_run,breaking_gap,fast_swing_ratio,slow_swing_ratio,p_up,p_down
2021-05-06,9.699999809265137,9.699999809265137,9.65999984741211,9.699999809265137,27300,0.0,0.0,0.0001123324868504593,0.07999992370605469,1.0,0.029999732971193183,0.0,0.0,0.089997711204931,0.0449988556024655,0.9550011443975345
2021-05-07,9.699999809265137,9.720000267028809,9.670000076293944,9.68000030517578,27300,0.0,0.0,0.00011210087921393259,0.06000041961669744,1.0,0.010000228881835938,0.0,0.0,0.010000381471908973,0.005000190735954486,0.9949998092640455
2021-05-10,9.670000076293944,9.720000267028809,9.65999984741211,9.710000038146973,15900,0.0,0.0,6.549186481443125e-05,0.09000015258789062,-1.0,0.029999732971193183,0.0,0.0,0.089997711204931,0.0449988556024655,0.9550011443975345
2021-05-12,9.699999809265137,9.699999809265137,9.670000076293944,9.699999809265137,80500,0.0,0.0,0.0003312368202000723,0.07999992370605469,1.0,0.019999504089357245,0.0,0.0,0.03999771122311899,0.019998855611559493,0.9800011443884405
2021-05-13,9.710000038146973,9.710000038146973,9.645000457763672,9.65999984741211,14200,0.0,0.0,5.8188406577718486e-05,0.039999961853027344,1.0,-0.0200004577636701,0.0,0.0,1.0000953720698798,0.5,0.5
2021-05-17,9.699999809265137,9.699999809265137,9.65999984741211,9.699999809265137,7300,0.0,0.0,3.0037624688950654e-05,0.07999992370605469,-1.0,0.039999961853027344,0.0,0.0,2.0,1.0,0.0
2021-05-18,9.720000267028809,9.720000267028809,9.65999984741211,9.670000076293944,7200,0.0,0.0,2.9534523922701354e-05,0.050000190734861505,1.0,-0.029999732971193183,0.0,0.0,0.562491059330351,0.5,0.5
2021-05-20,9.619999885559082,9.65999984741211,9.619999885559082,9.649999618530272,39000,0.0,0.0,0.00015964778741837528,0.02999973297118963,-1.0,-0.020000457763671875,0.0,0.0,0.2500119210824326,0.5,0.5
2021-05-24,9.649999618530272,9.649999618530272,9.619999885559082,9.640000343322754,59600,0.0,0.0,0.00024372176236787114,0.020000457763671875,-1.0,-0.009999275207517755,0.0,0.0,0.0624910596144798,0.5,0.5
2021-05-25,9.699999809265137,9.720000267028809,9.670000076293944,9.710000038146973,199600,0.0,0.0,0.0008221494476075772,0.09000015258789062,1.0,0.06999969482421875,0.0,0.0,2.0,1.0,0.0
2021-05-26,9.710000038146973,9.729999542236328,9.699999809265137,9.720000267028809,43400,0.0,0.0,0.00017894806520340253,0.10000038146972656,1.0,0.07999992370605469,0.0,0.0,2.0,1.0,0.0
2021-05-27,9.720000267028809,9.720000267028809,9.699999809265137,9.710000038146973,5800,0.0,0.0,2.3890114209037816e-05,0.09000015258789062,1.0,0.06999969482421875,0.0,0.0,2.0,1.0,0.0
2021-05-28,9.710000038146973,9.710000038146973,9.649999618530272,9.68000030517578,210300,0.0,0.0,0.0008635463332853488,0.06000041961669744,-1.0,-0.029999732971193183,0.05000019073486506,0.6944400293235579,0.1836718011493361,0.7908332460907372,0.20916675390926276
2021-06-01,9.710000038146973,9.710000038146973,9.65999984741211,9.68000030517578,50200,0.0,0.0,0.00020613421745565625,0.06000041961669744,-1.0,-0.029999732971193183,0.0,0.0,0.1836718011493361,0.5,0.5
2021-06-02,9.69499969482422,9.720000267028809,9.65999984741211,9.720000267028809,28400,0.0,0.0,0.00011709965557089013,0.10000038146972656,1.0,0.03999996185302912,0.010000228881835938,0.010000381471909328,1.7778060351583096,0.8939032083151095,0.1060967916848905
2021-06-03,9.6899995803833,9.720000267028809,9.68000030517578,9.710000038146973,42500,0.0,0.0,0.0001750568713593288,0.09000015258789062,1.0,0.029999732971193183,0.0,0.0,1.0,0.5,0.5
2021-06-04,9.699999809265137,9.892000198364258,9.687999725341797,9.8100004196167,3076100,0.0,0.0,0.0128008991606313,0.1900005340576172,1.0,0.13000011444091975,0.0,0.0,2.0,1.0,0.0
2021-06-07,9.81999969482422,9.859999656677246,9.789999961853027,9.81999969482422,2999000,0.0,0.0,0.012492775649843782,0.1999998092651385,1.0,0.13999938964844105,0.0,0.0,2.0,1.0,0.0
2021-06-08,9.829999923706056,9.859999656677246,9.8100004196167,9.81999969482422,1412000,0.0,0.0,0.005881893703761061,0.1999998092651385,1.0,0.13999938964844105,0.0,0.0,2.0,1.0,0.0
2021-06-09,9.829999923706056,9.850000381469728,9.81999969482422,9.829999923706056,277900,0.0,0.0,0.0011588122085022232,0.21000003814697443,1.0,0.149999618530277,0.0,0.0,2.0,1.0,0.0
2021-06-10,9.84000015258789,9.850000381469728,9.81999969482422,9.84000015258789,355600,0.0,0.0,0.0014843210901874188,0.2200002670288086,1.0,0.15999984741211115,0.0,0.0,2.0,1.0,0.0
2021-06-11,9.850000381469728,9.859999656677246,9.81999969482422,9.829999923706056,394900,0.0,0.0,0.0016466892448273767,0.21000003814697443,1.0,0.149999618530277,0.0,0.0,2.0,1.0,0.0
2021-06-14,9.850000381469728,9.859999656677246,9.8100004196167,9.84000015258789,731900,0.0,0.0,0.003055046698279448,0.2200002670288086,-1.0,0.010000228881834161,0.009999275207521308,0.0020658111974776396,0.11111817554041856,0.0565919933689481,0.943408006631052
2021-06-16,9.84000015258789,9.850000381469728,9.81999969482422,9.81999969482422,156200,0.0,0.0,0.00065067407686082,0.1999998092651385,1.0,-0.010000228881835938,0.0,0.0,1.0000000000003553,0.5,0.5
2021-06-18,9.84000015258789,9.859999656677246,9.8100004196167,9.84000015258789,388400,0.0,0.0,0.0016212325968188793,0.2200002670288086,1.0,0.010000228881834161,0.0,0.0,0.9999999999996447,0.49999999999982236,0.5000000000001776
2021-06-21,9.859999656677246,9.859999656677246,9.8149995803833,9.81999969482422,206700,0.0,0.0,0.0008610392553593565,0.1999998092651385,1.0,-0.010000228881835938,0.005000114440919745,0.0006250298027065145,1.0000000000003553,0.0006246393844750514,0.9993753606155249
2021-06-22,9.81999969482422,9.854999542236328,9.81999969482422,9.850000381469728,31700,0.0,0.0,0.0001324544367837727,0.2300004959106463,1.0,0.020000457763671875,0.0,0.0,2.0,1.0,0.0
2021-06-23,9.84000015258789,9.859999656677246,9.829999923706056,9.859999656677246,52400,0.0,0.0,0.00021916903102774945,0.23999977111816406,1.0,0.02999973297118963,0.0,0.0,2.0,1.0,0.0
2021-06-24,9.859999656677246,9.869999885559082,9.84000015258789,9.84000015258789,78100,0.0,0.0,0.0003259996545096665,0.2200002670288086,1.0,0.010000228881834161,0.0,0.0,0.9999999999996447,0.49999999999982236,0.5000000000001776
2021-06-25,9.859999656677246,9.859999656677246,9.84000015258789,9.850000381469728,67500,0.0,0.0,0.00028204020450803334,0.2300004959106463,1.0,0.020000457763671875,0.0,0.0,2.0,1.0,0.0
2021-06-28,9.859999656677246,9.869000434875488,9.84000015258789,9.850000381469728,493800,0.0,0.0,0.0020632807849787684,0.2300004959106463,1.0,0.020000457763671875,0.0,0.0,2.0,1.0,0.0
2021-06-29,9.869999885559082,9.869999885559082,9.850000381469728,9.850000381469728,45100,0.0,0.0,0.00018844464034536748,0.2300004959106463,1.0,0.020000457763671875,0.0,0.0,2.0,1.0,0.0
2021-06-30,9.859999656677246,9.859999656677246,9.850000381469728,9.850000381469728,48200,0.0,0.0,0.0002013975978857364,0.2300004959106463,1.0,0.020000457763671875,0.0,0.0,2.0,1.0,0.0
2021-07-01,9.850000381469728,9.85200023651123,9.81999969482422,9.829999923706056,192100,0.0,0.0,0.0008010357151971108,0.21000003814697443,-1.0,-0.020000457763671875,0.030000686645507812,0.02040909007285727,1.0,0.020000890105163666,0.9799991098948363
2021-07-02,9.829999923706056,9.84000015258789,9.829999923706056,9.829999923706056,31900,0.0,0.0,0.0001330194654595931,0.21000003814697443,-1.0,-0.020000457763671875,0.0,0.0,1.0,0.5,0.5
2021-07-06,9.81999969482422,9.84000015258789,9.81999969482422,9.84000015258789,103200,0.0,0.0,0.00043077035013313166,0.2200002670288086,-1.0,-0.010000228881837714,0.0,0.0,0.2500000000000888,0.5,0.5
2021-07-07,9.833999633789062,9.850000381469728,9.829999923706056,9.829999923706056,342200,0.0,0.0,0.0014269360840210895,0.21000003814697443,1.0,-0.010000228881834161,0.010000228881837714,0.0022676766747627246,0.24999999999991118,0.008989168587330098,0.9910108314126699
2021-07-09,9.84000015258789,9.84000015258789,9.81999969482422,9.81999969482422,17800,0.0,0.0,7.41485183618604e-05,0.1999998092651385,-1.0,-0.010000228881835938,0.0,0.0,0.25,0.5,0.5
2021-07-12,9.81999969482422,9.829999923706056,9.81999969482422,9.81999969482422,74300,0.0,0.0,0.00030950757945428245,0.1999998092651385,-1.0,-0.010000228881835938,0.0,0.0,0.25,0.5,0.5
2021-07-13,9.829999923706056,9.829999923706056,9.81999969482422,9.81999969482422,4700,0.0,0.0,1.957854136521033e-05,0.1999998092651385,-1.0,-0.010000228881835938,0.0,0.0,0.25,0.5,0.5
2021-07-14,9.829999923706056,9.829999923706056,9.81999969482422,9.81999969482422,60400,0.0,0.0,0.0002516050847784476,0.1999998092651385,-1.0,-0.010000228881835938,0.0,0.0,0.25,0.5,0.5
2021-07-15,9.81999969482422,9.829999923706056,9.81999969482422,9.81999969482422,59000,0.0,0.0,0.00024577317883987435,0.1999998092651385,-1.0,-0.010000228881835938,0.0,0.0,0.25,0.5,0.5
2021-07-16,9.81999969482422,9.850000381469728,9.81999969482422,9.850000381469728,39400,0.0,0.0,0.0001646279119646891,0.2300004959106463,1.0,0.030000686645507812,0.020000457763671875,0.007561750203713513,2.0,1.0,0.0
2021-07-19,9.81999969482422,9.84000015258789,9.8100004196167,9.829999923706056,167300,0.0,0.0,0.0006976224630529757,0.21000003814697443,-1.0,-0.020000457763671875,0.009999275207521308,0.0022672441802851374,0.4444444444444444,0.005075408228661302,0.9949245917713387
2021-07-20,9.821999549865724,9.84000015258789,9.8100004196167,9.81999969482422,85000,0.0,0.0,0.0003540800034133783,0.1999998092651385,-1.0,-0.030000686645507812,0.0,0.0,1.0,0.5,0.5
2021-07-21,9.81999969482422,9.829999923706056,9.81999969482422,9.824999809265137,40800,0.0,0.0,0.00017004494048616058,0.2049999237060547,-1.0,-0.02500057220459162,0.0,0.0,0.6944444444445431,0.5,0.5
2021-07-22,9.81999969482422,9.829999923706056,9.81999969482422,9.81999969482422,27900,0.0,0.0,0.0001162215540615677,0.1999998092651385,-1.0,-0.030000686645507812,0.0,0.0,1.0,0.5,0.5
2021-07-23,9.81999969482422,9.84000015258789,9.8149995803833,9.829999923706056,473400,0.0,0.0,0.0019740255469771592,0.21000003814697443,-1.0,-0.020000457763671875,0.010000228881834161,0.0022676766747611126,0.4444444444444444,0.005076371487479698,0.9949236285125203
2021-07-26,9.81999969482422,9.829999923706056,9.81999969482422,9.81999969482422,47300,0.0,0.0,0.0001970351077817976,0.1999998092651385,-1.0,-0.030000686645507812,0.0,0.0,1.0,0.5,0.5
2021-07-27,9.81999969482422,9.82900047302246,9.789999961853027,9.800000190734863,148600,0.0,0.0,0.0006177544667917931,0.18000030517578125,-1.0,-0.05000019073486506,0.0,0.0,2.0,0.5,0.5
2021-07-28,9.8100004196167,9.81999969482422,9.8100004196167,9.81999969482422,21600,0.0,0.0,8.99779773379879e-05,0.1999998092651385,-1.0,-0.030000686645507812,0.0,0.0,1.0,0.5,0.5
2021-07-29,9.8100004196167,9.8100004196167,9.765000343322754,9.779999732971191,141100,0.0,0.0,0.000585378621293953,0.15999984741210938,-1.0,-0.07000064849853693,0.0,0.0,2.0,0.5,0.5
2021-07-30,9.760000228881836,9.789999961853027,9.760000228881836,9.779999732971191,11100,0.0,0.0,4.605033803233791e-05,0.15999984741210938,-1.0,-0.07000064849853693,0.0,0.0,2.0,0.5,0.5
2021-08-02,9.770000457763672,9.789999961853027,9.760000228881836,9.760000228881836,49500,0.0,0.0,0.00020493966763723145,0.1400003433227539,-1.0,-0.0900001525878924,0.0,0.0,2.0,0.5,0.5
2021-08-03,9.760000228881836,9.779999732971191,9.729999542236328,9.75,99100,0.0,0.0,0.00040987296265744826,0.13000011444091797,-1.0,-0.10000038146972834,0.0,0.0,2.0,0.5,0.5
2021-08-04,9.75,9.75,9.729999542236328,9.729999542236328,298300,0.0,0.0,0.0012312240040914396,0.1099996566772461,-1.0,-0.12000083923340021,0.0,0.0,2.0,0.5,0.5
2021-08-05,9.770000457763672,9.779999732971191,9.739999771118164,9.75,341000,0.0,0.0,0.0014103600430493426,0.13000011444091797,1.0,0.020000457763671875,0.0,0.0,0.027778660810393478,0.013889330405196739,0.9861106695948033
2021-08-06,9.75,9.770000457763672,9.739999771118164,9.75,160400,0.0,0.0,0.000663406894149896,0.13000011444091797,1.0,0.020000457763671875,0.0,0.0,0.027778660810393478,0.013889330405196739,0.9861106695948033
2021-08-09,9.770000457763672,9.800000190734863,9.770000457763672,9.800000190734863,47100,0.0,0.0,0.00019580239156052125,0.18000030517578125,1.0,0.07000064849853516,0.0,0.0,0.34027932307432024,0.17013966153716012,0.8298603384628399
2021-08-10,9.829999923706056,9.829999923706056,9.800000190734863,9.829999923706056,145400,0.0,0.0,0.0006063018895869855,0.21000003814697443,1.0,0.10000038146972834,0.0,0.0,0.6944400293234717,0.34722001466173585,0.6527799853382641
2021-08-11,9.84000015258789,9.84000015258789,9.82800006866455,9.84000015258789,6500,0.0,0.0,2.713185344830771e-05,0.2200002670288086,1.0,0.1100006103515625,0.0,0.0,0.8402753494591102,0.4201376747295551,0.5798623252704449
2021-08-12,9.829999923706056,9.880000114440918,9.829999923706056,9.880000114440918,13300,0.0,0.0,5.574162064621832e-05,0.26000022888183594,1.0,0.15000057220458984,0.0,0.0,1.5624900659777559,0.7812450329888779,0.21875496701112207
2021-08-13,9.829999923706056,9.869000434875488,9.8100004196167,9.829999923706056,74400,0.0,0.0,0.00031023975643240523,0.21000003814697443,-1.0,-0.050000190734861505,0.017999649047851562,0.007346649617682127,0.11111111111110322,0.06201914988501791,0.9379808501149821
2021-08-16,9.829999923706056,9.829999923706056,9.812000274658203,9.81999969482422,24900,0.0,0.0,0.00010372461276462494,0.1999998092651385,-1.0,-0.06000041961669744,0.0,0.0,0.16000101725033108,0.5,0.5
2021-08-17,9.8100004196167,9.84000015258789,9.8100004196167,9.8100004196167,393000,0.0,0.0,0.0016354323234381526,0.1900005340576172,-1.0,-0.06999969482421875,0.0,0.0,0.21777421742179673,0.5,0.5
2021-08-18,9.81999969482422,9.84000015258789,9.81999969482422,9.81999969482422,50800,0.0,0.0,0.0002116148726282308,0.1999998092651385,-1.0,-0.06000041961669744,0.010000228881834161,0.0025001192108233933,0.16000101725033108,0.015385241391348923,0.9846147586086511
2021-08-19,9.829999923706056,9.829999923706056,9.81999969482422,9.81999969482422,20200,0.0,0.0,8.414607139941461e-05,0.1999998092651385,-1.0,-0.06000041961669744,0.0,0.0,0.16000101725033108,0.5,0.5
2021-08-20,9.81999969482422,9.82800006866455,9.800000190734863,9.8100004196167,253700,0.0,0.0,0.0010557485507792857,0.1900005340576172,-1.0,-0.06999969482421875,0.0,0.0,0.21777421742179673,0.5,0.5
2021-08-23,9.800000190734863,9.81999969482422,9.789999961853027,9.8149995803833,32800,0.0,0.0,0.00013656365440035262,0.19499969482421875,-1.0,-0.06500053405761719,0.0,0.0,0.18777943081059167,0.5,0.5
2021-08-24,9.8100004196167,9.81999969482422,9.8100004196167,9.8149995803833,29400,0.0,0.0,0.0001224076658344624,0.19499969482421875,-1.0,-0.06500053405761719,0.0,0.0,0.18777943081059167,0.5,0.5
2021-08-25,9.8100004196167,9.829999923706056,9.8100004196167,9.829999923706056,120500,0.0,0.0,0.0005024716485229144,0.21000003814697443,1.0,0.015000343322755683,0.010000228881835938,0.002267676674761919,0.05325600055737109,0.027761838616066504,0.9722381613839335
2021-08-26,9.84000015258789,9.84000015258789,9.81999969482422,9.829999923706056,161400,0.0,0.0,0.00067302011677675,0.21000003814697443,1.0,0.015000343322755683,0.0,0.0,0.05325600055737109,0.026628000278685546,0.9733719997213145
2021-08-27,9.81999969482422,9.84000015258789,9.81999969482422,9.84000015258789,19400,0.0,0.0,8.097814721494917e-05,0.2200002670288086,1.0,0.025000572204589844,0.0,0.0,0.14793333488155133,0.07396666744077567,0.9260333325592244
2021-08-30,9.829999923706056,9.84000015258789,9.81999969482422,9.835000038146973,31200,0.0,0.0,0.00013016671978595894,0.21500015258789062,1.0,0.020000457763671875,0.0,0.0,0.09467733432419284,0.04733866716209642,0.9526613328379036
2021-08-31,9.84000015258789,9.880000114440918,9.829999923706056,9.880000114440918,95500,0.0,0.0,0.00040024998283562775,0.26000022888183594,1.0,0.06500053405761719,0.0,0.0,1.0,0.5,0.5
2021-09-01,9.829999923706056,9.850000381469728,9.829999923706056,9.850000381469728,3600,0.0,0.0,1.5042144240428445e-05,0.2300004959106463,1.0,0.03500080108642756,0.0,0.0,0.28994933636787,0.144974668183935,0.855025331816065
2021-09-02,9.84000015258789,9.84000015258789,9.829999923706056,9.829999923706056,6900,0.0,0.0,2.877223547558597e-05,0.21000003814697443,1.0,0.015000343322755683,0.0,0.0,0.05325600055737109,0.026628000278685546,0.9733719997213145
2021-09-03,9.859999656677246,9.859999656677246,9.829999923706056,9.84000015258789,52700,0.0,0.0,0.00021997671949627943,0.2200002670288086,1.0,0.025000572204589844,0.0,0.0,0.14793333488155133,0.07396666744077567,0.9260333325592244
2021-09-07,9.829999923706056,9.850000381469728,9.81999969482422,9.829999923706056,87300,0.0,0.0,0.0003640313271041529,0.21000003814697443,-1.0,-0.010000228881834161,0.010000228881835938,0.002267676674761919,0.1599999999999432,0.013974913064835993,0.986025086935164
2021-09-08,9.829999923706056,9.850000381469728,9.81999969482422,9.850000381469728,21700,0.0,0.0,9.067070278258257e-05,0.2300004959106463,-1.0,0.010000228881837714,0.0,0.0,1.0000000000007105,0.5000000000003553,0.49999999999964473
2021-09-09,9.845999717712402,9.850000381469728,9.84000015258789,9.850000381469728,2400,0.0,0.0,1.002809616028563e-05,0.2300004959106463,-1.0,0.010000228881837714,0.0,0.0,1.0000000000007105,0.5000000000003553,0.49999999999964473
2021-09-13,9.81999969482422,9.869999885559082,9.81999969482422,9.854999542236328,7900,0.0,0.0,3.3025902961501905e-05,0.2349996566772461,-1.0,0.004999160766599786,0.0,0.0,0.2499046438455386,0.1249523219227693,0.8750476780772307
2021-09-14,9.829999923706056,9.869999885559082,9.829999923706056,9.84000015258789,20900,0.0,0.0,8.723934416455864e-05,0.2200002670288086,-1.0,-0.010000228881837714,0.010000228881834161,0.002066205267044158,2.0,0.0010320364339642596,0.9989679635660358
2021-09-16,9.850000381469728,9.899999618530272,9.81999969482422,9.890000343322754,245900,0.0,0.0,0.0010316344495438182,0.2700004577636719,1.0,0.05000019073486328,0.0,0.0,2.0,1.0,0.0
2021-09-17,9.880000114440918,9.880000114440918,9.850000381469728,9.850000381469728,3500,0.0,0.0,1.4624306900416544e-05,0.2300004959106463,1.0,0.010000228881837714,0.0,0.0,1.0,0.5,0.5
2021-09-20,9.890000343322754,9.890000343322754,9.850000381469728,9.850000381469728,16800,0.0,0.0,7.019667312199941e-05,0.2300004959106463,1.0,0.010000228881837714,0.0,0.0,1.0,0.5,0.5
2021-09-21,9.869999885559082,9.899999618530272,9.869999885559082,9.890000343322754,421200,0.0,0.0,0.0017670777964532583,0.2700004577636719,1.0,0.05000019073486328,0.0,0.0,2.0,1.0,0.0
2021-09-22,9.90999984741211,9.90999984741211,9.829999923706056,9.850000381469728,147700,0.0,0.0,0.0006171457511975781,0.2300004959106463,1.0,0.010000228881837714,0.020000457763671875,0.007561750203713513,1.0,0.5037808751018568,0.49621912489814324
2021-09-23,9.869999885559082,9.899999618530272,9.869999885559082,9.899999618530272,32000,0.0,0.0,0.0001343866589733732,0.27999973297118963,1.0,0.059999465942381036,0.0,0.0,2.0,1.0,0.0
2021-09-24,9.899999618530272,9.899999618530272,9.859999656677246,9.869999885559082,5900,0.0,0.0,2.4702457458339806e-05,0.25,-1.0,-0.02999973297118963,0.0,0.0,0.24999999999998518,0.5,0.5
2021-09-27,9.899999618530272,9.899999618530272,9.859999656677246,9.875,122700,0.0,0.0,0.0005139876308478153,0.25500011444091797,-1.0,-0.02499961853027166,0.0,0.0,0.17360890351902866,0.5,0.5
2021-09-28,9.859999656677246,9.878000259399414,9.850000381469728,9.850000381469728,25800,0.0,0.0,0.00010780203372307053,0.2300004959106463,-1.0,-0.04999923706054332,0.0,0.0,0.6944356140761146,0.5,0.5
2021-09-29,9.850000381469728,9.899999618530272,9.850000381469728,9.859999656677246,43500,0.0,0.0,0.00018194375667379963,0.23999977111816406,1.0,0.009999275207517755,0.0,0.0,0.0399954224243937,0.01999771121219685,0.9800022887878032
2021-10-05,9.859999656677246,9.869999885559082,9.859999656677246,9.869999885559082,6300,0.0,0.0,2.6377200336871317e-05,0.25,-1.0,0.010000228881835938,0.0,0.0,0.040003051862594466,0.020001525931297233,0.9799984740687028
2021-10-12,9.859999656677246,9.869999885559082,9.84000015258789,9.850000381469728,123000,0.0,0.0,0.0005139399282146385,0.2300004959106463,-1.0,-0.009999275207517755,0.0,0.0,0.9998092785963688,0.5,0.5
2021-10-13,9.850000381469728,9.880000114440918,9.850000381469728,9.869999885559082,12800,0.0,0.0,5.359177211300839e-05,0.25,1.0,0.019999504089353692,0.008000373840332031,0.0010240957053611055,2.0,1.0,0.0
2021-10-14,9.85200023651123,9.876999855041504,9.850000381469728,9.859999656677246,13800,0.0,0.0,5.7720088324101955e-05,0.23999977111816406,1.0,0.009999275207517755,0.0,0.0,1.0,0.5,0.5
2021-10-15,9.869999885559082,9.93000030517578,9.869999885559082,9.890000343322754,53900,0.0,0.0,0.00022612890130301668,0.2700004577636719,1.0,0.03999996185302557,0.0,0.0,2.0,1.0,0.0
2021-10-18,9.90999984741211,9.93000030517578,9.90999984741211,9.93000030517578,502500,0.0,0.0,0.0021166854705131416,0.31000041961669744,1.0,0.07999992370605113,0.0,0.0,2.0,1.0,0.0
2021-10-19,9.920000076293944,9.93000030517578,9.920000076293944,9.928999900817873,557100,0.0,0.0,0.002346441145866776,0.30900001525879084,1.0,0.07899951934814453,0.0,0.0,2.0,1.0,0.0
2021-10-20,9.890000343322754,9.90999984741211,9.869999885559082,9.890000343322754,83200,0.0,0.0,0.00034905240423768063,0.2700004577636719,-1.0,-0.038999557495118964,0.039999961853027344,0.021947757516057143,0.24370837889801944,0.08261716748694752,0.9173828325130525
2021-10-21,9.880000114440918,9.904999732971191,9.880000114440918,9.890000343322754,233300,0.0,0.0,0.0009787731479405156,0.2700004577636719,-1.0,-0.038999557495118964,0.0,0.0,0.24370837889801944,0.5,0.5
2021-10-22,9.890000343322754,9.920000076293944,9.869000434875488,9.90999984741211,1041100,0.0,0.0,0.004376602408741794,0.28999996185302734,-1.0,-0.019000053405763495,0.010000228881834161,0.0011891153864273083,0.057844323390411345,0.020143081803559938,0.97985691819644
2021-10-25,9.90999984741211,9.93000030517578,9.899999618530272,9.920000076293944,91400,0.0,0.0,0.0003846173506420449,0.3000001907348615,1.0,0.010000228881834161,0.025000572204588067,0.006944753508806774,0.27701943351738145,0.14198209351309413,0.8580179064869059
2021-10-26,9.920000076293944,9.9399995803833,9.904999732971191,9.9399995803833,207900,0.0,0.0,0.0008766209715873845,0.31999969482421875,1.0,0.029999732971191406,0.0,0.0,2.0,1.0,0.0
2021-10-27,9.93000030517578,9.949999809265137,9.920000076293944,9.9399995803833,51700,0.0,0.0,0.00021799569134712738,0.31999969482421875,1.0,0.029999732971191406,0.0,0.0,2.0,1.0,0.0
2021-10-28,9.9399995803833,9.949999809265137,9.90999984741211,9.949999809265137,375100,0.0,0.0,0.0015832195256686914,0.3299999237060547,-1.0,0.010000228881835938,0.0,0.0,0.2770194335174799,0.13850971675873994,0.8614902832412601
2021-10-29,9.9399995803833,9.970000267028809,9.93000030517578,9.970000267028809,326600,0.0,0.0,0.0013812819959086017,0.35000038146972656,1.0,0.020000457763671875,0.0,0.0,1.1080777340699195,0.5540388670349597,0.44596113296504025
2021-11-01,9.970000267028809,10.0,9.949999809265137,10.0,2434200,0.0,0.0,0.010325884402709104,0.38000011444091797,1.0,0.05000019073486328,0.0,0.0,2.0,1.0,0.0
2021-11-02,10.0,10.0,9.9399995803833,9.970000267028809,261200,0.0,0.0,0.0011046872545355994,0.35000038146972656,-1.0,-0.029999732971191406,0.0,0.0,0.3599908448196942,0.5,0.5
2021-11-03,9.958000183105469,9.984999656677246,9.9399995803833,9.970000267028809,195800,0.0,0.0,0.000828092513162597,0.35000038146972656,-1.0,-0.029999732971191406,0.0,0.0,0.3599908448196942,0.5,0.5
2021-11-04,9.979999542236328,9.989999771118164,9.93000030517578,9.979999542236328,79100,0.0,0.0,0.00033487135977022304,0.3599996566772461,-1.0,-0.020000457763671875,0.0,0.0,0.16000610355054926,0.5,0.5
2021-11-05,9.989999771118164,9.989999771118164,9.93000030517578,9.949999809265137,60900,0.0,0.0,0.00025704630528718554,0.3299999237060547,-1.0,-0.05000019073486328,0.005000114440917969,0.000229579026469222,1.0,0.0002295263320373638,0.9997704736679627
2021-11-08,9.989999771118164,9.989999771118164,9.960000038146973,9.970000267028809,676500,0.0,0.0,0.002861106155028074,0.35000038146972656,-1.0,-0.029999732971191406,0.0,0.0,0.3599908448196942,0.5,0.5
2021-11-09,9.979999542236328,9.989999771118164,9.970000267028809,9.970000267028809,364800,0.0,0.0,0.0015428403922457376,0.35000038146972656,-1.0,-0.029999732971191406,0.0,0.0,0.3599908448196942,0.5,0.5
2021-11-10,9.960000038146973,9.979999542236328,9.960000038146973,9.979999542236328,597300,0.0,0.0,0.002528680950578435,0.3599996566772461,-1.0,-0.020000457763671875,0.0,0.0,0.16000610355054926,0.5,0.5
2021-11-12,9.979999542236328,9.989999771118164,9.970000267028809,9.970000267028809,429600,0.0,0.0,0.0018168975671841252,0.35000038146972656,1.0,-0.009999275207519531,0.0,0.0,0.039993896740486846,0.5,0.5
2021-11-16,10.0,10.0,9.979999542236328,9.989999771118164,1709500,0.0,0.0,0.007244452749576983,0.36999988555908203,1.0,0.010000228881835938,0.0,0.0,1.000190757784868,0.500095378892434,0.49990462110756595
2021-11-18,9.989999771118164,10.0,9.970000267028809,9.989999771118164,636400,0.0,0.0,0.002696911219555889,0.36999988555908203,-1.0,0.010000228881835938,0.0,0.0,1.000190757784868,0.500095378892434,0.49990462110756595
2021-11-22,9.989999771118164,10.0,9.970000267028809,9.970000267028809,1769100,0.0,0.0,0.007482014632461443,0.35000038146972656,-1.0,-0.009999275207519531,0.0,0.0,0.9998092785967241,0.5,0.5
2021-11-29,9.970000267028809,9.979999542236328,9.949999809265137,9.949999809265137,899100,0.0,0.0,0.003794915157367956,0.3299999237060547,-1.0,-0.020000457763671875,0.0,0.0,2.0,0.5,0.5
2021-11-30,9.949999809265137,10.010000228881836,9.9399995803833,10.0,3535400,0.0,0.0,0.014997178423029237,0.38000011444091797,-1.0,0.029999732971191406,0.0279998779296875,0.0054293122705149945,2.0,1.0,0.0
2021-12-01,10.010000228881836,10.06999969482422,9.510000228881836,9.979999542236328,1122000,0.0,0.0,0.004750008415451204,0.3599996566772461,-1.0,0.009999275207519531,0.4399995803833008,1.4938271604938274,0.24995231964918102,0.8718897400715042,0.12811025992849578
2021-12-02,9.989999771118164,10.149999618530272,9.520000457763672,9.68000030517578,264900,0.0,0.0,0.001087748091713214,0.06000041961669744,1.0,-0.29999923706054865,0.4199991226196289,2.0,2.0,0.5,0.5
2021-12-03,9.75,9.880000114440918,9.539999961853027,9.75,150400,0.0,0.0,0.0006220473620956632,0.13000011444091797,1.0,-0.22999954223632812,0.0,0.0,2.0,0.5,0.5
2021-12-06,9.800000190734863,10.210000038146973,9.550000190734863,9.989999771118164,165100,0.0,0.0,0.0006996543720123778,0.36999988555908203,1.0,0.010000228881835938,0.060000419616700995,0.026296950921627343,0.001890453228050712,0.014093702074839027,0.9859062979251609
2021-12-07,10.0,10.0600004196167,9.960000038146973,10.029999732971191,106000,0.0,0.0,0.0004510012935254931,0.4099998474121094,1.0,0.05000019073486328,0.0,0.0,0.047259527883034246,0.023629763941517123,0.9763702360584828
2021-12-08,9.84000015258789,9.84000015258789,9.116000175476074,9.25,125800,0.0,0.0,0.0004936207125631603,-0.36999988555908203,-1.0,-0.7799997329711914,0.43400001525878906,1.3758665431820998,2.0,0.0,1.0
2021-12-09,9.119999885559082,9.420000076293944,8.050000190734863,8.079999923706055,402600,0.0,0.0,0.001379927050033632,-1.5399999618530273,-1.0,-1.9499998092651367,0.0,0.0,2.0,0.0,1.0
2021-12-10,8.050000190734863,8.279999732971191,7.065000057220459,7.150000095367432,497800,0.0,0.0,0.0015098435242889045,-2.4699997901916504,-1.0,-2.8799996376037598,0.0,0.0,2.0,0.0,1.0
2021-12-13,7.269999980926514,7.400000095367432,6.75,7.050000190734863,289600,0.0,0.0,0.0008660813506569759,-2.5699996948242188,-1.0,-2.979999542236328,0.0,0.0,2.0,0.0,1.0
2021-12-14,7.039999961853027,8.979999542236328,7.03000020980835,8.300000190734863,1359700,0.0,0.0,0.004787317162252697,-1.3199996948242188,1.0,1.25,0.6999998092651367,0.28122128072835234,0.17594933561973763,0.38486580136149806,0.6151341986385019
2021-12-15,8.579999923706055,8.890000343322754,7.533999919891357,8.430000305175781,592300,0.0,0.0,0.002118070072011338,-1.1899995803833008,1.0,1.380000114440918,0.0,0.0,0.21444990101059092,0.5,0.5
2021-12-16,8.380000114440918,8.519000053405762,7.599999904632568,8.010000228881836,315300,0.0,0.0,0.0010713404435172761,-1.609999656677246,1.0,0.9600000381469727,0.0,0.0,0.1037791491802014,0.5,0.5
2021-12-17,7.849999904632568,8.800000190734863,7.769999980926514,8.720000267028809,307400,0.0,0.0,0.0011370808936743777,-0.8999996185302734,1.0,1.6700000762939453,0.0,0.0,0.3140512940451902,0.5,0.5
2021-12-20,8.279999732971191,8.279999732971191,7.677000045776367,8.029999732971191,156200,0.0,0.0,0.000532068515867422,-1.5900001525878906,-1.0,-0.6900005340576172,0.0,0.0,0.17071271594480913,0.9146436420275954,0.08535635797240457
2021-12-21,7.949999809265137,8.180000305175781,7.119999885559082,7.269999980926514,215400,0.0,0.0,0.00066427989668369,-2.3499999046325684,-1.0,-1.450000286102295,0.0,0.0,0.7538816872570768,0.6230591563714616,0.3769408436285384
2021-12-22,7.309999942779541,7.510000228881836,6.610000133514404,6.829999923706055,188300,0.0,0.0,0.0005455593705222475,-2.7899999618530273,-1.0,-1.890000343322754,0.0,0.0,1.2808279147252588,0.3595860426373706,0.6404139573626294
2021-12-23,6.860000133514404,7.130000114440918,6.75,6.849999904632568,235600,0.0,0.0,0.0006845999330436402,-2.7699999809265137,-1.0,-1.8700003623962402,0.0,0.0,1.2538639018431046,0.3730680490784477,0.6269319509215523
2021-12-27,6.800000190734863,7.190000057220459,6.039999961853027,6.099999904632568,300300,0.0,0.0,0.0007770628760863229,-3.5199999809265137,-1.0,-2.6200003623962402,0.0,0.0,2.0,0.0,1.0
2021-12-28,6.179999828338623,6.199999809265137,6.0,6.010000228881836,162200,0.0,0.0,0.0004135198286320915,-3.609999656677246,-1.0,-2.7100000381469727,0.0,0.0,2.0,0.0,1.0
2021-12-29,6.039999961853027,6.309999942779541,5.949999809265137,6.079999923706055,173900,0.0,0.0,0.0004485120923752494,-3.5399999618530273,-1.0,-2.640000343322754,0.0,0.0,2.0,0.0,1.0
2021-12-30,5.980000019073486,6.199999809265137,5.900000095367432,5.940000057220459,197700,0.0,0.0,0.0004981545704757216,-3.679999828338623,-1.0,-2.7800002098083496,0.0,0.0,2.0,0.0,1.0
2021-12-31,5.900000095367432,6.039999961853027,5.519999980926514,5.659999847412109,235600,0.0,0.0,0.0005656694263520853,-3.9600000381469727,-1.0,-3.060000419616699,0.0,0.0,2.0,0.0,1.0
2022-01-03,5.659999847412109,5.860000133514404,5.630000114440918,5.860000133514404,111600,0.0,0.0,0.00027741684052271426,-3.7599997520446777,-1.0,-2.8600001335144043,0.0,0.0,2.0,0.0,1.0
2022-01-04,5.889999866485596,6.070000171661377,5.854000091552734,6.019999980926514,59700,0.0,0.0,0.00015245505247182993,-3.5999999046325684,1.0,0.15999984741210938,0.03000020980834961,6.944541946214358e-05,0.0031297311337614396,0.9782927205464268,0.02170727945357325
2022-01-05,6.019999980926514,6.091000080108643,5.690000057220459,5.71999979019165,119000,0.0,0.0,0.000288744669190193,-3.9000000953674316,1.0,-0.1400003433227539,0.0,0.0,0.7656302154202734,0.6171848922898633,0.3828151077101367
2022-01-06,5.639999866485596,5.800000190734863,5.130000114440918,5.28000020980835,184900,0.0,0.0,0.00041413491981675616,-4.339999675750732,-1.0,-0.4399995803833008,0.0,0.0,2.0,0.0,1.0
2022-01-07,5.300000190734863,5.300000190734863,5.079999923706055,5.119999885559082,58300,0.0,0.0,0.00012662209850372737,-4.5,-1.0,-0.5999999046325684,0.0,0.0,2.0,0.0,1.0
2022-01-10,5.010000228881836,5.260000228881836,4.809999942779541,5.010000228881836,196500,0.0,0.0,0.0004176103957325844,-4.609999656677246,-1.0,-0.7099995613098145,0.0,0.0,2.0,0.0,1.0
2022-01-11,5.0,5.2129998207092285,4.889999866485596,4.949999809265137,56100,0.0,0.0,0.00011779830575634746,-4.670000076293945,-1.0,-0.7699999809265137,0.0,0.0,2.0,0.0,1.0
2022-01-12,4.980000019073486,5.119999885559082,4.809999942779541,4.960000038146973,87300,0.0,0.0,0.00018368213736898536,-4.659999847412109,-1.0,-0.7599997520446777,0.0,0.0,2.0,0.0,1.0
2022-01-13,4.960000038146973,5.079999923706055,4.619999885559082,4.730000019073486,128000,0.0,0.0,0.0002568278480809251,-4.889999866485596,-1.0,-0.9899997711181641,0.0,0.0,2.0,0.0,1.0
2022-01-14,4.659999847412109,4.789999961853027,4.449999809265137,4.75,99000,0.0,0.0,0.0001994802046000311,-4.869999885559082,-1.0,-0.9699997901916504,0.0,0.0,2.0,0.0,1.0
2022-01-18,4.800000190734863,4.949999809265137,4.671999931335449,4.860000133514404,81400,0.0,0.0,0.0001678153514695503,-4.759999752044678,1.0,0.1100001335144043,0.0,0.0,0.012860064414491501,0.5,0.5
2022-01-19,4.909999847412109,5.019999980926514,4.820000171661377,5.019999980926514,46300,0.0,0.0,9.859518523807629e-05,-4.599999904632568,1.0,0.26999998092651367,0.0,0.0,0.07747903202940284,0.5,0.5
2022-01-20,5.0,5.440000057220459,5.0,5.269999980926514,135300,0.0,0.0,0.0003024679835223341,-4.349999904632568,1.0,0.5199999809265137,0.0,0.0,0.2873845224116976,0.5,0.5
2022-01-21,5.28000020980835,5.420000076293945,5.119999885559082,5.260000228881836,117700,0.0,0.0,0.0002626232833645165,-4.359999656677246,1.0,0.5100002288818359,0.0,0.0,0.2764378212110757,0.5,0.5
2022-01-24,5.139999866485596,5.71999979019165,5.110000133514404,5.590000152587891,141600,0.0,0.0,0.00033577323419454574,-4.029999732971191,1.0,0.8400001525878906,0.0,0.0,0.7499208859460023,0.5,0.5
2022-01-25,5.53000020980835,5.849999904632568,5.21999979019165,5.289999961853027,80400,0.0,0.0,0.00018041918572643854,-4.329999923706055,1.0,0.5399999618530273,0.0,0.0,0.3099161281176114,0.5,0.5
2022-01-26,5.329999923706055,5.389999866485596,5.25,5.300000190734863,53800,0.0,0.0,0.00012095648609596192,-4.319999694824219,1.0,0.5500001907348633,0.0,0.0,0.32150105289442676,0.5,0.5
2022-01-27,5.349999904632568,5.539999961853027,5.03000020980835,5.03000020980835,92700,0.0,0.0,0.0001977965617455487,-4.589999675750732,1.0,0.2800002098083496,0.18999958038330078,0.0017134836860561663,0.08332463748346605,0.9798504051772221,0.02014959482277792
2022-01-28,5.150000095367432,5.150000095367432,4.960000038146973,5.050000190734863,26000,0.0,0.0,5.569750527002158e-05,-4.569999694824219,-1.0,0.019999980926513672,0.28999996185302734,0.004026832261913004,0.00042512425347906356,0.09549155568102508,0.9045084443189749
2022-01-31,5.079999923706055,5.400000095367432,5.025000095367432,5.110000133514404,33100,0.0,0.0,7.174966968170562e-05,-4.509999752044678,1.0,0.059999942779541016,0.005000114440917969,1.2291555681315643e-06,0.0038261182813115716,0.9996788492321633,0.0003211507678366535
2022-02-01,5.150000095367432,5.5,5.119999885559082,5.159999847412109,97400,0.0,0.0,0.00021319629172571005,-4.460000038146973,1.0,0.1099996566772461,0.0,0.0,0.012859952921112673,0.5,0.5
2022-02-03,5.110000133514404,5.230999946594238,5.039999961853027,5.170000076293945,21500,0.0,0.0,4.715198823929354e-05,-4.449999809265137,-1.0,0.010000228881835938,0.0,0.0,0.00010628613131103569,0.5,0.5
2022-02-04,5.099999904632568,5.300000190734863,4.989999771118164,5.289999961853027,59200,0.0,0.0,0.0001328459675995667,-4.329999923706055,-1.0,0.13000011444091797,0.07000017166137695,0.0002613499568133389,0.017961565592001974,0.9856581700050555,0.014341829994944443
2022-02-07,5.210000038146973,5.349999904632568,5.159999847412109,5.199999809265137,36700,0.0,0.0,8.095438777142921e-05,-4.420000076293945,1.0,-0.09000015258789062,0.0,0.0,0.4792907221724888,0.7603546389137557,0.2396453610862444
2022-02-08,5.199999809265137,5.199999809265137,4.909999847412109,5.079999923706055,61800,0.0,0.0,0.00013317514601256738,-4.539999961853027,-1.0,-0.11999988555908203,0.0,0.0,0.8520678805449536,0.5739660597275231,0.4260339402724768
2022-02-09,5.059999942779541,5.195000171661377,4.860000133514404,4.929999828338623,85500,0.0,0.0,0.00017880679535183758,-4.690000057220459,-1.0,-0.26999998092651367,0.0,0.0,2.0,0.0,1.0
2022-02-10,4.920000076293945,5.019999980926514,4.690000057220459,4.730000019073486,69300,0.0,0.0,0.00013904820212506336,-4.889999866485596,-1.0,-0.4699997901916504,0.0,0.0,2.0,0.0,1.0
2022-02-11,4.710000038146973,4.809999942779541,4.550000190734863,4.610000133514404,73700,0.0,0.0,0.00014412503527311065,-5.009999752044678,-1.0,-0.5899996757507324,0.0,0.0,2.0,0.0,1.0
2022-02-14,4.53000020980835,4.980000019073486,4.53000020980835,4.840000152587891,65200,0.0,0.0,0.00013386405356682063,-4.779999732971191,-1.0,-0.3599996566772461,0.0,0.0,2.0,0.0,1.0
2022-02-15,4.809999942779541,5.28000020980835,4.78000020980835,5.199999809265137,80700,0.0,0.0,0.00017801141943199828,-4.420000076293945,1.0,0.3599996566772461,0.4700002670288086,0.01130711100208844,1.0,0.9888193102974581,0.011180689702541893
2022-02-16,5.190000057220459,5.320000171661377,5.139999866485596,5.25,42100,0.0,0.0,9.375887766448032e-05,-4.369999885559082,1.0,0.4099998474121094,0.0,0.0,1.2970694097490596,0.5,0.5
2022-02-17,5.230000019073486,5.34499979019165,4.989999771118164,5.190000057220459,73400,0.0,0.0,0.0001615974202219599,-4.429999828338623,1.0,0.34999990463256836,0.0,0.0,0.9452173371390539,0.5,0.5
2022-02-18,5.090000152587891,5.173999786376953,4.949999809265137,5.099999904632568,34700,0.0,0.0,7.507073077711357e-05,-4.519999980926514,-1.0,-0.09000015258789062,0.19000005722045898,0.0017669757835601498,0.06612270922457192,0.966055157495934,0.033944842504066035
2022-02-22,5.0,5.15500020980835,4.900000095367432,5.010000228881836,24200,0.0,0.0,5.143089860930556e-05,-4.609999656677246,-1.0,-0.17999982833862305,0.0,0.0,0.26448943557964144,0.8677552822101793,0.13224471778982072
2022-02-23,5.0,5.214000225067139,5.0,5.210000038146973,34400,0.0,0.0,7.602688027858594e-05,-4.409999847412109,1.0,0.19999980926513672,0.04000043869018555,8.227205773988715e-05,1.234567901234568,0.9999333640738732,6.663592612675149e-05
2022-02-24,5.210000038146973,6.289999961853027,4.980000019073486,5.5,449000,0.0,0.0,0.0010475627118761866,-4.119999885559082,1.0,0.48999977111816406,0.0,0.0,2.0,0.5,0.5
2022-02-25,5.880000114440918,6.440000057220459,5.329999923706055,6.059999942779541,800400,0.0,0.0,0.0020575514360039473,-3.559999942779541,1.0,1.049999713897705,0.0,0.0,2.0,0.5,0.5
2022-02-28,6.179999828338623,6.639999866485596,5.389999866485596,5.78000020980835,449600,0.0,0.0,0.0011023643439629562,-3.8399996757507324,1.0,0.7699999809265137,0.0,0.0,2.0,0.5,0.5
2022-03-01,5.78000020980835,5.989999771118164,5.690000057220459,5.840000152587891,84400,0.0,0.0,0.00020908665070819006,-3.7799997329711914,1.0,0.8299999237060547,0.0,0.0,2.0,0.5,0.5
2022-03-02,5.980000019073486,7.110000133514404,5.769999980926514,6.679999828338623,949500,0.0,0.0,0.002690558388080086,-2.940000057220459,1.0,1.669999599456787,0.0,0.0,2.0,0.5,0.5
2022-03-03,6.599999904632568,7.460000038146973,6.420000076293945,7.460000038146973,547700,0.0,0.0,0.0017332155285298446,-2.1599998474121094,1.0,2.4499998092651367,0.0,0.0,2.0,0.5,0.5
2022-03-04,7.309999942779541,8.194000244140625,7.170000076293945,7.75,573800,0.0,0.0,0.0018863976519853443,-1.869999885559082,1.0,2.739999771118164,0.0,0.0,2.0,0.5,0.5
2022-03-07,7.949999809265137,9.710000038146973,7.78000020980835,9.609999656677246,1107300,0.0,0.0,0.004513980439735425,-0.010000228881835938,1.0,4.59999942779541,0.0,0.0,2.0,0.5,0.5
2022-03-08,9.460000038146973,9.5,7.0,7.929999828338623,1051700,0.0,0.0,0.003537822605479978,-1.690000057220459,-1.0,-1.679999828338623,0.1700000762939453,0.010118701720156211,0.13338374883683637,0.9282487747215037,0.0717512252784963
2022-03-09,7.920000076293945,9.130000114440918,7.550000190734863,8.539999961853027,526400,0.0,0.0,0.0019069739046140603,-1.0799999237060547,-1.0,-1.0699996948242188,0.0,0.0,0.05410678789023182,0.9729466060548841,0.02705339394511591
2022-03-10,8.270000457763672,9.43000030517578,8.270000457763672,8.609999656677246,468600,0.0,0.0,0.0017114980913899283,-1.010000228881836,1.0,0.06999969482421875,0.0,0.0,0.004279814892591917,0.5,0.5
2022-03-11,8.800000190734863,10.5,8.489999771118164,9.460000038146973,1085600,0.0,0.0,0.004356442373072692,-0.15999984741210938,1.0,0.9200000762939453,0.0,0.0,0.7392790839255398,0.5,0.5
2022-03-14,10.369999885559082,10.369999885559082,8.4399995803833,8.479999542236328,408800,0.0,0.0,0.0014705429611098174,-1.140000343322754,-1.0,-0.9800004959106445,0.0,0.0,1.1346890509173897,0.43265547454130515,0.5673445254586948
2022-03-15,8.699999809265137,8.699999809265137,7.550000190734863,8.15999984741211,335200,0.0,0.0,0.0011602862919418313,-1.4600000381469727,-1.0,-1.3000001907348633,0.0,0.0,1.9966921261972028,0.0016539369013985894,0.9983460630986014
2022-03-16,8.34000015258789,8.760000228881836,7.909999847412109,8.449999809265137,218600,0.0,0.0,0.0007835701035912469,-1.1700000762939453,1.0,0.28999996185302734,0.0,0.0,0.04976328591515521,0.5,0.5
2022-03-17,8.4399995803833,9.0600004196167,8.289999961853027,8.289999961853027,708900,0.0,0.0,0.002492932420787143,-1.3299999237060547,1.0,0.13000011444091797,0.0,0.0,0.010000014671915788,0.5,0.5
2022-03-18,6.960000038146973,6.960000038146973,6.210000038146973,6.440000057220459,973000,0.0,0.0,0.002658090187675722,-3.179999828338623,-1.0,-1.8499999046325684,1.6999998092651367,0.28578771246340157,2.0,0.0,1.0
2022-03-21,6.550000190734863,6.599999904632568,6.150000095367432,6.170000076293945,501400,0.0,0.0,0.001312322272895914,-3.4499998092651367,-1.0,-2.119999885559082,0.0,0.0,2.0,0.0,1.0
2022-03-22,6.25,6.420000076293945,5.920000076293945,6.199999809265137,349000,0.0,0.0,0.0009178846431363206,-3.4200000762939453,-1.0,-2.0900001525878906,0.0,0.0,2.0,0.0,1.0
2022-03-23,6.199999809265137,6.480000019073486,6.010000228881836,6.289999961853027,322700,0.0,0.0,0.0008610346106923084,-3.3299999237060547,1.0,0.09000015258789062,0.0,0.0,0.001854359168311403,0.5,0.5
2022-03-24,6.429999828338623,7.466000080108643,6.300000190734863,7.329999923706055,274100,0.0,0.0,0.0008522833542609297,-2.2899999618530273,1.0,1.130000114440918,0.0,0.0,0.2923239102097501,0.5,0.5
2022-03-25,7.150000095367432,7.65500020980835,6.900000095367432,7.559999942779541,170500,0.0,0.0,0.0005467857356282862,-2.059999942779541,1.0,1.3600001335144043,0.0,0.0,0.4234335507625532,0.5,0.5
2022-03-28,7.849999904632568,8.119999885559082,7.409999847412109,7.46999979019165,253200,0.0,0.0,0.0008023341760855623,-2.1500000953674316,1.0,1.2699999809265137,0.0,0.0,0.36924514458056473,0.5,0.5
2022-03-29,7.369999885559082,8.039999961853027,6.889999866485596,7.0,188600,0.0,0.0,0.0005600292740307517,-2.619999885559082,-1.0,-0.4699997901916504,0.010000228881835938,1.4568583769222956e-05,0.13695815575383463,0.9315136378311981,0.06848636216880193
2022-03-30,7.320000171661377,8.270000457763672,7.309999942779541,8.270000457763672,680200,0.0,0.0,0.0023862347282497904,-1.3499994277954102,1.0,1.2700004577636719,0.15000057220458984,0.012345783668229544,2.0,0.9938649789869985,0.006135021013001492
2022-03-31,8.329999923706055,8.479999542236328,7.989999771118164,8.239999771118164,302200,0.0,0.0,0.001056313086916749,-1.380000114440918,1.0,1.239999771118164,0.0,0.0,2.0,0.5,0.5
2022-04-01,8.819999694824219,8.979999542236328,8.039999961853027,8.359999656677246,224600,0.0,0.0,0.0007965022597905357,-1.260000228881836,1.0,1.359999656677246,0.0,0.0,2.0,0.5,0.5
2022-04-04,8.720000267028809,8.899999618530273,8.369999885559082,8.739999771118164,186000,0.0,0.0,0.0006895970043885571,-0.880000114440918,1.0,1.739999771118164,0.0,0.0,2.0,0.5,0.5
2022-04-05,8.789999961853027,11.270000457763672,8.789999961853027,10.34000015258789,2104700,0.0,0.0,0.009231701362534058,0.7200002670288086,1.0,3.3400001525878906,0.0,0.0,2.0,1.0,0.0
2022-04-06,14.6899995803833,16.1200008392334,10.279999732971191,10.369999885559082,18016500,0.0,0.0,0.07925381528922203,0.75,1.0,3.369999885559082,0.0,0.0,2.0,1.0,0.0
2022-04-07,10.970000267028809,12.729999542236328,10.5,11.539999961853027,5024900,0.0,0.0,0.0245982511558862,1.9200000762939453,1.0,4.539999961853027,0.0,0.0,2.0,1.0,0.0
2022-04-08,11.779999732971191,14.039999961853027,11.399999618530272,11.579999923706056,4901500,0.0,0.0,0.024077343255656126,1.9600000381469744,1.0,4.5799999237060565,0.0,0.0,2.0,1.0,0.0
2022-04-11,11.170000076293944,12.699999809265137,10.619999885559082,12.31999969482422,1508600,0.0,0.0,0.0078841667534461,2.6999998092651385,-1.0,0.7399997711181641,0.0,0.0,2.0,1.0,0.0
2022-04-12,11.789999961853027,12.289999961853027,10.81999969482422,11.739999771118164,590300,0.0,0.0,0.0029397599734430962,2.119999885559082,-1.0,0.1599998474121076,0.5799999237060511,0.07484868899470798,0.11588942520410823,0.0953690570994081,0.9046309429005919
2022-04-13,11.989999771118164,13.109999656677246,11.760000228881836,12.6899995803833,853400,0.0,0.0,0.004593939241662667,3.0699996948242188,1.0,0.9499998092651367,0.0,0.0,2.0,1.0,0.0
2022-04-14,12.529999732971191,13.59000015258789,12.380000114440918,12.630000114440918,823600,0.0,0.0,0.004412560705380439,3.010000228881836,1.0,0.8900003433227539,0.0,0.0,2.0,1.0,0.0
2022-04-18,12.760000228881836,12.93000030517578,11.56999969482422,11.630000114440918,578500,0.0,0.0,0.0028540007509754465,2.010000228881836,-1.0,-1.0,0.1900005340576154,0.008935470587512095,1.262465886237394,0.007028048648482498,0.9929719513515175
2022-04-19,11.699999809265137,12.18000030517578,10.970000267028809,11.130000114440918,466500,0.0,0.0,0.0022025096386233192,1.510000228881836,-1.0,-1.5,0.0,0.0,2.0,0.5,0.5
2022-04-20,10.970000267028809,11.949999809265137,10.970000267028809,11.670000076293944,294400,0.0,0.0,0.0014574030206362572,2.0500001907348615,-1.0,-0.9600000381469744,0.0,0.0,1.1634886532221518,0.5,0.5
2022-04-21,11.710000038146973,12.100000381469728,11.270000457763672,11.800000190734863,289500,0.0,0.0,0.001449110766505078,2.1800003051757812,1.0,0.13000011444091975,0.0,0.0,0.018337704439625162,0.009168852219812581,0.9908311477801874
2022-04-22,11.5,12.388999938964844,8.109999656677246,8.550000190734863,1007400,0.0,0.0,0.0036537520472189116,-1.0699996948242188,1.0,-3.1199998855590803,2.8600006103515625,2.0,2.0,0.0,1.0
2022-04-25,9.550000190734863,10.34000015258789,8.399999618530273,10.100000381469728,594400,0.0,0.0,0.0025466613178846795,0.4800004959106463,1.0,-1.5699996948242152,0.0,0.0,2.0,0.5,0.5
2022-04-26,9.899999618530272,10.25,9.649999618530272,9.960000038146973,148700,0.0,0.0,0.0006282627477189318,0.3400001525878906,1.0,-1.7100000381469709,0.0,0.0,2.0,0.5,0.5
2022-04-27,9.760000228881836,10.850000381469728,9.550000190734863,10.600000381469728,212000,0.0,0.0,0.0009532630130982874,0.9800004959106463,1.0,-1.0699996948242152,0.5100002288818377,0.2708246253873624,2.0,0.11926267768968046,0.8807373223103195
2022-04-28,10.40999984741211,10.770000457763672,10.093000411987305,10.43000030517578,98800,0.0,0.0,0.00043713166437354446,0.8100004196166974,1.0,-1.239999771118164,0.5200004577636719,0.4121325955117384,2.0,0.17085818427999963,0.8291418157200003
2022-04-29,10.029999732971191,10.380000114440918,9.56999969482422,10.010000228881836,113200,0.0,0.0,0.0004806749779208072,0.3900003433227539,-1.0,-0.42000007629394354,0.0,0.0,2.0,0.5,0.5
2022-05-02,9.8100004196167,11.020000457763672,9.779000282287598,10.670000076293944,151600,0.0,0.0,0.0006861745791015456,1.0500001907348615,1.0,0.6599998474121076,0.25,0.05668932180814063,2.0,1.0,0.0
2022-05-03,10.630000114440918,11.609999656677246,10.520000457763672,11.100000381469728,352500,0.0,0.0,0.0016597898934024276,1.4800004959106463,1.0,1.0900001525878924,0.0,0.0,2.0,1.0,0.0
2022-05-04,10.93000030517578,11.38599967956543,10.0600004196167,10.56999969482422,246900,0.0,0.0,0.001107049564616775,0.9499998092651385,-1.0,-0.5300006866455078,0.0,0.0,0.23642845652618713,0.5,0.5
2022-05-05,10.489999771118164,10.920000076293944,10.1850004196167,10.34000015258789,126200,0.0,0.0,0.0005535424107719856,0.7200002670288086,-1.0,-0.7600002288818377,0.0,0.0,0.48615452081913485,0.5,0.5
2022-05-06,10.18000030517578,10.289999961853027,9.84000015258789,10.06999969482422,76700,0.0,0.0,0.0003276391737958358,0.4499998092651385,-1.0,-1.0300006866455078,0.0,0.0,0.8929392454014414,0.5,0.5
2022-05-09,9.850000381469728,9.979999542236328,8.0600004196167,8.239999771118164,257300,0.0,0.0,0.0008993691504423546,-1.380000114440918,-1.0,-2.8600006103515643,0.0,0.0,2.0,0.0,1.0
2022-05-10,8.489999771118164,8.760000228881836,7.639999866485596,8.010000228881836,129200,0.0,0.0,0.0004390015391767589,-1.609999656677246,-1.0,-3.0900001525878924,0.0,0.0,2.0,0.0,1.0
2022-05-11,7.989999771118164,8.130000114440918,7.349999904632568,7.5,87000,0.0,0.0,0.00027679071451678955,-2.119999885559082,-1.0,-3.6000003814697283,0.0,0.0,2.0,0.0,1.0
2022-05-12,7.349999904632568,7.599999904632568,7.135000228881836,7.400000095367432,90200,0.0,0.0,0.0002831452390906664,-2.2199997901916504,-1.0,-3.7000002861022967,0.0,0.0,2.0,0.0,1.0
2022-05-13,7.559999942779541,7.71999979019165,7.420000076293945,7.639999866485596,56200,0.0,0.0,0.00018213804357661783,-1.9800000190734863,1.0,0.23999977111816406,0.0,0.0,0.004207442018185206,0.5,0.5
2022-05-16,7.539999961853027,7.860000133514404,7.25,7.329999923706055,81700,0.0,0.0,0.0002540370304382268,-2.2899999618530273,1.0,-0.07000017166137695,0.0,0.0,0.08507002393558594,0.957464988032207,0.04253501196779297
2022-05-17,7.269999980926514,7.6479997634887695,7.150000095367432,7.599999904632568,95400,0.0,0.0,0.00030756220250574177,-2.0199999809265137,-1.0,0.26999998092651367,0.0,0.0,2.0,0.5,0.5
2022-05-18,7.699999809265137,9.720000267028809,7.439000129699707,9.210000038146973,961500,0.0,0.0,0.0037564699698772607,-0.4099998474121094,1.0,1.6100001335144043,0.0,0.0,2.0,0.5,0.5
2022-05-19,9.210000038146973,10.258000373840332,8.880000114440918,9.699999809265137,786500,0.0,0.0,0.003236245454501327,0.07999992370605469,1.0,2.0999999046325684,0.0,0.0,2.0,1.0,0.0
2022-05-20,10.149999618530272,10.300000190734863,9.09000015258789,10.0,575100,0.0,0.0,0.0024395760907066,0.38000011444091797,1.0,2.4000000953674316,0.0,0.0,2.0,1.0,0.0
2022-05-23,9.979999542236328,10.520000457763672,9.267000198364258,10.119999885559082,511300,0.0,0.0,0.0021949634915068264,0.5,1.0,2.5199999809265137,0.0,0.0,2.0,1.0,0.0
2022-05-24,7.909999847412109,7.989999771118164,6.019999980926514,6.110000133514404,878500,0.0,0.0,0.0022769525814264765,-3.5099997520446777,-1.0,-4.009999752044678,3.070000171661377,0.7650021010867575,2.0,0.0,1.0
2022-05-25,6.360000133514404,7.199999809265137,6.210000038146973,6.519999980926514,555700,0.0,0.0,0.0015369473554601787,-3.0999999046325684,-1.0,-3.5999999046325684,0.0,0.0,2.0,0.0,1.0
2022-05-26,6.25,6.454999923706055,5.704999923706055,5.78000020980835,450600,0.0,0.0,0.0011048162219521977,-3.8399996757507324,-1.0,-4.339999675750732,0.0,0.0,2.0,0.0,1.0
2022-05-27,5.889999866485596,5.889999866485596,5.079999923706055,5.380000114440918,381400,0.0,0.0,0.0008704302475113584,-4.239999771118164,-1.0,-4.739999771118164,0.0,0.0,2.0,0.0,1.0
2022-05-31,5.369999885559082,5.739999771118164,5.230000019073486,5.329999923706055,297400,0.0,0.0,0.000672417747908416,-4.289999961853027,-1.0,-4.789999961853027,0.0,0.0,2.0,0.0,1.0
2022-06-01,5.28000020980835,5.690000057220459,5.119999885559082,5.170000076293945,227000,0.0,0.0,0.0004978372711776575,-4.449999809265137,-1.0,-4.949999809265137,0.0,0.0,2.0,0.0,1.0
2022-06-02,5.0,5.440000057220459,4.96999979019165,5.440000057220459,241600,0.0,0.0,0.0005575281947567166,-4.179999828338623,-1.0,-4.679999828338623,0.0,0.0,2.0,0.0,1.0
2022-06-03,5.340000152587891,5.5,5.199999809265137,5.369999885559082,118800,0.0,0.0,0.0002706211391680343,-4.25,1.0,-0.07000017166137695,0.0,0.0,0.0007716087343785077,0.9996141956328107,0.00038580436718925384
2022-06-06,5.460000038146973,5.619999885559082,4.909999847412109,4.989999771118164,232700,0.0,0.0,0.0004925699457555683,-4.630000114440918,1.0,-0.4500002861022949,0.17999982833862305,0.0015114096068115435,0.031887796132138595,0.983300397130525,0.01669960286947507
2022-06-07,4.989999771118164,5.340000152587891,4.744999885559082,5.03000020980835,338500,0.0,0.0,0.0007222668408939399,-4.589999675750732,-1.0,0.04000043869018555,0.0,0.0,0.007901397831404438,0.5,0.5
2022-06-08,4.929999828338623,5.25,4.840000152587891,5.110000133514404,282500,0.0,0.0,0.0006123650055915963,-4.509999752044678,-1.0,0.12000036239624023,0.06999969482421875,0.0002409013630352542,0.07111145019550114,0.9966237782249178,0.0033762217750822458
2022-06-09,5.010000228881836,5.360000133514404,5.010000228881836,5.159999847412109,193200,0.0,0.0,0.0004228903856407308,-4.460000038146973,1.0,0.04999971389770508,0.0,0.0,0.012345522029517953,0.5,0.5
2022-06-10,5.150000095367432,5.392000198364258,4.920000076293945,4.940000057220459,177000,0.0,0.0,0.0003709122877586707,-4.679999828338623,1.0,-0.1700000762939453,0.0,0.0,2.0,0.0,1.0
2022-06-13,4.860000133514404,4.860000133514404,4.385000228881836,4.519999980926514,439600,0.0,0.0,0.0008428826560894043,-5.099999904632568,-1.0,-0.4200000762939453,0.0,0.0,2.0,0.0,1.0
2022-06-14,4.429999828338623,4.465000152587891,4.216000080108643,4.369999885559082,120800,0.0,0.0,0.00022393365088746694,-5.25,-1.0,-0.570000171661377,0.0,0.0,2.0,0.0,1.0
2022-06-15,4.510000228881836,4.510000228881836,4.050000190734863,4.059999942779541,227300,0.0,0.0,0.0003914681774762402,-5.559999942779541,-1.0,-0.880000114440918,0.0,0.0,2.0,0.0,1.0
2022-06-16,4.0,4.170000076293945,3.859999895095825,3.990000009536743,220500,0.0,0.0,0.00037320932913463404,-5.629999876022339,-1.0,-0.9500000476837158,0.0,0.0,2.0,0.0,1.0
2022-06-17,4.059999942779541,4.426000118255615,4.0,4.050000190734863,314800,0.0,0.0,0.0005408299926214149,-5.569999694824219,1.0,0.06000018119812012,0.0,0.0,0.003988943360014092,0.5,0.5
2022-06-21,4.0,4.058000087738037,3.910000085830689,3.9200000762939458,182300,0.0,0.0,0.0003031403480380724,-5.699999809265137,-1.0,-0.13000011444091752,0.0,0.0,2.0,0.0,1.0
2022-06-22,3.7200000286102295,4.0,3.6700000762939458,3.9700000286102295,254400,0.0,0.0,0.00042842876072597414,-5.6499998569488525,-1.0,-0.08000016212463379,0.0,0.0,1.7777742456631016,0.1111128771684492,0.8888871228315508
2022-06-23,3.930000066757202,4.005000114440918,3.8299999237060542,3.869999885559082,148000,0.0,0.0,0.00024296497311656893,-5.75,1.0,-0.10000014305114746,0.0,0.0,2.0,0.0,1.0
2022-06-24,3.819999933242798,3.888999938964844,3.690000057220459,3.7699999809265137,247300,0.0,0.0,0.0003954908727102238,-5.849999904632568,-1.0,-0.09999990463256836,0.0,0.0,2.0,0.0,1.0
2022-06-27,3.7899999618530273,4.0,3.700000047683716,3.75,133700,0.0,0.0,0.00021268343983272853,-5.869999885559082,1.0,-0.019999980926513672,0.0,0.0,0.1111102280837578,0.9444448859581211,0.0555551140418789
2022-06-28,3.690000057220459,3.799999952316284,3.6679999828338623,3.7300000190734863,98800,0.0,0.0,0.00015632800275584138,-5.889999866485596,-1.0,-0.019999980926513672,0.0,0.0,0.1111102280837578,0.9444448859581211,0.0555551140418789
2022-06-30,3.7200000286102295,3.7699999809265137,3.569999933242798,3.680000066757202,76900,0.0,0.0,0.00012004530161452275,-5.93999981880188,-1.0,-0.06999993324279785,0.0,0.0,1.361100294026033,0.3194498529869835,0.6805501470130165
2022-07-01,3.6700000762939458,3.809999942779541,3.609999895095825,3.6700000762939458,128000,0.0,0.0,0.00019927235058151937,-5.949999809265137,1.0,-0.009999990463256392,0.029999971389770508,2.5421886620669304e-05,0.02777755702093698,0.9860985105462212,0.013901489453778825
2022-07-06,3.660000085830689,3.744999885559082,3.569999933242798,3.640000104904175,48700,0.0,0.0,7.519714604603812e-05,-5.979999780654907,1.0,-0.029999971389770952,0.0,0.0,0.24999801318846246,0.8750009934057688,0.12499900659423123
2022-07-07,3.660000085830689,3.759999990463257,3.5799999237060547,3.640000104904175,82600,0.0,0.0,0.00012754177132243835,-5.979999780654907,1.0,-0.029999971389770952,0.04999995231628418,6.990960433969582e-05,0.24999801318846246,0.8749660386035989,0.12503396139640108
2022-07-08,3.690000057220459,3.839999914169311,3.634999990463257,3.690000057220459,115500,0.0,0.0,0.0001807920619199735,-5.929999828338623,1.0,0.019999980926513228,0.09500002861022905,0.0002566481337485752,0.44444444444441156,0.9994228749647079,0.0005771250352920305
2022-07-11,3.6700000762939458,3.759999990463257,3.569999933242798,3.609999895095825,96000,0.0,0.0,0.00014701086166350107,-6.009999990463257,-1.0,-0.08000016212463379,0.009999990463256836,2.76853634354804e-06,2.0,0.0,1.0
2022-07-12,3.650000095367432,3.650000095367432,3.4600000381469727,3.509999990463257,84400,0.0,0.0,0.00012566680185214198,-6.109999895095825,-1.0,-0.18000006675720215,0.0,0.0,2.0,0.0,1.0
2022-07-13,3.509999990463257,3.680000066757202,3.440000057220459,3.609999895095825,91300,0.0,0.0,0.00013981345489455881,-6.009999990463257,-1.0,-0.08000016212463379,0.0,0.0,2.0,0.0,1.0
2022-07-14,3.5899999141693115,3.7799999713897705,3.4600000381469727,3.640000104904175,323900,0.0,0.0,0.000500130505222007,-5.979999780654907,1.0,0.03000020980834961,0.12999987602233842,0.0004725889253363406,0.14062639698450027,0.9966506568258519,0.003349343174148174
2022-07-18,3.6700000762939458,3.7709999084472656,3.5799999237060547,3.630000114440918,168200,0.0,0.0,0.00025900230609592675,-5.989999771118164,1.0,0.020000219345092773,0.0,0.0,0.06250111758982067,0.5,0.5
2022-07-20,3.5999999046325684,3.640000104904175,3.4600000381469727,3.5,91600,0.0,0.0,0.00013599862540089307,-6.119999885559082,-1.0,-0.1099998950958252,0.0,0.0,2.0,0.0,1.0
2022-07-21,3.5199999809265137,3.569999933242798,3.4140000343322754,3.430000066757202,79300,0.0,0.0,0.00011538206746841333,-6.18999981880188,-1.0,-0.17999982833862305,0.0,0.0,2.0,0.0,1.0
2022-07-22,3.4800000190734863,3.4800000190734863,2.680000066757202,2.7200000286102295,518700,0.0,0.0,0.0005984889789327584,-6.8999998569488525,-1.0,-0.8899998664855957,0.0,0.0,2.0,0.0,1.0
2022-07-25,2.869999885559082,2.869999885559082,2.700000047683716,2.740000009536743,113100,0.0,0.0,0.00013145713713871878,-6.879999876022339,-1.0,-0.869999885559082,0.0,0.0,2.0,0.0,1.0
2022-07-26,2.690000057220459,2.950000047683716,2.440000057220459,2.859999895095825,298200,0.0,0.0,0.00036178008551477123,-6.759999990463257,-1.0,-0.75,0.0,0.0,2.0,0.0,1.0
2022-07-27,2.819999933242798,2.890000104904175,2.640000104904175,2.7699999809265137,155200,0.0,0.0,0.00018236541688010515,-6.849999904632568,-1.0,-0.8399999141693115,0.020000219345092773,8.524882199155416e-06,2.0,0.0,1.0
2022-07-28,2.75,2.75,2.549999952316284,2.680000066757202,76500,0.0,0.0,8.696955356901437e-05,-6.93999981880188,-1.0,-0.929999828338623,0.0,0.0,2.0,0.0,1.0
2022-07-29,2.6700000762939453,2.7290000915527344,2.509999990463257,2.5399999618530273,99000,0.0,0.0,0.00010666941306831854,-7.079999923706055,-1.0,-1.0699999332427979,0.0,0.0,2.0,0.0,1.0
2022-08-01,2.5899999141693115,2.640000104904175,2.359999895095825,2.450000047683716,115400,0.0,0.0,0.00011993416128494773,-7.169999837875366,-1.0,-1.1599998474121094,0.0,0.0,2.0,0.0,1.0
2022-08-02,2.450000047683716,2.4809999465942383,2.3299999237060547,2.4600000381469727,188700,0.0,0.0,0.0001969146440652179,-7.159999847412109,-1.0,-1.1499998569488525,0.0,0.0,2.0,0.0,1.0
2022-08-03,2.430000066757202,2.5290000438690186,2.369999885559082,2.4000000953674316,290700,0.0,0.0,0.00029595609713046616,-7.21999979019165,1.0,-0.059999942779541016,0.0,0.0,2.0,0.0,1.0
2022-08-04,2.4100000858306885,2.450000047683716,2.3299999237060547,2.4100000858306885,402700,0.0,0.0,0.00041168940312727225,-7.2099997997283936,-1.0,0.009999990463256836,0.0,0.0,0.027777777777777776,0.5,0.5
2022-08-05,2.4100000858306885,4.340000152587891,2.380000114440918,2.700000047683716,10936600,0.0,0.0,0.012526135373154626,-6.919999837875366,1.0,0.28999996185302734,0.0,0.0,2.0,0.5,0.5
2022-08-08,3.009999990463257,3.309999942779541,2.611000061035156,2.740000009536743,1947400,0.0,0.0,0.0022634803613080542,-6.879999876022339,1.0,0.3299999237060547,0.0,0.0,2.0,0.5,0.5
2022-08-10,2.25,2.2799999713897705,1.8899999856948853,2.0,1568700,0.0,0.0,0.0013308861114559012,-7.619999885559082,-1.0,-0.7400000095367432,0.0,0.0,2.0,0.0,1.0
2022-08-11,2.0199999809265137,2.069999933242798,1.8799999952316284,1.9299999475479128,714300,0.0,0.0,0.0005848021331367741,-7.689999938011169,-1.0,-0.8100000619888303,0.0,0.0,2.0,0.0,1.0
2022-08-12,1.8700000047683716,2.0,1.8600000143051147,1.919999957084656,458600,0.0,0.0,0.00037351347152964873,-7.699999928474426,-1.0,-0.8200000524520872,0.0,0.0,2.0,0.0,1.0
2022-08-15,1.950000047683716,1.9800000190734863,1.871000051498413,1.9600000381469729,298000,0.0,0.0,0.00024776693284516067,-7.659999847412109,-1.0,-0.7799999713897703,0.0,0.0,2.0,0.0,1.0
2022-08-16,1.9700000286102295,1.9700000286102295,1.7640000581741333,1.7899999618530271,800500,0.0,0.0,0.0006078345171268559,-7.829999923706055,-1.0,-0.950000047683716,0.0,0.0,2.0,0.0,1.0
2022-08-17,1.7899999618530271,1.7999999523162842,1.7000000476837158,1.7400000095367432,334400,0.0,0.0,0.0002468235078445835,-7.879999876022339,-1.0,-1.0,0.0,0.0,2.0,0.0,1.0
2022-08-18,1.7100000381469729,1.75,1.6399999856948853,1.690000057220459,354800,0.0,0.0,0.0002543556161412968,-7.929999828338623,-1.0,-1.0499999523162842,0.0,0.0,2.0,0.0,1.0
2022-08-19,1.7000000476837158,1.7000000476837158,1.5700000524520874,1.5700000524520874,290500,0.0,0.0,0.00019347141340680734,-8.049999833106995,-1.0,-1.1699999570846558,0.0,0.0,2.0,0.0,1.0
2022-08-22,1.5800000429153442,1.7000000476837158,1.4800000190734863,1.5099999904632568,395200,0.0,0.0,0.00025314239299022357,-8.109999895095825,-1.0,-1.2300000190734863,0.0,0.0,2.0,0.0,1.0
2022-08-23,1.5,1.5299999713897705,1.3799999952316284,1.399999976158142,360200,0.0,0.0,0.0002139157381448169,-8.21999990940094,-1.0,-1.340000033378601,0.0,0.0,2.0,0.0,1.0
2022-08-24,1.399999976158142,1.440000057220459,1.3700000047683716,1.3899999856948853,219100,0.0,0.0,0.00012918978459439427,-8.229999899864197,-1.0,-1.350000023841858,0.0,0.0,2.0,0.0,1.0
2022-08-25,1.399999976158142,1.5399999618530271,1.3799999952316284,1.5099999904632568,335200,0.0,0.0,0.00021470984344717343,-8.109999895095825,1.0,0.12000000476837158,0.009999990463256614,1.520398647028923e-06,0.007901234916753293,0.9998076115751596,0.00019238842484039451
2022-08-26,1.4900000095367432,1.5399999618530271,1.4500000476837158,1.5299999713897705,291600,0.0,0.0,0.00018925612473723042,-8.089999914169312,1.0,0.13999998569488525,0.0,0.0,0.010754455584236666,0.5,0.5
2022-08-29,1.5299999713897705,1.5700000524520874,1.4700000286102295,1.5700000524520874,265200,0.0,0.0,0.00017662175158514735,-8.049999833106995,1.0,0.18000006675720215,0.0,0.0,0.017777790336453898,0.5,0.5
2022-08-30,1.5700000524520874,1.6299999952316284,1.559999942779541,1.5800000429153442,176900,0.0,0.0,0.00011856484350987054,-8.039999842643738,1.0,0.19000005722045898,0.0,0.0,0.019807967335352027,0.5,0.5
2022-08-31,1.5800000429153442,1.5800000429153442,1.4900000095367432,1.5399999618530271,104500,0.0,0.0,6.826655721655153e-05,-8.079999923706055,-1.0,-0.04000008106231712,0.0,0.0,0.04432148258380821,0.9778392587080958,0.022160741291904106
2022-09-01,1.5199999809265137,1.5700000524520874,1.4900000095367432,1.5099999904632568,129700,0.0,0.0,8.307836126222671e-05,-8.109999895095825,-1.0,-0.0700000524520874,0.0,0.0,0.13573419368201817,0.9321329031589909,0.06786709684100908
2022-09-02,1.5399999618530271,1.5700000524520874,1.4299999475479126,1.4600000381469729,156000,0.0,0.0,9.661586940307362e-05,-8.15999984741211,-1.0,-0.12000000476837136,0.0,0.0,0.39889175819931955,0.8005541209003402,0.19944587909965977
2022-09-06,1.5,1.5,1.25,1.25,380300,0.0,0.0,0.00020165423128493305,-8.369999885559082,-1.0,-0.33000004291534424,0.0,0.0,2.0,0.0,1.0
2022-09-07,1.2599999904632568,1.2799999713897705,1.2400000095367432,1.2599999904632568,166700,0.0,0.0,8.909988477931115e-05,-8.359999895095825,-1.0,-0.3200000524520874,0.0,0.0,2.0,0.0,1.0
2022-09-08,1.2799999713897705,1.340000033378601,1.2309999465942385,1.309999942779541,135000,0.0,0.0,7.501982486460053e-05,-8.309999942779541,-1.0,-0.2700001001358032,0.0,0.0,2.0,0.0,1.0
2022-09-09,1.350000023841858,1.4800000190734863,1.312000036239624,1.4199999570846558,280700,0.0,0.0,0.00016908370073224666,-8.199999928474426,1.0,0.11000001430511475,0.20000004768371582,0.0005948842916612049,0.16598071566520098,0.9964287429142368,0.0035712570857632277
2022-09-12,1.4800000190734863,1.4800000190734863,1.3899999856948853,1.4700000286102295,127200,0.0,0.0,7.931867581687358e-05,-8.149999856948853,1.0,0.16000008583068848,0.0,0.0,0.35116609707959656,0.5,0.5
2022-09-13,1.5199999809265137,1.5199999809265137,1.4199999570846558,1.4900000095367432,123900,0.0,0.0,7.83120473942002e-05,-8.129999876022339,1.0,0.18000006675720215,0.0,0.0,0.4444444444444444,0.5,0.5
2022-09-14,1.3899999856948853,1.4800000190734863,1.3899999856948853,1.4500000476837158,60800,0.0,0.0,3.739750221343062e-05,-8.169999837875366,-1.0,-0.039999961853027344,0.0,0.0,0.04938258522999574,0.9753087073850021,0.02469129261499787
2022-09-15,1.4299999475479126,1.5399999618530271,1.406000018119812,1.5099999904632568,72300,0.0,0.0,4.631122219937541e-05,-8.109999895095825,1.0,0.059999942779541016,0.01999998092651345,6.081594588115827e-06,2.0,0.9999969592119523,3.040788047637847e-06
2022-09-16,1.4600000381469729,1.559999942779541,1.4320000410079956,1.4800000190734863,162900,0.0,0.0,0.0001022713069797551,-8.139999866485596,1.0,0.029999971389770508,0.0,0.0,0.5625,0.5,0.5
2022-09-19,1.4900000095367432,1.559999942779541,1.4299999475479126,1.4500000476837158,57900,0.0,0.0,3.561373977232949e-05,-8.169999837875366,-1.0,-0.029999971389770508,0.0,0.0,1.0,0.5,0.5
2022-09-20,1.4500000476837158,1.4500000476837158,1.3899999856948853,1.399999976158142,31500,0.0,0.0,1.8707234179793815e-05,-8.21999990940094,-1.0,-0.08000004291534424,0.0,0.0,2.0,0.0,1.0
2022-09-21,1.399999976158142,1.5,1.399999976158142,1.409999966621399,59600,0.0,0.0,3.564809798390079e-05,-8.209999918937683,1.0,0.009999990463256836,0.0,0.0,0.015624953433930944,0.5,0.5
2022-09-22,1.4500000476837158,1.4600000381469729,1.3300000429153442,1.350000023841858,101400,0.0,0.0,5.806878402967463e-05,-8.269999861717224,-1.0,-0.059999942779541016,0.059999942779541016,5.2636944097110394e-05,2.0,0.0,1.0
2022-09-23,1.340000033378601,1.3700000047683716,1.2100000381469729,1.3300000429153442,152200,0.0,0.0,8.586917852060355e-05,-8.289999842643738,-1.0,-0.07999992370605469,0.0,0.0,2.0,0.0,1.0
2022-09-26,1.2999999523162842,1.3300000429153442,1.2699999809265137,1.309999942779541,40900,0.0,0.0,2.2728228421941938e-05,-8.309999942779541,-1.0,-0.10000002384185791,0.0,0.0,2.0,0.0,1.0
2022-09-27,1.2799999713897705,1.3300000429153442,1.2000000476837158,1.2300000190734863,81600,0.0,0.0,4.2576139257344405e-05,-8.389999866485596,-1.0,-0.1799999475479126,0.0,0.0,2.0,0.0,1.0
2022-09-28,1.25,1.2999999523162842,1.190000057220459,1.190000057220459,167500,0.0,0.0,8.455373459607577e-05,-8.429999828338623,-1.0,-0.21999990940093994,0.0,0.0,2.0,0.0,1.0
2022-09-29,1.6100000143051147,1.7999999523162842,1.4700000286102295,1.5499999523162842,54641200,0.0,0.0,0.03592716215081685,-8.069999933242798,1.0,0.3599998950958252,0.46999990940093994,0.0033919425364427177,2.0,0.9983069001804269,0.001693099819573132
2022-09-30,1.5299999713897705,1.6399999856948853,1.4700000286102295,1.5700000524520874,1808200,0.0,0.0,0.0012042513243448849,-8.049999833106995,1.0,0.3799999952316284,0.0,0.0,2.0,0.5,0.5
2022-10-03,1.590000033378601,1.6299999952316284,1.4299999475479126,1.6100000143051147,1543600,0.0,0.0,0.0010542209696033516,-8.009999871253967,-1.0,0.039999961853027344,0.040000081062316895,2.4937718869301216e-05,0.033057815414182914,0.9992462018270062,0.0007537981729938466
2022-10-04,1.5399999618530271,1.850000023841858,1.5399999618530271,1.75,2299900,0.0,0.0,0.0017073320882069539,-7.869999885559082,1.0,0.13999998569488525,0.0,0.0,0.4049589284644627,0.5,0.5
2022-10-05,1.7300000190734863,2.0799999237060547,1.7300000190734863,1.7999999523162842,3614400,0.0,0.0,0.0027598133297850407,-7.819999933242798,1.0,0.18999993801116943,0.0,0.0,0.745867896223377,0.5,0.5
2022-10-06,1.7000000476837158,1.7000000476837158,1.4700000286102295,1.4900000095367432,777000,0.0,0.0,0.0004911094497602385,-8.129999876022339,-1.0,-0.309999942779541,0.06999993324279763,7.41334435267011e-05,2.0,0.0,1.0
2022-10-07,1.4299999475479126,1.6200000047683716,1.3700000047683716,1.4800000190734863,407600,0.0,0.0,0.000255898003222518,-8.139999866485596,-1.0,-0.31999993324279785,0.0,0.0,2.0,0.0,1.0
2022-10-10,1.4199999570846558,1.4550000429153442,1.2280000448226929,1.399999976158142,683900,0.0,0.0,0.0004061548398590791,-8.21999990940094,-1.0,-0.3999999761581421,0.0,0.0,2.0,0.0,1.0
2022-10-11,1.3300000429153442,1.3459999561309814,1.25,1.2799999713897705,180600,0.0,0.0,9.806153940726057e-05,-8.339999914169312,-1.0,-0.5199999809265137,0.0,0.0,2.0,0.0,1.0
2022-10-12,1.2699999809265137,1.3899999856948853,1.2400000095367432,1.350000023841858,202700,0.0,0.0,0.00011608030101395511,-8.269999861717224,-1.0,-0.44999992847442627,0.0,0.0,2.0,0.0,1.0
2022-10-13,1.340000033378601,1.3799999952316284,1.2599999904632568,1.350000023841858,134200,0.0,0.0,7.685237491895794e-05,-8.269999861717224,-1.0,-0.44999992847442627,0.03400003910064697,1.6902378719203227e-05,2.0,0.0,1.0
2022-10-14,1.3300000429153442,1.368000030517578,1.2899999618530271,1.2999999523162842,82500,0.0,0.0,4.5495483590891755e-05,-8.319999933242798,-1.0,-0.5,0.0,0.0,2.0,0.0,1.0
2022-10-17,1.2899999618530271,1.350000023841858,1.25,1.2699999809265137,94000,0.0,0.0,5.064103448697951e-05,-8.349999904632568,-1.0,-0.5299999713897705,0.0,0.0,2.0,0.0,1.0
2022-10-18,1.2999999523162842,1.3200000524520874,1.25,1.2999999523162842,134900,0.0,0.0,7.439200892619755e-05,-8.319999933242798,-1.0,-0.5,0.0,0.0,2.0,0.0,1.0
2022-10-19,1.2799999713897705,1.2999999523162842,1.1699999570846558,1.1799999475479126,205500,0.0,0.0,0.00010286433314892838,-8.43999993801117,-1.0,-0.6200000047683716,0.0,0.0,2.0,0.0,1.0
2022-10-20,1.159999966621399,1.2000000476837158,1.149999976158142,1.1699999570846558,91500,0.0,0.0,4.541276452981741e-05,-8.449999928474426,-1.0,-0.6299999952316284,0.0,0.0,2.0,0.0,1.0
2022-10-21,1.149999976158142,1.2599999904632568,1.1100000143051147,1.2300000190734863,74200,0.0,0.0,3.8715067805085234e-05,-8.389999866485596,-1.0,-0.5699999332427979,0.0,0.0,2.0,0.0,1.0
2022-10-24,1.2000000476837158,1.2300000190734863,1.1200000047683716,1.1299999952316284,82700,0.0,0.0,3.964194475579716e-05,-8.489999890327454,-1.0,-0.6699999570846558,0.029999971389770508,1.2486085710745893e-05,2.0,0.0,1.0
2022-10-25,1.1200000047683716,1.1890000104904177,1.1200000047683716,1.149999976158142,138500,0.0,0.0,6.756450596271536e-05,-8.46999990940094,-1.0,-0.6499999761581421,0.0,0.0,2.0,0.0,1.0
2022-10-26,1.2100000381469729,1.2100000381469729,1.1399999856948853,1.159999966621399,123300,0.0,0.0,6.0672522876249234e-05,-8.459999918937683,1.0,0.009999990463256836,0.0,0.0,0.0002366859564524742,0.5,0.5
2022-10-27,1.2000000476837158,1.5390000343322754,1.1699999570846558,1.399999976158142,896800,0.0,0.0,0.0005325919876964792,-8.21999990940094,1.0,0.25,0.0,0.0,0.14792900493484717,0.5,0.5
2022-10-28,1.350000023841858,1.3899999856948853,1.309999942779541,1.3200000524520874,209900,0.0,0.0,0.00011753234135956885,-8.299999833106995,1.0,0.1700000762939453,0.0,0.0,0.06840243327820264,0.5,0.5
2022-10-31,1.2999999523162842,1.3600000143051147,1.2799999713897705,1.350000023841858,98400,0.0,0.0,5.635077266784994e-05,-8.269999861717224,-1.0,0.029999971389770508,0.0,0.0,0.002130173608072268,0.5,0.5
2022-11-01,1.3899999856948853,1.3899999856948853,1.2599999904632568,1.2599999904632568,120700,0.0,0.0,6.451323391039505e-05,-8.359999895095825,-1.0,-0.060000061988830566,0.04999995231628418,3.5770633890769225e-05,2.0,0.0,1.0
2022-11-02,1.2300000190734863,1.2400000095367432,1.1399999856948853,1.1699999570846558,122500,0.0,0.0,6.079850988964626e-05,-8.449999928474426,-1.0,-0.15000009536743164,0.0,0.0,2.0,0.0,1.0
2022-11-03,1.1699999570846558,1.2450000047683716,1.1699999570846558,1.190000057220459,83700,0.0,0.0,4.225162737726294e-05,-8.429999828338623,1.0,0.020000100135803223,0.0,0.0,0.01777793319161093,0.5,0.5
2022-11-04,1.1699999570846558,1.2400000095367432,1.100000023841858,1.1100000143051147,153100,0.0,0.0,7.208902899908152e-05,-8.509999871253967,-1.0,-0.08000004291534424,0.039999961853027344,2.209327240166322e-05,2.0,0.0,1.0
2022-11-07,1.1699999570846558,1.1699999570846558,1.090000033378601,1.100000023841858,84200,0.0,0.0,3.928943530145303e-05,-8.519999861717224,-1.0,-0.09000003337860107,0.0,0.0,2.0,0.0,1.0
2022-11-08,1.149999976158142,1.149999976158142,1.0499999523162842,1.0800000429153442,117400,0.0,0.0,5.378521022154292e-05,-8.539999842643738,-1.0,-0.11000001430511475,0.0,0.0,2.0,0.0,1.0
2022-11-09,1.090000033378601,1.090000033378601,1.0099999904632568,1.0099999904632568,113400,0.0,0.0,4.858535999559546e-05,-8.609999895095825,-1.0,-0.18000006675720215,0.0,0.0,2.0,0.0,1.0
2022-11-10,0.949999988079071,1.0700000524520874,0.9100000262260436,1.0299999713897705,261000,0.0,0.0,0.00011403777121329893,-8.589999914169312,-1.0,-0.16000008583068848,0.0,0.0,2.0,0.0,1.0
2022-11-11,1.0199999809265137,1.090000033378601,1.0099999904632568,1.090000033378601,34000,0.0,0.0,1.5720864665309386e-05,-8.529999852180481,1.0,0.060000061988830566,0.0,0.0,0.14062513969834595,0.5,0.5
2022-11-14,1.100000023841858,1.1200000047683716,1.0499999523162842,1.090000033378601,64700,0.0,0.0,2.991588070133874e-05,-8.529999852180481,1.0,0.060000061988830566,0.0,0.0,0.14062513969834595,0.5,0.5
2022-11-15,1.090000033378601,1.100000023841858,1.0299999713897705,1.0499999523162842,86100,0.0,0.0,3.834982898008778e-05,-8.569999933242798,-1.0,-0.040000081062316895,0.0,0.0,0.4444453274757452,0.7777773362621274,0.2222226637378726
2022-11-16,1.0299999713897705,1.0800000429153442,0.9829999804496764,0.9900000095367432,247400,0.0,0.0,0.00010389769072305979,-8.629999876022339,-1.0,-0.10000002384185791,0.0,0.0,2.0,0.0,1.0
2022-11-17,0.9800000190734864,1.0199999809265137,0.949999988079071,0.996999979019165,66800,0.0,0.0,2.8251571620850142e-05,-8.622999906539917,-1.0,-0.09300005435943604,0.0,0.0,2.0,0.0,1.0
2022-11-18,1.0399999618530271,1.0399999618530271,0.9700000286102296,0.9789999723434448,29900,0.0,0.0,1.24172340927511e-05,-8.640999913215637,1.0,-0.018000006675720215,0.0,0.0,0.0899998807908731,0.9550000596045635,0.04499994039543655
2022-11-21,1.0,1.0,0.9800000190734864,1.0,57500,0.0,0.0,2.439151890377839e-05,-8.619999885559082,1.0,0.003000020980834961,0.0,0.0,0.027778145708765693,0.5,0.5
2022-11-22,1.0,1.0049999952316284,0.959999978542328,0.9800000190734864,129900,0.0,0.0,5.4001551302997266e-05,-8.639999866485596,1.0,-0.0169999599456786,0.010000050067901611,1.3396053622682676e-06,2.0,0.0,1.0
2022-11-23,1.0,1.0,0.9700000286102296,0.9829999804496764,30600,0.0,0.0,1.275986079530249e-05,-8.636999905109406,1.0,-0.013999998569488636,0.0,0.0,2.0,0.0,1.0
2022-11-25,1.0099999904632568,1.0099999904632568,0.959999978542328,0.9810000061988832,21300,0.0,0.0,8.863793185577118e-06,-8.638999879360199,1.0,-0.01599997282028187,0.004999995231628418,3.3497488326181637e-07,2.0,0.0,1.0
2022-11-28,0.9829999804496764,1.0099999904632568,0.9800000190734864,0.9990000128746032,39300,0.0,0.0,1.66544020620347e-05,-8.620999872684479,1.0,0.0020000338554381214,0.009999990463256836,1.3455005954300158e-06,0.015625582083017436,0.999913898583824,8.610141617607362e-05
2022-11-29,0.9800000190734864,1.0299999713897705,0.9700000286102296,1.0,92400,0.0,0.0,3.9196110377549964e-05,-8.619999885559082,1.0,0.003000020980834961,0.0,0.0,0.035156861184134615,0.5,0.5
2022-11-30,0.9900000095367432,0.9900000095367432,0.959999978542328,0.9700000286102296,61500,0.0,0.0,2.530567135865196e-05,-8.649999856948853,-1.0,-0.029999971389770397,0.020000040531158447,5.346007343756204e-06,2.0,0.0,1.0
2022-12-01,0.949999988079071,0.968999981880188,0.8500000238418579,0.8799999952316284,143600,0.0,0.0,5.3605346854449804e-05,-8.739999890327454,-1.0,-0.12000000476837158,0.0,0.0,2.0,0.0,1.0
2022-12-02,0.8700000047683716,0.9700000286102296,0.8700000047683716,0.9539999961853028,46800,0.0,0.0,1.8939356842542778e-05,-8.66599988937378,1.0,0.07400000095367443,0.0,0.0,0.3802777573576702,0.5,0.5
2022-12-05,0.9399999976158142,0.9800000190734864,0.9200000166893004,0.9800000190734864,62100,0.0,0.0,2.5815984110208854e-05,-8.639999866485596,1.0,0.10000002384185802,0.0,0.0,0.694444720391892,0.5,0.5
2022-12-06,0.9800000190734864,0.9800000190734864,0.9200000166893004,0.953000009059906,26400,0.0,0.0,1.067254101283377e-05,-8.666999876499176,1.0,0.07300001382827759,0.0,0.0,0.3700695552373413,0.5,0.5
2022-12-07,0.925000011920929,0.975000023841858,0.8999999761581421,0.8999999761581421,21800,0.0,0.0,8.322810229818765e-06,-8.71999990940094,-1.0,-0.053000032901763916,0.020000040531158336,5.260521388664812e-06,0.52711623632538,0.7364392515766156,0.26356074842338434
2022-12-08,0.8799999952316284,0.9399999976158142,0.8700000047683716,0.9300000071525574,57600,0.0,0.0,2.2723563385853858e-05,-8.689999878406525,-1.0,-0.023000001907348633,0.0,0.0,0.09926813423207986,0.9503659328839601,0.04963406711603993
2022-12-09,1.0,1.0,0.9340000152587892,0.959999978542328,41200,0.0,0.0,1.6777971028152558e-05,-8.659999907016754,1.0,0.02999997138977062,0.02499997615814198,8.333806534370167e-06,1.7013197242279707,0.9999951015875539,4.8984124460969455e-06
2022-12-12,0.9300000071525574,1.0199999809265137,0.8999999761581421,0.8999999761581421,148500,0.0,0.0,5.6694372437068195e-05,-8.71999990940094,1.0,-0.030000030994415283,0.0,0.0,1.0000039736507147,0.49999801317464265,0.5000019868253573
2022-12-13,0.9300000071525574,0.9700000286102296,0.8899999856948853,0.9200000166893004,74400,0.0,0.0,2.9035664629780535e-05,-8.699999868869781,-1.0,0.020000040531158336,0.0,0.0,0.44444532747574034,0.5,0.5
2022-12-14,0.9800000190734864,0.9800000190734864,0.9010000228881836,0.9300000071525574,56200,0.0,0.0,2.21712545535588e-05,-8.689999878406525,1.0,0.009999990463256947,0.0,0.0,0.11111066959612112,0.5,0.5
2022-12-15,0.9589999914169312,0.9589999914169312,0.8199999928474426,0.859000027179718,90200,0.0,0.0,3.286780607299621e-05,-8.760999858379364,-1.0,-0.07099997997283936,0.06999999284744263,6.38393776626051e-05,2.0,0.0,1.0
2022-12-16,0.8500000238418579,0.8500000238418579,0.800000011920929,0.8199999928474426,61700,0.0,0.0,2.1461991246147382e-05,-8.79999989271164,-1.0,-0.11000001430511475,0.0,0.0,2.0,0.0,1.0
2022-12-19,0.7799999713897705,0.8399999737739563,0.75,0.7940000295639038,123100,0.0,0.0,4.1461935557395194e-05,-8.825999855995178,-1.0,-0.13599997758865356,0.0,0.0,2.0,0.0,1.0
2022-12-20,0.7799999713897705,0.800000011920929,0.7200000286102295,0.7480000257492065,61400,0.0,0.0,1.9482334009750147e-05,-8.871999859809875,-1.0,-0.18199998140335083,0.0,0.0,2.0,0.0,1.0
2022-12-21,0.7699999809265137,0.7799999713897705,0.699999988079071,0.7599999904632568,119600,0.0,0.0,3.855811259925232e-05,-8.859999895095825,-1.0,-0.17000001668930054,0.0,0.0,2.0,0.0,1.0
2022-12-22,0.7599999904632568,0.7599999904632568,0.7099999785423279,0.7400000095367432,34600,0.0,0.0,1.0861225357579885e-05,-8.879999876022339,-1.0,-0.1899999976158142,0.0,0.0,2.0,0.0,1.0
2022-12-23,0.75,0.7590000033378601,0.7099999785423279,0.7329999804496765,81200,0.0,0.0,2.524823321433264e-05,-8.886999905109406,-1.0,-0.19700002670288086,0.0,0.0,2.0,0.0,1.0
2022-12-27,0.75,0.7570000290870667,0.699999988079071,0.7110000252723694,48500,0.0,0.0,1.462791255678902e-05,-8.908999860286713,-1.0,-0.218999981880188,0.0,0.0,2.0,0.0,1.0
2022-12-28,0.6899999976158142,0.7099999785423279,0.6299999952316284,0.6460000276565552,178700,0.0,0.0,4.89697728887716e-05,-8.973999857902527,-1.0,-0.2839999794960022,0.0,0.0,2.0,0.0,1.0
2022-12-29,0.6299999952316284,0.6700000166893005,0.6000000238418579,0.6330000162124634,163700,0.0,0.0,4.395653001276216e-05,-8.986999869346619,-1.0,-0.296999990940094,0.0,0.0,2.0,0.0,1.0
2022-12-30,0.6000000238418579,0.6779999732971191,0.5799999833106995,0.6740000247955322,199100,0.0,0.0,5.692488649179327e-05,-8.94599986076355,-1.0,-0.25599998235702515,0.0,0.0,2.0,0.0,1.0
2023-01-03,0.7160000205039978,0.7749999761581421,0.6959999799728394,0.7300000190734863,68500,0.0,0.0,2.1212137993944043e-05,-8.889999866485596,1.0,0.0559999942779541,0.10499995946884155,0.00013950017549345007,0.04785155931676838,0.9970932049225556,0.0029067950774444426
2023-01-04,0.75,0.7799999713897705,0.6740000247955322,0.7639999985694885,58500,0.0,0.0,1.89592094581612e-05,-8.855999886989594,1.0,0.0899999737739563,0.0,0.0,0.12359613641024458,0.5,0.5
2023-01-05,0.8360000252723694,0.8360000252723694,0.7409999966621399,0.7599999904632568,27400,0.0,0.0,8.833547535280214e-06,-8.859999895095825,1.0,0.08599996566772461,0.0,0.0,0.11285392935611332,0.5,0.5
2023-01-10,0.7799999713897705,0.7799999713897705,0.75,0.7799999713897705,68300,0.0,0.0,2.259884748551205e-05,-8.839999914169312,-1.0,0.019999980926513672,0.0,0.0,0.0061035048247544505,0.5,0.5
2023-01-11,0.7799999713897705,0.8500000238418579,0.7599999904632568,0.8460000157356262,78200,0.0,0.0,2.8063906511920784e-05,-8.773999869823456,1.0,0.06600004434585571,0.0,0.0,0.06646738363751643,0.5,0.5
2023-01-12,3.630000114440918,3.849999904632568,2.6500000953674316,3.049999952316284,112679500,0.0,0.0,0.1457859746020127,-6.569999933242798,1.0,2.2699999809265137,0.0,0.0,2.0,0.5,0.5
2023-01-13,2.5899999141693115,2.809999942779541,2.2300000190734863,2.390000104904175,10814400,0.0,0.0,0.010964058645747928,-7.229999780654907,-1.0,-0.6599998474121094,0.0,0.0,0.08453488441541462,0.9577325577922927,0.04226744220770731
2023-01-17,2.049999952316284,2.0899999141693115,1.75,1.8600000143051147,4249800,0.0,0.0,0.00335314582212506,-7.759999871253967,-1.0,-1.1899999380111694,0.0,0.0,0.2748160989469833,0.8625919505265084,0.13740804947349164
2023-01-18,1.909999966621399,2.069999933242798,1.8899999856948853,1.9299999475479128,2143900,0.0,0.0,0.0017552251060225816,-7.689999938011169,-1.0,-1.1200000047683714,0.0,0.0,0.24343574138080223,0.8782821293095989,0.12171787069040112
2023-01-19,1.909999966621399,1.9800000190734863,1.7899999618530271,1.8700000047683716,795900,0.0,0.0,0.0006313513495162886,-7.7499998807907104,-1.0,-1.1799999475479126,0.0,0.0,0.2702167516567613,0.8648916241716194,0.13510837582838064
2023-01-20,1.7999999523162842,2.0299999713897705,1.7999999523162842,1.950000047683716,1439400,0.0,0.0,0.001190658237892646,-7.669999837875366,1.0,0.08000004291534446,0.0,0.0,0.004596385690483625,0.5,0.5
2023-01-23,1.899999976158142,1.9900000095367432,1.8600000143051147,1.9299999475479128,848500,0.0,0.0,0.0006946725605019639,-7.689999938011169,1.0,0.05999994277954124,0.0,0.0,0.002585459245614959,0.5,0.5
2023-01-24,1.919999957084656,2.25,1.88100004196167,2.049999952316284,2900600,0.0,0.0,0.002522392662218946,-7.569999933242798,1.0,0.1799999475479126,0.0,0.0,0.023269164031650035,0.5,0.5
2023-01-25,2.0,2.424000024795532,1.8799999952316284,2.359999895095825,5310500,0.0,0.0,0.005316409159974542,-7.259999990463257,1.0,0.4899998903274536,0.0,0.0,0.17243601972582662,0.5,0.5
2023-01-26,2.319999933242798,2.4800000190734863,2.1700000762939453,2.2699999809265137,3399800,0.0,0.0,0.0032737855229232333,-7.349999904632568,1.0,0.3999999761581421,0.0,0.0,0.11490950527923613,0.5,0.5
2023-01-27,2.2799999713897705,2.890000104904175,2.1500000953674316,2.4200000762939453,7409900,0.0,0.0,0.007606742718748345,-7.199999809265137,1.0,0.5500000715255737,0.0,0.0,0.2172508658222871,0.5,0.5
2023-01-30,3.0199999809265137,4.139999866485596,2.549999952316284,3.9800000190734863,60434100,0.0,0.0,0.10203193754079151,-5.639999866485596,1.0,2.1100000143051147,0.0,0.0,2.0,0.5,0.5
2023-01-31,3.309999942779541,4.449999809265137,3.1700000762939453,3.2699999809265137,25729700,0.0,0.0,0.03569056913232672,-6.349999904632568,1.0,1.399999976158142,0.0,0.0,1.4076415595306064,0.5,0.5
2023-02-01,3.359999895095825,3.650000095367432,3.0299999713897705,3.430000066757202,6833400,0.0,0.0,0.009942645899604736,-6.18999981880188,-1.0,0.16000008583068848,0.0,0.0,0.018385542761934395,0.5,0.5
2023-02-02,3.5799999237060547,3.9700000286102295,3.319999933242798,3.5999999046325684,5391400,0.0,0.0,0.008233320930833924,-6.019999980926514,1.0,0.1699998378753662,0.0,0.0,0.020755492277297706,0.5,0.5
2023-02-03,3.5299999713897705,5.900000095367432,3.430000066757202,5.190000057220459,55029800,0.0,0.0,0.12115359285191293,-4.429999828338623,1.0,1.7599999904632568,0.0,0.0,2.0,0.5,0.5
2023-02-06,5.7779998779296875,6.769999980926514,5.329999923706055,6.110000133514404,34829400,0.0,0.0,0.09027307027835552,-3.5099997520446777,1.0,2.680000066757202,0.0,0.0,2.0,0.5,0.5
2023-02-07,6.014999866485596,6.130000114440918,4.860000133514404,4.920000076293945,12409800,0.0,0.0,0.02590006730175454,-4.699999809265137,-1.0,-1.190000057220459,0.0,0.0,0.19716251749224187,0.9014187412538791,0.09858125874612093
2023-02-08,5.284999847412109,5.789999961853027,5.019999980926514,5.440000057220459,16041900,0.0,0.0,0.03701908753090965,-4.179999828338623,-1.0,-0.6700000762939453,0.0,0.0,0.06250001112026976,0.9687499944398651,0.03125000556013488
2023-02-09,5.539999961853027,5.690000057220459,4.53000020980835,4.829999923706055,8624600,0.0,0.0,0.01767083561162644,-4.789999961853027,-1.0,-1.2800002098083496,0.0,0.0,0.2281132289327051,0.8859433855336475,0.11405661446635255
2023-02-10,4.71999979019165,5.170000076293945,4.599999904632568,4.820000171661377,6423300,0.0,0.0,0.013133372451489485,-4.799999713897705,-1.0,-1.2899999618530273,0.0,0.0,0.23169133140417442,0.8841543342979128,0.11584566570208721
2023-02-13,4.96999979019165,5.03000020980835,3.809999942779541,3.9200000762939458,8214500,0.0,0.0,0.013659607180245451,-5.699999809265137,-1.0,-2.1900000572204585,0.0,0.0,0.6677572972390322,0.6661213513804839,0.3338786486195161
2023-02-14,3.809999942779541,4.400000095367432,3.690000057220459,4.139999866485596,9340600,0.0,0.0,0.016403861817007336,-5.480000019073486,-1.0,-1.9700002670288086,0.0,0.0,0.5403348266250447,0.7298325866874776,0.27016741331252236
2023-02-15,4.099999904632568,4.420000076293945,3.819999933242798,4.239999771118164,7910400,0.0,0.0,0.014227718981853108,-5.380000114440918,1.0,0.09999990463256836,0.0,0.0,0.0025767162811657393,0.5,0.5
2023-02-16,4.159999847412109,4.489999771118164,3.859999895095825,3.9800000190734863,6994900,0.0,0.0,0.011809610797613973,-5.639999866485596,1.0,-0.15999984741210938,0.0,0.0,2.0,0.0,1.0
2023-02-17,3.950000047683716,4.090000152587891,3.75,3.910000085830689,3960600,0.0,0.0,0.006569143528583813,-5.7099997997283936,-1.0,-0.06999993324279741,0.0,0.0,0.4899999999999937,0.7550000000000031,0.24499999999999686
2023-02-21,3.8299999237060542,4.0,3.450000047683716,3.4800000190734863,2743900,0.0,0.0,0.004050592243868138,-6.139999866485596,-1.0,-0.5,0.0,0.0,2.0,0.0,1.0
2023-02-22,3.390000104904175,3.650000095367432,3.3399999141693115,3.430000066757202,2237200,0.0,0.0,0.0032551420093358675,-6.18999981880188,-1.0,-0.5499999523162842,0.0,0.0,2.0,0.0,1.0
2023-02-23,3.660000085830689,3.838000059127808,3.4000000953674316,3.4200000762939453,3740500,0.0,0.0,0.0054265870687402575,-6.199999809265137,1.0,-0.009999990463256836,0.0,0.0,0.010000000000000002,0.995,0.005000000000000001
2023-02-24,3.380000114440918,3.4100000858306885,3.1500000953674316,3.1500000953674316,1728200,0.0,0.0,0.002309274545635123,-6.46999979019165,-1.0,-0.26999998092651367,0.0,0.0,2.0,0.0,1.0
2023-02-27,3.200000047683716,3.240000009536743,2.859999895095825,3.140000104904175,2996300,0.0,0.0,0.003991038870848998,-6.479999780654907,-1.0,-0.2799999713897705,0.0,0.0,2.0,0.0,1.0
2023-02-28,2.9700000286102295,3.200000047683716,2.930000066757202,2.940000057220459,1687800,0.0,0.0,0.002104938066725145,-6.679999828338623,-1.0,-0.48000001907348633,0.0,0.0,2.0,0.0,1.0
2023-03-01,2.930000066757202,2.9600000381469727,2.5299999713897705,2.609999895095825,2110200,0.0,0.0,0.0023363349691886037,-7.009999990463257,-1.0,-0.8100001811981201,0.0,0.0,2.0,0.0,1.0
2023-03-02,2.5,3.059999942779541,2.450000047683716,2.8399999141693115,4567400,0.0,0.0,0.0055024787654040855,-6.7799999713897705,-1.0,-0.5800001621246338,0.0,0.0,2.0,0.0,1.0
2023-03-03,3.0999999046325684,3.4800000190734863,2.9700000286102295,3.180000066757202,15851200,0.0,0.0,0.021382588367894598,-6.43999981880188,1.0,0.3400001525878906,0.5199999809265137,0.0065198100811049535,0.34363864189513876,0.9813804006605921,0.01861959933940788
2023-03-06,3.2200000286102295,3.7899999618530273,3.130000114440918,3.180000066757202,12319900,0.0,0.0,0.01661901625325683,-6.43999981880188,1.0,0.3400001525878906,0.0,0.0,0.34363864189513876,0.5,0.5
2023-03-07,3.190000057220459,3.4000000953674316,2.940000057220459,3.0199999809265137,6706600,0.0,0.0,0.008591724558847335,-6.599999904632568,-1.0,-0.16000008583068848,0.029999971389770508,2.0661118213872807e-05,0.22145332601969997,0.8892630064310431,0.11073699356895692
2023-03-08,2.930000066757202,2.9800000190734863,2.5,2.549999952316284,6609300,0.0,0.0,0.007149351310161048,-7.069999933242798,-1.0,-0.630000114440918,0.0,0.0,2.0,0.0,1.0
2023-03-09,2.619999885559082,2.630000114440918,2.1600000858306885,2.200000047683716,5684800,0.0,0.0,0.005305286978662712,-7.419999837875366,-1.0,-0.9800000190734863,0.0,0.0,2.0,0.0,1.0
2023-03-10,2.1600000858306885,2.299999952316284,2.0,2.1700000762939453,3617800,0.0,0.0,0.003330238247268684,-7.449999809265137,-1.0,-1.0099999904632568,0.0,0.0,2.0,0.0,1.0
2023-03-13,2.119999885559082,2.380000114440918,2.0,2.2799999713897705,5763300,0.0,0.0,0.0055741296908847215,-7.3399999141693115,1.0,0.1099998950958252,0.0,0.0,0.011861559797663226,0.5,0.5
2023-03-14,2.069999933242798,2.130000114440918,1.7999999523162842,1.8700000047683716,5644600,0.0,0.0,0.004477605010025937,-7.7499998807907104,-1.0,-0.4099999666213989,0.20000004768371582,0.0006659732828975937,2.0,0.0,1.0
2023-03-15,1.7200000286102295,1.830000042915344,1.6100000143051147,1.7799999713897705,3264000,0.0,0.0,0.0024645699344637857,-7.8399999141693115,-1.0,-0.5,0.0,0.0,2.0,0.0,1.0
2023-03-16,1.7599999904632568,1.7999999523162842,1.6399999856948853,1.6399999856948853,2727700,0.0,0.0,0.0018976296117379648,-7.979999899864197,-1.0,-0.6399999856948853,0.0,0.0,2.0,0.0,1.0
2023-03-17,1.7799999713897705,1.9299999475479128,1.7000000476837158,1.7699999809265137,5968700,0.0,0.0,0.004481506320739342,-7.849999904632568,1.0,0.12999999523162842,0.0999999046325688,0.000162278082997229,0.041259764442656874,0.996082325421381,0.003917674578618971
2023-03-20,1.7999999523162842,1.8200000524520872,1.5099999904632568,1.5099999904632568,2768000,0.0,0.0,0.0017730216189193796,-8.109999895095825,-1.0,-0.25999999046325684,0.12999999523162842,0.0002569478425872355,2.0,0.0,1.0
2023-03-21,1.5800000429153442,2.180000066757202,1.5700000524520874,1.8700000047683716,16962900,0.0,0.0,0.013455898739426878,-7.7499998807907104,1.0,0.36000001430511475,0.25000011920928933,0.0010405837507161913,1.9171600563178022,0.9994575209031945,0.0005424790968055467
2023-03-22,1.8600000143051147,2.130000114440918,1.7400000095367432,1.840000033378601,10246900,0.0,0.0,0.007997998706852102,-7.779999852180481,1.0,0.33000004291534424,0.0,0.0,1.6109472827365081,0.5,0.5
2023-03-23,1.909999966621399,2.059999942779541,1.7899999618530271,1.9299999475479128,8430300,0.0,0.0,0.006901942353329059,-7.689999938011169,1.0,0.419999957084656,0.0,0.0,2.0,0.5,0.5
2023-03-24,1.9600000381469729,2.0899999141693115,1.830000042915344,1.8799999952316284,6068400,0.0,0.0,0.0048395284648294346,-7.739999890327454,1.0,0.3700000047683716,0.0,0.0,2.0,0.5,0.5
2023-03-27,1.9299999475479128,2.0480000972747803,1.850000023841858,1.9600000381469729,4400100,0.0,0.0,0.0036583868497046695,-7.659999847412109,1.0,0.45000004768371604,0.0,0.0,2.0,0.5,0.5
2023-03-28,2.0,2.0199999809265137,1.850000023841858,1.8799999952316284,2374500,0.0,0.0,0.001893655714807444,-7.739999890327454,1.0,0.3700000047683716,0.0,0.0,2.0,0.5,0.5
2023-03-29,1.909999966621399,2.059000015258789,1.8700000047683716,2.0199999809265137,4941800,0.0,0.0,0.004234552593055267,-7.599999904632568,1.0,0.5099999904632568,0.0,0.0,2.0,0.5,0.5
2023-03-30,2.0299999713897705,2.1500000953674316,1.919999957084656,1.9800000190734863,6436400,0.0,0.0,0.005406039584235263,-7.639999866485596,1.0,0.4700000286102295,0.0,0.0,2.0,0.5,0.5
2023-03-31,2.0,2.5299999713897705,1.9700000286102295,2.440000057220459,30196900,0.0,0.0,0.03125526590744805,-7.179999828338623,1.0,0.9300000667572021,0.0,0.0,2.0,0.5,0.5
2023-04-03,2.5,3.180000066757202,2.319999933242798,3.130000114440918,38496200,0.0,0.0,0.05111321704750951,-6.489999771118164,1.0,1.6200001239776611,0.0,0.0,2.0,0.5,0.5
2023-04-04,3.049999952316284,3.0899999141693115,2.4200000762939453,2.680000066757202,21414600,0.0,0.0,0.02434533597201327,-6.93999981880188,1.0,1.1700000762939453,0.0,0.0,2.0,0.5,0.5
2023-04-05,2.4700000286102295,2.5799999237060547,2.0199999809265137,2.200000047683716,12782700,0.0,0.0,0.011929336451968732,-7.419999837875366,-1.0,-0.48000001907348633,0.2999999523162842,0.00163468689058337,0.16831031358205192,0.9150274997636824,0.08497250023631765
2023-04-06,2.1700000762939453,2.700000047683716,2.0999999046325684,2.509999990463257,22597600,0.0,0.0,0.02406063237511828,-7.109999895095825,1.0,0.309999942779541,0.0,0.0,0.41710050731762227,0.5,0.5
2023-04-10,2.5199999809265137,2.8499999046325684,2.299999952316284,2.809999942779541,13306900,0.0,0.0,0.01586186338397523,-6.809999942779541,1.0,0.6099998950958252,0.0,0.0,1.6150166772789867,0.5,0.5
2023-04-11,2.940000057220459,3.3299999237060547,2.799999952316284,2.799999952316284,16998600,0.0,0.0,0.02019027243991385,-6.819999933242798,1.0,0.5999999046325684,0.0,0.0,1.5624993791183701,0.5,0.5
2023-04-12,3.0199999809265137,3.0999999046325684,2.680000066757202,3.0799999237060547,16198900,0.0,0.0,0.021164461888903287,-6.539999961853027,-1.0,0.2799999713897705,0.0,0.0,0.3402776811961882,0.5,0.5
2023-04-13,2.7899999618530273,3.0199999809265137,2.75,2.7899999618530273,9293000,0.0,0.0,0.010998441147571444,-6.829999923706055,-1.0,-0.009999990463256836,0.04999995231628418,5.3591730726398026e-05,0.0012755080319014037,0.9993354501186861,0.0006645498813139008
2023-04-14,3.0199999809265137,3.549999952316284,2.9000000953674316,3.2100000381469727,25903900,0.0,0.0,0.03527290211598258,-6.409999847412109,1.0,0.4200000762939453,0.4500000476837158,0.004928435545966776,2.0,0.9975418396693921,0.0024581603306078614
2023-04-17,3.1700000762939453,3.7200000286102295,3.119999885559082,3.569999933242798,19138200,0.0,0.0,0.02898279717092186,-6.049999952316284,1.0,0.7799999713897705,0.0,0.0,2.0,0.5,0.5
2023-04-18,3.640000104904175,3.740000009536743,3.312000036239624,3.4100000858306885,11857900,0.0,0.0,0.017152726949149148,-6.2099997997283936,1.0,0.6200001239776611,0.0,0.0,2.0,0.5,0.5
2023-04-19,3.25,3.3499999046325684,2.994999885559082,3.119999885559082,8867800,0.0,0.0,0.011736577436721744,-6.5,-1.0,-0.29000020027160645,0.125,0.00036982248520710064,0.21878273289176847,0.8904237223115122,0.10957627768848778
2023-04-20,3.0999999046325684,3.4149999618530273,2.8499999046325684,2.9100000858306885,10011800,0.0,0.0,0.012358796122368372,-6.7099997997283936,-1.0,-0.5,0.0,0.0,0.6503639438554766,0.6748180280722618,0.3251819719277383
2023-04-21,3.049999952316284,3.109999895095825,2.75,2.809999942779541,5466700,0.0,0.0,0.0065163222509508146,-6.809999942779541,-1.0,-0.6000001430511475,0.0,0.0,0.93652452572142,0.53173773713929,0.46826226286071
2023-04-24,2.75,2.7899999618530273,2.359999895095825,2.509999990463257,7117600,0.0,0.0,0.0075784135037854404,-7.109999895095825,-1.0,-0.9000000953674316,0.0,0.0,2.0,0.0,1.0
2023-04-25,2.549999952316284,2.6600000858306885,2.4000000953674316,2.4200000762939453,4261900,0.0,0.0,0.004375116640310068,-7.199999809265137,-1.0,-0.9900000095367432,0.0,0.0,2.0,0.0,1.0
2023-04-26,2.559999942779541,3.0399999618530273,2.5,2.869999885559082,10268000,0.0,0.0,0.01250082686185217,-6.75,1.0,0.4499998092651367,0.25,0.0013717421124828531,0.20661139112056717,0.9934045511712444,0.006595448828755664
2023-04-27,3.0,3.0799999237060547,2.799999952316284,2.819999933242798,6250600,0.0,0.0,0.007477248364368131,-6.799999952316284,1.0,0.39999985694885254,0.0,0.0,0.1632485281874514,0.5,0.5
2023-04-28,2.809999942779541,3.0199999809265137,2.700000047683716,2.9000000953674316,5156100,0.0,0.0,0.006342936222456237,-6.71999979019165,-1.0,0.08000016212463379,0.0,0.0,0.006529972264732013,0.5,0.5
2023-05-01,2.880000114440918,3.0799999237060547,2.740000009536743,2.940000057220459,5276000,0.0,0.0,0.006579958075626179,-6.679999828338623,1.0,0.039999961853027344,0.059999942779541016,8.067681968186582e-05,0.0016324833358002913,0.9529076021154835,0.04709239788451646
2023-05-02,2.950000047683716,2.990000009536743,2.549999952316284,2.5899999141693115,5047200,0.0,0.0,0.005545251715484518,-7.0299999713897705,-1.0,-0.35000014305114746,0.15000009536743164,0.0004552735541719566,2.0,0.0,1.0
2023-05-03,2.5799999237060547,2.7200000286102295,2.5199999809265137,2.5999999046325684,3207300,0.0,0.0,0.0035373979277834454,-7.019999980926514,-1.0,-0.3400001525878906,0.0,0.0,2.0,0.0,1.0
2023-05-04,2.630000114440918,2.640000104904175,2.390000104904175,2.5299999713897705,4201300,0.0,0.0,0.004508947837310596,-7.0899999141693115,-1.0,-0.4100000858306885,0.0,0.0,2.0,0.0,1.0
2023-05-05,2.619999885559082,2.8399999141693115,2.609999895095825,2.740000009536743,5061100,0.0,0.0,0.0058825615983445585,-6.879999876022339,1.0,0.21000003814697266,0.11999988555908203,0.00030421792719814906,0.2623438284215579,0.9988417278124575,0.0011582721875425437
2023-05-08,2.7899999618530273,2.890000104904175,2.630000114440918,2.7899999618530273,4050500,0.0,0.0,0.004793843308752624,-6.829999923706055,1.0,0.25999999046325684,0.0,0.0,0.4021413845194035,0.5,0.5
2023-05-09,2.819999933242798,3.25,2.75,2.9700000286102295,11904500,0.0,0.0,0.01499818180128535,-6.6499998569488525,1.0,0.440000057220459,0.0,0.0,1.1516952367420985,0.5,0.5
2023-05-10,2.9200000762939453,2.940000057220459,2.490000009536743,2.549999952316284,9461600,0.0,0.0,0.010234715076667691,-7.069999933242798,-1.0,-0.4200000762939453,0.1400001049041748,0.00039211901480886135,0.9111571188352675,0.5442253810749618,0.4557746189250382
2023-05-11,2.5899999141693115,2.6500000953674316,2.5,2.509999990463257,3172600,0.0,0.0,0.0033780030743663157,-7.109999895095825,-1.0,-0.46000003814697266,0.0,0.0,1.092975103613327,0.45351244819333647,0.5464875518066635
2023-05-12,2.5299999713897705,2.5299999713897705,2.309999942779541,2.380000114440918,4915800,0.0,0.0,0.004962976101819574,-7.239999771118164,-1.0,-0.5899999141693115,0.0,0.0,1.7980361992844387,0.10098190035778065,0.8990180996422193
2023-05-15,2.5,2.5899999141693115,2.359999895095825,2.5299999713897705,11033500,0.0,0.0,0.011841448114385181,-7.0899999141693115,1.0,0.14999985694885254,0.0,0.0,0.06463649420015402,0.5,0.5
2023-05-16,2.5,2.5,2.3499999046325684,2.4100000858306885,4744300,0.0,0.0,0.0048502061963166575,-7.2099997997283936,-1.0,-0.11999988555908203,0.0,0.0,0.6400000000000001,0.6799999999999999,0.32000000000000006
2023-05-17,2.4200000762939453,2.4800000190734863,2.3499999046325684,2.4000000953674316,8027500,0.0,0.0,0.008172643858668102,-7.21999979019165,-1.0,-0.12999987602233887,0.0,0.0,0.7511111111111112,0.6244444444444444,0.3755555555555556
2023-05-18,2.440000057220459,2.5,2.359999895095825,2.4200000762939453,10260600,0.0,0.0,0.010533171073832207,-7.199999809265137,1.0,0.019999980926513672,0.0,0.0,0.02366863905325444,0.5,0.5
2023-05-19,2.440000057220459,2.450000047683716,2.200000047683716,2.2100000381469727,6303100,0.0,0.0,0.005909047475793306,-7.409999847412109,-1.0,-0.21000003814697266,0.14999985694885254,0.0004097748421693993,2.0,0.0,1.0
2023-05-22,2.240000009536743,2.4100000858306885,2.2139999866485596,2.4100000858306885,6769500,0.0,0.0,0.006920614389049093,-7.2099997997283936,-1.0,-0.009999990463256836,0.0,0.0,0.25,0.875,0.125
2023-05-23,2.4200000762939453,2.5799999237060547,2.359999895095825,2.440000057220459,7589700,0.0,0.0,0.007855710078112603,-7.179999828338623,1.0,0.029999971389770508,0.12999987602233887,0.00032782117949739455,2.0,0.9998361162725298,0.0001638837274702774
2023-05-24,2.4000000953674316,2.4200000762939453,2.2899999618530273,2.4000000953674316,5927700,0.0,0.0,0.006034877732921446,-7.21999979019165,-1.0,-0.039999961853027344,0.0,0.0,1.7777777777777777,0.11111111111111116,0.8888888888888888
2023-05-26,2.4000000953674316,2.4700000286102295,2.319999933242798,2.3499999046325684,7350100,0.0,0.0,0.0073270995682603755,-7.269999980926514,-1.0,-0.05000019073486328,0.0,0.0,2.0,0.0,1.0
2023-05-30,2.4100000858306885,2.5,2.109999895095825,2.130000114440918,14997400,0.0,0.0,0.013550852010566782,-7.489999771118164,-1.0,-0.26999998092651367,0.0,0.0,2.0,0.0,1.0
2023-05-31,2.190000057220459,2.25,2.109999895095825,2.2100000381469727,6045800,0.0,0.0,0.005667833166085128,-7.409999847412109,-1.0,-0.19000005722045898,0.0,0.0,2.0,0.0,1.0
2023-06-01,2.1600000858306885,2.1689999103546143,2.0,2.0899999141693115,5015500,0.0,0.0,0.004446635222595093,-7.5299999713897705,-1.0,-0.3100001811981201,0.0,0.0,2.0,0.0,1.0
2023-06-02,2.140000104904175,2.180000066757202,1.940000057220459,2.0199999809265137,4745300,0.0,0.0,0.004066174758149897,-7.599999904632568,-1.0,-0.38000011444091797,0.0,0.0,2.0,0.0,1.0
2023-06-05,2.109999895095825,2.109999895095825,1.9600000381469729,2.0,2602200,0.0,0.0,0.002207708191005639,-7.619999885559082,-1.0,-0.40000009536743164,0.0,0.0,2.0,0.0,1.0
2023-06-06,1.9800000190734863,2.1600000858306885,1.940000057220459,2.1500000953674316,4997100,0.0,0.0,0.004557508847291988,-7.46999979019165,-1.0,-0.25,0.0,0.0,2.0,0.0,1.0
2023-06-07,2.1700000762939453,2.2200000286102295,2.0199999809265137,2.069999933242798,3829900,0.0,0.0,0.003363014708528167,-7.549999952316284,1.0,-0.08000016212463379,0.1100001335144043,0.00021227190958339836,2.0,0.0,1.0
2023-06-08,2.069999933242798,2.1500000953674316,2.005000114440918,2.109999895095825,3132900,0.0,0.0,0.0028041417736351048,-7.509999990463257,-1.0,0.039999961853027344,0.0,0.0,0.24999850988912087,0.5,0.5
2023-06-09,2.0899999141693115,2.2699999809265137,1.9900000095367432,2.0399999618530273,7329700,0.0,0.0,0.006342892626824315,-7.579999923706055,-1.0,-0.029999971389770508,0.029999971389770508,1.566402178877045e-05,0.5625,0.7187421679891056,0.2812578320108944
2023-06-12,2.049999952316284,2.069999933242798,2.0199999809265137,2.0399999618530273,2703800,0.0,0.0,0.002339783768013368,-7.579999923706055,-1.0,-0.029999971389770508,0.0,0.0,0.5625,0.71875,0.28125
2023-06-13,2.0899999141693115,2.359999895095825,2.059999942779541,2.299999952316284,11543900,0.0,0.0,0.011262929969429456,-7.319999933242798,1.0,0.25999999046325684,0.08999991416931152,0.00015116875500583232,2.0,0.9999244213350634,7.557866493657443e-05
2023-06-14,2.2899999618530273,2.380000114440918,2.200000047683716,2.2899999618530273,6067500,0.0,0.0,0.005894083184815387,-7.329999923706055,1.0,0.25,0.0,0.0,2.0,0.5,0.5
2023-06-15,2.2300000190734863,2.700000047683716,2.2100000381469727,2.559999942779541,15028100,0.0,0.0,0.016319807534509994,-7.059999942779541,1.0,0.5199999809265137,0.0,0.0,2.0,0.5,0.5
2023-06-16,2.6500000953674316,2.680000066757202,2.4600000381469727,2.509999990463257,8809100,0.0,0.0,0.009379425985753108,-7.109999895095825,1.0,0.4700000286102295,0.0,0.0,2.0,0.5,0.5
2023-06-20,2.5399999618530273,2.6700000762939453,2.3499999046325684,2.5899999141693115,9216800,0.0,0.0,0.010126302902852612,-7.0299999713897705,-1.0,0.07999992370605469,0.0,0.0,2.0,0.5,0.5
2023-06-21,2.5899999141693115,2.5999999046325684,2.3299999237060547,2.4000000953674316,5876300,0.0,0.0,0.005982548378286062,-7.21999979019165,-1.0,-0.1099998950958252,0.13000011444091797,0.0003242000663143091,1.890625,0.0545253999668428,0.9454746000331572
2023-06-22,2.369999885559082,2.5899999141693115,2.3399999141693115,2.390000104904175,6524100,0.0,0.0,0.006614385912369069,-7.229999780654907,-1.0,-0.11999988555908203,0.0,0.0,2.0,0.0,1.0
2023-06-23,2.369999885559082,2.372999906539917,2.130000114440918,2.3399999141693115,10400200,0.0,0.0,0.01032353734782529,-7.2799999713897705,-1.0,-0.1700000762939453,0.0,0.0,2.0,0.0,1.0
2023-06-26,2.299999952316284,2.4200000762939453,2.2300000190734863,2.2799999713897705,4982600,0.0,0.0,0.004819054811965751,-7.3399999141693115,1.0,-0.059999942779541016,0.0,0.0,0.5625,0.71875,0.28125
2023-06-27,2.2799999713897705,2.4000000953674316,2.2300000190734863,2.380000114440918,3943900,0.0,0.0,0.003981748941772696,-7.239999771118164,1.0,0.040000200271606445,0.02700018882751465,1.3907737912735343e-05,0.4444497426559338,0.9999687089418889,3.1291058111077185e-05
2023-06-28,2.369999885559082,2.4000000953674316,2.240000009536743,2.299999952316284,4308500,0.0,0.0,0.004203634280727208,-7.319999933242798,1.0,-0.039999961853027344,0.0,0.0,0.9999880791662571,0.5000059604168714,0.49999403958312855
2023-06-29,2.319999933242798,2.5899999141693115,2.2699999809265137,2.450000047683716,9942900,0.0,0.0,0.010333564750780821,-7.169999837875366,1.0,0.1100001335144043,0.18999981880187988,0.0007022117333243121,2.0,0.9996490173653999,0.00035098263460005144
2023-06-30,2.509999990463257,2.549999952316284,2.3299999237060547,2.3499999046325684,4166300,0.0,0.0,0.004153262531291167,-7.269999980926514,1.0,0.009999990463256836,0.0,0.0,0.0625,0.5,0.5
2023-07-03,2.3949999809265137,2.430000066757202,2.2799999713897705,2.390000104904175,3630100,0.0,0.0,0.0036803363376543825,-7.229999780654907,-1.0,0.040000200271606445,0.0,0.0,1.000011920975851,0.5,0.5
2023-07-05,2.359999895095825,2.4000000953674316,2.259999990463257,2.2799999713897705,2921900,0.0,0.0,0.0028259937091242985,-7.3399999141693115,-1.0,-0.06999993324279785,0.06999993324279785,9.095009185220714e-05,2.0,0.0,1.0
2023-07-06,2.2200000286102295,2.240000009536743,2.0799999237060547,2.0799999237060547,5894300,0.0,0.0,0.005200756924699021,-7.539999961853027,-1.0,-0.26999998092651367,0.0,0.0,2.0,0.0,1.0
2023-07-07,2.109999895095825,2.239000082015991,2.0899999141693115,2.109999895095825,4492700,0.0,0.0,0.004021247963998351,-7.509999990463257,-1.0,-0.24000000953674316,0.0,0.0,2.0,0.0,1.0
2023-07-10,2.130000114440918,2.140000104904175,2.0399999618530273,2.0899999141693115,3864600,0.0,0.0,0.0034262718535023424,-7.5299999713897705,-1.0,-0.25999999046325684,0.0,0.0,2.0,0.0,1.0
2023-07-11,2.0999999046325684,2.130000114440918,2.0,2.069999933242798,5100100,0.0,0.0,0.004478370535774955,-7.549999952316284,-1.0,-0.2799999713897705,0.0,0.0,2.0,0.0,1.0
2023-07-12,2.1700000762939453,2.1700000762939453,2.065000057220459,2.0999999046325684,4409600,0.0,0.0,0.0039281627379929174,-7.519999980926514,1.0,0.029999971389770508,0.029999971389770508,1.59149765156834e-05,0.011479572287112631,0.9986155457223602,0.0013844542776397426
2023-07-13,2.140000104904175,2.180000066757202,2.0799999237060547,2.109999895095825,4565000,0.0,0.0,0.004085960993534506,-7.509999990463257,1.0,0.039999961853027344,0.0,0.0,0.02040812851042246,0.5,0.5
2023-07-14,2.109999895095825,2.109999895095825,1.9800000190734863,2.0299999713897705,4338800,0.0,0.0,0.003736256331794789,-7.5899999141693115,-1.0,-0.07999992370605469,0.08500003814697266,0.00012541650650504368,2.0,0.0,1.0
2023-07-17,2.0299999713897705,2.0799999237060547,2.009999990463257,2.0299999713897705,2828100,0.0,0.0,0.0024353522937099756,-7.5899999141693115,-1.0,-0.07999992370605469,0.0,0.0,2.0,0.0,1.0
2023-07-18,2.0399999618530273,2.0799999237060547,2.0199999809265137,2.0399999618530273,3080100,0.0,0.0,0.002665421992698415,-7.579999923706055,-1.0,-0.06999993324279785,0.0,0.0,2.0,0.0,1.0
2023-07-19,2.049999952316284,2.2300000190734863,2.049999952316284,2.069999933242798,6020700,0.0,0.0,0.005286744472606473,-7.549999952316284,1.0,0.029999971389770508,0.15000009536743164,0.0003947200367430644,0.18367346938775508,0.9978555771207551,0.0021444228792448262
2023-07-20,2.059999942779541,2.0899999141693115,1.8600000143051147,1.8899999856948853,7472300,0.0,0.0,0.005990831455037013,-7.729999899864197,-1.0,-0.1799999475479126,0.15999996662139893,0.00042843092104487767,2.0,0.0,1.0
2023-07-21,1.940000057220459,2.0,1.8899999856948853,1.9600000381469729,3081000,0.0,0.0,0.002561644027167584,-7.659999847412109,-1.0,-0.10999989509582497,0.0,0.0,2.0,0.0,1.0
2023-07-24,1.950000047683716,1.9630000591278076,1.8600000143051147,1.909999966621399,2993800,0.0,0.0,0.0024256444611195664,-7.709999918937683,-1.0,-0.15999996662139893,0.0,0.0,2.0,0.0,1.0
2023-07-25,1.8799999952316284,1.9299999475479128,1.8600000143051147,1.8700000047683716,2421900,0.0,0.0,0.001921183356443648,-7.7499998807907104,-1.0,-0.19999992847442627,0.0,0.0,2.0,0.0,1.0
2023-07-26,1.8799999952316284,1.9700000286102295,1.8600000143051147,1.9299999475479128,2658100,0.0,0.0,0.002176204046046282,-7.689999938011169,1.0,0.05999994277954124,0.006999969482421875,8.285898722574769e-07,0.08999989271163367,0.9999907935196488,9.206480351214837e-06
2023-07-27,1.950000047683716,1.950000047683716,1.7400000095367432,1.75,3881200,0.0,0.0,0.0028812110529800555,-7.869999885559082,-1.0,-0.17999994754791282,0.12000000476837158,0.00023249470934454147,2.0,0.0,1.0
2023-07-28,1.7999999523162842,1.8799999952316284,1.75,1.8700000047683716,2724200,0.0,0.0,0.002160984227104251,-7.7499998807907104,-1.0,-0.05999994277954124,0.0,0.0,1.0,0.5,0.5
2023-07-31,1.8799999952316284,2.0199999809265137,1.8799999952316284,2.009999990463257,3789700,0.0,0.0,0.003231259876341754,-7.609999895095825,1.0,0.13999998569488525,0.06999993324279763,8.461082898201391e-05,2.0,0.9999576963751814,4.230362481862454e-05
2023-08-01,1.9700000286102295,2.2100000381469727,1.950000047683716,2.119999885559082,6999900,0.0,0.0,0.006295042608532663,-7.5,1.0,0.24999988079071045,0.0,0.0,2.0,0.5,0.5
2023-08-02,2.049999952316284,2.049999952316284,1.940000057220459,1.9800000190734863,2594900,0.0,0.0,0.002179499738538948,-7.639999866485596,-1.0,-0.1399998664855957,0.0,0.0,0.3135997009276631,0.8432001495361685,0.15679985046383155
2023-08-03,1.9700000286102295,2.059999942779541,1.9600000381469729,2.009999990463257,2031000,0.0,0.0,0.0017317172358894115,-7.609999895095825,1.0,0.029999971389770508,0.0,0.0,0.04591836734693877,0.5,0.5
2023-08-04,2.0399999618530273,2.049999952316284,1.9700000286102295,2.009999990463257,2239000,0.0,0.0,0.0019090669084965005,-7.609999895095825,1.0,0.029999971389770508,0.0,0.0,0.04591836734693877,0.5,0.5
2023-08-07,2.049999952316284,2.049999952316284,1.809999942779541,1.830000042915344,4148400,0.0,0.0,0.00322034741373595,-7.789999842643738,-1.0,-0.17999994754791282,0.15000009536743186,0.000370773061135121,2.0,0.0,1.0
2023-08-08,1.8200000524520872,1.8200000524520872,1.7100000381469729,1.7699999809265137,3029400,0.0,0.0,0.0022745782579201104,-7.849999904632568,-1.0,-0.24000000953674316,0.0,0.0,2.0,0.0,1.0
2023-08-09,1.7799999713897705,1.7799999713897705,1.5099999904632568,1.590000033378601,4074800,0.0,0.0,0.00274836514211848,-8.029999852180481,-1.0,-0.41999995708465576,0.0,0.0,2.0,0.0,1.0
2023-08-10,1.6699999570846558,1.7000000476837158,1.5499999523162842,1.5700000524520874,2094900,0.0,0.0,0.0013951919585057512,-8.049999833106995,-1.0,-0.43999993801116943,0.0,0.0,2.0,0.0,1.0
2023-08-11,1.5399999618530271,1.7100000381469729,1.531000018119812,1.7000000476837158,3294600,0.0,0.0,0.0023758697519745686,-7.919999837875366,-1.0,-0.309999942779541,0.0,0.0,2.0,0.0,1.0
2023-08-14,1.7000000476837158,1.7599999904632568,1.649999976158142,1.7599999904632568,1736100,0.0,0.0,0.0012961593687188064,-7.859999895095825,1.0,0.059999942779541016,0.059999942779541016,5.8271552901660774e-05,0.03746092052588277,0.9984468867885188,0.001553113211481197
2023-08-15,1.7400000095367432,1.75600004196167,1.600000023841858,1.6100000143051147,1858100,0.0,0.0,0.0012690126869784838,-8.009999871253967,-1.0,-0.1499999761581421,0.0,0.0,2.0,0.0,1.0
2023-08-16,1.6100000143051147,1.6100000143051147,1.5199999809265137,1.5299999713897705,2384200,0.0,0.0,0.00154740895952848,-8.089999914169312,-1.0,-0.23000001907348633,0.0,0.0,2.0,0.0,1.0
2023-08-17,1.5399999618530271,1.5499999523162842,1.4199999570846558,1.4199999570846558,3028600,0.0,0.0,0.0018243209691403,-8.199999928474426,-1.0,-0.3400000333786011,0.0,0.0,2.0,0.0,1.0
2023-08-18,1.3899999856948853,1.4299999475479126,1.340000033378601,1.4199999570846558,2651600,0.0,0.0,0.0015972295720043648,-8.199999928474426,-1.0,-0.3400000333786011,0.0,0.0,2.0,0.0,1.0
2023-08-21,1.440000057220459,1.4600000381469729,1.350000023841858,1.3799999952316284,2799900,0.0,0.0,0.0016390515250250554,-8.239999890327454,1.0,-0.039999961853027344,0.0,0.0,0.4444444444444444,0.7777777777777778,0.2222222222222222
2023-08-22,1.4199999570846558,1.440000057220459,1.3200000524520874,1.340000033378601,1914200,0.0,0.0,0.0010880857479856688,-8.279999852180481,-1.0,-0.039999961853027344,0.010000109672546387,1.4586425154839377e-06,0.4444444444444444,0.7777770484565201,0.22222295154347996
2023-08-23,1.3200000524520874,1.440000057220459,1.2999999523162842,1.3899999856948853,2157500,0.0,0.0,0.0012721449578384557,-8.229999899864197,-1.0,0.009999990463256836,0.0,0.0,0.0625,0.5,0.5
2023-08-24,1.4299999475479126,1.434999942779541,1.2799999713897705,1.2999999523162842,2306300,0.0,0.0,0.0012718331370384685,-8.319999933242798,-1.0,-0.08000004291534424,0.040000081062316895,2.3113999379794313e-05,2.0,0.0,1.0
2023-08-25,1.309999942779541,1.3700000047683716,1.2699999809265137,1.309999942779541,1888400,0.0,0.0,0.0010493884242541603,-8.309999942779541,-1.0,-0.0700000524520874,0.0,0.0,2.0,0.0,1.0
2023-08-28,1.3300000429153442,1.3899999856948853,1.3200000524520874,1.3700000047683716,1273900,0.0,0.0,0.0007403326569452425,-8.24999988079071,1.0,0.060000061988830566,0.0,0.0,0.734694294609506,0.5,0.5
2023-08-29,1.4500000476837158,1.6699999570846558,1.4299999475479126,1.6100000143051147,9258100,0.0,0.0,0.0063229354487463005,-8.009999871253967,1.0,0.30000007152557373,0.0,0.0,2.0,0.5,0.5
2023-08-30,1.6699999570846558,1.7799999713897705,1.559999942779541,1.7400000095367432,7073100,0.0,0.0,0.00522071576954403,-7.879999876022339,1.0,0.43000006675720215,0.0,0.0,2.0,0.5,0.5
2023-08-31,1.7599999904632568,1.7899999618530271,1.6100000143051147,1.6399999856948853,3502000,0.0,0.0,0.002436301242917606,-7.979999899864197,1.0,0.33000004291534424,0.0,0.0,2.0,0.5,0.5
2023-09-01,1.7000000476837158,1.7699999809265137,1.6699999570846558,1.7200000286102295,3762100,0.0,0.0,0.0027449206234115837,-7.8999998569488525,1.0,0.4100000858306885,0.0,0.0,2.0,0.5,0.5
2023-09-05,1.7899999618530271,1.809999942779541,1.6699999570846558,1.7100000381469729,4241100,0.0,0.0,0.0030764200530990922,-7.909999847412109,1.0,0.40000009536743186,0.0,0.0,2.0,0.5,0.5
2023-09-06,1.6799999475479126,1.7400000095367432,1.6200000047683716,1.690000057220459,1892900,0.0,0.0,0.0013570173218541732,-7.929999828338623,-1.0,-0.019999980926513894,0.04999995231628418,3.9755097644520536e-05,0.0024999940395405494,0.9987301254314075,0.0012698745685925349
2023-09-07,1.6299999952316284,1.6399999856948853,1.559999942779541,1.590000033378601,2196100,0.0,0.0,0.0014812223148636483,-8.029999852180481,-1.0,-0.1200000047683718,0.0,0.0,0.08999996423722544,0.9550000178813873,0.04499998211861272
2023-09-08,1.625,1.7400000095367432,1.600000023841858,1.690000057220459,2676100,0.0,0.0,0.0019184922896159085,-7.929999828338623,1.0,0.10000002384185791,0.0,0.0,0.6944447203918878,0.5,0.5
2023-09-11,1.7400000095367432,1.7999999523162842,1.659999966621399,1.7300000190734863,2683300,0.0,0.0,0.001969184185656608,-7.889999866485596,1.0,0.13999998569488525,0.0,0.0,1.3611107247847474,0.5,0.5
2023-09-12,1.6799999475479126,1.7999999523162842,1.6699999570846558,1.7100000381469729,2408900,0.0,0.0,0.0017473740930207737,-7.909999847412109,1.0,0.1200000047683718,0.0,0.0,1.0,0.5,0.5
2023-09-13,1.690000057220459,1.7200000286102295,1.600000023841858,1.600000023841858,2586300,0.0,0.0,0.0017553749225979465,-8.019999861717224,-1.0,-0.11000001430511497,0.059999942779541016,5.5969696359041616e-05,0.8402779295488653,0.5798330503773879,0.42016694962261214
2023-09-14,1.6399999856948853,1.6799999475479126,1.5800000429153442,1.6100000143051147,1668400,0.0,0.0,0.0011394546940180306,-8.009999871253967,-1.0,-0.10000002384185813,0.0,0.0,0.6944447203918909,0.6527776398040546,0.34722236019594543
2023-09-15,1.6200000047683716,1.659999966621399,1.590000033378601,1.659999966621399,4781200,0.0,0.0,0.003366789708012526,-7.959999918937683,-1.0,-0.05000007152557395,0.0,0.0,0.1736115940194303,0.9131942029902849,0.08680579700971515
2023-09-18,1.6399999856948853,1.649999976158142,1.5700000524520874,1.6299999952316284,1610900,0.0,0.0,0.001113851221392299,-7.989999890327454,-1.0,-0.08000004291534446,0.0,0.0,0.4444448859604246,0.7777775570197877,0.2222224429802123
2023-09-19,1.590000033378601,1.6200000047683716,1.5700000524520874,1.600000023841858,1163800,0.0,0.0,0.0007898949599503114,-8.019999861717224,-1.0,-0.11000001430511497,0.0,0.0,0.8402779295488653,0.5798610352255673,0.42013896477443263
2023-09-20,1.6399999856948853,1.649999976158142,1.5800000429153442,1.590000033378601,1075500,0.0,0.0,0.0007254016664249597,-8.029999852180481,1.0,-0.009999990463256836,0.0,0.0,0.006944430647080345,0.9965277846764599,0.0034722153235401724
2023-09-21,1.5499999523162842,1.5700000524520874,1.4800000190734863,1.4800000190734863,1891800,0.0,0.0,0.0011877032445936201,-8.139999866485596,-1.0,-0.11000001430511475,0.0,0.0,0.8402779295488617,0.5798610352255691,0.42013896477443086
2023-09-22,1.4900000095367432,1.5,1.399999976158142,1.4199999570846558,1701400,0.0,0.0,0.0010248628729100267,-8.199999928474426,-1.0,-0.1700000762939453,0.0,0.0,2.0,0.0,1.0
2023-09-25,1.409999966621399,1.409999966621399,1.2899999618530271,1.350000023841858,2136600,0.0,0.0,0.0012235676918915465,-8.269999861717224,-1.0,-0.24000000953674316,0.0,0.0,2.0,0.0,1.0
2023-09-26,1.2999999523162842,1.350000023841858,1.2799999713897705,1.2799999713897705,1390200,0.0,0.0,0.0007548458033442616,-8.339999914169312,-1.0,-0.31000006198883057,0.0,0.0,2.0,0.0,1.0
2023-09-27,1.309999942779541,1.524999976158142,1.2999999523162842,1.4700000286102295,5244600,0.0,0.0,0.0032703987986570375,-8.149999856948853,1.0,0.19000005722045898,0.11500000953674316,0.00019910425921501186,0.3756504402328274,0.9994702554196677,0.00052974458033227
2023-09-28,1.5099999904632568,1.5399999618530271,1.409999966621399,1.4299999475479126,2605900,0.0,0.0,0.001580755742526731,-8.18999993801117,1.0,0.1499999761581421,0.0,0.0,0.23413094535973072,0.5,0.5
2023-09-29,1.4500000476837158,1.5499999523162842,1.4500000476837158,1.5099999904632568,2223300,0.0,0.0,0.0014241181233177228,-8.109999895095825,1.0,0.23000001907348633,0.0,0.0,0.5504681333779285,0.5,0.5
2023-10-02,1.5499999523162842,1.590000033378601,1.350000023841858,1.399999976158142,2727500,0.0,0.0,0.0016198089277900836,-8.21999990940094,1.0,0.12000000476837158,0.059999942779541016,5.327924315071671e-05,0.14984386457282153,0.9996445613185524,0.0003554386814476418
2023-10-03,1.3899999856948853,1.4199999570846558,1.350000023841858,1.3600000143051147,1263000,0.0,0.0,0.0007286404283709985,-8.259999871253967,1.0,0.08000004291534424,0.10000002384185791,0.00014656832542997322,0.06659733930193686,0.9978040194133033,0.002195980586696668
2023-10-04,1.4600000381469729,1.4600000381469729,1.3200000524520874,1.4299999475479126,1798900,0.0,0.0,0.0010912243390887358,-8.18999993801117,1.0,0.1499999761581421,0.029999971389770508,1.3417570446268373e-05,0.23413094535973072,0.9999426953086619,5.7304691338093664e-05
2023-10-05,1.3899999856948853,1.440000057220459,1.3700000047683716,1.4299999475479126,1202000,0.0,0.0,0.0007291409503500252,-8.18999993801117,1.0,0.1499999761581421,0.0,0.0,0.23413094535973072,0.5,0.5
2023-10-06,1.3799999952316284,1.4800000190734863,1.3799999952316284,1.4700000286102295,1124800,0.0,0.0,0.0007013965924435487,-8.149999856948853,1.0,0.19000005722045898,0.0,0.0,0.3756504402328274,0.5,0.5
2023-10-09,1.4299999475479126,1.5399999618530271,1.409999966621399,1.5399999618530271,1541400,0.0,0.0,0.0010069480506563879,-8.079999923706055,1.0,0.2599999904632566,0.0,0.0,0.7034335900704988,0.5,0.5
2023-10-10,1.4600000381469729,1.5440000295639038,1.4500000476837158,1.4600000381469729,1610300,0.0,0.0,0.0009973111185882658,-8.15999984741211,1.0,0.18000006675720237,0.0,0.0,0.3371489185736353,0.5,0.5
2023-10-11,1.4299999475479126,1.4700000286102295,1.399999976158142,1.399999976158142,1164100,0.0,0.0,0.0006913362320221581,-8.21999990940094,-1.0,-0.06000006198883079,0.009999990463256836,1.4799789764087974e-06,0.11111125828306824,0.9444436308689776,0.055556369131022326
2023-10-12,1.399999976158142,1.409999966621399,1.350000023841858,1.3600000143051147,927400,0.0,0.0,0.0005350286090825526,-8.259999871253967,-1.0,-0.10000002384185813,0.0,0.0,0.3086418935464769,0.8456790532267615,0.15432094677323846
2023-10-13,1.3799999952316284,1.3899999856948853,1.2999999523162842,1.309999942779541,1040000,0.0,0.0,0.0005779305026606263,-8.309999942779541,-1.0,-0.15000009536743186,0.0,0.0,0.694444812374263,0.6527775938128685,0.3472224061871315
2023-10-16,1.340000033378601,1.350000023841858,1.309999942779541,1.340000033378601,1051500,0.0,0.0,0.0005977025201164616,-8.279999852180481,-1.0,-0.1200000047683718,0.0,0.0,0.444444150100678,0.777777924949661,0.222222075050339
2023-10-17,1.340000033378601,1.4500000476837158,1.340000033378601,1.440000057220459,1627600,0.0,0.0,0.0009942170148391056,-8.179999828338623,1.0,0.10000002384185791,0.060000061988830566,5.380180041007969e-05,0.6944447203918878,0.9999225314400378,7.74685599621516e-05
2023-10-18,1.409999966621399,1.409999966621399,1.350000023841858,1.3600000143051147,805500,0.0,0.0,0.00046470298103946104,-8.259999871253967,1.0,0.019999980926513672,0.0,0.0,0.02777772258832138,0.5,0.5
2023-10-19,1.3600000143051147,1.3799999952316284,1.3200000524520874,1.350000023841858,1063300,0.0,0.0,0.0006089204936760654,-8.269999861717224,-1.0,-0.009999990463256836,0.019999980926513672,5.8485493441233765e-06,0.25,0.8749970757253279,0.12500292427467205
2023-10-20,1.3300000429153442,1.350000023841858,1.2999999523162842,1.2999999523162842,1087400,0.0,0.0,0.0005996580467483115,-8.319999933242798,-1.0,-0.060000061988830566,0.0,0.0,2.0,0.0,1.0
2023-10-23,1.2999999523162842,1.3899999856948853,1.2300000190734863,1.3200000524520874,1472500,0.0,0.0,0.0008245182117768706,-8.299999833106995,-1.0,-0.039999961853027344,0.009999990463256836,1.451586780182005e-06,2.0,0.0,1.0
2023-10-24,1.3200000524520874,1.3799999952316284,1.309999942779541,1.3300000429153442,1114200,0.0,0.0,0.0006286165486705419,-8.289999842643738,-1.0,-0.029999971389770508,0.029999971389770508,1.3095818170825138e-05,2.0,0.0,1.0
2023-10-25,1.340000033378601,1.340000033378601,1.2599999904632568,1.2799999713897705,948400,0.0,0.0,0.0005149588259902875,-8.339999914169312,-1.0,-0.08000004291534424,0.0,0.0,2.0,0.0,1.0
2023-10-26,1.309999942779541,1.3300000429153442,1.2599999904632568,1.2699999809265137,937000,0.0,0.0,0.0005047941416414872,-8.349999904632568,-1.0,-0.09000003337860107,0.0,0.0,2.0,0.0,1.0
2023-10-27,1.2799999713897705,1.2999999523162842,1.2300000190734863,1.25,696100,0.0,0.0,0.0003691073110634812,-8.369999885559082,-1.0,-0.11000001430511475,0.0,0.0,2.0,0.0,1.0
2023-10-30,1.25,1.2799999713897705,1.2000000476837158,1.2200000286102295,1016800,0.0,0.0,0.0005262188233675176,-8.399999856948853,-1.0,-0.13999998569488525,0.0,0.0,2.0,0.0,1.0
2023-10-31,1.2100000381469729,1.2699999809265137,1.159999966621399,1.2699999809265137,1170600,0.0,0.0,0.0006306424996857257,-8.349999904632568,-1.0,-0.09000003337860107,0.0,0.0,2.0,0.0,1.0
2023-11-01,1.2699999809265137,1.2799999713897705,1.1699999570846558,1.190000057220459,1046000,0.0,0.0,0.000528019142611912,-8.429999828338623,1.0,-0.07999992370605469,0.0,0.0,2.0,0.0,1.0
2023-11-02,1.2599999904632568,1.309999942779541,1.2200000286102295,1.309999942779541,2247000,0.0,0.0,0.0012486633071907955,-8.309999942779541,1.0,0.039999961853027344,0.039999961853027344,2.3169524057656792e-05,0.25,0.9999073304922029,9.26695077970659e-05
2023-11-03,1.340000033378601,1.4500000476837158,1.340000033378601,1.440000057220459,2091000,0.0,0.0,0.0012772842086683275,-8.179999828338623,1.0,0.1700000762939453,0.0,0.0,2.0,0.5,0.5
2023-11-06,1.5099999904632568,1.6200000047683716,1.4299999475479126,1.4700000286102295,4104100,0.0,0.0,0.0025592120866354626,-8.149999856948853,1.0,0.20000004768371582,0.0,0.0,2.0,0.5,0.5
2023-11-07,1.4800000190734863,1.7000000476837158,1.4800000190734863,1.559999942779541,4318600,0.0,0.0,0.0028578442972454566,-8.059999942779541,1.0,0.28999996185302734,0.0,0.0,2.0,0.5,0.5
2023-11-08,1.6399999856948853,1.649999976158142,1.4700000286102295,1.4900000095367432,2563500,0.0,0.0,0.001620281949112447,-8.129999876022339,-1.0,-0.06999993324279785,0.0,0.0,0.05826387566110041,0.9708680621694498,0.029131937830550205
2023-11-09,1.5399999618530271,1.600000023841858,1.4800000190734863,1.5399999618530271,1931700,0.0,0.0,0.001261918742346532,-8.079999923706055,-1.0,-0.019999980926513894,0.0,0.0,0.004756234747845037,0.9976218826260774,0.0023781173739225183
2023-11-13,1.5399999618530271,1.8049999475479128,1.5199999809265137,1.7799999713897705,3849400,0.0,0.0,0.002906591760332382,-7.8399999141693115,1.0,0.2200000286102295,0.0,0.0,2.0,0.5,0.5
2023-11-14,1.840000033378601,1.8899999856948853,1.7799999713897705,1.8799999952316284,3201700,0.0,0.0,0.002553344915602861,-7.739999890327454,1.0,0.3200000524520874,0.0,0.0,2.0,0.5,0.5
2023-11-15,1.8899999856948853,2.0899999141693115,1.8600000143051147,1.9299999475479128,4788200,0.0,0.0,0.003920131000819686,-7.689999938011169,1.0,0.3700000047683718,0.0,0.0,2.0,0.5,0.5
2023-11-16,1.909999966621399,1.909999966621399,1.7599999904632568,1.7899999618530271,2599500,0.0,0.0,0.0019738486286961423,-7.829999923706055,-1.0,-0.1399999856948857,0.019999980926513672,6.524325911179862e-06,0.14317016427595802,0.9284116556990654,0.0715883443009346
2023-11-17,1.809999942779541,1.8799999952316284,1.7799999713897705,1.7999999523162842,1725900,0.0,0.0,0.0013178291904260742,-7.819999933242798,-1.0,-0.12999999523162864,0.0,0.0,0.12344775985848284,0.9382761200707586,0.06172387992924142
2023-11-20,1.840000033378601,1.950000047683716,1.7999999523162842,1.830000042915344,2611000,0.0,0.0,0.0020268843643970126,-7.789999842643738,1.0,0.030000090599059837,0.04000008106231712,2.636615768597525e-05,0.05325476343052096,0.9995051501743722,0.0004948498256277781
2023-11-21,1.850000023841858,1.8600000143051147,1.7300000190734863,1.7400000095367432,1548300,0.0,0.0,0.0011428135083605521,-7.879999876022339,-1.0,-0.09000003337860085,0.04999995231628418,4.026120407470838e-05,2.0,0.0,1.0
2023-11-22,1.809999942779541,1.850000023841858,1.7400000095367432,1.7699999809265137,1096400,0.0,0.0,0.0008232150267325572,-7.849999904632568,-1.0,-0.060000061988830344,0.0,0.0,2.0,0.0,1.0
2023-11-24,1.7699999809265137,1.8849999904632568,1.7200000286102295,1.8600000143051147,1152400,0.0,0.0,0.0009092581404811801,-7.759999871253967,-1.0,0.02999997138977073,0.02499997615814209,1.037900594919697e-05,0.24999900659127247,0.9999584855347554,4.151446524458924e-05
2023-11-27,1.8799999952316284,1.950000047683716,1.8229999542236328,1.8899999856948853,1597500,0.0,0.0,0.0012807774379269606,-7.729999899864197,1.0,0.029999971389770508,0.0,0.0,0.2499990065912688,0.5,0.5
2023-11-29,1.909999966621399,1.9700000286102295,1.7899999618530271,1.8200000524520872,2916800,0.0,0.0,0.002251899749354045,-7.799999833106995,-1.0,-0.06999993324279807,0.0,0.0,2.0,0.0,1.0
2023-11-30,1.7899999618530271,1.8200000524520872,1.6799999475479126,1.7000000476837158,2380700,0.0,0.0,0.0017168193767151871,-7.919999837875366,-1.0,-0.18999993801116943,0.0,0.0,2.0,0.0,1.0
2023-12-01,1.7100000381469729,1.809999942779541,1.6449999809265137,1.7999999523162842,2483300,0.0,0.0,0.0018961499673127468,-7.819999933242798,-1.0,-0.09000003337860107,0.0,0.0,2.0,0.0,1.0
2023-12-04,1.809999942779541,1.8200000524520872,1.75,1.7799999713897705,1503600,0.0,0.0,0.0011353331352511483,-7.8399999141693115,1.0,-0.019999980926513672,0.0,0.0,0.4444444444444444,0.7777777777777778,0.2222222222222222
2023-12-05,1.7699999809265137,1.7949999570846558,1.7000000476837158,1.7100000381469729,1687300,0.0,0.0,0.001223938024473391,-7.909999847412109,-1.0,-0.06999993324279763,0.0,0.0,2.0,0.0,1.0
2023-12-06,1.7300000190734863,1.7599999904632568,1.6710000038146973,1.6799999475479126,1104800,0.0,0.0,0.000787342934420118,-7.939999938011169,-1.0,-0.10000002384185791,0.0,0.0,2.0,0.0,1.0
2023-12-07,1.6799999475479126,1.7000000476837158,1.6200000047683716,1.6399999856948853,1371600,0.0,0.0,0.0009542063920005106,-7.979999899864197,-1.0,-0.13999998569488525,0.0,0.0,2.0,0.0,1.0
2023-12-08,1.6100000143051147,1.7599999904632568,1.6100000143051147,1.7400000095367432,1669300,0.0,0.0,0.0012321246460674738,-7.879999876022339,-1.0,-0.039999961853027344,0.0,0.0,1.7777777777777777,0.11111111111111116,0.8888888888888888
2023-12-11,1.7699999809265137,1.8049999475479128,1.7200000286102295,1.7899999618530271,1700000,0.0,0.0,0.001290841572911499,-7.829999923706055,1.0,0.04999995231628396,0.104999899864197,0.00017982673292689572,1.562499999999986,0.9998849241349056,0.00011507586509442474
2023-12-12,1.7999999523162842,1.7999999523162842,1.6510000228881836,1.6699999570846558,1618600,0.0,0.0,0.0011466397595962156,-7.949999928474426,-1.0,-0.12000000476837136,0.0,0.0,2.0,0.0,1.0
2023-12-13,1.7000000476837158,1.840000033378601,1.6699999570846558,1.840000033378601,2184900,0.0,0.0,0.0017053769798281585,-7.779999852180481,1.0,0.1700000762939453,0.035000085830688255,2.0238533559545984e-05,2.0,0.9999898808356188,1.011916438124903e-05
2023-12-14,1.8899999856948853,1.940000057220459,1.840000033378601,1.8799999952316284,2754600,0.0,0.0,0.002196784178567524,-7.739999890327454,1.0,0.21000003814697266,0.0,0.0,2.0,0.5,0.5
2023-12-15,1.8899999856948853,1.9700000286102295,1.8799999952316284,1.919999957084656,2703000,0.0,0.0,0.0022014978489852607,-7.699999928474426,1.0,0.2500000000000002,0.0,0.0,2.0,0.5,0.5
2023-12-18,1.8899999856948853,1.950000047683716,1.7699999809265137,1.7799999713897705,2192300,0.0,0.0,0.0016553543711167148,-7.8399999141693115,-1.0,-0.13999998569488548,0.0700000524520874,7.971950897060325e-05,0.3135999359130897,0.8431601722889699,0.15683982771103017
2023-12-19,1.7799999713897705,1.8700000047683716,1.7200000286102295,1.7799999713897705,2195300,0.0,0.0,0.001657619600835891,-7.8399999141693115,-1.0,-0.13999998569488548,0.0,0.0,0.3135999359130897,0.8432000320434552,0.15679996795654486
2023-12-20,1.7699999809265137,1.8200000524520872,1.659999966621399,1.6699999570846558,1838600,0.0,0.0,0.0013024909563781057,-7.949999928474426,-1.0,-0.2500000000000002,0.0,0.0,1.0,0.5,0.5
2023-12-21,1.7400000095367432,1.746999979019165,1.6699999570846558,1.7400000095367432,1015800,0.0,0.0,0.0007497706915924878,-7.879999876022339,-1.0,-0.17999994754791282,0.0,0.0,0.5183996978760209,0.7408001510619895,0.25919984893801046
2023-12-22,1.7799999713897705,1.919999957084656,1.7450000047683716,1.850000023841858,3289600,0.0,0.0,0.0025815814260328604,-7.769999861717224,1.0,0.11000001430511475,0.0999999046325688,0.0001656369212421866,0.37345710490808903,0.9995566733426579,0.0004433266573420968
2023-12-26,1.8700000047683716,1.9900000095367432,1.8650000095367432,1.9700000286102295,2676400,0.0,0.0,0.002236599659478963,-7.6499998569488525,1.0,0.23000001907348633,0.0,0.0,1.632717271728207,0.5,0.5
2023-12-27,2.0199999809265137,2.190000057220459,1.9700000286102295,2.109999895095825,4900100,0.0,0.0,0.004385896487276765,-7.509999990463257,1.0,0.36999988555908203,0.0,0.0,2.0,0.5,0.5
2023-12-28,2.130000114440918,2.3499999046325684,2.125,2.3299999237060547,6152700,0.0,0.0,0.006081247056128723,-7.289999961853027,1.0,0.5899999141693115,0.0,0.0,2.0,0.5,0.5
2023-12-29,2.3299999237060547,2.3299999237060547,2.109999895095825,2.140000104904175,4008300,0.0,0.0,0.0036386896388076236,-7.479999780654907,-1.0,-0.18999981880187988,0.0,0.0,0.10370566402780265,0.9481471679860987,0.051852832013901326
2024-01-02,2.069999933242798,2.130000114440918,1.9700000286102295,2.0,4723600,0.0,0.0,0.0040075053458743515,-7.619999885559082,-1.0,-0.3299999237060547,0.0,0.0,0.3128410839718789,0.8435794580140605,0.15642054198593944
2024-01-03,1.950000047683716,1.950000047683716,1.850000023841858,1.8799999952316284,2730500,0.0,0.0,0.002177564510120752,-7.739999890327454,-1.0,-0.44999992847442627,0.0,0.0,0.5817293724351017,0.7091353137824492,0.29086468621755085
2024-01-04,1.919999957084656,2.009999990463257,1.8799999952316284,1.9900000095367432,2324200,0.0,0.0,0.0019619935535757763,-7.629999876022339,1.0,0.11000001430511475,0.0,0.0,0.059753120956117414,0.5,0.5
2024-01-05,1.9900000095367432,2.0199999809265137,1.9049999713897705,1.940000057220459,1638000,0.0,0.0,0.001347989908470631,-7.679999828338623,1.0,0.060000061988830566,0.0,0.0,0.017777820163334956,0.5,0.5
2024-01-08,1.9900000095367432,2.2200000286102295,1.965000033378601,2.190000057220459,4803500,0.0,0.0,0.004462445468054462,-7.429999828338623,1.0,0.31000006198883057,0.0,0.0,0.47456824188871877,0.5,0.5
2024-01-09,2.2200000286102295,2.240000009536743,2.0399999618530273,2.0399999618530273,2937500,0.0,0.0,0.0025420204225679666,-7.579999923706055,1.0,0.15999996662139893,0.0,0.0,0.12641974052774396,0.5,0.5
2024-01-10,2.069999933242798,2.190000057220459,2.0299999713897705,2.059999942779541,3497300,0.0,0.0,0.003056124883251114,-7.559999942779541,-1.0,0.019999980926513672,0.0,0.0,0.001975305502307526,0.5,0.5
2024-01-11,2.049999952316284,2.049999952316284,1.850000023841858,1.9900000095367432,3703700,0.0,0.0,0.0031265104226738676,-7.629999876022339,-1.0,-0.04999995231628418,0.18999993801116943,0.0006200944677130591,2.0,0.0,1.0
2024-01-12,2.0,2.0299999713897705,1.955000042915344,2.0,1504300,0.0,0.0,0.0012762491091114375,-7.619999885559082,-1.0,-0.039999961853027344,0.0,0.0,2.0,0.0,1.0
2024-01-16,1.9700000286102295,1.9900000095367432,1.840000033378601,1.850000023841858,2324900,0.0,0.0,0.0018245132105373897,-7.769999861717224,-1.0,-0.18999993801116943,0.0,0.0,2.0,0.0,1.0
2024-01-17,1.830000042915344,1.8550000190734863,1.7100000381469729,1.7799999713897705,2908500,0.0,0.0,0.002196140212741397,-7.8399999141693115,-1.0,-0.25999999046325684,0.0,0.0,2.0,0.0,1.0
2024-01-18,1.8200000524520872,1.830000042915344,1.649999976158142,1.659999966621399,2594600,0.0,0.0,0.0018270460504495316,-7.959999918937683,-1.0,-0.3799999952316284,0.0,0.0,2.0,0.0,1.0
2024-01-19,1.690000057220459,1.7699999809265137,1.6200000047683716,1.7699999809265137,2584400,0.0,0.0,0.0019404568725717084,-7.849999904632568,-1.0,-0.26999998092651367,0.0,0.0,2.0,0.0,1.0
2024-01-22,1.809999942779541,1.950000047683716,1.8049999475479128,1.950000047683716,3379500,0.0,0.0,0.0027954908399042636,-7.669999837875366,1.0,0.18000006675720237,0.12000000476837203,0.00024477768160154973,0.4444448369031263,0.9994495538605502,0.0005504461394497254
2024-01-23,1.9600000381469729,1.9800000190734863,1.8600000143051147,1.940000057220459,2382700,0.0,0.0,0.0019608397771141467,-7.679999828338623,1.0,0.1700000762939453,0.0,0.0,0.39643388234691707,0.5,0.5
2024-01-24,1.9600000381469729,1.9800000190734863,1.840000033378601,1.850000023841858,1841800,0.0,0.0,0.0014453905248259127,-7.769999861717224,-1.0,-0.09000003337860107,0.0,0.0,0.28027677293372344,0.8598616135331383,0.14013838646686172
2024-01-25,1.8799999952316284,1.8799999952316284,1.7599999904632568,1.809999942779541,1228800,0.0,0.0,0.0009434757989807678,-7.809999942779541,-1.0,-0.13000011444091797,0.0,0.0,0.5847755911973631,0.7076122044013184,0.29238779559868155
2024-01-26,1.7899999618530271,1.8799999952316284,1.7899999618530271,1.809999942779541,1365700,0.0,0.0,0.001048587970921252,-7.809999942779541,-1.0,-0.13000011444091797,0.0,0.0,0.5847755911973631,0.7076122044013184,0.29238779559868155
2024-01-29,1.8200000524520872,1.850000023841858,1.7100000381469729,1.830000042915344,1759500,0.0,0.0,0.0013658763076049572,-7.789999842643738,-1.0,-0.11000001430511497,0.0,0.0,0.41868485420285384,0.7906575728985731,0.20934242710142692
2024-01-30,1.7899999618530271,1.7999999523162842,1.7000000476837158,1.7100000381469729,1554500,0.0,0.0,0.0011276072180666664,-7.909999847412109,-1.0,-0.2300000190734861,0.0,0.0,1.830448487614768,0.08477575619261601,0.915224243807384
2024-01-31,1.7000000476837158,1.7309999465942385,1.6200000047683716,1.6200000047683716,1824400,0.0,0.0,0.00125373595295371,-7.9999998807907104,-1.0,-0.3200000524520874,0.0,0.0,2.0,0.0,1.0
2024-02-01,1.649999976158142,1.690000057220459,1.5800000429153442,1.649999976158142,1583100,0.0,0.0,0.0011080600257514519,-7.96999990940094,-1.0,-0.2900000810623169,0.0,0.0,2.0,0.0,1.0
2024-02-02,1.6299999952316284,1.649999976158142,1.5700000524520874,1.6299999952316284,1308100,0.0,0.0,0.0009044812109400126,-7.989999890327454,-1.0,-0.31000006198883057,0.0,0.0,2.0,0.0,1.0
2024-02-05,1.659999966621399,1.690000057220459,1.5700000524520874,1.5800000429153442,1555100,0.0,0.0,0.0010422848396958715,-8.039999842643738,1.0,-0.04999995231628418,0.0,0.0,0.08650494767117349,0.9567475261644133,0.043252473835586745
2024-02-06,1.600000023841858,1.7599999904632568,1.5800000429153442,1.7400000095367432,2286700,0.0,0.0,0.0016878328809456014,-7.879999876022339,1.0,0.11000001430511475,0.11000001430511475,0.00019486465007905924,2.0,0.9999025771670936,9.742283290640761e-05
2024-02-07,1.7100000381469729,1.7200000286102295,1.649999976158142,1.659999966621399,1402800,0.0,0.0,0.0009878132273069462,-7.959999918937683,1.0,0.029999971389770508,0.0,0.0,0.36,0.5,0.5
2024-02-08,1.649999976158142,1.75,1.6200000047683716,1.7200000286102295,1925700,0.0,0.0,0.0014050380490959005,-7.8999998569488525,1.0,0.09000003337860107,0.0,0.0,2.0,0.5,0.5
2024-02-09,1.7300000190734863,1.909999966621399,1.7300000190734863,1.850000023841858,3897700,0.0,0.0,0.003058800439034618,-7.769999861717224,1.0,0.2200000286102295,0.0,0.0,2.0,0.5,0.5
2024-02-12,1.8600000143051147,2.0199999809265137,1.850000023841858,1.9600000381469729,4244900,0.0,0.0,0.003529348500786653,-7.659999847412109,1.0,0.33000004291534446,0.0,0.0,2.0,0.5,0.5
2024-02-13,1.809999942779541,1.8799999952316284,1.7400000095367432,1.7999999523162842,2468000,0.0,0.0,0.0018844674905681388,-7.819999933242798,-1.0,-0.1600000858306887,0.0,0.0,0.2350782443291202,0.8824608778354399,0.1175391221645601
2024-02-14,1.8700000047683716,1.9299999475479128,1.830000042915344,1.909999966621399,2142000,0.0,0.0,0.0017354968387060293,-7.709999918937683,1.0,0.11000001430511475,0.0,0.0,0.47265586582972074,0.5,0.5
2024-02-15,2.130000114440918,2.3299999237060547,1.940000057220459,2.25,13601300,0.0,0.0,0.012981770846059342,-7.369999885559082,1.0,0.4500000476837158,0.0,0.0,2.0,0.5,0.5
2024-02-16,2.259999990463257,2.2699999809265137,2.0799999237060547,2.2100000381469727,7821200,0.0,0.0,0.00733224002755384,-7.409999847412109,1.0,0.4100000858306885,0.0,0.0,2.0,0.5,0.5
2024-02-20,2.1700000762939453,2.259999990463257,2.0399999618530273,2.130000114440918,6310700,0.0,0.0,0.0057020124676999875,-7.489999771118164,-1.0,-0.07999992370605469,0.0,0.0,0.038072487289638884,0.9809637563551805,0.019036243644819442
2024-02-21,2.069999933242798,2.075000047683716,1.899999976158142,1.9299999475479128,4461100,0.0,0.0,0.003652332067949689,-7.689999938011169,-1.0,-0.28000009059905984,0.0,0.0,0.46638916068094,0.76680541965953,0.23319458034047
2024-02-22,2.0799999237060547,2.200000047683716,2.049999952316284,2.059999942779541,4397200,0.0,0.0,0.0038425048856637403,-7.559999942779541,1.0,0.1299999952316282,0.0,0.0,0.2155610691789371,0.5,0.5
2024-02-23,2.069999933242798,2.069999933242798,1.919999957084656,1.950000047683716,3410200,0.0,0.0,0.002820885593206545,-7.669999837875366,-1.0,-0.10999989509582497,0.0,0.0,0.715975018268734,0.6420124908656331,0.357987509134367
2024-02-26,1.950000047683716,2.494999885559082,1.919999957084656,2.490000009536743,15269800,0.0,0.0,0.016128860970273277,-7.129999876022339,1.0,0.5399999618530271,0.2949998378753662,0.001711845281142247,2.0,0.9991448093364798,0.0008551906635202116
2024-02-27,2.7200000286102295,3.4700000286102295,2.640000104904175,3.440000057220459,48832300,0.0,0.0,0.07125849252206028,-6.179999828338623,1.0,1.490000009536743,0.0,0.0,2.0,0.5,0.5
2024-02-28,3.6700000762939458,3.75,3.049999952316284,3.140000104904175,28385900,0.0,0.0,0.03780970873545124,-6.479999780654907,1.0,1.1900000572204588,0.0,0.0,2.0,0.5,0.5
2024-02-29,3.319999933242798,3.549999952316284,3.1500000953674316,3.359999895095825,18683400,0.0,0.0,0.02662969402777848,-6.259999990463257,1.0,1.4099998474121092,0.0,0.0,2.0,0.5,0.5
2024-03-01,3.380000114440918,4.179999828338623,3.140000104904175,3.4600000381469727,46593300,0.0,0.0,0.06838653115011667,-6.159999847412109,1.0,1.5099999904632566,0.0,0.0,2.0,0.5,0.5
2024-03-04,4.099999904632568,4.795000076293945,4.019999980926514,4.329999923706055,67504100,0.0,0.0,0.12399067973246687,-5.289999961853027,1.0,2.379999876022339,0.0,0.0,2.0,0.5,0.5
2024-03-05,4.570000171661377,4.630000114440918,3.5399999618530273,3.75,37653200,0.0,0.0,0.05989687432094012,-5.869999885559082,-1.0,-0.5799999237060547,0.0,0.0,0.059388451830053174,0.9703057740849734,0.029694225915026587
2024-03-06,4.059999942779541,4.269000053405762,3.75,3.819999933242798,24431600,0.0,0.0,0.03959006962141011,-5.799999952316284,-1.0,-0.5099999904632568,0.0,0.0,0.04591837041354736,0.9770408147932264,0.02295918520677368
2024-03-07,3.859999895095825,3.940000057220459,3.569999933242798,3.759999990463257,28669500,0.0,0.0,0.04572765846761172,-5.859999895095825,-1.0,-0.5699999332427979,0.0,0.0,0.0573582299530075,0.9713208850234962,0.02867911497650375
2024-03-08,2.809999942779541,2.950000047683716,2.5199999809265137,2.569999933242798,39702200,0.0,0.0,0.043283132647548093,-7.049999952316284,-1.0,-1.7599999904632568,0.0,0.0,0.5468540867784166,0.7265729566107917,0.2734270433892083
2024-03-11,2.569999933242798,2.619999885559082,2.4000000953674316,2.4200000762939453,16788700,0.0,0.0,0.017234688927279765,-7.199999809265137,-1.0,-1.9099998474121094,0.0,0.0,0.6440399331233527,0.6779800334383237,0.32201996656167636
2024-03-12,2.440000057220459,2.4600000381469727,2.2799999713897705,2.3299999237060547,19024900,0.0,0.0,0.01880395876901902,-7.289999961853027,-1.0,-2.0,0.0,0.0,0.7061648924390345,0.6469175537804828,0.35308244621951723
2024-03-13,2.5999999046325684,2.680000066757202,2.4000000953674316,2.4600000381469727,41114400,0.0,0.0,0.04290422597750394,-7.159999847412109,1.0,0.13000011444091797,0.06000018119812012,7.022295452015612e-05,0.004225007438662942,0.9836509457952229,0.016349054204777003
2024-03-14,2.890000104904175,2.890000104904175,2.359999895095825,2.440000057220459,53874400,0.0,0.0,0.05576263449573365,-7.179999828338623,1.0,0.1100001335144043,0.0,0.0,0.003025007343296693,0.5,0.5
2024-03-15,2.390000104904175,2.559999942779541,2.359999895095825,2.440000057220459,22937000,0.0,0.0,0.02374091493229888,-7.179999828338623,1.0,0.1100001335144043,0.040000200271606445,3.1036694669420944e-05,0.003025007343296693,0.9898441598734039,0.010155840126596071
2024-03-18,2.450000047683716,2.490000009536743,2.190000057220459,2.2100000381469727,19694700,0.0,0.0,0.018463441373531505,-7.409999847412109,-1.0,-0.23000001907348633,0.1699998378753662,0.000526333019497584,2.0,0.0,1.0
2024-03-19,2.049999952316284,2.259999990463257,2.009999990463257,2.200000047683716,14311500,0.0,0.0,0.013356074900635272,-7.419999837875366,-1.0,-0.24000000953674316,0.0,0.0,2.0,0.0,1.0
2024-03-20,2.1500000953674316,2.200000047683716,2.069999933242798,2.1500000953674316,11729700,0.0,0.0,0.010697847056508942,-7.46999979019165,-1.0,-0.28999996185302734,0.0,0.0,2.0,0.0,1.0
2024-03-21,2.180000066757202,2.2200000286102295,2.0350000858306885,2.069999933242798,9744200,0.0,0.0,0.008556329910138688,-7.549999952316284,-1.0,-0.37000012397766113,0.0,0.0,2.0,0.0,1.0
2024-03-22,2.049999952316284,2.059999942779541,1.950000047683716,2.0,9214300,0.0,0.0,0.00781741817861166,-7.619999885559082,-1.0,-0.440000057220459,0.0,0.0,2.0,0.0,1.0
2024-03-25,2.0,2.180000066757202,1.9600000381469729,2.1700000762939453,12320600,0.0,0.0,0.011341293976808709,-7.449999809265137,1.0,0.1700000762939453,0.0,0.0,0.14927695466557017,0.5,0.5
2024-03-26,2.2200000286102295,2.2300000190734863,2.0799999237060547,2.0899999141693115,8677100,0.0,0.0,0.0076929316100049615,-7.5299999713897705,1.0,0.08999991416931152,0.0,0.0,0.0418387522920176,0.5,0.5
2024-03-27,2.0999999046325684,2.180000066757202,2.009999990463257,2.1500000953674316,14418600,0.0,0.0,0.013150206532901935,-7.46999979019165,-1.0,0.06000018119812012,0.0,0.0,0.018595148798899744,0.5,0.5
2024-03-28,2.119999885559082,2.200000047683716,2.0350000858306885,2.049999952316284,6682000,0.0,0.0,0.0058107383882462236,-7.569999933242798,1.0,-0.10000014305114746,0.04499983787536621,3.533703827289692e-05,2.0,0.0,1.0
2024-04-01,2.0399999618530273,2.049999952316284,1.9299999475479128,1.9600000381469729,7168800,0.0,0.0,0.005960374456981167,-7.659999847412109,-1.0,-0.0899999141693113,0.0,0.0,2.0,0.0,1.0
2024-04-02,1.8899999856948853,1.899999976158142,1.830000042915344,1.8600000143051147,7198300,0.0,0.0,0.005679549525013605,-7.759999871253967,-1.0,-0.18999993801116943,0.0,0.0,2.0,0.0,1.0
2024-04-03,1.830000042915344,1.9700000286102295,1.8200000524520872,1.9700000286102295,5433000,0.0,0.0,0.004540220426673593,-7.6499998569488525,-1.0,-0.07999992370605469,0.0,0.0,1.7777636493401248,0.11111817532993762,0.8888818246700624
2024-04-04,2.009999990463257,2.069999933242798,1.919999957084656,1.9299999475479128,6569900,0.0,0.0,0.005378820571881971,-7.689999938011169,1.0,-0.04000008106231667,0.16999995708465576,0.0004887029390627454,0.44444356141577035,0.7775338678225835,0.22246613217741654
2024-04-05,1.950000047683716,2.009999990463257,1.909999966621399,1.950000047683716,3726100,0.0,0.0,0.0030821951231150397,-7.669999837875366,-1.0,0.020000100135803223,0.039999961853027344,2.7197466141361127e-05,0.2500014901153228,0.9998912226176746,0.00010877738232537683
2024-04-08,1.9800000190734863,1.9900000095367432,1.8700000047683716,1.899999976158142,5616400,0.0,0.0,0.00452670952346239,-7.71999990940094,-1.0,-0.02999997138977073,0.0499999523162844,4.1947355806678544e-05,2.0,0.0,1.0
2024-04-09,1.919999957084656,1.940000057220459,1.840000033378601,1.850000023841858,3766800,0.0,0.0,0.002956073965096236,-7.769999861717224,-1.0,-0.07999992370605491,0.0,0.0,2.0,0.0,1.0
2024-04-10,1.7999999523162842,1.840000033378601,1.7599999904632568,1.7799999713897705,4722700,0.0,0.0,0.0035660001315845954,-7.8399999141693115,-1.0,-0.1499999761581423,0.0,0.0,2.0,0.0,1.0
2024-04-11,1.7999999523162842,1.8049999475479128,1.75,1.7599999904632568,3734700,0.0,0.0,0.0027882992882634215,-7.859999895095825,-1.0,-0.16999995708465598,0.0,0.0,2.0,0.0,1.0
2024-04-12,1.7599999904632568,1.7699999809265137,1.6799999475479126,1.75,4989600,0.0,0.0,0.0037040324306784715,-7.869999885559082,-1.0,-0.17999994754791282,0.0,0.0,2.0,0.0,1.0
2024-04-15,1.7300000190734863,1.7400000095367432,1.5499999523162842,1.5800000429153442,6636900,0.0,0.0,0.004448292876713735,-8.039999842643738,-1.0,-0.3499999046325686,0.0,0.0,2.0,0.0,1.0
2024-04-16,1.5499999523162842,1.6399999856948853,1.5499999523162842,1.600000023841858,3177000,0.0,0.0,0.002156295143291063,-8.019999861717224,-1.0,-0.3299999237060549,0.0,0.0,2.0,0.0,1.0
2024-04-17,1.6200000047683716,1.6699999570846558,1.5499999523162842,1.559999942779541,4632700,0.0,0.0,0.0030657007539130797,-8.059999942779541,1.0,-0.040000081062316895,0.0,0.0,2.0,0.0,1.0
2024-04-18,1.5800000429153442,1.600000023841858,1.5199999809265137,1.5299999713897705,2201600,0.0,0.0,0.001428896722295907,-8.089999914169312,-1.0,-0.029999971389770508,0.0,0.0,2.0,0.0,1.0
2024-04-19,1.5199999809265137,1.5449999570846558,1.440000057220459,1.4500000476837158,4290900,0.0,0.0,0.00263929181328305,-8.169999837875366,-1.0,-0.1099998950958252,0.0,0.0,2.0,0.0,1.0
2024-04-22,1.4900000095367432,1.600000023841858,1.4700000286102295,1.559999942779541,4464700,0.0,0.0,0.002954526335829155,-8.059999942779541,1.0,0.1099998950958252,0.0,0.0,1.0,0.5,0.5
2024-04-23,1.6799999475479126,1.75,1.6299999952316284,1.7100000381469729,7038300,0.0,0.0,0.005105460201298565,-7.909999847412109,1.0,0.25999999046325706,0.0,0.0,2.0,0.5,0.5
2024-04-24,1.7899999618530271,1.8200000524520872,1.649999976158142,1.690000057220459,6913900,0.0,0.0,0.004956565091429853,-7.929999828338623,1.0,0.24000000953674316,0.0,0.0,2.0,0.5,0.5
2024-04-25,1.6399999856948853,1.7000000476837158,1.6100000143051147,1.659999966621399,2621900,0.0,0.0,0.0018462699605617924,-7.959999918937683,-1.0,-0.03000009059906006,0.019999980926513672,6.312959982195238e-06,0.01562509313239254,0.9921842969538126,0.007815703046187368
2024-04-26,1.690000057220459,1.7999999523162842,1.6799999475479126,1.7999999523162842,3620300,0.0,0.0,0.0027643183371571446,-7.819999933242798,1.0,0.13999998569488525,0.0,0.0,2.0,0.5,0.5
2024-04-29,1.830000042915344,1.8700000047683716,1.7000000476837158,1.75,5914700,0.0,0.0,0.004390780947918462,-7.869999885559082,1.0,0.09000003337860107,0.0,0.0,2.0,0.5,0.5
2024-04-30,1.7000000476837158,1.7599999904632568,1.649999976158142,1.659999966621399,3896400,0.0,0.0,0.0027437378520664283,-7.959999918937683,-1.0,-0.09000003337860107,0.029999971389770508,1.4204159959939286e-05,1.0,0.49999289792002,0.50000710207998
2024-05-01,1.649999976158142,1.8200000524520872,1.649999976158142,1.7200000286102295,5195600,0.0,0.0,0.0037908374554098045,-7.8999998569488525,1.0,0.060000061988830566,0.0,0.0,0.44444503313227074,0.5,0.5
2024-05-02,1.7599999904632568,1.7649999856948853,1.690000057220459,1.7300000190734863,7899400,0.0,0.0,0.005797105637154179,-7.889999866485596,1.0,0.0700000524520874,0.0,0.0,0.6049387294731826,0.5,0.5
2024-05-03,1.5199999809265137,1.6200000047683716,1.4600000381469729,1.4900000095367432,11236400,0.0,0.0,0.00710206206085707,-8.129999876022339,-1.0,-0.24000000953674316,0.1899999380111692,0.0005461674835772098,2.0,0.0,1.0
2024-05-06,1.5,1.559999942779541,1.4900000095367432,1.5099999904632568,4515400,0.0,0.0,0.0028923055701114767,-8.109999895095825,-1.0,-0.2200000286102295,0.0,0.0,2.0,0.0,1.0
2024-05-07,1.5299999713897705,1.5299999713897705,1.4500000476837158,1.4800000190734863,3081400,0.0,0.0,0.0019345537466385352,-8.139999866485596,-1.0,-0.25,0.0,0.0,2.0,0.0,1.0
2024-05-08,1.4800000190734863,1.4900000095367432,1.4500000476837158,1.4900000095367432,2052300,0.0,0.0,0.0012971736470308076,-8.129999876022339,-1.0,-0.24000000953674316,0.0,0.0,2.0,0.0,1.0
2024-05-09,1.4600000381469729,1.4900000095367432,1.4500000476837158,1.4800000190734863,2334400,0.0,0.0,0.001465574825129161,-8.139999866485596,-1.0,-0.25,0.0,0.0,2.0,0.0,1.0
2024-05-10,1.4900000095367432,1.5099999904632568,1.3899999856948853,1.3899999856948853,4018300,0.0,0.0,0.002369344187291896,-8.229999899864197,-1.0,-0.3400000333786011,0.019999980926513672,5.905538472361698e-06,2.0,0.0,1.0
2024-05-13,1.4299999475479126,1.5800000429153442,1.399999976158142,1.4700000286102295,5747100,0.0,0.0,0.003583744982603413,-8.149999856948853,1.0,0.08000004291534424,0.09000003337860107,0.00012194672426506969,0.05536337032741868,0.997802180274982,0.0021978197250180284
2024-05-14,1.5199999809265137,1.6649999618530271,1.5099999904632568,1.6100000143051147,7937900,0.0,0.0,0.005421288309545507,-8.009999871253967,1.0,0.2200000286102295,0.0,0.0,0.41868514779772187,0.5,0.5
2024-05-15,1.690000057220459,1.7100000381469729,1.600000023841858,1.6799999475479126,7252600,0.0,0.0,0.005168612749977686,-7.939999938011169,1.0,0.28999996185302734,0.0,0.0,0.7275083162817803,0.5,0.5
2024-05-16,1.6799999475479126,1.7100000381469729,1.5299999713897705,1.559999942779541,4835300,0.0,0.0,0.003199771808102384,-8.059999942779541,-1.0,-0.12000000476837158,0.0,0.0,0.1712247911153301,0.9143876044423349,0.08561239555766505
2024-05-17,1.559999942779541,1.6399999856948853,1.4700000286102295,1.5099999904632568,6085600,0.0,0.0,0.0038980853916530988,-8.109999895095825,-1.0,-0.16999995708465576,0.0,0.0,0.3436384424716853,0.8281807787641573,0.17181922123584265
2024-05-20,1.5199999809265137,1.6399999856948853,1.5199999809265137,1.600000023841858,5566600,0.0,0.0,0.003778165736431864,-8.019999861717224,-1.0,-0.07999992370605469,0.0,0.0,0.0760997559655189,0.9619501220172405,0.03804987798275945
2024-05-21,1.6100000143051147,1.6100000143051147,1.5099999904632568,1.5499999523162842,4061900,0.0,0.0,0.0026707418567015907,-8.069999933242798,-1.0,-0.12999999523162842,0.0,0.0,0.2009512866387562,0.8995243566806219,0.1004756433193781
2024-05-22,1.5499999523162842,1.5499999523162842,1.4800000190734863,1.5,3305400,0.0,0.0,0.002103227650031715,-8.119999885559082,-1.0,-0.1799999475479126,0.0,0.0,0.38525552486472375,0.8073722375676381,0.19262776243236188
2024-05-23,1.5800000429153442,1.6299999952316284,1.4900000095367432,1.5199999809265137,6128400,0.0,0.0,0.003951497278482574,-8.099999904632568,1.0,0.019999980926513672,0.019999980926513672,6.096620126198727e-06,0.012345662659906062,0.9995064168603047,0.0004935831396952875
2024-05-24,1.5399999618530271,1.5700000524520874,1.5299999713897705,1.5700000524520874,1948100,0.0,0.0,0.0012974239602678188,-8.049999833106995,1.0,0.0700000524520874,0.0,0.0,0.15123488268596524,0.5,0.5
2024-05-28,1.590000033378601,1.600000023841858,1.5499999523162842,1.600000023841858,2234100,0.0,0.0,0.0015163295497722896,-8.019999861717224,1.0,0.10000002384185791,0.0,0.0,0.3086423023576293,0.5,0.5
2024-05-29,1.5299999713897705,1.5700000524520874,1.5099999904632568,1.5299999713897705,3357500,0.0,0.0,0.0021791064430907105,-8.089999914169312,-1.0,-0.0700000524520874,0.019999980926513672,6.111701417588564e-06,0.49000050067902456,0.754996693809779,0.24500330619022107
2024-05-31,1.5299999713897705,1.559999942779541,1.4700000286102295,1.5,3660100,0.0,0.0,0.0023289234349491987,-8.119999885559082,-1.0,-0.029999971389770508,0.0,0.0,0.08999978542345786,0.9550001072882711,0.04499989271172893
2024-06-03,1.5,1.5199999809265137,1.4500000476837158,1.4800000190734863,2880900,0.0,0.0,0.001808676539459647,-8.139999866485596,-1.0,-0.04999995231628418,0.0,0.0,0.24999940395404963,0.8750002980229752,0.12499970197702481
2024-06-04,1.4800000190734863,1.5,1.4600000381469729,1.4800000190734863,2331800,0.0,0.0,0.0014639425022430507,-8.139999866485596,-1.0,-0.04999995231628418,0.0,0.0,0.24999940395404963,0.8750002980229752,0.12499970197702481
2024-06-05,1.4800000190734863,1.4900000095367432,1.3949999809265137,1.409999966621399,4286800,0.0,0.0,0.002564031316063522,-8.209999918937683,-1.0,-0.12000000476837158,0.0,0.0,1.4399994277956034,0.2800002861021983,0.7199997138978017
2024-06-06,1.409999966621399,1.4199999570846558,1.3200000524520874,1.3600000143051147,4952700,0.0,0.0,0.0028572743068828537,-8.259999871253967,-1.0,-0.16999995708465576,0.0,0.0,2.0,0.0,1.0
2024-06-07,1.409999966621399,1.4800000190734863,1.3700000047683716,1.440000057220459,5564000,0.0,0.0,0.0033987610411432686,-8.179999828338623,1.0,0.08000004291534424,0.0,0.0,0.22145363659981274,0.5,0.5
2024-06-10,1.399999976158142,1.4199999570846558,1.3600000143051147,1.3600000143051147,4058900,0.0,0.0,0.002341629956227273,-8.259999871253967,-1.0,-0.08000004291534424,0.0,0.0,1.0,0.5,0.5
2024-06-11,1.3600000143051147,1.4199999570846558,1.340000033378601,1.399999976158142,2877000,0.0,0.0,0.0017085940550878352,-8.21999990940094,-1.0,-0.040000081062316895,0.0,0.0,0.2500007450582151,0.8749996274708924,0.12500037252910756
2024-06-13,1.4299999475479126,1.4299999475479126,1.3600000143051147,1.3700000047683716,1620200,0.0,0.0,0.0009415864438203014,-8.24999988079071,-1.0,-0.029999971389770508,0.0,0.0,0.1406245809053785,0.9296877095473107,0.07031229045268925
2024-06-14,1.3700000047683716,1.3799999952316284,1.350000023841858,1.3600000143051147,1818800,0.0,0.0,0.0010492883698504925,-8.259999871253967,-1.0,-0.039999961853027344,0.0,0.0,0.2499992549428951,0.8750003725285525,0.12499962747144755
2024-06-17,1.350000023841858,1.3600000143051147,1.2999999523162842,1.3200000524520874,3013000,0.0,0.0,0.0016871126465763742,-8.299999833106995,-1.0,-0.07999992370605469,0.0,0.0,0.9999970197715804,0.5000014901142098,0.4999985098857902
2024-06-18,1.2999999523162842,1.3459999561309814,1.2899999618530271,1.2899999618530271,2647800,0.0,0.0,0.001448924900491106,-8.329999923706055,-1.0,-0.11000001430511497,0.0,0.0,1.8906234633188959,0.05468826834055207,0.9453117316594479
2024-06-20,1.2899999618530271,1.2999999523162842,1.1799999475479126,1.2000000476837158,5047900,0.0,0.0,0.0025695851095715173,-8.419999837875366,-1.0,-0.19999992847442627,0.0,0.0,2.0,0.0,1.0
2024-06-21,1.2300000190734863,1.2999999523162842,1.2200000286102295,1.2899999618530271,3181300,0.0,0.0,0.0017408659211165327,-8.329999923706055,-1.0,-0.11000001430511497,0.0,0.0,1.8906234633188959,0.05468826834055207,0.9453117316594479
2024-06-24,1.2899999618530271,1.3300000429153442,1.2599999904632568,1.2699999809265137,2309300,0.0,0.0,0.0012440993717104444,-8.349999904632568,1.0,-0.01999998092651345,0.03000009059906006,1.2908393366706373e-05,0.06249981373572239,0.9687436389354555,0.03125636106454455
2024-06-25,1.2699999809265137,1.3799999952316284,1.2350000143051147,1.350000023841858,3204700,0.0,0.0,0.0018352370037465315,-8.269999861717224,1.0,0.06000006198883079,0.08000004291534424,9.357706838701265e-05,2.0,0.999953213654871,4.6786345128997466e-05
2024-06-26,1.3300000429153442,1.3899999856948853,1.309999942779541,1.3899999856948853,2735200,0.0,0.0,0.0016127790909291977,-8.229999899864197,1.0,0.10000002384185813,0.0,0.0,2.0,0.5,0.5
2024-06-27,1.3600000143051147,1.5,1.3600000143051147,1.4900000095367432,3476000,0.0,0.0,0.002197035324796125,-8.129999876022339,1.0,0.20000004768371604,0.0,0.0,2.0,0.5,0.5
2024-06-28,1.4900000095367432,1.5199999809265137,1.4700000286102295,1.5099999904632568,8518300,0.0,0.0,0.005456333112876066,-8.109999895095825,1.0,0.22000002861022971,0.0,0.0,2.0,0.5,0.5
2024-07-01,1.4900000095367432,1.5,1.409999966621399,1.4600000381469729,2332900,0.0,0.0,0.0014448407803232721,-8.15999984741211,-1.0,-0.04999995231628396,0.0,0.0,0.05165278060742858,0.9741736096962857,0.02582639030371429
2024-07-02,1.440000057220459,1.4700000286102295,1.409999966621399,1.4500000476837158,1357700,0.0,0.0,0.0008351083676837952,-8.169999837875366,-1.0,-0.059999942779541016,0.0,0.0,0.07438000407469782,0.9628099979626511,0.03719000203734891
2024-07-03,1.440000057220459,1.5,1.440000057220459,1.4800000190734863,1847700,0.0,0.0,0.0011600165371792113,-8.139999866485596,1.0,0.029999971389770508,0.0,0.0,0.25,0.5,0.5
2024-07-05,1.4500000476837158,1.4600000381469729,1.399999976158142,1.4299999475479126,2310600,0.0,0.0,0.0014016248584681932,-8.18999993801117,-1.0,-0.05000007152557373,0.009999990463256836,1.4908411606964858e-06,2.0,0.0,1.0
2024-07-08,1.4299999475479126,1.5099999904632568,1.409999966621399,1.4800000190734863,2267800,0.0,0.0,0.0014237622465849518,-8.139999866485596,1.0,0.05000007152557373,0.009999990463256836,1.5092124393397134e-06,1.0,0.9999984907898384,1.509210161620964e-06
2024-07-09,1.4900000095367432,1.5,1.4299999475479126,1.4500000476837158,2447700,0.0,0.0,0.001505557009339048,-8.169999837875366,1.0,0.020000100135803223,0.0,0.0,0.16000114440958899,0.5,0.5
2024-07-10,1.440000057220459,1.559999942779541,1.4299999475479126,1.5499999523162842,4829300,0.0,0.0,0.003175315406230826,-8.069999933242798,1.0,0.12000000476837158,0.0,0.0,2.0,0.5,0.5
2024-07-11,1.590000033378601,1.6299999952316284,1.5299999713897705,1.600000023841858,4437900,0.0,0.0,0.0030120938672997823,-8.019999861717224,1.0,0.1700000762939453,0.0,0.0,2.0,0.5,0.5
2024-07-12,1.5800000429153442,1.6100000143051147,1.5499999523162842,1.6100000143051147,3032700,0.0,0.0,0.0020712204810288187,-8.009999871253967,1.0,0.18000006675720215,0.0,0.0,2.0,0.5,0.5
2024-07-15,1.6200000047683716,1.6299999952316284,1.5499999523162842,1.559999942779541,2675300,0.0,0.0,0.0017703864327376394,-8.059999942779541,1.0,0.12999999523162842,0.0,0.0,2.0,0.5,0.5
2024-07-16,1.5800000429153442,1.6699999570846558,1.5399999618530271,1.659999966621399,3794200,0.0,0.0,0.002671771419338477,-7.959999918937683,1.0,0.23000001907348633,0.009999990463257058,1.5782399955488796e-06,2.0,0.9999992108806249,7.891193750645603e-07
2024-07-17,1.6100000143051147,1.659999966621399,1.5,1.5399999618530271,5932600,0.0,0.0,0.0038755806444297955,-8.079999923706055,-1.0,-0.1200000047683718,0.04999995231628418,3.829274211539007e-05,0.2722116967122337,0.8638750052728255,0.13612499472717454
2024-07-18,1.5700000524520874,1.5850000381469729,1.4600000381469729,1.4800000190734863,2636300,0.0,0.0,0.0016551126248663499,-8.139999866485596,-1.0,-0.1799999475479126,0.0,0.0,0.6124759119755697,0.6937620440122152,0.30623795598778486
2024-07-19,1.4900000095367432,1.5149999856948853,1.4500000476837158,1.4800000190734863,1427100,0.0,0.0,0.0008959569195261419,-8.139999866485596,-1.0,-0.1799999475479126,0.0,0.0,0.6124759119755697,0.6937620440122152,0.30623795598778486
2024-07-22,1.4800000190734863,1.5099999904632568,1.440000057220459,1.5,2000800,0.0,0.0,0.0012731100266786034,-8.119999885559082,-1.0,-0.15999996662139893,0.0,0.0,0.48393166489465317,0.7580341675526734,0.24196583244732658
2024-07-23,1.5,1.5499999523162842,1.4900000095367432,1.5399999618530271,2076800,0.0,0.0,0.0013567080002615715,-8.079999923706055,1.0,0.03999996185302712,0.034999966621398926,1.8763443636541135e-05,0.06249990686775711,0.9996998745567831,0.0003001254432169459
2024-07-24,1.5,1.5399999618530271,1.4700000286102295,1.5299999713897705,2509100,0.0,0.0,0.0016284723682379453,-8.089999914169312,-1.0,-0.009999990463256614,0.0,0.0,0.06249999999999792,0.968750000000001,0.03124999999999896
2024-07-26,1.5499999523162842,1.5579999685287476,1.4800000190734863,1.5199999809265137,2668700,0.0,0.0,0.0017207363728030881,-8.099999904632568,1.0,-0.01999998092651345,0.0,0.0,0.24999999999999722,0.8750000000000013,0.12499999999999861
2024-07-29,1.5199999809265137,1.5299999713897705,1.4199999570846558,1.4199999570846558,2588600,0.0,0.0,0.0015592806117402697,-8.199999928474426,-1.0,-0.10000002384185791,0.0,0.0,2.0,0.0,1.0
2024-07-30,1.440000057220459,1.4700000286102295,1.3700000047683716,1.4500000476837158,3010200,0.0,0.0,0.0018515454138629745,-8.169999837875366,-1.0,-0.06999993324279785,0.0,0.0,2.0,0.0,1.0
2024-07-31,1.4700000286102295,1.5700000524520874,1.4550000429153442,1.5099999904632568,2429300,0.0,0.0,0.0015560698767488616,-8.109999895095825,1.0,0.059999942779541016,0.040000081062316895,2.4326523349332228e-05,0.7346938775510203,0.9999668899950832,3.31100049167556e-05
2024-08-01,1.5299999713897705,1.5399999618530271,1.399999976158142,1.399999976158142,3102500,0.0,0.0,0.0018425140965971528,-8.21999990940094,-1.0,-0.11000001430511475,0.0,0.0,2.0,0.0,1.0
2024-08-02,1.309999942779541,1.399999976158142,1.2799999713897705,1.340000033378601,4151100,0.0,0.0,0.002359603358302847,-8.279999852180481,-1.0,-0.16999995708465576,0.0,0.0,2.0,0.0,1.0
2024-08-05,1.1699999570846558,1.2799999713897705,1.1649999618530271,1.2400000095367432,3288000,0.0,0.0,0.0017295156577010991,-8.379999876022339,-1.0,-0.26999998092651367,0.0,0.0,2.0,0.0,1.0
2024-08-06,1.2799999713897705,1.2799999713897705,1.2100000381469729,1.2300000190734863,1638300,0.0,0.0,0.0008548099135454332,-8.389999866485596,-1.0,-0.2799999713897705,0.0,0.0,2.0,0.0,1.0
2024-08-07,1.2699999809265137,1.2799999713897705,1.1699999570846558,1.190000057220459,3010300,0.0,0.0,0.0015195946701765186,-8.429999828338623,-1.0,-0.31999993324279785,0.0,0.0,2.0,0.0,1.0
2024-08-08,1.2100000381469729,1.25,1.1799999475479126,1.2300000190734863,2423900,0.0,0.0,0.0012647096071798666,-8.389999866485596,-1.0,-0.2799999713897705,0.0,0.0,2.0,0.0,1.0
2024-08-09,1.2300000190734863,1.25,1.2100000381469729,1.2100000381469729,1230100,0.0,0.0,0.0006313886974407441,-8.40999984741211,-1.0,-0.29999995231628396,0.0,0.0,2.0,0.0,1.0
2024-08-12,1.2300000190734863,1.409999966621399,1.2000000476837158,1.350000023841858,8608700,0.0,0.0,0.004929948136846746,-8.269999861717224,-1.0,-0.15999996662139893,0.15999996662139893,0.00037430771578576556,2.0,0.0,1.0
2024-08-13,1.3700000047683716,1.3899999856948853,1.25,1.2799999713897705,3880700,0.0,0.0,0.0021071285491570104,-8.339999914169312,-1.0,-0.23000001907348633,0.13999998569488525,0.00028178890553733733,2.0,0.0,1.0
2024-08-14,1.2999999523162842,1.309000015258789,1.2100000381469729,1.2100000381469729,3821800,0.0,0.0,0.0019616627297610245,-8.40999984741211,-1.0,-0.29999995231628396,0.0,0.0,2.0,0.0,1.0
2024-08-15,1.2599999904632568,1.309999942779541,1.2400000095367432,1.2899999618530271,2506100,0.0,0.0,0.0013713840520888135,-8.329999923706055,1.0,0.07999992370605424,0.0,0.0,0.07111099808307025,0.5,0.5
2024-08-16,1.2799999713897705,1.2999999523162842,1.2400000095367432,1.2599999904632568,1387100,0.0,0.0,0.0007413944221798589,-8.359999895095825,1.0,0.04999995231628396,0.0,0.0,0.027777733626199376,0.5,0.5
2024-08-19,1.2599999904632568,1.3700000047683716,1.2599999904632568,1.3700000047683716,2399500,0.0,0.0,0.001394480108595737,-8.24999988079071,1.0,0.1599999666213987,0.0,0.0,0.28444441618742355,0.5,0.5
2024-08-20,1.3600000143051147,1.3600000143051147,1.2999999523162842,1.3300000429153442,13327300,0.0,0.0,0.007519082147816291,-8.289999842643738,1.0,0.12000000476837136,0.0,0.0,0.1600000635783038,0.5,0.5
2024-08-21,1.7899999618530271,1.9600000381469729,1.6299999952316284,1.690000057220459,79219100,0.0,0.0,0.056792060289343305,-7.929999828338623,1.0,0.4800000190734861,0.0,0.0,2.0,0.5,0.5
2024-08-22,1.659999966621399,1.6799999475479126,1.5299999713897705,1.6200000047683716,10917900,0.0,0.0,0.0075028303884857005,-7.9999998807907104,-1.0,-0.0700000524520874,0.0,0.0,0.02126739129287074,0.9893663043535647,0.01063369564643537
2024-08-23,1.5499999523162842,1.75,1.5399999618530271,1.7200000286102295,9024500,0.0,0.0,0.0065844970006054705,-7.8999998569488525,1.0,0.10000002384185791,0.0,0.0,2.0,0.5,0.5
2024-08-26,1.7000000476837158,1.7100000381469729,1.6100000143051147,1.649999976158142,4223400,0.0,0.0,0.0029560866102954215,-7.96999990940094,1.0,0.029999971389770508,0.0,0.0,0.18367284380064813,0.5,0.5
2024-08-27,1.6299999952316284,1.7100000381469729,1.5850000381469729,1.690000057220459,3647100,0.0,0.0,0.0026146008106790403,-7.929999828338623,-1.0,0.040000081062316895,0.0,0.0,0.32653144636228354,0.5,0.5
2024-08-28,1.7000000476837158,1.7000000476837158,1.559999942779541,1.5700000524520874,4201700,0.0,0.0,0.002798309252018528,-8.049999833106995,-1.0,-0.07999992370605469,0.05000007152557373,3.8578870509980955e-05,2.0,0.0,1.0
2024-08-29,1.600000023841858,1.6699999570846558,1.5800000429153442,1.6200000047683716,3286900,0.0,0.0,0.0022587725848298343,-7.9999998807907104,-1.0,-0.029999971389770508,0.0,0.0,0.562496647250522,0.718751676374739,0.281248323625261
2024-08-30,1.6200000047683716,1.6299999952316284,1.5399999618530271,1.590000033378601,2468800,0.0,0.0,0.0016651526118734918,-8.029999852180481,-1.0,-0.059999942779541016,0.0,0.0,2.0,0.0,1.0
2024-09-03,1.600000023841858,1.6200000047683716,1.4199999570846558,1.440000057220459,3733000,0.0,0.0,0.002280297441874159,-8.179999828338623,-1.0,-0.2099999189376831,0.0,0.0,2.0,0.0,1.0
2024-09-04,1.4199999570846558,1.4199999570846558,1.3700000047683716,1.3899999856948853,2216000,0.0,0.0,0.0013066388072166943,-8.229999899864197,-1.0,-0.25999999046325684,0.0,0.0,2.0,0.0,1.0
2024-09-05,1.3899999856948853,1.409999966621399,1.350000023841858,1.350000023841858,2153500,0.0,0.0,0.0012332458225631589,-8.269999861717224,-1.0,-0.2999999523162842,0.0,0.0,2.0,0.0,1.0
2024-09-06,1.350000023841858,1.3600000143051147,1.2899999618530271,1.2899999618530271,2142000,0.0,0.0,0.0011721418297650687,-8.329999923706055,-1.0,-0.36000001430511497,0.0,0.0,2.0,0.0,1.0
2024-09-09,1.3200000524520874,1.4299999475479126,1.2999999523162842,1.4299999475479126,3229500,0.0,0.0,0.001959035523423799,-8.18999993801117,1.0,0.13999998569488548,0.019999980926513672,5.963364642785943e-06,0.15123452497608392,0.9999605703161355,3.9429683864490025e-05
2024-09-10,1.4199999570846558,1.4900000095367432,1.3899999856948853,1.4900000095367432,1785100,0.0,0.0,0.0011282876174607487,-8.129999876022339,1.0,0.20000004768371604,0.0,0.0,0.3086420979519516,0.5,0.5
2024-09-11,1.4800000190734863,1.5499999523162842,1.4500000476837158,1.5499999523162842,2262000,0.0,0.0,0.0014872887269157286,-8.069999933242798,1.0,0.25999999046325706,0.0,0.0,0.5216048585534651,0.5,0.5
2024-09-12,1.5399999618530271,1.5800000429153442,1.5099999904632568,1.5499999523162842,1892800,0.0,0.0,0.0012445358542467247,-8.069999933242798,1.0,0.25999999046325706,0.0,0.0,0.5216048585534651,0.5,0.5
2024-09-13,1.559999942779541,1.600000023841858,1.5399999618530271,1.5800000429153442,2077300,0.0,0.0,0.001392282359655478,-8.039999842643738,1.0,0.2900000810623171,0.0,0.0,0.6489200642938238,0.5,0.5
2024-09-16,1.590000033378601,1.590000033378601,1.5449999570846558,1.5800000429153442,1309500,0.0,0.0,0.0008776747460496069,-8.039999842643738,1.0,0.2900000810623171,0.0,0.0,0.6489200642938238,0.5,0.5
2024-09-17,1.600000023841858,1.659999966621399,1.5800000429153442,1.600000023841858,2611300,0.0,0.0,0.001772342936001244,-8.019999861717224,1.0,0.3100000619888308,0.0,0.0,0.7415125833004198,0.5,0.5
2024-09-18,1.600000023841858,1.649999976158142,1.5499999523162842,1.559999942779541,2126200,0.0,0.0,0.0014070181412502408,-8.059999942779541,-1.0,-0.040000081062316895,0.0,0.0,0.016649384444378943,0.9916753077778105,0.008324692222189472
2024-09-19,1.6200000047683716,1.6299999952316284,1.559999942779541,1.5800000429153442,2151600,0.0,0.0,0.001442080934402699,-8.039999842643738,-1.0,-0.019999980926513672,0.0,0.0,0.004162321301665843,0.997918839349167,0.0020811606508329217
2024-09-20,1.5700000524520874,1.600000023841858,1.5520000457763672,1.5800000429153442,4732000,0.0,0.0,0.003171559296148713,-8.039999842643738,-1.0,-0.019999980926513672,0.0,0.0,0.004162321301665843,0.997918839349167,0.0020811606508329217
2024-09-23,1.600000023841858,1.600000023841858,1.5299999713897705,1.559999942779541,1486400,0.0,0.0,0.0009836288990472946,-8.059999942779541,-1.0,-0.040000081062316895,0.0,0.0,0.016649384444378943,0.9916753077778105,0.008324692222189472
2024-09-24,1.5499999523162842,1.559999942779541,1.5110000371932983,1.5499999523162842,1270900,0.0,0.0,0.0008356300809183022,-8.069999933242798,-1.0,-0.05000007152557373,0.0,0.0,0.026014632182519006,0.9869926839087405,0.013007316091259503
2024-09-25,1.5299999713897705,1.5800000429153442,1.5,1.5499999523162842,1805900,0.0,0.0,0.001187398192721978,-8.069999933242798,-1.0,-0.05000007152557373,0.0,0.0,0.026014632182519006,0.9869926839087405,0.013007316091259503
2024-09-26,1.5700000524520874,1.590000033378601,1.524999976158142,1.5700000524520874,1668000,0.0,0.0,0.001110878890060429,-8.049999833106995,1.0,0.020000100135803223,0.03000009059906006,1.3888437533578624e-05,0.16000114440958899,0.9999132054202254,8.679457977456128e-05
2024-09-30,1.5299999713897705,1.5499999523162842,1.4500000476837158,1.4600000381469729,2713800,0.0,0.0,0.0016807445281157769,-8.15999984741211,-1.0,-0.0899999141693113,0.0,0.0,2.0,0.0,1.0
2024-10-01,1.440000057220459,1.4600000381469729,1.3600000143051147,1.3799999952316284,2328500,0.0,0.0,0.0013630956377087902,-8.239999890327454,-1.0,-0.16999995708465576,0.0,0.0,2.0,0.0,1.0
2024-10-02,1.4199999570846558,1.4199999570846558,1.3700000047683716,1.3799999952316284,2027100,0.0,0.0,0.001186657147176074,-8.239999890327454,-1.0,-0.16999995708465576,0.0,0.0,2.0,0.0,1.0
2024-10-03,1.3899999856948853,1.4900000095367432,1.3799999952316284,1.4900000095367432,2473000,0.0,0.0,0.0015630806554145042,-8.129999876022339,1.0,0.11000001430511475,0.029999971389770286,1.3616346770210292e-05,0.4186854413929005,0.9999674793947622,3.252060523784689e-05
2024-10-04,1.4900000095367432,1.5299999713897705,1.4700000286102295,1.5099999904632568,1678100,0.0,0.0,0.0010748943564698739,-8.109999895095825,1.0,0.12999999523162842,0.0,0.0,0.5847753388514264,0.5,0.5
2024-10-07,1.590000033378601,1.6100000143051147,1.5199999809265137,1.5399999618530271,3233800,0.0,0.0,0.0021125396433194677,-8.079999923706055,1.0,0.1599999666213987,0.0,0.0,0.8858132264339138,0.5,0.5
2024-10-08,1.559999942779541,1.559999942779541,1.5,1.5099999904632568,1362100,0.0,0.0,0.0008724829288764765,-8.109999895095825,-1.0,-0.029999971389770286,0.0,0.0,0.03515619761311334,0.9824219011934433,0.01757809880655667
2024-10-10,1.5,1.5199999809265137,1.4800000190734863,1.5,1475900,0.0,0.0,0.0009391158978283441,-8.119999885559082,-1.0,-0.03999996185302712,0.0,0.0,0.06249990686775728,0.9687500465661214,0.03124995343387864
2024-10-11,1.5,1.6100000143051147,1.5,1.6100000143051147,2870300,0.0,0.0,0.001960307365284076,-8.009999871253967,1.0,0.11000001430511475,0.07000005245208762,7.637156894724685e-05,2.0,0.9999618156736249,3.81843263751662e-05
2024-10-14,1.6799999475479126,1.940000057220459,1.6699999570846558,1.909999966621399,22688100,0.0,0.0,0.01838241168358836,-7.709999918937683,1.0,0.4099999666213989,0.0,0.0,2.0,0.5,0.5
2024-10-15,1.8899999856948853,1.8940000534057615,1.7100000381469729,1.7599999904632568,8902700,0.0,0.0,0.0066466897136644885,-7.859999895095825,1.0,0.25999999046325684,0.0,0.0,2.0,0.5,0.5
2024-10-16,1.7899999618530271,1.7999999523162842,1.7100000381469729,1.75,3957400,0.0,0.0,0.0029377781668203833,-7.869999885559082,1.0,0.25,0.0,0.0,2.0,0.5,0.5
2024-10-17,1.7300000190734863,1.7599999904632568,1.659999966621399,1.7000000476837158,3921900,0.0,0.0,0.002828241237257652,-7.919999837875366,-1.0,-0.04999995231628418,0.05000007152557395,3.985574263650101e-05,0.03999992370609107,0.9799801102756363,0.020019889724363783
2024-10-18,1.7200000286102295,1.840000033378601,1.7100000381469729,1.75,4289700,0.0,0.0,0.003184461263003335,-7.869999885559082,1.0,0.04999995231628418,0.040000081062316895,2.5832848132932594e-05,1.0,0.9999741678191859,2.5832180814128684e-05
2024-10-21,1.7400000095367432,1.7649999856948853,1.659999966621399,1.7300000190734863,3570100,0.0,0.0,0.0026199770660055364,-7.889999866485596,-1.0,-0.019999980926513672,0.0,0.0,0.16000000000000003,0.9199999999999999,0.08000000000000002
2024-10-22,1.7100000381469729,1.7400000095367432,1.7000000476837158,1.7100000381469729,2091100,0.0,0.0,0.0015168475096167297,-7.909999847412109,-1.0,-0.03999996185302712,0.0,0.0,0.639999999999993,0.6800000000000035,0.3199999999999965
2024-10-23,1.690000057220459,1.7000000476837158,1.559999942779541,1.600000023841858,4627400,0.0,0.0,0.0031407114088967784,-8.019999861717224,-1.0,-0.1499999761581421,0.0,0.0,2.0,0.0,1.0
2024-10-24,1.6299999952316284,1.6549999713897705,1.600000023841858,1.6299999952316284,2915000,0.0,0.0,0.0020155666461968784,-7.989999890327454,-1.0,-0.12000000476837158,0.0,0.0,2.0,0.0,1.0
2024-10-25,1.659999966621399,1.659999966621399,1.5750000476837158,1.590000033378601,2364900,0.0,0.0,0.0015950742918906435,-8.029999852180481,-1.0,-0.15999996662139893,0.0,0.0,2.0,0.0,1.0
2024-10-28,1.6100000143051147,1.75,1.590000033378601,1.7300000190734863,5505400,0.0,0.0,0.004040229052179737,-7.889999866485596,1.0,0.13999998569488525,0.09500002861022949,0.0001449751211828406,0.7656251629814932,0.9998106806285996,0.0001893193714004581
2024-10-29,1.75,1.7999999523162842,1.7000000476837158,1.7699999809265137,4189200,0.0,0.0,0.003145396196632642,-7.849999904632568,1.0,0.1799999475479126,0.0,0.0,1.2656247904523854,0.5,0.5
2024-10-30,1.7400000095367432,1.7599999904632568,1.6799999475479126,1.6799999475479126,2638700,0.0,0.0,0.0018804867858928,-7.939999938011169,-1.0,-0.09000003337860107,0.0,0.0,0.25000033113712156,0.8749998344314392,0.12500016556856078
2024-10-31,1.6799999475479126,1.690000057220459,1.559999942779541,1.590000033378601,3888900,0.0,0.0,0.00262297958211067,-8.029999852180481,-1.0,-0.1799999475479126,0.0,0.0,1.0,0.5,0.5
2024-11-01,1.6399999856948853,1.659999966621399,1.5800000429153442,1.5800000429153442,2727900,0.0,0.0,0.0018283382510490438,-8.039999842643738,-1.0,-0.18999993801116943,0.0,0.0,1.1141974531900851,0.44290127340495744,0.5570987265950426
2024-11-04,1.6399999856948853,1.659999966621399,1.590000033378601,1.6100000143051147,3047400,0.0,0.0,0.002081260030298817,-8.009999871253967,-1.0,-0.15999996662139893,0.0,0.0,0.7901235876096891,0.6049382061951554,0.3950617938048446
2024-11-05,1.7100000381469729,1.7890000343322754,1.6699999570846558,1.7599999904632568,10076900,0.0,0.0,0.007523338714729878,-7.859999895095825,1.0,0.1499999761581421,0.12900006771087646,0.0002693610498224706,0.8789063373115119,0.9996936209106729,0.0003063790893271089
2024-11-06,1.6299999952316284,1.6699999570846558,1.5099999904632568,1.590000033378601,8098300,0.0,0.0,0.005462129535294515,-8.029999852180481,-1.0,-0.16999995708465576,0.08000004291534424,9.925430789714171e-05,1.284444204259775,0.357728270716164,0.642271729283836
2024-11-07,1.600000023841858,1.7699999809265137,1.590000033378601,1.7400000095367432,7373000,0.0,0.0,0.005442074531513499,-7.879999876022339,1.0,0.1499999761581421,0.0,0.0,0.7785468583871261,0.5,0.5
2024-11-08,1.7300000190734863,1.7899999618530271,1.690000057220459,1.7599999904632568,6194900,0.0,0.0,0.004625066340231631,-7.859999895095825,1.0,0.16999995708465576,0.0,0.0,1.0,0.5,0.5
2024-11-11,1.840000033378601,1.9700000286102295,1.7319999933242798,1.9600000381469729,16049700,0.0,0.0,0.013344244772097232,-7.659999847412109,1.0,0.3700000047683718,0.0,0.0,2.0,0.5,0.5
2024-11-12,1.9600000381469729,1.9700000286102295,1.7799999713897705,1.8200000524520872,9040200,0.0,0.0,0.006979437779110818,-7.799999833106995,1.0,0.2300000190734861,0.0,0.0,1.8304510547511843,0.5,0.5
2024-11-13,1.840000033378601,1.850000023841858,1.649999976158142,1.7100000381469729,7845600,0.0,0.0,0.005691061556811733,-7.909999847412109,-1.0,-0.1100000143051143,0.0820000171661377,0.0001074669532024418,0.228733480912337,0.8855795260672303,0.11442047393276972
2024-11-14,1.7100000381469729,1.7999999523162842,1.7000000476837158,1.7300000190734863,5100200,0.0,0.0,0.0037428663152408717,-7.889999866485596,-1.0,-0.09000003337860085,0.0,0.0,0.15311918080740247,0.9234404095962988,0.07655959040370124
2024-11-15,1.7599999904632568,1.7599999904632568,1.6799999475479126,1.7000000476837158,3796500,0.0,0.0,0.0027378102086357825,-7.919999837875366,-1.0,-0.12000000476837136,0.0,0.0,0.2722116967122322,0.8638941516438838,0.1361058483561161
2024-11-18,1.7300000190734863,1.830000042915344,1.7000000476837158,1.7599999904632568,5203000,0.0,0.0,0.0038845211655111744,-7.859999895095825,1.0,0.059999942779541016,0.030000090599059837,1.4568004000929123e-05,0.24999950329489426,0.9999417312636635,5.826873633649555e-05
2024-11-19,1.7599999904632568,2.0799999237060547,1.7400000095367432,2.059999942779541,23552200,0.0,0.0,0.020581152453408882,-7.559999942779541,1.0,0.3599998950958252,0.0,0.0,2.0,0.5,0.5
2024-11-20,2.059999942779541,2.0999999046325684,1.965000033378601,2.0899999141693115,10338300,0.0,0.0,0.009165716064550864,-7.5299999713897705,1.0,0.3899998664855957,0.0,0.0,2.0,0.5,0.5
2024-11-21,2.1600000858306885,2.299999952316284,2.0799999237060547,2.190000057220459,19668400,0.0,0.0,0.01827191890160974,-7.429999828338623,1.0,0.49000000953674316,0.0,0.0,2.0,0.5,0.5
2024-11-22,2.240000009536743,2.509999990463257,2.200000047683716,2.450000047683716,23607100,0.0,0.0,0.024534642451212216,-7.169999837875366,1.0,0.75,0.0,0.0,2.0,0.5,0.5
2024-11-25,2.5999999046325684,2.630000114440918,2.2149999141693115,2.25,25145800,0.0,0.0,0.024000427410676848,-7.369999885559082,1.0,0.5499999523162842,0.0,0.0,2.0,0.5,0.5
2024-11-26,2.0899999141693115,2.184999942779541,2.0199999809265137,2.119999885559082,12478600,0.0,0.0,0.011222062985876326,-7.5,-1.0,-0.13000011444091797,0.18000006675720215,0.0005760004272461729,0.055867876644755,0.9717780614639994,0.02822193853600059
2024-11-27,2.180000066757202,2.240000009536743,2.049999952316284,2.1500000953674316,9040400,0.0,0.0,0.008245122767817031,-7.46999979019165,1.0,0.03000020980834961,0.0,0.0,0.05325508899161942,0.5,0.5
2024-11-29,2.1700000762939453,2.390000104904175,2.0999999046325684,2.2899999618530273,12743800,0.0,0.0,0.012379566096522509,-7.329999923706055,1.0,0.1700000762939453,0.0,0.0,1.7100576957263895,0.5,0.5
2024-12-02,2.359999895095825,2.369999885559082,2.1600000858306885,2.200000047683716,12215800,0.0,0.0,0.011400282274477194,-7.419999837875366,1.0,0.08000016212463379,0.0,0.0,0.37869909301231086,0.5,0.5
2024-12-03,2.119999885559082,2.9200000762939453,2.119999885559082,2.8299999237060547,59769800,0.0,0.0,0.07175286179791782,-6.789999961853027,1.0,0.7100000381469727,0.0,0.0,2.0,0.5,0.5
2024-12-04,2.759999990463257,3.0,2.5,2.609999895095825,45845100,0.0,0.0,0.05075798990425005,-7.009999990463257,1.0,0.49000000953674316,0.0,0.0,2.0,0.5,0.5
2024-12-05,2.680000066757202,3.200000047683716,2.6500000953674316,2.859999895095825,53165800,0.0,0.0,0.06450143417324354,-6.759999990463257,1.0,0.7400000095367432,0.0,0.0,2.0,0.5,0.5
2024-12-06,3.180000066757202,3.630000114440918,3.0899999141693115,3.380000114440918,71589000,0.0,0.0,0.1026441048700073,-6.239999771118164,1.0,1.260000228881836,0.0,0.0,2.0,0.5,0.5
2024-12-09,4.150000095367432,4.489999771118164,3.549999952316284,3.660000085830689,105006500,0.0,0.0,0.16303028189203747,-5.9599997997283936,1.0,1.540000200271607,0.0,0.0,2.0,0.5,0.5
2024-12-10,3.4200000762939453,3.559999942779541,3.0299999713897705,3.109999895095825,52009200,0.0,0.0,0.06861381207266475,-6.509999990463257,-1.0,-0.5500001907348637,0.059999942779541016,8.494536690795269e-05,0.12755107570004046,0.9361819894665258,0.0638180105334742
2024-12-11,3.109999895095825,3.1500000953674316,2.7300000190734863,2.9800000190734863,44904700,0.0,0.0,0.05676479410205555,-6.639999866485596,-1.0,-0.6800000667572026,0.0,0.0,0.19497384488227293,0.9025130775588636,0.09748692244113646
2024-12-12,2.940000057220459,2.940000057220459,2.5199999809265137,2.6600000858306885,41307900,0.0,0.0,0.04661071536677055,-6.9599997997283936,-1.0,-1.0000000000000004,0.0,0.0,0.42165615614229035,0.7891719219288549,0.21082807807114518
2024-12-13,2.619999885559082,2.700000047683716,2.4200000762939453,2.5199999809265137,31402100,0.0,0.0,0.03356836822829522,-7.099999904632568,-1.0,-1.1400001049041752,0.0,0.0,0.5479844413748847,0.7260077793125577,0.27399222068744233
2024-12-16,2.5999999046325684,3.180000066757202,2.549999952316284,2.990000009536743,69808800,0.0,0.0,0.08854261885461519,-6.629999876022339,1.0,0.4700000286102295,0.24000000953674316,0.0013103746336028935,0.1699753664501756,0.9923497739781972,0.007650226021802767
2024-12-17,3.174999952316284,3.450000047683716,2.950000047683716,3.4000000953674316,63485700,0.0,0.0,0.09156422892790134,-6.21999979019165,1.0,0.880000114440918,0.0,0.0,0.5958756993640866,0.5,0.5
2024-12-18,3.430000066757202,3.819999933242798,2.990000009536743,3.130000114440918,71583900,0.0,0.0,0.0950453140259874,-6.489999771118164,1.0,0.6100001335144043,0.0,0.0,0.28631893998567925,0.5,0.5
2024-12-19,3.4200000762939453,3.7100000381469727,2.799999952316284,2.819999933242798,80455700,0.0,0.0,0.09624472070346736,-6.799999952316284,-1.0,-0.3100001811981201,0.15000009536743164,0.0004865923210595371,0.2582640964118538,0.8706246556335433,0.12937534436645667
2024-12-20,2.7300000190734863,3.1500000953674316,2.6700000762939453,3.109999895095825,39739000,0.0,0.0,0.05242619148065389,-6.509999990463257,-1.0,-0.020000219345092773,0.0,0.0,0.0010750029528276857,0.9994624985235862,0.0005375014764138429
2024-12-23,3.200000047683716,3.5,3.0299999713897705,3.190000057220459,51724600,0.0,0.0,0.06999368077241752,-6.429999828338623,1.0,0.08000016212463379,0.0,0.0,2.0,0.5,0.5
2024-12-24,3.2200000286102295,3.75,3.119999885559082,3.7300000190734863,49682000,0.0,0.0,0.07861020073801328,-5.889999866485596,1.0,0.6200001239776611,0.0,0.0,2.0,0.5,0.5
2024-12-26,3.940000057220459,4.730000019073486,3.799999952316284,4.449999809265137,111565300,0.0,0.0,0.21060085534897735,-5.170000076293945,1.0,1.3399999141693115,0.0,0.0,2.0,0.5,0.5
2024-12-27,4.5,4.610000133514404,3.839999914169311,4.210000038146973,67356600,0.0,0.0,0.12029103383844428,-5.409999847412109,1.0,1.1000001430511475,0.0,0.0,2.0,0.5,0.5
2024-12-30,4.099999904632568,5.079999923706055,4.079999923706055,4.809999942779541,76085000,0.0,0.0,0.1552441046396116,-4.809999942779541,1.0,1.7000000476837158,0.0,0.0,2.0,0.5,0.5
2024-12-31,5.119999885559082,5.199999809265137,4.210000038146973,4.449999809265137,66353000,0.0,0.0,0.12525398627503975,-5.170000076293945,1.0,1.3399999141693115,0.0,0.0,2.0,0.5,0.5
2025-01-02,4.585000038146973,4.639999866485596,4.050000190734863,4.110000133514404,40861600,0.0,0.0,0.07124070438604245,-5.509999752044678,-1.0,-0.3399996757507324,0.029999732971191406,2.9643646079660177e-05,0.0643794800175834,0.9677954381681685,0.03220456183183153
2025-01-03,4.079999923706055,4.559999942779541,3.9700000286102295,4.53000020980835,48928800,0.0,0.0,0.09402293145262335,-5.089999675750732,-1.0,0.08000040054321289,0.0,0.0,0.055363981784130156,0.5,0.5
2025-01-06,4.5,4.789999961853027,4.289999961853027,4.300000190734863,42661600,0.0,0.0,0.07781738185733,-5.319999694824219,1.0,-0.23000001907348633,0.0,0.0,2.0,0.0,1.0
2025-01-07,4.309999942779541,4.369999885559082,3.910000085830689,3.9600000381469727,33669700,0.0,0.0,0.056559483869655716,-5.659999847412109,-1.0,-0.3400001525878906,0.0,0.0,2.0,0.0,1.0
2025-01-08,3.7200000286102295,3.869999885559082,3.190000057220459,3.319999933242798,48265000,0.0,0.0,0.06797377447386621,-6.299999952316284,-1.0,-0.9800002574920654,0.0,0.0,2.0,0.0,1.0
2025-01-10,3.3399999141693115,3.4200000762939453,3.180000066757202,3.240000009536743,22945400,0.0,0.0,0.03153636585716297,-6.379999876022339,-1.0,-1.0600001811981201,0.0,0.0,2.0,0.0,1.0
2025-01-13,3.0,3.130000114440918,2.8499999046325684,2.9800000190734863,23897000,0.0,0.0,0.030208603657452815,-6.639999866485596,-1.0,-1.320000171661377,0.0,0.0,2.0,0.0,1.0
2025-01-14,3.1700000762939453,3.305000066757202,3.049999952316284,3.180000066757202,19844500,0.0,0.0,0.026769378650618524,-6.43999981880188,1.0,0.20000004768371582,0.0,0.0,0.022956846114420254,0.5,0.5
2025-01-15,3.4000000953674316,3.5299999713897705,3.259999990463257,3.390000104904175,27000200,0.0,0.0,0.03882734490086979,-6.229999780654907,1.0,0.4100000858306885,0.0,0.0,0.09647614018568046,0.5,0.5
2025-01-16,3.7300000190734863,4.170000076293945,3.569999933242798,4.150000095367432,58472300,0.0,0.0,0.10293647323173802,-5.46999979019165,1.0,1.1700000762939453,0.0,0.0,0.7856403939890721,0.5,0.5
2025-01-17,4.260000228881836,4.400000095367432,3.910000085830689,3.9200000762939458,37863800,0.0,0.0,0.06296239994538654,-5.699999809265137,1.0,0.9400000572204594,0.0,0.0,0.5071165505947619,0.5,0.5
2025-01-21,3.940000057220459,4.510000228881836,3.930000066757202,4.409999847412109,42925000,0.0,0.0,0.08030080130583725,-5.210000038146973,1.0,1.429999828338623,0.0,0.0,1.1736105240958197,0.5,0.5
2025-01-22,4.599999904632568,4.820000171661377,4.340000152587891,4.440000057220459,40330800,0.0,0.0,0.07596102444823401,-5.179999828338623,1.0,1.4600000381469727,0.0,0.0,1.2233698100177985,0.5,0.5
2025-01-23,4.295000076293945,4.440000057220459,4.099999904632568,4.21999979019165,24694500,0.0,0.0,0.04420624918065185,-5.400000095367432,-1.0,-0.2200002670288086,0.0,0.0,0.022706002516205904,0.9886469987418971,0.011353001258102952
2025-01-24,4.25,4.590000152587891,4.119999885559082,4.130000114440918,29619500,0.0,0.0,0.05189180620180048,-5.489999771118164,1.0,-0.08999967575073242,0.0,0.0,0.0037999348902070795,0.9981000325548964,0.0018999674451035398
2025-01-27,3.7799999713897705,3.9700000286102295,3.5,3.680000066757202,25342000,0.0,0.0,0.0395603125294569,-5.93999981880188,-1.0,-0.4500000476837158,0.0,0.0,0.09499907690630466,0.9525004615468476,0.04749953845315233
2025-01-28,3.819999933242798,3.869999885559082,3.549999952316284,3.700000047683716,19339700,0.0,0.0,0.03035445665433348,-5.919999837875366,-1.0,-0.43000006675720215,0.0,0.0,0.08674237556250602,0.956628812218747,0.04337118778125301
2025-01-29,3.700000047683716,3.809999942779541,3.5199999809265137,3.640000104904175,14850100,0.0,0.0,0.02292987964062157,-5.979999780654907,-1.0,-0.49000000953674316,0.0,0.0,0.11263839219333473,0.9436808039033326,0.056319196096667364
2025-01-30,3.849999904632568,4.300000190734863,3.849999904632568,4.119999885559082,46164500,0.0,0.0,0.08068194159657224,-5.5,1.0,0.4799997806549072,0.43000030517578125,0.006112405370289753,0.9595992522296394,0.9936705689299838,0.006329431070016113
2025-01-31,4.25,4.53000020980835,4.119999885559082,4.239999771118164,40859700,0.0,0.0,0.0734906362867647,-5.380000114440918,1.0,0.5999996662139893,0.0,0.0,1.4993735337098746,0.5,0.5
2025-02-03,3.825000047683716,4.400000095367432,3.7799999713897705,4.230000019073486,26528300,0.0,0.0,0.04760151666430063,-5.389999866485596,-1.0,-0.009999752044677734,0.06999993324279741,0.0001686621929825762,0.0002777643116989317,0.9997767867476592,0.00022321325234075394
2025-02-04,4.5,5.070000171661377,4.460000038146973,4.909999847412109,68485800,0.0,0.0,0.14264383704569378,-4.710000038146973,1.0,0.679999828338623,0.5399999618530273,0.013144547404575815,2.0,0.9934706390450093,0.0065293609549906765
2025-02-05,5.5,7.539000034332275,5.360000133514404,7.110000133514404,269635400,0.0,0.0,0.8132377293370399,-2.5099997520446777,1.0,2.880000114440918,0.0,0.0,2.0,0.5,0.5
2025-02-06,7.480000019073486,7.820000171661377,6.670000076293945,6.769999980926514,165866100,0.0,0.0,0.47634027325595296,-2.8499999046325684,1.0,2.5399999618530273,0.0,0.0,2.0,0.5,0.5
2025-02-07,6.769999980926514,9.30500030517578,6.519999980926514,8.59000015258789,231271400,0.0,0.0,0.842725434583232,-1.0299997329711914,1.0,4.360000133514404,0.0,0.0,2.0,0.5,0.5
2025-02-10,9.43000030517578,9.699999809265137,8.199999809265137,8.720000267028809,187527700,0.0,0.0,0.6936700218109974,-0.8999996185302734,1.0,4.490000247955322,0.0,0.0,2.0,0.5,0.5
2025-02-11,8.470000267028809,9.40999984741211,7.869999885559082,8.0,119094100,0.0,0.0,0.40415805098830937,-1.619999885559082,-1.0,-0.7200002670288086,0.0,0.0,0.025714174397219056,0.9871429128013904,0.012857087198609528
2025-02-12,7.699999809265137,9.93000030517578,7.550000190734863,9.739999771118164,153707500,0.0,0.0,0.6350749846785396,0.11999988555908203,-1.0,1.0199995040893555,0.23000049591064275,2.0,2.0,1.0,0.0
2025-02-13,10.279999732971191,10.359999656677246,9.0600004196167,9.779999732971191,126712700,0.0,0.0,0.5256903304495697,0.15999984741210938,1.0,0.039999961853027344,0.0,0.0,0.0030864115768747336,0.0015432057884373668,0.9984567942115626
2025-02-14,9.390000343322754,9.579999923706056,8.555000305175781,9.020000457763672,84258000,0.0,0.0,0.3223953034945034,-0.5999994277954102,-1.0,-0.7599992752075195,0.0,0.0,2.0,0.0,1.0
2025-02-18,9.0,9.449999809265137,8.270000457763672,8.420000076293945,59371700,0.0,0.0,0.21206186695129986,-1.1999998092651367,-1.0,-1.359999656677246,0.0,0.0,2.0,0.0,1.0
2025-02-19,8.300000190734863,8.479999542236328,7.679999828338623,7.869999885559082,65282100,0.0,0.0,0.2179414536119907,-1.75,-1.0,-1.9099998474121094,0.0,0.0,2.0,0.0,1.0
2025-02-20,7.304999828338623,7.650000095367432,6.730000019073486,7.510000228881836,55554500,0.0,0.0,0.17698244649682401,-2.109999656677246,-1.0,-2.2699995040893555,0.0,0.0,2.0,0.0,1.0
2025-02-21,7.75,7.880000114440918,6.699999809265137,6.789999961853027,41455500,0.0,0.0,0.11940511471885269,-2.8299999237060547,-1.0,-2.989999771118164,0.0,0.0,2.0,0.0,1.0
2025-02-24,6.71999979019165,6.73799991607666,5.880000114440918,5.940000057220459,43317600,0.0,0.0,0.10914952160869558,-3.679999828338623,-1.0,-3.8399996757507324,0.0,0.0,2.0,0.0,1.0
2025-02-25,5.78000020980835,6.164999961853027,5.25,5.599999904632568,43421700,0.0,0.0,0.10314919496949246,-4.019999980926514,-1.0,-4.179999828338623,0.0,0.0,2.0,0.0,1.0
2025-02-26,5.909999847412109,6.255000114440918,5.53000020980835,5.690000057220459,39310100,0.0,0.0,0.09488278423949496,-3.929999828338623,1.0,0.09000015258789062,0.0,0.0,0.00046358989784668376,0.5,0.5
2025-02-27,5.909999847412109,6.03000020980835,5.059999942779541,5.119999885559082,39244300,0.0,0.0,0.08523491630034011,-4.5,-1.0,-0.570000171661377,0.19000005722045898,0.0017827171231495152,2.0,0.0,1.0
2025-02-28,4.989999771118164,5.340000152587891,4.800000190734863,5.159999847412109,44205500,0.0,0.0,0.09676025332526565,-4.460000038146973,-1.0,-0.5300002098083496,0.0,0.0,2.0,0.0,1.0
2025-03-03,5.485000133514404,5.650000095367432,4.690000057220459,4.760000228881836,56291000,0.0,0.0,0.11366243042740778,-4.859999656677246,-1.0,-0.929999828338623,0.0,0.0,2.0,0.0,1.0
2025-03-04,4.519999980926514,5.0,4.389999866485596,4.710000038146973,48713400,0.0,0.0,0.09732857257812287,-4.909999847412109,-1.0,-0.9800000190734863,0.0,0.0,2.0,0.0,1.0
2025-03-05,4.730000019073486,4.800000190734863,4.449999809265137,4.800000190734863,44050300,0.0,0.0,0.08969353192587666,-4.819999694824219,-1.0,-0.8899998664855957,0.0,0.0,2.0,0.0,1.0
2025-03-06,4.485000133514404,4.539999961853027,4.099999904632568,4.199999809265137,55737200,0.0,0.0,0.09930369746011376,-5.420000076293945,-1.0,-1.4900002479553223,0.0,0.0,2.0,0.0,1.0
2025-03-07,3.5299999713897705,3.5399999618530273,3.130000114440918,3.3399999141693115,78654600,0.0,0.0,0.11144012311273507,-6.2799999713897705,-1.0,-2.3500001430511475,0.0,0.0,2.0,0.0,1.0
2025-03-10,3.4749999046325684,3.569999933242798,3.049999952316284,3.140000104904175,62428600,0.0,0.0,0.08315421328060732,-6.479999780654907,-1.0,-2.549999952316284,0.0,0.0,2.0,0.0,1.0
2025-03-11,3.0299999713897705,3.240000009536743,2.930000066757202,3.180000066757202,42521200,0.0,0.0,0.05735927352559553,-6.43999981880188,-1.0,-2.509999990463257,0.0,0.0,2.0,0.0,1.0
2025-03-12,3.380000114440918,3.4700000286102295,3.140000104904175,3.2699999809265137,47821200,0.0,0.0,0.06633446346404437,-6.349999904632568,1.0,0.08999991416931152,0.0,0.0,0.0012856914353796306,0.5,0.5
2025-03-14,3.3550000190734863,3.5899999141693115,3.319999933242798,3.5299999713897705,55122200,0.0,0.0,0.0825414787590463,-6.0899999141693115,1.0,0.25999999046325684,0.0,0.0,0.010729987707272253,0.5,0.5
2025-03-17,3.625,3.6670000553131104,3.390000104904175,3.490000009536743,42355500,0.0,0.0,0.06270558758808194,-6.129999876022339,1.0,0.2200000286102295,0.0,0.0,0.0076824197959228305,0.5,0.5
2025-03-18,3.0899999141693115,3.119999885559082,2.859999895095825,2.9700000286102295,49757900,0.0,0.0,0.06268873369315606,-6.6499998569488525,-1.0,-0.5199999809265137,0.46000003814697266,0.004784895566710703,2.0,0.0,1.0
2025-03-19,3.0199999809265137,3.1700000762939453,2.9200000762939453,3.109999895095825,23538500,0.0,0.0,0.031053471606416156,-6.509999990463257,1.0,0.1399998664855957,0.0,0.0,0.07248507416357022,0.5,0.5
2025-03-20,3.049999952316284,3.0999999046325684,2.950000047683716,3.0,19270100,0.0,0.0,0.02452314826579304,-6.619999885559082,1.0,0.029999971389770508,0.0,0.0,0.0033283962626129183,0.5,0.5
2025-03-21,2.930000066757202,2.990000009536743,2.8499999046325684,2.9700000286102295,21501200,0.0,0.0,0.0270888241039772,-6.6499998569488525,-1.0,-0.029999971389770508,0.07000017166137695,0.00011080387231467013,1.0,0.4999445980638426,0.5000554019361574
2025-03-24,3.0799999237060547,3.5799999237060547,3.059999942779541,3.5399999618530273,48995100,0.0,0.0,0.07357443005520671,-6.079999923706055,1.0,0.5699999332427979,0.48000001907348633,0.006232687632358729,2.0,0.9968933376119427,0.003106662388057385
2025-03-25,3.7300000190734863,3.8299999237060542,3.4149999618530273,3.509999990463257,65939500,0.0,0.0,0.09818016683328573,-6.109999895095825,1.0,0.5399999618530273,0.0,0.0,2.0,0.5,0.5
2025-03-26,3.440000057220459,3.515000104904175,3.140000104904175,3.190000057220459,34090500,0.0,0.0,0.0461312329988458,-6.429999828338623,-1.0,-0.31999993324279785,0.0,0.0,0.3511658838922605,0.8244170580538698,0.17558294194613025
2025-03-27,3.109999895095825,3.2699999809265137,3.049999952316284,3.059999942779541,25006500,0.0,0.0,0.03245976188780214,-6.559999942779541,-1.0,-0.4500000476837158,0.0,0.0,0.6944446897310874,0.6527776551344563,0.3472223448655437
2025-03-28,3.0,3.075000047683716,2.940000057220459,3.0399999618530273,25312400,0.0,0.0,0.03264208593168276,-6.579999923706055,-1.0,-0.4700000286102295,0.0,0.0,0.7575447808761958,0.621227609561902,0.3787723904380979
2025-03-31,2.9100000858306885,2.950000047683716,2.799999952316284,2.859999895095825,35157800,0.0,0.0,0.04265389634644944,-6.759999990463257,-1.0,-0.6500000953674316,0.0,0.0,1.4489032361818996,0.2755483819090502,0.7244516180909498
2025-04-01,2.9000000953674316,3.0299999713897705,2.799999952316284,2.950000047683716,34473700,0.0,0.0,0.04314007757449577,-6.669999837875366,1.0,0.09000015258789062,0.0,0.0,0.019171657015352006,0.5,0.5
2025-04-02,2.8299999237060547,3.2100000381469727,2.799999952316284,3.130000114440918,42486900,0.0,0.0,0.05641185730996389,-6.489999771118164,1.0,0.2700002193450928,0.0,0.0,0.17254460841353764,0.5,0.5
2025-04-03,2.869999885559082,3.2100000381469727,2.8499999046325684,3.0399999618530273,47031300,0.0,0.0,0.06065010572204735,-6.579999923706055,1.0,0.18000006675720215,0.0,0.0,0.07668642491169925,0.5,0.5
2025-04-04,2.9200000762939453,2.950000047683716,2.700000047683716,2.8499999046325684,51428300,0.0,0.0,0.062175317957241835,-6.769999980926514,-1.0,-0.19000005722045898,0.09999990463256836,0.00021818346608811008,1.114197375516078,0.442792220508917,0.557207779491083
2025-04-07,2.555000066757202,3.049999952316284,2.4800000190734863,2.930000066757202,54252200,0.0,0.0,0.06743043868909676,-6.68999981880188,-1.0,-0.1099998950958252,0.0,0.0,0.37345580080184276,0.8132720995990786,0.18672790040092138
2025-04-08,3.1500000953674316,3.200000047683716,2.549999952316284,2.6600000858306885,53322400,0.0,0.0,0.06016755170495441,-6.9599997997283936,1.0,-0.26999998092651367,0.25,0.0012902134445772263,2.0,0.0,1.0
2025-04-09,2.799999952316284,3.119999885559082,2.6500000953674316,3.0999999046325684,68057600,0.0,0.0,0.08949717176033589,-6.519999980926514,1.0,0.1699998378753662,0.06999993324279785,0.00011526569222272287,0.3964327703811024,0.9997093272901711,0.0002906727098288018
2025-04-10,2.990000009536743,3.0,2.799999952316284,2.8399999141693115,46714100,0.0,0.0,0.05627782618009436,-6.7799999713897705,1.0,-0.09000015258789062,0.0,0.0,0.28027830157238787,0.859860849213806,0.14013915078619393
2025-04-11,2.8499999046325684,2.867000102996826,2.7100000381469727,2.809999942779541,41486100,0.0,0.0,0.049451551490875774,-6.809999942779541,-1.0,-0.029999971389770508,0.0,0.0,0.031141868512110732,0.9844290657439446,0.015570934256055366
2025-04-14,2.9000000953674316,2.9800000190734863,2.619999885559082,2.619999885559082,67417400,0.0,0.0,0.07492802282706251,-7.0,-1.0,-0.2200000286102295,0.0,0.0,1.674744114336737,0.1626279428316315,0.8373720571683685
2025-04-15,2.5799999237060547,2.61299991607666,2.4800000190734863,2.569999933242798,39191500,0.0,0.0,0.042726370154711354,-7.049999952316284,-1.0,-0.26999998092651367,0.0,0.0,2.0,0.0,1.0
2025-04-16,2.5,2.549999952316284,2.4100000858306885,2.490000009536743,37860800,0.0,0.0,0.039990804033014346,-7.129999876022339,-1.0,-0.34999990463256836,0.0,0.0,2.0,0.0,1.0
2025-04-17,2.490000009536743,2.5999999046325684,2.4600000381469727,2.5299999713897705,29303000,0.0,0.0,0.03144876549561145,-7.0899999141693115,1.0,0.039999961853027344,0.0,0.0,0.013061206695290936,0.5,0.5
2025-04-21,2.4600000381469727,2.4800000190734863,2.359999895095825,2.390000104904175,28914000,0.0,0.0,0.029314135937560624,-7.229999780654907,-1.0,-0.1399998664855957,0.05000019073486328,4.782629670852024e-05,2.0,0.0,1.0
2025-04-22,2.440000057220459,2.5950000286102295,2.430000066757202,2.569999933242798,42886200,0.0,0.0,0.046754312943597005,-7.049999952316284,1.0,0.17999982833862305,0.0,0.0,1.6530612244897962,0.5,0.5
2025-04-23,2.7100000381469727,2.819999933242798,2.6600000858306885,2.700000047683716,42655300,0.0,0.0,0.048854860028027226,-6.919999837875366,1.0,0.309999942779541,0.0,0.0,2.0,0.5,0.5
2025-04-24,2.700000047683716,2.9200000762939453,2.684999942779541,2.9100000858306885,35380400,0.0,0.0,0.0436743792652512,-6.7099997997283936,1.0,0.5199999809265137,0.0,0.0,2.0,0.5,0.5
2025-04-25,2.9700000286102295,3.660000085830689,2.9100000858306885,3.5299999713897705,125625900,0.0,0.0,0.18811563320107097,-6.0899999141693115,1.0,1.1399998664855957,0.0,0.0,2.0,0.5,0.5
2025-04-28,3.7899999618530273,3.7899999618530273,3.380000114440918,3.569999933242798,96801900,0.0,0.0,0.14659632742158932,-6.049999952316284,1.0,1.179999828338623,0.0,0.0,2.0,0.5,0.5
2025-04-29,3.5999999046325684,3.7100000381469727,3.450000047683716,3.5799999237060547,60665800,0.0,0.0,0.09212933728698168,-6.039999961853027,1.0,1.1899998188018799,0.0,0.0,2.0,0.5,0.5
2025-04-30,3.359999895095825,3.450000047683716,3.2300000190734863,3.4100000858306885,48041000,0.0,0.0,0.06949241900876835,-6.2099997997283936,-1.0,-0.1699998378753662,0.15000009536743164,0.0005834449672489187,0.020408130554824922,0.9895042122389631,0.01049578776103692
2025-05-01,3.559999942779541,3.5799999237060547,3.319999933242798,3.3399999141693115,75383100,0.0,0.0,0.1068049668375355,-6.2799999713897705,1.0,-0.07000017166137695,0.0,0.0,0.0034602256372076217,0.9982698871813962,0.0017301128186038108
2025-05-02,3.119999885559082,3.430000066757202,3.0799999237060547,3.359999895095825,90396200,0.0,0.0,0.12884288444682815,-6.259999990463257,-1.0,0.019999980926513672,0.0,0.0,0.08163209698521655,0.5,0.5
2025-05-05,3.309999942779541,3.3399999141693115,3.0799999237060547,3.2100000381469727,62075100,0.0,0.0,0.08452661283203804,-6.409999847412109,-1.0,-0.12999987602233887,0.24000000953674316,0.0014018659251689494,2.0,0.0,1.0
2025-05-06,3.0899999141693115,3.190000057220459,3.009999990463257,3.0899999141693115,62441000,0.0,0.0,0.08184635025666205,-6.5299999713897705,-1.0,-0.25,0.0,0.0,2.0,0.0,1.0
2025-05-07,3.0799999237060547,3.109999895095825,2.9600000381469727,3.049999952316284,44453600,0.0,0.0,0.057514555891426844,-6.569999933242798,-1.0,-0.28999996185302734,0.0,0.0,2.0,0.0,1.0
2025-05-08,3.140000104904175,3.2799999713897705,3.0999999046325684,3.25,54462800,0.0,0.0,0.07508519741210921,-6.369999885559082,1.0,0.20000004768371582,0.08999991416931152,0.00019962059303509463,0.475624608760981,0.9995804740895475,0.0004195259104524829
2025-05-09,3.2699999809265137,3.2890000343322754,3.0799999237060547,3.1600000858306885,44200500,0.0,0.0,0.05924958016459053,-6.4599997997283936,1.0,0.1100001335144043,0.0,0.0,0.14387672480968164,0.5,0.5
2025-05-12,3.390000104904175,3.4000000953674316,3.2200000286102295,3.25,59210900,0.0,0.0,0.08163117055033267,-6.369999885559082,1.0,0.20000004768371582,0.0,0.0,0.475624608760981,0.5,0.5
2025-05-13,3.2799999713897705,3.849999904632568,3.2780001163482666,3.559999942779541,98208700,0.0,0.0,0.14831017728111126,-6.059999942779541,1.0,0.5099999904632568,0.0,0.0,2.0,0.5,0.5
2025-05-14,4.0,4.369999885559082,3.75,3.849999904632568,120715800,0.0,0.0,0.19714957099621513,-5.769999980926514,1.0,0.7999999523162837,0.0,0.0,2.0,0.5,0.5
2025-05-15,3.7699999809265137,3.7899999618530273,3.490000009536743,3.640000104904175,74647300,0.0,0.0,0.11526209281401274,-5.979999780654907,-1.0,-0.2099997997283931,0.0,0.0,0.06890612678607089,0.9655469366069646,0.034453063393035444
2025-05-16,3.700000047683716,3.8299999237060542,3.5899999141693115,3.6700000762939458,63910800,0.0,0.0,0.09949730737144818,-5.949999809265137,1.0,0.029999971389770952,0.0,0.0,0.02040816326530681,0.5,0.5
2025-05-19,3.5,3.755000114440918,3.440000057220459,3.7200000286102295,58221400,0.0,0.0,0.09187483842452443,-5.8999998569488525,-1.0,0.049999952316283736,0.04999995231628418,7.181830947601984e-05,0.056689342403627344,0.9987347279623293,0.0012652720376706552
2025-05-20,3.740000009536743,3.7780001163482666,3.5,3.549999952316284,43589100,0.0,0.0,0.06564131157226614,-6.069999933242798,1.0,-0.1700000762939453,0.08999991416931152,0.00021984005191081938,2.0,0.0,1.0
2025-05-22,3.7200000286102295,4.130000114440918,3.660000085830689,3.819999933242798,124309400,0.0,0.0,0.20143657396960157,-5.799999952316284,1.0,0.09999990463256836,0.0,0.0,0.34601979068469396,0.5,0.5
2025-05-23,3.7300000190734863,3.799999952316284,3.559999942779541,3.640000104904175,92774400,0.0,0.0,0.14325195289801967,-5.979999780654907,-1.0,-0.17999982833862305,0.0,0.0,2.0,0.0,1.0
2025-05-27,3.7799999713897705,4.550000190734863,3.755000114440918,4.489999771118164,172021000,0.0,0.0,0.3276414110430046,-5.130000114440918,1.0,0.8499996662139893,0.4200000762939453,0.006702919273037268,2.0,0.9966597351263806,0.003340264873619417
2025-05-28,4.550000190734863,4.610000133514404,4.039999961853027,4.139999866485596,94635200,0.0,0.0,0.16619732606308507,-5.480000019073486,1.0,0.4999997615814209,0.0,0.0,2.0,0.5,0.5
2025-05-29,4.394999980926514,4.400000095367432,3.869999885559082,3.869999885559082,68656700,0.0,0.0,0.11271063020116445,-5.75,-1.0,-0.26999998092651367,0.0,0.0,0.2916002368928613,0.8541998815535694,0.14580011844643065
2025-05-30,3.900000095367432,4.340000152587891,3.839999914169311,4.159999847412109,157841900,0.0,0.0,0.27853938701207964,-5.460000038146973,-1.0,0.019999980926513672,0.0,0.0,0.005486958759600033,0.5,0.5
2025-06-02,4.019999980926514,4.110000133514404,3.890000104904175,3.950000047683716,100711000,0.0,0.0,0.16875047731117487,-5.669999837875366,-1.0,-0.18999981880187988,0.0,0.0,2.0,0.0,1.0
2025-06-03,4.050000190734863,4.210000038146973,3.7799999713897705,3.7899999618530273,94334300,0.0,0.0,0.15166306814194924,-5.829999923706055,-1.0,-0.34999990463256836,0.0,0.0,2.0,0.0,1.0
2025-06-04,3.819999933242798,4.420000076293945,3.7200000286102295,4.260000228881836,188099300,0.0,0.0,0.33991302193596284,-5.359999656677246,-1.0,0.12000036239624023,0.309999942779541,0.0033449813723217306,0.11755179447066798,0.9723319224272291,0.02766807757277087
2025-06-05,4.190000057220459,4.190000057220459,3.650000095367432,3.7699999809265137,128765200,0.0,0.0,0.205925844410459,-5.849999904632568,-1.0,-0.36999988555908203,0.12999987602233842,0.0004938262346945475,2.0,0.0,1.0
2025-06-06,3.869999885559082,4.03000020980835,3.809999942779541,3.849999904632568,61997900,0.0,0.0,0.10125318630756079,-5.769999980926514,-1.0,-0.2899999618530278,0.0,0.0,2.0,0.0,1.0
2025-06-09,3.9200000762939458,3.940000057220459,3.7899999618530273,3.900000095367432,72345600,0.0,0.0,0.11968720941404225,-5.7199997901916495,-1.0,-0.23999977111816362,0.0,0.0,2.0,0.0,1.0
2025-06-10,3.910000085830689,3.940000057220459,3.700000047683716,3.7699999809265137,77180600,0.0,0.0,0.12342993469591064,-5.849999904632568,-1.0,-0.36999988555908203,0.0,0.0,2.0,0.0,1.0
2025-06-11,3.865000009536743,3.990000009536743,3.7300000190734863,3.7300000190734863,109097000,0.0,0.0,0.17262060846815816,-5.889999866485596,1.0,-0.039999961853027344,0.04999995231628418,7.206238149233921e-05,0.1111102280837578,0.9444088547673749,0.05559114523262507
2025-06-12,3.7300000190734863,3.940000057220459,3.690000057220459,3.8299999237060542,77154200,0.0,0.0,0.1253514432333634,-5.789999961853027,-1.0,0.09999990463256792,0.0,0.0,2.0,0.5,0.5
2025-06-13,3.7200000286102295,3.930000066757202,3.650000095367432,3.7200000286102295,95898700,0.0,0.0,0.15133056861604052,-5.8999998569488525,-1.0,-0.009999990463256836,0.07999992370605424,0.00018385487225860877,0.01000000000000009,0.9949080725638707,0.005091927436129349
2025-06-16,3.75,4.139999866485596,3.734999895095825,4.139999866485596,141164200,0.0,0.0,0.24791105820915002,-5.480000019073486,1.0,0.4199998378753662,0.19999980926513672,0.0013319810401342153,2.0,0.9993344527281066,0.0006655472718933701
2025-06-17,4.130000114440918,4.400000095367432,4.0,4.050000190734863,183662400,0.0,0.0,0.3155340992275456,-5.569999694824219,1.0,0.3300001621246338,0.0,0.0,2.0,0.5,0.5
2025-06-18,4.105000019073486,4.300000190734863,3.9200000762939458,3.9600000381469727,205313300,0.0,0.0,0.34489212198432967,-5.659999847412109,-1.0,-0.09000015258789062,0.0,0.0,0.07438034441668334,0.9628098277916584,0.03719017220834167
2025-06-20,4.03000020980835,4.090000152587891,3.809999942779541,4.0,167333700,0.0,0.0,0.2839320422114213,-5.619999885559082,-1.0,-0.05000019073486328,0.0,0.0,0.02295699372885153,0.9885215031355742,0.011478496864425765
2025-06-23,3.900000095367432,4.179999828338623,3.7799999713897705,4.179999828338623,195355400,0.0,0.0,0.34639585387863764,-5.440000057220459,-1.0,0.12999963760375977,0.0,0.0,2.0,0.5,0.5
2025-06-24,4.239999771118164,5.25,4.230000019073486,5.230000019073486,298709200,0.0,0.0,0.6627065910311991,-4.389999866485596,1.0,1.0500001907348633,0.0,0.0,2.0,0.5,0.5
2025-06-25,5.800000190734863,5.889999866485596,4.699999809265137,4.809999942779541,258046100,0.0,0.0,0.5265181803278396,-4.809999942779541,1.0,0.630000114440918,0.0,0.0,2.0,0.5,0.5
2025-06-26,4.889999866485596,5.889999866485596,4.829999923706055,5.800000190734863,271833900,0.0,0.0,0.6688097945352288,-3.8199996948242188,1.0,1.6200003623962402,0.0,0.0,2.0,0.5,0.5
2025-06-27,5.900000095367432,5.980000019073486,5.545000076293945,5.840000152587891,301325400,0.0,0.0,0.7464824485699721,-3.7799997329711914,1.0,1.6600003242492676,0.0,0.0,2.0,0.5,0.5
2025-06-30,6.28000020980835,7.230000019073486,6.260000228881836,6.789999961853027,356135500,0.0,0.0,1.0257842803236232,-2.8299999237060547,1.0,2.6100001335144043,0.0,0.0,2.0,0.5,0.5
2025-07-01,7.150000095367432,7.150000095367432,6.269999980926514,6.650000095367432,254896300,0.0,0.0,0.7190451871411695,-2.9699997901916504,1.0,2.4700002670288086,0.0,0.0,2.0,0.5,0.5
2025-07-02,6.550000190734863,7.849999904632568,6.5,7.559999942779541,375003100,0.0,0.0,1.2026178644949428,-2.059999942779541,1.0,3.380000114440918,0.0,0.0,2.0,0.5,0.5
2025-07-03,7.840000152587891,8.279999732971191,7.559999942779541,7.75,201359300,0.0,0.0,0.6619792797584743,-1.869999885559082,1.0,3.570000171661377,0.0,0.0,2.0,0.5,0.5
2025-07-07,7.764999866485596,7.989999771118164,7.21999979019165,7.78000020980835,155350500,0.0,0.0,0.5126999379141383,-1.8399996757507324,-1.0,0.03000020980834961,0.0,0.0,0.3600022888132661,0.5,0.5
2025-07-08,7.96999979019165,8.720000267028809,7.559999942779541,7.590000152587891,198347400,0.0,0.0,0.6386152679118162,-2.0299997329711914,1.0,-0.19000005722045898,0.0,0.0,2.0,0.0,1.0
2025-07-09,7.949999809265137,8.069999694824219,6.960000038146973,7.369999885559082,169265900,0.0,0.0,0.5291855254378476,-2.25,-1.0,-0.2200002670288086,0.07999992370605469,0.0012641951195999151,2.0,0.0,1.0
2025-07-10,7.190000057220459,7.489999771118164,6.840000152587891,7.119999885559082,144218100,0.0,0.0,0.435582834884181,-2.5,-1.0,-0.4700002670288086,0.0,0.0,2.0,0.0,1.0
2025-07-11,7.0,7.199999809265137,6.389999866485596,6.440000057220459,129707600,0.0,0.0,0.35434172541312176,-3.179999828338623,-1.0,-1.1500000953674316,0.0,0.0,2.0,0.0,1.0
2025-07-14,6.269999980926514,6.929999828338623,6.090000152587891,6.920000076293945,118666800,0.0,0.0,0.34834239320609034,-2.6999998092651367,-1.0,-0.6700000762939453,0.0,0.0,2.0,0.0,1.0
2025-07-15,7.090000152587891,7.170000076293945,6.679999828338623,7.099999904632568,136748800,0.0,0.0,0.41186308448366715,-2.5199999809265137,1.0,0.17999982833862305,0.0,0.0,0.07217627717325015,0.5,0.5
2025-07-16,7.099999904632568,7.510000228881836,6.880000114440918,7.119999885559082,128047400,0.0,0.0,0.386742367924336,-2.5,1.0,0.19999980926513672,0.0,0.0,0.08910651502870393,0.5,0.5
2025-07-17,7.28000020980835,8.380000114440918,7.25,8.220000267028809,206080100,0.0,0.0,0.7185862268705125,-1.3999996185302734,1.0,1.3000001907348633,0.0,0.0,2.0,0.5,0.5
2025-07-18,8.390000343322754,8.479999542236328,7.860000133514404,7.949999809265137,125673800,0.0,0.0,0.42382138468144304,-1.6700000762939453,1.0,1.0299997329711914,0.0,0.0,2.0,0.5,0.5
2025-07-21,8.210000038146973,8.59000015258789,7.380000114440918,7.400000095367432,112030500,0.0,0.0,0.3516729790238015,-2.2199997901916504,1.0,0.48000001907348633,0.0,0.0,0.5132545463099513,0.5,0.5
2025-07-22,7.400000095367432,7.438000202178955,6.900000095367432,7.369999885559082,74786600,0.0,0.0,0.23380956363160055,-2.25,-1.0,-0.03000020980834961,0.9600000381469727,0.18204445891203733,0.003906304327336919,0.9070246183803129,0.09297538161968712
2025-07-23,7.550000190734863,7.940000057220459,7.420000076293945,7.929999828338623,92486200,0.0,0.0,0.31111511748116605,-1.690000057220459,1.0,0.559999942779541,0.0,0.0,2.0,0.5,0.5
2025-07-24,7.789999961853027,8.0600004196167,7.760000228881836,7.800000190734863,71270100,0.0,0.0,0.2358158446031198,-1.8199996948242188,1.0,0.43000030517578125,0.0,0.0,2.0,0.5,0.5
2025-07-25,7.800000190734863,7.800000190734863,7.349999904632568,7.389999866485596,62862000,0.0,0.0,0.19706233552184454,-2.2300000190734863,-1.0,-0.4100003242492676,0.07000017166137695,0.000985345361620207,0.9091402232531254,0.5449372156926272,0.4550627843073728
2025-07-28,7.519999980926514,7.570000171661377,7.010000228881836,7.150000095367432,63168100,0.0,0.0,0.1915908933841582,-2.4699997901916504,-1.0,-0.6500000953674316,0.0,0.0,2.0,0.0,1.0
2025-07-29,7.119999885559082,7.150000095367432,6.579999923706055,6.619999885559082,66988000,0.0,0.0,0.18811611209270718,-3.0,-1.0,-1.1800003051757812,0.0,0.0,2.0,0.0,1.0
2025-07-30,6.565000057220459,6.71999979019165,6.28000020980835,6.409999847412109,58280000,0.0,0.0,0.15847054920462242,-3.2100000381469727,-1.0,-1.390000343322754,0.0,0.0,2.0,0.0,1.0
2025-07-31,6.610000133514404,6.809999942779541,6.329999923706055,6.349999904632568,61691400,0.0,0.0,0.1661763997313855,-3.2699999809265137,1.0,-0.059999942779541016,0.0,0.0,0.019469919002938475,0.9902650404985308,0.009734959501469237
2025-08-01,6.045000076293945,6.610000133514404,6.010000228881836,6.400000095367432,73000200,0.0,0.0,0.19818693952694524,-3.2199997901916504,-1.0,0.05000019073486328,0.0,0.0,0.6944510672048586,0.5,0.5
2025-08-04,6.599999904632568,7.320000171661377,6.489999771118164,7.090000152587891,89153000,0.0,0.0,0.26813481501301883,-2.5299997329711914,1.0,0.690000057220459,0.0,0.0,2.0,0.5,0.5
2025-08-05,7.110000133514404,7.340000152587891,6.960000038146973,7.039999961853027,77268700,0.0,0.0,0.2307529506681017,-2.5799999237060547,1.0,0.6399998664855957,0.0,0.0,2.0,0.5,0.5
2025-08-06,6.960000038146973,6.989999771118164,6.670000076293945,6.71999979019165,56970900,0.0,0.0,0.1624027356356086,-2.9000000953674316,-1.0,-0.32000017166137695,0.0,0.0,0.25000037252924634,0.8749998137353768,0.12500018626462317
2025-08-07,6.78000020980835,6.900000095367432,6.389999866485596,6.610000133514404,61499100,0.0,0.0,0.17244127656178534,-3.0099997520446777,-1.0,-0.42999982833862305,0.0,0.0,0.4514158435485829,0.7742920782257086,0.22570792177429144
2025-08-08,6.900000095367432,7.260000228881836,6.849999904632568,7.139999866485596,87383500,0.0,0.0,0.2646662963690682,-2.4800000190734863,1.0,0.5299997329711914,0.2700004577636719,0.011852927626049062,1.5191992494701325,0.9922583124185033,0.007741687581496744
2025-08-11,7.019999980926514,7.389999866485596,6.739999771118164,7.090000152587891,137019900,0.0,0.0,0.4120983650533615,-2.5299997329711914,1.0,0.48000001907348633,0.0,0.0,1.2460800555316067,0.5,0.5
2025-08-12,4.849999904632568,6.079999923706055,4.75,5.96999979019165,238527500,0.0,0.0,0.6040651389650663,-3.6500000953674316,-1.0,-1.1200003623962402,2.0999999046325684,0.33101890553629626,2.0,0.0,1.0
2025-08-13,5.885000228881836,6.03000020980835,5.599999904632568,5.809999942779541,90663900,0.0,0.0,0.2234506002445554,-3.809999942779541,-1.0,-1.2800002098083496,0.0,0.0,2.0,0.0,1.0
2025-08-14,5.670000076293945,5.989999771118164,5.619999885559082,5.840000152587891,70298500,0.0,0.0,0.17415258192902486,-3.7799997329711914,-1.0,-1.25,0.0,0.0,2.0,0.0,1.0
2025-08-15,5.769999980926514,6.21999979019165,5.559999942779541,6.139999866485596,71983500,0.0,0.0,0.18748750152659766,-3.4800000190734863,-1.0,-0.9500002861022949,0.18999958038330078,0.002980895771412347,2.0,0.0,1.0
2025-08-18,6.050000190734863,6.190000057220459,5.769999980926514,5.849999904632568,62221300,0.0,0.0,0.15440662859120635,-3.7699999809265137,-1.0,-1.2400002479553223,0.20000028610229492,0.0028143527954001928,2.0,0.0,1.0
2025-08-19,5.849999904632568,5.889999866485596,5.420000076293945,5.5,60500500,0.0,0.0,0.14115382594624773,-4.119999885559082,-1.0,-1.5900001525878906,0.0,0.0,2.0,0.0,1.0
2025-08-20,5.440000057220459,5.699999809265137,5.239999771118164,5.610000133514404,60443800,0.0,0.0,0.14384197327854467,-4.009999752044678,-1.0,-1.4800000190734863,0.0,0.0,2.0,0.0,1.0
2025-08-21,5.480000019073486,5.639999866485596,5.440000057220459,5.480000019073486,43871200,0.0,0.0,0.10198377285305321,-4.139999866485596,-1.0,-1.6100001335144043,0.0,0.0,2.0,0.0,1.0
2025-08-22,5.480000019073486,5.659999847412109,5.260000228881836,5.5,51779500,0.0,0.0,0.12080684507704456,-4.119999885559082,-1.0,-1.5900001525878906,0.0,0.0,2.0,0.0,1.0
2025-08-25,5.480000019073486,5.5,5.28000020980835,5.300000190734863,51819600,0.0,0.0,0.11650402838100944,-4.319999694824219,-1.0,-1.7899999618530273,0.0,0.0,2.0,0.0,1.0
2025-08-26,5.300000190734863,5.480000019073486,5.190000057220459,5.349999904632568,53043000,0.0,0.0,0.12037958836006707,-4.269999980926514,-1.0,-1.7400002479553223,0.0,0.0,2.0,0.0,1.0
2025-08-27,5.349999904632568,5.389999866485596,5.110000133514404,5.130000114440918,44619400,0.0,0.0,0.0970984062511492,-4.489999771118164,-1.0,-1.9600000381469727,0.0,0.0,2.0,0.0,1.0
2025-08-28,5.199999809265137,5.25,5.099999904632568,5.159999847412109,43131100,0.0,0.0,0.0944085274953878,-4.460000038146973,-1.0,-1.9300003051757812,0.0,0.0,2.0,0.0,1.0
2025-08-29,5.150000095367432,5.179999828338623,4.949999809265137,5.070000171661377,38137200,0.0,0.0,0.08202151356175759,-4.549999713897705,-1.0,-2.0199999809265137,0.0,0.0,2.0,0.0,1.0
2025-09-02,4.949999809265137,5.079999923706055,4.809999942779541,5.019999980926514,43589300,0.0,0.0,0.09282278850751789,-4.599999904632568,-1.0,-2.070000171661377,0.0,0.0,2.0,0.0,1.0
2025-09-03,5.005000114440918,5.03000020980835,4.849999904632568,4.900000095367432,30724800,0.0,0.0,0.06386400552249154,-4.71999979019165,-1.0,-2.190000057220459,0.0,0.0,2.0,0.0,1.0
2025-09-04,4.909999847412109,4.980000019073486,4.75,4.929999828338623,40958500,0.0,0.0,0.08565682020372209,-4.690000057220459,-1.0,-2.1600003242492676,0.0,0.0,2.0,0.0,1.0
2025-09-05,5.0,5.059999942779541,4.730000019073486,4.980000019073486,45189800,0.0,0.0,0.0954642498885978,-4.639999866485596,-1.0,-2.1100001335144043,0.029999732971191406,4.1802171435430756e-05,2.0,0.0,1.0
2025-09-08,4.989999771118164,5.050000190734863,4.849999904632568,4.869999885559082,33041600,0.0,0.0,0.06825917282420974,-4.75,-1.0,-2.2200002670288086,0.07000017166137695,0.00021717558039322952,2.0,0.0,1.0
2025-09-09,4.880000114440918,4.900000095367432,4.730000019073486,4.800000190734863,37191300,0.0,0.0,0.07572749910704028,-4.819999694824219,-1.0,-2.2899999618530273,0.0,0.0,2.0,0.0,1.0
2025-09-10,4.869999885559082,4.920000076293945,4.650000095367432,4.730000019073486,49356000,0.0,0.0,0.09903121304595422,-4.889999866485596,-1.0,-2.3600001335144043,0.0,0.0,2.0,0.0,1.0
2025-09-11,4.730000019073486,5.090000152587891,4.695000171661377,4.869999885559082,61593000,0.0,0.0,0.12724224104648535,-4.75,1.0,0.1399998664855957,0.19000005722045898,0.0016000009637131384,0.0035190965954991662,0.6874447214170036,0.31255527858299637
2025-09-12,5.190000057220459,5.380000114440918,4.96999979019165,5.059999942779541,118700900,0.0,0.0,0.25478597878838516,-4.559999942779541,1.0,0.3299999237060547,0.0,0.0,0.019552559847064995,0.5,0.5
2025-09-15,5.179999828338623,5.329999923706055,5.019999980926514,5.090000152587891,92017700,0.0,0.0,0.19868275338869665,-4.529999732971191,1.0,0.3600001335144043,0.0,0.0,0.023269190151254015,0.5,0.5
2025-09-16,5.340000152587891,6.0,5.329999923706055,5.940000057220459,213075000,0.0,0.0,0.5368957263738714,-3.679999828338623,1.0,1.2100000381469727,0.0,0.0,0.26287344273484353,0.5,0.5
2025-09-17,5.809999942779541,6.170000076293945,5.610000133514404,6.019999980926514,148128300,0.0,0.0,0.3782731616258453,-3.5999999046325684,1.0,1.2899999618530273,0.0,0.0,0.29878262591417415,0.5,0.5
2025-09-18,6.239999771118164,6.429999828338623,6.019999980926514,6.28000020980835,121507900,0.0,0.0,0.32369439109250264,-3.3399996757507324,1.0,1.5500001907348633,0.0,0.0,0.43135958047983314,0.5,0.5
2025-09-19,6.309999942779541,6.940000057220459,6.275000095367432,6.849999904632568,156953000,0.0,0.0,0.45606966592104614,-2.7699999809265137,1.0,2.119999885559082,0.0,0.0,0.8069518468541987,0.5,0.5
2025-09-22,6.78000020980835,7.210000038146973,6.309999942779541,7.079999923706055,134586600,0.0,0.0,0.40420908980971904,-2.5399999618530273,1.0,2.3499999046325684,0.0,0.0,0.9915431856712255,0.5,0.5
2025-09-23,7.369999885559082,8.479999542236328,7.210000038146973,7.989999771118164,233582300,0.0,0.0,0.7916946280592405,-1.630000114440918,1.0,3.2599997520446777,0.0,0.0,1.9081437052646661,0.5,0.5
2025-09-24,8.039999961853027,8.140000343322754,7.539999961853027,7.590000152587891,133640900,0.0,0.0,0.4302810077544563,-2.0299997329711914,1.0,2.8600001335144043,0.0,0.0,1.468615311368618,0.5,0.5
2025-09-25,7.090000152587891,7.360000133514404,6.769999980926514,7.139999866485596,100998900,0.0,0.0,0.30590448769332745,-2.4800000190734863,-1.0,-0.4500002861022949,0.440000057220459,0.031477635174310854,0.02475674098799019,0.9718828119188495,0.02811718808115052
2025-09-26,7.159999847412109,7.190000057220459,6.559999942779541,6.730000019073486,70832700,0.0,0.0,0.20221802421318613,-2.8899998664855957,-1.0,-0.8600001335144043,0.0,0.0,0.09042008907412992,0.954789955462935,0.04521004453706496
2025-09-29,6.869999885559082,6.985000133514404,6.434999942779541,6.460000038146973,73588300,0.0,0.0,0.2016565307931171,-3.1599998474121094,-1.0,-1.130000114440918,0.0,0.0,0.156107895180267,0.9219460524098665,0.0780539475901335
2025-09-30,6.400000095367432,6.690000057220459,6.329999923706055,6.519999980926514,67860000,0.0,0.0,0.1876862471504908,-3.0999999046325684,-1.0,-1.070000171661377,0.0,0.0,0.13997020153305734,0.9300148992334714,0.06998510076652867
2025-10-01,6.550000190734863,7.059999942779541,6.389999866485596,6.980000019073486,91122300,0.0,0.0,0.2698056858673598,-2.6399998664855957,1.0,0.46000003814697266,0.07499980926513672,0.0008070724229163029,0.18481960625446794,0.9956521744144387,0.00434782558556133
2025-10-02,7.119999885559082,7.360000133514404,6.960000038146973,7.269999980926514,94542200,0.0,0.0,0.29156213021471106,-2.3499999046325684,1.0,0.75,0.0,0.0,0.49130912701104973,0.5,0.5
2025-10-03,7.329999923706055,7.369999885559082,6.900000095367432,7.190000057220459,87622300,0.0,0.0,0.2672480490033353,-2.429999828338623,1.0,0.6700000762939453,0.0,0.0,0.39208660861103056,0.5,0.5
2025-10-06,7.239999771118164,7.869999885559082,7.21999979019165,7.690000057220459,130405900,0.0,0.0,0.4253971584324553,-1.929999828338623,1.0,1.1700000762939453,0.0,0.0,1.1956500474271685,0.5,0.5
2025-10-07,7.75,7.800000190734863,7.119999885559082,7.440000057220459,94517200,0.0,0.0,0.2983010535074203,-2.179999828338623,-1.0,-0.25,0.0,0.0,0.04565709098468716,0.9771714545076564,0.02282854549234358
2025-10-08,7.534999847412109,7.769999980926514,7.090000152587891,7.289999961853027,120253600,0.0,0.0,0.3718746834670974,-2.3299999237060547,-1.0,-0.40000009536743164,0.0,0.0,0.11688220865455944,0.9415588956727203,0.05844110432727972
2025-10-09,7.289999961853027,7.559999942779541,7.110000133514404,7.489999771118164,153455400,0.0,0.0,0.4875677602659934,-2.130000114440918,-1.0,-0.20000028610229492,0.0,0.0,0.02922062183089005,0.9853896890845549,0.014610310915445025
2025-10-10,7.559999942779541,8.800000190734863,7.199999809265137,7.21999979019165,236911500,0.0,0.0,0.7255950781873445,-2.4000000953674316,1.0,-0.26999998092651367,1.0300002098083496,0.18418408817577397,0.053254423400482635,0.8812807442118717,0.11871925578812831
2025-10-13,7.599999904632568,9.19499969482422,7.550000190734863,8.8100004196167,211830100,0.0,0.0,0.7916525246283616,-0.8099994659423828,1.0,1.3200006484985352,1.6349997520446795,2.0,2.0,0.5,0.5
2025-10-14,8.869999885559082,9.390000343322754,8.40999984741211,8.90999984741211,176513600,0.0,0.0,0.6671551914887464,-0.7100000381469727,1.0,1.4200000762939453,0.0,0.0,2.0,0.5,0.5
2025-10-15,9.109999656677246,9.270000457763672,8.0,8.520000457763672,132033500,0.0,0.0,0.47719375863474184,-1.0999994277954102,-1.0,-0.3899993896484375,0.0,0.0,0.07543121780505303,0.9622843910974734,0.037715608902526516
2025-10-16,8.600000381469727,8.680000305175781,7.650000095367432,7.699999809265137,96101600,0.0,0.0,0.3139007356460359,-1.9200000762939453,-1.0,-1.2100000381469727,0.0,0.0,0.7260959804547542,0.6369520097726229,0.3630479902273771
2025-10-17,7.5,7.730000019073486,7.099999904632568,7.420000076293945,127409400,0.0,0.0,0.4010295556287444,-2.1999998092651367,-1.0,-1.489999771118164,0.0,0.0,1.1010211661221132,0.4494894169389434,0.5505105830610566
2025-10-20,7.639999866485596,7.829999923706055,7.340000152587891,7.460000038146973,163795100,0.0,0.0,0.5183352397609983,-2.1599998474121094,1.0,0.039999961853027344,0.0,0.0,0.0007206871040949163,0.5,0.5
2025-10-21,7.369999885559082,7.5,6.914999961853027,7.079999923706055,128256600,0.0,0.0,0.3851979584006819,-2.5399999618530273,-1.0,-0.38000011444091797,0.18499994277954102,0.005304882487514524,2.0,0.0,1.0
2025-10-22,6.809999942779541,7.0,6.400000095367432,6.610000133514404,148112600,0.0,0.0,0.41530243237519066,-3.0099997520446777,-1.0,-0.8499999046325684,0.0,0.0,2.0,0.0,1.0
2025-10-23,6.699999809265137,6.900000095367432,6.559999942779541,6.78000020980835,114363500,0.0,0.0,0.32891838272091484,-2.8399996757507324,-1.0,-0.679999828338623,0.0,0.0,2.0,0.0,1.0
2025-10-24,7.1020002365112305,7.329999923706055,7.019999980926514,7.050000190734863,293442700,0.0,0.0,0.8775733769213736,-2.5699996948242188,1.0,0.26999998092651367,0.3299999237060547,0.016487755379907557,0.15765576666640407,0.9053208802362295,0.09467911976377057
2025-10-27,7.190000057220459,7.320000171661377,6.869999885559082,7.099999904632568,352543700,0.0,0.0,1.061798975181388,-2.5199999809265137,-1.0,0.04999971389770508,0.0,0.0,0.005406515250982704,0.5,0.5
2025-10-28,7.050000190734863,7.269999980926514,6.75,6.78000020980835,357605500,0.0,0.0,1.0285014249485553,-2.8399996757507324,-1.0,-0.26999998092651367,0.26999998092651367,0.009038386027900748,2.0,0.0,1.0
2025-10-29,6.800000190734863,7.070000171661377,6.610000133514404,6.900000095367432,124260400,0.0,0.0,0.3637079924978692,-2.7199997901916504,-1.0,-0.15000009536743164,0.0,0.0,2.0,0.0,1.0
2025-10-30,6.690000057220459,6.929999828338623,6.550000190734863,6.739999771118164,90211900,0.0,0.0,0.2579257561225507,-2.880000114440918,-1.0,-0.3100004196166992,0.0,0.0,2.0,0.0,1.0
2025-10-31,6.78000020980835,6.945000171661377,6.610000133514404,6.920000076293945,86741600,0.0,0.0,0.25462704424932164,-2.6999998092651367,1.0,0.18000030517578125,0.0,0.0,0.3371490338171581,0.5,0.5
2025-11-03,6.900000095367432,6.920000076293945,6.224999904632568,6.300000190734863,90997300,0.0,0.0,0.2431868401938699,-3.3199996948242188,-1.0,-0.619999885559082,0.3250002861022949,0.0095827773792276,2.0,0.0,1.0
2025-11-04,5.900000095367432,6.139999866485596,5.699999809265137,5.730000019073486,54605900,0.0,0.0,0.13272880783795224,-3.8899998664855957,-1.0,-1.190000057220459,0.0,0.0,2.0,0.0,1.0
2025-11-05,5.840000152587891,6.210000038146973,5.744999885559082,6.130000114440918,67767700,0.0,0.0,0.17621960748677312,-3.489999771118164,1.0,0.40000009536743164,0.0,0.0,0.11298641402932985,0.5,0.5
2025-11-06,6.059999942779541,6.079999923706055,5.573999881744385,5.659999847412109,65576300,0.0,0.0,0.15744697794266663,-3.9600000381469727,-1.0,-0.4700002670288086,0.12599992752075195,0.001012395509984041,1.380625910460882,0.30918084701456694,0.6908191529854331
2025-11-07,5.440000057220459,5.71999979019165,5.289999961853027,5.679999828338623,78567600,0.0,0.0,0.18930531621875116,-3.940000057220459,-1.0,-0.4500002861022949,0.0,0.0,1.2656260058283406,0.3671869970858297,0.6328130029141703
2025-11-10,5.940000057220459,5.960000038146973,5.579999923706055,5.710000038146973,86376900,0.0,0.0,0.20922073594262944,-3.9099998474121094,1.0,0.03000020980834961,0.0,0.0,0.004444500958621731,0.5,0.5
2025-11-11,6.960000038146973,6.989999771118164,6.010000228881836,6.059999942779541,157695800,0.0,0.0,0.405381334010234,-3.559999942779541,1.0,0.38000011444091797,0.0,0.0,0.7130859425238529,0.5,0.5
2025-11-12,6.400000095367432,7.400000095367432,6.320000171661377,7.170000076293945,187273600,0.0,0.0,0.5695957237361906,-2.4499998092651367,1.0,1.4900002479553223,0.0,0.0,2.0,0.5,0.5
2025-11-13,7.0,7.050000190734863,6.139999866485596,6.340000152587891,97606500,0.0,0.0,0.2625058638456769,-3.2799997329711914,-1.0,-0.8299999237060547,0.0,0.0,0.3103011774552356,0.8448494112723822,0.1551505887276178
2025-11-14,6.099999904632568,6.599999904632568,6.019999980926514,6.059999942779541,90751700,0.0,0.0,0.23329121770964448,-3.559999942779541,-1.0,-1.1100001335144043,0.0,0.0,0.5549749499244014,0.7225125250377993,0.2774874749622007
2025-11-17,5.960000038146973,6.034999847412109,5.380000114440918,5.570000171661377,84912600,0.0,0.0,0.2006311434796552,-4.049999713897705,-1.0,-1.5999999046325684,0.0,0.0,1.153100690414912,0.42344965479254404,0.576550345207456
2025-11-18,5.53000020980835,6.210000038146973,5.429999828338623,5.980000019073486,107586700,0.0,0.0,0.27291711566237575,-3.6399998664855957,1.0,0.4099998474121094,0.0,0.0,0.06566402145196149,0.5,0.5
2025-11-19,5.900000095367432,6.109000205993652,5.710000038146973,5.840000152587891,90458800,0.0,0.0,0.22409629761945524,-3.7799997329711914,1.0,0.26999998092651367,0.0,0.0,0.02847656187135723,0.5,0.5
2025-11-20,6.150000095367432,6.489999771118164,5.489999771118164,5.510000228881836,96223400,0.0,0.0,0.22490717785159256,-4.109999656677246,1.0,-0.059999942779541016,0.0,0.0,0.0493826288364003,0.9753086855817998,0.02469131441820015
2025-11-21,5.550000190734863,5.670000076293945,5.03000020980835,5.400000095367432,97044756,0.0,0.0,0.22229865788467343,-4.21999979019165,-1.0,-0.1100001335144043,0.0,0.0,0.165981221985468,0.917009389007266,0.082990610992734
