Date,Open,High,Low,Close,Volume,Dividends,Stock Splits,relative_volume,Atr_Close,Atr_Low,Atr_High,fast_trend_run,structural_direction,slow_trend_run,breaking_gap,fast_swing_ratio,slow_swing_ratio,p_up,p_down
2020-12-03,34.14657162690431,34.66665941200678,33.91342611374676,34.19140625,2267300,0.0,0.0,0.006093860632116301,1.5881011715087052,1.5881011715087052,1.5881011715087052,0.7442665100097656,1.0,0.2510719299316406,0.4573150719398882,0.37754965262182294,0.0926231937815107,0.2350864232016668,0.7649135767983332
2020-12-04,34.42454866672368,35.77857687333883,34.2541757290904,35.482662200927734,2861600,0.0,0.0,0.007981631814161113,1.5880347037822855,1.5880347037822855,1.5880347037822855,2.0355224609375,1.0,1.542327880859375,0.0,0.0,2.0,1.0,0.0
2020-12-07,35.20468127846328,35.30331950040481,34.07483305591138,34.31694412231445,1981100,0.0,0.0,0.005344186085616053,1.5751628781561477,1.5751628781561477,1.5751628781561477,-1.1657180786132812,-1.0,-1.1657180786132812,0.0,0.0,0.571259775285377,0.7143701123573115,0.2856298876426885
2020-12-08,34.02999267148564,34.71148771212271,33.98515805655694,34.541114807128906,1624500,0.0,0.0,0.004410853487277466,1.5145319336854066,1.5145319336854066,1.5145319336854066,0.22417068481445312,-1.0,-0.9415473937988281,0.0,0.0,0.37267559391691324,0.5,0.5
2020-12-09,34.890833752450604,35.34815235230733,34.56801901341656,35.02534103393555,1778700,0.0,0.0,0.0048972428866283476,1.4639966202206223,1.4639966202206223,1.4639966202206223,0.7083969116210938,1.0,0.4842262268066406,0.04483285190251962,0.004005340239747109,0.26449182002811716,0.13424858013393215,0.8657514198660679
2020-12-10,34.603898892948486,35.27642866924005,34.56802981725374,35.070186614990234,1793700,0.0,0.0,0.004944865136658063,1.4100253510610286,1.4100253510610286,1.4100253510610286,0.7532424926757812,1.0,0.5290718078613281,0.0,0.0,0.31575109801196344,0.15787554900598172,0.8421244509940182
2020-12-11,34.66666126270912,35.38402553252456,34.63079219405269,35.303321838378906,1696700,0.0,0.0,0.004708550125972215,1.3631116358760889,1.3631116358760889,1.3631116358760889,0.9863777160644531,1.0,0.76220703125,0.0,0.0,0.655332234172644,0.327666117086322,0.672333882913678
2020-12-14,35.56336434560988,35.92204815948689,34.77426200747787,34.81013107299805,2477900,0.0,0.0,0.006780410701614931,1.347731244171298,1.347731244171298,1.347731244171298,-0.4931907653808594,1.0,0.2690162658691406,0.0,0.0,0.08163430675087169,0.5,0.5
2020-12-15,35.33022761811818,35.339193175526475,34.092772035337724,34.3886833190918,2553900,0.0,0.0,0.0069037650393257224,1.3404948081725447,1.3404948081725447,1.3404948081725447,-0.9146385192871094,-1.0,-0.42144775390625,0.5380201587149642,0.3460175459819932,2.0,0.0,1.0
2020-12-16,34.56801217961695,34.56801217961695,33.240887842019845,33.87754821777344,2179400,0.0,0.0,0.005803840718139076,1.3395397745600135,1.3395397745600135,1.3395397745600135,-1.4257736206054688,-1.0,-0.9325828552246094,0.0,0.0,2.0,0.0,1.0
2020-12-17,34.18243361568696,34.218302678590746,33.581642205028004,33.66234588623047,1855700,0.0,0.0,0.004910420817776126,1.2893341102030655,1.2893341102030655,1.2893341102030655,-1.6409759521484375,-1.0,-1.1477851867675781,0.0,0.0,2.0,0.0,1.0
2020-12-18,33.6175217075829,33.82376375233333,33.15123400701809,33.75202560424805,4424600,0.0,0.0,0.011739251939585242,1.2452766555682206,1.2452766555682206,1.2452766555682206,0.08967971801757812,-1.0,-1.05810546875,0.0,0.0,2.0,0.5,0.5
2020-12-21,33.079485586361294,33.76098409888483,32.87324360565768,33.66234588623047,1692300,0.0,0.0,0.004478043406758926,1.2197383582581447,1.2197383582581447,1.2197383582581447,-0.08967971801757812,-1.0,-1.1477851867675781,0.0,0.0,2.0,0.0,1.0
2020-12-22,33.725115804451505,33.725115804451505,32.46972593951011,32.478694915771484,1723700,0.0,0.0,0.004400751217536427,1.2222848944498053,1.2222848944498053,1.2222848944498053,-1.2733306884765625,-1.0,-2.3314361572265625,0.0,0.0,2.0,0.0,1.0
2020-12-23,32.738732590178756,33.25882368088456,32.550425162438394,32.97187805175781,1263800,0.0,0.0,0.0032755829536839595,1.190702313782896,1.190702313782896,1.190702313782896,0.4931831359863281,-1.0,-1.8382530212402344,0.0,0.0,2.0,0.5,0.5
2020-12-24,32.91807880599873,33.0794861712576,32.631133139019,33.00775146484375,255800,0.0,0.0,0.0006637171614200014,1.1376773651011607,1.1376773651011607,1.1376773651011607,0.5290565490722656,-1.0,-1.8023796081542969,0.0,0.0,2.0,0.5,0.5
2020-12-28,33.187091302902054,34.5859540523213,33.187091302902054,33.35746765136719,1606300,0.0,0.0,0.004211979990089667,1.1691434524137598,1.1691434524137598,1.1691434524137598,0.8787727355957031,1.0,0.3497161865234375,1.3271303714367377,2.0,0.03764774234137013,1.0,0.0
2020-12-29,33.46508117761673,33.868599724907796,32.8553205774132,33.13330078125,1073100,0.0,0.0,0.0027949334043016055,1.1580102877766765,1.1580102877766765,1.1580102877766765,-0.2241668701171875,-1.0,-0.2241668701171875,0.0,0.0,0.4108765810581747,0.7945617094709126,0.20543829052908735
2020-12-30,33.04362207963442,34.30797768396228,33.04362207963442,34.047935485839844,1388200,0.0,0.0,0.003715432621262763,1.165606381816047,1.165606381816047,1.165606381816047,0.9146347045898438,1.0,0.9146347045898438,0.0,0.0,2.0,1.0,0.0
2020-12-31,34.012064739377585,35.15088196692722,33.698218953331924,34.71149444580078,1556400,0.0,0.0,0.004246793074418315,1.1861104269431364,1.1861104269431364,1.1861104269431364,1.5781936645507812,1.0,1.5781936645507812,0.0,0.0,2.0,1.0,0.0
2021-01-04,34.97154768401435,35.50957012627234,34.12864494563329,34.55009460449219,2668100,0.0,0.0,0.007246326697970267,1.2000257664928442,1.2000257664928442,1.2000257664928442,-0.16139984130859375,1.0,1.4167938232421875,0.0,0.0,2.0,0.5,0.5
2021-01-05,34.70252855179573,36.30763337490245,34.70252855179573,35.93101501464844,2632200,0.0,0.0,0.007434554286030058,1.239848123915517,1.239848123915517,1.239848123915517,1.38092041015625,1.0,2.7977142333984375,0.0,0.0,2.0,1.0,0.0
2021-01-06,36.657351186922014,38.82737859477175,36.17312900775029,38.28935623168945,4689000,0.0,0.0,0.014113179450354844,1.3581706565017884,1.3581706565017884,1.3581706565017884,3.7392616271972656,1.0,5.156055450439453,0.0,0.0,2.0,1.0,0.0
2021-01-07,39.006714473614146,39.43713298146422,38.18174652206708,38.35211944580078,3248200,0.0,0.0,0.009792615390195651,1.3508289281371704,1.3508289281371704,1.3508289281371704,3.8020248413085938,1.0,5.218818664550781,0.0,0.0,2.0,1.0,0.0
2021-01-08,38.60319360778651,38.79150105166625,37.7871912636456,38.70183181762695,3449300,0.0,0.0,0.010493709954628476,1.3260775609859903,1.3260775609859903,1.3260775609859903,4.151737213134766,-1.0,0.3497123718261719,0.0,0.0,2.0,1.0,0.0
2021-01-11,37.80514118659997,38.97085880703215,37.5719990307789,38.657012939453125,2159500,0.0,0.0,0.00656217892125697,1.3312762906479376,1.3312762906479376,1.3312762906479376,-0.044818878173828125,-1.0,0.30489349365234375,0.6097474912881822,2.0,1.8499221704503,0.4805089787656478,0.5194910212343522
2021-01-12,39.02465024271704,41.21261191547574,38.51352803465185,41.01533889770508,3698600,0.0,0.0,0.011924776172228108,1.428976832803363,1.428976832803363,1.428976832803363,2.358325958251953,1.0,2.358325958251953,0.0,0.0,2.0,1.0,0.0
2021-01-13,41.42782263775269,42.14518683593399,40.324874541674745,40.611820220947266,2976800,0.0,0.0,0.009503173940826486,1.4569293657644975,1.4569293657644975,1.4569293657644975,-0.4035186767578125,1.0,1.9548072814941406,0.0,0.0,2.0,0.5,0.5
2021-01-14,40.683561552682704,41.20365281893572,40.611826831519146,40.620792388916016,2216200,0.0,0.0,0.007076587938506345,1.3951367394947805,1.3951367394947805,1.3951367394947805,0.00897216796875,1.0,1.9637794494628906,0.0,0.0,2.0,1.0,0.0
2021-01-15,40.50421317225249,40.952566225320574,39.750983326933955,40.85393142700195,2531500,0.0,0.0,0.008129771771471376,1.3813114651299119,1.3813114651299119,1.3813114651299119,0.2421112060546875,-1.0,0.2331390380859375,0.5738912147407902,2.0,1.081650970582107,1.0,0.0
2021-01-19,41.23054486736386,41.41885232192357,39.90342028847386,40.34280776977539,2465300,0.0,0.0,0.007818122355850225,1.3908915057241835,1.3908915057241835,1.3908915057241835,-0.5111236572265625,1.0,-0.5111236572265625,0.7084065430452853,1.9209371795500099,2.0,0.0,1.0
2021-01-20,40.558011418280174,40.67458415448112,39.2219214120102,39.57163619995117,1766200,0.0,0.0,0.005494022764643607,1.3953037369203791,1.3953037369203791,1.3953037369203791,-1.2822952270507812,-1.0,-0.7711715698242188,0.0,0.0,2.0,0.0,1.0
2021-01-21,39.74201980257421,39.95723080266347,38.75564431876691,38.97085189819336,1742600,0.0,0.0,0.005338314739964824,1.3814667902758204,1.3814667902758204,1.3814667902758204,-1.8830795288085938,-1.0,-1.3719558715820312,0.0,0.0,2.0,0.0,1.0
2021-01-22,38.370065615435784,39.21296835470998,38.15485458590659,38.91705703735352,1457300,0.0,0.0,0.004458158678525178,1.3583701458849324,1.3583701458849324,1.3583701458849324,-1.9368743896484304,-1.0,-1.425750732421868,0.0,0.0,2.0,0.0,1.0
2021-01-25,38.58525977556382,39.15018553809497,37.796160923874986,38.97981262207031,2102600,0.0,0.0,0.006442626781693997,1.358059750766008,1.358059750766008,1.358059750766008,0.06275558471678977,-1.0,-1.3629951477050781,0.0,0.0,2.0,0.5,0.5
2021-01-26,39.410238680171545,39.67028430246965,37.56302265301419,37.64372634887695,2150400,0.0,0.0,0.006363241784133042,1.4115741721009694,1.4115741721009694,1.4115741721009694,-1.3360862731933594,-1.0,-2.6990814208984375,0.45731594775967466,0.11715577166610215,2.0,0.0,1.0
2021-01-27,36.85462933162992,37.428524264547455,35.751680940141846,36.65735626220703,3581200,0.0,0.0,0.01031944361832661,1.445893546146265,1.445893546146265,1.445893546146265,-2.3224563598632812,-1.0,-3.6854515075683594,0.0,0.0,2.0,0.0,1.0
2021-01-28,37.21330462427176,38.0203415145089,36.92635893455688,37.84099960327149,3499000,0.0,0.0,0.010408139610693644,1.4399715251573795,1.4399715251573795,1.4399715251573795,1.1836433410644602,1.0,1.1836433410644602,0.0,0.0,0.10314788228442377,0.051573941142211886,0.9484260588577881
2021-01-29,37.69753124427524,38.53146832320144,36.76495593139777,37.10570526123047,4684900,0.0,0.0,0.013664935376888305,1.4632958727749714,1.4632958727749714,1.4632958727749714,-0.7352943420410227,1.0,0.4483489990234375,0.0,0.0,0.014799635066294966,0.5,0.5
2021-02-01,37.56302679529259,38.84531709281568,37.55406123728037,38.531471252441406,2131800,0.0,0.0,0.006456967736016538,1.4830327269757027,1.4830327269757027,1.4830327269757027,1.4257659912109375,1.0,1.874114990234375,0.0,0.0,0.25858960716397766,0.12929480358198883,0.8707051964180111
2021-02-02,39.14123362530909,39.31160660071656,38.25349283191317,38.91705703735352,1786200,0.0,0.0,0.005464326515872966,1.4526813728205374,1.4526813728205374,1.4526813728205374,1.811351776123054,1.0,2.2597007751464915,0.0,0.0,0.3759416703828061,0.18797083519140306,0.8120291648085969
2021-02-03,39.06948868703181,39.65234908271127,38.27142071987813,38.379024505615234,1992700,0.0,0.0,0.006011770861763697,1.4475561578214375,1.4475561578214375,1.4475561578214375,-0.5380325317382884,1.0,1.7216682434082031,0.0,0.0,0.21823154901822564,0.5,0.5
2021-02-04,38.30728516789229,39.16812219127672,37.939635808697126,38.71080017089844,1774700,0.0,0.0,0.005400371842671173,1.4319083167327347,1.4319083167327347,1.4319083167327347,0.3317756652832031,-1.0,0.3317756652832031,0.3138570232160447,0.8949002827607353,0.00810415343686235,0.4515022180987988,0.5484977819012011
2021-02-05,39.17709430188153,40.08276951771945,38.334191669705575,38.68390655517578,1217100,0.0,0.0,0.0037010346780230585,1.4545275689671018,1.4545275689671018,1.4545275689671018,-0.02689361572265625,1.0,-0.02689361572265625,0.0,0.0,0.006570665106970231,0.9967146674465149,0.0032853325534851156
2021-02-08,39.16813123341246,39.8316919760422,38.85428539847448,39.42817687988281,1443800,0.0,0.0,0.004474868732490453,1.432617415531339,1.432617415531339,1.432617415531339,0.7442703247070312,1.0,0.717376708984375,0.6635697847654782,0.7948987212924934,2.0,1.0,0.0
2021-02-09,39.49094058143697,39.66131352244374,38.91704917945357,39.44610595703125,1431900,0.0,0.0,0.004440004317768451,1.3834493389212554,1.3834493389212554,1.3834493389212554,0.7621994018554688,1.0,0.7353057861328125,0.0,0.0,2.0,1.0,0.0
2021-02-10,39.831688841462395,39.831688841462395,37.796168722485945,38.77357864379883,1939900,0.0,0.0,0.005912644884789754,1.4300258232109122,1.4300258232109122,1.4300258232109122,-0.6725273132324219,1.0,0.06277847290039062,1.0581166759885363,2.0,2.0,0.5,0.5
2021-02-11,38.98877747134714,39.0067120022874,38.0472368312864,38.70183181762695,1444400,0.0,0.0,0.0043942581562825414,1.3964150623387759,1.3964150623387759,1.3964150623387759,-0.7442741394042969,1.0,-0.008968353271484375,0.8698123481671729,1.3657942471052886,0.02040816326530612,0.3068987948147026,0.6931012051852974
2021-02-12,38.4490118031198,40.09244033150786,38.38579983392988,40.05632019042969,1494400,0.3,0.0,0.004705485887525623,1.418574021998719,1.418574021998719,1.418574021998719,1.3544883728027344,1.0,1.34552001953125,0.2607514900454646,0.03705979691351685,2.0,1.0,0.0
2021-02-16,40.27303261756794,41.139898747477424,39.62288732589348,40.85094451904297,2338600,0.0,0.0,0.007509735034885106,1.4256052648262352,1.4256052648262352,1.4256052648262352,2.1491127014160156,1.0,2.1401443481445312,0.0,0.0,2.0,1.0,0.0
2021-02-17,40.53488762346286,41.040559110296755,39.812502245561,40.68839645385742,1804700,0.0,0.0,0.0057722104831047965,1.4114946648197724,1.4114946648197724,1.4114946648197724,-0.16254806518554688,1.0,1.9775962829589844,0.0,0.0,2.0,0.5,0.5
2021-02-18,40.95025966415026,42.20540837566431,38.69280315687394,39.61384582519531,3421500,0.0,0.0,0.010654427481422875,1.5615739901033865,1.5615739901033865,1.5615739901033865,-1.2370986938476562,1.0,0.903045654296875,0.9300841690195369,0.5652438006386034,2.0,0.7796529902935974,0.22034700970640259
2021-02-19,40.17369552904387,41.40174891470007,39.79444106341372,41.32048034667969,2241400,0.0,0.0,0.0072803338594392576,1.5777403543463417,1.5777403543463417,1.5777403543463417,1.706634521484375,1.0,2.60968017578125,0.018061182147278032,0.0001119982643989152,2.0,1.0,0.0
2021-02-22,41.42884497283058,42.84652745866353,40.92317344845111,42.32279586791992,2543000,0.0,0.0,0.00846032947461393,1.6024270440510617,1.6024270440510617,1.6024270440510617,2.7089500427246094,1.0,3.6119956970214844,0.0,0.0,2.0,1.0,0.0
2021-02-23,42.31376038856784,42.44017738709476,40.37234664089071,42.21443176269531,1566900,0.0,0.0,0.0051995863467147845,1.6356701656334176,1.6356701656334176,1.6356701656334176,-0.10836410522460938,-1.0,-0.10836410522460938,0.0,0.0,0.0009000703388993384,0.9995499648305504,0.0004500351694496692
2021-02-24,42.133172610477146,44.13779530514572,42.133172610477146,43.89398956298828,2143300,0.0,0.0,0.007395279395854441,1.6620239177073575,1.6620239177073575,1.6620239177073575,1.6795578002929688,1.0,1.6795578002929688,1.2912678464821923,0.5910752374067676,2.0,1.0,0.0
2021-02-25,43.86690356410322,43.88496018781539,41.78101217555398,42.133174896240234,1496700,0.0,0.0,0.0049570752443012026,1.6942348798307105,1.6942348798307105,1.6942348798307105,-1.7608146667480469,-1.0,-1.7608146667480469,0.0,0.0,1.0991004497200108,0.4504497751399946,0.5495502248600054
2021-02-26,42.02479886004655,42.02479886004655,40.10144551457289,40.88703918457031,2101100,0.0,0.0,0.006753034238509896,1.718341629961899,1.718341629961899,1.718341629961899,-3.0069503784179688,-1.0,-3.0069503784179688,0.0,0.0,2.0,0.0,1.0
2021-03-01,41.61846868481677,42.40406259201135,41.22115757597699,41.446903228759766,1645700,0.0,0.0,0.005361784101800364,1.7039617569246945,1.7039617569246945,1.7039617569246945,0.5598640441894531,1.0,0.5598640441894531,0.0,0.0,0.03466671030823921,0.017333355154119604,0.9826666448458804
2021-03-02,41.4649579324366,41.8351840927026,40.96831820819961,41.54622650146485,1868200,0.0,0.0,0.00610128790272093,1.6441691946088581,1.6441691946088581,1.6441691946088581,0.6591873168945384,-1.0,0.09932327270508523,0.0,0.0,0.0010910622246713742,0.0005455311123356871,0.9994544688876643
2021-03-03,41.6907095998491,43.171604121113944,41.6907095998491,42.36794662475586,2470600,0.0,0.0,0.008228229942510677,1.6428269392545893,1.6428269392545893,1.6428269392545893,1.4809074401855469,1.0,0.8217201232910085,0.0,0.0,0.07467845470591779,0.037339227352958894,0.9626607726470411
2021-03-04,42.28668084582425,42.7472005001344,40.17370122244858,41.11280059814453,2910200,0.0,0.0,0.00940516598832604,1.7093035348568202,1.7093035348568202,1.7093035348568202,-1.2551460266113281,-1.0,-1.2551460266113281,0.7946169857510341,0.4007995058741312,2.0,0.0,1.0
2021-03-05,41.68167575785403,42.62980677799755,39.67705332784387,42.54853820800781,2987800,0.0,0.0,0.009993157526867398,1.798121385949453,1.798121385949453,1.798121385949453,1.4357376098632812,-1.0,0.18059158325195312,0.0,0.0,0.020701723314691844,0.010350861657345922,0.9896491383426541
2021-03-08,42.972948844034086,45.78122572373662,42.89168025944249,44.7698860168457,7132900,0.0,0.0,0.025102599116594126,1.9005903952194068,1.9005903952194068,1.9005903952194068,3.657085418701172,1.0,2.2213478088378906,0.0,0.0,2.0,1.0,0.0
2021-03-09,44.67054508062782,44.97755926637321,43.44248833764625,43.460548400878906,2763200,0.0,0.0,0.009440045525749941,1.8744818618985177,1.8744818618985177,1.8744818618985177,-1.3093376159667969,1.0,0.9120101928710938,0.0,0.0,0.5279719780738349,0.5,0.5
2021-03-10,43.614061569905445,44.68861313445302,42.94585633384244,44.54413604736328,2093200,0.0,0.0,0.007329390020279976,1.8650729289493793,1.8650729289493793,1.8650729289493793,1.083587646484375,-1.0,1.083587646484375,0.0,0.0,0.7453145149953839,0.37265725749769196,0.627342742502308
2021-03-11,45.528392662493985,46.07921274026131,44.92339581944209,45.63675308227539,2637400,0.0,0.0,0.009461441454043103,1.841501769231426,1.841501769231426,1.841501769231426,2.1762046813964844,1.0,1.0926170349121094,0.0,0.0,0.7577874760126335,0.37889373800631676,0.6211062619936832
2021-03-12,45.71801137831912,46.268831332032235,44.16488015730578,44.48092269897461,1698200,0.0,0.0,0.00593784956392377,1.8602481553382137,1.8602481553382137,1.8602481553382137,-1.1558303833007812,1.0,-0.06321334838867188,0.0,0.0,0.003347199948385604,0.9983264000258072,0.001673599974192802
2021-03-15,44.75182305111399,45.99793667469566,44.39062859973619,45.94375991821289,1926900,0.0,0.0,0.0069590871774309815,1.8421810067397322,1.8421810067397322,1.8421810067397322,1.4628372192382812,1.0,1.3996238708496094,0.0,0.0,2.0,1.0,0.0
2021-03-16,45.96181970543869,46.05211659543065,43.67727118690222,44.16488265991211,2225500,0.0,0.0,0.00772629428644234,1.8802284640103535,1.8802284640103535,1.8802284640103535,-1.7788772583007812,1.0,-0.3792533874511719,0.48760897040356355,0.07513657720997657,0.07342369822793884,0.9257198622810423,0.07428013771895771
2021-03-17,43.74950808035377,45.2394273179428,43.70435963883991,45.22137069702149,1840100,0.0,0.0,0.00654111393366384,1.8555741222312487,1.8555741222312487,1.8555741222312487,1.056488037109382,1.0,0.6772346496582102,0.0,0.0,2.0,1.0,0.0
2021-03-18,45.14913691584044,45.75413369710192,43.478620227796654,43.65921401977539,1915300,0.0,0.0,0.006573236953158628,1.8855697898793928,1.8855697898793928,1.8855697898793928,-1.5621566772461009,1.0,-0.8849220275878906,0.19865095910556363,0.01617082411400534,1.7073858248670468,0.13822167550947395,0.861778324490526
2021-03-19,43.46958139382192,44.092641586363065,41.988690495234366,43.49666976928711,4339600,0.0,0.0,0.01483789434557785,1.9011684542543434,1.9011684542543434,1.9011684542543434,-1.724700927734382,-1.0,-0.16254425048828125,0.0,0.0,0.05760562388045793,0.9711971880597711,0.028802811940228965
2021-03-22,43.605033022930016,43.74951010923766,41.99772156257636,42.32279586791992,1747400,0.0,0.0,0.005813440709374905,1.8904984608548405,1.8904984608548405,1.8904984608548405,-2.8985748291015696,-1.0,-1.3364181518554688,0.0,0.0,2.0,0.0,1.0
2021-03-23,41.53719572488189,41.89839010902719,40.08339332337424,40.44458770751953,2988900,0.0,0.0,0.009502510628347845,1.9154201811184721,1.9154201811184721,1.9154201811184721,-4.77678298950196,-1.0,-3.2146263122558594,0.0,0.0,2.0,0.0,1.0
2021-03-24,41.00443851438223,41.38369298635009,40.363321714066146,40.408470153808594,1634000,0.0,0.0,0.005190282866000837,1.8514881162017203,1.8514881162017203,1.8514881162017203,-4.812900543212898,-1.0,-3.250743865966797,0.0,0.0,2.0,0.0,1.0
2021-03-25,39.975047456362894,41.07668753294155,39.16236158927931,40.805789947509766,1623600,0.0,0.0,0.005207957107120591,1.8559765324489004,1.8559765324489004,1.8559765324489004,0.3973197937011719,-1.0,-2.853424072265625,0.0,0.0,2.0,0.5,0.5
2021-03-26,41.537202917037845,41.925485741613386,40.79675740147648,41.71780014038086,1446400,0.0,0.0,0.004743253968243928,1.8040302329980433,1.8040302329980433,1.8040302329980433,1.3093299865722656,1.0,0.9120101928710938,0.5417927552632946,0.17122538771578225,0.10215667352939956,0.13669103062259091,0.8633089693774091
2021-03-29,41.53720113918126,42.855554957328245,41.46496087509384,41.51011276245117,1875000,0.0,0.0,0.006118172978969974,1.7744990793720694,1.7744990793720694,1.7744990793720694,-0.2076873779296875,1.0,0.7043228149414062,0.0,0.0,0.060927151148080665,0.5,0.5
2021-03-30,41.31145323590951,41.753916217887614,40.67033642769682,41.022499084472656,1579600,0.0,0.0,0.005093728646446975,1.7251477015734071,1.7251477015734071,1.7251477015734071,-0.6953010559082031,-1.0,-0.4876136779785156,0.1264209737796662,0.03305921101947014,0.47930090132434783,0.743819943828091,0.256180056171909
2021-03-31,40.90512330344767,41.56430038489468,39.65900597892548,40.97736358642578,3187500,0.0,0.0,0.010267406887898324,1.7380153233159639,1.7380153233159639,1.7380153233159639,-0.7404365539550781,-1.0,-0.5327491760253906,0.0,0.0,0.5721396687040011,0.7139301656479995,0.28606983435200056
2021-04-01,41.29339546738916,41.9706324433471,40.65227862352094,41.4559326171875,1854000,0.0,0.0,0.006041753272124685,1.7080395016381207,1.7080395016381207,1.7080395016381207,0.47856903076171875,1.0,0.47856903076171875,0.21671622545948566,0.20506600646910356,0.8069443938461218,0.5060052001576127,0.49399479984238726
2021-04-05,42.16928589088497,42.2776428326961,40.62518655280736,41.013465881347656,1560800,0.0,0.0,0.0050319960798212516,1.7040692715131653,1.7040692715131653,1.7040692715131653,-0.44246673583984375,1.0,0.036102294921875,0.0,0.0,0.004592234383592717,0.5,0.5
2021-04-06,40.84190136333781,41.35660115437813,40.59809565527578,41.185035705566406,1650000,0.0,0.0,0.005341828704481001,1.6365290020552503,1.6365290020552503,1.6365290020552503,0.17156982421875,-1.0,0.17156982421875,0.054182968245164886,0.09973412297883687,0.10371372655521159,0.10172392476702423,0.8982760752329758
2021-04-07,41.42884264098262,41.744885173052744,40.85996263865116,41.60943984985352,1211200,0.0,0.0,0.003961633522152495,1.5828428257942742,1.5828428257942742,1.5828428257942742,0.5959739685058665,1.0,0.4244041442871165,0.0,0.0,0.6346198598955555,0.31730992994777774,0.6826900700522223
2021-04-08,41.41980607568857,41.70876019848201,40.35428645616095,41.103763580322266,1925700,0.0,0.0,0.0062220971214820885,1.5665307484033304,1.5665307484033304,1.5665307484033304,-0.5056762695312571,-1.0,-0.5056762695312571,0.24380919911482835,0.23246363729909586,1.419665128104291,0.17393561729830664,0.8260643827016934
2021-04-09,41.1037669714484,41.73585545893417,41.08570690670822,41.54622650146485,1286400,0.0,0.0,0.0042012079852586474,1.5010748772478033,1.5010748772478033,1.5010748772478033,0.44246292114258523,1.0,0.44246292114258523,0.0,0.0,0.7656117984878106,0.3828058992439053,0.6171941007560947
2021-04-12,41.90742286775083,41.961603064506264,40.832874799974505,41.05862045288086,1541100,0.0,0.0,0.004973953720088622,1.4744786906252287,1.4744786906252287,1.4744786906252287,-0.4876060485839915,1.0,-0.04514312744140625,0.0,0.0,0.01040949165897449,0.9947952541705127,0.005204745829487245
2021-04-13,40.95930026050261,41.176014203001365,40.02019732405862,40.814823150634766,1529600,0.0,0.0,0.004907523188973911,1.4517171326479084,1.4517171326479084,1.4517171326479084,-0.7314033508300852,-1.0,-0.24379730224609375,0.0,0.0,0.3036015795552246,0.8481992102223876,0.1518007897776123
2021-04-14,41.08571588988596,43.072278665790634,41.06765582119704,42.63884735107422,2449300,0.0,0.0,0.0082094489179791,1.5092698742556199,1.5092698742556199,1.5092698742556199,1.8240242004394531,1.0,1.8240242004394531,1.1106756012843704,0.3707774139799912,2.0,1.0,0.0
2021-04-15,42.99099786619222,43.24383186680072,42.16928391960968,42.7742805480957,1291700,0.0,0.0,0.004343211109680944,1.478218308036721,1.478218308036721,1.478218308036721,1.9594573974609375,1.0,1.9594573974609375,0.0,0.0,2.0,1.0,0.0
2021-04-16,43.13547920138682,43.64115069728099,42.41309381054175,42.72010803222656,1304700,0.0,0.0,0.004381366376709598,1.460349635086901,1.460349635086901,1.460349635086901,-0.054172515869140625,1.0,1.9052848815917969,0.0,0.0,2.0,0.5,0.5
2021-04-19,42.89168101616835,43.135486774244534,41.96160987746004,42.35892105102539,1499000,0.0,0.0,0.004991293275846729,1.4398872966367289,1.4398872966367289,1.4398872966367289,-0.4153594970703125,-1.0,-0.3611869812011719,0.20767404214964102,0.24998626176322267,0.035937208001563484,0.857038265117607,0.14296173488239308
2021-04-20,41.988690202268074,42.36794123455549,40.868990281247974,41.7448844909668,1992700,0.0,0.0,0.006539006226533127,1.4441061292560706,1.4441061292560706,1.4441061292560706,-1.0293960571289062,-1.0,-0.9752235412597656,0.0,0.0,0.26199228939759545,0.8690038553012023,0.13099614469879772
2021-04-21,41.71780031776569,43.15354291030885,41.08571175568027,43.081302642822266,1595400,0.0,0.0,0.00540287575585952,1.4886579167826783,1.4886579167826783,1.4886579167826783,1.3364181518554688,1.0,1.3364181518554688,0.018056136064316775,0.00018254288326657124,1.87791693730763,0.9390497400954483,0.06095025990455172
2021-04-22,43.144502869784894,43.64114600187382,42.52144618307998,42.575626373291016,1972100,0.0,0.0,0.006600191637637836,1.4623037669263328,1.4623037669263328,1.4623037669263328,-0.50567626953125,1.0,0.8307418823242188,0.0,0.0,0.7256444196445467,0.5,0.5
2021-04-23,42.65691202679458,43.19870036755285,42.2325089782833,42.729148864746094,1523800,0.0,0.0,0.005118217974996197,1.4268671685222771,1.4268671685222771,1.4268671685222771,0.15352249145507812,-1.0,0.15352249145507812,0.0,0.0,0.02478196087020179,0.012390980435100896,0.9876090195648991
2021-04-26,43.16257032410255,44.07458473682961,42.97294479280086,43.76757049560547,2089000,0.0,0.0,0.007187162203116559,1.4210506473480797,1.4210506473480797,1.4210506473480797,1.1919441223144531,1.0,1.038421630859375,0.0,0.0,1.1338069103596407,0.5669034551798203,0.4330965448201797
2021-04-27,43.76757019022319,44.643461019240995,43.19869015568192,44.23712158203125,1466000,0.0,0.0,0.005097854046453426,1.4227449485060077,1.4227449485060077,1.4227449485060077,1.6614952087402344,1.0,1.5079727172851562,0.0,0.0,2.0,1.0,0.0
2021-04-28,44.43578120430062,45.32973566060382,44.155858750656726,44.751827239990234,1639300,0.0,0.0,0.005766811791216797,1.4049686600375142,1.4049686600375142,1.4049686600375142,2.1762008666992188,1.0,2.0226783752441406,0.0,0.0,2.0,1.0,0.0
2021-04-29,45.456145988499735,45.56450294022171,44.34547776068472,44.81502914428711,1496900,0.0,0.0,0.005273306784861452,1.391686982858905,1.391686982858905,1.391686982858905,2.2394027709960938,1.0,2.0858802795410156,0.0,0.0,2.0,1.0,0.0
2021-04-30,44.33645170526528,44.91436355949158,43.82175181265917,43.912052154541016,1087700,0.0,0.0,0.0037545632812133888,1.3703244659998697,1.3703244659998697,1.3703244659998697,-0.9029769897460938,-1.0,-0.9029769897460938,0.33410693799755364,0.1369044678421163,0.1874021678995334,0.8378466821291751,0.16215331787082485
2021-05-03,44.39062370092845,45.32069466036907,44.33644350581927,44.796966552734375,1966300,0.0,0.0,0.006924125839520639,1.3730614688447402,1.3730614688447402,1.3730614688447402,0.8849143981933594,1.0,0.8849143981933594,0.0,0.0,0.9603933758721801,0.48019668793609005,0.51980331206391
2021-05-04,44.35450841446126,45.1220457616014,43.63212295714539,44.805999755859375,2210000,0.0,0.0,0.007783859930762199,1.381408707102688,1.381408707102688,1.381408707102688,0.8939476013183594,-1.0,0.009033203125,0.1896288555137815,0.04499712030996042,0.00010007605687089124,0.022548598183415657,0.9774514018165843
2021-05-05,45.122042058927825,45.799279015451546,44.643458933986125,45.22137069702149,1953200,0.0,0.0,0.006943157293208093,1.3652952338428832,1.3652952338428832,1.3652952338428832,1.3093185424804759,1.0,0.4153709411621165,0.0,0.0,0.21160155464778693,0.10580077732389347,0.8941992226761065
2021-05-06,43.93010133651427,47.18083705736129,43.55987863805889,47.10859680175781,3593900,0.0,0.0,0.01330861076436732,1.526414032804277,1.526414032804277,1.526414032804277,3.196544647216797,1.0,2.3025970458984375,0.07224431908650075,0.0005107940794557991,2.0,1.0,0.0
2021-05-07,47.70457360351848,49.85366976510728,47.370467553053594,49.75434112548828,3743700,0.0,0.0,0.014641938733413285,1.6134610992717904,1.6134610992717904,1.6134610992717904,5.842288970947266,1.0,4.948341369628906,0.0,0.0,2.0,1.0,0.0
2021-05-10,50.27807830479749,50.53994412123843,49.239646795245186,49.34800720214844,2904900,0.0,0.0,0.011268532781151221,1.5910922583233227,1.5910922583233227,1.5910922583233227,-0.40633392333984375,1.0,4.5420074462890625,0.0,0.0,2.0,0.5,0.5
2021-05-11,48.4901647686167,50.28709815655764,47.75874764579249,49.09516143798828,2922900,0.0,0.0,0.011280262759951512,1.658039276354882,1.658039276354882,1.658039276354882,-0.6591796875,-1.0,-0.25284576416015625,0.0,0.0,0.0030989579344470686,0.9984505210327764,0.0015494789672235343
2021-05-12,48.9597188755091,49.49247876036466,48.481135743435395,48.697853088378906,2369000,0.0,0.0,0.009068624972956471,1.6118466863959096,1.6118466863959096,1.6118466863959096,-1.056488037109375,-1.0,-0.6501541137695312,0.0,0.0,0.020489763512558073,0.989755118243721,0.010244881756279037
2021-05-13,48.76107034837294,49.49248764365667,47.56913334875897,48.37278747558594,2043500,0.0,0.0,0.007770381159842939,1.6340972298603236,1.6340972298603236,1.6340972298603236,-1.3815536499023438,-1.0,-0.9752197265625,0.0,0.0,0.04610088591967479,0.9769495570401626,0.023050442959837394
2021-05-14,48.81772512266395,49.63498755704048,48.472661840597304,49.34440612792969,1450600,0.3,0.0,0.005626679343603884,1.6075331478313395,1.6075331478313395,1.6075331478313395,0.97161865234375,1.0,0.97161865234375,0.14250879667581984,0.021512538425059798,0.9926284805395127,0.5070705094822863,0.49292949051771373
2021-05-17,49.03567374077271,49.86201551154777,48.78141580022797,49.589595794677734,2005800,0.0,0.0,0.007818883850892744,1.5698950452233724,1.5698950452233724,1.5698950452233724,1.2168083190917969,1.0,1.2168083190917969,0.0,0.0,1.556823524585463,0.7784117622927315,0.22158823770726854
2021-05-18,49.980065330992645,51.93240952210672,49.526031314825936,49.55327224731445,3714300,0.0,0.0,0.014468245958497137,1.6296438425131874,1.6296438425131874,1.6296438425131874,-0.03632354736328125,1.0,1.1804847717285156,0.0,0.0,1.4652638092301584,0.5,0.5
2021-05-19,48.69060682913529,48.84498019561426,47.43747544103478,48.08220291137695,2580300,0.0,0.0,0.009752616023805413,1.6643690542107938,1.6643690542107938,1.6643690542107938,-1.5073928833007812,-1.0,-1.4710693359375,1.3439403591931907,0.7948900693389565,1.5529072142937033,0.0,1.0
2021-05-20,48.036794527643494,48.3182933669007,46.683771797779514,47.292179107666016,2670800,0.0,0.0,0.009928811363954071,1.6622370909901074,1.6622370909901074,1.6622370909901074,-2.2974166870117188,-1.0,-2.2610931396484375,0.0,0.0,2.0,0.0,1.0
2021-05-21,47.918744191374856,48.472666172622795,47.47378938978095,47.519195556640625,1226800,0.0,0.0,0.004582573229051065,1.6278263748448698,1.6278263748448698,1.6278263748448698,0.22701644897460938,1.0,0.22701644897460938,0.0,0.0,0.010080399579782724,0.005040199789891362,0.9949598002101087
2021-05-24,47.92782918546674,48.400024973501466,47.61000676275328,48.15484619140625,1222500,0.0,0.0,0.004627595970658895,1.574469449274582,1.574469449274582,1.574469449274582,0.8626670837402344,1.0,0.8626670837402344,0.0,0.0,0.14556251474710658,0.07278125737355329,0.9272187426264467
2021-05-25,48.24564636748416,49.27176055511117,46.98343259643564,47.02883529663086,2090500,0.0,0.0,0.007728246423180806,1.6254593428032214,1.6254593428032214,1.6254593428032214,-1.1260108947753906,1.0,-0.26334381103515625,0.49035679334530613,0.18964404392407583,0.09318795429919022,0.858584000888367,0.14141599911163302
2021-05-26,46.99251900396416,47.41022945263831,46.365953330952934,47.21045684814453,2081100,0.0,0.0,0.00772320777502865,1.5839462555805184,1.5839462555805184,1.5839462555805184,0.18162155151367188,-1.0,0.18162155151367188,0.0,0.0,0.47565112708653784,0.23782556354326892,0.7621744364567311
2021-05-27,47.73713265846781,48.218407571593055,47.67356817801747,47.97323226928711,2080100,0.0,0.0,0.00784421992183602,1.5428037175710902,1.5428037175710902,1.5428037175710902,0.94439697265625,1.0,0.7627754211425781,0.0,0.0,2.0,1.0,0.0
2021-05-28,48.12760489234044,48.41818638060779,47.546441915805744,48.28197479248047,1271600,0.0,0.0,0.004826164387285966,1.494870913801873,1.494870913801873,1.494870913801873,1.2531394958496094,1.0,1.0715179443359375,0.0,0.0,2.0,1.0,0.0
2021-06-01,49.20820771280386,50.198002052623174,49.03567602568116,50.11627578735352,2434300,0.0,0.0,0.00959001874306007,1.5249535099690754,1.5249535099690754,1.5249535099690754,3.0874404907226634,1.0,2.9058189392089915,0.0,0.0,2.0,1.0,0.0
2021-06-02,50.31604566342169,50.343286593815215,49.435218631317795,49.498783111572266,1294300,0.0,0.0,0.005036119652056924,1.480890256578243,1.480890256578243,1.480890256578243,-0.6174926757812571,1.0,2.2883262634277344,0.0,0.0,2.0,0.5,0.5
2021-06-03,49.108312432003274,50.007297690045405,48.690598576100776,49.96189498901367,1318700,0.0,0.0,0.00517906634943313,1.4691623178186992,1.4691623178186992,1.4691623178186992,0.46311187744140625,-1.0,0.46311187744140625,0.345077449580387,0.555215165416832,2.0,1.0,0.0
2021-06-04,50.26156633574768,50.7882474795609,49.707647722295384,50.27064895629883,1323700,0.0,0.0,0.005230830254163829,1.4414078492077578,1.4414078492077578,1.4414078492077578,0.7718658447265625,1.0,0.30875396728515625,0.0,0.0,1.3746079803212574,0.6873039901606287,0.3126960098393713
2021-06-07,51.078820694049675,51.37848477151013,50.17983192567254,50.443172454833984,1095000,0.0,0.0,0.004341932602506929,1.4240682061098888,1.4240682061098888,1.4240682061098888,0.9443893432617188,1.0,0.4812774658203125,0.0,0.0,2.0,1.0,0.0
2021-06-08,49.90741618816164,50.81548418342224,49.398900327778584,50.4522590637207,1336500,0.0,0.0,0.0053004915512363205,1.4235336096480153,1.4235336096480153,1.4235336096480153,0.9534759521484375,-1.0,0.00908660888671875,0.3087473945168,0.1048545098630788,0.0011905768613861636,0.053022543362232485,0.9469774566377676
2021-06-09,50.479500000818675,50.57030541475323,49.40797948916936,50.39777374267578,1259200,0.0,0.0,0.004988530523471942,1.404875917929148,1.404875917929148,1.404875917929148,-0.054485321044921875,-1.0,-0.045398712158203125,0.7718524365031811,2.0,2.0,0.0,1.0
2021-06-10,50.670185745375875,50.96076718259635,48.772323785027375,48.79956817626953,2016200,0.0,0.0,0.007734213488689716,1.460845023617707,1.460845023617707,1.460845023617707,-1.6526908874511719,-1.0,-1.6436042785644531,0.14528299917410692,0.007727630152544235,2.0,0.0,1.0
2021-06-11,49.21727820855644,49.84384377859752,48.54530647477,48.85404968261719,1274400,0.0,0.0,0.004894100676079405,1.4492516150612649,1.4492516150612649,1.4492516150612649,0.05448150634765625,-1.0,-1.5891227722167969,0.0,0.0,2.0,0.5,0.5
2021-06-14,48.844980588270275,49.19004394857668,47.5918457260914,47.84610366821289,2180200,0.0,0.0,0.008199917418984565,1.4598906584486946,1.4598906584486946,1.4598906584486946,-1.0079460144042969,-1.0,-2.5970687866210938,0.0,0.0,2.0,0.0,1.0
2021-06-15,48.1003635760264,48.6633647720458,47.274021825867194,48.57255935668945,1850800,0.0,0.0,0.00706670634828518,1.4548515361436885,1.4548515361436885,1.4548515361436885,0.7264556884765625,-1.0,-1.8706130981445312,0.0,0.0,2.0,0.5,0.5
2021-06-16,48.55439613778097,48.55439613778097,47.23769687021882,47.56460189819336,1884500,0.0,0.0,0.0070460638504491425,1.4462808897384702,1.4462808897384702,1.4462808897384702,-1.0079574584960938,-1.0,-2.878570556640625,0.0,0.0,2.0,0.0,1.0
2021-06-17,47.29218354138429,47.40115073247376,44.4862532567975,45.40340042114258,4118500,0.0,0.0,0.01469921075041899,1.5628571577139982,1.5628571577139982,1.5628571577139982,-3.169158935546875,-1.0,-5.039772033691406,0.0,0.0,2.0,0.0,1.0
2021-06-18,44.7768334997134,45.53961074417997,44.19566708068764,44.313716888427734,4299200,0.0,0.0,0.014975881475687286,1.5472204795553073,1.5472204795553073,1.5472204795553073,-4.258842468261719,-1.0,-6.12945556640625,0.0,0.0,2.0,0.0,1.0
2021-06-21,45.221790309854626,47.52828409596971,45.14914666374333,46.6928596496582,3540700,0.0,0.0,0.012995894287120759,1.666316674411498,1.666316674411498,1.666316674411498,2.3791427612304688,1.0,2.3791427612304688,0.1271333634959504,0.002855473068496391,0.15065973645024577,0.07675760475937109,0.9232423952406289
2021-06-22,46.9471216183284,47.25586491191141,46.01180911670655,46.61113739013672,1840600,0.0,0.0,0.006743970853823206,1.636155183039595,1.636155183039595,1.636155183039595,-0.08172225952148438,1.0,2.2974205017089844,0.0,0.0,0.14048733766519983,0.5,0.5
2021-06-23,46.865391900440606,47.4374757331425,46.34779339694998,46.39319610595703,1653300,0.0,0.0,0.006029378180948337,1.5971214082648038,1.5971214082648038,1.5971214082648038,-0.2996635437011719,1.0,2.079479217529297,0.0,0.0,0.11509736111297027,0.5,0.5
2021-06-24,46.55664552654287,46.82906522643281,46.07537060793716,46.13893508911133,1781200,0.0,0.0,0.0064602127330258595,1.536876637567007,1.536876637567007,1.536876637567007,-0.553924560546875,-1.0,-0.2542610168457031,0.0,0.0,0.01495031661936706,0.9925248416903165,0.00747515830968353
2021-06-25,46.52941112230578,47.13781508859896,46.25698792019937,46.61113739013672,2099300,0.0,0.0,0.007691849404232889,1.4984483062756233,1.4984483062756233,1.4984483062756233,0.4722023010253906,1.0,0.4722023010253906,0.0,0.0,2.0,1.0,0.0
2021-06-28,46.656521559434246,46.656521559434246,44.35002866311887,44.47715759277344,2380100,0.0,0.0,0.008321445931503161,1.5561657769927486,1.5561657769927486,1.5561657769927486,-2.1339797973632812,-1.0,-2.1339797973632812,1.7253419448182896,0.6536868582691966,2.0,0.0,1.0
2021-06-29,44.97660518504805,45.693979708553016,44.30463683098354,44.66786193847656,1843600,0.0,0.0,0.006473340191965639,1.544249855605372,1.544249855605372,1.544249855605372,0.190704345703125,-1.0,-1.9432754516601562,0.0,0.0,2.0,0.5,0.5
2021-06-30,44.78591820372705,46.82907141909418,44.67695100216217,46.7201042175293,4119500,0.0,0.0,0.015129162112968322,1.5883184002491038,1.5883184002491038,1.5883184002491038,2.2429466247558594,1.0,2.0522422790527344,0.17254985965993086,0.005918223241144233,1.1152918584071718,0.5606050408241581,0.4393949591758419
2021-07-01,48.89945911343226,49.52602823372533,47.26493744971947,47.600921630859375,2783700,0.0,0.0,0.010416081211072016,1.6752902299595986,1.6752902299595986,1.6752902299595986,3.1237640380859375,1.0,2.9330596923828125,0.0,0.0,2.0,1.0,0.0
2021-07-02,47.48286957390616,47.58275759346866,46.44767276026573,46.84722137451172,1512000,0.0,0.0,0.005568038050647374,1.638001561433459,1.638001561433459,1.638001561433459,-0.7537002563476562,-1.0,-0.7537002563476562,0.0,0.0,0.066032162860897,0.9669839185695515,0.0330160814304485
2021-07-06,46.91077774204336,46.91077774204336,44.695093777534595,45.258094787597656,2116900,0.0,0.0,0.007531182590198671,1.6792645902245522,1.6792645902245522,1.6792645902245522,-2.3428268432617188,-1.0,-2.3428268432617188,0.0,0.0,0.6380262975989628,0.6809868512005186,0.3190131487994814
2021-07-07,45.28535422378249,46.0572141709371,44.468095029389445,45.485130310058594,1559500,0.0,0.0,0.005575982329065432,1.6728256296047739,1.6728256296047739,1.6728256296047739,0.2270355224609375,-1.0,-2.1157913208007812,0.0,0.0,0.5203599451758495,0.5,0.5
2021-07-08,44.56797287846938,45.83926582252104,43.8960011281533,45.0855712890625,1852200,0.0,0.0,0.006564354451688798,1.6921427056592715,1.6921427056592715,1.6921427056592715,-0.39955902099609375,-1.0,-2.515350341796875,0.0,0.0,0.7354534038102037,0.6322732980948982,0.36772670190510187
2021-07-09,45.93915921241553,46.42043413297431,45.37615803515769,46.002723693847656,1269700,0.0,0.0,0.004591464510615595,1.6666227155344526,1.6666227155344526,1.6666227155344526,0.9171524047851562,1.0,0.9171524047851562,0.3632199620372063,0.1568398430896898,0.13294929926954258,0.14489457117961618,0.8551054288203839
2021-07-12,45.30351469995002,46.26606808508437,44.94936871281707,45.9482421875,1206400,0.0,0.0,0.004357393652774521,1.6416281910153705,1.6416281910153705,1.6416281910153705,-0.05448150634765625,-1.0,-0.05448150634765625,0.0,0.0,0.0035287037202819515,0.998235648139859,0.0017643518601409757
2021-07-13,45.957326899864306,45.957326899864306,44.78591822448309,45.194549560546875,1162200,0.0,0.0,0.004128891778215636,1.608041082755788,1.608041082755788,1.608041082755788,-0.8081741333007812,-1.0,-0.8081741333007812,0.0,0.0,0.776473921270785,0.6117630393646075,0.3882369606353925
2021-07-14,45.27626854491526,45.91191680276772,44.7586700904936,45.03108978271485,946600,0.0,0.0,0.003350776985385543,1.575555770578526,1.575555770578526,1.575555770578526,-0.9716339111328054,-1.0,-0.9716339111328054,0.0,0.0,1.1223344901160799,0.43883275494196006,0.5611672450580399
2021-07-15,44.54981994935701,45.33075556556107,44.204753119124234,44.53165817260742,918500,0.0,0.0,0.003215248866499831,1.5434448188541194,1.5434448188541194,1.5434448188541194,-1.4710655212402344,-1.0,-1.4710655212402344,0.0,0.0,2.0,0.0,1.0
2021-07-16,44.63154258235061,45.067414796872306,42.47033982100999,42.824485778808594,2301300,0.0,0.0,0.007746971543379101,1.6187041157832762,1.6187041157832762,1.6187041157832762,-3.1782379150390625,-1.0,-3.1782379150390625,0.0,0.0,2.0,0.0,1.0
2021-07-19,41.62583523609759,42.07079005864069,41.080995848171355,41.7438850402832,1732400,0.0,0.0,0.0056847007422814065,1.627617388272845,1.627617388272845,1.627617388272845,-4.258838653564453,-1.0,-4.258838653564453,0.0,0.0,2.0,0.0,1.0
2021-07-20,41.9345801083328,43.16955313053474,41.54411059501882,42.633792877197266,1612800,0.0,0.0,0.005405066631913332,1.6274620416473502,1.6274620416473502,1.6274620416473502,0.8899078369140625,1.0,0.8899078369140625,0.0,0.0,0.04366240850069358,0.02183120425034679,0.9781687957496532
2021-07-21,43.28760126600952,43.532780049442486,42.806326319273296,43.4964599609375,2347500,0.0,0.0,0.008026497594839945,1.575428122404341,1.575428122404341,1.575428122404341,1.7525749206542969,1.0,1.7525749206542969,0.0,0.0,0.16934438885734668,0.08467219442867334,0.9153278055713266
2021-07-22,43.11507108605955,43.22403828337093,42.279650133331096,42.87897491455078,1380100,0.0,0.0,0.004651805165905852,1.5498125299187742,1.5498125299187742,1.5498125299187742,-0.6174850463867188,-1.0,-0.6174850463867188,0.0,0.0,0.12413655940938485,0.9379317202953076,0.062068279704692426
2021-07-23,43.09690911880591,43.46013772691237,42.37953452299825,42.96070098876953,1808600,0.0,0.0,0.006107738744367942,1.516297578061299,1.516297578061299,1.516297578061299,0.08172607421875,1.0,0.08172607421875,0.0,0.0,0.01751734913513075,0.008758674567565374,0.9912413254324346
2021-07-26,43.05149410027094,43.42380175833431,42.379522406593686,43.29667282104492,1824300,0.0,0.0,0.006208938360052306,1.4825819904669648,1.4825819904669648,1.4825819904669648,0.4176979064941406,-1.0,0.3359718322753906,0.0,0.0,0.29604167051737384,0.14802083525868692,0.8519791647413131
2021-07-27,42.72459341881077,43.496453201673795,41.8165255312101,43.015174865722656,2274600,0.0,0.0,0.007691185640636442,1.4966781104667315,1.4966781104667315,1.4966781104667315,-0.2814979553222656,-1.0,0.054473876953125,0.563008991788152,2.0,0.007782581573321129,0.0038762073367638594,0.9961237926632361
2021-07-28,43.20588264513001,43.741639508412035,42.68828063184838,43.333011627197266,1442600,0.0,0.0,0.004913957178953959,1.4650124509022262,1.4650124509022262,1.4650124509022262,0.3178367614746094,1.0,0.3178367614746094,0.0,0.0,0.2649447781393262,0.1324723890696631,0.8675276109303369
2021-07-29,43.9232462744346,43.94140804932304,43.01517831403857,43.251277923583984,1604800,0.0,0.0,0.00545615156488399,1.4265279712152434,1.4265279712152434,1.4265279712152434,-0.08173370361328125,1.0,0.23610305786132812,0.0,0.0,0.14620099695911712,0.5,0.5
2021-07-30,43.260353963135955,44.567973948885786,42.83356094400881,42.90620803833008,4314300,0.0,0.0,0.014551140750943126,1.4485197593339387,1.4485197593339387,1.4485197593339387,-0.4268035888671875,1.0,-0.10896682739257812,0.0,0.0,0.21300283766405784,0.8934985811679711,0.10650141883202892
2021-08-02,43.096904174209115,43.36024471167246,41.68939954129077,41.73480224609375,2771900,0.0,0.0,0.009093738990635595,1.4644001458373495,1.4644001458373495,1.4644001458373495,-1.5982093811035156,-1.0,-1.1714057922363281,0.0,0.0,2.0,0.0,1.0
2021-08-03,41.89825006914823,42.28871952199584,40.808567955713144,42.17975234985352,2851100,0.0,0.0,0.009453291328537172,1.4655252472977311,1.4655252472977311,1.4655252472977311,0.44495010375977273,-1.0,-0.7264556884765554,0.0,0.0,2.0,0.5,0.5
2021-08-04,41.91640682808484,42.2977970809696,40.790401303952756,40.908451080322266,2457600,0.0,0.0,0.007902978507371162,1.468515999420525,1.468515999420525,1.468515999420525,-1.271301269531257,-1.0,-1.9977569580078125,0.0,0.0,2.0,0.0,1.0
2021-08-05,40.97202664345668,41.70756296068526,40.93570655658467,41.03559112548828,1755300,0.0,0.0,0.005662114052376047,1.4207014194878442,1.4207014194878442,1.4207014194878442,0.12714004516601562,-1.0,-1.8706169128417969,0.0,0.0,2.0,0.5,0.5
2021-08-06,41.56227382913933,42.08895148120642,41.31709504724436,41.943660736083984,2051500,0.0,0.0,0.006764012782038807,1.3944627720757226,1.3944627720757226,1.3944627720757226,1.0352096557617188,1.0,0.9080696105957031,0.0,0.0,0.23565061116454403,0.11782530558227201,0.882174694417728
2021-08-09,41.880090689790656,42.906208389448906,41.4442185123085,42.74275588989258,3726100,0.0,0.0,0.012519402232419794,1.3992861367232,1.3992861367232,1.3992861367232,1.8343048095703125,1.0,1.7071647644042969,0.0,0.0,0.8328775646228803,0.41643878231144016,0.5835612176885598
2021-08-10,42.116188751945074,44.259229477931655,42.043541659672435,43.423805236816406,3693800,0.0,0.0,0.01260862770422039,1.4576005425472014,1.4576005425472014,1.4576005425472014,2.5153541564941406,1.0,2.388214111328125,0.0,0.0,1.6299594757208051,0.8149797378604026,0.18502026213959744
2021-08-11,43.81428526701735,44.64970624565576,43.22403962393227,43.868770599365234,2404700,0.0,0.0,0.008292451372820043,1.4553195482026504,1.4553195482026504,1.4553195482026504,2.9603195190429688,1.0,2.833179473876953,0.0,0.0,2.0,1.0,0.0
2021-08-12,43.74163630125791,44.89488314031931,42.72460105528432,44.52257537841797,2915500,0.0,0.0,0.010203751891919074,1.506388300833532,1.506388300833532,1.506388300833532,3.614124298095703,1.0,3.4869842529296875,0.0,0.0,2.0,1.0,0.0
2021-08-13,44.36725190752644,45.35400113932761,43.99265211350366,44.20279312133789,2316500,0.3,0.0,0.008049123365958828,1.4960283526185616,1.4960283526185616,1.4960283526185616,-0.3197822570800781,1.0,3.1672019958496094,0.0,0.0,2.0,0.5,0.5
2021-08-16,43.43532160162251,43.54495963481328,42.15619843485263,42.384613037109375,1644200,0.0,0.0,0.005478093402396765,1.535354519323326,1.535354519323326,1.535354519323326,-2.1379623413085938,-1.0,-1.8181800842285156,0.5684026204316908,0.0706825225743866,0.32955072227605575,0.7998833775747788,0.20011662242522119
2021-08-17,42.75921748503515,42.75921748503515,40.79485378367972,41.63541793823242,1720500,0.0,0.0,0.005630982424982285,1.5659980323256193,1.5659980323256193,1.5659980323256193,-2.887157440185547,-1.0,-2.5673751831054688,0.0,0.0,0.6570934724420132,0.6714532637789934,0.3285467362210066
2021-08-18,41.94605737141893,42.9510802260761,41.653686959688464,41.818145751953125,1931800,0.0,0.0,0.00635028914239895,1.5481169077197665,1.5481169077197665,1.5481169077197665,0.18272781372070312,1.0,0.18272781372070312,0.0,0.0,0.005065597027545313,0.0025327985137726565,0.9974672014862274
2021-08-19,40.80397863206946,41.23339913883483,39.460899845602285,39.59794998168945,2490900,0.0,0.0,0.007753460197688211,1.6059118361934146,1.6059118361934146,1.6059118361934146,-2.220195770263672,-1.0,-2.220195770263672,1.3339539380774355,0.3609932863613092,2.0,0.0,1.0
2021-08-20,39.77154904054191,41.05980724525334,39.77154904054191,40.63039016723633,2259500,0.0,0.0,0.007216554651062888,1.595622223862734,1.595622223862734,1.595622223862734,1.032440185546875,-1.0,-1.1877555847167969,0.0,0.0,2.0,0.5,0.5
2021-08-23,41.06894636581357,41.48009334877364,40.86794039962636,40.9318962097168,1393000,0.0,0.0,0.0044820794131122475,1.5423422922680612,1.5423422922680612,1.5423422922680612,1.3339462280273438,1.0,0.30150604248046875,0.2466942099388163,0.03420119386275603,0.06443738065902244,0.04931928726088923,0.9506807127391108
2021-08-24,41.114630678791166,42.03742418936975,41.114630678791166,41.21513366699219,1156400,0.0,0.0,0.0037465485263733635,1.5111412699384108,1.5111412699384108,1.5111412699384108,1.6171836853027344,1.0,0.5847434997558594,0.0,0.0,0.24236876127394974,0.12118438063697487,0.8788156193630251
2021-08-25,41.105499153181015,41.90038110525202,40.65780493606978,41.726783752441406,1359000,0.0,0.0,0.004457598352997054,1.4919580484558275,1.4919580484558275,1.4919580484558275,2.128833770751953,-1.0,0.5116500854492188,0.21013546355658264,0.009743504784056873,0.18556323697536325,0.09765337087971006,0.90234662912029
2021-08-26,41.525773732349144,41.845552768631826,40.511612381095354,40.67607116699219,1142400,0.0,0.0,0.0036527820445356796,1.4806710726758736,1.4806710726758736,1.4806710726758736,-1.0507125854492188,-1.0,-0.5390625,0.6030182976958116,0.32937688058371534,1.1100234156031503,0.28029985190656714,0.7197001480934329
2021-08-27,40.7126261417773,41.662828382570005,40.7126261417773,41.32477569580078,1729600,0.0,0.0,0.005618530567703049,1.4453915114545839,1.4453915114545839,1.4453915114545839,0.6487045288085938,-1.0,0.10964202880859375,0.0,0.0,0.041369082020801855,0.020684541010400927,0.979315458989599
2021-08-30,41.69937092225469,41.69937092225469,40.56643640087832,40.941036224365234,984400,0.0,0.0,0.003168086289291496,1.4230731550204259,1.4230731550204259,1.4230731550204259,-0.3837394714355469,-1.0,-0.2740974426269531,0.0,0.0,2.0,0.0,1.0
2021-08-31,40.86794420061814,41.84555851473106,40.822261972780545,41.49836730957031,1972500,0.0,0.0,0.006434496791893098,1.3945176826582895,1.3945176826582895,1.3945176826582895,0.5573310852050781,1.0,0.5573310852050781,0.18273013216105483,0.10749637112713198,2.0,1.0,0.0
2021-09-01,41.470951402688605,41.52577215768544,40.484202210055365,41.09635162353515,1785300,0.0,0.0,0.005767412840232365,1.369307130156274,1.369307130156274,1.369307130156274,-0.40201568603516336,-1.0,-0.40201568603516336,0.0822341908229518,0.04184261793526207,0.5203067555599645,0.7189253132523867,0.2810746867476133
2021-09-02,41.10549486122803,42.11051775383629,41.10549486122803,41.99174118041992,2630900,0.0,0.0,0.008684299450791818,1.3439399158809076,1.3439399158809076,1.3439399158809076,0.8953895568847727,1.0,0.8953895568847727,0.2649592391052309,0.08756571259300164,2.0,1.0,0.0
2021-09-03,42.128779916672734,42.32064730108706,41.38871552422249,41.50749206542969,1268800,0.0,0.0,0.004139865484522625,1.314510763094026,1.314510763094026,1.314510763094026,-0.4842491149902344,1.0,0.41114044189453836,0.0,0.0,1.0459102010581318,0.5,0.5
2021-09-07,41.37958459738577,42.29324288312008,41.18771719386071,42.18360137939453,1582900,0.0,0.0,0.005248844417558008,1.2995832578201219,1.2995832578201219,1.2995832578201219,0.6761093139648438,-1.0,0.6761093139648438,0.0,0.0,2.0,1.0,0.0
2021-09-08,42.29324440536928,42.4668382311882,40.68520381281447,40.74002456665039,1778500,0.0,0.0,0.005695629391653233,1.3340154835739508,1.3340154835739508,1.3340154835739508,-1.4435768127441406,-1.0,-0.7674674987792969,0.7035117114080194,0.23749959196673656,1.2885051182512426,0.23699764489101038,0.7630023551089896
2021-09-09,40.31060231257826,41.82727491701959,40.23751146259529,41.48008728027344,2064500,0.0,0.0,0.006731643608182149,1.3522831957775467,1.3522831957775467,1.3522831957775467,0.7400627136230469,-1.0,-0.02740478515625,0.0,0.0,0.001642929644402726,0.5,0.5
2021-09-10,42.01915004445925,42.24756463736485,40.95930647279048,41.69936752319336,1649700,0.0,0.0,0.005407555788625635,1.3477099792630343,1.3477099792630343,1.3477099792630343,0.9593429565429688,1.0,0.21928024291992188,0.0,0.0,2.0,1.0,0.0
2021-09-13,42.02828563920591,42.53079705304344,41.58973003338425,42.40288543701172,1487500,0.0,0.0,0.00495814189313163,1.3186640535770457,1.3186640535770457,1.3186640535770457,1.6628608703613281,1.0,0.9227981567382812,0.0,0.0,2.0,1.0,0.0
2021-09-14,42.70440264053566,43.47187597057516,41.84556136327074,42.13793182373047,2349400,0.0,0.0,0.007782098920979275,1.3406390931290013,1.3406390931290013,1.3406390931290013,-0.26495361328125,1.0,0.6578445434570312,0.0,0.0,2.0,0.5,0.5
2021-09-15,42.40289224934413,44.45862394239959,42.31152779045171,44.25761795043945,3018300,0.0,0.0,0.010500669886077826,1.4106428806675815,1.4106428806675815,1.4106428806675815,2.1196861267089844,1.0,2.7775306701660156,0.0,0.0,2.0,1.0,0.0
2021-09-16,43.98351248122668,45.71946474311671,43.946965310689414,44.78753280639648,4543800,0.0,0.0,0.01599716089762566,1.4364897772218468,1.4364897772218468,1.4364897772218468,2.6496009826660085,1.0,3.3074455261230398,0.0,0.0,2.0,1.0,0.0
2021-09-17,44.81494399759113,45.463640627640046,44.35811479581073,44.860626220703125,5514600,0.0,0.0,0.019446700005827166,1.4128494954080948,1.4128494954080948,1.4128494954080948,2.7226943969726562,1.0,3.3805389404296875,0.0,0.0,2.0,1.0,0.0
2021-09-20,43.234323181792,44.1388466981358,42.78663243502057,43.9195671081543,2440700,0.0,0.0,0.008426340769002894,1.4600740875705562,1.4600740875705562,1.4600740875705562,-0.9410591125488281,-1.0,-0.9410591125488281,1.1603328756688427,1.5203073167407493,0.07749290166421494,0.2010998907975179,0.7989001092024821
2021-09-21,44.42207189268734,45.19868364942014,43.70941943256128,44.760128021240234,2291600,0.0,0.0,0.008063000746388478,1.4621590968054348,1.4621590968054348,1.4621590968054348,0.8405609130859375,1.0,0.8405609130859375,0.0,0.0,0.797819364347571,0.3989096821737855,0.6010903178262146
2021-09-22,45.56413901639048,46.43211510933912,45.417953825970805,46.066650390625,2061500,0.0,0.0,0.007465115653408404,1.477146810469253,1.477146810469253,1.477146810469253,2.147083282470703,1.0,2.147083282470703,0.0,0.0,2.0,1.0,0.0
2021-09-23,46.96204345307583,48.92640693438215,46.88894910765204,48.87158966064453,4816500,0.0,0.0,0.01850353034673899,1.5759046485612456,1.5759046485612456,1.5759046485612456,4.952022552490234,1.0,4.952022552490234,0.0,0.0,2.0,1.0,0.0
2021-09-24,48.55180628510993,50.561855440099905,48.16807143428293,50.10502624511719,5578200,0.0,0.0,0.021970601233393023,1.6343246026509406,1.6343246026509406,1.6343246026509406,6.185459136962891,1.0,6.185459136962891,0.0,0.0,2.0,1.0,0.0
2021-09-27,50.89077460453682,52.16989429916378,50.5801306028518,51.247100830078125,4255200,0.0,0.0,0.017141777161076753,1.6650777063220585,1.6650777063220585,1.6650777063220585,7.327533721923828,1.0,7.327533721923828,0.0,0.0,2.0,1.0,0.0
2021-09-28,51.16486631452557,52.087659691295954,50.89076951347802,51.74960708618164,3526700,0.0,0.0,0.014346373754003723,1.6316357400003354,1.6316357400003354,1.6316357400003354,7.830039978027344,1.0,7.830039978027344,0.0,0.0,2.0,1.0,0.0
2021-09-29,51.89579975458273,51.89579975458273,51.0095534197113,51.63997650146485,2142800,0.0,0.0,0.008698297153911986,1.578393639633985,1.578393639633985,1.578393639633985,-0.10963058471678977,1.0,7.720409393310554,0.0,0.0,2.0,0.5,0.5
2021-09-30,51.81356353616165,51.97802231590632,50.89077014788763,51.00040817260742,3671400,0.0,0.0,0.014718783657173336,1.5433121059471786,1.5433121059471786,1.5433121059471786,-0.7491989135742188,1.0,7.080841064453125,0.0,0.0,2.0,0.5,0.5
2021-10-01,51.813558579958304,55.97070292512109,51.813558579958304,55.86106491088867,7615500,0.0,0.0,0.03344061066103206,1.7880965807019278,1.7880965807019278,1.7880965807019278,4.86065673828125,1.0,11.941497802734375,0.0,0.0,2.0,1.0,0.0
2021-10-04,56.08034235548998,56.70163022209944,54.64589923311126,55.495601654052734,4170100,0.0,0.0,0.01819162940682281,1.8072133241509458,1.8072133241509458,1.8072133241509458,-0.3654632568359375,1.0,11.576034545898438,0.0,0.0,2.0,0.5,0.5
2021-10-05,55.75144577502152,56.2905044650821,54.67332839490035,55.21238708496094,4236500,0.0,0.0,0.018386975663274928,1.7936392345817176,1.7936392345817176,1.7936392345817176,-0.6486778259277344,1.0,11.29281997680664,0.0,0.0,2.0,0.5,0.5
2021-10-06,54.20735764216006,54.8103720812008,53.10182826614338,54.68245697021485,4244200,0.0,0.0,0.018243595201495006,1.8162763477414205,1.8162763477414205,1.8162763477414205,-1.178607940673821,-1.0,-0.5299301147460866,1.5440709669678796,1.7163102200858564,0.0022020764404875005,0.14074385173682802,0.859256148263172
2021-10-07,54.80122036286783,56.33616647217536,54.76467319709156,55.422508239746094,4388700,0.0,0.0,0.01912003300715327,1.804664430185641,1.804664430185641,1.804664430185641,0.7400512695312429,1.0,0.7400512695312429,0.04566200709325585,0.003807030694763298,1.950232616809117,0.9770198237519402,0.022980176248059814
2021-10-08,55.60524676211968,56.01639370946517,54.98395881620427,55.78797912597656,2126700,0.0,0.0,0.009326386884079406,1.7495051775481594,1.7495051775481594,1.7495051775481594,1.1055221557617116,1.0,1.1055221557617116,0.0,0.0,2.0,1.0,0.0
2021-10-11,56.94832800367637,57.92594218295791,56.47322523196374,56.77473068237305,2980900,0.0,0.0,0.013303596255635704,1.7772521689362444,1.7772521689362444,1.7772521689362444,2.092273712158196,1.0,2.092273712158196,0.0,0.0,2.0,1.0,0.0
2021-10-12,56.62854145667468,57.45997037673506,55.39510413620297,55.64179229736328,3146900,0.0,0.0,0.013764188752301367,1.7977960311930905,1.7977960311930905,1.7977960311930905,-1.1329383850097656,-1.0,-1.1329383850097656,0.0,0.0,0.29320784478435974,0.8533960776078201,0.14660392239217987
2021-10-13,55.51388202558317,55.86107318831677,54.75554737722285,55.1392822265625,2369500,0.0,0.0,0.010270329752549653,1.7483481583288645,1.7483481583288645,1.7483481583288645,-1.6354484558105469,-1.0,-1.6354484558105469,0.0,0.0,0.6109936900507782,0.6945031549746109,0.3054968450253891
2021-10-14,55.86107512646905,56.062081093762096,54.554543309724835,55.31288146972656,2267100,0.0,0.0,0.00985742602392986,1.7311474173080357,1.7311474173080357,1.7311474173080357,0.1735992431640625,-1.0,-1.4618492126464844,0.0,0.0,0.488166709409705,0.5,0.5
2021-10-15,55.925037786360605,55.925037786360605,53.87844463088944,53.905853271484375,3146600,0.0,0.0,0.013333495834662284,1.7536792557482592,1.7536792557482592,1.7536792557482592,-1.4070281982421875,-1.0,-2.868877410888672,0.0639645980438317,0.002066682432248036,1.8801261281867008,0.05890359469052564,0.9410964053094744
2021-10-18,53.68656930582565,55.9158981676159,53.522113990357425,55.70575714111328,3569800,0.0,0.0,0.015631855545655805,1.7994010358561319,1.7994010358561319,1.7994010358561319,1.7999038696289062,-1.0,-1.0689735412597656,0.0,0.0,0.26103390163539,0.5,0.5
2021-10-19,55.76971717254838,55.833672990437606,54.66419119437107,55.33116149902344,3152900,0.0,0.0,0.013713444393782822,1.7544068044425893,1.7544068044425893,1.7544068044425893,-0.37459564208984375,-1.0,-1.4435691833496094,0.0,0.0,0.47603425767144547,0.7619828711642773,0.23801712883572274
2021-10-20,55.331158369489465,57.04883378897768,54.645914514864664,55.203243255615234,2567600,0.0,0.0,0.011141881295485531,1.800729123704763,1.800729123704763,1.800729123704763,-0.5025138854980469,-1.0,-1.5714874267578125,1.1329356213617814,2.0,0.5641373112086469,0.0,1.0
2021-10-21,54.84691127046727,55.31287899464501,54.12512380129782,54.81036758422851,2576000,0.0,0.0,0.011098777364453189,1.7569452715363651,1.7569452715363651,1.7569452715363651,-0.8953895568847727,-1.0,-1.9643630981445384,0.0,0.0,0.8814679722957569,0.5592660138521215,0.44073398614787845
2021-10-22,55.09359968298447,55.81539064052904,54.49058529087473,54.51799392700195,1451700,0.0,0.0,0.00622133102845042,1.7260781342590752,1.7260781342590752,1.7260781342590752,-1.1877632141113281,1.0,-0.2923736572265554,0.0,0.0,0.01952717792835582,0.990236411035822,0.00976358896417791
2021-10-25,55.21237133409369,55.96157086108096,53.8601574686696,54.02461624145508,1905600,0.0,0.0,0.008092635897903343,1.752887795555667,1.752887795555667,1.752887795555667,-1.6811408996582031,1.0,-0.7857513427734304,0.6486918664359465,0.14889107897931672,0.14103706663858845,0.8550359271910475,0.14496407280895257
2021-10-26,54.08857189290902,54.08857189290902,52.98304618974341,53.485557556152344,2178400,0.0,0.0,0.009158845271938467,1.7066476460992346,1.7066476460992346,1.7066476460992346,-2.2201995849609375,-1.0,-0.5390586853027344,0.0,0.0,0.06637967145459528,0.9668101642727024,0.03318983572729764
2021-10-27,53.17492490567612,53.31197158821132,51.512066729869055,51.84098434448242,3701800,0.0,0.0,0.015085258503747416,1.7257078732552384,1.7257078732552384,1.7257078732552384,-3.8647727966308594,-1.0,-2.1836318969726562,0.0,0.0,1.0892356876354798,0.4553821561822601,0.5446178438177399
2021-10-28,52.29781017316876,53.074418446116994,51.85925105878564,52.59931564331055,1523200,0.0,0.0,0.0062980135568472245,1.6905454609966195,1.6905454609966195,1.6905454609966195,0.758331298828125,-1.0,-1.4253005981445312,0.0,0.0,0.46406192560287335,0.5,0.5
2021-10-29,52.27953607952511,52.498812149260814,51.438968517990794,51.89579772949219,3624700,0.0,0.0,0.014786685177330325,1.6526741513054148,1.6526741513054148,1.6526741513054148,-0.7035179138183594,-1.0,-2.1288185119628906,0.0,0.0,1.0352381768652272,0.4823809115673864,0.5176190884326136
2021-11-01,52.14249281163009,53.37593045152821,52.10594563340166,52.61759567260742,1699700,0.0,0.0,0.007030234963988341,1.6403497635004585,1.6403497635004585,1.6403497635004585,0.7217979431152344,1.0,0.7217979431152344,0.3015120054112188,0.17449297143602593,0.11496191882782934,0.14472744513192765,0.8552725548680724
2021-11-02,52.11507258842608,52.50794595374156,50.84508805254441,51.53946685791016,3371400,0.0,0.0,0.013658932871433833,1.6497896103977836,1.6497896103977836,1.6497896103977836,-1.0781288146972585,-1.0,-1.0781288146972585,0.5938804654463823,0.30342878191341033,2.0,0.0,1.0
2021-11-03,51.53947325972031,53.50384033029525,50.51617676695426,53.09269332885742,3941900,0.0,0.0,0.016451553959481984,1.7453520356080126,1.7453520356080126,1.7453520356080126,1.5532264709472585,-1.0,0.47509765625,0.12790987876703497,0.006781700525614218,0.19418893017282124,0.10048531534921773,0.8995146846507822
2021-11-04,53.7048436415135,55.57784628944917,52.97391756407371,53.44902038574219,2958600,0.0,0.0,0.012430613667974225,1.8066789420199731,1.8066789420199731,1.8066789420199731,1.9095535278320241,1.0,0.3563270568847656,0.0,0.0,0.1092336120338324,0.0546168060169162,0.9453831939830838
2021-11-05,53.35764373082722,54.63676320249541,53.33937014740386,54.08856964111328,2415000,0.0,0.0,0.010268078927185547,1.7703013786679427,1.7703013786679427,1.7703013786679427,2.549102783203118,1.0,0.9958763122558594,0.0,0.0,0.8532366424848038,0.4266183212424019,0.573381678757598
2021-11-08,54.92000387401173,57.8802549707214,54.72813645734777,57.140193939208984,3991100,0.0,0.0,0.017926722095458952,1.9146859465922412,1.9146859465922412,1.9146859465922412,5.600727081298821,1.0,4.0475006103515625,0.0,0.0,2.0,1.0,0.0
2021-11-09,57.01228266752886,57.94421112125358,56.043803557845294,57.76148223876953,2239700,0.0,0.0,0.010169386316573725,1.9136660620791017,1.9136660620791017,1.9136660620791017,6.222015380859368,1.0,4.668788909912109,0.0,0.0,2.0,1.0,0.0
2021-11-10,57.396019458733086,59.086286076611295,56.87523445818336,57.5330696105957,3615600,0.0,0.0,0.016351759466731553,1.93490788753259,1.93490788753259,1.93490788753259,-0.22841262817382812,1.0,4.440376281738281,0.0,0.0,2.0,0.5,0.5
2021-11-11,58.017315497052365,58.62033346073441,57.90767745153319,58.291412353515625,2068700,0.0,0.0,0.009479133918774904,1.8743618848615982,1.8743618848615982,1.8743618848615982,0.7583427429199219,1.0,5.198719024658203,0.0,0.0,2.0,1.0,0.0
2021-11-12,58.26387242803715,60.15489862383978,58.199614460323275,59.273643493652344,2275900,0.3,0.0,0.010604284381615911,1.8801420476226627,1.8801420476226627,1.8801420476226627,1.7405738830566406,1.0,6.180950164794922,0.0,0.0,2.0,1.0,0.0
2021-11-15,59.28281917015719,60.20079404611406,58.26386649755766,60.17325592041016,2744000,0.0,0.0,0.012979387092232605,1.8841981548322158,1.8841981548322158,1.8841981548322158,2.6401863098144602,1.0,7.0805625915527415,0.0,0.0,2.0,1.0,0.0
2021-11-16,60.01719044656801,60.4302833124665,58.85136552158403,60.10899353027344,3412900,0.0,0.0,0.016126108814074787,1.8623924145500912,1.8623924145500912,1.8623924145500912,-0.06426239013672586,1.0,7.016300201416016,0.0,0.0,2.0,0.5,0.5
2021-11-17,60.23751871973256,61.247289763669286,59.76934953438631,59.9254035949707,3280800,0.0,0.0,0.01545458296668323,1.834931544173869,1.834931544173869,1.834931544173869,-0.24785232543946023,1.0,6.832710266113281,0.0,0.0,2.0,0.5,0.5
2021-11-18,60.50373399960967,62.50491272283878,60.04474651183934,62.02756881713867,5345600,0.0,0.0,0.026064403120026985,1.888115657294884,1.888115657294884,1.888115657294884,2.1021652221679688,1.0,8.93487548828125,0.0,0.0,2.0,1.0,0.0
2021-11-19,60.99943208035459,61.045333628881174,59.723447471557144,59.84278869628906,2867600,0.0,0.0,0.013489534454805836,1.9178303493153588,1.9178303493153588,1.9178303493153588,-2.1847801208496094,-1.0,-2.1847801208496094,0.04590206282916398,0.0004414168782787328,0.05979136407696698,0.9698836095223772,0.030116390477622858
2021-11-22,60.31094919933368,60.65978414982627,59.57657346845106,59.67755126953125,2349300,0.0,0.0,0.011020874062545732,1.8582146587482056,1.8582146587482056,1.8582146587482056,-2.350017547607422,-1.0,-2.350017547607422,0.0,0.0,0.06917755379646301,0.9654112231017685,0.034588776898231505
2021-11-23,59.91621763035501,60.82501780860607,58.83300698649008,59.88867950439453,2368800,0.0,0.0,0.011151664577948932,1.86777152756019,1.86777152756019,1.86777152756019,0.21112823486328125,-1.0,-2.1388893127441406,0.0,0.0,0.05730593612438307,0.5,0.5
2021-11-24,59.328717268283306,60.34767000196437,59.19102663150985,59.7968864440918,1138800,0.0,0.0,0.0053529427209000014,1.8169766591954992,1.8169766591954992,1.8169766591954992,-0.09179306030273438,-1.0,-2.230682373046875,0.0,0.0,0.06233019152692474,0.9688349042365376,0.03116509576346237
2021-11-26,57.84159667220616,58.38320200106817,56.9419816940923,57.64882278442383,1396100,0.0,0.0,0.006326646029559843,1.8911143799672134,1.8911143799672134,1.8911143799672134,-2.239856719970703,-1.0,-4.378746032714844,0.0,0.0,0.24017207161484283,0.8799139641925786,0.12008603580742142
2021-11-29,59.02579010685636,59.503133983266466,57.10721888383216,57.79570007324219,2443900,0.0,0.0,0.011103132600525487,1.927171574214863,1.927171574214863,1.927171574214863,0.14687728881835938,1.0,0.14687728881835938,0.0,0.0,0.001125148332937505,0.0005625741664687524,0.9994374258335312
2021-11-30,57.19901602803921,58.19042707741143,55.37224447622155,55.62009811401367,3416800,0.0,0.0,0.014938874384528065,1.9908152189987924,1.9908152189987924,1.9908152189987924,-2.1756019592285156,-1.0,-2.1756019592285156,1.5697372178707454,0.5205890490828007,2.0,0.0,1.0
2021-12-01,57.07050537622749,57.46523491541174,52.554069953649666,52.590789794921875,3835100,0.0,0.0,0.015854514664859088,2.19941162919617,2.19941162919617,2.19941162919617,-5.2049102783203125,-1.0,-5.2049102783203125,0.0,0.0,2.0,0.0,1.0
2021-12-02,52.96715829862849,54.8031083020347,52.96715829862849,54.435916900634766,2226900,0.0,0.0,0.009529120615972626,2.2003335490473597,2.2003335490473597,2.2003335490473597,1.8451271057128906,-1.0,-3.359783172607422,0.0,0.0,2.0,0.5,0.5
2021-12-03,54.86736544107113,55.70272253989802,53.71071499543595,54.35329818725586,3344300,0.0,0.0,0.014288863836256818,2.18545312014841,2.18545312014841,2.18545312014841,-0.08261871337890625,1.0,-0.08261871337890625,0.0,0.0,0.31640807615903827,0.8417959619204809,0.15820403807951913
2021-12-06,54.98670431219001,55.19783814355434,53.664818061148296,54.08708572387695,2034800,0.0,0.0,0.00865131005766184,2.13885076030967,2.13885076030967,2.13885076030967,-0.3488311767578125,-1.0,-0.26621246337890625,0.3947298415196414,1.2804697833943286,2.0,0.0,1.0
2021-12-07,54.96833542915747,56.124982208429024,54.904077469297725,55.09685134887695,2432700,0.0,0.0,0.010536148964583162,2.1316397406126986,2.1316397406126986,2.1316397406126986,1.009765625,1.0,1.009765625,0.42225966853100516,0.17487109949821256,2.0,1.0,0.0
2021-12-08,55.51912335459059,55.98729252996749,54.968339797225774,55.170291900634766,1855500,0.0,0.0,0.008046977868086195,2.0521620971933427,2.0521620971933427,2.0521620971933427,1.0832061767578125,1.0,1.0832061767578125,0.0,0.0,2.0,1.0,0.0
2021-12-09,54.53688768038602,55.0050533301096,53.66481084083412,53.71989059448242,1990000,0.0,0.0,0.008403394697884743,2.013113451665293,2.013113451665293,2.013113451665293,-1.4504013061523438,-1.0,-1.4504013061523438,1.2392666284636036,0.7300509081952247,1.7928919147948794,0.0,1.0
2021-12-10,56.143352460694885,57.35507921510006,54.949985627028795,56.152530670166016,2990900,0.0,0.0,0.013201941162549543,2.1289759637333177,2.1289759637333177,2.1289759637333177,2.4326400756835938,1.0,2.4326400756835938,1.3677866851325717,0.3161411503705032,2.0,1.0,0.0
2021-12-13,55.95057164624965,56.49217698497738,55.21619241622809,56.19842529296875,2157200,0.0,0.0,0.009529741595015413,2.068048006948744,2.068048006948744,2.068048006948744,2.478534698486328,1.0,2.478534698486328,0.0,0.0,2.0,1.0,0.0
2021-12-14,55.92303540156107,57.55703328519115,55.66600352175719,57.134765625,3464700,0.0,0.0,0.015560826221062952,2.055403846697688,2.055403846697688,2.055403846697688,3.414875030517578,1.0,3.414875030517578,0.0,0.0,2.0,1.0,0.0
2021-12-15,56.97870101412256,58.64023682193568,55.89549036621288,58.34648513793945,3064300,0.0,0.0,0.01405440765627986,2.104642604485196,2.104642604485196,2.104642604485196,4.626594543457031,1.0,4.626594543457031,0.0,0.0,2.0,1.0,0.0
2021-12-16,58.64024330602708,60.6781454013655,58.64024330602708,59.034969329833984,2919100,0.0,0.0,0.013546430752631542,2.120858151552399,2.120858151552399,2.120858151552399,5.3150787353515625,1.0,5.3150787353515625,0.0,0.0,2.0,1.0,0.0
2021-12-17,59.3195356214008,60.5863383566559,58.75038870948451,59.49394607543945,6094500,0.0,0.0,0.028502137001358674,2.100507544096613,2.100507544096613,2.100507544096613,5.774055480957031,1.0,5.774055480957031,0.0,0.0,2.0,1.0,0.0
2021-12-20,58.557620247474674,59.0074259915863,57.08885829295165,58.878910064697266,2464600,0.0,0.0,0.011407034959152539,2.1222632754102695,2.1222632754102695,2.1222632754102695,-0.6150360107421875,-1.0,-0.6150360107421875,1.551385013075432,2.0,0.011345906083892243,0.0,1.0
2021-12-21,59.68674191754406,63.28520987325929,59.61330922735799,62.96391296386719,3728600,0.0,0.0,0.018454575999084878,2.285408742063966,2.285408742063966,2.285408742063966,4.085002899169922,1.0,4.085002899169922,2.69887151660339,0.4364954103635478,2.0,1.0,0.0
2021-12-22,62.917994472498115,65.85551107028242,62.90881276336978,65.8463363647461,3451500,0.0,0.0,0.017865125044124314,2.3326437109817286,2.3326437109817286,2.3326437109817286,6.967426300048828,1.0,6.967426300048828,0.0,0.0,2.0,1.0,0.0
2021-12-23,65.72699654557105,66.96626116758294,64.63461125834775,66.36958312988281,2760000,0.0,0.0,0.014399411345688893,2.3325727251426907,2.3325727251426907,2.3325727251426907,7.490673065185547,1.0,7.490673065185547,0.0,0.0,2.0,1.0,0.0
2021-12-27,66.55317417310523,67.82915860730914,65.24046990582306,67.80162048339844,2191600,0.0,0.0,0.011680674772946861,2.3508667234529326,2.3508667234529326,2.3508667234529326,8.922710418701172,1.0,8.922710418701172,0.0,0.0,2.0,1.0,0.0
2021-12-28,67.6731313927953,68.63700112967572,67.41609946296052,68.22391510009766,1470800,0.0,0.0,0.007887816992069875,2.2701549336859523,2.2701549336859523,2.2701549336859523,9.34500503540039,1.0,9.34500503540039,0.0,0.0,2.0,1.0,0.0
2021-12-29,67.81998374455563,68.49929021969152,67.30592003674923,67.70983123779297,1824000,0.0,0.0,0.009708298738836912,2.193241737204262,2.193241737204262,2.193241737204262,-0.5140838623046875,-1.0,-0.5140838623046875,0.0,0.0,0.0030262782926299154,0.998486860853685,0.0015131391463149577
2021-12-30,67.4344336646427,67.63638925827924,65.84634104848709,65.9840316772461,1915500,0.0,0.0,0.009935450649239308,2.1696880552115205,2.1696880552115205,2.1696880552115205,-2.2398834228515625,-1.0,-2.2398834228515625,0.0,0.0,0.05745022735830436,0.9712748863208478,0.02872511367915218
2021-12-31,65.82797530903349,65.86469514327266,64.35003524797023,64.97425842285156,2251000,0.0,0.0,0.011496969860151935,2.1314243676446885,2.1314243676446885,2.1314243676446885,-3.2496566772460938,-1.0,-3.2496566772460938,0.0,0.0,0.12092494035658148,0.9395375298217092,0.06046247017829074
2022-01-03,65.67192316478209,66.37876073444197,64.34085539860216,64.79984283447266,2637600,0.0,0.0,0.01343536449352675,2.1247444368014827,2.1247444368014827,2.1247444368014827,-3.424072265625,-1.0,-3.424072265625,0.0,0.0,0.13425385483657196,0.932873072581714,0.06712692741828598
2022-01-04,65.49751072259679,66.27778802271656,64.76313497102235,65.2955551147461,2867300,0.0,0.0,0.014717136554216565,2.0811664807223917,2.0811664807223917,2.0811664807223917,0.4957122802734375,-1.0,-2.9283599853515625,0.4130928794439086,0.6944421331236844,0.0981951070964528,0.876115955554673,0.12388404444532697
2022-01-05,66.26862110782268,66.35123550060658,63.266838771985235,63.312740325927734,3275000,0.0,0.0,0.016299301075134793,2.1528257841437455,2.1528257841437455,2.1528257841437455,-1.9828147888183594,-1.0,-4.911174774169922,0.0,0.0,0.2761923847142408,0.8619038076428795,0.1380961923571204
2022-01-06,63.72581314764449,64.0562846577772,61.192207574750185,63.560577392578125,2915100,0.0,0.0,0.014564911751952786,2.203629448349693,2.203629448349693,2.203629448349693,0.24783706665039062,-1.0,-4.663337707519531,0.0,0.0,0.24902024428493605,0.5,0.5
2022-01-07,63.56976213205054,64.42347907331782,63.31273027938387,63.46878433227539,1763600,0.0,0.0,0.008798868690515847,2.1255665444628544,2.1255665444628544,2.1255665444628544,-0.09179306030273438,1.0,-0.09179306030273438,0.0,0.0,9.648518163761647e-05,0.9999517574091812,4.8242590818808235e-05
2022-01-10,62.81702319817957,62.954720835018314,60.42110812940064,61.935768127441406,2573100,0.0,0.0,0.012527510034835238,2.191431520063704,2.191431520063704,2.191431520063704,-1.6248092651367188,-1.0,-1.5330162048339844,0.0,0.0,0.026911283523640205,0.9865443582381799,0.013455641761820103
2022-01-11,61.990844695834305,63.84515794035695,61.21056742123896,63.48714828491211,2226200,0.0,0.0,0.011110064101957374,2.2230857342818666,2.2230857342818666,2.2230857342818666,1.5513801574707031,1.0,1.5513801574707031,0.0,0.0,1.0241014324341873,0.5120507162170936,0.48794928378290636
2022-01-12,64.24905014404992,65.00178915132082,61.95411329217624,62.33048629760742,3185100,0.0,0.0,0.015605947936819868,2.2819850289149177,2.2819850289149177,2.2819850289149177,-1.1566619873046875,1.0,0.3947181701660156,0.0,0.0,0.06629499565328924,0.5,0.5
2022-01-13,61.4492367213583,62.39474966583607,60.127350738776194,60.20079040527344,2951700,0.0,0.0,0.013968217056787968,2.280943164496701,2.280943164496701,2.280943164496701,-3.286357879638672,-1.0,-2.1296958923339844,1.0832166824627691,0.10864280460620963,2.0,0.0,1.0
2022-01-14,59.42052095599769,61.34826692954566,58.58516039875754,60.990257263183594,2966000,0.0,0.0,0.014219953569937015,2.315383404946088,2.315383404946088,2.315383404946088,0.7894668579101562,-1.0,-1.3402290344238281,0.0,0.0,2.0,0.5,0.5
2022-01-18,61.02697803167969,62.86292793992574,60.852560549246526,62.65179061889648,3112400,0.0,0.0,0.015328351856482274,2.2935965467841686,2.2935965467841686,2.2935965467841686,2.4510002136230398,1.0,1.6615333557128835,0.4681782740896665,0.036486803215121065,1.536951220776928,0.7867190119960246,0.21328098800397544
2022-01-19,62.862923365129625,63.67073874467629,61.27482372848844,61.41252136230469,3702700,0.0,0.0,0.01787483414097823,2.3009050088844316,2.3009050088844316,2.3009050088844316,-1.2392692565917898,1.0,0.42226409912109375,0.0,0.0,0.09926822908422206,0.5,0.5
2022-01-20,61.63283264074773,61.92658432104983,58.97988580825897,59.025787353515625,2790100,0.0,0.0,0.012945777080558257,2.3470331163063194,2.3470331163063194,2.3470331163063194,-3.6260032653808523,-1.0,-2.3867340087890625,1.8726747409875557,0.2667278250320065,2.0,0.0,1.0
2022-01-21,58.96152198305847,61.62364318719571,57.92420602078676,60.586334228515625,7154000,0.0,0.0,0.03407141564261453,2.4436334055993645,2.4436334055993645,2.4436334055993645,1.560546875,-1.0,-0.8261871337890625,0.0,0.0,2.0,0.5,0.5
2022-01-24,59.6683657582598,63.73499465854336,59.54903154803653,62.75276184082031,7000200,0.0,0.0,0.03453105595136757,2.568085527378469,2.568085527378469,2.568085527378469,3.7269744873046875,1.0,2.1664276123046875,1.8084103374935268,0.23544047333971146,2.0,1.0,0.0
2022-01-25,62.431469876390615,66.32368117757026,60.73321784903285,65.59848022460938,6337200,0.0,0.0,0.032678172259062374,2.7839696560326797,2.7839696560326797,2.7839696560326797,6.57269287109375,1.0,5.01214599609375,0.0,0.0,2.0,1.0,0.0
2022-01-26,65.52505772616412,66.52565419052847,61.32991195235883,62.238712310791016,4869300,0.0,0.0,0.02382284897904402,2.95623912618532,2.95623912618532,2.95623912618532,-3.3597679138183594,1.0,1.6523780822753906,0.0,0.0,2.0,0.5,0.5
2022-01-27,63.00978592934645,64.73557592845722,61.559384151549445,62.77111053466797,3826900,0.0,0.0,0.01888310867164113,2.9719500298083528,2.9719500298083528,2.9719500298083528,0.5323982238769531,1.0,2.1847763061523438,0.0,0.0,2.0,1.0,0.0
2022-01-28,63.00061391126395,65.3047328363631,62.74358206373274,65.26801300048828,3461200,0.0,0.0,0.017757983692218274,2.9426072257242106,2.9426072257242106,2.9426072257242106,3.0293006896972656,1.0,4.681678771972656,0.0,0.0,2.0,1.0,0.0
2022-01-31,64.71723243308992,64.84574836274055,62.23870292857896,63.2209358215332,2978100,0.0,0.0,0.014800172020181685,2.9488002861660045,2.9488002861660045,2.9488002861660045,-2.047077178955078,-1.0,-2.047077178955078,0.0,0.0,0.19119001619038356,0.9044049919048083,0.09559500809519178
2022-02-01,64.09299213216417,68.60025119059986,63.707444445893834,68.3523941040039,5439600,0.0,0.0,0.029227203419696524,3.122408506373194,3.122408506373194,3.122408506373194,5.131458282470703,1.0,5.131458282470703,3.295518354236762,0.4124448303360928,2.0,1.0,0.0
2022-02-02,67.87506628263326,69.59167486170227,65.81879746600104,68.44420623779297,4016200,0.0,0.0,0.0216081999281888,3.168870569896625,3.168870569896625,3.168870569896625,5.223270416259766,1.0,5.223270416259766,0.0,0.0,2.0,1.0,0.0
2022-02-03,67.81998963991799,68.46257633412662,66.68170261500232,67.56295776367188,3507900,0.0,0.0,0.018630410518725847,3.069727937698602,3.069727937698602,3.069727937698602,-0.8812484741210938,1.0,4.342021942138672,0.0,0.0,2.0,0.5,0.5
2022-02-04,67.40690904270593,69.57333074802472,67.01217948613699,68.90320587158203,3544800,0.0,0.0,0.019199845426360808,3.03340103228354,3.03340103228354,3.03340103228354,1.3402481079101562,1.0,5.682270050048828,0.0,0.0,2.0,1.0,0.0
2022-02-07,68.81140950781175,69.74774798899199,65.87389212362527,66.51647186279297,3568800,0.0,0.0,0.01866027252564251,3.09343352036091,3.09343352036091,3.09343352036091,-2.3867340087890625,1.0,3.2955360412597656,0.8078104913770545,0.11455417858918551,2.0,0.9458258484227559,0.05417415157724414
2022-02-08,66.48892957598598,67.2967450552493,64.73559396305225,67.22331237792969,2121600,0.0,0.0,0.011211145303385848,3.0554133469206346,3.0554133469206346,3.0554133469206346,0.7068405151367188,-1.0,0.7068405151367188,2.2765855230847336,2.0,0.11922695047250878,1.0,0.0
2022-02-09,67.93014424506651,68.39831341641013,66.70923591763749,67.04888916015625,1849800,0.0,0.0,0.009749513131213883,2.9578179291957785,2.9578179291957785,2.9578179291957785,-0.1744232177734375,1.0,-0.1744232177734375,0.0,0.0,0.06089276836610107,0.9695536158169494,0.030446384183050536
2022-02-10,66.52564276494515,70.1608225635606,65.7361837830466,67.70983123779297,4033000,0.0,0.0,0.021465772375948062,3.06259084714708,3.06259084714708,3.06259084714708,0.6609420776367188,1.0,0.48651885986328125,2.864077508311297,2.0,2.0,1.0,0.0
2022-02-11,67.59966812872231,70.90437622393587,66.3512217588606,70.44538879394531,4717700,0.0,0.0,0.026124588433302634,3.1690596769990935,3.1690596769990935,3.1690596769990935,3.3964996337890625,1.0,3.222076416015625,0.35801415877688214,0.01111059355935631,2.0,1.0,0.0
2022-02-14,69.56989072865613,69.69891102956403,63.837676958597136,65.8559341430664,5943100,0.3,0.0,0.030766246742301728,3.4146776883097423,3.4146776883097423,3.4146776883097423,-4.589454650878906,-1.0,-4.589454650878906,1.8985068244494627,0.17112054685646053,2.0,0.0,1.0
2022-02-15,64.92514660094345,67.10928829621596,61.69962462866789,66.55634307861328,4017500,0.0,0.0,0.02101899290477639,3.5571766868267662,3.5571766868267662,3.5571766868267662,0.700408935546875,-1.0,-3.8890457153320312,0.0,0.0,1.456848611312667,0.5,0.5
2022-02-16,63.699465611254425,69.85560613229565,63.46907114120211,68.58382415771484,5741900,0.0,0.0,0.03095593230520685,3.7592737085601073,3.7592737085601073,3.7592737085601073,2.7278900146484375,1.0,2.0274810791015625,0.1566951027316179,0.0032995683927050934,0.27178627625355994,0.13754292232313253,0.8624570776768674
2022-02-17,67.96633746315982,71.2102870185746,67.73594309887791,70.2149887084961,4559500,0.0,0.0,0.025165966653524562,3.738921580784149,3.738921580784149,3.738921580784149,4.3590545654296875,1.0,3.6586456298828125,0.0,0.0,0.8850230798556119,0.44251153992780595,0.5574884600721941
2022-02-18,70.08598633743726,70.64814929243191,66.85124666758082,67.52399444580078,3062100,0.0,0.0,0.016253393929842968,3.7430630839317875,3.7430630839317875,3.7430630839317875,-2.6909942626953125,-1.0,-2.6909942626953125,0.0,0.0,0.5409845355486327,0.7295077322256837,0.27049226777431634
2022-02-22,69.89243532176727,70.76793817915181,67.02633572038725,68.04006958007812,4612600,0.0,0.0,0.02467045220719447,3.7429587535627,3.7429587535627,3.7429587535627,0.5160751342773438,1.0,0.5160751342773438,0.0,0.0,0.036779034549367706,0.018389517274683853,0.9816104827253161
2022-02-23,67.66222213548835,69.6989076803276,67.66222213548835,68.63909912109375,3430300,0.0,0.0,0.018508458289220212,3.621082095796739,3.621082095796739,3.621082095796739,1.1151046752929688,1.0,1.1151046752929688,0.0,0.0,0.17171400975430673,0.08585700487715336,0.9141429951228466
2022-02-24,71.03520090633943,73.55110373940157,69.7542086443026,72.39913177490234,6971200,0.0,0.0,0.03967413502852143,3.7132908474046733,3.7132908474046733,3.7132908474046733,4.8751373291015625,1.0,4.8751373291015625,0.0,0.0,2.0,1.0,0.0
2022-02-25,71.95678799838683,73.55111347079136,69.38558538970479,73.26542663574219,4681100,0.0,0.0,0.026959607690947927,3.745593506953381,3.745593506953381,3.745593506953381,5.741432189941406,1.0,5.741432189941406,0.0,0.0,2.0,1.0,0.0
2022-02-28,73.88287056665453,74.85052980751087,73.07188485306777,74.82288360595703,6488200,0.0,0.0,0.0381614823830875,3.605097181774075,3.605097181774075,3.605097181774075,7.29888916015625,1.0,7.29888916015625,0.0,0.0,2.0,1.0,0.0
2022-03-01,75.53249207093931,78.05761248615867,74.62935004621079,75.89190673828125,4542900,0.0,0.0,0.027101617267848183,3.5924661287864903,3.5924661287864903,3.5924661287864903,8.367912292480469,1.0,8.367912292480469,0.0,0.0,2.0,1.0,0.0
2022-03-02,77.41251771994168,79.64273380489055,76.6568243758235,78.04840850830078,4422500,0.0,0.0,0.027133040292365684,3.6037776243452626,3.6037776243452626,3.6037776243452626,10.5244140625,1.0,10.5244140625,0.0,0.0,2.0,1.0,0.0
2022-03-03,78.45390014594065,81.08961269781486,77.5968326793371,80.2694091796875,5754200,0.0,0.0,0.036307938026056925,3.5958492239261552,3.5958492239261552,3.5958492239261552,12.745414733886719,1.0,12.745414733886719,0.0,0.0,2.0,1.0,0.0
2022-03-04,80.01137420372042,84.68377277802625,79.70725188069301,84.09396362304688,8087700,0.0,0.0,0.05346338132691288,3.694468629169519,3.694468629169519,3.694468629169519,16.569969177246094,1.0,16.569969177246094,0.0,0.0,2.0,1.0,0.0
2022-03-07,84.80356545048153,92.6369748465403,84.74827304586637,88.18576049804688,9925200,0.0,0.0,0.06880251248791441,4.040793100192655,4.040793100192655,4.040793100192655,20.661766052246094,1.0,20.661766052246094,0.0,0.0,2.0,1.0,0.0
2022-03-08,85.63298371887018,92.41579500661024,83.90963821112132,85.96475219726562,8582500,0.0,0.0,0.05799636763061564,4.359747649856674,4.359747649856674,4.359747649856674,-2.22100830078125,-1.0,-2.22100830078125,0.0,0.0,0.01155488117330131,0.9942225594133494,0.005777440586650655
2022-03-09,82.48120296900288,85.2275075693554,78.05762725990937,85.09848022460938,7765300,0.0,0.0,0.051945341906309804,4.61313174182093,4.61313174182093,4.61313174182093,-3.0872802734375,-1.0,-3.0872802734375,0.0,0.0,0.022326324683334658,0.9888368376583326,0.011163162341667329
2022-03-10,86.92320549227465,91.80756995228543,85.83574356119314,89.62342834472656,7326200,0.0,0.0,0.05161392539034325,4.762843026524868,4.762843026524868,4.762843026524868,4.5249481201171875,1.0,4.5249481201171875,0.0,0.0,2.0,1.0,0.0
2022-03-11,85.93711222541131,90.37911602917065,85.93711222541131,88.51753234863281,3663900,0.0,0.0,0.025494087766813972,4.739925939184473,4.739925939184473,4.739925939184473,-1.10589599609375,1.0,3.4190521240234375,0.0,0.0,1.2264767719272949,0.5,0.5
2022-03-14,88.51751316491584,88.81241765527913,84.32433313120622,87.48534393310547,3781100,0.0,0.0,0.02600279507492983,4.7219372666765045,4.7219372666765045,4.7219372666765045,-2.1380844116210938,-1.0,-1.0321884155273438,1.511410429986924,0.49970665741722486,0.09113947398014091,0.7045769343013171,0.2954230656986829
2022-03-15,86.08456793884977,87.66967552219796,81.70707429064642,87.42085266113281,5288800,0.0,0.0,0.03634450419268165,4.810556121310436,4.810556121310436,4.810556121310436,-2.20257568359375,-1.0,-1.0966796875,0.0,0.0,0.10288407463160669,0.9485579626841967,0.051442037315803345
2022-03-16,87.54987188571694,88.93223828391247,79.46763943794187,81.24628448486328,7324300,0.0,0.0,0.046777413039188094,5.142987744500449,5.142987744500449,5.142987744500449,-8.377143859863281,-1.0,-7.271247863769531,0.11982062863333454,0.0002045837996538672,2.0,0.0,1.0
2022-03-17,83.35669717943487,85.05240374311462,81.69786159724949,84.97867584228516,5448500,0.0,0.0,0.03639598531869578,5.047497138339798,5.047497138339798,5.047497138339798,3.732391357421875,-1.0,-3.5388565063476562,0.0,0.0,1.0713082834802294,0.5,0.5
2022-03-18,85.97399698521849,88.04754711190249,85.4210516909856,87.78028869628906,9451700,0.0,0.0,0.06521890453310102,4.906166719145337,4.906166719145337,4.906166719145337,6.534004211425781,1.0,2.8016128540039062,0.0,0.0,0.6267442181917678,0.3133721090958839,0.6866278909041161
2022-03-21,90.84913278743552,94.55387210623654,90.00128297751209,93.3650360107422,5205300,0.0,0.0,0.038202923602199124,5.039553625631204,5.039553625631204,5.039553625631204,12.11875152587892,1.0,8.386360168457045,0.0,0.0,2.0,1.0,0.0
2022-03-22,93.79816763418262,95.0791599443159,90.77539421081543,92.1577606201172,3603100,0.0,0.0,0.026102060692955665,4.986997347621866,4.986997347621866,4.986997347621866,-1.207275390625,1.0,7.1790847778320455,0.0,0.0,2.0,0.5,0.5
2022-03-23,93.76131493009407,96.66428614396892,93.00562148362928,95.46623229980467,4220800,0.0,0.0,0.031674598836109645,4.952677931638284,4.952677931638284,4.952677931638284,3.3084716796874716,1.0,10.487556457519517,0.0,0.0,2.0,1.0,0.0
2022-03-24,96.11133304140168,99.35528324464694,95.44779601478622,98.0558624267578,4466100,0.0,0.0,0.03442457389326137,4.878021452939887,4.878021452939887,4.878021452939887,5.898101806640597,1.0,13.077186584472642,0.0,0.0,2.0,1.0,0.0
2022-03-25,98.1480065663509,101.18921521604952,97.99134007431417,100.93116760253906,3602200,0.0,0.0,0.02857983292614403,4.758011002139563,4.758011002139563,4.758011002139563,8.77340698242186,1.0,15.952491760253906,0.0,0.0,2.0,1.0,0.0
2022-03-28,98.11115424816904,98.78390901587258,94.95936042168584,96.8762435913086,3602200,0.0,0.0,0.027431634074174524,4.844710729190538,4.844710729190538,4.844710729190538,-4.054924011230469,-1.0,-4.054924011230469,0.48843559310037676,0.01450939046859944,0.06461128553614691,0.9604396619976269,0.03956033800237317
2022-03-29,88.69262399582986,92.16697539672414,82.04805051283161,91.95500946044922,7748900,0.0,0.0,0.0560121207203366,5.557816611282427,5.557816611282427,5.557816611282427,-8.976158142089844,-1.0,-8.976158142089844,0.0,0.0,0.31660949337786604,0.841695253311067,0.15830474668893302
2022-03-30,94.12073221174072,96.94076488197116,92.6369914853836,93.08856964111328,2952700,0.0,0.0,0.02160639182601302,5.516955097728107,5.516955097728107,5.516955097728107,1.1335601806640625,1.0,1.1335601806640625,0.0,0.0,0.01594807145087155,0.007974035725435775,0.9920259642745642
2022-03-31,93.07932068331424,98.14799656210856,92.80284464113068,94.97776794433594,4350000,0.0,0.0,0.03247714037529875,5.504683442245948,5.504683442245948,5.504683442245948,3.0227584838867188,1.0,3.0227584838867188,0.0,0.0,0.11340335592763744,0.05670167796381872,0.9432983220361812
2022-04-01,94.0654292894457,96.75643430666396,90.22245222399232,91.9642333984375,3943700,0.0,0.0,0.028509486287926298,5.578204773704926,5.578204773704926,5.578204773704926,-3.0135345458984375,-1.0,-3.0135345458984375,2.4145392613912833,0.6419721595402458,0.9939063179354067,0.18206076126217374,0.8179392387378263
2022-04-04,94.41562604083812,94.80269399176322,91.99187938818972,93.76130676269533,3365300,0.0,0.0,0.024803559133605824,5.382508760820698,5.382508760820698,5.382508760820698,1.7970733642578267,-1.0,-1.2164611816406108,0.0,0.0,0.16195322924914596,0.5,0.5
2022-04-05,94.75661483757888,96.74722596056802,93.9640574865087,94.71053314208984,3040900,0.0,0.0,0.022639508093333333,5.211323792038697,5.211323792038697,5.211323792038697,2.7462997436523438,1.0,0.949226379394517,0.0,0.0,0.6088959541209934,0.3044479770604967,0.6955520229395034
2022-04-06,96.20348385034538,101.08784787925372,94.03777792472714,94.3603286743164,4766200,0.0,0.0,0.03535316284246715,5.342662803644974,5.342662803644974,5.342662803644974,-0.3502044677734375,1.0,0.5990219116210795,0.0,0.0,0.24248724980258882,0.5,0.5
2022-04-07,94.92248952780204,97.86232422040445,94.8671971236534,96.95917510986328,2840600,0.0,0.0,0.02165038188513647,5.211186570962337,5.211186570962337,5.211186570962337,2.598846435546875,1.0,3.1978683471679545,0.0,0.0,2.0,1.0,0.0
2022-04-08,98.89449382187878,101.74217237191702,97.07898475485509,99.72391510009766,3849400,0.0,0.0,0.030175809453463008,5.180601620326009,5.180601620326009,5.180601620326009,5.36358642578125,1.0,5.9626083374023295,0.0,0.0,2.0,1.0,0.0
2022-04-11,99.5303802410304,99.67783603112026,95.8624983199547,98.6548843383789,2656700,0.0,0.0,0.020602867708401293,5.086374131741505,5.086374131741505,5.086374131741505,-1.06903076171875,-1.0,-1.06903076171875,0.0,0.0,0.03214458614493539,0.9839277069275323,0.016072293072467696
2022-04-12,99.94509295342095,102.15688071130164,98.88528428477848,101.20765686035156,3141900,0.0,0.0,0.02499610238819326,4.973204291825879,4.973204291825879,4.973204291825879,2.5527725219726562,1.0,2.5527725219726562,0.4147083393846174,0.02639133165689739,2.0,1.0,0.0
2022-04-13,103.37337121033678,104.5898535200278,96.8762525001316,100.46118927001952,3211700,0.0,0.0,0.025362955119576685,5.168946915259474,5.168946915259474,5.168946915259474,-0.7464675903320455,1.0,1.8063049316406108,0.0,0.0,2.0,0.5,0.5
2022-04-14,99.00507691650644,101.74216337710908,98.29546529353628,99.9082260131836,3082800,0.0,0.0,0.024211024342422532,5.045929141567568,5.045929141567568,5.045929141567568,-1.2994308471679688,1.0,1.2533416748046875,0.5898189912421969,0.20603033066841292,1.3745437153945532,0.8696484159147042,0.1303515840852958
2022-04-18,99.79763348827468,102.92178081262011,98.29546461665012,101.40117645263672,2700300,0.0,0.0,0.02152393027566485,5.015956788310599,5.015956788310599,5.015956788310599,1.492950439453125,1.0,2.7462921142578125,0.0,0.0,2.0,1.0,0.0
2022-04-19,101.23530537102516,101.92648862166632,97.2817363336282,98.60881042480467,3646700,0.0,0.0,0.02826716950318815,4.989442181148279,4.989442181148279,4.989442181148279,-2.7923660278320455,-1.0,-2.7923660278320455,1.0137289599080788,0.13179502461049522,1.0338350018039582,0.41718498679277327,0.5828150132072267
2022-04-20,97.67801560492596,98.89449785219668,93.84425614092233,97.81625366210938,3175900,0.0,0.0,0.024419929799114917,4.993785004728713,4.993785004728713,4.993785004728713,-3.5849227905273438,-1.0,-3.5849227905273438,0.0,0.0,1.7039865146565158,0.14800674267174208,0.8519932573282579
2022-04-21,97.90840665908637,97.90840665908637,91.05187378782252,91.56795501708984,3313600,0.0,0.0,0.023851196103911565,5.126838423766937,5.126838423766937,5.126838423766937,-9.833221435546875,-1.0,-9.833221435546875,0.0,0.0,2.0,0.0,1.0
2022-04-22,91.34676975831984,94.0746384766597,88.77556753682913,89.33773040771484,3684000,0.0,0.0,0.02587146984369006,5.139140746342911,5.139140746342911,5.139140746342911,-12.063446044921875,-1.0,-12.063446044921875,0.0,0.0,2.0,0.0,1.0
2022-04-25,87.30103924303127,88.28712688198038,83.19079742572214,87.0429916381836,5061500,0.0,0.0,0.034632162991974746,5.211125906032183,5.211125906032183,5.211125906032183,-14.358184814453125,-1.0,-14.358184814453125,0.0,0.0,2.0,0.0,1.0
2022-04-26,88.85852736366888,91.13482559252358,85.47633861742521,87.54988861083984,4388100,0.0,0.0,0.03019942544282905,5.243080268108339,5.243080268108339,5.243080268108339,0.50689697265625,1.0,0.50689697265625,0.0,0.0,0.0012463508571134267,0.0006231754285567133,0.9993768245714433
2022-04-27,88.38851726770694,90.20401936252588,85.4486822649933,89.4944076538086,2378200,0.0,0.0,0.016730573918207182,5.208241470210071,5.208241470210071,5.208241470210071,2.451416015625,-1.0,1.94451904296875,0.0,0.0,0.018341097642896587,0.009170548821448294,0.9908294511785517
2022-04-28,89.56812752872129,91.43892889696724,87.50378868072391,90.812255859375,1976600,0.0,0.0,0.014110091223260133,5.117305666355303,5.117305666355303,5.117305666355303,3.7692642211914062,1.0,1.3178482055664062,0.0,0.0,0.00842425881095638,0.00421212940547819,0.9957878705945218
2022-04-29,91.77070483034726,92.98718705712388,88.84930534324363,89.23636627197266,2980500,0.0,0.0,0.020907281656750206,5.047346812607085,5.047346812607085,5.047346812607085,-1.5758895874023438,1.0,-0.2580413818359375,0.0,0.0,0.038339631884752576,0.9808301840576237,0.019169815942376288
2022-05-02,88.71105363213778,91.04264362194284,87.40240821619237,88.87693786621094,2795400,0.0,0.0,0.01952988160124603,4.9468388549744695,4.9468388549744695,4.9468388549744695,-1.9353179931640625,-1.0,-0.35942840576171875,0.0,0.0,0.07438648100338166,0.9628067594983092,0.03719324050169083
2022-05-03,88.33320607798811,94.28659616120656,87.84477110523896,92.76599884033205,2763700,0.0,0.0,0.020153305580975896,5.053623583616836,5.053623583616836,5.053623583616836,3.889060974121108,1.0,3.889060974121108,1.2994091040826845,0.11163549593231044,2.0,1.0,0.0
2022-05-04,93.96404667611536,94.27738670101648,90.64636888390584,94.02855682373048,2864900,0.0,0.0,0.02117560388246523,4.952008886009251,4.952008886009251,4.952008886009251,5.1516189575195455,1.0,5.1516189575195455,0.0,0.0,2.0,1.0,0.0
2022-05-05,94.51701197219197,98.3139148406976,89.4022596684838,92.42503356933594,3735300,0.0,0.0,0.02713823952265379,5.234840763595291,5.234840763595291,5.234840763595291,-1.6035232543945455,1.0,3.548095703125,0.0,0.0,2.0,0.5,0.5
2022-05-06,92.489535107509,92.93188844971394,88.32400012044818,91.99188232421876,2944900,0.0,0.0,0.021295440298993253,5.190058446857468,5.190058446857468,5.190058446857468,-2.0366744995117188,-1.0,-0.4331512451171733,2.3223687634576606,1.3002267940400605,0.014903507247565898,0.34243484935618684,0.6575651506438132
2022-05-09,89.40224289269837,89.67871194770525,82.99727450106086,83.75296783447266,3551000,0.0,0.0,0.02337854314252175,5.46181197373607,5.46181197373607,5.46181197373607,-10.275588989257827,-1.0,-8.672065734863281,0.0,0.0,2.0,0.0,1.0
2022-05-10,85.90024605770242,88.0198773206575,83.22766964865266,86.02926635742188,2770400,0.0,0.0,0.01873506759252296,5.413983095040982,5.413983095040982,5.413983095040982,2.2762985229492188,-1.0,-6.3957672119140625,0.0,0.0,2.0,0.5,0.5
2022-05-11,87.32869336506891,90.35146669957372,85.93710925191226,88.09359741210938,3358300,0.0,0.0,0.023255752734573636,5.342581263085302,5.342581263085302,5.342581263085302,4.340629577636719,1.0,2.0643310546875,0.6727547518684673,0.02402194106504233,0.10417737144246039,0.06409965625375136,0.9359003437462486
2022-05-12,88.31478197860434,91.35598380149696,85.97397406047739,90.89519500732422,2826600,0.0,0.0,0.0201963015617723,5.34539758293775,5.34539758293775,5.34539758293775,7.1422271728515625,1.0,4.865928649902344,0.0,0.0,0.5788235286462721,0.28941176432313603,0.710588235676864
2022-05-13,93.30107014232551,98.50142270709895,93.04197874817166,96.10482025146484,3517600,0.4,0.0,0.026574077044718432,5.506885448426106,5.506885448426106,5.506885448426106,12.351852416992188,1.0,10.075553894042969,0.0,0.0,2.0,1.0,0.0
2022-05-16,98.18680877651768,102.11946295519924,97.49281098027976,99.01960754394533,3192200,0.0,0.0,0.02484722315168318,5.5431538238052696,5.5431538238052696,5.5431538238052696,15.26663970947267,1.0,12.990341186523452,0.0,0.0,2.0,1.0,0.0
2022-05-17,100.76848422396048,101.32368106442614,94.96665853286076,100.35208129882812,3082200,0.0,0.0,0.024313851882469647,5.6012873029309915,5.6012873029309915,5.6012873029309915,16.59911346435547,-1.0,1.3324737548827983,0.0,0.0,0.043404227472668165,0.021702113736334083,0.9782978862636659
2022-05-18,99.77836745715794,100.39833706080674,91.9963362834153,94.02281188964844,3940100,0.0,0.0,0.029121051075810072,5.801338265392452,5.801338265392452,5.801338265392452,-6.3292694091796875,-1.0,-4.996795654296889,5.496474696864453,0.7541561932661934,2.0,0.0,1.0
2022-05-19,92.7088462678276,94.7445701314292,90.27522302775536,92.85689544677734,3020700,0.0,0.0,0.022048970757276482,5.706196039555409,5.706196039555409,5.706196039555409,-7.495185852050781,-1.0,-6.162712097167983,0.0,0.0,2.0,0.0,1.0
2022-05-20,94.0783216524531,94.60575959478852,85.75960496203705,88.63738250732422,3684400,0.0,0.0,0.025671441910188803,5.930478796212271,5.930478796212271,5.930478796212271,-11.714698791503906,-1.0,-10.382225036621108,0.0,0.0,2.0,0.0,1.0
2022-05-23,89.35915118007955,94.0783345300572,89.05379047174252,93.54164123535156,2593400,0.0,0.0,0.01906957694793693,5.895512598106608,5.895512598106608,5.895512598106608,4.904258728027344,-1.0,-5.477966308593764,0.0,0.0,2.0,0.5,0.5
2022-05-24,92.53303892751384,93.43986581527612,90.93221424779516,92.64408111572266,2294600,0.0,0.0,0.016710568838705725,5.660792197353022,5.660792197353022,5.660792197353022,-0.8975601196289062,-1.0,-6.3755264282226705,0.0,0.0,2.0,0.0,1.0
2022-05-25,91.55219219727346,94.59653006583116,91.18205862467568,93.06047821044922,2267000,0.0,0.0,0.01658377383952381,5.500340714767484,5.500340714767484,5.500340714767484,0.4163970947265625,1.0,0.4163970947265625,0.5181955357739554,1.5487165989169358,0.004265630968294762,0.7764911149426152,0.22350888505738475
2022-05-26,92.29245080935118,92.9864485995011,88.00817365965486,89.48870086669922,3553000,0.0,0.0,0.024993666884603246,5.468338131626546,5.468338131626546,5.468338131626546,-3.57177734375,-1.0,-3.57177734375,2.9240405881403007,0.6701901446055534,2.0,0.0,1.0
2022-05-27,88.7854462383507,88.7854462383507,85.25068450492111,88.57262420654297,4033400,0.0,0.0,0.0280826037734175,5.3804580052088005,5.3804580052088005,5.3804580052088005,-4.48785400390625,-1.0,-4.48785400390625,0.0,0.0,2.0,0.0,1.0
2022-05-31,90.40477139137236,94.11534803137864,89.6089867342197,91.3948745727539,6283200,0.0,0.0,0.045140804156638965,5.392048420896435,5.392048420896435,5.392048420896435,2.8222503662109375,1.0,2.8222503662109375,1.1288994318775423,0.15999979743636777,0.39547008348489315,0.27773494046063046,0.7222650595393696
2022-06-01,91.54293162414972,92.07036964020268,87.11059840938077,88.37830352783203,2877400,0.0,0.0,0.01998998491819551,5.361171478748255,5.361171478748255,5.361171478748255,-3.016571044921875,-1.0,-3.016571044921875,0.0,0.0,1.1424469433360729,0.42877652833196356,0.5712234716680364
2022-06-02,88.43381511662596,91.45964204441012,87.80459023999953,90.2289581298828,2145500,0.0,0.0,0.015217420021397683,5.2393057877241365,5.2393057877241365,5.2393057877241365,1.850654602050767,-1.0,-1.165916442871108,0.0,0.0,0.17066473008964766,0.5,0.5
2022-06-03,89.49794062637002,89.81254951468344,87.04581411448436,88.70215606689453,1980900,0.0,0.0,0.013812213879018893,5.092437089700873,5.092437089700873,5.092437089700873,-1.526802062988267,-1.0,-2.692718505859375,0.0,0.0,0.9103131868753376,0.5448434065623312,0.4551565934376688
2022-06-06,89.52571458329962,89.82182002356397,86.45361799316551,87.26790618896484,2877100,0.0,0.0,0.019736769972230537,4.969277442607844,4.969277442607844,4.969277442607844,-2.9610519409179545,-1.0,-4.1269683837890625,0.0,0.0,2.0,0.0,1.0
2022-06-07,86.333309754338,87.09208022953777,85.0933636257672,85.5005111694336,3898300,0.0,0.0,0.026200557686724343,4.769653522649973,4.769653522649973,4.769653522649973,-4.7284469604492045,-1.0,-5.8943634033203125,0.0,0.0,2.0,0.0,1.0
2022-06-08,83.279716679739,86.49061355238905,81.87321790430873,83.13166046142578,4520400,0.0,0.0,0.029539958972759028,4.758777960180712,4.758777960180712,4.758777960180712,-7.097297668457017,-1.0,-8.263214111328125,0.0,0.0,2.0,0.0,1.0
2022-06-09,82.35441906653426,84.81580172167888,80.9294091703524,82.25263214111328,4250100,0.0,0.0,0.027479923514364877,4.696464716691124,4.696464716691124,4.696464716691124,-7.976325988769517,-1.0,-9.142242431640625,0.0,0.0,2.0,0.0,1.0
2022-06-10,81.99351097856963,85.53752739905748,80.79057887426687,81.16996765136719,3466100,0.0,0.0,0.02211581903562392,4.700070702983944,4.700070702983944,4.700070702983944,-9.05899047851561,-1.0,-10.224906921386719,0.0,0.0,2.0,0.0,1.0
2022-06-13,79.69870502634429,82.29888825798938,78.28295064006385,79.93929290771484,4311100,0.0,0.0,0.02709037181116164,4.651204054051201,4.651204054051201,4.651204054051201,-10.289665222167955,-1.0,-11.455581665039062,0.0,0.0,2.0,0.0,1.0
2022-06-14,80.8368678674746,87.6935627622787,80.8368678674746,86.28706359863281,5720500,0.0,0.0,0.03880129730470094,4.872851611230677,4.872851611230677,4.872851611230677,6.347770690917969,1.0,6.347770690917969,2.1560353632212212,0.11536373285695357,0.307049339959159,0.21120653640805628,0.7887934635919437
2022-06-15,85.55605348552615,87.22165113743186,83.46480466918035,85.19517517089844,4799900,0.0,0.0,0.03214502413003584,4.793136958160736,4.793136958160736,4.793136958160736,-1.091888427734375,1.0,5.255882263183594,0.0,0.0,0.21050235783172916,0.5,0.5
2022-06-16,82.64124505805896,88.32277241319483,82.36365020985,83.84417724609375,5236200,0.0,0.0,0.03451085350392783,4.876421618531029,4.876421618531029,4.876421618531029,-2.4428863525390625,1.0,3.9048843383789062,0.0,0.0,0.1161935600025473,0.5,0.5
2022-06-17,81.30877760196776,83.64986217746701,79.85600928477791,80.43896484375,8468100,0.0,0.0,0.053545011660498305,4.812974928729944,4.812974928729944,4.812974928729944,-5.8480987548828125,-1.0,-3.40521240234375,3.608795384402441,0.380798405902114,0.7604524502207134,0.4293745719385863,0.5706254280614137
2022-06-21,82.28961072667843,84.68621243248252,82.22483789840558,83.95520782470703,4391700,0.0,0.0,0.028983235986570696,4.772565833015842,4.772565833015842,4.772565833015842,3.5162429809570312,1.0,3.5162429809570312,0.0,0.0,1.0662752864958966,0.5331376432479483,0.4668623567520517
2022-06-22,81.13296059937431,83.43703105866484,80.70730951056991,81.96575927734375,4334800,0.0,0.0,0.02792981746376532,4.6636610102387905,4.6636610102387905,4.6636610102387905,-1.9894485473632812,-1.0,-1.9894485473632812,0.0,0.0,0.3201162101541967,0.8399418949229016,0.16005810507709836
2022-06-23,82.05828123588853,82.38214538927966,74.3502790866344,74.58161163330078,4906800,0.0,0.0,0.0287671399926681,4.904247102553538,4.904247102553538,4.904247102553538,-9.37359619140625,-1.0,-9.37359619140625,0.0,0.0,2.0,0.0,1.0
2022-06-24,75.41442501313306,78.79188226922159,74.37805245918688,77.09852600097656,8492100,0.0,0.0,0.051466868113697835,4.869217295945051,4.869217295945051,4.869217295945051,2.5169143676757812,-1.0,-6.856681823730469,0.0,0.0,2.0,0.5,0.5
2022-06-27,78.19040010031924,80.8183344191726,77.46864369048512,80.33716583251953,2772700,0.0,0.0,0.017509992307096277,4.7871166618201215,4.7871166618201215,4.7871166618201215,5.75555419921875,1.0,3.2386398315429688,0.0,0.0,0.22309883979420025,0.11154941989710013,0.8884505801028999
2022-06-28,82.03053810275344,83.96447517301851,80.38345118594903,81.26251220703125,2411500,0.0,0.0,0.015404374805937041,4.704273281725754,4.704273281725754,4.704273281725754,6.680900573730469,1.0,4.1639862060546875,0.0,0.0,0.36879970951637375,0.18439985475818688,0.8156001452418131
2022-06-29,81.6141253621303,82.44692400046011,78.85664516597217,79.9207763671875,2325800,0.0,0.0,0.014611628664861024,4.624702249780197,4.624702249780197,4.624702249780197,-1.34173583984375,-1.0,-1.34173583984375,0.0,0.0,0.10382823631167165,0.9480858818441642,0.051914118155835826
2022-06-30,78.45875478812151,80.34642939445109,77.34835422337542,79.32856750488281,2825200,0.0,0.0,0.017617544452081944,4.508514601301302,4.508514601301302,4.508514601301302,-1.9339447021484375,-1.0,-1.9339447021484375,0.0,0.0,0.2157096328844522,0.892145183557774,0.1078548164422261
2022-07-01,78.50502280070337,80.71656881228674,76.95047460397839,78.91217041015625,2304000,0.0,0.0,0.014292000726290452,4.455484573230376,4.455484573230376,4.455484573230376,-2.350341796875,-1.0,-2.350341796875,0.0,0.0,0.3185983214485104,0.8407008392757448,0.1592991607242552
2022-07-05,76.35825183986718,78.59755648990074,75.69201996632466,77.31134796142578,3560400,0.0,0.0,0.021637575897710877,4.367246421130463,4.367246421130463,4.367246421130463,-3.9511642456054688,-1.0,-3.9511642456054688,0.0,0.0,0.9003919470411449,0.5498040264794275,0.45019597352057245
2022-07-06,76.88569299373366,78.20891563533284,73.75807904982199,77.34835815429688,3250300,0.0,0.0,0.01976246499971694,4.373217147157634,4.373217147157634,4.373217147157634,0.03701019287109375,-1.0,-3.914154052734375,0.0,0.0,0.8836031690337,0.5,0.5
2022-07-07,79.46737006099869,80.52224612368859,78.0886297790111,78.31070709228516,2752600,0.0,0.0,0.016944580340850442,4.287550777317211,4.287550777317211,4.287550777317211,0.999359130859375,1.0,0.9623489379882812,1.9246896337878496,2.0,0.06044902684359695,1.0,0.0
2022-07-08,79.35632998816503,79.74496702709963,76.5710837563803,79.57840728759766,2599800,0.0,0.0,0.01626304068967678,4.208003098274506,4.208003098274506,4.208003098274506,2.267059326171875,-1.0,1.2677001953125,0.0,0.0,0.10489560335772709,0.052447801678863544,0.9475521983211365
2022-07-11,77.95909099303724,80.45748040275754,77.95909099303724,79.89302825927734,2307500,0.0,0.0,0.0144916273953013,4.085887834806348,4.085887834806348,4.085887834806348,2.5816802978515625,1.0,0.3146209716796875,0.12953878597386392,0.0025176463435533595,0.006460996516532015,0.004489321430042687,0.9955106785699573
2022-07-12,78.94917967698582,81.0866903773976,78.19966440483309,79.03246307373047,2248000,0.0,0.0,0.013965882710698445,4.000254844646217,4.000254844646217,4.000254844646217,-0.860565185546875,1.0,-0.5459442138671875,0.0,0.0,2.0,0.0,1.0
2022-07-13,78.46802084652255,80.67030465990734,77.85729939306258,79.15276336669922,1800100,0.0,0.0,0.011200290313089502,3.915451303374685,3.915451303374685,3.915451303374685,0.12030029296875,-1.0,0.12030029296875,0.2128242571498049,2.0,0.04855532159471691,1.0,0.0
2022-07-14,76.19169497696491,76.88569271529646,73.2676548438439,74.62789154052734,3470900,0.0,0.0,0.020361503322351305,4.056141104766159,4.056141104766159,4.056141104766159,-4.524871826171875,-1.0,-4.404571533203125,4.9320095609891865,1.1880514708572425,2.0,0.0,1.0
2022-07-15,75.64575881025846,78.4957780842293,74.83147061471416,78.23668670654297,2430300,0.0,0.0,0.014946410409848059,4.04269435040443,4.04269435040443,4.04269435040443,3.608795166015625,1.0,3.608795166015625,0.0,0.0,0.6713007454908977,0.33565037274544884,0.6643496272545512
2022-07-18,78.77336375949602,80.401947020013,74.39655551272568,77.38536834716797,4474300,0.0,0.0,0.027217643451029817,4.182887004467493,4.182887004467493,4.182887004467493,-0.851318359375,1.0,2.757476806640625,0.0,0.0,0.39193712379340817,0.5,0.5
2022-07-19,77.39463672692249,81.15147601975545,77.16330411904438,80.42047119140625,2563000,0.0,0.0,0.01620249089024641,4.168978782770606,4.168978782770606,4.168978782770606,3.0351028442382812,1.0,5.792579650878906,0.0,0.0,1.7295642239320663,0.8647821119660332,0.13521788803396684
2022-07-20,79.2082832961441,80.05033737504317,77.97759213146588,79.19902801513672,1708800,0.0,0.0,0.010638432770965565,4.045685945425589,4.045685945425589,4.045685945425589,-1.2214431762695312,1.0,4.571136474609375,0.0,0.0,1.0770628341522077,0.5,0.5
2022-07-21,77.6259588072429,79.07872710530594,77.16329365423289,78.93992614746094,1748400,0.0,0.0,0.010849358998893947,3.9021179751026067,3.9021179751026067,3.9021179751026067,-1.4805450439453125,-1.0,-0.25910186767578125,1.0464811495580761e-05,4.995967099911372e-11,0.00321286673254038,0.99839356660875,0.0016064333912500254
2022-07-22,79.15275866331419,80.82760433087546,78.20891775672618,78.47726440429688,1916400,0.0,0.0,0.011822153239534523,3.8104443036059408,3.8104443036059408,3.8104443036059408,-1.943206787109375,1.0,-0.4626617431640625,0.7772669558322889,0.15999351222862632,0.010244217822174159,0.9148811349745998,0.08511886502540024
2022-07-25,79.42110860134962,83.59434355273591,79.00470569247004,83.53882598876953,1979700,0.0,0.0,0.013000328220490368,3.9037753639511616,3.9037753639511616,3.9037753639511616,5.061561584472656,1.0,4.598899841308594,4.515616447429963,0.7959119801699311,2.0,1.0,0.0
2022-07-26,84.73249900087893,85.4264967562841,82.84482425901167,83.64986419677734,1766900,0.0,0.0,0.011618331862941372,3.8093394449026805,3.8093394449026805,3.8093394449026805,5.172599792480469,1.0,4.709938049316406,0.0,0.0,2.0,1.0,0.0
2022-07-27,83.74239872266695,88.2487601788521,82.65050860057967,87.56401062011719,2853800,0.0,0.0,0.019643358600529973,3.9371188830005193,3.9371188830005193,3.9371188830005193,9.086746215820312,1.0,8.62408447265625,0.0,0.0,2.0,1.0,0.0
2022-07-28,88.267246411766,90.0253751877442,86.6756773526638,86.93476867675781,2189900,0.0,0.0,0.014965262976134113,3.8951602367205114,3.8951602367205114,3.8951602367205114,-0.629241943359375,1.0,7.994842529296875,0.0,0.0,2.0,0.5,0.5
2022-07-29,88.19322725352322,88.85946618864907,86.73121076778574,88.35978698730469,1856100,0.0,0.0,0.012892068291578474,3.7689527498735695,3.7689527498735695,3.7689527498735695,1.425018310546875,1.0,9.41986083984375,0.0,0.0,2.0,1.0,0.0
2022-08-01,87.94340331791282,88.16548064036235,85.39874468160647,87.3882064819336,2251200,0.0,0.0,0.015464414175705607,3.7112448610039013,3.7112448610039013,3.7112448610039013,-0.9715805053710938,-1.0,-0.9715805053710938,1.2769326710573239,1.7273423193952955,0.010638211255272721,0.13100973467471588,0.8689902653252841
2022-08-02,86.93478081978803,93.71745376593448,86.93478081978803,90.83967590332033,3898700,0.0,0.0,0.027839533943759435,3.930632581371226,3.930632581371226,3.930632581371226,3.451469421386733,1.0,3.451469421386733,4.857987577285414,1.9810924353950758,2.0,1.0,0.0
2022-08-03,92.53303302759602,94.57801221034067,89.22034875087765,89.68301391601562,2750100,0.0,0.0,0.019387653412129325,4.032563358377783,4.032563358377783,4.032563358377783,-1.1566619873047017,1.0,2.2948074340820312,0.0,0.0,2.0,0.5,0.5
2022-08-04,89.29438116099585,93.10674484636006,87.36969228723662,91.65397644042967,2349400,0.0,0.0,0.016926799211318833,4.154312587002473,4.154312587002473,4.154312587002473,1.9709625244140483,-1.0,1.9709625244140483,0.0,0.0,2.0,1.0,0.0
2022-08-05,91.10800605307114,93.3010410580394,90.97846039637686,92.57928466796876,1648700,0.0,0.0,0.011998363777681332,4.023474592335336,4.023474592335336,4.023474592335336,2.896270751953139,1.0,0.9253082275390909,0.0,0.0,0.9070166579967521,0.45350832899837606,0.5464916710016239
2022-08-08,93.21777194953452,94.74456834835676,91.24682096251192,92.0148468017578,2122400,0.0,0.0,0.01535153159543884,3.9859226490145865,3.9859226490145865,3.9859226490145865,-0.5644378662109659,1.0,0.360870361328125,0.0,0.0,0.13795735034710824,0.5,0.5
2022-08-09,92.74587513604212,95.19799520790691,92.54230130523572,94.93890380859376,2184600,0.0,0.0,0.016303569856656635,3.9285816316670528,3.9285816316670528,3.9285816316670528,2.924057006835966,1.0,3.284927368164091,0.0,0.0,2.0,1.0,0.0
2022-08-10,97.37252536656622,97.37252536656622,93.68970710685836,94.6705551147461,1802700,0.0,0.0,0.013415440851824294,3.911027105098539,3.911027105098539,3.911027105098539,-0.26834869384767046,1.0,3.0165786743164205,0.0,0.0,2.0,0.5,0.5
2022-08-11,95.65140460535989,96.6877701201482,94.4207134968382,94.72607421875,1331600,0.0,0.0,0.009915392077493456,3.7936006421136432,3.7936006421136432,3.7936006421136432,0.05551910400390625,1.0,3.0720977783203267,0.0,0.0,2.0,1.0,0.0
2022-08-12,94.20585018411474,97.2063874350326,93.82497312886576,97.09490966796876,1172200,0.4,0.0,0.00894673853600215,3.7641587609745852,3.7641587609745852,3.7641587609745852,2.4243545532226705,1.0,5.440933227539091,0.0,0.0,2.0,1.0,0.0
2022-08-15,94.24300670516436,95.69218939431396,92.71951258861004,95.33917999267578,2273000,0.0,0.0,0.017034814723799904,3.8078186408591663,3.8078186408591663,3.8078186408591663,-1.755729675292983,-1.0,-1.755729675292983,1.7012009082281594,0.938849355642059,0.10412823496826738,0.4785112046948369,0.5214887953051631
2022-08-16,96.35174916398157,98.00529711882646,95.78508289800835,95.89656066894533,1465600,0.0,0.0,0.011048035325634942,3.7262685326657032,3.7262685326657032,3.7262685326657032,0.5573806762695455,1.0,0.5573806762695455,0.7989096837938661,2.0,0.10078328665142493,1.0,0.0
2022-08-17,95.54355239210209,98.07032519708392,95.12552314914122,96.24027252197266,1841800,0.0,0.0,0.013933681502508382,3.6704494980426317,3.6704494980426317,3.6704494980426317,0.901092529296875,1.0,0.901092529296875,0.0,0.0,0.2634046751309002,0.1317023375654501,0.8682976624345499
2022-08-18,96.98343650215632,97.50365189364534,94.5681416435818,95.09764862060548,1137100,0.0,0.0,0.008500314702791018,3.617953837472697,3.617953837472697,3.617953837472697,-1.1426239013671733,-1.0,-1.1426239013671733,1.2169412544265583,1.1343122419952825,1.6079325636234116,0.0,1.0
2022-08-19,94.75391421110734,96.43532944041426,93.54626344992658,96.14735412597656,1478100,0.0,0.0,0.011171403048266516,3.56589041983091,3.56589041983091,3.56589041983091,1.0497055053710795,-1.0,-0.09291839599609375,0.0,0.0,0.010633215855246464,0.5,0.5
2022-08-22,95.80366849451984,99.408038817896,95.80366849451984,98.13536071777344,1905600,0.0,0.0,0.014700219978405846,3.5686389843698563,3.5686389843698563,3.5686389843698563,3.0377120971679545,1.0,1.988006591796875,1.9043869242506588,0.39302227063707856,2.0,1.0,0.0
2022-08-23,99.39873705364197,103.06812684823086,99.1757885998638,101.30310821533205,2090400,0.0,0.0,0.016646338967029845,3.6660766376618255,3.6660766376618255,3.6660766376618255,6.2054595947265625,1.0,5.155754089355483,0.0,0.0,2.0,1.0,0.0
2022-08-24,101.42387103138026,104.85173630594122,101.34955251725236,104.50801849365234,3041300,0.0,0.0,0.024984774945133594,3.657687455729493,3.657687455729493,3.657687455729493,9.41036987304686,1.0,8.360664367675781,0.0,0.0,2.0,1.0,0.0
2022-08-25,106.84899160744745,109.21784278661896,106.57030781939412,109.05992126464844,4175800,0.0,0.0,0.035799044581228866,3.732840086960716,3.732840086960716,3.732840086960716,13.962272644042955,1.0,12.912567138671875,0.0,0.0,2.0,1.0,0.0
2022-08-26,109.61728635809446,111.10362102682537,108.32603245019048,109.94242095947266,2570800,0.0,0.0,0.022217753990094225,3.6646078362231567,3.6646078362231567,3.6646078362231567,14.844772338867173,1.0,13.795066833496094,0.0,0.0,2.0,1.0,0.0
2022-08-29,107.7593750546928,108.3910682264406,104.4429876748678,105.28833770751952,2995500,0.0,0.0,0.024792262379031354,3.79566679682185,3.79566679682185,3.79566679682185,-4.654083251953139,-1.0,-4.654083251953139,2.1273201445263226,0.20892836708246118,0.11382054940180393,0.8386255417578674,0.16137445824213256
2022-08-30,103.48616640299356,103.671955605708,97.71732448364328,98.46977996826172,3745600,0.0,0.0,0.028992851442475154,4.065334398754306,4.065334398754306,4.065334398754306,-11.472640991210938,-1.0,-11.472640991210938,0.0,0.0,0.6916385465304453,0.6541807267347773,0.34581927326522266
2022-08-31,97.15993662920552,97.7173183773259,95.07906792174046,96.11021423339844,3539800,0.0,0.0,0.026743290176672332,4.017147087880517,4.017147087880517,4.017147087880517,-13.832206726074219,-1.0,-13.832206726074219,0.0,0.0,1.0053917662207332,0.4973041168896334,0.5026958831103666
2022-09-01,94.99545881924688,95.6828872871282,93.10967100961123,95.1440887451172,2319500,0.0,0.0,0.017347733996761993,3.944532526159566,3.944532526159566,3.944532526159566,-14.798332214355455,-1.0,-14.798332214355455,0.0,0.0,1.1507419031756885,0.42462904841215576,0.5753709515878442
2022-09-02,96.91842373857509,99.4916404901848,95.0697877542598,99.26869201660156,3288500,0.0,0.0,0.02566118526732889,3.978626826857097,3.978626826857097,3.978626826857097,4.124603271484361,1.0,4.124603271484361,1.7743221128589113,0.18505489029096206,0.07768529482594246,0.13137009255845225,0.8686299074415478
2022-09-06,99.43589216200742,100.60638389846572,95.4971032350375,95.60857391357422,3239300,0.0,0.0,0.024345269010789868,4.059387815183606,4.059387815183606,4.059387815183606,-3.6601181030273438,1.0,0.46448516845701704,0.0,0.0,0.0009851858295664702,0.5,0.5
2022-09-07,93.86213403005586,95.60857655358652,92.94246546971716,95.06049346923828,2411900,0.0,0.0,0.01802295209568022,3.9598680486611597,3.9598680486611597,3.9598680486611597,-4.208198547363281,-1.0,-0.5480804443359375,2.127322284542643,0.2555489699818915,1.3923387533222151,0.17605613834794664,0.8239438616520534
2022-09-08,95.34846462830676,96.0916355474091,93.74136761529748,95.1812515258789,1570500,0.0,0.0,0.011750488400843596,3.844896611764764,3.844896611764764,3.844896611764764,0.120758056640625,1.0,0.120758056640625,0.0,0.0,0.0485449007392109,0.02427245036960545,0.9757275496303945
2022-09-09,97.38289606425394,98.2468293035628,96.09164199836484,96.31459045410156,1524200,0.0,0.0,0.011539861752021735,3.789230980758988,3.789230980758988,3.789230980758988,1.2540969848632812,1.0,1.2540969848632812,0.0,0.0,2.0,1.0,0.0
2022-09-12,96.38891239147152,96.38891239147152,90.16487479547784,92.4129638671875,4037700,0.0,0.0,0.029331448686868287,3.9631457389900375,3.9631457389900375,3.9631457389900375,-3.9016265869140625,-1.0,-3.9016265869140625,3.5764928198196344,0.8402786150341671,2.0,0.0,1.0
2022-09-13,91.53045923197784,95.62717764675963,91.28892756420854,93.0353775024414,2894300,0.0,0.0,0.0211669476250612,3.9899389063872563,3.9899389063872563,3.9899389063872563,0.6224136352539062,-1.0,-3.2792129516601562,0.0,0.0,2.0,0.5,0.5
2022-09-14,93.2397366223932,96.3889110927671,92.6266194963504,95.7665023803711,2778600,0.0,0.0,0.02091732884295008,3.9736783842465027,3.9736783842465027,3.9736783842465027,3.3535385131835938,1.0,2.7311248779296875,0.0,0.0,0.6936555657525303,0.34682778287626514,0.6531722171237349
2022-09-15,94.66103488201708,95.27414485786872,92.43152924162295,93.93644714355467,1992400,0.0,0.0,0.014712186776242163,3.92805658099662,3.92805658099662,3.92805658099662,-1.8300552368164205,-1.0,-1.8300552368164205,0.0,0.0,0.44899890313237995,0.77550054843381,0.22449945156618997
2022-09-16,92.3757957761039,92.8031165770007,88.53918597881632,91.58617401123048,7463000,0.0,0.0,0.05372914441373211,4.032999765549601,4.032999765549601,4.032999765549601,-4.180328369140611,-1.0,-4.180328369140611,0.0,0.0,2.0,0.0,1.0
2022-09-19,89.47744751852743,96.27743600071662,89.00367582496968,96.11951446533205,2840200,0.0,0.0,0.021459868571914915,4.264482651992268,4.264482651992268,4.264482651992268,4.5333404541015625,1.0,4.5333404541015625,1.0032911428478997,0.04897983129255236,1.1760231660881475,0.61250149869035,0.38749850130965
2022-09-20,95.08836417117364,98.07032548529465,93.01677986047956,96.89983367919922,2851200,0.0,0.0,0.02171787256105676,4.320844292908184,4.320844292908184,4.320844292908184,5.313659667968736,1.0,5.313659667968736,0.0,0.0,1.6157221370435189,0.8078610685217594,0.19213893147824057
2022-09-21,98.42332317680368,98.98070492607567,94.44737494476315,94.4752426147461,1871200,0.0,0.0,0.013896479499789902,4.336021842079923,4.336021842079923,4.336021842079923,-2.424591064453125,1.0,2.889068603515611,0.0,0.0,0.47763364853473805,0.5,0.5
2022-09-22,95.7943720837825,96.92769749992752,94.19655951074068,94.31732177734376,1466400,0.0,0.0,0.010872025903266615,4.221387281158988,4.221387281158988,4.221387281158988,-2.5825119018554545,-1.0,-0.15792083740232954,0.0,0.0,0.002987880109412044,0.998506059945294,0.001493940054706022
2022-09-23,91.5025919116705,92.19002056693964,85.77090841371358,87.12718963623047,3227200,0.0,0.0,0.02210274193347387,4.530317715621216,4.530317715621216,4.530317715621216,-9.77264404296875,-1.0,-7.348052978515625,0.0,0.0,2.0,0.0,1.0
2022-09-26,86.02171047476614,89.05941420491789,83.83865548893391,83.94084167480469,2755600,0.0,0.0,0.018182603236086562,4.579634929932841,4.579634929932841,4.579634929932841,-12.958992004394531,-1.0,-10.534400939941406,0.0,0.0,2.0,0.0,1.0
2022-09-27,85.25995948315683,90.23918634027632,85.25995948315683,89.05941009521484,3452400,0.0,0.0,0.024169490113878398,4.702399911042755,4.702399911042755,4.702399911042755,5.118568420410156,1.0,5.118568420410156,0.0,0.0,0.23608986216149055,0.11804493108074528,0.8819550689192547
2022-09-28,89.4960240047866,93.36979350047363,88.69712473767704,93.09110260009766,2876900,0.0,0.0,0.021052297901920407,4.700276257596601,4.700276257596601,4.700276257596601,9.150260925292969,1.0,9.150260925292969,0.0,0.0,0.7544791969819388,0.3772395984909694,0.6227604015090307
2022-09-29,91.56759529931544,92.23644769453178,89.14300891035771,90.16486358642578,2258800,0.0,0.0,0.016009644023899913,4.646548931321125,4.646548931321125,4.646548931321125,-2.926239013671875,1.0,6.224021911621094,0.0,0.0,0.34907804786050556,0.5,0.5
2022-09-30,89.62608615163556,91.07526184315792,88.19548654626426,89.41242218017578,2670100,0.0,0.0,0.01876687465155347,4.520350814576306,4.520350814576306,4.520350814576306,-3.678680419921875,-1.0,-0.75244140625,0.5016381914127805,0.018595037788378403,0.014615145624457274,0.9833949082935821,0.016605091706417836
2022-10-03,93.86213402913444,94.16869257837882,91.6233366746814,93.1747055053711,3186200,0.0,0.0,0.02333660248262303,4.537202213406787,4.537202213406787,4.537202213406787,3.7622833251953125,1.0,3.7622833251953125,1.9322448838470478,0.26376753251932444,2.0,1.0,0.0
2022-10-04,94.9954658496379,97.93097620500488,94.7539342288952,97.59654998779295,2923500,0.0,0.0,0.02242870146439983,4.552849962423002,4.552849962423002,4.552849962423002,8.184127807617173,1.0,8.184127807617173,0.0,0.0,2.0,1.0,0.0
2022-10-05,96.46322981557316,97.62443013839588,94.326625474022,95.26487731933594,1767900,0.0,0.0,0.013239057693347144,4.463203869705208,4.463203869705208,4.463203869705208,-2.331672668457017,-1.0,-2.331672668457017,0.0,0.0,0.08116903039622952,0.9594154848018852,0.04058451519811476
2022-10-06,94.7817993186414,100.0861607202798,94.7817993186414,98.21895599365234,2751300,0.0,0.0,0.021242216366837197,4.52328655055758,4.52328655055758,4.52328655055758,2.9540786743164062,1.0,2.9540786743164062,2.155184515274925,0.5322611907062186,1.6051253397615193,1.0,0.0
2022-10-07,98.08889083746078,98.85064490224758,95.86867682701008,97.35501861572266,1928700,0.0,0.0,0.014760109896779587,4.413192373749003,4.413192373749003,4.413192373749003,-0.8639373779296875,1.0,2.0901412963867188,0.0,0.0,0.8035559625740509,0.5,0.5
2022-10-10,98.228233140965,100.58779250496394,96.40747230386246,98.9621124267578,2184500,0.0,0.0,0.016993685343080104,4.3965586471313225,4.3965586471313225,4.3965586471313225,1.607093811035142,1.0,3.697235107421861,0.0,0.0,2.0,1.0,0.0
2022-10-11,97.8845383855801,99.175792490785,95.21842007209604,95.52497863769533,2056900,0.0,0.0,0.015445312292465182,4.3651882022425825,4.3651882022425825,4.3651882022425825,-3.4371337890624716,-1.0,-3.4371337890624716,0.6502567549140394,0.03579125033462026,0.8642487058299778,0.5499800219177009,0.45001997808229904
2022-10-12,94.81897327691412,95.95230592597376,92.394386435868,95.26487731933594,1740200,0.0,0.0,0.013031624072607443,4.307526151375667,4.307526151375667,4.307526151375667,-3.697235107421861,-1.0,-3.697235107421861,0.0,0.0,1.0,0.5,0.5
2022-10-13,94.92114256275975,99.77031538100492,93.71349160719724,99.42659759521484,1939700,0.0,0.0,0.015160157394173413,4.432475981549382,4.432475981549382,4.432475981549382,4.161720275878906,1.0,4.161720275878906,0.5945228902199204,0.02040757438101701,1.26704382359774,0.6437256989893785,0.3562743010106215
2022-10-14,100.61566579158357,100.61566579158357,90.31350172257002,91.07524871826172,3243500,0.0,0.0,0.023220995516585297,4.851739416368251,4.851739416368251,4.851739416368251,-8.351348876953125,1.0,-4.189628601074219,2.0808847132979764,0.062084442578866014,1.013456887719588,0.462229334850773,0.537770665149227
2022-10-17,92.47798423815736,93.98289512033249,91.13098779049048,91.85557556152344,2324700,0.0,0.0,0.016785682523099546,4.712875629632717,4.712875629632717,4.712875629632717,0.7803268432617188,1.0,-3.4093017578125,0.0,0.0,0.6710967136087074,0.5,0.5
2022-10-18,94.00146615655343,96.51894694593138,92.60802613448726,93.11894989013672,3414900,0.0,0.0,0.024996697048842137,4.709339612116661,4.709339612116661,4.709339612116661,2.043701171875,1.0,-2.1459274291992188,0.0,0.0,0.2658791545644823,0.5,0.5
2022-10-19,92.62660087284831,96.00801471035864,92.62660087284831,93.50911712646484,2103100,0.0,0.0,0.015458966155926719,4.614487771073351,4.614487771073351,4.614487771073351,2.433868408203125,1.0,-1.7557601928710938,2.0251195900261507,0.6923204538509247,0.17798550041097014,0.7954908850854417,0.20450911491455825
2022-10-20,95.1348019368348,98.12604733858026,93.7878056145213,97.00200653076172,3011000,0.0,0.0,0.022959268123359574,4.614662231147785,4.614662231147785,4.614662231147785,5.9267578125,1.0,1.7371292114257812,1.6071003926488885,0.07352781369807765,0.9788899057948419,0.5262088597464598,0.4737911402535402
2022-10-21,97.36431915684372,100.10475607986338,94.93973239656104,99.74246215820312,2654100,0.0,0.0,0.02080960961759102,4.653973763444539,4.653973763444539,4.653973763444539,8.667213439941406,1.0,4.4775848388671875,0.0,0.0,2.0,1.0,0.0
2022-10-24,99.64955461476885,99.90037783036324,95.7293486390911,96.7326202392578,2181900,0.0,0.0,0.016591068658654128,4.619477722575082,4.619477722575082,4.619477722575082,-3.0098419189453267,1.0,1.4677429199218608,0.0,0.0,0.6988268639057186,0.5,0.5
2022-10-25,96.61185394009006,100.2347998803241,96.19382471473372,100.04900360107422,1962300,0.0,0.0,0.015432800357143346,4.578156111361889,4.578156111361889,4.578156111361889,3.3163833618164205,1.0,4.784126281738281,0.0,0.0,2.0,1.0,0.0
2022-10-26,100.55992804915378,101.37741036312296,97.6894448213438,97.8473663330078,1833900,0.0,0.0,0.014105593290025715,4.514571070677409,4.514571070677409,4.514571070677409,-2.2016372680664205,1.0,2.582489013671861,0.0,0.0,2.0,0.5,0.5
2022-10-27,98.8320642760862,100.4949037022782,98.41403506687612,99.35227966308594,2161800,0.0,0.0,0.016883400218415317,4.381211520576908,4.381211520576908,4.381211520576908,1.5049133300781392,1.0,4.08740234375,0.0,0.0,2.0,1.0,0.0
2022-10-28,99.38943603568488,102.7336908746074,96.53752890052613,98.17250061035156,2783500,0.0,0.0,0.021480661201870664,4.510850838684363,4.510850838684363,4.510850838684363,-1.179779052734375,1.0,2.907623291015625,1.1519159208176717,0.953323282635313,2.0,0.6772032075727781,0.322796792427222
2022-10-31,98.56266669072464,102.09271795934455,97.27141269908915,98.7113037109375,3382300,0.0,0.0,0.026244939733276244,4.533026154510866,4.533026154510866,4.533026154510866,0.5388031005859375,1.0,3.4464263916015625,1.14262236778697,2.0,2.0,1.0,0.0
2022-11-01,100.32771121992316,100.79219136445984,97.6430165514935,100.14192199707033,1829000,0.0,0.0,0.014397801917845872,4.434179630114828,4.434179630114828,4.434179630114828,1.9694213867187642,1.0,4.877044677734389,0.0,0.0,2.0,1.0,0.0
2022-11-02,98.46979500688398,99.81678465078978,94.61460821885048,95.84083557128906,3706200,0.0,0.0,0.02792196700231783,4.512260640693758,4.512260640693758,4.512260640693758,-4.301086425781264,-1.0,-4.301086425781264,2.6568044802386765,0.38156000977935084,0.7777551051002487,0.42034244256020026,0.5796575574397997
2022-11-03,90.57361390811684,99.35228442117294,88.6599582822324,97.76376342773438,5399800,0.0,0.0,0.04149752090571661,4.953693890568529,4.953693890568529,4.953693890568529,1.9229278564453125,-1.0,-2.3781585693359517,0.0,0.0,0.2377760726376591,0.5,0.5
2022-11-04,100.42062585806109,102.91953180199036,97.4200874949085,97.89385223388672,2441800,0.0,0.0,0.01879022907247634,4.992676063176623,4.992676063176623,4.992676063176623,2.0530166625976562,1.0,0.13008880615234375,3.1027471512005746,2.0,0.002992252500040769,1.0,0.0
2022-11-07,97.85666152638215,98.18180325786687,95.46923415783895,96.89983367919922,2130700,0.0,0.0,0.016229752758783543,4.829811280094574,4.829811280094574,4.829811280094574,-0.9940185546875,-1.0,-0.9940185546875,0.0,0.0,2.0,0.0,1.0
2022-11-08,96.99273695815114,101.609663154663,96.71404606584971,100.93152618408205,1908200,0.0,0.0,0.015139700999854462,4.834511695003053,4.834511695003053,4.834511695003053,4.031692504882827,1.0,4.031692504882827,0.0,0.0,2.0,1.0,0.0
2022-11-09,99.29655281296203,101.63753642937264,96.74191232465748,97.2249755859375,1975200,0.0,0.0,0.015095777502077745,4.8388768671253475,4.8388768671253475,4.8388768671253475,-3.7065505981445455,1.0,0.32514190673828125,0.0,0.0,0.10699338166402068,0.5,0.5
2022-11-10,99.08290603747432,101.83262759277184,96.68618683415671,100.78289794921876,2379200,0.0,0.0,0.018848828357740998,4.860845716517475,4.860845716517475,4.860845716517475,3.557922363281264,1.0,3.8830642700195455,0.027859231693000197,6.131197923908225e-05,2.0,1.0,0.0
2022-11-11,101.60036997262962,104.4522772321798,94.80966673636532,95.51567840576172,5020900,0.0,0.0,0.03769838997892811,5.202400343610118,5.202400343610118,5.202400343610118,-5.2672195434570455,1.0,-1.3841552734375,1.9322455882921616,0.13457420025320152,0.12706339814100348,0.8691812008028975,0.1308187991971025
2022-11-14,95.3757904003648,101.04592826392968,95.28253300502706,100.4957046508789,3169500,0.4,0.0,0.025038299050849724,5.242471408988154,5.242471408988154,5.242471408988154,4.9800262451171875,1.0,3.5958709716796875,0.0,0.0,2.0,1.0,0.0
2022-11-15,101.65210097718474,101.8852479977746,95.91668284765738,99.70299530029295,3457400,0.0,0.0,0.027097198936455652,5.2943352476402294,5.2943352476402294,5.2943352476402294,-0.7927093505859517,1.0,2.803161621093736,0.0,0.0,2.0,0.5,0.5
2022-11-16,98.32277089373804,98.8916502457539,95.0027592905635,95.77680206298828,1988400,0.0,0.0,0.014970305150315876,5.25189958778946,5.25189958778946,5.25189958778946,-4.718902587890625,-1.0,-3.9261932373046733,0.27977371446355903,0.0035150523153873727,1.9617653721902044,0.017359787747204147,0.9826402122527959
2022-11-17,94.32196472272524,96.1684923864646,93.51993834621128,95.27320861816406,1608900,0.0,0.0,0.012049427412158125,5.065946334394022,5.065946334394022,5.065946334394022,-5.222496032714844,-1.0,-4.429786682128892,0.0,0.0,2.0,0.0,1.0
2022-11-18,94.81625500593098,95.92603740953211,91.56152368517836,94.5084991455078,1705400,0.0,0.0,0.012669622979425353,5.015844005105432,5.015844005105432,5.015844005105432,-5.987205505371108,-1.0,-5.194496154785156,0.0,0.0,2.0,0.0,1.0
2022-11-21,93.4919676437048,96.93322040038456,92.17701485811445,95.8420867919922,2007400,0.0,0.0,0.015123654500929111,4.997298400617195,4.997298400617195,4.997298400617195,1.3335876464844034,1.0,1.3335876464844034,0.7647280139199495,0.32882957560054277,0.06591075240720609,0.19737016400387442,0.8026298359961256
2022-11-22,97.6792677617562,102.38884013478533,97.65129125941488,102.2862548828125,3093100,0.0,0.0,0.024870115660778208,5.107973753629762,5.107973753629762,5.107973753629762,7.777755737304702,1.0,7.777755737304702,0.0,0.0,2.0,1.0,0.0
2022-11-23,100.71952418871926,101.58683148716987,98.26681981851652,99.14344787597656,1714400,0.0,0.0,0.013361116248117042,5.03022099010592,5.03022099010592,5.03022099010592,-3.1428070068359375,1.0,4.634948730468764,0.0,0.0,0.7961648700364305,0.5,0.5
2022-11-25,99.18076530372085,102.37954349027729,99.0222269987078,101.29774475097656,1044400,0.0,0.0,0.008316358567815653,4.910727811639032,4.910727811639032,4.910727811639032,2.154296875,1.0,6.789245605468764,0.0,0.0,1.70826869183457,0.854134345917285,0.145865654082715
2022-11-28,100.0853690727232,101.66144546633976,97.31558087699284,97.36221313476562,2407000,0.0,0.0,0.018421843730959647,4.870380438618167,4.870380438618167,4.870380438618167,-3.9355316162109375,-1.0,-3.9355316162109375,0.9512389415236839,0.05842146329559518,0.336018950957266,0.8027797928735694,0.1972202071264306
2022-11-29,99.08749682078688,100.84076008545644,98.04299546934013,99.22738647460938,2055800,0.0,0.0,0.01603536983684806,4.77096376090907,4.77096376090907,4.77096376090907,1.86517333984375,-1.0,-2.0703582763671875,0.0,0.0,0.09299251081582854,0.5,0.5
2022-11-30,100.20659290960056,101.65210737425848,96.4389430810386,100.89671325683594,8646900,0.0,0.0,0.06858103294929474,4.802549513216985,4.802549513216985,4.802549513216985,3.5345001220703125,-1.0,-0.401031494140625,0.0,0.0,0.0034891040504760403,0.5,0.5
2022-12-01,101.27907909212496,101.27907909212496,96.56951285839912,96.6534423828125,2446000,0.0,0.0,0.01858404915333869,4.79590785039619,4.79590785039619,4.79590785039619,-4.2432708740234375,-1.0,-4.6443023681640625,0.43831900666852164,0.010670360533864873,0.46794836469668116,0.760690637384727,0.23930936261527302
2022-12-02,96.60680897342336,98.89165435022728,95.99130445648404,97.3528823852539,1784400,0.0,0.0,0.013655499649868093,4.660510853492408,4.660510853492408,4.660510853492408,0.6994400024414062,-1.0,-3.9448623657226562,0.0,0.0,0.337614174027177,0.5,0.5
2022-12-05,99.78694179180616,101.53088436399024,95.81411389273138,96.50423431396484,2578100,0.0,0.0,0.019557470983349257,4.7359579690471545,4.7359579690471545,4.7359579690471545,-0.8486480712890625,-1.0,-4.793510437011719,0.2518052718652797,0.08803885378759549,0.49849902693948567,0.7067310596364594,0.29326894036354056
2022-12-06,96.56950040267245,97.57669014114086,93.83701699068185,94.6576919555664,1557900,0.0,0.0,0.01159209828133874,4.66479476771943,4.66479476771943,4.66479476771943,-2.6951904296875,-1.0,-6.640052795410156,0.0,0.0,0.9565331490109181,0.5217334254945409,0.47826657450545906
2022-12-07,94.10748274426324,95.2732180446426,92.99770046147536,93.74376678466795,2893200,0.0,0.0,0.021320010933220685,4.494132111679988,4.494132111679988,4.494132111679988,-3.6091156005859517,-1.0,-7.553977966308608,0.0,0.0,1.2379650608954804,0.3810174695522598,0.6189825304477402
2022-12-08,95.52500142817443,96.06590424546206,93.2494841382628,93.38937377929688,1578700,0.0,0.0,0.011589471681619367,4.374295539931365,4.374295539931365,4.374295539931365,-3.9635086059570312,1.0,-0.35439300537107954,0.0,0.0,0.0027247536537606475,0.9986376231731197,0.0013623768268803238
2022-12-09,93.04431679191626,94.30331648914895,91.99982261535726,92.04644775390624,1387400,0.0,0.0,0.010038649463378742,4.226381135207103,4.226381135207103,4.226381135207103,-5.3064346313476705,-1.0,-1.3429260253906392,0.0,0.0,0.03912561175010925,0.9804371941249453,0.019562805875054625
2022-12-12,91.99048999135952,92.55936930389484,90.62891221359575,92.05577087402344,2606900,0.0,0.0,0.018864354869088468,4.0623865605708165,4.0623865605708165,4.0623865605708165,0.00932312011720171,-1.0,-1.3336029052734375,0.0,0.0,0.0385842467409299,0.5,0.5
2022-12-13,93.72512603594716,94.2567010930402,91.14185952360336,91.21646118164062,1971400,0.0,0.0,0.014135609463723737,3.994704775489819,3.994704775489819,3.994704775489819,-0.8393096923828125,1.0,-0.8393096923828125,0.0,0.0,0.015282747474799904,0.9923586262626001,0.007641373737399952
2022-12-14,91.45891925038754,91.65476190735916,86.73069763183594,86.73069763183594,3514500,0.0,0.0,0.023960890463121623,4.0610875969207765,4.0610875969207765,4.0610875969207765,-5.3250732421875,-1.0,-4.4857635498046875,0.0,0.0,0.436545700845147,0.7817271495774265,0.2182728504225735
2022-12-15,86.49755453907403,88.81969713771105,86.2830561249443,88.17621612548828,2696200,0.0,0.0,0.018688314277730305,3.9521985551954892,3.9521985551954892,3.9521985551954892,1.4455184936523438,-1.0,-3.0402450561523438,0.0,0.0,0.20052759359600314,0.5,0.5
2022-12-16,87.04779004139213,88.86634152750322,86.41363681669287,88.66117095947266,4982500,0.0,0.0,0.03472540635803663,3.8450918520251225,3.8450918520251225,3.8450918520251225,1.9304733276367188,1.0,0.484954833984375,0.0,0.0,0.02544400097453296,0.01272200048726648,0.9872779995127335
2022-12-19,88.90362960316104,89.78025762152703,85.82608587749623,86.46957397460938,2250500,0.0,0.0,0.015297092856467825,3.852883272882671,3.852883272882671,3.852883272882671,-2.1915969848632812,1.0,-1.7066421508789062,0.45697024744806924,0.043476488626848386,2.0,0.0,1.0
2022-12-20,87.19698957394951,88.05496894021236,86.25507357670293,87.24362182617188,1511100,0.0,0.0,0.010363189950110378,3.7062412793560116,3.7062412793560116,3.7062412793560116,0.7740478515625,1.0,-0.9325942993164062,0.0,0.0,2.0,0.5,0.5
2022-12-21,87.47676308841159,87.88709699756126,85.7981017302648,87.22496032714844,1671900,0.0,0.0,0.0114635108081364,3.590723707066043,3.590723707066043,3.590723707066043,-0.0186614990234375,-1.0,-0.0186614990234375,0.0,0.0,0.0014807797524702228,0.9992596101237649,0.0007403898762351114
2022-12-22,87.04778221456216,87.04778221456216,82.3661924176051,83.83968353271484,2950100,0.0,0.0,0.019442537009091834,3.681298292957278,3.681298292957278,3.681298292957278,-3.4039382934570312,-1.0,-3.4039382934570312,0.0,0.0,2.0,0.0,1.0
2022-12-23,84.56709386273646,85.2665349763624,83.93293363511229,84.623046875,1500100,0.0,0.0,0.009978733763460475,3.5202663751494403,3.5202663751494403,3.5202663751494403,0.7833633422851562,-1.0,-2.620574951171875,0.0,0.0,2.0,0.5,0.5
2022-12-27,84.63237139091964,85.00540805973637,81.34033648514614,81.69471740722656,2532200,0.0,0.0,0.016261422949679322,3.5306096036809254,3.5306096036809254,3.5306096036809254,-2.9283294677734375,-1.0,-5.5489044189453125,0.0,0.0,2.0,0.0,1.0
2022-12-28,81.13517257065541,82.04911212795,80.05336685447338,80.51966094970703,2085900,0.0,0.0,0.013202676681074924,3.4209764372377602,3.4209764372377602,3.4209764372377602,-4.103385925292969,-1.0,-6.723960876464844,0.0,0.0,2.0,0.0,1.0
2022-12-29,80.46370282859523,81.42426746540241,79.40988080167641,79.74561309814453,2154200,0.0,0.0,0.013503905474612813,3.3205057391297776,3.3205057391297776,3.3205057391297776,-4.877433776855469,-1.0,-7.498008728027344,0.0,0.0,2.0,0.0,1.0
2022-12-30,79.5963944625189,80.15594591040244,78.7757194799619,79.45650482177734,1673400,0.0,0.0,0.010451913051347024,3.18191435993769,3.18191435993769,3.18191435993769,-5.166542053222656,-1.0,-7.787117004394531,0.0,0.0,2.0,0.0,1.0
2023-01-03,78.98089486853993,79.26066705217059,75.81009364847732,76.42559814453125,6213200,0.0,0.0,0.03732679885148742,3.2150927037492854,3.2150927037492854,3.2150927037492854,-8.19744873046875,-1.0,-10.818023681640625,0.0,0.0,2.0,0.0,1.0
2023-01-04,76.11785344783216,77.10639468901067,74.90548590990556,76.85459899902344,4831600,0.0,0.0,0.02918955001118133,3.1426509948461296,3.1426509948461296,3.1426509948461296,0.4290008544921875,-1.0,-10.389022827148438,0.0,0.0,2.0,0.5,0.5
2023-01-05,76.57481966840994,78.70111968145417,76.13650206456452,78.13224029541016,3301900,0.0,0.0,0.020279664212500884,3.101362896420667,3.101362896420667,3.101362896420667,1.7066421508789062,1.0,1.2776412963867188,0.0,0.0,0.015124063096050364,0.007562031548025182,0.9924379684519749
2023-01-06,78.24415795421568,79.96944484565321,77.08775048161573,78.71977996826172,2961600,0.0,0.0,0.018326386408248834,3.0856722869647255,3.0856722869647255,3.0856722869647255,2.2941818237304688,1.0,1.8651809692382812,0.0,0.0,0.03223239304267917,0.016116196521339585,0.9838838034786604
2023-01-09,79.05549672334035,80.69685390894573,78.35605558979685,80.20258331298828,3717200,0.0,0.0,0.023435318054363514,3.0324670035493075,3.0324670035493075,3.0324670035493075,3.7769851684570312,1.0,3.3479843139648438,0.0,0.0,0.10385261298661928,0.05192630649330964,0.9480736935066904
2023-01-10,80.84607615822881,81.12584835894936,76.85459966124708,77.40482330322266,3567500,0.0,0.0,0.02170693829877068,3.1209514102745195,3.1209514102745195,3.1209514102745195,-2.797760009765625,1.0,0.5502243041992188,0.23315082036864965,0.006944691840286876,0.002804982388012476,0.2877001141095309,0.7122998858904691
2023-01-11,77.65661606192381,79.08348198052506,76.94785415480486,78.38404083251953,2817000,0.0,0.0,0.017357255715460124,3.050571154234926,3.050571154234926,3.050571154234926,0.979217529296875,1.0,1.5294418334960938,1.4082014349919945,2.0,0.02167287512897165,1.0,0.0
2023-01-12,78.46796930639647,80.68752662497525,77.69391940532807,80.49168395996094,2924300,0.0,0.0,0.018502887318128974,3.0465023017643724,3.0465023017643724,3.0465023017643724,3.0868606567382812,1.0,3.6370849609375,0.0,0.0,0.12256246619395075,0.06128123309697538,0.9387187669030246
2023-01-13,79.57774803847032,81.21909804911932,78.99021295407267,81.05123901367188,2072600,0.0,0.0,0.013205100731058525,2.9881010727131065,2.9881010727131065,2.9881010727131065,3.6464157104492188,1.0,4.1966400146484375,0.0,0.0,0.16317515485686604,0.08158757742843302,0.918412422571567
2023-01-17,81.47090380435382,82.14236843096889,80.18393468006371,80.20258331298828,2764200,0.0,0.0,0.017427070420174225,2.9145534068696826,2.9145534068696826,2.9145534068696826,-0.8486557006835938,1.0,3.3479843139648438,0.0,0.0,0.10385261298661928,0.5,0.5
2023-01-18,80.90203169259426,81.48955973596334,78.47730363548716,78.92494201660156,2650200,0.0,0.0,0.01644218337877273,2.9215321706987183,2.9215321706987183,2.9215321706987183,-2.1262969970703125,-1.0,-1.2776412963867188,0.512909318585514,0.05818798620467739,0.14563006804652087,0.8980909728744009,0.10190902712559913
2023-01-19,79.6430253830145,80.03471067847664,77.67526391737236,79.63369750976562,2256300,0.0,0.0,0.014124083972810526,2.8813832128705443,2.8813832128705443,2.8813832128705443,0.7087554931640625,-1.0,-0.5688858032226562,0.0,0.0,0.028872431701879486,0.5,0.5
2023-01-20,79.22336448962571,80.68752767432179,78.43066594518727,80.65023040771484,1700300,0.0,0.0,0.010779478079117909,2.836774535460828,2.836774535460828,2.836774535460828,1.7252883911132812,1.0,1.0165328979492188,0.0,0.0,2.0,1.0,0.0
2023-01-23,80.93933490720171,81.3123716294621,79.07415841098344,79.75494384765625,2410400,0.0,0.0,0.01511169914284541,2.7940201556763875,2.7940201556763875,2.7940201556763875,-0.8952865600585938,1.0,0.121246337890625,0.0,0.0,0.04542417709610845,0.5,0.5
2023-01-24,79.27000331259786,80.20259158686372,77.24628846506108,79.21405029296875,2632900,0.0,0.0,0.016394687791192006,2.805611796113977,2.805611796113977,2.805611796113977,-1.4361801147460938,-1.0,-0.5408935546875,1.1843774801261873,0.6800838530778325,2.0,0.0,1.0
2023-01-25,78.43999085939961,79.21404074132533,77.10638950340199,78.11358642578125,2683300,0.0,0.0,0.01647640182974027,2.755758152789176,2.755758152789176,2.755758152789176,-2.5366439819335938,-1.0,-1.641357421875,0.0,0.0,2.0,0.0,1.0
2023-01-26,78.70111399480574,79.40055511250937,77.2742552531036,79.36325073242188,2834500,0.0,0.0,0.017683265844807516,2.7107968461189325,2.7107968461189325,2.7107968461189325,1.249664306640625,1.0,1.249664306640625,0.0,0.0,0.5796694391699598,0.2898347195849799,0.71016528041502
2023-01-27,78.99955517108809,79.91349484881994,77.41415788440631,77.47943878173828,2923900,0.0,0.0,0.01780801644160508,2.695692568854268,2.695692568854268,2.695692568854268,-1.8838119506835938,1.0,-0.6341476440429688,0.0,0.0,0.25750996248793107,0.8712450187560344,0.12875498124396553
2023-01-30,76.72402495273218,78.0296498024744,76.29503525204659,77.12503814697266,2546100,0.0,0.0,0.015436094019940316,2.6270441389666637,2.6270441389666637,2.6270441389666637,-2.2382125854492188,-1.0,-0.354400634765625,0.0,0.0,0.08042707068339507,0.9597864646583024,0.04021353534169753
2023-01-31,77.10640149637105,79.12078853936013,76.93853531653161,78.99022674560547,2171900,0.0,0.0,0.013485894324478071,2.5952733592425106,2.5952733592425106,2.5952733592425106,1.8651885986328125,1.0,1.8651885986328125,0.0,0.0,2.0,1.0,0.0
2023-02-01,78.34673642076126,80.81809656578275,77.69392041382322,79.53112030029297,2421500,0.0,0.0,0.015138684562888718,2.6330521301508694,2.6330521301508694,2.6330521301508694,2.4060821533203125,1.0,2.4060821533203125,0.0,0.0,2.0,1.0,0.0
2023-02-02,79.43786328605007,81.12584565388904,78.70111775307662,79.2979736328125,3237400,0.0,0.0,0.020180179195891053,2.6181718280552664,2.6181718280552664,2.6181718280552664,-0.23314666748046875,1.0,2.1729354858398438,0.0,0.0,2.0,0.5,0.5
2023-02-03,79.1860618185965,80.74348229368309,78.94358691170045,80.13729858398438,2393900,0.0,0.0,0.015080205837808131,2.55972351047865,2.55972351047865,2.55972351047865,0.839324951171875,1.0,3.0122604370117188,0.0,0.0,2.0,1.0,0.0
2023-02-06,80.32381433451646,80.76213190090016,79.44718631683192,80.19325256347656,2104200,0.0,0.0,0.013264516096590215,2.470810801449335,2.470810801449335,2.470810801449335,0.8952789306640625,1.0,3.0682144165039062,0.0,0.0,2.0,1.0,0.0
2023-02-07,80.27718697630493,80.63156790002968,77.19031546472914,78.57054901123047,2990800,0.0,0.0,0.01847199175977739,2.5401280610101353,2.5401280610101353,2.5401280610101353,-1.6227035522460938,-1.0,-1.6227035522460938,1.7532714469713113,1.1674006922768976,0.2797093353905653,0.27644498616626856,0.7235550138337314
2023-02-08,78.87830762837271,79.36325033692741,77.75919757657402,78.4493179321289,1802100,0.0,0.0,0.011113084717935864,2.473265539534653,2.473265539534653,2.473265539534653,-1.7439346313476562,-1.0,-1.7439346313476562,0.0,0.0,0.3230643166952542,0.8384678416523729,0.1615321583476271
2023-02-09,79.22336040718274,81.37764386951127,78.94358823154779,80.94865417480469,3077600,0.0,0.0,0.019583412524706398,2.505769853666633,2.505769853666633,2.505769853666633,2.4993362426757812,1.0,2.4993362426757812,0.7460759694815948,0.0891080069504879,2.0,1.0,0.0
2023-02-10,81.11652090424272,85.08002056551918,81.11652090424272,84.38990020751953,4156800,0.0,0.0,0.027575041145188006,2.6218838920271943,2.6218838920271943,2.6218838920271943,5.940582275390625,1.0,5.940582275390625,0.0,0.0,2.0,1.0,0.0
2023-02-13,83.28013042954099,83.56923049930877,80.82741887090859,80.99528503417969,3286100,0.0,0.0,0.020922187022599497,2.6890694237831765,2.6890694237831765,2.6890694237831765,-3.3946151733398438,-1.0,-3.3946151733398438,0.0,0.0,0.3265299832081591,0.8367350083959204,0.16326499160407956
2023-02-14,80.50810168167214,80.77980449922289,79.07464076163247,80.13333892822266,2117900,0.4,0.0,0.013340903897615919,2.6341819129806083,2.6341819129806083,2.6341819129806083,-4.256561279296875,-1.0,-4.256561279296875,0.0,0.0,0.5134045933284599,0.74329770333577,0.25670229666422995
2023-02-15,79.10275064892448,79.69299719004138,78.20332428474406,79.64615631103516,2440900,0.0,0.0,0.015282041530318976,2.583884250873322,2.583884250873322,2.583884250873322,-4.743743896484375,-1.0,-4.743743896484375,0.0,0.0,0.6376530461144267,0.6811734769427866,0.3188265230572134
2023-02-16,78.06277262122356,83.22511114112797,77.107134523363,79.92720794677734,4259400,0.0,0.0,0.026761449653585963,2.836319419937011,2.836319419937011,2.836319419937011,0.2810516357421875,-1.0,-4.4626922607421875,2.445306641905077,2.0,0.5643335227751038,0.7799297486996208,0.22007025130037916
2023-02-17,78.78418599325512,80.63925745874924,76.8354327861552,77.15397644042969,3330400,0.0,0.0,0.020198600446235972,2.9054269379839424,2.9054269379839424,2.9054269379839424,-2.7732315063476562,-1.0,-7.235923767089844,0.9462602687078601,0.11642572736530558,1.4836447881937382,0.1999647422204781,0.8000352577795219
2023-02-21,76.01095632678424,78.89661998501703,75.98285037362035,78.21268463134766,3523400,0.0,0.0,0.021662357039627277,2.906022843227709,2.906022843227709,2.906022843227709,1.0587081909179688,-1.0,-6.177215576171875,0.0,0.0,1.081253398503467,0.5,0.5
2023-02-22,79.32759315541759,81.16392259111451,78.74671773935276,80.01153564453125,3690400,0.0,0.0,0.023210933848076497,2.9092524944090767,2.9092524944090767,2.9092524944090767,2.8575592041015625,1.0,1.7988510131835938,0.5246651323652713,0.033711178288747375,0.08480176169525697,0.05925646999200217,0.9407435300079978
2023-02-23,79.29011447001507,81.25761688924456,78.69986803304867,80.83600616455078,2489800,0.0,0.0,0.015821070921342172,2.8841450916795632,2.8841450916795632,2.8841450916795632,3.6820297241210938,1.0,2.623321533203125,0.0,0.0,0.18035057549833555,0.09017528774916778,0.9098247122508323
2023-02-24,80.41440660132884,80.55494351657427,78.41879813045348,80.18954467773438,2260300,0.0,0.0,0.014247884929623467,2.8507924447094015,2.8507924447094015,2.8507924447094015,-0.6464614868164062,-1.0,-0.6464614868164062,0.32791960889927907,0.2573057320682232,0.060727061293103554,0.8409836033193366,0.1590163966806634
2023-02-27,80.18953680871388,81.02338718454295,79.29011064661026,79.9084701538086,2810700,0.0,0.0,0.017655250190082697,2.7709698799396367,2.7709698799396367,2.7709698799396367,-0.9275360107421875,1.0,-0.28107452392578125,0.0,0.0,0.011479947957327867,0.9942600260213361,0.0057399739786639335
2023-02-28,80.12395483094002,81.96029130866094,79.95531197678213,80.47061157226562,3417600,0.0,0.0,0.021618477213796488,2.7196021138619733,2.7196021138619733,2.7196021138619733,0.5621414184570312,1.0,0.28106689453125,1.4053477920866726,2.0,0.999945713393873,1.0,0.0
2023-03-01,80.3769384278106,81.19204690721142,79.53372399187963,79.7773208618164,2164900,0.0,0.0,0.01357637590463199,2.6437964568241035,2.6437964568241035,2.6437964568241035,-0.6932907104492188,-1.0,-0.6932907104492188,0.0,0.0,2.0,0.0,1.0
2023-03-02,79.11211604683626,81.46373815674225,77.98782781071729,81.39815521240234,2800200,0.0,0.0,0.01791720158542908,2.7032331631955935,2.7032331631955935,2.7032331631955935,1.6208343505859375,-1.0,0.9275436401367188,0.0,0.0,1.7899378092658933,0.8949689046329466,0.10503109536705335
2023-03-03,81.2576369597028,81.91346649609835,80.2176735891285,80.72360229492188,2219000,0.0,0.0,0.014080705093691866,2.6312731448937554,2.6312731448937554,2.6312731448937554,-0.6745529174804688,1.0,-0.6745529174804688,0.0,0.0,0.5288875526671176,0.7355562236664412,0.2644437763335588
2023-03-06,80.16143523210357,80.8547487443094,79.14958521202684,80.58304595947266,1940900,0.0,0.0,0.012294571747468043,2.5651224582786707,2.5651224582786707,2.5651224582786707,-0.8151092529296875,-1.0,-0.14055633544921875,0.0,0.0,0.022963186219122023,0.988518406890439,0.011481593109561011
2023-03-07,79.79605113630774,79.79605113630774,77.51001197959205,77.94098663330078,2227000,0.0,0.0,0.013644344700115702,2.601401852678809,2.601401852678809,2.601401852678809,-3.4571685791015625,-1.0,-2.7826156616210938,0.0,0.0,2.0,0.0,1.0
2023-03-08,78.02529531131702,79.34633221980305,77.57558578996294,78.95282745361328,2046100,0.0,0.0,0.012698753976685738,2.5420693224760442,2.5420693224760442,2.5420693224760442,1.0118408203125,-1.0,-1.7707748413085938,0.0,0.0,2.0,0.5,0.5
2023-03-09,79.14960022166562,79.58993880334924,75.9547562836271,75.99223327636719,2288200,0.0,0.0,0.013668780061493394,2.620148836565051,2.620148836565051,2.620148836565051,-2.9605941772460938,-1.0,-4.7313690185546875,0.0,0.0,2.0,0.0,1.0
2023-03-10,75.65493708447656,76.61057524989533,73.2939440506155,73.518798828125,2905500,0.0,0.0,0.016791359078547126,2.6698975767589643,2.6698975767589643,2.6698975767589643,-5.434028625488281,-1.0,-7.204803466796875,0.0,0.0,2.0,0.0,1.0
2023-03-13,72.13218019710408,72.23524012784611,70.32395661409085,70.49259948730469,3494300,0.0,0.0,0.01936289456078213,2.707393622278621,2.707393622278621,2.707393622278621,-8.460227966308594,-1.0,-10.231002807617188,0.0,0.0,2.0,0.0,1.0
2023-03-14,71.31707727467584,72.76927300935137,69.34957475026954,69.90235137939453,3367600,0.0,0.0,0.018504563798198714,2.7582725249074214,2.7582725249074214,2.7582725249074214,-9.05047607421875,-1.0,-10.821250915527344,0.0,0.0,2.0,0.0,1.0
2023-03-15,68.4876213099096,69.26525266802692,66.2296883537907,67.90674591064453,3833900,0.0,0.0,0.020465401390740025,2.8235861321000217,2.8235861321000217,2.8235861321000217,-11.04608154296875,-1.0,-12.816856384277344,0.0,0.0,2.0,0.0,1.0
2023-03-16,67.14786206751401,68.91860884533085,66.2952837272344,68.45015716552734,3746800,0.0,0.0,0.02016051062004627,2.809281773956909,2.809281773956909,2.809281773956909,0.5434112548828125,-1.0,-12.273445129394531,0.0,0.0,2.0,0.5,0.5
2023-03-17,68.20655561953552,68.66563618475045,66.267166287133,66.45454406738281,7624500,0.0,0.0,0.039829294878496,2.7799380685040913,2.7799380685040913,2.7799380685040913,-1.9956130981445312,-1.0,-14.269058227539062,0.0,0.0,2.0,0.0,1.0
2023-03-20,67.8317941480865,68.93734022693226,66.14536550306609,67.9910659790039,3539600,0.0,0.0,0.018917885955315884,2.7807978296013833,2.7807978296013833,2.7807978296013833,1.5365219116210938,-1.0,-12.732536315917969,0.018731381601412522,0.00014861481570120427,2.0,7.430188667000527e-05,0.99992569811333
2023-03-21,69.84613667463019,70.86735773532281,69.44326801123673,69.97730255126953,2363000,0.0,0.0,0.012998327814266629,2.7876188243669207,2.7876188243669207,2.7876188243669207,3.5227584838867188,1.0,1.986236572265625,2.2017215505723584,0.3906241122527166,0.02433504206819808,0.20747957716045734,0.7925204228395426
2023-03-22,70.0616221586478,70.23963605910684,66.64192395111834,66.6981430053711,2481500,0.0,0.0,0.013010518018630558,2.8454826303398906,2.8454826303398906,2.8454826303398906,-3.2791595458984375,-1.0,-3.2791595458984375,0.0,0.0,2.0,0.0,1.0
2023-03-23,67.15721903592015,67.76620752170815,64.59947025481212,65.58322143554688,4168700,0.0,0.0,0.021491164778772987,2.868429390093901,2.868429390093901,2.868429390093901,-4.394081115722656,-1.0,-4.394081115722656,0.0,0.0,2.0,0.0,1.0
2023-03-24,64.95549700302135,65.18972279015355,63.66256608332923,64.9273910522461,3389800,0.0,0.0,0.017300895938152115,2.8007312445313115,2.8007312445313115,2.8007312445313115,-5.0499114990234375,-1.0,-5.0499114990234375,0.0,0.0,2.0,0.0,1.0
2023-03-27,66.28590787173094,66.55761068401875,63.74690080959907,65.45206451416016,2879600,0.0,0.0,0.01481569677968435,2.8014440038090527,2.8014440038090527,2.8014440038090527,0.5246734619140625,1.0,0.5246734619140625,0.0,0.0,0.010794702107765465,0.005397351053882732,0.9946026489461173
2023-03-28,65.58322853365462,66.9042655680176,65.20846579814709,65.83618927001953,1744300,0.0,0.0,0.009027186859792743,2.722469415670586,2.722469415670586,2.722469415670586,0.9087982177734375,1.0,0.9087982177734375,0.0,0.0,0.03238675226320791,0.016193376131603956,0.983806623868396
2023-03-29,67.0822767855977,68.89050049268178,66.64193107821376,67.73811340332031,2876100,0.0,0.0,0.015314529025653108,2.7461724018842766,2.7461724018842766,2.7461724018842766,2.8107223510742188,1.0,2.8107223510742188,0.0,0.0,0.3097906888291162,0.1548953444145581,0.8451046555854419
2023-03-30,68.6843686733874,68.6843686733874,66.99794726679553,67.34459686279297,2188700,0.0,0.0,0.011586587930117246,2.6704759022205327,2.6704759022205327,2.6704759022205327,-0.39351654052734375,1.0,2.417205810546875,0.0,0.0,0.22911827187037323,0.5,0.5
2023-03-31,67.47575397469114,68.31896814252876,67.11973339182768,67.91609954833984,2596800,0.0,0.0,0.013863657004505125,2.565387248540572,2.565387248540572,2.565387248540572,0.571502685546875,1.0,2.98870849609375,0.0,0.0,0.3502672899422184,0.1751336449711092,0.8248663550288908
2023-04-03,69.09661382566041,69.51821742369995,67.53198713319703,69.02165985107422,3085800,0.0,0.0,0.0167424781268964,2.5240188943950255,2.5240188943950255,2.5240188943950255,1.67706298828125,1.0,4.094268798828125,0.0,0.0,0.6573325970055593,0.3286662985027797,0.6713337014972203
2023-04-04,68.37520042940515,68.41267026811957,66.76372574052075,68.27214050292969,2136400,0.0,0.0,0.011465490927073045,2.5050128384063424,2.5050128384063424,2.5050128384063424,-0.7495193481445312,-1.0,-0.7495193481445312,0.3560076513069248,0.2256072061355561,0.033512975801557626,0.8704399090314432,0.12956009096855686
2023-04-05,67.60694286766841,68.6750120153091,66.84804636423607,68.5438461303711,3212100,0.0,0.0,0.0173070916582864,2.4565808964539624,2.4565808964539624,2.4565808964539624,0.27170562744140625,1.0,0.27170562744140625,0.0,0.0,0.13141095467154068,0.06570547733577034,0.9342945226642296
2023-04-06,68.20655724159283,68.21592112722512,66.79183137864874,66.95110321044922,2295800,0.0,0.0,0.012082543172639362,2.406254743258848,2.406254743258848,2.406254743258848,-1.592742919921875,-1.0,-1.592742919921875,0.0,0.0,2.0,0.0,1.0
2023-04-10,68.22528460639838,70.84861618983064,68.22528460639838,69.05912780761719,2204600,0.0,0.0,0.011967886410093682,2.5127731886961744,2.5127731886961744,2.5127731886961744,2.1080245971679688,1.0,2.1080245971679688,2.173604174521543,1.0631867874392202,1.7517010152701318,1.0,0.0
2023-04-11,69.29336370926835,73.30330848698951,69.29336370926835,72.66621398925781,4724000,0.0,0.0,0.026984165312087933,2.636445152315899,2.636445152315899,2.636445152315899,5.715110778808594,1.0,5.715110778808594,0.0,0.0,2.0,1.0,0.0
2023-04-12,72.50694898306865,72.99414272323745,71.11096500651794,72.19776916503906,2345400,0.0,0.0,0.013310895249764759,2.5826403354875853,2.5826403354875853,2.5826403354875853,-0.46844482421875,1.0,5.246665954589844,0.0,0.0,2.0,0.5,0.5
2023-04-13,71.97291150158334,72.94729179515497,71.41077094898566,72.17903137207031,2209200,0.0,0.0,0.01253466266327643,2.5079175148219943,2.5079175148219943,2.5079175148219943,-0.4871826171875,1.0,5.227928161621094,0.0,0.0,2.0,0.5,0.5
2023-04-14,72.94728267037908,73.69680807875653,71.69182868354744,72.21649932861328,1419200,0.0,0.0,0.008056503520691123,2.4719933634210727,2.4719933634210727,2.4719933634210727,0.03746795654296875,1.0,5.2653961181640625,0.0,0.0,2.0,1.0,0.0
2023-04-17,72.16964612910681,73.38762304328192,72.13216914657797,73.08781433105469,1950800,0.0,0.0,0.011207901046924608,2.385097687226993,2.385097687226993,2.385097687226993,0.908782958984375,1.0,6.136711120605469,0.0,0.0,2.0,1.0,0.0
2023-04-18,72.4226200302798,72.60999781058935,69.44326757613159,70.3239517211914,3019600,0.0,0.0,0.016692417951622074,2.4750583349195723,2.4750583349195723,2.4750583349195723,-2.7638626098632812,-1.0,-2.7638626098632812,2.2485611074158527,0.6618757776611813,0.20284370842100102,0.5676402569589089,0.43235974304109115
2023-04-19,69.63065057627828,70.38953993582719,68.05665280046986,69.70560455322266,2009700,0.0,0.0,0.011011982107962852,2.4649032492365546,2.4649032492365546,2.4649032492365546,-3.3822097778320312,-1.0,-3.3822097778320312,0.0,0.0,0.3037593969082577,0.8481203015458711,0.15187969845412885
2023-04-20,68.83427815095378,70.03351308416586,68.47825036590366,69.76181030273438,1735500,0.0,0.0,0.009517194092095232,2.399928925595529,2.399928925595529,2.399928925595529,0.05620574951171875,-1.0,-3.3260040283203125,0.0,0.0,0.29374750205111927,0.5,0.5
2023-04-21,69.39643095523998,69.83677667409762,68.62817049297941,69.74308776855469,2048500,0.0,0.0,0.011230619307359123,2.3148344438471495,2.3148344438471495,2.3148344438471495,-0.0187225341796875,-1.0,-3.3447265625,0.0,0.0,0.29706390027413376,0.8514680498629331,0.14853195013706688
2023-04-24,69.81802088460796,70.26773755005,69.24651652869781,69.89297485351562,1432700,0.0,0.0,0.007871461090740875,2.22243348509751,2.22243348509751,2.22243348509751,0.1498870849609375,1.0,0.1498870849609375,0.23422446588413948,2.0,0.002008201043775641,1.0,0.0
2023-04-25,68.7686908931044,69.29335435641849,67.64440285285532,67.76620483398438,1656900,0.0,0.0,0.008826246017203818,2.2243005219234235,2.2243005219234235,2.2243005219234235,-2.12677001953125,-1.0,-2.12677001953125,0.9837676401240856,0.21396562496509203,2.0,0.0,1.0
2023-04-26,67.6350548935969,68.42205027387502,66.83868133040394,67.00732421875,1652900,0.0,0.0,0.008706335962620895,2.1785196948911127,2.1785196948911127,2.1785196948911127,-2.885650634765625,-1.0,-2.885650634765625,0.0,0.0,2.0,0.0,1.0
2023-04-27,67.3258676012125,67.4851394369716,65.16162339764922,65.68628692626953,2323600,0.0,0.0,0.011997828431467301,2.188876576636203,2.188876576636203,2.188876576636203,-4.206687927246094,-1.0,-4.206687927246094,0.0,0.0,2.0,0.0,1.0
2023-04-28,65.0398157098111,67.12911290360019,64.33713833918306,67.06352996826172,2584900,0.0,0.0,0.013626889123568934,2.2319550043348406,2.2319550043348406,2.2319550043348406,1.3772430419921875,-1.0,-2.8294448852539062,0.0,0.0,2.0,0.5,0.5
2023-05-01,67.26965699683635,67.61630662867223,66.08915688657305,67.41018676757812,2665700,0.0,0.0,0.014125485016372862,2.181611771318008,2.181611771318008,2.181611771318008,1.7238998413085938,1.0,0.34665679931640625,0.13116719170064073,0.005789304348200396,0.015010562538633332,0.010399933443416864,0.9896000665565832
2023-05-02,67.71000416389134,70.04289872790993,64.93677101536059,69.3870620727539,5104900,0.0,0.0,0.027844043583087095,2.3905057671202457,2.3905057671202457,2.3905057671202457,3.700775146484375,1.0,2.3235321044921875,0.0,0.0,0.6743647757924154,0.3371823878962077,0.6628176121037923
2023-05-03,70.49260263878023,71.3639229980046,69.18093658269983,69.1903076171875,2806200,0.0,0.0,0.015262667676717594,2.375682956276283,2.375682956276283,2.375682956276283,-0.19675445556640625,1.0,2.1267776489257812,0.0,0.0,0.5649912182349082,0.5,0.5
2023-05-04,68.8248968324614,69.30271938688362,65.32088144537202,65.64879608154297,2973100,0.0,0.0,0.015342737311639227,2.49040831236452,2.49040831236452,2.49040831236452,-3.7382659912109375,-1.0,-3.5415115356445312,0.0,0.0,2.0,0.0,1.0
2023-05-05,66.81056785979474,66.81056785979474,64.4589458703411,65.24594116210938,3319400,0.0,0.0,0.01702470738761968,2.480495003585172,2.480495003585172,2.480495003585172,-4.141120910644531,-1.0,-3.944366455078125,0.0,0.0,2.0,0.0,1.0
2023-05-08,66.42644021054153,66.93236881078029,63.09105986244936,63.315921783447266,2918500,0.0,0.0,0.01452577116027363,2.5776959996384403,2.5776959996384403,2.5776959996384403,-6.071140289306641,-1.0,-5.874385833740234,0.0,0.0,2.0,0.0,1.0
2023-05-09,62.83809716380929,63.78437139462612,62.06983682786009,63.51266860961914,3053000,0.0,0.0,0.01524241323576171,2.5160416115761257,2.5160416115761257,2.5160416115761257,0.196746826171875,-1.0,-5.677639007568359,0.0,0.0,2.0,0.5,0.5
2023-05-11,60.289720479651145,63.10043012577012,59.783795459591346,62.941158294677734,4541000,0.0,0.0,0.022467399060462762,2.5892813268832486,2.5892813268832486,2.5892813268832486,-0.5715103149414062,-1.0,-0.5715103149414062,0.0,0.0,0.07221110177392931,0.9638944491130353,0.036105550886964655
2023-05-12,63.337011648535096,63.78942205910185,61.86669039812731,62.705528259277344,1975200,0.4,0.0,0.009736065214185692,2.5416706364611983,2.5416706364611983,2.5416706364611983,-0.8071403503417969,1.0,-0.23563003540039062,0.0,0.0,0.012274876236706544,0.9938625618816467,0.006137438118353272
2023-05-15,63.1485028348036,63.798840463567245,62.63954388935621,63.42183303833008,3148100,0.0,0.0,0.01569473097303323,2.442929632014758,2.442929632014758,2.442929632014758,-0.0908355712890625,1.0,0.48067474365234375,0.698410337797128,2.0,2.0,0.5,0.5
2023-05-16,62.84690346435377,63.38413675216688,61.1598006715465,61.19750213623047,2673400,0.0,0.0,0.012860688115515991,2.4300083987839596,2.4300083987839596,2.4300083987839596,-2.315166473388672,-1.0,-2.2243309020996094,0.7068897265808118,0.09322639498930839,2.0,0.0,1.0
2023-05-17,60.68854649929844,61.58393296480687,59.97223660780974,60.4340705871582,3773300,0.0,0.0,0.017925436895734587,2.371557538656329,2.371557538656329,2.371557538656329,-3.0785980224609375,-1.0,-2.987762451171875,0.0,0.0,2.0,0.0,1.0
2023-05-18,60.93359931368337,62.02691303053789,59.80258053658717,61.93266296386719,2600800,0.0,0.0,0.012661736666046957,2.3610414640345,2.3610414640345,2.3610414640345,-1.5800056457519531,-1.0,-1.4891700744628906,0.0,0.0,2.0,0.0,1.0
2023-05-19,62.31909908267601,63.440687127399165,62.17772038386337,62.41334915161133,2543800,0.0,0.0,0.01248035725024778,2.3001116568557483,2.3001116568557483,2.3001116568557483,-1.0993194580078125,1.0,0.4806861877441406,1.8567541625922956,2.0,0.10419207462734852,0.04951642765112163,0.9504835723488784
2023-05-22,62.6678282551914,63.77057640955542,61.470837217901526,63.18621444702149,2321200,0.0,0.0,0.011529260854819062,2.300085052198473,2.300085052198473,2.300085052198473,-0.32645416259764914,1.0,1.253551483154304,0.0,0.0,0.708591191872201,0.5,0.5
2023-05-23,62.83748558463971,63.82712940406,61.98922048096805,63.610347747802734,1894200,0.0,0.0,0.009471530639238728,2.267072471548007,2.267072471548007,2.267072471548007,0.09767913818359375,1.0,1.6776847839355469,0.18849990289531604,2.0,1.2692060414560418,1.0,0.0
2023-05-24,63.84596937634201,63.94964661019739,61.82898768449639,61.979793548583984,1619400,0.0,0.0,0.007889887788744113,2.2566143611303637,2.2566143611303637,2.2566143611303637,-1.5328750610351562,1.0,0.047130584716796875,0.0,0.0,0.001001652443908508,0.5,0.5
2023-05-25,61.27291211369173,61.866694071422714,60.170167515001374,60.18901824951172,1984600,0.0,0.0,0.00938981018266707,2.2246866234483815,2.2246866234483815,2.2246866234483815,-3.323650360107422,-1.0,-1.7907752990722656,1.8190529659666765,0.29954358822836047,2.0,0.0,1.0
2023-05-26,60.61313925668187,60.94302526971977,58.95431438645199,59.23706817626953,2167700,0.0,0.0,0.010093907018290648,2.2078312134354814,2.2078312134354814,2.2078312134354814,-4.275600433349609,-1.0,-2.742725372314453,0.0,0.0,2.0,0.0,1.0
2023-05-30,58.71868467874749,58.9731641640877,56.9656061766768,58.44535446166992,3242000,0.0,0.0,0.01489462501081126,2.2123762695895706,2.2123762695895706,2.2123762695895706,-5.067314147949219,-1.0,-3.5344390869140625,0.0,0.0,2.0,0.0,1.0
2023-05-31,58.00237991804537,58.98259648158319,57.12584059041768,57.97410202026367,5287600,0.0,0.0,0.024096789883477382,2.1869748139878515,2.1869748139878515,2.1869748139878515,-5.538566589355469,1.0,-0.47125244140625,0.0,0.0,2.0,0.0,1.0
2023-06-01,58.435936043030594,58.435936043030594,56.626308781688266,56.7771110534668,3296300,0.0,0.0,0.014711826270413435,2.1600214173703143,2.1600214173703143,2.1600214173703143,-6.735557556152344,-1.0,-1.196990966796875,0.0,0.0,2.0,0.0,1.0
2023-06-02,57.66307047436374,60.00993091214329,57.43686528262847,59.29362106323242,2780200,0.0,0.0,0.012958376049950803,2.2366498774636128,2.2366498774636128,2.2366498774636128,-4.219047546386719,1.0,2.516510009765625,1.0273344305601029,0.05929182903328803,2.0,0.9712076607126043,0.02879233928739567
2023-06-05,60.14189321094084,61.45198510301507,59.91568799222667,60.18901824951172,2195100,0.0,0.0,0.010385756490966685,2.2310580319149724,2.2310580319149724,2.2310580319149724,-3.323650360107422,1.0,3.411907196044922,0.0,0.0,2.0,0.5,0.5
2023-06-06,58.95431675374142,62.98828368756777,58.68098652126487,62.87517929077149,2933200,0.0,0.0,0.01449731178797618,2.379360827228396,2.379360827228396,2.379360827228396,-0.6374893188476491,1.0,6.098068237304695,0.0,0.0,2.0,0.5,0.5
2023-06-07,63.553789563348744,65.65560127075935,63.24275787372321,64.48687744140625,3012100,0.0,0.0,0.0152688841760385,2.4080080524255005,2.4080080524255005,2.4080080524255005,0.9742088317871094,1.0,7.709766387939453,0.0,0.0,2.0,1.0,0.0
2023-06-08,64.05333500828074,64.95814877805343,61.97037718555082,63.48782730102539,2484400,0.0,0.0,0.012398768513958157,2.44941973385958,2.44941973385958,2.44941973385958,-0.02484130859375,-1.0,-0.9990501403808594,0.0,0.0,0.0167916020333826,0.9916041989833086,0.0083958010166913
2023-06-09,63.70458384722206,64.95813049249513,62.6772459738304,64.062744140625,2021500,0.0,0.0,0.010179954804842312,2.437381504202805,2.437381504202805,2.437381504202805,0.5500755310058594,-1.0,-0.42413330078125,0.0,0.0,0.003026371979053983,0.5,0.5
2023-06-12,63.49725055488085,64.43033857390664,63.37471897879713,64.19470977783203,2020600,0.0,0.0,0.010196383343094929,2.3386842249818556,2.3386842249818556,2.3386842249818556,0.6820411682128906,-1.0,-0.29216766357421875,0.0,0.0,0.001436090659737759,0.5,0.5
2023-06-13,65.3728492100488,65.84410676941143,64.69423717403548,65.45767211914062,2002100,0.0,0.0,0.010301794644241991,2.2894494225959656,2.2894494225959656,2.2894494225959656,1.9450035095214844,1.0,1.2629623413085938,0.8859762769162955,0.20749297997072141,2.0,1.0,0.0
2023-06-14,65.50479183344244,65.8252434785886,63.12023005823805,63.90251922607422,2064000,0.0,0.0,0.010367982107271544,2.319132565292722,2.319132565292722,2.319132565292722,0.3898506164550781,-1.0,-1.5551528930664062,0.25448892055907635,0.4261292136636181,1.5162310397429941,0.21938732164450472,0.7806126783554953
2023-06-15,64.27952726707386,66.56983925922961,64.27952726707386,66.05146026611328,3237400,0.0,0.0,0.016809134499357423,2.344003098711484,2.344003098711484,2.344003098711484,2.5387916564941406,1.0,2.1489410400390625,0.725732489818185,0.08171447739940955,1.9094259247925078,0.9955702010959587,0.004429798904041271
2023-06-16,66.82432393194733,67.57833171893682,65.74043009790397,67.17304992675781,5874200,0.0,0.0,0.031017755109247525,2.307852993163011,2.307852993163011,2.307852993163011,3.660381317138672,1.0,3.2705307006835938,0.0,0.0,2.0,1.0,0.0
2023-06-20,66.73007883213441,67.7102883092131,66.24939406817562,67.6254653930664,3625800,0.0,0.0,0.019274391582364873,2.2473559394397586,2.2473559394397586,2.2473559394397586,4.112796783447266,1.0,3.7229461669921875,0.0,0.0,2.0,1.0,0.0
2023-06-21,67.51235512953949,69.28428814867205,67.51235512953949,68.71878051757812,2834700,0.0,0.0,0.0153126062098328,2.213397159417816,2.213397159417816,2.213397159417816,5.206111907958984,1.0,4.816261291503906,0.0,0.0,2.0,1.0,0.0
2023-06-22,68.23810177364105,68.32292468986765,66.50387007008744,67.13536071777344,2339800,0.0,0.0,0.01234800025477206,2.2135052514230207,2.2135052514230207,2.2135052514230207,3.622692108154297,-1.0,-1.5834197998046875,0.0,0.0,0.10808665134847671,0.5,0.5
2023-06-23,66.38134371960619,67.28615742002874,65.18435261750703,66.50386810302734,5900100,0.0,0.0,0.030844152739641077,2.2055266479300704,2.2055266479300704,2.2055266479300704,2.991199493408203,-1.0,-2.2149124145507812,0.0,0.0,0.2114915569127767,0.5,0.5
2023-06-26,66.78661998079818,67.03167591809779,65.54250034724407,65.99490356445312,1718900,0.0,0.0,0.008917180888829285,2.154358713853188,2.154358713853188,2.154358713853188,2.4822349548339844,-1.0,-2.723876953125,0.0,0.0,0.31985628575503505,0.5,0.5
2023-06-27,65.67445003429049,66.16455470426028,63.70458980869083,66.04203033447266,1924600,0.0,0.0,0.009991425724473514,2.1761877268329215,2.1761877268329215,2.1761877268329215,2.5293617248535156,-1.0,-2.6767501831054688,0.0,0.0,0.30888413442356805,0.5,0.5
2023-06-28,66.10801324684978,66.20226332539822,64.11930566895138,64.32666015625,1705000,0.0,0.0,0.008621482542365784,2.1695284360910585,2.1695284360910585,2.1695284360910585,0.8139915466308594,1.0,-1.7153701782226562,0.0,0.0,0.12685150692089472,0.5,0.5
2023-06-29,64.66595671839826,66.32478518295589,64.41147363369606,66.27765655517578,1838200,0.0,0.0,0.009576933513862618,2.1572853354206893,2.1572853354206893,2.1572853354206893,2.7649879455566406,1.0,0.235626220703125,0.1602304786956097,0.003358178492106348,0.018868245738558068,0.011113212115332208,0.9888867878846678
2023-06-30,66.66409727389647,67.25787920788285,65.07124442786329,65.42939758300781,2095300,0.0,0.0,0.010776697714796921,2.1593817243206086,2.1593817243206086,2.1593817243206086,1.9167289733886719,1.0,-0.6126327514648438,0.0,0.0,2.0,0.5,0.5
2023-07-03,65.3634219739487,66.7583475120972,65.03354312091956,66.38134002685547,983700,0.0,0.0,0.005133047143557653,2.1283404862389683,2.1283404862389683,2.1283404862389683,2.868671417236328,-1.0,0.9519424438476562,0.43356232914131,0.022842386146920402,2.0,1.0,0.0
2023-07-05,65.76870584449829,66.40961643245524,65.12779525654132,66.08916473388672,2108100,0.0,0.0,0.010951863890454404,2.0678748212157507,2.0678748212157507,2.0678748212157507,2.576496124267578,-1.0,0.6597671508789062,0.0,0.0,1.1597942632312637,0.5798971316156318,0.42010286838436817
2023-07-06,65.53307274039291,65.59904850874122,64.06275150816244,65.2314682006836,1743000,0.0,0.0,0.00893760397269822,2.064913278680646,2.064913278680646,2.064913278680646,1.7187995910644531,-1.0,-0.19792938232421875,0.9707916127571252,0.31900798046885465,0.08999930617523316,0.7799567168749508,0.22004328312504917
2023-07-07,64.95814165861546,68.53970206339329,64.57171419082482,67.71971130371094,2821100,0.0,0.0,0.0150175866114296,2.200847178244062,2.200847178244062,2.200847178244062,4.207042694091797,1.0,2.4882431030273438,2.130085630938055,0.2563541112229485,2.0,1.0,0.0
2023-07-10,66.15514260519558,67.8422456357019,65.74043362606193,66.0703125,2229900,0.0,0.0,0.011581326753114102,2.1937732376294843,2.1937732376294843,2.1937732376294843,2.5576438903808594,1.0,0.8388442993164062,0.0,0.0,2.0,1.0,0.0
2023-07-11,66.76775879627264,68.67164311309004,66.06087255000077,68.63394165039062,2500800,0.0,0.0,0.013492252750846267,2.223558760876612,2.223558760876612,2.223558760876612,5.121273040771484,1.0,3.4024734497070312,0.0,0.0,2.0,1.0,0.0
2023-07-12,69.35969218817873,69.71785257700196,67.98362081797394,68.06845092773438,2257100,0.0,0.0,0.012077115908657579,2.188606832173141,2.188606832173141,2.188606832173141,4.555782318115234,1.0,2.8369827270507812,0.0,0.0,2.0,1.0,0.0
2023-07-13,67.86109569871329,70.02888357652814,67.86109569871329,69.6989974975586,2754000,0.0,0.0,0.015088881015292046,2.1871197640046924,2.1871197640046924,2.1871197640046924,6.186328887939453,1.0,4.467529296875,0.0,0.0,2.0,1.0,0.0
2023-07-14,69.95347089145554,70.21737396522325,68.89785140556523,69.50106048583984,2637500,0.0,0.0,0.014409551584262034,2.125148535122787,2.125148535122787,2.125148535122787,5.988391876220703,1.0,4.26959228515625,0.0,0.0,2.0,1.0,0.0
2023-07-17,69.95347551982132,70.11370136937862,69.4162421724434,69.68014526367188,1840900,0.0,0.0,0.01008337250755309,2.0231707252522457,2.0231707252522457,2.0231707252522457,6.167476654052734,1.0,4.448677062988281,0.0,0.0,2.0,1.0,0.0
2023-07-18,69.68014415393422,73.44077752568718,69.40681390213787,71.96102905273438,3534900,0.0,0.0,0.019995904964988542,2.166798789416322,2.166798789416322,2.166798789416322,8.448360443115234,1.0,6.729560852050781,0.0,0.0,2.0,1.0,0.0
2023-07-19,72.44171295332488,75.18442822294787,72.38516434698825,73.78008270263672,3765100,0.0,0.0,0.021836459251240992,2.242270245187549,2.242270245187549,2.242270245187549,10.267414093017578,1.0,8.548614501953125,0.0,0.0,2.0,1.0,0.0
2023-07-20,74.88283617964649,75.21272228056745,73.36538600236547,74.47755432128906,1679100,0.0,0.0,0.009830339910038248,2.214060676117151,2.214060676117151,2.214060676117151,10.964885711669922,1.0,9.246086120605469,0.0,0.0,2.0,1.0,0.0
2023-07-21,74.31731874476,75.01477794801225,73.39365791709459,74.49639892578125,1692400,0.0,0.0,0.009910712160985232,2.1717077728886167,2.1717077728886167,2.1717077728886167,10.98373031616211,1.0,9.264930725097656,0.0,0.0,2.0,1.0,0.0
2023-07-24,75.31638472524283,76.84325457767112,75.25040176537789,75.91959381103516,2157400,0.0,0.0,0.012875114994646424,2.1842183356744203,2.1842183356744203,2.1842183356744203,12.406925201416016,1.0,10.688125610351562,0.0,0.0,2.0,1.0,0.0
2023-07-25,76.24004824231943,76.72073297174562,75.51431475663814,76.41912841796875,1934000,0.0,0.0,0.011617832648192963,2.1143754699196387,2.1143754699196387,2.1143754699196387,12.90645980834961,1.0,11.187660217285156,0.0,0.0,2.0,1.0,0.0
2023-07-26,76.10809482949449,77.58784325867045,75.88189321742455,76.95635986328125,2285500,0.0,0.0,0.01382586490047424,2.0852022250143714,2.0852022250143714,2.0852022250143714,13.44369125366211,1.0,11.724891662597656,0.0,0.0,2.0,1.0,0.0
2023-07-27,77.13543377552438,77.86117444296113,76.70187768431138,76.79613494873047,2125400,0.0,0.0,0.01283058936135112,2.019066120274041,2.019066120274041,2.019066120274041,13.283466339111328,1.0,11.564666748046875,0.0,0.0,2.0,1.0,0.0
2023-07-28,77.33337086268354,77.38991947056914,75.61799357889443,76.56050872802734,2051600,0.0,0.0,0.01234707446507757,2.0014132468026604,2.0014132468026604,2.0014132468026604,13.047840118408203,-1.0,-0.235626220703125,0.2638996385301198,0.00040907254983231386,0.0004151270086579433,0.4963270674175561,0.5036729325824438
2023-07-31,76.04211835548494,77.43704386377401,76.04211835548494,77.36164093017578,1949400,0.0,0.0,0.011854771876949844,1.9580926940516892,1.9580926940516892,1.9580926940516892,13.84897232055664,1.0,0.8011322021484375,0.0,0.0,2.0,1.0,0.0
2023-08-01,77.37106281544361,77.86117470512222,76.23062038216565,76.60762786865234,2380100,0.0,0.0,0.014332890583666316,1.9346970961163237,1.9346970961163237,1.9346970961163237,13.094959259033203,1.0,0.047119140625,0.0,0.0,0.03998963931882866,0.01999481965941433,0.9800051803405857
2023-08-02,76.0044125578122,77.3993379866158,74.84512308078097,76.01383972167969,2128300,0.0,0.0,0.0127172170094035,1.978948368239075,1.978948368239075,1.978948368239075,12.501171112060547,-1.0,-0.5937881469726562,1.1969952747039798,0.009168187204635124,2.0,0.00456317557834263,0.9954368244216574
2023-08-03,79.39747414952707,79.45402994823259,74.6283497959769,76.56050872802734,2852000,0.0,0.0,0.01716409454786568,2.18228635281169,2.18228635281169,2.18228635281169,13.047840118408203,-1.0,-0.047119140625,1.592855243110364,0.014903057117017728,1.0,0.014684217386586722,0.9853157826134132
2023-08-04,76.8715355995336,79.35977509363501,76.52280958587599,76.56993103027344,1925600,0.0,0.0,0.011590199183148022,2.229049149593642,2.229049149593642,2.229049149593642,13.057262420654297,-1.0,-0.03769683837890625,1.960437107019203,0.022542473271518152,0.6400518145201884,0.03402153276426164,0.9659784672357383
2023-08-07,76.34372181571823,76.53222195621939,75.17500512480828,75.863037109375,1891800,0.0,0.0,0.011281634173134396,2.169468917870179,2.169468917870179,2.169468917870179,12.35036849975586,-1.0,-0.7445907592773438,0.0,0.0,2.0,0.5,0.5
2023-08-08,74.78857351976899,75.38236264896982,73.90261419452379,74.70375061035156,2588300,0.0,0.0,0.015199299944544668,2.1545370605116814,2.1545370605116814,2.1545370605116814,11.191082000732422,-1.0,-1.9038772583007812,0.0,0.0,2.0,0.5,0.5
2023-08-09,76.58878312181021,78.42668478844732,76.16464698971093,78.00255584716797,2381600,0.0,0.0,0.01460307182057933,2.266565426053401,2.266565426053401,2.266565426053401,14.489887237548828,1.0,3.2988052368164062,1.89446283222793,0.017093939672376872,2.0,1.0,0.0
2023-08-10,78.04025688288127,78.23818420043428,75.25983289061962,75.36351013183594,2499000,0.0,0.0,0.014804506687483052,2.3174072748934904,2.3174072748934904,2.3174072748934904,11.850841522216797,-1.0,-2.6390457153320312,0.0,0.0,0.6400007400882382,0.5,0.5
2023-08-11,75.3634992615366,76.02326408236989,75.01476611948962,75.29752349853516,2459400,0.0,0.0,0.014557152370122766,2.223913752606832,2.223913752606832,2.223913752606832,11.784854888916016,-1.0,-2.7050323486328125,0.0,0.0,0.6724059928761292,0.5,0.5
2023-08-14,73.88611422785364,74.37868514282422,72.77782424891682,73.94294738769531,2209400,0.4,0.0,0.012842148092125994,2.2450412881076542,2.2450412881076542,2.2450412881076542,10.430278778076172,-1.0,-4.059608459472656,0.0,0.0,1.514450025959011,0.5,0.5
2023-08-15,73.18516210289148,75.03231248874845,72.87256519851393,73.08096313476562,2026100,0.0,0.0,0.01163942979787727,2.238948859688145,2.238948859688145,2.238948859688145,9.568294525146484,1.0,-0.8619842529296875,0.0,0.0,0.06827871095575477,0.5,0.5
2023-08-16,72.93885498433409,73.94294600004861,72.63573275919364,72.69256591796875,1655100,0.0,0.0,0.009457596995536678,2.172396315485775,2.172396315485775,2.172396315485775,9.17989730834961,-1.0,-0.388397216796875,0.0,0.0,0.013862414088214238,0.5,0.5
2023-08-17,73.14725630787711,74.65339290225326,73.14725630787711,73.74402618408203,1733300,0.0,0.0,0.010047711308975265,2.15728422039997,2.15728422039997,2.15728422039997,10.23135757446289,1.0,1.0514602661132812,0.0,0.0,2.0,1.0,0.0
2023-08-18,72.81571486478796,75.39225019329209,72.68309934151952,74.8807373046875,2636900,0.0,0.0,0.015521380250786651,2.1967032654980123,2.1967032654980123,2.1967032654980123,11.36806869506836,1.0,2.18817138671875,0.0,0.0,2.0,1.0,0.0
2023-08-21,75.17438494057171,75.70484703371358,74.66286482489748,74.95651245117188,1395000,0.0,0.0,0.00821958982153419,2.1142231900207324,2.1142231900207324,2.1142231900207324,11.443843841552734,1.0,2.263946533203125,0.0,0.0,2.0,1.0,0.0
2023-08-22,75.01336888859734,75.48699792367725,72.66416569471856,72.70205688476562,1715700,0.0,0.0,0.0098051584401117,2.164838121373444,2.164838121373444,2.164838121373444,9.189388275146484,-1.0,-2.25445556640625,0.01893364680095999,4.245172464788863e-06,0.9916331304318639,4.2809726309496436e-06,0.9999957190273691
2023-08-23,72.37998072741921,72.37998072741921,70.15391884638667,70.47599029541016,2258000,0.0,0.0,0.01250926206920288,2.192216686873837,2.192216686873837,2.192216686873837,6.963321685791016,-1.0,-4.480522155761719,0.0,0.0,2.0,0.5,0.5
2023-08-24,70.01183627548414,70.12550260050281,68.58147479396258,69.68029022216797,2350400,0.0,0.0,0.012874142020620285,2.1709523164862468,2.1709523164862468,2.1709523164862468,6.167621612548828,-1.0,-5.276222229003906,0.0,0.0,2.0,0.5,0.5
2023-08-25,70.07815393414309,70.3054938432799,69.30140261983735,69.69924926757812,1629100,0.0,0.0,0.008925702561994922,2.087605095554555,2.087605095554555,2.087605095554555,6.186580657958984,1.0,0.01895904541015625,0.0,0.0,1.2911799543423299e-05,6.4558997717116496e-06,0.9999935441002283
2023-08-28,69.82238078295705,72.42734007664913,69.76554762009974,71.35694122314453,1236600,0.0,0.0,0.006936366529436587,2.1333540750914444,2.1333540750914444,2.1333540750914444,7.844272613525391,1.0,1.6766510009765625,0.0,0.0,0.10098088824771141,0.050490444123855706,0.9495095558761443
2023-08-29,71.42324659233853,72.44628685147063,71.23379067749693,72.42733764648438,1129700,0.0,0.0,0.006431795336424602,2.0675785107258915,2.0675785107258915,2.0675785107258915,8.914669036865234,1.0,2.7470474243164062,0.0,0.0,0.27107293339245336,0.13553646669622668,0.8644635333037733
2023-08-30,72.23788908963499,72.87255014474577,71.14854106508407,72.72098541259766,1154500,0.0,0.0,0.006599640193948809,2.043037837078449,2.043037837078449,2.043037837078449,9.208316802978516,1.0,3.0406951904296875,0.0,0.0,0.332123507489346,0.166061753744673,0.833938246255327
2023-08-31,72.76835823287037,73.76298200948395,71.89688261978328,73.00517272949219,1948700,0.0,0.0,0.011183176632382595,2.0303993765514647,2.0303993765514647,2.0303993765514647,9.492504119873047,1.0,3.3248825073242188,0.0,0.0,0.39710599868452306,0.19855299934226153,0.8014470006577384
2023-09-01,73.88611406835903,75.25016771764695,73.88611406835903,75.03229522705078,1387600,0.0,0.0,0.008184253809865285,2.0457276345231286,2.0457276345231286,2.0457276345231286,11.51962661743164,1.0,5.3520050048828125,0.0,0.0,1.0289324480338295,0.5144662240169148,0.4855337759830852
2023-09-05,77.78881602014116,79.98645390849323,77.618309320743,78.20560455322266,3300200,0.0,0.0,0.020288255427797247,2.25347270930308,2.25347270930308,2.25347270930308,14.692935943603516,1.0,8.525314331054688,0.0,0.0,2.0,1.0,0.0
2023-09-06,77.8551167083662,78.08245654458115,75.79009452632243,76.75629425048828,2153500,0.0,0.0,0.012993478782736958,2.265046803417162,2.265046803417162,2.265046803417162,13.24362564086914,-1.0,-1.449310302734375,0.0,0.0,0.02890027384330551,0.5,0.5
2023-09-07,76.4531922585474,77.75093831934899,75.82800573703332,76.58580780029297,2941300,0.0,0.0,0.01770737508777379,2.240610073338484,2.240610073338484,2.240610073338484,13.073139190673828,-1.0,-1.6197967529296875,0.0,0.0,0.036099421890039014,0.5,0.5
2023-09-08,77.27731351442527,79.43706071380768,77.04049900173851,79.3233871459961,3123200,0.0,0.0,0.019474558148889824,2.2842274190653575,2.2842274190653575,2.2842274190653575,15.810718536376953,1.0,2.737579345703125,1.3546041692265334,0.00734043168382615,2.0,1.0,0.0
2023-09-11,79.75912550448588,80.75374935508677,77.40992957037004,77.50465393066406,2765900,0.0,0.0,0.016851199575411938,2.3599125880404555,2.3599125880404555,2.3599125880404555,13.991985321044922,1.0,0.9188461303710938,0.0,0.0,0.3217840647046681,0.16089203235233404,0.8391079676476659
2023-09-12,77.40991571887137,78.61293005605317,76.79419664662696,77.37202453613281,1755400,0.0,0.0,0.010676443873559741,2.3212569324251526,2.3212569324251526,2.3212569324251526,13.859355926513672,-1.0,-0.13262939453125,0.24630235511155263,0.0003158282927786155,0.020835023406186808,0.014932178489723136,0.9850678215102768
2023-09-13,77.92143177412316,77.92143177412316,76.17847359423541,76.60474395751953,1094400,0.0,0.0,0.006590195771186087,2.2799498786724812,2.2799498786724812,2.2799498786724812,13.09207534790039,-1.0,-0.8999099731445312,0.0,0.0,0.9592074613888282,0.5,0.5
2023-09-14,77.59936934751444,79.82542407939245,76.97418286002319,79.53177642822266,2269700,0.0,0.0,0.014189781467267466,2.347144896043941,2.347144896043941,2.347144896043941,16.019107818603516,1.0,2.927032470703125,1.212494023339275,0.005729049361548599,2.0,1.0,0.0
2023-09-15,79.56019928651992,79.75912260400506,77.45728532024098,77.76988220214844,4109500,0.0,0.0,0.025122739337814108,2.3439086380239504,2.3439086380239504,2.3439086380239504,14.257213592529297,1.0,1.1651382446289062,0.0,0.0,1.6763194571552058,0.8381597285776029,0.1618402714223971
2023-09-18,78.50874314594232,78.60347473081349,76.14059806426809,76.97418975830078,1345800,0.0,0.0,0.00814314590851828,2.352406354346911,2.352406354346911,2.352406354346911,13.46152114868164,-1.0,-0.7956924438476562,0.833584795755101,0.0038345225285955583,0.4663753114909724,0.008154917764727106,0.9918450822352729
2023-09-19,77.25835763629583,78.73608498224738,77.22046645029658,78.5276870727539,2287700,0.0,0.0,0.014121747588774424,2.3102269878897457,2.3102269878897457,2.3102269878897457,15.015018463134766,1.0,1.553497314453125,0.0,0.0,2.0,1.0,0.0
2023-09-20,78.88764062021818,81.4168176026362,78.71713390078524,79.23812866210938,3978600,0.0,0.0,0.024781697711290383,2.3515772408892137,2.3515772408892137,2.3515772408892137,15.725460052490234,1.0,2.2639389038085938,0.0,0.0,2.0,1.0,0.0
2023-09-21,79.07709212512374,80.02435001857417,78.6224051563857,79.12445068359375,2089100,0.0,0.0,0.012993809742298534,2.283746356696304,2.283746356696304,2.283746356696304,15.61178207397461,-1.0,-0.113677978515625,0.0,0.0,0.0025212927745584444,0.5,0.5
2023-09-22,79.38968820084364,80.54534408126,79.1339317286718,79.76859283447266,2609700,0.0,0.0,0.0163639853824494,2.2221140024798713,2.2221140024798713,2.2221140024798713,16.255924224853516,1.0,0.6441421508789062,0.0,0.0,2.0,1.0,0.0
2023-09-25,79.71174860421928,81.71046322284431,79.54124190410423,81.40734100341797,1932900,0.0,0.0,0.012369140485510681,2.2183359536413154,2.2183359536413154,2.2183359536413154,17.894672393798828,1.0,2.2828903198242188,0.0,0.0,2.0,1.0,0.0
2023-09-26,81.31261264987988,83.2639687898346,80.24221385115527,80.64006042480469,2807000,0.0,0.0,0.017793436122507528,2.275723024001174,2.275723024001174,2.275723024001174,17.127391815185547,1.0,1.5156097412109375,0.0,0.0,2.0,1.0,0.0
2023-09-27,81.17053861566997,81.17053861566997,78.66030352336708,79.04867553710938,1760900,0.0,0.0,0.010941978512331004,2.2924738860227256,2.2924738860227256,2.2924738860227256,15.536006927490234,-1.0,-1.5913848876953125,0.8809383807371489,0.0032152315223927877,1.1024926002117583,0.002907849099115214,0.9970921509008848
2023-09-28,79.2002387595655,81.59680024645674,78.90659110406641,81.4357681274414,2150800,0.0,0.0,0.013768346634888896,2.32088354719184,2.32088354719184,2.32088354719184,17.923099517822266,1.0,2.3870925903320312,0.0,0.0,2.0,1.0,0.0
2023-09-29,81.68204176589676,82.76191505980024,80.93370725047183,81.21788024902344,2231500,0.0,0.0,0.014246727186812008,2.2856924230587388,2.2856924230587388,2.2856924230587388,17.705211639404297,1.0,2.1692047119140625,0.0,0.0,1.8580210040388938,0.9290105020194469,0.0709894979805531
2023-10-02,80.98107797188537,80.98107797188537,78.6981901310386,79.29496002197266,2132800,0.0,0.0,0.0132942022925466,2.3024065441248887,2.3024065441248887,2.3024065441248887,15.782291412353516,-1.0,-1.9229202270507812,0.2084009730278069,0.00017436502179321974,0.7858170676198146,0.00022184086817231985,0.9997781591318277
2023-10-03,78.39507202364942,78.73608547276234,77.22046693136946,77.94985961914062,2162200,0.0,0.0,0.013248837299218419,2.2861270117304824,2.2861270117304824,2.2861270117304824,14.437191009521484,-1.0,-3.2680206298828125,0.0,0.0,2.0,0.5,0.5
2023-10-04,78.07300407872323,79.21918541281697,76.72789942816746,77.69409942626953,2428900,0.0,0.0,0.01483420369881191,2.3007812240818413,2.3007812240818413,2.3007812240818413,14.18143081665039,-1.0,-3.5237808227539062,0.0,0.0,2.0,0.5,0.5
2023-10-05,77.19204951537363,78.73608462302828,76.72789513625881,76.77526092529297,1877900,0.0,0.0,0.011333402934788187,2.2798818142738146,2.2798818142738146,2.2798818142738146,13.262592315673828,-1.0,-4.442619323730469,0.0,0.0,2.0,0.5,0.5
2023-10-06,76.33004992102198,77.61832135465141,75.64802301768817,76.64264678955078,1614300,0.0,0.0,0.009725709816768274,2.2577687087516307,2.2577687087516307,2.2577687087516307,13.12997817993164,-1.0,-4.575233459472656,0.0,0.0,2.0,0.5,0.5
2023-10-09,77.83618325780881,81.58732383597983,77.83618325780881,81.49259948730469,1998800,0.0,0.0,0.01280424803863882,2.4496907328714466,2.4496907328714466,2.4496907328714466,17.979930877685547,1.0,4.849952697753906,2.8512392129515547,0.025147294906944638,1.1236950986045178,0.5744211967557312,0.4255788032442688
2023-10-10,81.60628050114627,83.18819967233065,80.21381004462873,80.90531158447266,2905000,0.0,0.0,0.018475225076062095,2.487169225359338,2.487169225359338,2.487169225359338,17.392642974853516,1.0,4.262664794921875,0.0,0.0,0.868032218622618,0.434016109311309,0.5659838906886909
2023-10-11,80.69690322079363,80.88635191094778,78.87816255109404,79.56966400146484,1831800,0.0,0.0,0.011457560133670908,2.4543106402178583,2.4543106402178583,2.4543106402178583,16.056995391845703,-1.0,-1.3356475830078125,0.0,0.0,0.09817963219716326,0.5,0.5
2023-10-12,79.96750709328646,80.73479087699873,79.30442947971186,80.5548095703125,1940000,0.0,0.0,0.012284564690961758,2.381171408579931,2.381171408579931,2.381171408579931,17.04214096069336,-1.0,-0.35050201416015625,0.0,0.0,0.006761120428264405,0.5,0.5
2023-10-13,81.19894239311083,81.90938576604121,79.46545882867979,80.09065246582031,1423800,0.0,0.0,0.008963907920642156,2.385653946350038,2.385653946350038,2.385653946350038,16.577983856201172,1.0,-0.4641571044921875,1.0230338550934306,0.0038081722779776737,0.011856803982397898,0.24310105643826693,0.756898943561733
2023-10-16,80.75372991617529,80.75372991617529,79.24759343714035,79.8727798461914,1874200,0.0,0.0,0.0117674212225328,2.322831270113245,2.322831270113245,2.322831270113245,16.360111236572266,-1.0,-0.21787261962890625,0.01893903917655848,1.3401190486967826e-06,0.0026124196763609928,0.0005127169876322654,0.9994872830123678
2023-10-17,80.17590252438951,82.34512383237711,80.00539582511963,81.98516845703125,1871800,0.0,0.0,0.012063165960243415,2.3335107498327066,2.3335107498327066,2.3335107498327066,18.47249984741211,1.0,2.1123886108398438,0.43573806633590095,0.0005564160647101859,2.0,1.0,0.0
2023-10-18,81.56839127195548,82.18411044991917,79.23813733595915,80.27064514160156,2507600,0.0,0.0,0.015822735964538003,2.3772580615560863,2.3772580615560863,2.3772580615560863,16.757976531982422,-1.0,-1.7145233154296875,0.009456101181200438,3.184058697840312e-07,0.6587781043193086,4.83327715056114e-07,0.9999995166722849
2023-10-19,80.01487533586914,82.21251335739099,79.51282980916434,81.16105651855469,2435800,0.0,0.0,0.015540174257819379,2.400288453461126,2.400288453461126,2.400288453461126,17.648387908935547,1.0,0.890411376953125,0.0,0.0,0.269708485365161,0.1348542426825805,0.8651457573174195
2023-10-20,80.35590345431301,80.45062781548957,78.0919572552673,78.60347747802734,2227300,0.0,0.0,0.013762173967702117,2.448060654163002,2.448060654163002,2.448060654163002,15.090808868408203,-1.0,-2.5575790405273438,1.146180080691849,0.005768736154931802,2.0,0.0028760724259719473,0.997123927574028
2023-10-23,77.44781175612947,78.24350496250186,76.0269248358891,76.03639221191406,1708800,0.0,0.0,0.01021361078495328,2.45723865330409,2.45723865330409,2.45723865330409,12.523723602294922,-1.0,-5.124664306640625,0.0,0.0,2.0,0.5,0.5
2023-10-24,76.97417659542354,77.06890093709124,75.86587939419906,76.12164306640625,1531000,0.0,0.0,0.00916114824596917,2.367651716846097,2.367651716846097,2.367651716846097,12.60897445678711,-1.0,-5.0394134521484375,0.0,0.0,2.0,0.5,0.5
2023-10-25,76.01744976442545,77.07838126005558,75.87535962787608,76.61421966552734,1167800,0.0,0.0,0.007033061577630055,2.284463853655626,2.284463853655626,2.284463853655626,13.101551055908203,1.0,0.49257659912109375,0.0,0.0,0.009554051323939529,0.0047770256619697644,0.9952229743380302
2023-10-26,76.77525948112292,77.12574029616593,75.75221916406875,76.03639221191406,1132100,0.0,0.0,0.006766636686356279,2.2193965164014515,2.2193965164014515,2.2193965164014515,12.523723602294922,1.0,-0.0852508544921875,0.11366023013030713,8.236640550737208e-05,0.029953662328027004,0.002742253519534436,0.9972577464804656
2023-10-27,75.81851111997983,75.94165202566572,74.46393224942273,75.66694641113281,1676100,0.0,0.0,0.00996948445622559,2.173186762550729,2.173186762550729,2.173186762550729,12.154277801513672,-1.0,-0.36944580078125,0.0,0.0,0.5625406586966883,0.5,0.5
2023-10-30,76.25426118526204,78.28139251935586,76.25426118526204,76.94576263427734,1798100,0.0,0.0,0.010875897749577632,2.2047052872416093,2.2047052872416093,2.2047052872416093,13.433094024658203,1.0,1.2788162231445312,1.1556522231899322,0.007401201173681316,2.0,1.0,0.0
2023-10-31,76.39634438047418,77.1352043213558,75.52486892338322,75.57222747802734,1829300,0.0,0.0,0.010867101512753375,2.1622502951509643,2.1622502951509643,2.1622502951509643,12.059558868408203,-1.0,-1.37353515625,0.0,0.0,1.1536213515065277,0.5,0.5
2023-11-01,75.94166710263886,76.42477067424716,74.73865270208998,75.07966613769531,1978100,0.0,0.0,0.011674469156228296,2.128240843508551,2.128240843508551,2.128240843508551,11.566997528076172,-1.0,-1.8660964965820312,0.0,0.0,2.0,0.5,0.5
2023-11-02,74.3313297946761,76.3774031343635,72.79676936965727,76.08375549316406,2820100,0.0,0.0,0.016866424096073775,2.2319831950226714,2.2319831950226714,2.2319831950226714,12.571086883544922,-1.0,-0.8620071411132812,0.0,0.0,0.45436560998372383,0.5,0.5
2023-11-03,75.78063344460742,77.54253375035489,75.49645317838839,77.24888610839844,2069800,0.0,0.0,0.012568607812899571,2.2187044362329447,2.2187044362329447,2.2187044362329447,13.736217498779297,1.0,1.165130615234375,1.1177630761077353,0.006621634434699871,1.8269535294385033,0.9167875819366016,0.08321241806339841
2023-11-06,76.80366819844214,76.80366819844214,74.99440223631099,75.01335144042969,2119600,0.0,0.0,0.01249853315277933,2.221260110222552,2.221260110222552,2.221260110222552,11.500682830810547,-1.0,-2.23553466796875,0.0,0.0,2.0,0.5,0.5
2023-11-07,74.83337599429778,75.1838640278914,73.83875228331864,74.34080505371094,1894700,0.0,0.0,0.011072209163669248,2.15867808410471,2.15867808410471,2.15867808410471,10.828136444091797,-1.0,-2.9080810546875,0.0,0.0,2.0,0.5,0.5
2023-11-08,75.30701134959531,76.95523825368542,75.07967145210135,75.7143325805664,1646500,0.0,0.0,0.009799556018576776,2.191232020952551,2.191232020952551,2.191232020952551,12.201663970947266,1.0,1.3735275268554688,0.15157005524328326,0.00015430809038718155,0.22308055734078583,0.11161743271558651,0.8883825672844134
2023-11-09,76.61421356446024,77.58042063444974,75.72379608520016,76.04586029052734,1579900,0.0,0.0,0.009444342813575054,2.1680074518761785,2.1680074518761785,2.1680074518761785,12.533191680908203,1.0,1.7050552368164062,0.0,0.0,0.34376676845637616,0.17188338422818808,0.828116615771812
2023-11-10,76.21637654499307,76.29215891821373,74.34080978331363,75.3354263305664,2044400,0.0,0.0,0.012106864700957839,2.1525318578064585,2.1525318578064585,2.1525318578064585,11.822757720947266,-1.0,-0.7104339599609375,0.7388616687877203,0.003905608374324676,0.17360831451409986,0.022001701673730268,0.9779982983262697
2023-11-13,75.14597882489474,76.3868844914343,75.05125447035824,75.6385498046875,1851000,0.0,0.0,0.01100566220172966,2.09418172661143,2.09418172661143,2.09418172661143,12.12588119506836,1.0,0.30312347412109375,0.0,0.0,0.18205043164020704,0.09102521582010352,0.9089747841798965
2023-11-14,75.75278642743721,76.9809021019368,75.54333932991783,76.20976257324219,1644600,0.4,0.0,0.009852296221103876,2.047280372711969,2.047280372711969,2.047280372711969,12.697093963623047,1.0,0.8743362426757812,0.0,0.0,1.5146403958537322,0.7573201979268661,0.2426798020731339
2023-11-15,76.04791625289478,77.03802523194301,75.85751375297349,76.56201171875,2081200,0.0,0.0,0.012525461025435784,1.9853683088732228,1.9853683088732228,1.9853683088732228,13.04934310913086,1.0,1.2265853881835938,0.0,0.0,2.0,1.0,0.0
2023-11-16,77.1808289020743,79.00871900602758,75.83847460377379,76.26688385009766,1704700,0.0,0.0,0.010219991384823157,2.070002315543263,2.070002315543263,2.070002315543263,12.754215240478516,1.0,0.93145751953125,0.0,0.0,1.7190110941144527,0.8595055470572264,0.14049445294277363
2023-11-17,76.67625584349294,76.82857638730884,73.72497358108708,73.74401092529297,2624900,0.0,0.0,0.015216195671659922,2.1438309220202987,2.1438309220202987,2.1438309220202987,10.231342315673828,-1.0,-2.5228729248046875,2.1325401718864043,0.043443940604240144,2.0,0.021260157786072615,0.9787398422139274
2023-11-20,73.92489704900703,74.26762734565679,73.14423520961357,73.28704071044922,2505300,0.0,0.0,0.014432896268728852,2.0709424373076506,2.0709424373076506,2.0709424373076506,9.774372100830078,-1.0,-2.9798431396484375,0.0,0.0,2.0,0.5,0.5
2023-11-21,73.02047382558843,73.610733227543,71.4115530062153,72.82054901123047,3367800,0.0,0.0,0.01927821448731176,2.080102279023368,2.080102279023368,2.080102279023368,9.307880401611328,-1.0,-3.4463348388671875,0.0,0.0,2.0,0.5,0.5
2023-11-22,71.65906733002464,72.82054140357411,70.52616016701917,72.744384765625,2606300,0.0,0.0,0.014903574594704271,2.0954084622510774,2.0954084622510774,2.0954084622510774,9.23171615600586,-1.0,-3.5224990844726562,0.0,0.0,2.0,0.5,0.5
2023-11-24,72.91576073237422,75.34343303005275,72.60159727236869,74.6008529663086,2034200,0.0,0.0,0.01192899920109661,2.1415818404962903,2.1415818404962903,2.1415818404962903,11.088184356689453,1.0,1.8564682006835938,1.7326998025097566,0.024418881966211486,0.2777622691546652,0.15109057556043834,0.8489094244395616
2023-11-27,73.88682318257409,74.26763547200773,72.05893290936093,72.25885772705078,1974400,0.0,0.0,0.011214832736732065,2.1701774273856738,2.1701774273856738,2.1701774273856738,8.74618911743164,-1.0,-2.3419952392578125,0.0,0.0,1.591464613980809,0.5,0.5
2023-11-28,71.94468406394746,72.43021989445181,71.15449986719118,71.9732437133789,2004100,0.0,0.0,0.011338537232599488,2.106287613091028,2.106287613091028,2.106287613091028,8.460575103759766,-1.0,-2.6276092529296875,0.0,0.0,2.0,0.5,0.5
2023-11-29,71.96372361518256,72.1255737392389,71.0021814923612,71.16402435302734,2814300,0.0,0.0,0.015743361096257034,2.0360808012186475,2.0360808012186475,2.0360808012186475,7.651355743408203,-1.0,-3.43682861328125,0.0,0.0,2.0,0.5,0.5
2023-11-30,71.4020400482799,71.88757595435771,70.30720731486139,71.54484558105469,5084600,0.0,0.0,0.028595764395306533,2.003529932524196,2.003529932524196,2.003529932524196,8.032176971435547,-1.0,-3.0560073852539062,0.0,0.0,2.0,0.5,0.5
2023-12-01,72.25885784929221,73.22992228877,71.59243452580837,72.64918518066406,3364700,0.0,0.0,0.019215144832458467,1.9807832736092756,1.9807832736092756,1.9807832736092756,9.136516571044922,1.0,1.104339599609375,1.104348549531096,0.014610027645421632,0.1305859617829092,0.07259799471416542,0.9274020052858346
2023-12-04,72.0494158268585,72.72535423948509,69.59318400854279,70.31672668457031,2547300,0.0,0.0,0.014080086008090423,2.0630251991330626,2.0630251991330626,2.0630251991330626,6.804058074951172,-1.0,-2.33245849609375,0.7140233063185946,0.011012571772596387,2.0,0.005476132733913948,0.9945238672660861
2023-12-05,70.33576211057745,71.07834937703686,69.30757832507715,69.70742797851562,2849100,0.0,0.0,0.015611812181353867,2.0421499029063948,2.0421499029063948,2.0421499029063948,6.194759368896484,-1.0,-2.9417572021484375,0.0,0.0,2.0,0.5,0.5
2023-12-06,69.9644641314791,71.14498287377293,69.85974057751126,70.73561096191406,2103600,0.0,0.0,0.011696820831209011,1.9989645452171743,1.9989645452171743,1.9989645452171743,7.222942352294922,1.0,1.0281829833984375,0.0,0.0,0.12215947936293342,0.06107973968146671,0.9389202603185333
2023-12-07,71.77331644512402,74.40091305364831,71.40202648845523,73.81065368652344,3275600,0.0,0.0,0.01900537662897531,2.1179886556826797,2.1179886556826797,2.1179886556826797,10.297985076904297,1.0,4.1032257080078125,0.0,0.0,1.9455265566292783,0.9727632783146392,0.027236721685360843
2023-12-08,73.83921113454173,74.51514942688247,72.0874849566541,72.8871841430664,1790000,0.0,0.0,0.010255828970702941,2.140108356721658,2.140108356721658,2.140108356721658,9.374515533447266,1.0,3.1797561645507812,0.0,0.0,1.1683527500655673,0.5841763750327836,0.41582362496721637
2023-12-11,72.89670710329551,73.11567650919844,71.18305559784962,71.85900115966797,1655400,0.0,0.0,0.009350841454247581,2.1252878249093126,2.1252878249093126,2.1252878249093126,8.346332550048828,-1.0,-1.0281829833984375,0.21897089060561825,0.0006883057540115582,0.1045570178664602,0.0065400127087230754,0.9934599872912769
2023-12-12,71.40202343027543,71.40202343027543,69.49796947213476,70.6118392944336,1577300,0.0,0.0,0.008755045225923552,2.1421266722395913,2.1421266722395913,2.1421266722395913,7.099170684814453,-1.0,-2.2753448486328125,0.0,0.0,0.51204345391737,0.5,0.5
2023-12-13,70.75464589042869,72.7253414771078,70.57375843731757,72.5730209350586,2091600,0.0,0.0,0.011932196618191587,2.1428021270646376,2.1428021270646376,2.1428021270646376,9.060352325439453,1.0,1.961181640625,0.0,0.0,0.7429185179560089,0.37145925897800447,0.6285407410219955
2023-12-14,73.48696680661367,74.86740305787625,73.01095330433145,73.19183349609375,2178200,0.0,0.0,0.012532189311850087,2.1536292696184245,2.1536292696184245,2.1536292696184245,9.67916488647461,1.0,2.5799942016601562,0.0,0.0,1.2857099519382993,0.6428549759691496,0.35714502403085036
2023-12-15,73.02999630839916,73.25848077345321,71.8114028102573,72.5825424194336,4097900,0.0,0.0,0.02338083942277265,2.1031613191596734,2.1031613191596734,2.1031613191596734,9.069873809814453,-1.0,-0.6092910766601562,0.0,0.0,0.05577148079246038,0.5,0.5
2023-12-18,74.61987502035983,75.07685118467292,73.2965580470434,73.4964828491211,2134400,0.0,0.0,0.01233130203479271,2.1311004224510772,2.1311004224510772,2.1311004224510772,9.983814239501953,1.0,0.9139404296875,0.2094481267966728,0.0004401087240748036,2.0,1.0,0.0
2023-12-19,73.31560707563834,75.14349731632844,73.18232386621656,74.55323791503906,2036000,0.0,0.0,0.011931934209644961,2.1189627815697056,2.1189627815697056,2.1189627815697056,11.040569305419922,1.0,1.9706954956054688,0.0,0.0,2.0,1.0,0.0
2023-12-20,74.01057914523909,75.39102269428832,73.92490019912042,74.03913879394531,1753300,0.0,0.0,0.010204322077297944,2.072331332541006,2.072331332541006,2.072331332541006,10.526470184326172,1.0,1.4565963745117188,0.0,0.0,2.0,1.0,0.0
2023-12-21,74.47708609796325,76.34305841423902,73.30608952396135,76.00032806396484,2762500,0.0,0.0,0.016503813985997384,2.1412340152364826,2.1412340152364826,2.1412340152364826,12.487659454345703,1.0,3.41778564453125,0.0,0.0,2.0,1.0,0.0
2023-12-22,76.35256940034849,77.00947041404653,75.45766887851418,76.590576171875,1598900,0.0,0.0,0.009626384525368467,2.099131695257616,2.099131695257616,2.099131695257616,13.07790756225586,1.0,4.008033752441406,0.0,0.0,2.0,1.0,0.0
2023-12-26,76.5334539046485,77.72348771615677,76.46681230173964,76.7809829711914,923400,0.0,0.0,0.005573270272208554,2.0389562466261526,2.0389562466261526,2.0389562466261526,13.268314361572266,1.0,4.1984405517578125,0.0,0.0,2.0,1.0,0.0
2023-12-27,76.57153354388237,77.19986760040483,76.27640749183317,76.64769744873047,804600,0.0,0.0,0.004847811309501872,1.9592779510508318,1.9592779510508318,1.9592779510508318,13.135028839111328,-1.0,-0.1332855224609375,0.0,0.0,0.0010078361712501846,0.5,0.5
2023-12-28,76.53345376553814,77.38075725672074,75.80039613487307,75.8384780883789,801900,0.0,0.0,0.004780533753999498,1.9322124632506061,1.9322124632506061,1.9322124632506061,12.325809478759766,-1.0,-0.9425048828125,0.0,0.0,0.05039543536189134,0.5,0.5
2023-12-29,75.23869572671529,75.95271600593385,74.5913170496882,75.68614959716797,1162700,0.0,0.0,0.006917523619542469,1.8914400698931093,1.8914400698931093,1.8914400698931093,12.173480987548828,-1.0,-1.0948333740234375,0.0,0.0,0.06800174212926718,0.5,0.5
2024-01-02,75.92415261462648,77.84724394264161,75.85751101571975,77.6949234008789,2091100,0.0,0.0,0.012771267788320967,1.9107010895774332,1.9107010895774332,1.9107010895774332,14.182254791259766,1.0,2.0087738037109375,0.46648668592087006,0.0010819020385835533,2.0,1.0,0.0
2024-01-03,77.33316181147107,79.26577559441823,76.9809091820284,78.73263549804688,2160400,0.0,0.0,0.013370742476933,1.9374271840640331,1.9374271840640331,1.9374271840640331,15.219966888427734,1.0,3.0464859008789062,0.0,0.0,2.0,1.0,0.0
2024-01-04,79.4180873501373,79.9512273874472,76.75241621714495,77.24746704101562,1795200,0.0,0.0,0.010900932582288018,2.027526040223906,2.027526040223906,2.027526040223906,13.734798431396484,1.0,1.5613174438476562,0.0,0.0,2.0,1.0,0.0
2024-01-08,76.3144813734188,76.48583924612001,74.47706912776978,75.3910140991211,1529700,0.0,0.0,0.009065513693274097,2.0338805674290055,2.0338805674290055,2.0338805674290055,11.878345489501953,-1.0,-1.8564529418945312,0.0,0.0,1.4137918255346045,0.5,0.5
2024-01-09,75.35294560284105,76.15264487176604,74.46756011887965,74.61988067626953,2098400,0.0,0.0,0.012308620854898433,2.008966580675962,2.008966580675962,2.008966580675962,11.10721206665039,-1.0,-2.6275863647460938,0.0,0.0,2.0,0.5,0.5
2024-01-10,74.48658719899463,75.55286000733052,73.88681282996215,74.33426666259766,1646100,0.0,0.0,0.009618599515525105,1.9844723375825626,1.9844723375825626,1.9844723375825626,10.821598052978516,-1.0,-2.9132003784179688,0.0,0.0,2.0,0.5,0.5
2024-01-11,74.35331555205916,75.18158174939086,74.09627142924057,75.00069427490234,1687100,0.0,0.0,0.009946554703283516,1.9202464791945428,1.9202464791945428,1.9202464791945428,11.488025665283203,-1.0,-2.2467727661132812,0.0,0.0,2.0,0.5,0.5
2024-01-12,75.72421534545416,75.80037923548541,72.86813483977723,73.48695373535156,1621700,0.0,0.0,0.00936800961927423,1.9925320446598027,1.9925320446598027,1.9925320446598027,9.974285125732422,-1.0,-3.7605133056640625,0.2475192281548857,0.0006158207616110515,2.0,0.00030781560118654653,0.9996921843988135
2024-01-16,72.90623424052876,72.97287584441483,71.44011169164504,72.51589965820312,2213000,0.0,0.0,0.012614824697284139,1.9964113303059967,1.9964113303059967,1.9964113303059967,9.003231048583984,-1.0,-4.7315673828125,0.0,0.0,2.0,0.5,0.5
2024-01-17,71.68764462526227,72.22077748508286,71.12594485075947,71.61148071289062,1826500,0.0,0.0,0.010281793961010095,1.953093007244401,1.953093007244401,1.953093007244401,8.098812103271484,-1.0,-5.635986328125,0.0,0.0,2.0,0.5,0.5
2024-01-18,71.59243144416894,71.59243144416894,70.16439086538851,71.42106628417969,2024800,0.0,0.0,0.011367763461536354,1.9169499244056663,1.9169499244056663,1.9169499244056663,7.908397674560547,-1.0,-5.8264007568359375,0.0,0.0,2.0,0.5,0.5
2024-01-19,71.42106147856624,71.59242662702508,70.25007235025548,71.39250183105469,2126500,0.0,0.0,0.011933959366955087,1.8759073781459472,1.8759073781459472,1.8759073781459472,7.879833221435547,-1.0,-5.8549652099609375,0.0,0.0,2.0,0.5,0.5
2024-01-22,71.18305673062537,71.6876371499288,70.11679112217058,71.37346649169922,1608900,0.0,0.0,0.009026770653779232,1.8541172816896812,1.8541172816896812,1.8541172816896812,7.860797882080078,-1.0,-5.874000549316406,0.09520570575986653,0.00014668736054247286,2.0,7.333830137030909e-05,0.9999266616986296
2024-01-23,72.07796296369783,73.31560096330666,71.73523266421815,72.41117095947266,1813500,0.0,0.0,0.010322614214782788,1.8604042238266645,1.8604042238266645,1.8604042238266645,8.898502349853516,1.0,1.0377044677734375,1.7231743362815877,0.03749942400236924,0.031208967973161996,0.034354195987765616,0.9656458040122344
2024-01-24,72.66822546962786,73.12519437984051,72.16365230221437,73.08711242675781,1444400,0.0,0.0,0.008298409269458506,1.796199784812341,1.796199784812341,1.796199784812341,9.574443817138672,1.0,1.7136459350585938,0.0,0.0,0.08510875246319051,0.042554376231595255,0.9574456237684047
2024-01-25,73.22040919375017,73.63929618691901,71.4496381717009,73.25848388671875,1672400,0.0,0.0,0.009630850732222874,1.8243039441270392,1.8243039441270392,1.8243039441270392,9.74581527709961,1.0,1.8850173950195312,0.285594492517248,0.0008587431885606391,0.10298234073595466,0.05192054196225765,0.9480794580377423
2024-01-26,73.7249707586361,74.22954388975577,73.05854752270935,73.77256774902344,1686300,0.0,0.0,0.009779041886096476,1.77763911719271,1.77763911719271,1.77763911719271,10.259899139404297,1.0,2.3991012573242188,0.0,0.0,0.16681273044195005,0.08340636522097503,0.916593634779025
2024-01-30,73.20136901350527,74.0962768836208,72.93480256625152,73.68690490722656,1565300,0.0,0.0,0.009066808994091081,1.682655880907394,1.682655880907394,1.682655880907394,10.174236297607422,-1.0,-0.085662841796875,0.0,0.0,0.0012749342806541483,0.5,0.5
2024-01-31,72.46829501168565,73.02998743322189,71.53530539239804,71.88755798339844,2281500,0.0,0.0,0.01289260777113991,1.716151854758903,1.716151854758903,1.716151854758903,8.374889373779297,-1.0,-1.885009765625,0.0,0.0,0.6173480096277464,0.5,0.5
2024-02-01,73.2870533008805,73.45841847864526,72.1922206242385,73.15376281738281,2716400,0.0,0.0,0.015620572902816363,1.70577390050804,1.70577390050804,1.70577390050804,9.641094207763672,1.0,1.266204833984375,0.0,0.0,0.45121208748527036,0.22560604374263518,0.7743939562573648
2024-02-02,72.87768037976733,73.18232877364466,71.60196023682495,72.84911346435547,1635600,0.0,0.0,0.00936629731054315,1.6968163745303018,1.6968163745303018,1.6968163745303018,9.336444854736328,-1.0,-0.30464935302734375,0.0,0.0,0.057888538604654406,0.5,0.5
2024-02-05,71.77331100631515,73.26799302367449,71.37346143149298,72.44924926757812,1544200,0.0,0.0,0.008794355230960439,1.7109388900768165,1.7109388900768165,1.7109388900768165,8.936580657958984,-1.0,-0.7045135498046875,0.0,0.0,0.30957848181161635,0.5,0.5
2024-02-06,72.28741040666792,73.60120505195911,71.95420240931756,72.48733520507812,1885500,0.0,0.0,0.010743733760315158,1.7063720152600121,1.7063720152600121,1.7063720152600121,8.974666595458984,1.0,0.0380859375,0.41887627831445684,0.002178386239557907,0.0029224736242401735,0.0025504299318990405,0.997449570068101
2024-02-07,72.55397185081024,72.8681424825999,71.83995164950053,72.69677734375,1279300,0.0,0.0,0.007310618569857217,1.6579305022485369,1.6579305022485369,1.6579305022485369,9.18410873413086,-1.0,0.209442138671875,0.0,0.0,0.08837907002738304,0.04418953501369152,0.9558104649863085
2024-02-08,72.38262337941823,72.92527856683459,71.88757245507327,72.839599609375,1066700,0.0,0.0,0.006107681918277798,1.6136287600708787,1.6136287600708787,1.6136287600708787,9.32693099975586,1.0,0.142822265625,0.06662995424429141,5.1034222448820126e-05,0.041097285340877435,0.020574159781663128,0.9794258402183369
2024-02-09,73.1442329644774,74.7436385452866,72.99190516469115,74.33426666259766,1806400,0.0,0.0,0.010555274992311858,1.6343723440595017,1.6343723440595017,1.6343723440595017,10.821598052978516,1.0,1.6374893188476562,0.0,0.0,2.0,1.0,0.0
2024-02-12,74.37234537683109,75.46717052075783,74.17242059585172,75.07684326171875,1789100,0.0,0.0,0.010558620624455797,1.6101135998342597,1.6101135998342597,1.6101135998342597,11.56417465209961,1.0,2.38006591796875,0.0,0.0,2.0,1.0,0.0
2024-02-13,74.69603250080475,75.07684472774926,72.84909792132679,73.32511138916016,2215600,0.0,0.0,0.012770580948867282,1.6542302574477037,1.6542302574477037,1.6542302574477037,9.812442779541016,-1.0,-1.7517318725585938,0.14280724336435924,0.0002118098718757468,0.5416980761656001,0.0003908581063625384,0.9996091418936375
2024-02-14,73.97672724587258,74.63792056743603,72.9897331814724,74.34086608886719,2217600,0.5,0.0,0.012959176228645036,1.6537986237702695,1.6537986237702695,1.6537986237702695,10.828197479248047,-1.0,-0.7359771728515625,0.0,0.0,0.09562043566199689,0.5,0.5
2024-02-15,74.60917756793935,76.9664663821137,73.49760656193718,73.59343719482422,4278900,0.0,0.0,0.024753567041915947,1.7834458520850016,1.7834458520850016,1.7834458520850016,10.080768585205078,1.0,-0.7474288940429688,1.8896216543644329,0.03513681758453954,0.09861927256176349,0.2626932167806844,0.7373067832193156
2024-02-16,74.34087125817514,74.95414930803618,73.36345433999902,74.45585632324219,2498800,0.0,0.0,0.014625035419218614,1.7696779317958697,1.7696779317958697,1.7696779317958697,10.943187713623047,-1.0,0.8624191284179688,0.3162287406001525,0.0008350548043619532,1.3313645707192203,0.6660998127617911,0.3339001872382089
2024-02-20,74.01504819488083,74.7912337811725,73.59342419025589,73.9671401977539,2815000,0.0,0.0,0.016367554415003694,1.7288301931616366,1.7288301931616366,1.7288301931616366,10.454471588134766,-1.0,0.3737030029296875,0.0,0.0,0.24998468895614767,0.12499234447807384,0.8750076555219262
2024-02-21,73.78507875974313,75.34702000288092,72.94182334868076,74.5229263305664,2314600,0.0,0.0,0.013559148445921192,1.7771420832358173,1.7771420832358173,1.7771420832358173,11.010257720947266,-1.0,0.9294891357421875,0.421630991318267,0.0014664595274416334,1.546496246729429,0.7739813531284353,0.2260186468715647
2024-02-22,74.59958804384145,76.86105338444727,74.36961062419435,76.37234497070312,2169000,0.0,0.0,0.01302153684121611,1.8281635601656108,1.8281635601656108,1.8281635601656108,12.859676361083984,1.0,1.8494186401367188,0.0,0.0,2.0,1.0,0.0
2024-02-23,75.98906333517603,77.9151363995569,75.77824762205537,77.05271911621094,2677200,0.0,0.0,0.01621568696335283,1.8502153614038905,1.8502153614038905,1.8502153614038905,13.540050506591797,1.0,2.5297927856445312,0.0,0.0,2.0,1.0,0.0
2024-02-26,76.63107380339079,77.68514486713073,76.38192734113767,77.08145141601562,1784700,0.0,0.0,0.010813883181247073,1.8111440874459743,1.8111440874459743,1.8111440874459743,13.568782806396484,1.0,2.5585250854492188,0.0,0.0,2.0,1.0,0.0
2024-02-27,77.08145215779341,77.47432993777127,76.38192807618373,76.44900512695312,1983000,0.0,0.0,0.011916840282850021,1.7598053570275152,1.7598053570275152,1.7598053570275152,12.936336517333984,1.0,1.9260787963867188,0.0,0.0,2.0,1.0,0.0
2024-02-28,75.8836479095107,77.38809670843871,75.8836479095107,76.56400299072266,2758300,0.0,0.0,0.01660094066768965,1.7415656028775506,1.7415656028775506,1.7415656028775506,13.051334381103516,-1.0,0.11499786376953125,0.49827943162696897,0.0014575923742284045,0.02367226316316584,0.012564927768697123,0.9874350722313029
2024-02-29,76.16153676285846,77.87679385532286,75.72073635055827,77.34976196289062,3609100,0.0,0.0,0.02194443802568831,1.7711721672980534,1.7711721672980534,1.7711721672980534,13.837093353271484,-1.0,0.9007568359375,0.6611917256254571,0.00228331104852397,1.4523636404000522,0.727323475724288,0.272676524275712
2024-03-01,77.61807861328124,79.38125121084352,77.3785166422526,79.05545043945312,2834600,0.0,0.0,0.017615304981908362,1.7897662444876847,1.7897662444876847,1.7897662444876847,15.542781829833984,1.0,1.7056884765625,0.0,0.0,2.0,1.0,0.0
2024-03-04,78.98837743826097,79.7453941829076,76.4777652209842,76.52568054199219,4053700,0.0,0.0,0.024385146654567043,1.895327867161665,1.895327867161665,1.895327867161665,13.013011932373047,1.0,-0.8240814208984375,0.0,0.0,0.23342147825985612,0.5,0.5
2024-03-05,76.3915135600671,77.84804695685672,76.02737472773195,76.19985961914062,2841100,0.0,0.0,0.01701795056671474,1.8899953215876009,1.8899953215876009,1.8899953215876009,12.687191009521484,-1.0,-0.3258209228515625,0.0,0.0,0.036488709846937785,0.5,0.5
2024-03-06,78.49008983695614,79.82205384732144,77.56058819428725,78.17386627197266,3852000,0.0,0.0,0.023670881778871156,2.013723814915688,2.013723814915688,2.013723814915688,14.661197662353516,1.0,1.9740066528320312,0.07665966441383887,2.7339774590861223e-05,2.0,1.0,0.0
2024-03-07,78.75838158879152,80.87610814963283,78.35591199452747,80.37781524658203,2535900,0.0,0.0,0.01602266997839471,2.062903676540294,2.062903676540294,2.062903676540294,16.86514663696289,1.0,4.177955627441406,0.0,0.0,2.0,1.0,0.0
2024-03-08,80.51198736055181,82.0451898876872,79.79330141752641,80.8186264038086,3233100,0.0,0.0,0.020539845327359547,2.07640259037033,2.07640259037033,2.07640259037033,17.305957794189453,1.0,4.618766784667969,0.0,0.0,2.0,1.0,0.0
2024-03-11,80.56947939443344,81.60438880663771,79.95620136739034,81.51814270019531,2033500,0.0,0.0,0.013030618179096051,2.0458157938615478,2.0458157938615478,2.0458157938615478,18.005474090576172,1.0,5.3182830810546875,0.0,0.0,2.0,1.0,0.0
2024-03-12,81.79604829962295,82.13143363103462,80.89529285738712,81.84396362304688,2567600,0.0,0.0,0.016518879574113916,1.9879818638462592,1.9879818638462592,1.9879818638462592,18.331295013427734,1.0,5.64410400390625,0.0,0.0,2.0,1.0,0.0
2024-03-13,82.15058755829796,82.72553477925993,81.09650912387534,81.14442443847656,2443000,0.0,0.0,0.015582915566301722,1.9623421346704262,1.9623421346704262,1.9623421346704262,17.631755828857422,1.0,4.9445648193359375,0.0,0.0,2.0,1.0,0.0
2024-03-14,80.84737189995653,81.38398834429499,79.80287796553976,80.36824798583984,2667400,0.0,0.0,0.01685152519874525,1.9351112949621978,1.9351112949621978,1.9351112949621978,16.855579376220703,-1.0,-0.7761764526367188,1.0924148918473549,0.004200372954378736,0.024641365877705868,0.1456352191118965,0.8543647808881035
2024-03-15,80.04244245624388,81.54689130175775,79.70705716791613,79.9370346069336,16560700,0.0,0.0,0.10406226865793475,1.9283057834535853,1.9283057834535853,1.9283057834535853,16.424365997314453,-1.0,-1.2073898315429688,0.0,0.0,0.05962643977371443,0.5,0.5
2024-03-18,80.60780295722455,82.81176838464972,79.81245557411346,82.39014434814453,3171600,0.0,0.0,0.020540936467922603,2.004806285388063,2.004806285388063,2.004806285388063,18.87747573852539,1.0,2.4531097412109375,1.4277800403547332,0.005720510292457967,2.0,1.0,0.0
2024-03-19,82.35182478863618,82.82136420075646,81.47981571241881,82.68721008300781,2641600,0.0,0.0,0.01717006586555873,1.9574307284558905,1.9574307284558905,1.9574307284558905,19.174541473388672,1.0,2.7501754760742188,0.0,0.0,2.0,1.0,0.0
2024-03-20,82.50513387145693,83.40588914023931,81.76728628443449,82.54346466064453,2396100,0.0,0.0,0.015547272101775369,1.9346573089808141,1.9346573089808141,1.9346573089808141,19.03079605102539,1.0,2.6064300537109375,0.0,0.0,2.0,1.0,0.0
2024-03-21,82.78301479586644,83.223807842342,81.63312052774319,82.07391357421875,2275600,0.0,0.0,0.014681405503027177,1.910088023667814,1.910088023667814,1.910088023667814,18.56124496459961,-1.0,-0.46955108642578125,0.0,0.0,0.032454397429075126,0.5,0.5
2024-03-22,82.21766479863598,82.71595044170594,79.86036875890136,80.1670150756836,2298500,0.0,0.0,0.014484609389421319,1.9776232850347262,1.9776232850347262,1.9776232850347262,16.654346466064453,-1.0,-2.3764495849609375,0.0,0.0,0.8313139369402797,0.5,0.5
2024-03-25,80.57904563719791,81.04859227432094,79.29499722755476,79.54414367675781,2381900,0.0,0.0,0.014893552535502301,1.9616212680155443,1.9616212680155443,1.9616212680155443,16.031475067138672,-1.0,-2.9993209838867188,0.0,0.0,1.3242004848042808,0.5,0.5
2024-03-26,79.48665085258793,80.07118258638816,78.38467174836329,78.39424896240234,2441800,0.0,0.0,0.015047378996271375,1.9419705230162105,1.9419705230162105,1.9419705230162105,14.881580352783203,-1.0,-4.1492156982421875,0.0,0.0,2.0,0.5,0.5
2024-03-27,78.76797301328266,79.43875091751033,78.41342597571985,79.16085815429688,2419900,0.0,0.0,0.015058249183576315,1.8778656253084804,1.8778656253084804,1.8778656253084804,15.648189544677734,-1.0,-3.3826065063476562,0.0,0.0,1.6842664992180358,0.5,0.5
2024-03-28,79.37167015036192,80.43532583506448,78.49966110885678,79.73580169677734,2325200,0.0,0.0,0.014574049688264909,1.881994132515567,1.881994132515567,1.881994132515567,16.223133087158203,1.0,0.5749435424804688,0.36414324867631365,0.0005038196048275751,0.028889993310508368,0.014696906457667972,0.985303093542332
2024-04-01,80.01369230459348,80.26283878275973,79.21834486600355,79.85079193115234,1424800,0.0,0.0,0.008943339152589908,1.8221726885327536,1.8221726885327536,1.8221726885327536,16.338123321533203,1.0,0.6899337768554688,0.0,0.0,0.04160177438247359,0.020800887191236794,0.9791991128087632
2024-04-02,80.05202856315432,81.49898490520864,78.89254950868867,79.47708129882812,1746100,0.0,0.0,0.010908815296799457,1.8781914533889834,1.8781914533889834,1.8781914533889834,15.964412689208984,1.0,0.31622314453125,0.0,0.0,0.008739454913714582,0.004369727456857291,0.9956302725431427
2024-04-03,79.55373226814423,79.95620191622011,79.00753129309568,79.73580169677734,1543200,0.0,0.0,0.00967257589838741,1.8117971083700868,1.8117971083700868,1.8117971083700868,16.223133087158203,1.0,0.5749435424804688,0.21081357290786684,0.00016886034635856485,0.028889993310508368,0.014529426828433466,0.9854705731715665
2024-04-04,80.1670135275469,82.6680335305612,79.38124332224263,82.58179473876953,3585300,0.0,0.0,0.023274286959462563,1.9171537583664076,1.9171537583664076,1.9171537583664076,19.06912612915039,1.0,3.4209365844726562,0.0,0.0,1.0227914462433387,0.5113957231216694,0.48860427687833063
2024-04-05,81.75770394379376,82.59138218148432,80.81861786073365,81.55647277832031,2755300,0.0,0.0,0.01766419675031094,1.9068402271081404,1.9068402271081404,1.9068402271081404,18.043804168701172,1.0,2.3956146240234375,0.0,0.0,0.5015693057525996,0.2507846528762998,0.7492153471237002
2024-04-08,81.65229676278727,81.91102777110879,76.35318742965174,76.4585952758789,4609500,0.0,0.0,0.027704269321662593,2.167625949561634,2.167625949561634,2.167625949561634,12.945926666259766,-1.0,-5.097877502441406,3.028055892590885,0.05470934172460153,2.0,0.026626316731826288,0.9733736832681738
2024-04-09,76.65981507183453,78.02052503475566,76.18069122763556,77.7330551147461,2607500,0.0,0.0,0.01593296567326061,2.1442122251015245,2.1442122251015245,2.1442122251015245,14.220386505126953,-1.0,-3.8234176635742188,0.0,0.0,2.0,0.5,0.5
2024-04-10,76.16153918396061,77.70431143265307,75.55783838449122,77.51266479492188,3303900,0.0,0.0,0.02013103611840699,2.146426832612478,2.146426832612478,2.146426832612478,13.999996185302734,-1.0,-4.0438079833984375,0.0,0.0,2.0,0.5,0.5
2024-04-11,77.28269007829005,77.63723710161412,76.53525792973018,77.46475219726562,2348000,0.0,0.0,0.014297786078854395,2.071823428274725,2.071823428274725,2.071823428274725,13.952083587646484,-1.0,-4.0917205810546875,0.0,0.0,2.0,0.5,0.5
2024-04-12,76.45859054803944,77.45516910747666,74.6858336333344,74.83914947509766,3429800,0.0,0.0,0.020177353634927522,2.122330223678761,2.122330223678761,2.122330223678761,11.326480865478516,-1.0,-6.717323303222656,0.0,0.0,2.0,0.5,0.5
2024-04-15,75.10747170036501,76.14238124112472,74.38878573775716,74.81041717529297,2419600,0.0,0.0,0.014228929212750235,2.0959920293708185,2.0959920293708185,2.0959920293708185,11.297748565673828,-1.0,-6.746055603027344,0.0,0.0,2.0,0.5,0.5
2024-04-16,74.84873106048691,75.51950154970385,74.42709971820769,74.5037612915039,2027600,0.0,0.0,0.01187482033320953,2.0243070152369147,2.0243070152369147,2.0243070152369147,10.991092681884766,-1.0,-7.052711486816406,0.0,0.0,2.0,0.5,0.5
2024-04-17,74.92539757445456,75.08829794531337,73.88090367425582,74.55168151855469,1839200,0.0,0.0,0.010778367025200157,1.965956104938389,1.965956104938389,1.965956104938389,11.039012908935547,-1.0,-7.004791259765625,0.0,0.0,2.0,0.5,0.5
2024-04-18,77.23477728633678,77.80014733440143,75.89322879875824,76.2669448852539,4194400,0.0,0.0,0.02514622289555694,2.0575639414318427,2.0575639414318427,2.0575639414318427,12.754276275634766,1.0,1.7152633666992188,2.280645784697583,0.031974520249613954,0.05996132605330118,0.04596792315145756,0.9540320768485424
2024-04-19,76.31486266973343,77.2826951020951,75.98906189081343,76.15196228027344,1503900,0.0,0.0,0.0090025724357722,2.0029974607068306,2.0029974607068306,2.0029974607068306,12.639293670654297,1.0,1.60028076171875,0.0,0.0,0.05219176363353909,0.026095881816769546,0.9739041181832304
2024-04-22,75.74949543407607,76.13278872522956,75.04038676157013,75.50993347167969,1400000,0.0,0.0,0.008309955339068201,1.9393244648494359,1.9393244648494359,1.9393244648494359,11.997264862060547,-1.0,-0.64202880859375,0.8528420371881111,0.005053272334144783,0.16095951808956938,0.030439054251466556,0.9695609457485335
2024-04-23,75.00206455019939,76.17112823016576,74.68584827990908,75.26079559326172,1606900,0.0,0.0,0.009506578137861228,1.9068927138070964,1.9068927138070964,1.9068927138070964,11.748126983642578,-1.0,-0.8911666870117188,0.0,0.0,0.31011696050277615,0.5,0.5
2024-04-24,75.17453804603787,76.09446238056236,74.80082198363444,75.9411392211914,1416200,0.0,0.0,0.008454117202738254,1.8630889768871557,1.8630889768871557,1.8630889768871557,12.428470611572266,-1.0,-0.21082305908203125,0.0,0.0,0.017355768671556304,0.5,0.5
2024-04-25,75.78781785267621,76.65982689279008,75.02122397025879,76.6310806274414,1507300,0.0,0.0,0.009079694064531105,1.8470542587188796,1.8470542587188796,1.8470542587188796,13.118412017822266,1.0,0.68994140625,0.4886986626243157,0.0013877772610208902,2.0,1.0,0.0
2024-04-26,76.334019828483,76.74605934555875,75.68241106131754,76.65982055664062,1380400,0.0,0.0,0.00831839071571255,1.791096689113332,1.791096689113332,1.791096689113332,13.147151947021484,1.0,0.7186813354492188,0.0,0.0,2.0,1.0,0.0
2024-04-29,77.11978441748585,78.01095514377499,76.3627677952961,77.45516967773438,1222100,0.0,0.0,0.007440870054297917,1.7808888790680153,1.7808888790680153,1.7808888790680153,13.942501068115234,1.0,1.5140304565429688,0.0,0.0,2.0,1.0,0.0
2024-04-30,77.503078140165,77.503078140165,75.54825178344869,75.6728286743164,1869500,0.0,0.0,0.011120696906059149,1.793312984614322,1.793312984614322,1.793312984614322,12.160160064697266,-1.0,-1.7823410034179688,0.13415927786884652,0.00012172025140269504,1.3858377057997862,8.782382017451602e-05,0.9999121761798255
2024-05-01,75.60575512343796,75.81657081542349,74.2642067014988,74.71458435058594,1889300,0.0,0.0,0.011096164224680972,1.7761023509936347,1.7761023509936347,1.7761023509936347,11.201915740966797,-1.0,-2.7405853271484375,0.0,0.0,2.0,0.5,0.5
2024-05-02,73.30597144951984,73.30597144951984,70.07667308186304,70.78578186035156,4327100,0.0,0.0,0.024077396892753393,1.9805172736885823,1.9805172736885823,1.9805172736885823,7.273113250732422,-1.0,-6.6693878173828125,0.0,0.0,2.0,0.5,0.5
2024-05-03,71.0157434515022,72.03148375726869,70.34497293087347,70.99657440185547,2360700,0.0,0.0,0.013174822137718848,1.959516813167628,1.959516813167628,1.959516813167628,7.483905792236328,-1.0,-6.458595275878906,0.0,0.0,2.0,0.5,0.5
2024-05-06,71.54278648821499,72.19438799411817,70.8336778302896,71.3990478515625,2433900,0.0,0.0,0.01366034655720984,1.9167449096434097,1.9167449096434097,1.9167449096434097,7.886379241943359,1.0,0.40247344970703125,0.0,0.0,0.0038832766484561704,0.0019416383242280852,0.9980583616757719
2024-05-07,71.34153889097989,72.09855545712139,71.11156148824381,71.85899353027344,2882800,0.0,0.0,0.01628404185228672,1.8503341281601364,1.8503341281601364,1.8503341281601364,8.346324920654297,1.0,0.8624191284179688,0.0,0.0,0.017830380864747156,0.008915190432373578,0.9910848095676265
2024-05-08,71.2936445569068,71.50446026267582,69.99042684019943,70.19165802001953,3092500,0.0,0.0,0.017063250865419512,1.851636454011127,1.851636454011127,1.851636454011127,6.678989410400391,-1.0,-1.6673355102539062,0.8432509900901692,0.015940142876262837,2.0,0.007907051671445006,0.992092948328555
2024-05-09,70.52703151881177,71.54277908475281,70.2587233239462,71.18822479248047,1673300,0.0,0.0,0.009363722629433486,1.8158853547769949,1.8158853547769949,1.8158853547769949,7.675556182861328,1.0,0.9965667724609375,0.0,0.0,0.35724553231713485,0.17862276615856743,0.8213772338414326
2024-05-10,71.52362012474508,72.02191310908155,70.74744169285103,70.8624267578125,1283900,0.0,0.0,0.0071517740713282615,1.7772129305951043,1.7772129305951043,1.7772129305951043,7.349758148193359,1.0,0.6707687377929688,0.0,0.0,0.16184512690121752,0.08092256345060876,0.9190774365493912
2024-05-13,71.2265619179673,72.33812558288626,70.83367680419853,71.15948486328125,1886100,0.0,0.0,0.010550282215229963,1.757729776887435,1.757729776887435,1.757729776887435,7.646816253662109,1.0,0.9678268432617188,0.0,0.0,0.33693748304121485,0.16846874152060742,0.8315312584793926
2024-05-14,71.36207315430735,71.89267762797928,71.33313202888631,71.75761413574219,1263300,0.5,0.0,0.0071259218150129325,1.684548561731049,1.684548561731049,1.684548561731049,8.244945526123047,1.0,1.5659561157226562,0.0,0.0,0.8820905614966916,0.4410452807483458,0.5589547192516542
2024-05-15,72.08564076249672,72.68377706552046,71.41031584692857,72.18211364746094,1653000,0.0,0.0,0.009379269502074883,1.655185180078252,1.655185180078252,1.655185180078252,8.669445037841797,1.0,1.9904556274414062,0.0,0.0,1.4251448294418974,0.7125724147209487,0.2874275852790513
2024-05-16,72.17246287255874,74.78691701895248,71.83480410095976,74.5939712524414,2681300,0.0,0.0,0.015722286408881413,1.7478228756435712,1.7478228756435712,1.7478228756435712,11.081302642822266,1.0,4.402313232421875,0.0,0.0,2.0,1.0,0.0
2024-05-17,74.55537877658622,74.67115064986491,73.0696728580169,73.53275299072266,1285500,0.0,0.0,0.0074305245466878165,1.7373696553724598,1.7373696553724598,1.7373696553724598,10.020084381103516,1.0,3.341094970703125,0.0,0.0,2.0,1.0,0.0
2024-05-20,73.46522450368637,76.42698697626967,73.46522450368637,75.79025268554688,1966600,0.0,0.0,0.01171644764585146,1.8248262851732344,1.8248262851732344,1.8248262851732344,12.277584075927734,1.0,5.598594665527344,0.0,0.0,2.0,1.0,0.0
2024-05-21,75.59731028068796,76.60064452380861,74.85445357510756,75.80955505371094,1587600,0.0,0.0,0.009460881531384411,1.8192094754252217,1.8192094754252217,1.8192094754252217,12.296886444091797,1.0,5.617897033691406,0.0,0.0,2.0,1.0,0.0
2024-05-22,74.97986922782374,78.06704561665684,74.3431349573968,76.87076568603516,2263400,0.0,0.0,0.013676944510649365,1.955259559984852,1.955259559984852,1.955259559984852,13.358097076416016,1.0,6.679107666015625,0.0,0.0,2.0,1.0,0.0
2024-05-23,76.62957978084094,76.71640316656267,75.03775146559407,75.5008316040039,2838200,0.0,0.0,0.016844623071847482,1.94652775001744,1.94652775001744,1.94652775001744,11.988162994384766,1.0,5.309173583984375,0.0,0.0,2.0,1.0,0.0
2024-05-24,75.73236914496155,75.83849152495283,74.34313606900965,74.77727508544922,1867500,0.0,0.0,0.010977332325281247,1.9143011575835647,1.9143011575835647,1.9143011575835647,11.264606475830078,-1.0,-0.7235565185546875,0.0,0.0,0.018573385428574715,0.5,0.5
2024-05-28,74.83515993789486,76.47522109576703,74.83515993789486,75.93496704101562,1879000,0.0,0.0,0.011215926517371822,1.8988472184931535,1.8988472184931535,1.8988472184931535,12.422298431396484,1.0,1.1576919555664062,0.0,0.0,2.0,1.0,0.0
2024-05-29,75.39471283703998,75.7323716205913,74.15984222267545,74.38172912597656,1704300,0.0,0.0,0.009965036194048253,1.8900099041965122,1.8900099041965122,1.8900099041965122,10.869060516357422,-1.0,-1.5532379150390625,0.18329384633419465,0.0002843883201615552,1.8000722443553212,0.00015796221426358733,0.9998420377857364
2024-05-30,74.217720572361,74.9895183458806,73.57134416927353,74.26596069335938,1655100,0.0,0.0,0.009662302022971253,1.8563073522258375,1.8563073522258375,1.8563073522258375,10.753292083740234,-1.0,-1.66900634765625,0.0,0.0,2.0,0.5,0.5
2024-05-31,74.25631209332577,76.95758961242976,73.70640856518887,76.91900634765625,5632500,0.0,0.0,0.034056611261243284,1.9559411875840558,1.9559411875840558,1.9559411875840558,13.40633773803711,1.0,2.653045654296875,1.2252179918384627,0.008352306422762256,2.0,1.0,0.0
2024-06-03,76.56204938910714,78.06704698499126,76.3594541250773,77.70044708251953,2480700,0.0,0.0,0.015151803546427233,1.938202021321906,1.938202021321906,1.938202021321906,14.18777847290039,1.0,3.4344863891601562,0.0,0.0,2.0,1.0,0.0
2024-06-04,78.39505878386453,79.24403041317467,76.56204466381816,77.67150115966797,3007500,0.0,0.0,0.01836258847308657,1.991329430467235,1.991329430467235,1.991329430467235,14.158832550048828,1.0,3.4055404663085938,0.0,0.0,2.0,1.0,0.0
2024-06-05,77.25666425374446,77.25666425374446,73.39769010353236,74.13088989257812,2907800,0.0,0.0,0.016944560632843712,2.1543638323006906,2.1543638323006906,2.1543638323006906,10.618221282958984,-1.0,-3.5406112670898438,2.961764021544951,0.07780318265210774,1.0808972298214579,0.06714693618345693,0.9328530638165431
2024-06-06,74.19842713236089,74.9412763989365,73.74499650349664,74.57467651367188,1522600,0.0,0.0,0.008925730505390495,2.0859292653820596,2.0859292653820596,2.0859292653820596,11.062007904052734,-1.0,-3.0968246459960938,0.0,0.0,0.8269155122123637,0.5,0.5
2024-06-07,74.9123339482759,75.89636907577098,74.45890332741911,75.11492919921875,1916600,0.0,0.0,0.011316817503556119,2.039610442737046,2.039610442737046,2.039610442737046,11.60226058959961,1.0,0.540252685546875,0.0,0.0,0.030434112349265508,0.015217056174632754,0.9847829438253672
2024-06-10,74.83516107111241,76.18580358885296,74.56503403964622,75.89637756347656,1923400,0.0,0.0,0.011475119745528308,2.00969323605631,2.00969323605631,2.00969323605631,12.383708953857422,1.0,1.3217010498046875,0.0,0.0,0.1821517049474673,0.09107585247373365,0.9089241475262664
2024-06-11,75.36577068674511,75.36577068674511,73.60993767564003,74.1019515991211,1617200,0.0,0.0,0.009420196132388852,2.029460854040612,2.029460854040612,2.029460854040612,10.589282989501953,-1.0,-1.7944259643554688,0.848965651779082,0.006427574658507993,1.843251599090331,0.003474967307698502,0.9965250326923015
2024-06-12,74.28526141862291,75.05705928661675,72.1724704593075,72.53907775878906,1828000,0.0,0.0,0.010423529205867916,2.0905414235598,2.0905414235598,2.0905414235598,9.026409149169922,-1.0,-3.3572998046875,0.0,0.0,2.0,0.5,0.5
2024-06-13,72.51012614505844,72.78025315168489,69.90531423742715,70.37803649902344,3132400,0.0,0.0,0.017329296316061272,2.14656981575251,2.14656981575251,2.14656981575251,6.865367889404297,-1.0,-5.518341064453125,0.0,0.0,2.0,0.5,0.5
2024-06-14,70.08862222422185,71.14983868506984,69.98249984209612,70.67711639404297,1764000,0.0,0.0,0.009800403783902343,2.0766247462683105,2.0766247462683105,2.0766247462683105,7.164447784423828,-1.0,-5.219261169433594,0.0,0.0,2.0,0.5,0.5
2024-06-17,70.60957734691235,71.7865655650167,70.56133722896041,71.41030883789062,1865700,0.0,0.0,0.0104729562493564,2.0158107169674517,2.0158107169674517,2.0158107169674517,7.897640228271484,1.0,0.7331924438476562,0.0,0.0,0.01973412625978552,0.00986706312989276,0.9901329368701073
2024-06-18,71.53573860226373,72.24964679726729,70.6964090300179,70.95689392089844,2017400,0.0,0.0,0.011252607724674502,1.98276979198759,1.98276979198759,1.98276979198759,7.444225311279297,1.0,0.27977752685546875,0.0,0.0,0.002873476138420116,0.001436738069210058,0.9985632619307899
2024-06-20,71.12090029150099,72.39436156559061,71.02442740233246,71.51644134521484,2458600,0.0,0.0,0.01382166426550863,1.9438196386093463,1.9438196386093463,1.9438196386093463,8.003772735595703,1.0,0.839324951171875,0.0,0.0,0.025860815098294684,0.012930407549147342,0.9870695924508527
2024-06-21,71.294550331826,71.57432684659508,70.2429760273209,70.53240203857422,5844700,0.0,0.0,0.03240540586007734,1.9000718657996913,1.9000718657996913,1.9000718657996913,7.019733428955078,-1.0,-0.984039306640625,0.4534330026969968,0.004172391122416399,1.3745629219792488,0.0030262451993269108,0.9969737548006731
2024-06-24,71.25595679974026,73.36874745864392,70.94723916852041,72.93460845947266,2835500,0.0,0.0,0.016256605764475903,1.9669485482475495,1.9669485482475495,1.9669485482475495,9.421939849853516,1.0,2.4022064208984375,0.9743858930533094,0.01069501309652774,2.0,1.0,0.0
2024-06-25,72.48118266322363,73.388043985601,72.23999676773258,72.78025817871094,1222300,0.0,0.0,0.006992910502426784,1.908455596077612,1.908455596077612,1.908455596077612,9.267589569091797,1.0,2.2478561401367188,0.0,0.0,2.0,1.0,0.0
2024-06-26,72.75131308721627,73.62922587158373,72.48117871623266,73.53275299072266,1674900,0.0,0.0,0.009681357886617989,1.8541407074542873,1.8541407074542873,1.8541407074542873,10.020084381103516,1.0,3.0003509521484375,0.0,0.0,2.0,1.0,0.0
2024-06-27,73.18545359942792,73.72570768604156,72.07599693406641,72.12423706054688,1471300,0.0,0.0,0.008341593719561629,1.839538567777206,1.839538567777206,1.839538567777206,8.611568450927734,1.0,1.5918350219726562,0.16399983366616766,0.000362678907726254,2.0,1.0,0.0
2024-06-28,72.51012427443908,72.9056652781068,71.24630529688523,71.50679016113281,2999600,0.0,0.0,0.01686076187780017,1.8266686687375178,1.8266686687375178,1.8266686687375178,7.994121551513672,-1.0,-0.6174468994140625,1.234873419347437,0.02386181037511978,0.15045378485373984,0.1368885574683752,0.8631114425316249
2024-07-01,71.67079733779507,72.16281859633804,70.62887256455429,70.79287719726562,1320600,0.0,0.0,0.0073489860473616294,1.8057599089551062,1.8057599089551062,1.8057599089551062,7.280208587646484,-1.0,-1.33135986328125,0.0,0.0,0.6995114205206907,0.5,0.5
2024-07-02,70.99547342532796,71.13054429221842,67.95653716908772,68.3327865600586,2207100,0.0,0.0,0.011855440861206355,1.903491852824791,1.903491852824791,1.903491852824791,4.820117950439453,-1.0,-3.7914505004882812,0.0,0.0,2.0,0.5,0.5
2024-07-03,68.33278346929914,68.67044222022997,67.33909884781328,67.49345397949219,1879900,0.0,0.0,0.009973853114162113,1.8626241042242129,1.8626241042242129,1.8626241042242129,3.980785369873047,-1.0,-4.6307830810546875,0.0,0.0,2.0,0.5,0.5
2024-07-05,67.34873951573095,68.04335599417222,66.88566677037585,67.66710662841797,3342600,0.0,0.0,0.017779870038402656,1.812271612765081,1.812271612765081,1.812271612765081,4.154438018798828,-1.0,-4.457130432128906,0.0,0.0,2.0,0.5,0.5
2024-07-08,67.62852310654472,67.95653974931754,66.72166915151026,66.93390655517578,1830700,0.0,0.0,0.009632298241219073,1.7710286831252386,1.7710286831252386,1.7710286831252386,3.4212379455566406,-1.0,-5.190330505371094,0.0,0.0,2.0,0.5,0.5
2024-07-09,66.75060559068754,67.63816785044362,66.69271597520165,67.40663146972656,2123700,0.0,0.0,0.011252845549639666,1.7120589111335767,1.7120589111335767,1.7120589111335767,3.893962860107422,-1.0,-4.7176055908203125,0.0,0.0,2.0,0.5,0.5
2024-07-10,67.55134821760028,67.71536023464174,66.93391286053254,67.2908706665039,2205200,0.0,0.0,0.011664622754215526,1.6455866584889778,1.6455866584889778,1.6455866584889778,3.7782020568847656,1.0,-0.11576080322265625,0.0,0.0,0.005288432339005505,0.5,0.5
2024-07-11,67.52240453430927,68.89234608143141,67.50311290030913,67.86971282958984,1758700,0.0,0.0,0.009382840669432341,1.642435855377444,1.642435855377444,1.642435855377444,4.357044219970703,1.0,0.46308135986328125,1.2541782309877902,0.08285802579944829,2.0,1.0,0.0
2024-07-12,68.32314450661129,68.52573978840327,67.54170451106936,68.14949035644531,1411700,0.0,0.0,0.007562608065217843,1.5954072426600492,1.5954072426600492,1.5954072426600492,4.636821746826172,1.0,0.74285888671875,0.0,0.0,2.0,1.0,0.0
2024-07-15,67.81182644585091,68.36172998655594,67.2619229051459,68.25560760498047,1625500,0.0,0.0,0.008721513900301557,1.560007231142192,1.560007231142192,1.560007231142192,4.742938995361328,-1.0,0.10611724853515625,0.24118999516323925,0.0025859701066737032,0.8403281238089514,0.42145704695781255,0.5785429530421875
2024-07-16,67.87936374698536,70.91830771406707,67.83112362036107,70.61923217773438,1716800,0.0,0.0,0.009530359041791388,1.6690912927538926,1.6690912927538926,1.6690912927538926,7.106563568115234,1.0,2.3636245727539062,0.0,0.0,2.0,1.0,0.0
2024-07-17,70.5999333186582,71.12089571916735,70.05967928571944,70.30086517333984,1752800,0.0,0.0,0.009686337582782843,1.6256716599463226,1.6256716599463226,1.6256716599463226,6.788196563720703,1.0,2.045257568359375,0.0,0.0,2.0,1.0,0.0
2024-07-18,70.14651250048455,70.59994321040647,69.50013599759636,69.85709381103516,1243800,0.0,0.0,0.006830108977225254,1.5881099137223071,1.5881099137223071,1.5881099137223071,6.344425201416016,-1.0,-0.4437713623046875,0.0,0.0,0.04707849040278447,0.5,0.5
2024-07-19,70.30086592310224,70.30086592310224,68.61256469175366,69.21070098876953,1124900,0.0,0.0,0.00612003253790247,1.5952664364098978,1.5952664364098978,1.5952664364098978,5.698032379150391,-1.0,-1.0901641845703125,0.0,0.0,0.28411083927137487,0.5,0.5
2024-07-22,69.53871462917225,69.63518750900872,68.52573098986706,68.87303924560547,992100,0.0,0.0,0.005371199260409486,1.5605657280335952,1.5605657280335952,1.5605657280335952,5.360370635986328,-1.0,-1.427825927734375,0.0,0.0,0.4873651952047612,0.5,0.5
2024-07-23,68.31348315622981,68.85374450767785,67.93723378955467,68.03370666503906,1935300,0.0,0.0,0.010349967741558047,1.5159399943205385,1.5159399943205385,1.5159399943205385,4.521038055419922,-1.0,-2.2671585083007812,0.0,0.0,1.2287619455482448,0.5,0.5
2024-07-24,68.28455206569686,69.09494053177087,68.00477553338617,68.95987701416016,1216500,0.0,0.0,0.006594398043117997,1.4855274946108363,1.4855274946108363,1.4855274946108363,5.447208404541016,1.0,0.9261703491210938,0.0,0.0,0.16688525880948907,0.08344262940474453,0.9165573705952554
2024-07-25,68.89233693410257,71.33313681377926,68.75726607239687,70.91829681396484,1615500,0.0,0.0,0.009005997575900097,1.5634091550945186,1.5634091550945186,1.5634091550945186,7.405628204345703,1.0,2.8845901489257812,0.0,0.0,1.6188419959817353,0.8094209979908676,0.19057900200913236
2024-07-26,71.23665911529213,72.49082865537632,71.10159560917957,72.39435577392578,1668600,0.0,0.0,0.009495624086604705,1.5640607755457299,1.5640607755457299,1.5640607755457299,8.88168716430664,1.0,4.360649108886719,0.0,0.0,2.0,1.0,0.0
2024-07-29,72.36541708087545,72.56801234686232,71.40067351308501,71.99880981445312,1235500,0.0,0.0,0.0069925347527204675,1.5357234939908426,1.5357234939908426,1.5357234939908426,8.486141204833984,1.0,3.9651031494140625,0.0,0.0,2.0,1.0,0.0
2024-07-30,71.94092048455852,74.08265217220543,71.71902624719687,73.73534393310547,1678700,0.0,0.0,0.009730056613183284,1.5948593819206798,1.5948593819206798,1.5948593819206798,10.222675323486328,1.0,5.701637268066406,0.0,0.0,2.0,1.0,0.0
2024-07-31,73.80288446845421,74.80621868303919,73.55204907470561,73.69676208496094,1540900,0.0,0.0,0.008926668945934786,1.5705243980930301,1.5705243980930301,1.5705243980930301,10.184093475341797,1.0,5.663055419921875,0.0,0.0,2.0,1.0,0.0
2024-08-01,73.84146393332782,75.0956259916726,72.88636998666993,73.12755584716797,1579700,0.0,0.0,0.009080760943028595,1.6161480843008618,1.6161480843008618,1.6161480843008618,9.614887237548828,1.0,5.093849182128906,0.0,0.0,2.0,1.0,0.0
2024-08-02,72.41364376997468,72.56800626087184,69.2685853022361,70.63851928710938,1751700,0.0,0.0,0.009726752906987837,1.7763496886316477,1.7763496886316477,1.7763496886316477,7.125850677490234,-1.0,-2.4890365600585938,4.283463772469503,0.3613406001026803,0.23876484717148413,0.6021285121539616,0.39787148784603843
2024-08-05,69.6737787206067,70.41662799806198,68.95022107511784,70.29121398925781,1588200,0.0,0.0,0.008775518823411923,1.7700602974430684,1.7700602974430684,1.7700602974430684,6.778545379638672,-1.0,-2.8363418579101562,0.0,0.0,0.3100451797671016,0.5,0.5
2024-08-06,70.42628825286349,70.99548348793772,69.60625760145327,70.81218719482422,1823000,0.0,0.0,0.010147551026645567,1.742857839517453,1.742857839517453,1.742857839517453,7.299518585205078,1.0,0.5209732055664062,0.0,0.0,0.033737556626807046,0.016868778313403523,0.9831312216865965
2024-08-07,71.85410356646707,72.57766123625649,70.63852462030628,70.71570587158203,2877000,0.0,0.0,0.015992719093653716,1.7568777521197925,1.7568777521197925,1.7568777521197925,7.203037261962891,1.0,0.42449188232421875,0.0,0.0,0.022398639019549506,0.011199319509774753,0.9888006804902253
2024-08-08,74.46855501609305,76.81288207518944,72.86707723232766,76.7260513305664,2982100,0.0,0.0,0.017985876920996513,2.0668990700831933,2.0668990700831933,2.0668990700831933,13.213382720947266,1.0,6.434837341308594,0.0,0.0,2.0,1.0,0.0
2024-08-09,76.86111868547094,77.04442231965061,74.97022216586002,76.97689056396484,1554100,0.0,0.0,0.009403854282701808,2.067420576062293,2.067420576062293,2.067420576062293,13.464221954345703,1.0,6.685676574707031,0.0,0.0,2.0,1.0,0.0
2024-08-12,77.17948875223396,78.95461346053874,77.1408981246087,77.99951934814453,2215100,0.0,0.0,0.013581627968179851,2.0610135989559786,2.0610135989559786,2.0610135989559786,14.48685073852539,1.0,7.708305358886719,0.0,0.0,2.0,1.0,0.0
2024-08-13,77.95129190458198,78.7809720541321,77.20843515280774,78.07670593261719,1283500,0.0,0.0,0.007877418552124421,2.0261224062680063,2.0261224062680063,2.0261224062680063,14.564037322998047,1.0,7.785491943359375,0.0,0.0,2.0,1.0,0.0
2024-08-14,77.74868153261818,78.16352156618599,77.19877798676404,77.71009826660156,1291600,0.0,0.0,0.007889910211554052,1.9503096329218594,1.9503096329218594,1.9503096329218594,14.197429656982422,-1.0,-0.366607666015625,0.0,0.0,0.0022173332269436034,0.5,0.5
2024-08-15,78.48671349819526,78.58378896803724,77.12763470125668,77.44799041748047,1533200,0.5,0.0,0.009334166219446108,1.9150128210546238,1.9150128210546238,1.9150128210546238,13.935321807861328,-1.0,-0.6287155151367188,0.0,0.0,0.006521330884452533,0.5,0.5
2024-08-16,78.29256449421383,78.98180997543149,77.14705614643628,78.60321044921875,1777100,0.0,0.0,0.010980414077318123,1.9092800359075224,1.9092800359075224,1.9092800359075224,15.09054183959961,1.0,1.1552200317382812,0.818288409245497,0.002940377776066782,2.0,1.0,0.0
2024-08-19,78.85560735660405,79.38952612161057,78.53525165377017,78.76823425292969,863800,0.0,0.0,0.005348486157363393,1.8339224953312991,1.8339224953312991,1.8339224953312991,15.255565643310547,1.0,1.3202438354492188,0.0,0.0,2.0,1.0,0.0
2024-08-20,78.58377939423805,78.92355460686585,77.65184166580177,77.71979522705078,1186700,0.0,0.0,0.007250019195746571,1.793764670026498,1.793764670026498,1.793764670026498,14.20712661743164,-1.0,-1.0484390258789062,0.0,0.0,0.630634984857615,0.5,0.5
2024-08-21,78.2440207265176,78.62262024146399,77.64214837269698,77.78775787353516,1252100,0.0,0.0,0.00765626286289316,1.735672327079392,1.735672327079392,1.735672327079392,14.275089263916016,-1.0,-0.9804763793945312,0.0,0.0,0.5515259793245126,0.5,0.5
2024-08-22,77.74891749685264,77.83629059395356,76.25393914220135,76.57428741455078,1457100,0.0,0.0,0.008770793551812173,1.7247208359845938,1.7247208359845938,1.7247208359845938,13.06161880493164,-1.0,-2.1939468383789062,0.0,0.0,2.0,0.5,0.5
2024-08-23,77.04996925674324,78.3216747893527,76.79756714120838,78.0595703125,1249200,0.0,0.0,0.007665221309913656,1.7263398744715455,1.7263398744715455,1.7263398744715455,14.54690170288086,1.0,1.4852828979492188,0.0,0.0,0.45831720528166237,0.22915860264083118,0.7708413973591688
2024-08-26,78.17606918988241,79.5739796853426,77.74892822596209,79.25362396240234,1180500,0.0,0.0,0.007354475199344771,1.7333907019650425,1.7333907019650425,1.7333907019650425,15.740955352783203,1.0,2.6793365478515625,0.0,0.0,1.4914281517434511,0.7457140758717256,0.25428592412827444
2024-08-27,79.1080023815845,79.47689952187895,78.79735644608478,79.23420715332031,1300000,0.0,0.0,0.008096971959729674,1.658115871524266,1.658115871524266,1.658115871524266,15.721538543701172,1.0,2.6599197387695312,0.0,0.0,1.4698900993965898,0.7349450496982949,0.2650549503017051
2024-08-28,78.72939670629248,79.85549276317592,78.63232124775698,79.45747375488281,1308900,0.0,0.0,0.00817537696904831,1.6270484175167428,1.6270484175167428,1.6270484175167428,15.944805145263672,1.0,2.8831863403320312,0.0,0.0,1.7270035232874372,0.8635017616437186,0.1364982383562814
2024-08-29,79.93315493974194,81.00100728632401,79.49631163896441,80.50591278076172,1380300,0.0,0.0,0.00873509902743121,1.6210830685113469,1.6210830685113469,1.6210830685113469,16.993244171142578,1.0,3.9316253662109375,0.0,0.0,2.0,1.0,0.0
2024-08-30,80.43795916330804,80.87480246381118,79.78754539362262,80.6612319946289,1772200,0.0,0.0,0.011236838773430312,1.582952640059719,1.582952640059719,1.582952640059719,17.148563385009766,1.0,4.086944580078125,0.0,0.0,2.0,1.0,0.0
2024-09-03,79.76812924938578,79.83608281916285,76.08891189972138,76.79757690429688,2946400,0.0,0.0,0.017787126337877757,1.7964788868345622,1.7964788868345622,1.7964788868345622,13.284908294677734,-1.0,-3.8636550903320312,3.407399739243033,0.06578532884939471,0.8937153197334924,0.06856204729674219,0.9314379527032578
2024-09-04,77.48682169662484,78.50613264079345,77.48682169662484,77.78775787353516,1337700,0.0,0.0,0.008179684395569188,1.7901986618104206,1.7901986618104206,1.7901986618104206,14.275089263916016,-1.0,-2.87347412109375,0.0,0.0,0.49433013123324354,0.5,0.5
2024-09-05,78.14693937817619,78.46729506868697,76.12773717944418,76.24423217773438,1363100,0.0,0.0,0.00816960914746686,1.829438606627018,1.829438606627018,1.829438606627018,12.731563568115234,-1.0,-4.416999816894531,0.0,0.0,1.1680387887930914,0.5,0.5
2024-09-06,76.09861995056704,77.36062325380165,75.72973020958904,76.2636489868164,1444200,0.0,0.0,0.008657878526507507,1.8152567807402749,1.8152567807402749,1.8152567807402749,12.750980377197266,-1.0,-4.3975830078125,0.0,0.0,1.1577921335080157,0.5,0.5
2024-09-09,76.06949955121065,76.97231549360677,75.36083454865695,76.17628479003906,1484500,0.0,0.0,0.008889279386520546,1.8007013638980995,1.8007013638980995,1.8007013638980995,12.663616180419922,-1.0,-4.484947204589844,0.0,0.0,1.2042514359116958,0.5,0.5
2024-09-10,76.04038618256469,76.12775189338107,74.23475409518146,74.53569030761719,1552800,0.0,0.0,0.00909800909834303,1.8107606018237785,1.8107606018237785,1.8107606018237785,11.023021697998047,-1.0,-6.125541687011719,0.0,0.0,2.0,0.5,0.5
2024-09-11,74.7395431019822,75.4093764393101,73.88526859261235,75.18609619140625,1462500,0.0,0.0,0.0086437058097397,1.790285405029062,1.790285405029062,1.790285405029062,11.67342758178711,-1.0,-5.475135803222656,0.0,0.0,1.7947017827452079,0.5,0.5
2024-09-12,75.22492652509241,76.380144600809,75.22492652509241,75.42878723144531,1494000,0.0,0.0,0.008858379644204249,1.7476970481986114,1.7476970481986114,1.7476970481986114,11.916118621826172,1.0,0.2426910400390625,0.25239270742792996,0.0004486255140904134,0.0019647970354857444,0.0012067112747880789,0.9987932887252119
2024-09-13,76.21511104207048,77.43827520762824,76.04037224607893,76.8364028930664,1279900,0.0,0.0,0.0077305364206776825,1.766396400197491,1.766396400197491,1.766396400197491,13.323734283447266,1.0,1.6503067016601562,0.0,0.0,0.09085305494919937,0.04542652747459969,0.9545734725254003
2024-09-16,76.89464794331855,78.07898786808411,76.89464794331855,77.39945220947266,1304900,0.0,0.0,0.007939290342688986,1.728981298398935,1.728981298398935,1.728981298398935,13.886783599853516,1.0,2.2133560180664062,0.0,0.0,0.16342284247714525,0.08171142123857263,0.9182885787614273
2024-09-17,77.61301873837732,79.32157513603761,77.55477493828802,79.08859252929688,1564200,0.0,0.0,0.009724621231779787,1.742777128982222,1.742777128982222,1.742777128982222,15.575923919677734,1.0,3.902496337890625,0.0,0.0,0.5080368527452627,0.25401842637263133,0.7459815736273687
2024-09-18,79.53514264405855,80.38941710782365,78.94297267729962,79.10800170898438,1368800,0.0,0.0,0.00851190910227892,1.7216105076637795,1.7216105076637795,1.7216105076637795,15.595333099365234,1.0,3.921905517578125,0.0,0.0,0.5131028918365914,0.2565514459182957,0.7434485540817043
2024-09-19,80.57386824449122,81.58346941005568,80.08848349603043,80.70006561279297,2667100,0.0,0.0,0.016919197250711504,1.7754574500500317,1.7754574500500317,1.7754574500500317,17.187397003173828,1.0,5.513969421386719,0.0,0.0,1.0142357514409637,0.5071178757204818,0.49288212427951816
2024-09-20,80.1176010452187,80.47678840587247,79.13712183278437,79.22449493408203,5249600,0.0,0.0,0.03269281061324819,1.7602779021899293,1.7602779021899293,1.7602779021899293,15.71182632446289,-1.0,-1.4755706787109375,0.0,0.0,0.07161291083566636,0.5,0.5
2024-09-23,79.43806506018741,81.13691158034685,79.19537270016463,80.83596801757812,1581700,0.0,0.0,0.010050677189826428,1.7732251149036644,1.7732251149036644,1.7732251149036644,17.323299407958984,1.0,1.6114730834960938,0.0,0.0,1.1926858815756936,0.5963429407878468,0.4036570592121532
2024-09-24,81.8941160887287,82.85517582552993,81.76791871929292,82.40862274169922,1709800,0.0,0.0,0.011076040502516,1.7907953072642457,1.7907953072642457,1.7907953072642457,18.895954132080078,1.0,3.1841278076171875,0.0,0.0,2.0,1.0,0.0
2024-09-25,82.85517678848863,82.88429868897508,81.07866679497916,81.38931274414062,1492700,0.0,0.0,0.009550068364812998,1.7918550634593655,1.7918550634593655,1.7918550634593655,17.876644134521484,1.0,2.1648178100585938,0.0,0.0,2.0,1.0,0.0
2024-09-26,81.3990198094991,82.71926690118036,81.36989790997991,82.52511596679688,1661100,0.0,0.0,0.01077577433662157,1.7602489154408716,1.7602489154408716,1.7602489154408716,19.012447357177734,1.0,3.3006210327148438,0.3980208093130102,0.0004382637069166917,2.0,1.0,0.0
2024-09-27,82.9425449326034,84.16570911813514,82.6707306691519,83.1366958618164,1000500,0.0,0.0,0.006538474277346527,1.7517020751478283,1.7517020751478283,1.7517020751478283,19.624027252197266,1.0,3.912200927734375,0.0,0.0,2.0,1.0,0.0
2024-09-30,83.17552770347594,83.45705173589381,82.50569440543399,83.29202270507812,1462800,0.0,0.0,0.00957756100457683,1.6945345933843998,1.6945345933843998,1.6945345933843998,19.779354095458984,-1.0,0.15532684326171875,0.0,0.0,0.011080848030748403,0.0055404240153742014,0.9944595759846258
2024-10-01,82.7580900146088,85.58303247808901,82.46685623675506,84.66079711914062,1804100,0.0,0.0,0.012006309270615035,1.796080425380796,1.796080425380796,1.796080425380796,21.148128509521484,-1.0,1.5241012573242188,0.20387443239683023,9.293550181375013e-05,1.0668604346991617,0.5334766851004877,0.46652331489951226
2024-10-02,85.30151946260676,87.01977823554336,85.21414635543584,85.57333374023438,1870800,0.0,0.0,0.012584396089042207,1.8362876175966485,1.8362876175966485,1.8362876175966485,22.060665130615234,1.0,0.91253662109375,0.0,0.0,0.3824552007402968,0.1912276003701484,0.8087723996298516
2024-10-03,85.13647311336969,86.8450293250545,84.79670530585976,86.68000030517578,1536700,0.0,0.0,0.010470672158881955,1.851433074853655,1.851433074853655,1.851433074853655,23.16733169555664,-1.0,1.1066665649414062,0.0,0.0,0.5624883665017298,0.2812441832508649,0.718755816749135
2024-10-04,87.32071135102841,88.20411512872008,86.42760521117859,87.5148696899414,1289800,0.0,0.0,0.008873006291757057,1.8460814207599288,1.8460814207599288,1.8460814207599288,24.002201080322266,1.0,0.834869384765625,0.0,0.0,0.3201231174450934,0.1600615587225467,0.8399384412774533
2024-10-07,87.80608831345864,88.19439755051633,84.7287511264249,85.59273529052734,1997500,0.0,0.0,0.013439721205117711,1.9617646352836076,1.9617646352836076,1.9617646352836076,22.080066680908203,-1.0,-1.9221343994140625,0.0679541794348637,9.471779603622542e-06,2.0,4.735867373265275e-06,0.9999952641326267
2024-10-08,84.33075029161493,85.10736145847031,83.40851481009568,84.27249908447266,1286600,0.0,0.0,0.00852306864957066,1.9776543385084686,1.9776543385084686,1.9776543385084686,20.759830474853516,-1.0,-3.24237060546875,0.0,0.0,2.0,0.5,0.5
2024-10-09,84.2433774006415,85.18502501603962,83.86477788196979,84.89379119873047,1100600,0.0,0.0,0.0073446652005958015,1.930696681048566,1.930696681048566,1.930696681048566,21.381122589111328,1.0,0.6212921142578125,0.0,0.0,0.0367169311937146,0.0183584655968573,0.9816415344031427
2024-10-10,85.05881752144776,85.96163335999125,83.92301169423433,85.68981170654297,1510700,0.0,0.0,0.010175927032018667,1.9384056085277341,1.9384056085277341,1.9384056085277341,22.177143096923828,1.0,1.4173126220703125,0.0,0.0,0.19107593901096254,0.09553796950548127,0.9044620304945188
2024-10-11,85.72864797082565,86.42760316157026,84.94232708442954,85.2432632446289,886000,0.0,0.0,0.00593690849349821,1.9060392134286621,1.9060392134286621,1.9060392134286621,21.730594635009766,1.0,0.97076416015625,0.0,0.0,0.08964006467505453,0.044820032337527266,0.9551799676624727
2024-10-14,84.66080038707929,84.75787584798347,83.7191528629046,84.45693969726562,909000,0.0,0.0,0.006034840417715071,1.8787585825926372,1.8787585825926372,1.8787585825926372,20.944271087646484,-1.0,-0.7863235473632812,0.2038588313297396,9.4738948340836e-05,0.6561076391294349,0.00014437458855049614,0.9998556254114495
2024-10-15,83.3114358693349,84.07834464170398,82.10768379670728,82.58335876464844,1685400,0.0,0.0,0.010941127982664434,1.9123655338759022,1.9123655338759022,1.9123655338759022,19.070690155029297,-1.0,-2.6599044799804688,0.0,0.0,2.0,0.5,0.5
2024-10-16,81.31165062733238,82.88429238505933,80.68064900804472,82.10768127441406,1925400,0.0,0.0,0.012427143740340405,1.933171094100095,1.933171094100095,1.933171094100095,18.595012664794922,-1.0,-3.1355819702148438,0.0,0.0,2.0,0.5,0.5
2024-10-17,82.17563903557988,83.33084969551344,81.73878832004942,83.2726058959961,1422000,0.0,0.0,0.009308255986036525,1.908806114197518,1.908806114197518,1.908806114197518,19.759937286376953,1.0,1.1649246215820312,0.0,0.0,0.13802550090383284,0.06901275045191642,0.9309872495480835
2024-10-18,83.4958780720965,83.73857042181837,81.05924480710185,81.53491973876953,1269700,0.0,0.0,0.008137880983914835,1.9638432213774466,1.9638432213774466,1.9638432213774466,18.02225112915039,1.0,-0.5727615356445312,0.0,0.0,0.24174196090938105,0.5,0.5
2024-10-21,81.84556533603026,82.1756307817042,81.24369305111502,81.71936798095703,976000,0.0,0.0,0.0062696223683792966,1.890135686321142,1.890135686321142,1.890135686321142,18.20669937133789,1.0,-0.38831329345703125,0.0,0.0,0.11111402191251284,0.5,0.5
2024-10-22,81.71937498965626,81.7679164261306,80.97188575008148,81.43785095214844,1131600,0.0,0.0,0.007244122901847323,1.8119853284445686,1.8119853284445686,1.8119853284445686,17.925182342529297,-1.0,-0.28151702880859375,0.0,0.0,0.05840011353270419,0.5,0.5
2024-10-23,81.24369819948208,82.03972885770328,81.24369819948208,81.70966339111328,1224200,0.0,0.0,0.007863074001933573,1.739417137714328,1.739417137714328,1.739417137714328,18.19699478149414,1.0,0.27181243896484375,0.0,0.0,0.9322433939455715,0.46612169697278577,0.5338783030272143
2024-10-24,82.204752230007,82.48627624183372,80.45736436569729,80.78742980957031,1340900,0.0,0.0,0.008515433246212607,1.760095333315907,1.760095333315907,1.760095333315907,17.274761199951172,1.0,-0.650421142578125,0.5145213843841958,0.0008871207831601048,2.0,0.0004433637329890354,0.999556636267011
2024-10-25,80.98158122411526,81.49608781889351,80.3311675064289,80.75830841064453,1050400,0.0,0.0,0.0066681980930321065,1.7175828318265292,1.7175828318265292,1.7175828318265292,17.24563980102539,-1.0,-0.02912139892578125,0.0,0.0,0.011478517808299019,0.5,0.5
2024-10-28,80.64182055912354,80.85539103014685,79.3312832399336,79.51573181152344,1907900,0.0,0.0,0.01192546259870689,1.7037631859970093,1.7037631859970093,1.7037631859970093,16.003063201904297,-1.0,-1.271697998046875,0.0,0.0,2.0,0.5,0.5
2024-10-29,79.59337829935181,80.0205191907283,78.95267436866959,78.98179626464844,1203900,0.0,0.0,0.0074745316885546555,1.6583404457157018,1.6583404457157018,1.6583404457157018,15.469127655029297,-1.0,-1.805633544921875,0.0,0.0,2.0,0.5,0.5
2024-10-30,79.03033880715833,79.83607176397564,78.57407601338531,79.38951873779297,1406000,0.0,0.0,0.008774352067959993,1.630030110349604,1.630030110349604,1.630030110349604,15.876850128173828,-1.0,-1.3979110717773438,0.0,0.0,2.0,0.5,0.5
2024-10-31,80.9912905452994,82.14650849003158,78.37991851482391,79.82637023925781,3179800,0.0,0.0,0.019953209085904422,1.7826415292680369,1.7826415292680369,1.7826415292680369,16.313701629638672,-1.0,-0.9610595703125,2.125989299303285,0.0169831059332846,2.0,0.008420053635216888,0.9915799463647831
2024-11-01,80.44767170830895,81.97177953798527,80.3020548009878,81.6028823852539,1569300,0.0,0.0,0.01006648939578355,1.8085535128008527,1.8085535128008527,1.8085535128008527,18.090213775634766,-1.0,0.8154525756835938,2.1357077740096315,0.013937865167955112,0.7199408260646245,0.3669393456162898,0.6330606543837102
2024-11-04,82.63189991590181,84.23366361558192,81.7096644759825,83.88419342041016,2170200,0.0,0.0,0.014310224877976391,1.8672840640527928,1.8672840640527928,1.8672840640527928,20.371524810791016,1.0,2.28131103515625,0.0,0.0,2.0,1.0,0.0
2024-11-05,83.45705000010295,85.2044305494934,83.06874074255516,84.02980041503906,1409000,0.0,0.0,0.009307025236867033,1.886455902830324,1.886455902830324,1.886455902830324,20.517131805419922,1.0,2.4269180297851562,0.0,0.0,2.0,1.0,0.0
2024-11-06,83.6317893097295,84.01038880141033,80.05935744982116,80.65152740478516,3272700,0.0,0.0,0.020748435712269336,2.035312121572294,2.035312121572294,2.035312121572294,17.138858795166016,-1.0,-3.3782730102539062,1.650307026161343,0.009271835033339969,1.9376675707920543,0.004762261735315396,0.9952377382646846
2024-11-07,80.76802122075247,82.4280436200222,80.30205599803902,82.16593170166016,2201400,0.0,0.0,0.014218615584151738,2.041788943030214,2.041788943030214,2.041788943030214,18.653263092041016,-1.0,-1.8638687133789062,0.0,0.0,0.5898212573271201,0.5,0.5
2024-11-08,81.23399302887191,82.4959963565353,80.62241090284748,81.26311492919922,2141000,0.0,0.0,0.013676554458673428,2.029774408077186,2.029774408077186,2.029774408077186,17.750446319580078,1.0,-0.9028167724609375,0.0,0.0,0.13838500104236034,0.5,0.5
2024-11-11,81.13690923642166,82.60276571601702,81.01070447277053,82.59306335449219,1829400,0.0,0.0,0.011877329790852811,1.9985091820178507,1.9985091820178507,1.9985091820178507,19.080394744873047,1.0,0.42713165283203125,0.1747220959948237,8.385345300010573e-05,0.22383308217518727,0.11195846781409369,0.8880415321859063
2024-11-12,82.23388421411212,82.72897873746237,81.28253424291913,81.75820922851562,2343300,0.0,0.0,0.015060029735600269,1.9590759900553787,1.9590759900553787,1.9590759900553787,18.245540618896484,1.0,-0.40772247314453125,0.0,0.0,0.9111833750171459,0.5,0.5
2024-11-13,81.68054572264214,83.31143879058106,81.3116559762975,82.71926879882812,1503700,0.0,0.0,0.009777649227855777,1.961983620357392,1.961983620357392,1.961983620357392,19.206600189208984,1.0,0.5533370971679688,0.7086730745640466,0.0013614160702175562,1.8418331068153655,0.9215972614427915,0.07840273855720847
2024-11-14,83.24348204631863,84.126885819017,82.72897541227816,83.23377227783203,1303900,0.0,0.0,0.008531206016724977,1.9223860060596412,1.9223860060596412,1.9223860060596412,19.72110366821289,1.0,1.067840576171875,0.0,0.0,2.0,1.0,0.0
2024-11-15,83.88800446950343,87.34467959405703,83.65364780526164,85.02069854736328,2334200,0.5,0.0,0.015600168886801082,2.078708956785738,2.078708956785738,2.078708956785738,21.50802993774414,1.0,2.854766845703125,0.0,0.0,2.0,1.0,0.0
2024-11-18,85.17693879766371,85.66517068760834,84.00517779190015,85.32340240478516,1900500,0.0,0.0,0.012746842087653277,2.04880066670877,2.04880066670877,2.04880066670877,21.810733795166016,1.0,3.157470703125,0.0,0.0,2.0,1.0,0.0
2024-11-19,84.63988528360804,85.9678766915513,84.13212736872516,85.47964477539062,2096200,0.0,0.0,0.014085166715721223,2.0335827135742957,2.0335827135742957,2.0335827135742957,21.966976165771484,1.0,3.3137130737304688,0.0,0.0,2.0,1.0,0.0
2024-11-20,85.60657717419265,88.25279310452532,85.42105412324157,87.79386138916016,2193600,0.0,0.0,0.015138685076678433,2.0905938755535423,2.0905938755535423,2.0905938755535423,24.281192779541016,1.0,5.6279296875,0.0,0.0,2.0,1.0,0.0
2024-11-21,87.7743278910318,88.91678871659879,87.40327433951691,88.50667572021484,1734600,0.0,0.0,0.01206818440186228,2.049373911376995,2.049373911376995,2.049373911376995,24.994007110595703,1.0,6.3407440185546875,0.0,0.0,2.0,1.0,0.0
2024-11-22,87.95009017817918,88.72149743916385,87.52044374172513,87.67668151855469,1542300,0.0,0.0,0.010629663803319069,1.9887796103814042,1.9887796103814042,1.9887796103814042,24.164012908935547,1.0,5.510749816894531,0.0,0.0,2.0,1.0,0.0
2024-11-25,88.24304122386901,88.63362080585428,85.07929297102687,85.33317565917969,3037600,0.0,0.0,0.020375818276107485,2.1006044835561184,2.1006044835561184,2.1006044835561184,21.820507049560547,-1.0,-2.343505859375,2.3239813684900383,0.011343200470905654,0.18084674549205784,0.05902077975031835,0.9409792202496816
2024-11-26,85.16717630605413,86.35846336868904,84.91329362471528,86.06552124023438,1748300,0.0,0.0,0.011828011205872456,2.053787716443093,2.053787716443093,2.053787716443093,22.552852630615234,-1.0,-1.6111602783203125,0.0,0.0,0.08547834454898047,0.5,0.5
2024-11-27,86.21198606218219,87.30562815275505,86.18269334142326,86.57328033447266,980600,0.0,0.0,0.006673325811912129,1.9956676590200633,1.9956676590200633,1.9956676590200633,23.060611724853516,1.0,0.5077590942382812,0.0,0.0,0.09932027852237837,0.04966013926118919,0.9503398607388108
2024-11-29,86.59281344267522,87.91103813387024,86.59281344267522,87.54975128173828,914300,0.0,0.0,0.006292311335603236,1.9486740976184573,1.9486740976184573,1.9486740976184573,24.03708267211914,1.0,1.4842300415039062,0.0,0.0,0.8486428233481317,0.42432141167406584,0.5756785883259341
2024-12-02,87.56927274681154,89.39526271107871,87.14939302026143,88.81914520263672,1425500,0.0,0.0,0.0099526877106661,1.9699023542755165,1.9699023542755165,1.9699023542755165,25.306476593017578,1.0,2.7536239624023438,0.0,0.0,2.0,1.0,0.0
2024-12-03,89.61008670662717,92.05124639891636,89.09256204383438,91.92430877685548,2709500,0.0,0.0,0.019578801109555382,2.0600594144186686,2.0600594144186686,2.0600594144186686,28.411640167236342,1.0,5.858787536621108,0.0,0.0,2.0,1.0,0.0
2024-12-04,92.0707703772016,92.2367674312427,88.90702982739509,89.346435546875,1896600,0.0,0.0,0.01332046984628268,2.1507507136635926,2.1507507136635926,2.1507507136635926,25.83376693725586,1.0,3.280914306640625,0.0,0.0,2.0,1.0,0.0
2024-12-05,88.52621022007213,89.19996516504835,86.6123346478712,87.26657104492188,1906600,0.0,0.0,0.013078985753646029,2.1924185840450363,2.1924185840450363,2.1924185840450363,23.753902435302734,-1.0,-2.079864501953125,2.4802273959631833,0.010902172863831125,0.4018651177887294,0.026412395339261107,0.9735876046607389
2024-12-06,87.33492325701528,87.56927247930975,86.09481007897594,86.35845947265625,1197800,0.0,0.0,0.008131220936775208,2.1411359994942343,2.1411359994942343,2.1411359994942343,22.84579086303711,-1.0,-2.98797607421875,0.0,0.0,0.8294008127416661,0.5,0.5
2024-12-09,87.26657348361763,87.92080244912353,85.95810810277818,86.14363861083984,1260800,0.0,0.0,0.008537603438695068,2.1283901671264567,2.1283901671264567,2.1283901671264567,22.630970001220703,-1.0,-3.2027969360351562,0.0,0.0,0.9529476296125855,0.5,0.5
2024-12-10,86.14363592018077,87.89150698150866,85.3429359180477,86.74903869628906,1796900,0.0,0.0,0.012253358669521933,2.1584030882932064,2.1584030882932064,2.1584030882932064,23.236370086669922,-1.0,-2.5973968505859375,0.3222345021989099,0.0001923124978242553,0.6267391793334444,0.00030675201410366223,0.9996932479858963
2024-12-11,87.05174943420384,87.88174217589959,86.72951459160025,87.70597839355469,1341300,0.0,0.0,0.009247443544644145,2.086533409436502,2.086533409436502,2.086533409436502,24.193309783935547,-1.0,-1.6404571533203125,0.0,0.0,0.25,0.5,0.5
2024-12-12,88.44809544404877,88.8484417401427,87.53998378482622,88.00868225097656,1305900,0.0,0.0,0.009034455990696707,2.030956591285072,2.030956591285072,2.030956591285072,24.496013641357422,1.0,0.302703857421875,0.9569347586340484,0.0015260678005096164,0.0340491384453545,0.01778760312293206,0.982212396877068
2024-12-13,87.55950596691603,87.84268135904314,86.58304218019947,87.39350891113281,1368400,0.0,0.0,0.009400670028687044,1.9877196969630737,1.9877196969630737,1.9877196969630737,23.880840301513672,-1.0,-0.61517333984375,0.14647241140077938,3.761945107495654e-05,2.0,1.880937173835834e-05,0.9999811906282616
2024-12-16,86.27057775429662,86.58304588141006,84.44459516296999,84.63988494873047,1816100,0.0,0.0,0.012083184008752069,2.056376414905913,2.056376414905913,2.056376414905913,21.127216339111328,-1.0,-3.3687973022460938,0.0,0.0,2.0,0.5,0.5
2024-12-17,84.11259358738383,84.77658928872836,83.48765733315695,84.63988494873047,1445900,0.0,0.0,0.009620106689199173,2.0015589535248774,2.0015589535248774,2.0015589535248774,21.127216339111328,-1.0,-3.3687973022460938,0.0,0.0,2.0,0.5,0.5
2024-12-18,83.99541447321802,84.74729578611642,82.37448840680182,82.44284057617188,1535600,0.0,0.0,0.009951707823238598,2.028076698224144,2.028076698224144,2.028076698224144,18.930171966552734,-1.0,-5.5658416748046875,0.0,0.0,2.0,0.5,0.5
2024-12-19,83.41930585925013,84.20047990846614,81.72026086950736,81.84719848632812,1766500,0.0,0.0,0.01136538172768636,2.0603725797051893,2.0603725797051893,2.0603725797051893,18.334529876708984,-1.0,-6.1614837646484375,0.0,0.0,2.0,0.5,0.5
2024-12-20,81.80814304361972,83.67319263875405,81.72026486994068,82.97990417480469,6313700,0.0,0.0,0.04118351754652966,2.0526979503557734,2.0526979503557734,2.0526979503557734,19.467235565185547,-1.0,-5.028778076171875,0.0,0.0,2.0,0.5,0.5
2024-12-23,82.81389923004286,83.37048334332167,82.364726739487,82.85295867919922,1452200,0.0,0.0,0.009458037258567665,1.977916425604266,1.977916425604266,1.977916425604266,19.340290069580078,-1.0,-5.155723571777344,0.0,0.0,2.0,0.5,0.5
2024-12-24,82.84318982413826,83.67319006016811,82.4428435177798,83.3900146484375,538800,0.0,0.0,0.003531898412956873,1.9245185768031259,1.9245185768031259,1.9245185768031259,19.87734603881836,1.0,0.5370559692382812,0.0,0.0,0.010850752248866393,0.005425376124433196,0.9945746238755668
2024-12-26,83.19471477818705,83.65365396718197,82.81389448302696,83.0873031616211,707200,0.0,0.0,0.004618952342874185,1.8470357844711176,1.8470357844711176,1.8470357844711176,19.574634552001953,1.0,0.234344482421875,0.0,0.0,0.0020659995221564693,0.0010329997610782347,0.9989670002389218
2024-12-27,82.59906465400582,83.66341401048616,82.54047921322187,82.75530242919922,852800,0.0,0.0,0.00554765682789599,1.7953142853849158,1.7953142853849158,1.7953142853849158,19.242633819580078,1.0,-0.09765625,0.0,0.0,0.173656331169814,0.5,0.5
2024-12-30,82.52095963535716,82.73578286804512,81.69096687710362,82.05225372314453,1124500,0.0,0.0,0.007252981011559712,1.7431015187213932,1.7431015187213932,1.7431015187213932,18.53958511352539,-1.0,-0.7030487060546875,0.0,0.0,2.0,0.5,0.5
2024-12-31,82.27684042263994,83.37047509145927,82.27684042263994,83.3118896484375,1186800,0.0,0.0,0.007772327448182698,1.7127529365494893,1.7127529365494893,1.7127529365494893,19.79922103881836,1.0,1.2596359252929688,0.0,0.0,2.0,1.0,0.0
2025-01-02,83.97588780710245,84.87423272591747,83.42907045648943,83.80989074707031,1380700,0.0,0.0,0.009096224402296458,1.7020093751873806,1.7020093751873806,1.7020093751873806,20.297222137451172,1.0,1.7576370239257812,0.0,0.0,2.0,1.0,0.0
2025-01-03,84.27858643324741,86.54398210392405,84.27858643324741,86.42681121826172,1762300,0.0,0.0,0.011972777102670577,1.7757295167349776,1.7757295167349776,1.7757295167349776,22.914142608642578,1.0,4.3745574951171875,0.0,0.0,2.0,1.0,0.0
2025-01-06,87.18845309760016,88.43832556248333,87.13962692794823,87.64739227294922,1800300,0.0,0.0,0.012403676965415392,1.79257129012688,1.79257129012688,1.79257129012688,24.134723663330078,1.0,5.5951385498046875,0.0,0.0,2.0,1.0,0.0
2025-01-07,86.62210388361201,88.07703287779341,85.8409373037727,86.66116333007812,1950100,0.0,0.0,0.013284584126276951,1.8242515961192964,1.8242515961192964,1.8242515961192964,23.148494720458984,-1.0,-0.9862289428710938,0.0,0.0,0.03106946655963395,0.5,0.5
2025-01-08,86.14364039816822,86.43657507769183,84.48364741488983,84.96212005615234,1767600,0.0,0.0,0.011805269341337464,1.849484761767082,1.849484761767082,1.849484761767082,21.449451446533203,-1.0,-2.685272216796875,0.0,0.0,0.2303323541613169,0.5,0.5
2025-01-10,85.34293007888587,87.06150830118179,83.98564611264548,86.6709213256836,1811100,0.0,0.0,0.0123390694939824,1.937083149393455,1.937083149393455,1.937083149393455,23.158252716064453,-1.0,-0.976470947265625,0.0,0.0,0.03045769000982482,0.5,0.5
2025-01-13,88.53596708283355,93.467112036929,88.25279169924879,93.25228881835938,3068000,0.0,0.0,0.022489583980124395,2.284162260954308,2.284162260954308,2.284162260954308,29.739620208740234,1.0,6.581367492675781,7.030536959237168,0.055886402622421706,2.0,1.0,0.0
2025-01-14,92.95935185551409,93.26206070289886,91.74853881545792,92.7542953491211,2792400,0.0,0.0,0.020360021215102286,2.229116519989068,2.229116519989068,2.229116519989068,29.241626739501953,1.0,6.0833740234375,0.0,0.0,2.0,1.0,0.0
2025-01-15,92.8617086644598,94.50216819546486,92.441828919922,94.10182189941406,1720400,0.0,0.0,0.012726061924129974,2.2170610025286246,2.2170610025286246,2.2170610025286246,30.589153289794922,1.0,7.430900573730469,0.0,0.0,2.0,1.0,0.0
2025-01-16,94.33616152623726,95.93756144702589,94.26780936314849,94.96109771728516,1760900,0.0,0.0,0.013144588238446973,2.189823755748853,2.189823755748853,2.189823755748853,31.448429107666016,1.0,8.290176391601562,0.0,0.0,2.0,1.0,0.0
2025-01-17,95.19545934376724,95.65439854858174,94.09205786717028,94.7267608642578,1755900,0.0,0.0,0.01307491976025311,2.145003536153325,2.145003536153325,2.145003536153325,31.214092254638658,-1.0,-0.23433685302735796,0.0,0.0,0.0007990126300866379,0.5,0.5
2025-01-21,93.25229439817063,93.76981902851269,90.02020155218938,91.45560455322266,2627300,0.0,0.0,0.018888025359266855,2.327971805861546,2.327971805861546,2.327971805861546,27.942935943603516,-1.0,-3.5054931640625,0.0,0.0,0.17880131424454726,0.5,0.5
2025-01-22,92.02194986575267,93.07653259713074,91.22124981781629,91.30913543701172,1941600,0.0,0.0,0.013936077743256283,2.294208303965325,2.294208303965325,2.294208303965325,27.796466827392578,-1.0,-3.6519622802734375,0.0,0.0,0.19405508347569841,0.5,0.5
2025-01-23,91.63135471668784,93.34993300250078,91.3384200616078,92.99840545654295,1394000,0.0,0.0,0.010190719374086016,2.276107536931306,2.276107536931306,2.276107536931306,29.485736846923814,1.0,1.6892700195312358,0.0,0.0,0.21396640135451941,0.10698320067725971,0.8930167993227403
2025-01-24,88.96561684540177,90.21548930944134,85.64563845665442,86.02645874023438,4285700,0.0,0.0,0.02898146793768275,2.6387260699996795,2.6387260699996795,2.6387260699996795,22.513790130615234,-1.0,-6.9719467163085795,5.575611361161862,0.06133208967623768,2.0,0.029753619023061336,0.9702463809769387
2025-01-27,87.61810645240409,88.00868604107376,86.09481774724549,86.68069458007812,1973100,0.0,0.0,0.013444295381759291,2.5918333007739442,2.5918333007739442,2.5918333007739442,23.168025970458984,-1.0,-6.3177108764648295,0.0,0.0,2.0,0.5,0.5
2025-01-28,87.22751717101602,88.56526787245099,87.03221993187476,88.12586212158203,1827100,0.0,0.0,0.012657043208028134,2.5413147287452955,2.5413147287452955,2.5413147287452955,24.61319351196289,1.0,1.4451675415039062,0.0,0.0,0.05232592368979523,0.026162961844897616,0.9738370381551024
2025-01-29,88.78008198200484,90.4303080963855,87.76455879237268,90.34242248535156,2119500,0.0,0.0,0.015051913680913553,2.550202912692976,2.550202912692976,2.550202912692976,26.829753875732422,1.0,3.6617279052734375,0.0,0.0,0.33593298229535246,0.16796649114767623,0.8320335088523237
2025-01-30,89.86396357197393,90.91854627860108,89.34643894274792,90.02996063232422,1464600,0.0,0.0,0.010365079952957696,2.4803389429187037,2.4803389429187037,2.4803389429187037,26.517292022705078,1.0,3.3492660522460938,0.0,0.0,0.28104754827798245,0.14052377413899123,0.8594762258610088
2025-01-31,89.87372158367121,90.51818376425052,89.30737083873728,90.03971862792969,1595500,0.0,0.0,0.011292692542894623,2.3896585131040275,2.3896585131040275,2.3896585131040275,26.527050018310547,-1.0,0.00975799560546875,0.0,0.0,2.385622611164458e-06,1.192811305582229e-06,0.9999988071886944
2025-02-03,89.09256338393858,90.43032159737336,87.26658067453039,90.29361724853516,1613700,0.0,0.0,0.011453716175460244,2.444950113799667,2.444950113799667,2.444950113799667,26.780948638916016,-1.0,0.2636566162109375,2.079858268217535,0.006031364407921103,0.0017416378485823744,0.0038865011282517388,0.9961134988717483
2025-02-04,90.62560058231594,92.41253107869233,90.41077735982338,91.87547302246094,1439200,0.0,0.0,0.010394109909245355,2.421661807825203,2.421661807825203,2.421661807825203,28.362804412841797,1.0,1.5818557739257812,0.0,0.0,0.06269231025143925,0.03134615512571962,0.9686538448742804
2025-02-05,91.0943098574034,91.20172147264115,87.36421839593376,87.56927490234375,3068800,0.0,0.0,0.021124522725462155,2.570918437732487,2.570918437732487,2.570918437732487,24.05660629272461,-1.0,-4.3061981201171875,0.0,0.0,2.0,0.5,0.5
2025-02-06,87.97938601261141,87.97938601261141,80.94884970265835,82.14013671875,5933300,0.0,0.0,0.038310541937897645,2.8894625714625284,2.8894625714625284,2.8894625714625284,18.62746810913086,-1.0,-9.735336303710938,0.0,0.0,2.0,0.5,0.5
2025-02-07,82.02295880344955,82.87248498728034,81.4956674600195,82.07178497314453,2577100,0.0,0.0,0.016626150840631307,2.7814164968766937,2.7814164968766937,2.7814164968766937,18.55911636352539,-1.0,-9.803688049316406,0.0,0.0,2.0,0.5,0.5
2025-02-10,83.05800473050954,85.34293379426008,82.80412951773621,84.95234680175781,2901300,0.0,0.0,0.019374682091767126,2.816397377179469,2.816397377179469,2.816397377179469,21.439678192138672,1.0,2.8805618286132812,0.0,0.0,0.08633272227383454,0.04316636113691727,0.9568336388630827
2025-02-11,84.73752292966537,85.27458097144115,82.74553598811593,83.0775375366211,2339900,0.0,0.0,0.01528084882281894,2.79587220618988,2.79587220618988,2.79587220618988,19.564868927001953,-1.0,-1.8748092651367188,0.0,0.0,0.42360373372265364,0.5,0.5
2025-02-12,82.4721250727937,82.63812211758862,77.00392971911799,79.26932525634766,5855100,0.0,0.0,0.036484302233268165,3.029996178426539,3.029996178426539,3.029996178426539,15.756656646728516,-1.0,-5.683021545410156,0.0,0.0,2.0,0.5,0.5
2025-02-13,79.181437987238,79.71849600305151,78.31238588879563,79.54273223876953,3250400,0.0,0.0,0.020323751698316996,2.9140043167000633,2.9140043167000633,2.9140043167000633,16.03006362915039,-1.0,-5.409614562988281,0.0,0.0,2.0,0.5,0.5
2025-02-14,80.3582093497575,82.2249500108699,80.05363851673944,81.0361328125,2192100,0.5,0.0,0.013963864824409393,2.897448134942943,2.897448134942943,2.897448134942943,17.52346420288086,1.0,1.4934005737304688,0.0,0.0,0.07621140752286024,0.03810570376143012,0.9618942962385699
2025-02-18,81.02631280793155,82.18565647745274,80.54489266003125,81.76318359375,2370100,0.0,0.0,0.01523319599333515,2.8076849694056962,2.8076849694056962,2.8076849694056962,18.25051498413086,1.0,2.2204513549804688,0.0,0.0,0.1684805925585927,0.08424029627929636,0.9157597037207037
2025-02-19,80.35821442678785,82.83409691036259,80.35821442678785,82.34284973144531,2632800,0.0,0.0,0.01704159848522991,2.783984791846342,2.783984791846342,2.783984791846342,18.830181121826172,1.0,2.8001174926757812,0.0,0.0,0.26792908702910456,0.13396454351455228,0.8660354564854478
2025-02-20,81.36035173032604,83.81658751492313,78.20654588240379,78.85499572753906,4674000,0.0,0.0,0.028972400965164156,2.985845994751556,2.985845994751556,2.985845994751556,15.342327117919922,1.0,-0.6877365112304688,2.3383467776274642,0.023229259135280726,0.06032421137625752,0.27801668791331535,0.7219833120866846
2025-02-21,78.27532772276918,79.55257345209829,76.48718819921092,76.53631591796875,4041500,0.0,0.0,0.02431513600675603,2.9915273703326855,2.9915273703326855,2.9915273703326855,13.02364730834961,-1.0,-2.3186798095703125,0.0,0.0,0.6856919505948926,0.5,0.5
2025-02-24,77.6170516520134,77.6170516520134,75.8583859112838,76.15313720703125,3209400,0.0,0.0,0.019212249321726917,2.9034658253610366,2.9034658253610366,2.9034658253610366,12.64046859741211,-1.0,-2.7018585205078125,0.0,0.0,0.931049344350377,0.5,0.5
2025-02-25,76.53630982593936,77.8135479577672,76.27103215910218,77.03738403320312,3375700,0.0,0.0,0.020442402596622694,2.8146761771735305,2.8146761771735305,2.8146761771735305,13.524715423583984,1.0,0.884246826171875,0.0,0.0,0.10710797569806017,0.05355398784903009,0.9464460121509699
2025-02-26,76.98825210484898,77.28300338612836,76.12365984004535,76.41840362548828,2383000,0.0,0.0,0.014314908283960606,2.696438132095636,2.696438132095636,2.696438132095636,12.90573501586914,-1.0,-0.6189804077148438,0.0,0.0,0.49001207945321934,0.5,0.5
2025-02-27,77.04720030517048,78.56024240896087,76.65420109060315,78.18689727783203,2273000,0.0,0.0,0.013970115004754226,2.656823892908276,2.656823892908276,2.656823892908276,14.67422866821289,1.0,1.76849365234375,0.746694451193676,0.0025892577407348057,2.0,1.0,0.0
2025-02-28,78.06899586709389,80.20100669058883,76.84087799699267,79.6016845703125,4171700,0.0,0.0,0.026103689468247024,2.707059950100267,2.707059950100267,2.707059950100267,16.08901596069336,1.0,3.1832809448242188,0.0,0.0,2.0,1.0,0.0
2025-03-03,80.26977909081809,80.83962756805272,76.14330614332107,76.6050796508789,3395600,0.0,0.0,0.020447520854263313,2.84915005543108,2.84915005543108,2.84915005543108,13.092411041259766,1.0,0.186676025390625,0.5108949472820825,0.0015227336733975496,0.09095431043393533,0.046238522053666437,0.9537614779463336
2025-03-04,76.14331211804887,76.38893570552645,73.73620395910342,73.96217346191406,4660700,0.0,0.0,0.02709738491525864,2.8505590294556806,2.8505590294556806,2.8505590294556806,10.449504852294922,-1.0,-2.6429061889648438,3.1046740378892537,0.08827558331959504,2.0,0.0422719989759537,0.9577280010240463
2025-03-05,74.37482180852572,75.80927020430792,73.22530517920399,74.9741439819336,3355100,0.0,0.0,0.019773500140628508,2.8315166005734134,2.8315166005734134,2.8315166005734134,11.461475372314453,-1.0,-1.6309356689453125,0.0,0.0,2.0,0.5,0.5
2025-03-06,75.08221406157514,76.7819325316721,75.00361271705161,75.26889038085938,3032800,0.0,0.0,0.017944272323772124,2.7583931683709197,2.7583931683709197,2.7583931683709197,11.756221771240234,1.0,0.29474639892578125,0.392996826145648,0.0011174871705782784,0.032660539452379136,0.01688901331147871,0.9831109866885213
2025-03-07,75.6717101800237,77.34195504253395,73.93269850991875,75.77978515625,3520400,0.0,0.0,0.020970652726607156,2.804883408674083,2.804883408674083,2.804883408674083,12.26711654663086,1.0,0.8056411743164062,0.0,0.0,0.24401113540440533,0.12200556770220267,0.8779944322977973
2025-03-10,75.87804186787547,77.0472050459614,75.25906563069884,75.75031280517578,2434900,0.0,0.0,0.01449880225427861,2.732258837716117,2.732258837716117,2.732258837716117,12.23764419555664,1.0,0.7761688232421875,0.0,0.0,0.22648462576477382,0.11324231288238691,0.886757687117613
2025-03-11,75.91733882460849,77.26335884818054,74.99379918778789,75.48504638671875,3502400,0.0,0.0,0.020782282159151746,2.6992088964787273,2.6992088964787273,2.6992088964787273,11.97237777709961,1.0,0.5109024047851562,0.0,0.0,0.09813009784150017,0.04906504892075009,0.95093495107925
2025-03-12,75.76014474427107,77.68583289318744,75.26889753804228,76.34963989257812,2653300,0.0,0.0,0.01592428407691368,2.6790465006691866,2.6790465006691866,2.6790465006691866,12.836971282958984,1.0,1.3754959106445312,0.0,0.0,0.7112871211047437,0.35564356055237184,0.6443564394476282
2025-03-13,75.39661075388494,76.97842718223156,74.22744762985586,75.47521209716797,2715200,0.0,0.0,0.01610915400833899,2.6841845757910803,2.6841845757910803,2.6841845757910803,11.962543487548828,-1.0,-0.8744277954101562,0.7663515579320261,0.004104015856632733,0.404137639967837,0.010052908119688116,0.9899470918803119
2025-03-14,75.80926435116217,76.43806010818294,74.64992076868576,75.28853607177734,2615300,0.0,0.0,0.015478074507627936,2.6201813446272304,2.6201813446272304,2.6201813446272304,11.775867462158203,-1.0,-1.0611038208007812,0.0,0.0,0.595109865014594,0.5,0.5
2025-03-17,75.20993449083056,76.76226963995403,75.17063382307812,76.36927795410156,2008400,0.0,0.0,0.01205689457928085,2.5467138069307076,2.5467138069307076,2.5467138069307076,12.856609344482422,1.0,1.0807418823242188,0.0,0.0,1.0373569181625215,0.5186784590812608,0.48132154091873924
2025-03-18,76.58543038571807,77.09633163739197,74.27657019851567,75.06256866455078,2389600,0.0,0.0,0.014099872906702103,2.5662172092125357,2.5662172092125357,2.5662172092125357,11.54990005493164,1.0,-0.2259674072265625,0.3733505701700892,0.0010449059098790654,0.043716727114622385,0.023343784381305053,0.976656215618695
2025-03-19,75.4752195636894,76.83105913818534,75.02327303885741,76.01559448242188,2331100,0.0,0.0,0.013929328064909997,2.5120435585064924,2.5120435585064924,2.5120435585064924,12.502925872802734,1.0,0.7270584106445312,0.06878949823131109,3.0270595903649125e-05,2.0,1.0,0.0
2025-03-20,75.67170373624903,76.45770213353879,74.54184134691985,75.57345581054688,2211100,0.0,0.0,0.01313542814416621,2.4694590748002385,2.4694590748002385,2.4694590748002385,12.060787200927734,-1.0,-0.442138671875,0.0,0.0,0.3698097858430446,0.5,0.5
2025-03-21,75.33766515258954,75.77978460057379,74.67939575373765,75.4359130859375,7513400,0.0,0.0,0.04455343862219813,2.371668344231374,2.371668344231374,2.371668344231374,11.92324447631836,-1.0,-0.579681396484375,0.0,0.0,0.6356823019171904,0.5,0.5
2025-03-24,75.5341666091094,75.91733882460849,74.26674793636727,75.48504638671875,1894400,0.0,0.0,0.011240850651638039,2.320162811660649,2.320162811660649,2.320162811660649,11.97237777709961,-1.0,-0.530548095703125,0.0,0.0,0.5324893358918331,0.5,0.5
2025-03-25,75.33766997378797,75.75031581775859,72.40983339929737,73.716552734375,2988800,0.0,0.0,0.017319224378055335,2.393042783574976,2.393042783574976,2.393042783574976,10.20388412475586,-1.0,-2.299041748046875,0.0,0.0,2.0,0.5,0.5
2025-03-26,73.6870726757573,75.53415926566176,73.62812541628443,75.2983627319336,2480000,0.0,0.0,0.014679247073330678,2.3582564311322867,2.3582564311322867,2.3582564311322867,11.785694122314453,-1.0,-0.7172317504882812,0.0,0.0,0.9731513913875806,0.5,0.5
2025-03-27,75.11168378460586,76.71315423866048,74.66956436237372,76.61490631103516,1462600,0.0,0.0,0.0088085700080765,2.3357802486433203,2.3357802486433203,2.3357802486433203,13.102237701416016,1.0,1.3165435791015625,0.962838420901889,0.005400274993330339,2.0,1.0,0.0
2025-03-28,76.52647968920705,76.68368237369236,75.52433881104119,76.03523254394531,1256400,0.0,0.0,0.007509471487209045,2.2517490567867386,2.2517490567867386,2.2517490567867386,12.522563934326172,1.0,0.7368698120117188,0.0,0.0,1.055510398360076,0.527755199180038,0.472244800819962
2025-03-31,75.33766871981275,77.3026574631612,74.86606812324077,76.78193664550781,1849600,0.0,0.0,0.011163578873876978,2.264951934153431,2.264951934153431,2.264951934153431,13.269268035888672,1.0,1.4835739135742188,0.0,0.0,2.0,1.0,0.0
2025-04-01,77.0766809468646,78.2458516552175,75.8780441023463,78.19672393798828,1746100,0.0,0.0,0.010733076810495666,2.272298764061844,2.272298764061844,2.272298764061844,14.68405532836914,1.0,2.8983612060546875,0.0,0.0,2.0,1.0,0.0
2025-04-02,77.61705352656163,78.43252563476562,77.51880559088528,78.43252563476562,1885200,0.0,0.0,0.011623052450400585,2.1752574269060228,2.1752574269060228,2.1752574269060228,14.919857025146484,1.0,3.1341629028320312,0.0,0.0,2.0,1.0,0.0
2025-04-03,75.61276292268673,79.81783746606281,75.48504135797485,78.46199798583984,3534400,0.0,0.0,0.021799253809244024,2.3293673327047326,2.3293673327047326,2.3293673327047326,14.949329376220703,1.0,3.16363525390625,0.39300274437144367,0.0006911109034006628,2.0,1.0,0.0
2025-04-04,77.08650707116516,77.08650707116516,70.81819571342326,71.79086303710938,4001500,0.0,0.0,0.02258180027172834,2.708969828398436,2.708969828398436,2.708969828398436,8.278194427490234,-1.0,-6.671134948730469,6.700609877462014,0.6551751574594259,2.0,0.24675402510406236,0.7532459748959377
2025-04-07,71.06381677262998,74.28639697953835,69.27567738973147,70.77889251708984,3004600,0.0,0.0,0.01671694802686834,2.8733805256418963,2.8733805256418963,2.8733805256418963,7.266223907470703,-1.0,-7.68310546875,0.0,0.0,2.0,0.5,0.5
2025-04-08,72.59650244228527,72.62597607163269,66.16116184854144,67.2713851928711,4909700,0.0,0.0,0.02596282181798715,3.1299115040311363,3.1299115040311363,3.1299115040311363,3.758716583251953,-1.0,-11.19061279296875,0.0,0.0,2.0,0.5,0.5
2025-04-09,66.67206931486396,71.8989391235605,66.30854369528056,69.26585388183594,5013400,0.0,0.0,0.027297200865492293,3.305660355763193,3.305660355763193,3.305660355763193,5.753185272216797,-1.0,-9.196144104003906,0.0,0.0,2.0,0.5,0.5
2025-04-10,69.01040262870778,69.9143031482852,67.69386376749968,68.74513244628906,3846200,0.0,0.0,0.020784538361106025,3.2281445718362165,3.2281445718362165,3.2281445718362165,5.232463836669922,-1.0,-9.716865539550781,0.0,0.0,2.0,0.5,0.5
2025-04-11,67.81175703203189,71.92841077499907,67.81175703203189,70.73959350585938,3064900,0.0,0.0,0.017042976118404947,3.2916095126312848,3.2916095126312848,3.2916095126312848,7.226924896240234,1.0,1.9944610595703125,0.02947165143856978,1.6630368072332133e-05,0.042130705991100775,0.021073668179586554,0.9789263318204134
2025-04-14,71.24066584137402,71.62383802973068,70.2090437983604,71.14241790771484,2643600,0.0,0.0,0.014783965180572166,3.157551278255499,3.157551278255499,3.157551278255499,7.629749298095703,1.0,2.3972854614257812,0.0,0.0,0.060867731613750496,0.030433865806875248,0.9695661341931248
2025-04-15,70.82801324363565,72.45895744306777,70.82801324363565,71.8399887084961,2245000,0.0,0.0,0.012677953868141937,3.0485079154824004,3.0485079154824004,3.0485079154824004,8.327320098876953,1.0,3.0948562622070312,0.0,0.0,0.10144451745856639,0.050722258729283196,0.9492777412707168
2025-04-16,72.13473706514587,73.98183133489526,72.03648912429135,72.8028335571289,3258200,0.0,0.0,0.018646296619542767,2.9837461091193123,2.9837461091193123,2.9837461091193123,9.290164947509766,1.0,4.057701110839844,0.0,0.0,0.1743844362028765,0.08719221810143825,0.9128077818985617
2025-04-17,73.03862710192739,74.07024917794485,73.03862710192739,73.58882904052734,2282800,0.0,0.0,0.013205240728230797,2.8611510742405,2.8611510742405,2.8611510742405,10.076160430908203,1.0,4.843696594238281,0.0,0.0,0.24848574344941696,0.12424287172470848,0.8757571282752915
2025-04-21,73.17617356538152,74.64008786958378,72.77334733298764,73.81478881835938,1426500,0.0,0.0,0.008277167121779781,2.790121750123046,2.790121750123046,2.790121750123046,10.302120208740234,1.0,5.0696563720703125,0.0,0.0,0.2722103665889384,0.1361051832944692,0.8638948167055308
2025-04-22,73.52005079114609,74.33552286494952,72.27227882359882,74.21762084960938,1722000,0.0,0.0,0.010046313857263036,2.7382019137821643,2.7382019137821643,2.7382019137821643,10.704952239990234,-1.0,0.40283203125,0.7663482783285644,0.0051248705983416055,0.0017186823078103352,0.0034217764530759705,0.996578223546924
2025-04-23,74.79728945654287,75.66188925054776,73.48075067325252,74.56149291992188,1407300,0.0,0.0,0.008248364591598127,2.69841167546167,2.69841167546167,2.69841167546167,11.048824310302734,1.0,0.3438720703125,0.0,0.0,0.0012523952753097825,0.0006261976376548912,0.9993738023623451
2025-04-24,75.671710778982,76.18261203352057,74.83659208903516,75.94681549072266,1620200,0.0,0.0,0.009672634168870167,2.6214622067571716,2.6214622067571716,2.6214622067571716,12.434146881103516,1.0,1.7291946411132812,0.0,0.0,0.03166907479699659,0.015834537398498296,0.9841654626015017
2025-04-25,75.87803790510895,77.21422325373324,75.45556505728915,77.09632873535156,1883700,0.0,0.0,0.011415948528287622,2.5598333488776657,2.5598333488776657,2.5598333488776657,13.583660125732422,1.0,2.8787078857421875,0.0,0.0,0.08776933519180194,0.04388466759590097,0.9561153324040991
2025-04-28,77.27317476497923,79.26763690613619,77.09632549899389,78.24584197998047,1749800,0.0,0.0,0.010762576386236554,2.5320817816108536,2.5320817816108536,2.5320817816108536,14.733173370361328,1.0,4.028221130371094,0.0,0.0,0.17185976767688682,0.08592988383844341,0.9140701161615565
2025-04-29,77.94127252776138,79.08096198736199,77.6170476184557,78.39321899414062,1587200,0.0,0.0,0.009780852714350407,2.455784109274813,2.455784109274813,2.455784109274813,14.880550384521484,1.0,4.17559814453125,0.0,0.0,0.1846651766093352,0.0923325883046676,0.9076674116953324
2025-04-30,76.15313928005502,77.28300928339483,74.59096936340747,76.99808502197266,2444800,0.0,0.0,0.014797550388785476,2.5519602179504095,2.5519602179504095,2.5519602179504095,13.485416412353516,-1.0,-1.3951339721679688,2.5053561355864247,0.03451518582612526,0.1116334730517708,0.2361649165385905,0.7638350834614095
2025-05-01,77.16510820690209,79.35606643978468,76.35946312868529,78.22620391845703,3026300,0.0,0.0,0.018609332686779643,2.5837204388896224,2.5837204388896224,2.5837204388896224,14.71353530883789,1.0,1.228118896484375,0.27510445242269554,0.0003495917433888232,0.7749059564112538,0.3876277740773213,0.6123722259226787
2025-05-02,78.99255288138949,79.3364244292839,77.68583350355321,79.18904876708984,2182300,0.0,0.0,0.013584577796325952,2.517068330806841,2.517068330806841,2.517068330806841,15.676380157470703,1.0,2.1909637451171875,0.0,0.0,2.0,1.0,0.0
2025-05-05,78.78622418042002,80.1224170936321,78.52094650873866,79.5034408569336,1761900,0.0,0.0,0.01101117708182128,2.4516684918130265,2.4516684918130265,2.4516684918130265,15.990772247314453,1.0,2.5053558349609375,0.0,0.0,2.0,1.0,0.0
2025-05-06,79.77853945606118,81.05578512915854,79.22834501021599,80.54489135742188,2866100,0.0,0.0,0.018146626711979873,2.4070807508937064,2.4070807508937064,2.4070807508937064,17.032222747802734,1.0,3.5468063354492188,0.0,0.0,2.0,1.0,0.0
2025-05-07,80.08311853668545,80.9870115619125,78.64867764991106,79.27747344970703,3827500,0.0,0.0,0.023852371598346623,2.402170262401401,2.402170262401401,2.402170262401401,15.76480484008789,-1.0,-1.2674179077148438,0.0,0.0,0.12769230515826585,0.5,0.5
2025-05-08,82.73584661205696,83.56114574691514,77.63669864178266,79.89643859863281,4827000,0.0,0.0,0.03031595726609921,2.6537614654536212,2.6537614654536212,2.6537614654536212,16.383769989013672,-1.0,-0.6484527587890625,2.505360617756608,0.023383677253663984,0.03342579408433974,0.4116158222021871,0.5883841777978129
2025-05-09,80.4761142844861,81.16385731814425,77.4696765331766,80.96736145019531,2523300,0.0,0.0,0.016059996300652288,2.7280771311331953,2.7280771311331953,2.7280771311331953,17.454692840576172,-1.0,0.4224700927734375,0.17684575623175647,0.00010265139687445485,0.4244585201951685,0.21228058579602146,0.7877194142039785
2025-05-12,82.05792406319671,83.52184602830796,81.16385811071055,82.9126968383789,3091200,0.0,0.0,0.020147200687492463,2.7156776630602995,2.7156776630602995,2.7156776630602995,19.400028228759766,1.0,1.9453353881835938,0.0,0.0,2.0,1.0,0.0
2025-05-13,83.79693319338776,86.87213741339853,82.8439125975823,86.19422149658203,3589800,0.0,0.0,0.024322878541417074,2.8094310311142947,2.8094310311142947,2.8094310311142947,22.68155288696289,1.0,5.226860046386719,0.0,0.0,2.0,1.0,0.0
2025-05-14,86.43002304565262,86.52827097452479,83.57096109170263,84.46503448486328,2215300,0.0,0.0,0.014708760538366287,2.819993806236285,2.819993806236285,2.819993806236285,20.95236587524414,1.0,3.4976730346679688,0.0,0.0,2.0,1.0,0.0
2025-05-15,84.34644490019096,85.38410191405694,83.19020368338306,85.21610260009766,2306600,0.5,0.0,0.015451139791738665,2.775272693696113,2.775272693696113,2.775272693696113,21.703433990478516,-1.0,0.751068115234375,0.0,0.0,1.341534872425553,0.6707674362127765,0.32923256378722354
2025-05-16,85.4829305114945,86.89611683194256,84.76151055503308,86.74787902832031,1768100,0.0,0.0,0.012056805521717081,2.7295108067827822,2.7295108067827822,2.7295108067827822,23.235210418701172,1.0,1.5317764282226562,0.0,0.0,2.0,1.0,0.0
2025-05-19,86.40198958681276,86.92575658727016,84.57374358042257,86.56010437011719,2242600,0.0,0.0,0.015259354258535127,2.7025466782159824,2.7025466782159824,2.7025466782159824,23.047435760498047,1.0,1.3440017700195312,0.0,0.0,2.0,1.0,0.0
2025-05-20,86.84669226004848,87.25187504317972,86.13516445158406,86.88622283935547,2346500,0.0,0.0,0.016026476192582507,2.589272672028817,2.589272672028817,2.589272672028817,23.373554229736328,1.0,1.6701202392578125,0.0,0.0,2.0,1.0,0.0
2025-05-21,86.41187740880423,88.72435992299849,85.76951864163216,88.2994155883789,3379800,0.0,0.0,0.02345931880517674,2.6153847155529246,2.6153847155529246,2.6153847155529246,24.786746978759766,1.0,3.08331298828125,0.0,0.0,2.0,1.0,0.0
2025-05-22,88.0227082938248,88.72435915848794,87.17281963190887,87.86459350585938,2030900,0.0,0.0,0.014027136079623977,2.5393957734833643,2.5393957734833643,2.5393957734833643,24.351924896240234,1.0,2.6484909057617188,0.0,0.0,2.0,1.0,0.0
2025-05-23,87.56811920683016,88.24012402992184,87.27164360793854,87.8448257446289,1254400,0.0,0.0,0.008662012326708933,2.427187534090503,2.427187534090503,2.427187534090503,24.332157135009766,1.0,2.62872314453125,0.0,0.0,2.0,1.0,0.0
2025-05-27,87.80529557046444,90.59213756219256,87.80529557046444,90.4636688232422,2545400,0.0,0.0,0.01810075971005551,2.452877138207476,2.452877138207476,2.452877138207476,26.95100021362306,1.0,5.2475662231445455,0.0,0.0,2.0,1.0,0.0
2025-05-28,90.5130732300342,90.76013370838632,89.50506979582002,90.45378112792967,1653400,0.0,0.0,0.011756315310401395,2.3673190506616777,2.3673190506616777,2.3673190506616777,26.941112518310533,1.0,5.237678527832017,0.0,0.0,2.0,1.0,0.0
2025-05-29,90.24624783974774,90.24624783974774,88.06223419794482,89.05047607421875,1853600,0.0,0.0,0.012975342571255596,2.369049613470476,2.369049613470476,2.369049613470476,25.53780746459961,-1.0,-1.4033050537109233,0.0,0.0,0.07178380911790988,0.5,0.5
2025-05-30,88.9121280672608,89.71260162163131,88.18083114672862,89.64342498779297,3356000,0.0,0.0,0.023648682997322517,2.309243960715634,2.309243960715634,2.309243960715634,26.130756378173828,-1.0,-0.8103561401367045,0.0,0.0,0.023937245599760144,0.5,0.5
2025-06-02,90.25613777194806,92.16344500890705,89.07024292562474,91.8768539428711,2996800,0.0,0.0,0.02164364699652132,2.3652409694703964,2.3652409694703964,2.3652409694703964,28.364185333251953,1.0,2.233428955078125,1.9171971691593086,0.004568703028594211,2.0,1.0,0.0
2025-06-03,91.5408496639522,91.5408496639522,89.98931009472209,91.2344970703125,2579000,0.0,0.0,0.018495964828557906,2.3311197465188687,2.3311197465188687,2.3311197465188687,27.72182846069336,1.0,1.5910720825195312,0.0,0.0,2.0,1.0,0.0
2025-06-04,91.57050018915288,92.38085826429196,90.2857826735894,90.55260467529295,2142700,0.0,0.0,0.015252073272384769,2.314259449674847,2.314259449674847,2.314259449674847,27.039936065673814,1.0,0.9091796874999858,0.0,0.0,1.2587735084265346,0.6293867542132673,0.3706132457867327
2025-06-05,91.0071931736941,91.50131412489806,90.23636569616592,91.19496154785156,1470900,0.0,0.0,0.010544368108654485,2.2393086624646537,2.2393086624646537,2.2393086624646537,27.682292938232422,-1.0,0.642356872558608,0.0,0.0,0.6283489528567998,0.3141744764283999,0.6858255235716001
2025-06-06,90.87872625984016,91.64955375279844,90.3253131961137,91.05661010742188,1839900,0.0,0.0,0.01316959028589195,2.1739466549089457,2.1739466549089457,2.1739466549089457,27.543941497802734,1.0,-0.1383514404296875,0.0,0.0,0.046388958302981904,0.5,0.5
2025-06-09,91.69897053056886,93.36910182210944,91.5013176187278,91.75826263427734,2330700,0.0,0.0,0.01681117714752802,2.183842730607419,2.183842730607419,2.183842730607419,28.245594024658203,1.0,0.5633010864257812,1.8677876972113836,0.00437273939854205,2.0,1.0,0.0
2025-06-10,91.90650327025524,92.53897752829484,90.394494261514,91.0467300415039,2215500,0.0,0.0,0.015856329916550404,2.1810313403340915,2.1810313403340915,2.1810313403340915,27.534061431884766,-1.0,-0.7115325927734375,0.0,0.0,1.5955426548884444,0.5,0.5
2025-06-11,91.4716667721316,94.42651544684566,89.68295136693455,94.12015533447266,3495900,0.0,0.0,0.025864745105945223,2.3640693931610213,2.3640693931610213,2.3640693931610213,30.607486724853516,-1.0,2.3618927001953125,1.0574136247362134,0.0011935330907590306,2.0,1.0,0.0
2025-06-12,92.14367134267692,93.38885823019191,91.37284387792052,92.72673797607422,2558200,0.0,0.0,0.018646874293345272,2.391443826260387,2.391443826260387,2.391443826260387,29.214069366455078,-1.0,0.968475341796875,0.0,0.0,1.8526250784002216,0.9263125392001108,0.07368746079988919
2025-06-13,95.12817392938292,99.29855623975438,95.12817392938292,98.75502014160156,6228800,0.0,0.0,0.048353747098580535,2.690042000361799,2.690042000361799,2.690042000361799,35.24235153198242,1.0,6.028282165527344,0.0,0.0,2.0,1.0,0.0
2025-06-16,99.81243359590395,103.22186519295838,98.92301436285446,99.55548858642578,5174000,0.0,0.0,0.04049097168205887,2.8169565040043003,2.8169565040043003,2.8169565040043003,36.04281997680664,1.0,6.8287506103515625,0.0,0.0,2.0,1.0,0.0
2025-06-17,100.8006802132091,101.67033042625114,99.6444389261709,101.27503967285156,3057300,0.0,0.0,0.024339241769542153,2.7668054565629476,2.7668054565629476,2.7668054565629476,37.76237106323242,1.0,8.548301696777344,0.0,0.0,2.0,1.0,0.0
2025-06-18,100.11878850963603,101.34421394357784,98.40913417598668,99.13054656982422,5226600,0.0,0.0,0.04072802318553342,2.77882505020782,2.77882505020782,2.77882505020782,35.61787796020508,-1.0,-2.1444931030273438,0.5138801868677803,0.00020815539127450367,0.06293462153579486,0.0032965827827769684,0.996703417217223
2025-06-20,99.0514934196992,99.21949274074764,97.18370920798722,99.17996215820312,9801200,0.0,0.0,0.0764134408292817,2.7257506561044345,2.7257506561044345,2.7257506561044345,35.667293548583984,-1.0,-2.0950775146484375,0.0,0.0,0.060067631645052084,0.5,0.5
2025-06-23,99.4171332287682,99.95078475736588,94.98981375695293,95.39498901367188,5159600,0.0,0.0,0.03869084037599994,2.885409252126472,2.885409252126472,2.885409252126472,31.882320404052734,-1.0,-5.8800506591796875,0.0,0.0,0.47315393107073833,0.5,0.5
2025-06-24,92.49944644074404,94.1893392965824,91.81756461169982,93.5667495727539,4188100,0.0,0.0,0.030803860786740186,2.9348389056868704,2.9348389056868704,2.9348389056868704,30.054080963134766,-1.0,-7.708290100097656,0.0,0.0,0.8131233244332424,0.5,0.5
2025-06-25,93.4679271426287,93.53710377880094,90.29567133012266,90.3253173828125,3489400,0.0,0.0,0.024775750529659378,2.9588560011828973,2.9588560011828973,2.9588560011828973,26.81264877319336,-1.0,-10.949722290039062,0.0,0.0,1.6407655407716715,0.5,0.5
2025-06-26,90.3648386259494,91.14555060473268,89.41612733949663,89.6236572265625,2908600,0.0,0.0,0.020491475359702173,2.871039377186694,2.871039377186694,2.871039377186694,26.11098861694336,-1.0,-11.651382446289062,0.0,0.0,1.8577840625245623,0.5,0.5
2025-06-27,89.58413684446148,90.03872724973535,89.02083921839518,89.92013549804688,3340100,0.0,0.0,0.0236092933559592,2.738671423911942,2.738671423911942,2.738671423911942,26.407466888427734,-1.0,-11.354904174804688,0.0,0.0,1.7644415013070334,0.5,0.5
2025-06-30,89.64342565700771,91.23449578685508,89.02083594781479,90.9182586669922,3076100,0.0,0.0,0.021984577579455575,2.7011705964211097,2.7011705964211097,2.7011705964211097,27.40559005737306,-1.0,-10.35678100585936,0.08894518212240143,1.0533350682155053e-05,1.4678778042759126,7.175852830322407e-06,0.9999928241471697
2025-07-01,90.78979115098264,92.00532453382046,90.5427306621487,91.40249633789062,1873100,0.0,0.0,0.013458156907485131,2.6127008303675847,2.6127008303675847,2.6127008303675847,27.889827728271484,1.0,0.4842376708984233,1.9665972840851111,0.0049720925816581696,0.0021860875841314253,0.0035790900828947974,0.9964209099171052
2025-07-02,92.17332359531036,93.2307421829334,91.81756342891111,92.74650573730467,2526700,0.0,0.0,0.01842119513906313,2.5566683314158123,2.5566683314158123,2.5566683314158123,29.233837127685533,1.0,1.8282470703124716,0.0,0.0,0.031161631385441844,0.015580815692720922,0.984419184307279
2025-07-03,92.5093292164671,93.84345433632512,92.5093292164671,93.53710174560548,1516400,0.0,0.0,0.011149727447864377,2.469343816304542,2.469343816304542,2.469343816304542,30.024433135986342,1.0,2.6188430786132812,0.0,0.0,0.06393951917915676,0.03196975958957838,0.9680302404104216
2025-07-07,93.1714511982196,94.17946222414292,92.77615290451806,94.0707550048828,2417800,0.0,0.0,0.01787893186446949,2.3931984951131366,2.3931984951131366,2.3931984951131366,30.558086395263658,1.0,3.1524963378905966,0.0,0.0,0.09265302331138224,0.04632651165569112,0.9536734883443089
2025-07-08,95.12816920804548,97.54935889305855,94.78228604442754,95.97805786132812,2838100,0.0,0.0,0.021412442894160107,2.4707274517604665,2.4707274517604665,2.4707274517604665,32.465389251708984,1.0,5.059799194335923,0.0,0.0,0.23868052076810503,0.11934026038405252,0.8806597396159475
2025-07-09,95.62229075641018,97.9940728839086,94.97004746698092,97.5888900756836,2511700,0.0,0.0,0.01926791450445714,2.5102487349866967,2.5102487349866967,2.5102487349866967,34.07622146606445,1.0,6.670631408691392,0.0,0.0,0.4148435114027501,0.20742175570137505,0.7925782442986249
2025-07-10,96.31405671166524,96.62040929446178,94.38698798167492,94.63404846191406,2184400,0.0,0.0,0.016249730175023867,2.559652546345409,2.559652546345409,2.559652546345409,31.121379852294922,-1.0,-2.9548416137695312,0.3952980627526159,0.00016133614782135142,0.196216048453481,0.0008215617503456732,0.9991784382496544
2025-07-11,94.37710387897718,97.1738303374813,94.34745782756416,97.08488464355467,2912000,0.0,0.0,0.022223351528197936,2.5787039723148193,2.5787039723148193,2.5787039723148193,33.57221603393553,-1.0,-0.5040054321289205,0.0,0.0,0.0057086911359932905,0.5,0.5
2025-07-14,97.28254411237975,98.22137098897404,96.12629525149129,96.26465606689452,1854300,0.0,0.0,0.014031801367668777,2.544159098398244,2.544159098398244,2.544159098398244,32.751987457275376,1.0,-0.8202285766601562,1.6009616945122644,0.0023893873700689475,0.015119446894906149,0.13646753027120195,0.863532469728798
2025-07-15,96.2646472853598,96.82794486786835,94.1893332595718,94.77239990234376,1713600,0.0,0.0,0.012766089893230277,2.5509057062481233,2.5509057062481233,2.5509057062481233,31.259731292724624,-1.0,-1.4922561645507528,0.0,0.0,0.050044099081904145,0.5,0.5
2025-07-16,94.68345559806964,95.26652224938611,91.4222617977454,91.51119995117188,3154700,0.0,0.0,0.022693364161121707,2.6432881880618795,2.6432881880618795,2.6432881880618795,27.998531341552734,-1.0,-4.753456115722642,0.0,0.0,0.5077911056749992,0.5,0.5
2025-07-17,90.83920024840826,91.4617975161116,90.4043789077558,90.71073150634766,2226500,0.0,0.0,0.01587625022032894,2.5335405348728934,2.5335405348728934,2.5335405348728934,27.198062896728516,-1.0,-5.553924560546861,0.0,0.0,0.6932119883585603,0.5,0.5
2025-07-18,90.92814260366193,92.81568077997868,90.77990480538766,91.54084777832033,2297500,0.0,0.0,0.016532442339066457,2.502926873355617,2.502926873355617,2.502926873355617,28.028179168701186,1.0,0.8301162719726705,0.0,0.0,0.022339729039528577,0.011169864519764289,0.9888301354802357
2025-07-21,91.36296788166078,91.53097474814142,89.40625298677276,89.92013549804688,1816000,0.0,0.0,0.012836285361043653,2.4766174389407567,2.4766174389407567,2.4766174389407567,26.407466888427734,-1.0,-1.6207122802734517,0.9981259209830426,0.0014286214962406674,2.0,0.0007138008724851,0.9992861991275149
2025-07-22,90.04861210493097,91.18508435236453,89.84108219349471,90.6415557861328,1972200,0.0,0.0,0.01405221778870404,2.395716347507118,2.395716347507118,2.395716347507118,27.128887176513658,-1.0,-0.8992919921875284,0.0,0.0,1.1736094516700188,0.5,0.5
2025-07-23,91.00719209034988,93.0627370324142,91.00719209034988,92.60814666748048,2142000,0.0,0.0,0.015593199159522293,2.397535268848139,2.397535268848139,2.397535268848139,29.095478057861342,1.0,1.9665908813476847,1.5317622842727872,0.0027716076360927485,2.0,1.0,0.0
2025-07-24,92.46979613963858,92.98367862050289,92.10414391500318,92.40061950683594,2218300,0.0,0.0,0.016112455414505327,2.289106657180394,2.289106657180394,2.289106657180394,28.887950897216797,1.0,1.7590637207031392,0.0,0.0,2.0,1.0,0.0
2025-07-25,92.3017950943072,92.54885556964544,91.55072913816646,92.20297241210938,1550100,0.0,0.0,0.011234951568688862,2.1968937839160074,2.1968937839160074,2.1968937839160074,28.690303802490234,-1.0,-0.1976470947265625,0.0,0.0,0.012624602895822573,0.5,0.5
2025-07-28,92.68721116916352,92.68721116916352,90.73048883769616,91.44202423095705,1206600,0.0,0.0,0.00867312725927731,2.1797386801696756,2.1797386801696756,2.1797386801696756,27.929355621337905,-1.0,-0.958595275878892,0.0,0.0,0.29696647596647247,0.5,0.5
2025-07-29,92.51921150969048,93.94227475127144,91.64955379238752,93.7940444946289,2088800,0.0,0.0,0.015400637150620667,2.2026323830371557,2.2026323830371557,2.2026323830371557,30.281375885009766,1.0,2.352020263671861,1.393419181626001,0.00211744608499042,2.0,1.0,0.0
2025-07-30,92.6575691940304,93.26039739874744,90.9182612161736,91.5507354736328,2027500,0.0,0.0,0.014591141423907746,2.2507145898527376,2.2507145898527376,2.2507145898527376,28.038066864013658,-1.0,-2.243309020996108,0.0,0.0,0.909695585975734,0.5,0.5
2025-07-31,90.65143785975732,91.85708671165452,90.53284611085644,91.7385025024414,2024200,0.0,0.0,0.014597269747629584,2.1845378763488332,2.1845378763488332,2.1845378763488332,28.225833892822266,-1.0,-2.0555419921875,0.0,0.0,0.7637840564835612,0.5,0.5
2025-08-01,91.70885438033346,91.8076770656766,88.95165848304036,90.48342895507812,1655500,0.0,0.0,0.011775105359448125,2.232500783940791,2.232500783940791,2.232500783940791,26.970760345458984,-1.0,-3.3106155395507812,0.0,0.0,1.9812322119523658,0.5,0.5
2025-08-04,90.85896583991688,93.01333355798612,90.2758991781214,92.54885864257812,2157400,0.0,0.0,0.015695252540632934,2.2685674693639277,2.2685674693639277,2.2685674693639277,29.036190032958984,1.0,2.0654296875,1.156246846331598,0.001585703052763484,0.38922733409103166,0.19540651857189759,0.8045934814281024
2025-08-05,92.54885653924003,92.9738008628613,89.59401533435046,91.62979125976562,2374900,0.0,0.0,0.01710600486127528,2.3479401878744213,2.3479401878744213,2.3479401878744213,28.117122650146484,-1.0,-0.9190673828125,0.0,0.0,0.1980039603697556,0.5,0.5
2025-08-06,90.66131818826172,92.19309629094782,88.84295654296875,88.84295654296875,3845400,0.0,0.0,0.026855366959783095,2.4195258707390392,2.4195258707390392,2.4195258707390392,25.33028793334961,-1.0,-3.705902099609375,0.0,0.0,2.0,0.5,0.5
2025-08-07,83.20996929961164,84.34644905176309,78.70358841351576,81.91537475585938,7534300,0.0,0.0,0.04851487288078197,2.9709431749328927,2.9709431749328927,2.9709431749328927,18.402706146240234,-1.0,-10.63348388671875,0.0,0.0,2.0,0.5,0.5
2025-08-08,82.29090027494402,82.72572912670559,79.3755896652924,79.95865631103516,5730800,0.0,0.0,0.036020298368431916,2.9980286239672,2.9980286239672,2.9980286239672,16.445987701416016,-1.0,-12.590202331542969,0.0,0.0,2.0,0.5,0.5
2025-08-11,80.52195223957376,82.68619684429268,80.5120677095951,81.6584243774414,3050100,0.0,0.0,0.01957860031043497,2.978708046059366,2.978708046059366,2.978708046059366,18.145755767822266,-1.0,-10.890434265136719,0.0,0.0,2.0,0.5,0.5
2025-08-12,81.90549338915328,83.28903368262198,80.96666651484668,81.92526245117188,3628700,0.0,0.0,0.023368749460479513,2.931826554753361,2.931826554753361,2.931826554753361,18.412593841552734,1.0,0.26683807373046875,0.563304555916389,0.0009359584745988385,0.000600350943973764,0.0007681547092863012,0.9992318452907137
2025-08-13,84.07962149099727,85.42363105946141,83.01231844433093,85.40386199951172,4131700,0.0,0.0,0.02773785392320594,2.9722938442916598,2.9722938442916598,2.9722938442916598,21.891193389892578,1.0,3.7454376220703125,0.0,0.0,0.11828093290021373,0.059140466450106864,0.9408595335498932
2025-08-14,83.59538256549108,84.35633308588496,82.58737909836645,84.26738739013672,2755600,0.0,0.0,0.018253336994074464,2.9611644912097743,2.9611644912097743,2.9611644912097743,20.754718780517578,-1.0,-1.136474609375,0.0,0.0,0.09206919322458118,0.5,0.5
2025-08-15,84.11828409863232,85.8777862924691,84.11828409863232,85.39069366455078,2428900,0.5,0.0,0.01630372130131806,2.875331469968846,2.875331469968846,2.875331469968846,21.87802505493164,1.0,1.1233062744140625,0.45415523300768257,0.00043091579648402715,0.9769602521989915,0.48869558399773777,0.5113044160022622
2025-08-18,85.18193309294216,85.4900926278093,83.07450017228508,83.94927978515625,3058300,0.0,0.0,0.02018197322843294,2.842492968937087,2.842492968937087,2.842492968937087,20.43661117553711,-1.0,-1.4414138793945312,0.0,0.0,1.6465731516820488,0.5,0.5
2025-08-19,83.98904572799802,84.28727002282228,83.19379358206477,83.501953125,1892800,0.0,0.0,0.012424185514158363,2.7175632169242605,2.7175632169242605,2.7175632169242605,19.98928451538086,-1.0,-1.8887405395507812,0.0,0.0,2.0,0.5,0.5
2025-08-20,84.46620546958341,85.09246740541954,83.65106763607774,84.92347717285156,2126400,0.0,0.0,0.01419512750875375,2.6370597214596376,2.6370597214596376,2.6370597214596376,21.410808563232422,1.0,1.4215240478515625,0.0,0.0,0.5664529175452857,0.28322645877264285,0.7167735412273571
2025-08-21,85.04276644345515,86.12630005749106,85.04276644345515,85.84796142578125,1549100,0.0,0.0,0.01045384381048708,2.5346142331153425,2.5346142331153425,2.5346142331153425,22.33529281616211,1.0,2.34600830078125,0.0,0.0,1.5428172457250056,0.7714086228625028,0.22859137713749722
2025-08-22,85.90760761478123,86.76250921797407,85.52986339315433,85.99707794189453,1634200,0.0,0.0,0.011047282690211477,2.4416164896656567,2.4416164896656567,2.4416164896656567,22.48440933227539,1.0,2.4951248168945312,0.0,0.0,1.7451788758050724,0.8725894379025362,0.12741056209746382
2025-08-25,86.16606642030106,88.31325563312092,85.28134392084931,85.65908813476562,2411700,0.0,0.0,0.016239150123877843,2.4837804341375103,2.4837804341375103,2.4837804341375103,22.146419525146484,1.0,2.157135009765625,0.0,0.0,1.3043977790902357,0.6521988895451178,0.34780111045488216
2025-08-26,85.37080275078405,86.12629872816339,84.54572970071005,86.1163558959961,2623500,0.0,0.0,0.01775960404578431,2.419265333660069,2.419265333660069,2.419265333660069,22.603687286376953,-1.0,0.45726776123046875,0.9841336924442743,0.0018956127454779735,0.05861335254312296,0.030254482644300466,0.9697455173556996
2025-08-27,85.86784123811184,86.63328007491067,85.58950260078828,85.83802032470703,2034000,0.0,0.0,0.013724521376560566,2.3210162008359494,2.3210162008359494,2.3210162008359494,22.32535171508789,1.0,-0.2783355712890625,0.0,0.0,0.37050686448652564,0.5,0.5
2025-08-28,86.05671753817991,86.80227071342722,84.40656378739526,86.79232788085938,2466900,0.0,0.0,0.016830594174458813,2.3263512526356647,2.3263512526356647,2.3263512526356647,23.279659271240234,1.0,0.6759719848632812,0.6759719852638284,0.0008431486637224642,2.0,1.0,0.0
2025-09-02,86.0765975747393,86.99114858778135,85.4900993706164,86.91162109375,3436300,0.0,0.0,0.023476615604748476,2.1948594152916137,2.1948594152916137,2.1948594152916137,23.39895248413086,1.0,0.7952651977539062,0.0,0.0,2.0,1.0,0.0
2025-09-03,86.23565112164344,87.09055270779534,84.2276312279447,84.26738739013672,2138300,0.0,0.0,0.014164287448987309,2.2425781341886872,2.2425781341886872,2.2425781341886872,20.754718780517578,1.0,-1.848968505859375,1.5109804714411297,0.005300099176921209,2.0,0.0026430453871201837,0.9973569546128798
2025-09-04,83.30314111836284,83.81011179647015,81.23547190895025,83.6808853149414,3726200,0.0,0.0,0.024510885101543152,2.2989593732599576,2.2989593732599576,2.2989593732599576,20.168216705322266,-1.0,-0.5865020751953125,0.0,0.0,0.5438951065811514,0.5,0.5
2025-09-05,83.50195336153476,84.17792185878021,82.78622111925618,83.97911071777344,2333000,0.0,0.0,0.015401129642442338,2.2341551851359625,2.2341551851359625,2.2341551851359625,20.466442108154297,1.0,0.29822540283203125,0.0,0.0,0.25855334547523845,0.12927667273761922,0.8707233272623808
2025-09-08,84.68490428312202,84.68490428312202,83.03474291199102,83.99899291992188,1839900,0.0,0.0,0.012148841472111234,2.1924413412784656,2.1924413412784656,2.1924413412784656,20.486324310302734,1.0,0.31810760498046875,0.0,0.0,0.2941771915783932,0.1470885957891966,0.8529114042108034
2025-09-09,84.46620244833504,84.8837103906254,83.86976144732613,84.15804290771484,2293900,0.0,0.0,0.0151752786798659,2.1082633128513804,2.1082633128513804,2.1082633128513804,20.645374298095703,1.0,0.4771575927734375,0.0,0.0,0.6618880979113559,0.33094404895567797,0.669055951044322
2025-09-10,84.02880736134179,86.79232309852073,84.02880736134179,86.38475799560547,2313200,0.0,0.0,0.01570785454232638,2.155067057446206,2.155067057446206,2.155067057446206,22.872089385986328,1.0,2.7038726806640625,0.0,0.0,2.0,1.0,0.0
2025-09-11,86.71280778580068,86.87185518574773,85.37080600592223,85.61932373046875,1778200,0.0,0.0,0.011967927938120525,2.1083514947590127,2.1083514947590127,2.1083514947590127,22.10665512084961,1.0,1.9384384155273438,0.0,0.0,2.0,1.0,0.0
2025-09-12,85.69884684725716,86.1163547829817,84.77436065577643,85.12228393554688,1403100,0.0,0.0,0.009388548601196834,2.0536116827908883,2.0536116827908883,2.0536116827908883,21.609615325927734,-1.0,-0.497039794921875,0.0,0.0,0.06574735817200006,0.5,0.5
2025-09-15,85.33104097346113,85.58950152665754,84.53578881739679,84.84394836425781,2287200,0.0,0.0,0.015254275290724529,1.9821903275387358,1.9821903275387358,1.9821903275387358,21.331279754638672,-1.0,-0.7753753662109375,0.0,0.0,0.16000000000000003,0.5,0.5
2025-09-16,85.46027438907612,85.75849110126174,84.14810113664619,84.45626068115234,2600900,0.0,0.0,0.01726720599532348,1.9556331587585083,1.9556331587585083,1.9556331587585083,20.943592071533203,-1.0,-1.1630630493164062,0.0,0.0,0.36,0.5,0.5
2025-09-17,84.30715316830857,84.89365896092406,83.58148563634896,83.69083404541016,2269700,0.0,0.0,0.014931825985170658,1.909671742031122,1.909671742031122,1.909671742031122,20.178165435791016,-1.0,-1.9284896850585938,0.0,0.0,0.989761655318418,0.5,0.5
2025-09-18,84.01886444084322,84.29721064799892,82.64704940571838,83.60135650634766,2793900,0.0,0.0,0.018360763998309108,1.8911352777632238,1.8911352777632238,1.8911352777632238,20.088687896728516,-1.0,-2.0179672241210938,0.0,0.0,1.0837377471760148,0.5,0.5
2025-09-19,83.82999895906299,85.16205029514103,82.92539081971773,84.58548736572266,6496300,0.0,0.0,0.043194504345161054,1.9158155775960861,1.9158155775960861,1.9158155775960861,21.072818756103516,1.0,0.984130859375,0.2683913342169717,0.00016221526292687074,0.23783594082317974,0.1189990780430533,0.8810009219569467
2025-09-22,84.52584880033407,85.77838027844867,83.9294077673802,85.13223266601562,2498900,0.0,0.0,0.016722818135963803,1.9110410728441134,1.9110410728441134,1.9110410728441134,21.619564056396484,1.0,1.5308761596679688,0.0,0.0,0.5755087134270374,0.2877543567135187,0.7122456432864813
2025-09-23,85.65908681473556,86.86191168214918,85.24157886092105,86.62333679199219,3112200,0.0,0.0,0.021191855004337123,1.898086640221931,1.898086640221931,1.898086640221931,23.110668182373047,1.0,3.0219802856445312,0.0,0.0,2.0,1.0,0.0
2025-09-24,87.14025720267418,92.32930083876929,86.71280641982139,91.10659790039062,4843200,0.0,0.0,0.034685567104852516,2.1700778835473002,2.1700778835473002,2.1700778835473002,27.593929290771484,1.0,7.505241394042969,0.0,0.0,2.0,1.0,0.0
2025-09-25,91.19606332339116,92.52812228894292,87.55776773002881,89.1781005859375,4369500,0.0,0.0,0.030630672233818164,2.370097646073501,2.370097646073501,2.370097646073501,25.66543197631836,1.0,5.576744079589844,0.0,0.0,2.0,1.0,0.0
2025-09-26,89.30732462803914,91.74280284569464,88.41266689926667,91.58374786376952,2161100,0.0,0.0,0.01555821761939672,2.4386718103845344,2.4386718103845344,2.4386718103845344,28.071079254150376,1.0,7.982391357421861,0.0,0.0,2.0,1.0,0.0
2025-09-29,91.60363380312046,91.91179335132522,88.79041137120014,89.97335815429688,2229200,0.0,0.0,0.01576629074640518,2.487436822508859,2.487436822508859,2.487436822508859,26.460689544677734,1.0,6.372001647949219,0.0,0.0,2.0,1.0,0.0
2025-09-30,89.81429942222172,89.83418508627125,88.80035049629821,89.16815185546875,2709900,0.0,0.0,0.0189945756975494,2.3935490250438454,2.3935490250438454,2.3935490250438454,25.65548324584961,1.0,5.566795349121094,0.0,0.0,2.0,1.0,0.0
2025-10-01,89.13833676108398,89.79442720268085,85.82807880755612,85.91754913330078,2308100,0.0,0.0,0.01558845477508905,2.50589183719248,2.50589183719248,2.50589183719248,22.40488052368164,-1.0,-3.2506027221679688,2.9623325636440114,0.017481647567298714,0.3409708702113239,0.048769772006721515,0.9512302279932785
2025-10-02,86.23565178674245,89.46638225713914,86.20583087278888,89.30732727050781,2759800,0.0,0.0,0.01937453415355408,2.5803876433814716,2.5803876433814716,2.5803876433814716,25.794658660888672,-1.0,0.1391754150390625,0.0,0.0,0.001833146866434335,0.0009165734332171675,0.9990834265667828
2025-10-03,89.89382757247829,91.24576453977708,89.15821726455823,89.55583953857422,1535700,0.0,0.0,0.010811024715491703,2.5451847599412845,2.5451847599412845,2.5451847599412845,26.043170928955078,1.0,0.24851226806640625,0.0,0.0,0.005844776067369194,0.002922388033684597,0.9970776119663154
2025-10-06,90.14234511156572,91.82232727742304,89.9832901349398,91.51416015625,3067700,0.0,0.0,0.022068242682362946,2.5252778298632514,2.5252778298632514,2.5252778298632514,28.00149154663086,1.0,2.2068328857421875,0.0,0.0,0.46090466600441343,0.23045233300220672,0.7695476669977933
2025-10-07,91.31534947504058,91.68315842220332,90.47039076393784,91.42469787597656,1841700,0.0,0.0,0.013235763191406283,2.4315271033205534,2.4315271033205534,2.4315271033205534,27.912029266357422,1.0,2.11737060546875,0.0,0.0,0.42429310070481635,0.21214655035240818,0.7878534496475919
2025-10-08,91.95155620631752,91.96149903866107,89.44650093102399,90.15229034423828,1761900,0.0,0.0,0.012486036108783098,2.4374893179145913,2.4374893179145913,2.4374893179145913,26.63962173461914,1.0,0.8449630737304688,0.5367892039158164,0.00040602374950513714,0.06756902784764804,0.03398752579857659,0.9660124742014234
2025-10-09,90.98731052405786,91.08671609969572,88.02498341558977,88.08462524414062,1538200,0.0,0.0,0.010650732675820954,2.4820781297854024,2.4820781297854024,2.4820781297854024,24.571956634521484,-1.0,-2.0676651000976562,2.44540734834807,0.00990428081692756,2.0,0.004927737560169758,0.9950722624398303
2025-10-10,86.71281035946264,88.25361574688716,85.99707807806007,86.82215118408203,1999100,0.0,0.0,0.013643683229771403,2.465968096859809,2.465968096859809,2.465968096859809,23.30948257446289,-1.0,-3.33013916015625,0.0,0.0,2.0,0.5,0.5
2025-10-13,87.04084126077657,88.00509119942558,87.02096318079232,87.6869888305664,1163300,0.0,0.0,0.008018505864610125,2.3743232338943616,2.3743232338943616,2.3743232338943616,24.174320220947266,-1.0,-2.465301513671875,0.0,0.0,2.0,0.5,0.5
2025-10-14,87.50806218624642,87.89574923969643,84.91353646905988,86.21577453613281,1669100,0.0,0.0,0.011311902617043118,2.4177439150902322,2.4177439150902322,2.4177439150902322,22.703105926513672,-1.0,-3.9365158081054688,0.0,0.0,2.0,0.5,0.5
2025-10-15,86.47422358488691,87.09055025976672,84.71472146722137,84.93341827392578,1578700,0.0,0.0,0.01054010114935591,2.414749977765598,2.414749977765598,2.414749977765598,21.42074966430664,-1.0,-5.2188720703125,0.0,0.0,2.0,0.5,0.5
2025-10-16,85.48015517411886,86.96132628622581,81.86173767917037,82.52776336669922,2873900,0.0,0.0,0.018643965645202,2.606524165572015,2.606524165572015,2.606524165572015,19.015094757080078,-1.0,-7.6245269775390625,0.0,0.0,2.0,0.5,0.5
2025-10-17,81.98102742593022,83.55166125068392,81.7921515300971,83.01486206054688,2160600,0.0,0.0,0.014099275241459904,2.5460231337873585,2.5460231337873585,2.5460231337873585,19.502193450927734,-1.0,-7.137428283691406,0.0,0.0,2.0,0.5,0.5
2025-10-20,83.28326089127839,84.03875691791777,82.94528041714138,83.432373046875,1659900,0.0,0.0,0.010886369920896158,2.4422698028580037,2.4422698028580037,2.4422698028580037,19.91970443725586,1.0,0.417510986328125,0.0,0.0,0.0034217817118638513,0.0017108908559319257,0.9982891091440681
2025-10-21,83.99899033497063,84.5059686132196,82.76634455302789,82.7961654663086,2617600,0.0,0.0,0.017036488020256566,2.392080821238982,2.392080821238982,2.392080821238982,19.283496856689453,1.0,-0.21869659423828125,0.0,0.0,0.27437732883839067,0.5,0.5
2025-10-22,83.00491684421678,86.30523179741091,82.9253893551859,85.4205093383789,3078300,0.0,0.0,0.02066996139093684,2.4718655005149346,2.4718655005149346,2.4718655005149346,21.907840728759766,1.0,2.4056472778320312,2.2664748794931455,0.010702929628956774,2.0,1.0,0.0
2025-10-23,86.34499664108,87.15019162133107,85.30121919069914,86.41458129882812,1985800,0.0,0.0,0.013489290351734564,2.4273731383804344,2.4273731383804344,2.4273731383804344,22.901912689208984,1.0,3.39971923828125,0.0,0.0,2.0,1.0,0.0
2025-10-24,86.64322489830508,87.12037469206389,85.78832330164805,85.95731353759766,1458700,0.0,0.0,0.009856333347815046,2.349135870668678,2.349135870668678,2.349135870668678,22.444644927978516,1.0,2.9424514770507812,0.0,0.0,2.0,1.0,0.0
2025-10-27,86.75256439360706,87.34901300291192,85.26145803866314,85.8777847290039,1617600,0.0,0.0,0.010919896891630042,2.330451520210114,2.330451520210114,2.330451520210114,22.365116119384766,1.0,2.8629226684570312,0.039761152036007275,3.160644158542214e-06,2.0,1.0,0.0
2025-10-28,85.28134088434344,86.62333504259303,85.09246499203077,85.5895004272461,1467600,0.0,0.0,0.009874037243183555,2.27333855809241,2.27333855809241,2.27333855809241,22.076831817626953,-1.0,-0.2882843017578125,0.6958583096172788,0.0009935006077923855,0.010139645074589768,0.08923808563509308,0.9107619143649069
2025-10-29,85.18193977178747,85.38075092261404,83.25343975530089,83.65106964111328,1648500,0.0,0.0,0.010839943448750312,2.2778187090818953,2.2778187090818953,2.2778187090818953,20.13840103149414,-1.0,-2.226715087890625,0.0,0.0,0.6049368898071922,0.5,0.5
2025-10-30,83.53177557132095,83.9492835244134,82.11025389698892,82.31900787353516,2144700,0.0,0.0,0.01387820332076299,2.2464766318206513,2.2464766318206513,2.2464766318206513,18.806339263916016,-1.0,-3.55877685546875,0.0,0.0,1.5451913929951757,0.5,0.5
2025-10-31,82.0704903784558,83.51189772168148,81.79215174229057,82.7961654663086,1861400,0.0,0.0,0.01211480699912346,2.2088530137899554,2.2088530137899554,2.2088530137899554,19.283496856689453,-1.0,-3.0816192626953125,0.0,0.0,1.1586138767594394,0.5,0.5
2025-11-03,82.72658380886591,84.36680235624824,82.16990651633732,83.90953063964844,2851700,0.0,0.0,0.0188096924162276,2.207998929941453,2.207998929941453,2.207998929941453,20.396862030029297,1.0,1.1133651733398438,0.4175188318348404,0.0004190109968352266,0.13053209372680083,0.06547555236181803,0.934524447638182
2025-11-04,83.38266515201927,84.82407252117666,82.62717672145315,84.04869842529297,2694700,0.0,0.0,0.017803606266796713,2.2072058492116,2.2072058492116,2.2072058492116,20.536029815673828,1.0,1.252532958984375,0.0,0.0,0.16520392640788886,0.08260196320394443,0.9173980367960556
2025-11-05,84.54573059082031,86.3847601848732,84.33696903390334,84.54573059082031,3655800,0.0,0.0,0.024296329924015724,2.2164098428093593,2.2164098428093593,2.2164098428093593,21.033061981201172,1.0,1.7495651245117188,0.0,0.0,0.3223311410852527,0.16116557054262634,0.8388344294573736
2025-11-06,82.67687468963986,82.83592967356842,79.6250773389819,80.96707153320312,4175600,0.0,0.0,0.02657626141686734,2.409570086311435,2.409570086311435,2.409570086311435,17.454402923583984,-1.0,-3.5786590576171875,3.0020993824712576,0.029582858487432095,2.0,0.014575831858118386,0.9854241681418816
2025-11-07,81.35475661450346,81.59333908464302,79.61513258657,81.54363250732422,2891800,0.0,0.0,0.01853637785591236,2.3787584014372625,2.3787584014372625,2.3787584014372625,18.030963897705078,-1.0,-3.0020980834960938,0.0,0.0,2.0,0.5,0.5
2025-11-10,82.30907328349062,83.19379577485385,81.31500238675358,82.35877227783203,2580600,0.0,0.0,0.01670694809378928,2.343046614770335,2.343046614770335,2.343046614770335,18.84610366821289,1.0,0.8151397705078125,0.3578661012854383,0.0003605769596374489,0.07372493716513563,0.03704275706238654,0.9629572429376134
2025-11-11,82.6669396188539,83.75047325859846,82.38859339638095,83.18385314941406,1743600,0.0,0.0,0.011401249774813198,2.2750933551986274,2.2750933551986274,2.2750933551986274,19.671184539794922,1.0,1.6402206420898438,0.0,0.0,0.29850718696755063,0.14925359348377532,0.8507464065162247
2025-11-12,82.4681174426503,84.88370993016783,82.4681174426503,84.24750518798828,2618000,0.0,0.0,0.017337770809333273,2.2851290075071207,2.2851290075071207,2.2851290075071207,20.73483657836914,1.0,2.7038726806640625,0.0,0.0,0.8111902481320254,0.4055951240660127,0.5944048759339873
2025-11-13,84.58549026359717,84.80418707770758,83.74053150520989,83.83000183105469,1644200,0.0,0.0,0.010834794682483877,2.1978809050064476,2.1978809050064476,2.1978809050064476,20.317333221435547,1.0,2.2863693237304688,0.0,0.0,0.5800200609078581,0.29001003045392904,0.709989969546071
2025-11-14,83.68000030517578,85.5,83.68000030517578,85.04000091552734,1978100,0.5,0.0,0.01322324563768266,2.170889389993431,2.170889389993431,2.170889389993431,21.527332305908203,1.0,3.496368408203125,0.0,0.0,1.3563901285173312,0.6781950642586656,0.3218049357413344
2025-11-17,84.54000091552734,84.5999984741211,80.4000015258789,80.69000244140625,2595400,0.0,0.0,0.01646230316694095,2.3472543899687888,2.3472543899687888,2.3472543899687888,17.17733383178711,-1.0,-4.349998474121094,3.340529979330981,0.037819800647059566,1.547903329112065,0.023850191712095726,0.9761498082879043
2025-11-18,81.0,81.4800033569336,80.5,81.12999725341797,1989400,0.0,0.0,0.012687327230374492,2.2495936018948464,2.2495936018948464,2.2495936018948464,17.617328643798828,-1.0,-3.910003662109375,0.0,0.0,1.2506044030205608,0.5,0.5
2025-11-19,80.4000015258789,80.4000015258789,76.77999877929688,78.72000122070312,2908100,0.0,0.0,0.01799537888520875,2.3996225213395785,2.3996225213395785,2.3996225213395785,15.207332611083984,-1.0,-6.319999694824219,0.0,0.0,2.0,0.5,0.5
2025-11-20,78.86000061035156,79.6500015258789,77.2699966430664,77.79000091552734,3949400,0.0,0.0,0.02415024076801177,2.398221261444787,2.398221261444787,2.398221261444787,14.277332305908203,-1.0,-7.25,0.0,0.0,2.0,0.5,0.5
2025-11-21,78.30000305175781,79.18000030517578,77.58999633789062,78.54000091552734,2270100,0.0,0.0,0.01401530189596904,2.3404914547190994,2.3404914547190994,2.3404914547190994,15.027332305908203,-1.0,-6.5,0.0,0.0,2.0,0.5,0.5
