Date,Open,High,Low,Close,Volume,Dividends,Stock Splits,Y_Low,Y_High,Y_Close,ATRP,BBW_Low,BBW_High,BBW_Close,RVO_Low,RVO_High,RVO_Close,RVI_High,RVI_Low,RVI_Close,RV,fast_trend_run,structural_direction,slow_trend_run,breaking_gap,fast_swing_ratio,slow_swing_ratio,cos_θ1,sin_θ1,cos_θ2,sin_θ2,cos_θ3,sin_θ3,cos_θ4,sin_θ4,p_up,p_down
2021-05-25,53.95649845942864,54.08486574250451,53.33178442845835,53.785343170166016,2596100,0.0,0.0,-0.005743492155766337,-0.0034689500207423095,-0.0015885920481599589,0.017193209088104493,0.058473365470155365,0.06642783173261928,0.05927925438732824,0.017063190034589545,0.014016974802923242,0.009695444042350022,46.138949388469264,47.42261119928763,44.47250644183963,0.005536315306861838,-0.23961257934570312,-1.0,-0.1711578369140625,0.5391319046508869,2.0,0.19753086419753085,1.0,0.0,1.0,0.0,1.0,0.0,1.0,0.0,0.0,1.0
2021-05-26,53.776786733641075,53.99928632393778,53.60563144482752,53.76823043823242,2876800,0.0,0.0,0.0025608157269637593,-0.000791785076077783,-0.00015910891065229547,0.016493155957021572,0.05363884214887344,0.06034187975269798,0.05246937862896959,0.01736400129341338,0.013933263069740815,0.007524317257742094,42.248338036314586,51.199473453467185,40.105728881210275,0.006132970404291725,-0.2567253112792969,-1.0,-0.18827056884765625,0.0,0.0,0.23900459736165042,1.0,0.0,1.0,0.0,1.0,0.0,1.0,0.0,0.8804977013191748,0.11950229868082521
2021-05-27,53.776795882815925,54.26458641698841,53.22910147704446,53.29756164550781,3535400,0.0,0.0,-0.003524415304697018,0.00245049513133052,-0.004396070710955759,0.016838061206346074,0.04913775200218179,0.05518144320930166,0.049236383886426816,0.018970351889571958,0.013717303206127867,0.010173680275014587,47.42317318156257,47.13012192139949,35.4887338140263,0.007471045018541101,-0.7273941040039062,-1.0,-0.6589393615722656,0.17972067448389595,0.061045903613384335,2.0,1.0,0.0,1.0,0.0,1.0,0.0,1.0,0.0,0.0,1.0
2021-05-28,53.4430288931928,54.13620299084678,53.41735348121344,53.79389572143555,2934400,0.0,0.0,0.0014651225113900559,-0.0009830084995331178,0.003846803658901974,0.01660464583573929,0.04214301432250967,0.04864159471704516,0.03996988635997352,0.01612757697907483,0.009709256714771087,0.014635319334398822,43.00738885196955,51.28823986687579,42.14827919204286,0.006258752328023364,0.4963340759277344,-1.0,-0.16260528564453125,0.13691666690900206,0.07609645943870295,0.17828331575060205,1.0,0.0,1.0,0.0,1.0,0.0,1.0,0.0,0.29914508487191366,0.7008549151280863
2021-06-01,54.05063208943865,54.256019082076335,53.460149790443,53.622745513916016,3239600,0.0,0.0,0.0004004239238334444,0.0011053938090589497,-0.0015933304705044579,0.01652795549224264,0.03534947782281074,0.043768471336795754,0.03533904560882153,0.015987336677201758,0.010143059879559817,0.014827145208578758,48.24237073612668,55.292184050121165,37.59339498902532,0.006887726470377337,-0.17115020751953125,1.0,-0.17115020751953125,0.0,0.0,0.19751325463510697,1.0,0.0,1.0,0.0,1.0,0.0,1.0,0.0,0.9012433726824465,0.09875662731755348
2021-06-02,53.74256031811238,54.65823744929166,53.54573285916427,54.333045959472656,5019700,0.0,0.0,0.0007997977924401927,0.003692981800775408,0.006579549238279923,0.016609296203965253,0.030986675977087427,0.039668163821007,0.03186193217540827,0.01051044829072106,0.009309741884640092,0.020190276502760462,53.254033235130926,59.126473623716365,44.91796781042126,0.01081377353859479,0.7103004455566406,1.0,0.5391502380371094,0.5220344584448782,0.5401497351935983,2.0,1.0,0.0,1.0,0.0,1.0,0.0,1.0,0.0,1.0,0.0
2021-06-03,54.290248772950115,54.709579062972,54.01640161949257,54.59832763671875,4176900,0.0,0.0,0.003641097239183727,0.00039062163025301396,0.0020264252582168976,0.01625483453869229,0.022015763492138032,0.03080853137155745,0.028456646648391617,0.012761600369111208,0.008351500631081421,0.020103674222658886,57.25502010098966,63.08731869237548,51.05379524474723,0.009042090998131674,0.9755821228027344,1.0,0.8044319152832031,0.0,0.0,2.0,1.0,0.0,1.0,0.0,1.0,0.0,1.0,0.0,1.0,0.0
2021-06-04,54.598327135823546,55.111792992232495,54.52130742058798,54.7951545715332,4104500,0.0,0.0,0.004571259671674739,0.0035989550598284274,0.0017680692230551698,0.015809288548271083,0.02656501590792772,0.03145129840341975,0.030457670022247363,0.008926623996525702,0.009459599927007968,0.013799191304935154,60.7197175444665,67.3344022470917,57.638396239846394,0.008917392273807077,1.1724090576171875,1.0,1.0012588500976562,0.0,0.0,2.0,1.0,0.0,1.0,0.0,1.0,0.0,1.0,0.0,1.0,0.0
2021-06-07,54.88072885552002,54.92352012392792,54.19611426420976,54.52986526489258,3493200,0.0,0.0,-0.002545689578390662,-0.001456192691131895,-0.002065205967706369,0.015704300133997495,0.02765583429624104,0.03209141994249751,0.03154471950079059,0.014152948862348642,0.010246494519256773,0.01607086767759735,55.06508086903494,58.847864875374384,49.46260312400465,0.007552545168702272,-0.265289306640625,-1.0,-0.265289306640625,0.0,0.0,0.07020155849167758,1.0,0.0,1.0,0.0,1.0,0.0,1.0,0.0,0.9648992207541612,0.03510077924583879
2021-06-08,54.60688710478779,54.66679096547373,53.93082551760002,54.0763053894043,2263100,0.0,0.0,-0.0015895171178135327,-0.0015176909016698385,-0.002705580245839373,0.015676999879324183,0.027270036710005507,0.03163444620566775,0.029951356739339463,0.0162099984399041,0.012814690082308735,0.019005508279410027,49.812690369905354,51.43984069568831,42.52003427999205,0.004852284000051255,-0.7188491821289062,-1.0,-0.7188491821289062,0.0,0.0,0.5154455923503943,1.0,0.0,1.0,0.0,1.0,0.0,1.0,0.0,0.7422772038248029,0.25772279617519717
2021-06-09,52.86966625933977,53.96505815465715,52.724186385037,53.16062927246094,6910800,0.0,0.0,-0.01131347801699683,-0.006459733646258441,-0.008538812861731164,0.016624714572649184,0.031569280363641136,0.03181539301669405,0.033212875245265734,0.02930932743812425,0.01667840837757121,0.02020129274826653,44.89593620601992,44.04835945499331,36.083359481153344,0.014566455717098071,-1.6345252990722656,-1.0,-1.6345252990722656,0.0,0.0,2.0,1.0,0.0,1.0,0.0,1.0,0.0,1.0,0.0,0.0,1.0
2021-06-10,53.177747841783834,53.91371333985679,53.032267960056565,53.54573059082031,2880700,0.0,0.0,0.0012143071493089567,-0.00019839481035211873,0.001504369114760076,0.016502034788562936,0.033090498913059305,0.033188487240169755,0.03396986266052203,0.027945921257558713,0.016286195193392052,0.021628420649718993,40.031971634951475,52.382446967573635,45.799271334678096,0.006115871281150645,0.385101318359375,-1.0,-1.2494239807128906,0.0,0.0,1.557137410815895,1.0,0.0,1.0,0.0,1.0,0.0,1.0,0.0,0.5,0.5
2021-06-11,53.63986471371712,53.7511161443551,53.109286241045965,53.5029411315918,2602300,0.0,0.0,0.0006554924708870725,-0.0013642643253129047,-0.0003610894869069915,0.01619244163249643,0.03400313676568204,0.031572660620581984,0.03186878082392522,0.02424449257038541,0.010345023249466305,0.02011858298322984,35.26488011976934,59.53328004492913,38.801849010931775,0.0055203990614950856,-0.042789459228515625,-1.0,-1.2922134399414062,0.0,0.0,1.6656194045520316,1.0,0.0,1.0,0.0,1.0,0.0,1.0,0.0,0.1671902977239842,0.8328097022760158
2021-06-14,53.40025345942062,53.656984788025184,53.01515483425579,53.61419677734375,2020300,0.0,0.0,-0.0006886168341498889,-0.0006803866452335994,0.0008063463061491826,0.015859728177074397,0.033278728944859275,0.029203269504203506,0.03159774322082869,0.024449523745855534,0.010788439697596847,0.02124616754570655,30.66492634201896,50.60825706302725,48.067675111392354,0.004294683097805041,0.11125564575195312,-1.0,-1.1809577941894531,0.0,0.0,1.39115659186296,1.0,0.0,1.0,0.0,1.0,0.0,1.0,0.0,0.5,0.5
2021-06-15,53.69977184254913,53.78534786238827,53.117845766998485,53.17774963378906,5381400,0.0,0.0,0.000967568354432097,0.001194716004358759,-0.004086891926048731,0.015744350397999946,0.03396501905353033,0.030274912077671044,0.03359567245272272,0.025219617022108887,0.01288802313600175,0.021194680383575658,40.040306418568214,58.002086921505665,40.50648798678763,0.01134646778935441,-0.4364471435546875,1.0,-0.4364471435546875,0.034231718033169045,0.006151684891533799,0.19000742627735026,1.0,0.0,1.0,0.0,1.0,0.0,1.0,0.0,0.901920444415558,0.09807955558444204
2021-06-16,53.374577040691435,53.3916928975463,52.296304174962145,52.330535888671875,3842600,0.0,0.0,-0.005564940795806532,-0.0026226713711588433,-0.005733718024410806,0.016351593803962613,0.03949215740060346,0.03341799872444387,0.041992652671340724,0.01846028074424429,0.007902052136904557,0.02037927756444624,34.117423455498276,48.22026257354935,33.00491207611389,0.007972890798006147,-1.283660888671875,-1.0,-0.8472137451171875,0.0,0.0,0.7159674040463857,1.0,0.0,1.0,0.0,1.0,0.0,1.0,0.0,0.6420162979768071,0.35798370202319285
2021-06-17,52.23639831066085,52.50168592047667,51.69726026615539,52.287742614746094,3149200,0.0,0.0,-0.004720926693078151,-0.0068881035880260545,-0.00033523010157652416,0.016294948901924202,0.04918390298935494,0.04386438696239125,0.0486861215718135,0.017842532630388246,0.016338970023066526,0.01648170574658157,27.77894901576576,38.76303779673025,26.51418577760823,0.00652883346128577,-1.3264541625976562,-1.0,-0.8900070190429688,0.0,0.0,0.7901219516446986,1.0,0.0,1.0,0.0,1.0,0.0,1.0,0.0,0.6049390241776507,0.3950609758223493
2021-06-18,51.996775815862904,52.167931100932734,51.1410026550293,51.1410026550293,5416900,0.0,0.0,-0.00540905296652481,-0.0031886504321083625,-0.011087246168613287,0.01707195868634946,0.06190910777228011,0.05484732746152459,0.06477353315623434,0.016369823233550858,0.016094520373746403,0.022742104394821928,21.922074845618273,30.199647225134655,20.38113496861253,0.010983873230338951,-2.473194122314453,-1.0,-2.0367469787597656,0.0,0.0,2.0,1.0,0.0,1.0,0.0,1.0,0.0,1.0,0.0,0.0,1.0
2021-06-21,51.474765158029086,51.72293693330851,51.15812668745579,51.46620559692383,2926400,0.0,0.0,9.043092515748041e-05,-0.002313981134104322,0.001712219599902447,0.016560015643074064,0.07035571887460988,0.06606317839593412,0.07320480086438863,0.017403583626592695,0.015279562187017568,0.025567547005117403,16.942790484485823,45.874975346529155,38.80173705141101,0.0059716080376117945,0.32520294189453125,-1.0,-1.7115440368652344,0.0,0.0,2.0,1.0,0.0,1.0,0.0,1.0,0.0,1.0,0.0,0.5,0.5
2021-06-22,51.52610397338867,51.75716313085644,51.3549486792071,51.52610397338867,3433000,0.0,0.0,0.0019199696336035686,0.0003307514925740086,0.000581581058961993,0.015916855415170756,0.07489500473016616,0.07440107163148664,0.07937751599001919,0.01869993297034598,0.013943184703855778,0.027220750536294386,35.42035515389699,57.55077326022856,52.16874796101268,0.007013528468288156,0.385101318359375,1.0,0.05989837646484375,0.0,0.0,0.0012247683267138185,1.0,0.0,1.0,0.0,1.0,0.0,1.0,0.0,0.0006123841633569093,0.999387615836643
2021-06-23,51.406291646874216,51.45763920988871,50.66176993799878,50.67032623291016,3058900,0.0,0.0,-0.006054319847491135,-0.0025857170738030734,-0.007461338379168154,0.016247985477843976,0.08447892453471349,0.08366290605383604,0.0906437455557046,0.01759396691994144,0.014075068885264646,0.027535691887422813,27.79126701637307,45.476061180535304,41.08772998225573,0.0061454605499015455,-0.8557777404785085,-1.0,-0.8557777404785085,0.49635674945701425,0.3364076721014344,2.0,0.8987593516714606,-0.43844227417425874,1.0,0.0,0.9804161479321465,-0.19693698706411492,6.123233995736766e-17,-1.0,0.0,1.0
2021-06-24,50.55052461150267,50.764467919749926,50.34514086371414,50.618988037109375,3121400,0.0,0.0,-0.003134726839693277,-0.006781031125289776,-0.0005068471059437695,0.015694430248968556,0.09365876268637507,0.09635500395552038,0.09972261997000027,0.01640881563500256,0.011492901805877906,0.027486350390701807,22.021773941672947,36.63431891310267,33.014452801905726,0.0062646720331528336,-0.9071159362792969,-1.0,-0.9071159362792969,0.0,0.0,2.0,0.8757970657835141,-0.48267949983916547,1.0,0.0,0.9692012533528842,-0.24627003573150827,6.123233995736766e-17,-1.0,0.0,1.0
2021-06-25,50.516292558325894,51.06398690142606,50.45638869358155,51.02975845336914,3047400,0.0,0.0,0.0010774682037411715,0.002871674647267858,0.003945273977014074,0.015306570743590665,0.10073592394850336,0.10359322886174954,0.10515624918908478,0.01610081970091356,0.017123067388435553,0.022006626629800224,36.86726289752422,47.885204572378065,44.784401624934574,0.006165785768956765,0.4107704162597656,1.0,0.4107704162597656,0.0,0.0,0.20505611395941264,0.9155758848867636,-0.4021452461658845,1.0,0.0,0.9847289615641401,-0.17409443488179122,0.9898403204288336,0.1421834732074863,0.10252805697970632,0.8974719430202936
2021-06-28,51.13245205530284,51.94543730155393,51.10677990226326,51.81707000732422,4843300,0.0,0.0,0.006403809743961848,0.008556987935307457,0.007655185538910203,0.015259528441596828,0.10262612564535466,0.10519395086965154,0.10555793593488015,0.02256773018480292,0.02602602369076205,0.02677184623793615,47.39261982513171,55.97341317438484,53.3810852941875,0.009950609381035947,1.1980819702148438,1.0,1.1980819702148438,0.0,0.0,1.7444055979380257,0.96790227916876,-0.2513268349777231,1.0,0.0,0.9999737586253421,-0.007244450338431896,0.900221056255825,0.43543317498055517,0.8722027989690129,0.12779720103098713
2021-06-29,51.85130068691767,52.108032005740874,51.14956689202684,51.372066497802734,3715400,0.0,0.0,0.0003209856862247731,0.0011987097493016809,-0.003308214523652289,0.01562496977693315,0.10341577578940064,0.10524122649856214,0.10731248868611516,0.022090358231037936,0.026119157274903874,0.028588976907683604,55.44519745984077,62.53856582419841,45.40616766551466,0.007567772500663963,-0.4450035095214844,1.0,0.7530784606933594,0.0,0.0,0.6892152192964719,0.9764527397001946,-0.21573142360811481,1.0,0.0,0.9892035264795163,-0.14654822824070204,0.9429157634902532,0.33303132429486715,0.5,0.5
2021-06-30,51.30360415816727,52.77553184703812,51.26937244657323,52.14226150512695,7163600,0.0,0.0,0.0011697597663095105,0.006364198705472924,0.007440467635576212,0.01635784469951465,0.10271689340217388,0.10181898416207645,0.10366262712091205,0.015246514846133416,0.026346838437478717,0.02325435034996974,61.70401499742354,67.7058651640091,52.83691602598887,0.014810054147602206,0.7701950073242188,1.0,1.5232734680175781,0.0,0.0,2.0,0.9935414905690417,-0.11346940785007514,1.0,0.0,0.9927992433089442,-0.11979007673921786,0.9610817745130895,0.27626404525158693,1.0,0.0
2021-07-01,52.15938207143844,52.20217008253732,51.44053238562286,51.53466796875,3446700,0.0,0.0,0.0008017924320428978,-0.0026278696731903573,-0.002819701757459248,0.016424162845471817,0.09838163737060773,0.0982030240312127,0.0986552695368581,0.010812847485205503,0.024047628961201245,0.028911087612235483,53.737928196781745,71.69147394495603,46.37407022011393,0.007042687555936059,-0.6075935363769531,1.0,0.915679931640625,0.0,0.0,1.0189709406492262,0.8170051413166318,-0.5766303834018726,1.0,0.0,0.9951588189965352,-0.09827982994196321,0.9655075997508329,0.2603748736406518,0.5,0.5
2021-07-06,51.449088127433555,51.68014730229597,51.01264519570408,51.20947265625,4172500,0.0,0.0,-0.004176416974272199,-0.0021480732538392278,-0.003165098374679213,0.015781169959476395,0.08007234542698381,0.08410202582344486,0.08208047801278781,0.010390660560894636,0.020537561663072447,0.023597444611705112,42.67865108946952,65.3670361312598,42.1663856926311,0.008471925033689653,-0.3251953125,-1.0,-0.3251953125,0.4278871899187777,1.7312907784944154,0.12612499483158407,0.8297445019987453,-0.5581434057684944,1.0,0.0,0.9998757601579449,-0.015762748763203504,0.9907939012981333,0.13537889477472076,0.07129211333700025,0.9287078866629997
2021-07-07,51.175235145798105,51.996776609250034,51.08965913421521,51.68014144897461,3793600,0.0,0.0,0.0006857865787278342,0.002776669554652568,0.004159097070884824,0.015774237515678136,0.07068259658118607,0.075734085138369,0.0741474064162486,0.010509115620179843,0.0214855657120237,0.024378793372466876,47.44973993452758,67.86452191071093,47.140829055407025,0.007773394084056325,0.14547348022460938,1.0,0.4706687927246094,0.0941258689208695,0.41864927096759164,2.0,0.9545464388618035,-0.29806223520642333,1.0,0.0,0.9999842381934999,-0.00561456717527141,0.9957363206441636,0.0922452153231986,1.0,0.0
2021-07-08,51.654249269935136,52.37922133968915,51.31765568260641,51.49026870727539,2755200,0.51,0.0,0.0016169585482833722,0.002661151707551346,-0.0013366233925919556,0.0161741496966104,0.06805023850104491,0.0706162040861735,0.07140367272214206,0.01133601943060415,0.017696773064729724,0.017429920279215437,51.97009679544011,70.12531324138223,43.426309945071125,0.005624886235958201,-0.044399261474609375,1.0,0.2807960510253906,0.0,0.0,0.745578606351504,0.9929321702891353,-0.11868321366102139,1.0,0.0,0.996035750233127,-0.08895383216889555,0.9834929438334888,0.18094648222537488,0.5,0.5
2021-07-09,51.47300682268715,51.86138530320432,51.352178693708375,51.5247917175293,3037300,0.0,0.0,0.0003362527203017642,-0.004967699758874468,0.00033512585549669353,0.01571470092842921,0.06266295092737051,0.06523607554064849,0.06502597985064787,0.010708325840198846,0.01705554381585385,0.01312283458658808,47.34389230985358,72.4162043740322,48.1006291528065,0.00620496577252724,-0.009876251220703125,1.0,0.3153190612792969,0.0,0.0,0.940181921968289,0.8418778784844698,-0.5396680810632478,1.0,0.0,0.9964136502923354,-0.08461582305398585,0.9903277662308165,0.13874766820484274,0.5,0.5
2021-07-12,51.49027250620542,51.55068657544895,50.89476098409646,51.15367889404297,2775700,0.0,0.0,-0.004088344575788528,-0.0027456999183306497,-0.00330302153555425,0.015613990224076679,0.055880239932925235,0.06036029987038087,0.057906024455943075,0.01367600699117665,0.01714021700751123,0.014958935239384337,42.89596269053885,66.48880824542147,43.870887552155494,0.005629694829496866,-0.38098907470703125,-1.0,-0.3711128234863281,0.42289469850994976,1.232081502948519,1.385196777722931,0.8813433045178544,-0.47247643283189134,1.0,0.0,0.9992735654684269,-0.038109596639396504,0.997480235483675,0.07094490693088622,0.0,1.0
2021-07-13,51.09326242455971,51.56794578588214,50.90338776310286,51.0328483581543,3538500,0.0,0.0,8.474396747458502e-05,0.00016737237527270047,-0.0011824507509728855,0.01546318824403794,0.04754812434936281,0.05447688861759112,0.04677795066633111,0.011276069319623515,0.016770501660594794,0.013836624327006709,48.52188147628051,69.32072303259544,39.76453598605017,0.007159858903901722,-0.5018196105957031,1.0,-0.12083053588867188,0.0,0.0,0.14684290015486914,0.9446526551555715,-0.32807218886630546,1.0,0.0,0.9996064718339589,-0.028051764074023267,0.9978828256922039,0.06503742144752314,0.9265785499225654,0.07342145007743457
2021-07-14,50.79119118626197,51.283136202856305,50.52364410598918,51.15367889404297,3681700,0.0,0.0,-0.003744008378395674,-0.002769145229381427,0.0011824507509728855,0.015385276799208734,0.03503243854866099,0.04576107313630538,0.03635253454608389,0.012826309816240536,0.01504627540873626,0.008401510154903983,43.474936288566944,62.952797972236986,45.11226211527908,0.007467250586792021,-0.38098907470703125,-1.0,0.12083053588867188,0.0,0.0,1.0,0.9465576858246721,-0.32253456776947365,1.0,0.0,0.9949037920990921,-0.10082878788742113,0.9998289677265609,0.01849419624746291,0.5,0.5
2021-07-15,51.162299235757125,51.654244167460995,50.88611974049598,51.59383010864258,2448700,0.0,0.0,0.0023773122656942404,0.002397807681057726,0.00284916621993713,0.01522787293126009,0.02790918954231648,0.03713791432287082,0.03267320413684254,0.014724542446447036,0.014947604232917919,0.013061688753951443,48.62912898286907,66.02571544510192,49.40185015512467,0.005009205003297786,0.059162139892578125,1.0,0.4401512145996094,0.01726802260688487,0.08519173616798813,2.0,0.9838634500694134,-0.17892096472328428,1.0,0.0,0.9997431340513354,-0.022664199019900223,0.9103400649031428,0.4138610470099134,1.0,0.0
2021-07-16,51.67151474537594,51.90454185216554,51.57657741012982,51.826866149902344,3324200,0.0,0.0,0.006738624775988798,0.0024169623295614167,0.002253282463668499,0.014528592960776823,0.02709039483922462,0.03507826839500165,0.029521334157766112,0.021362914390867287,0.013328111283873623,0.013707634263613017,52.87751125333855,68.7771274634205,53.47220004664546,0.006830894048604912,0.29219818115234375,1.0,0.673187255859375,0.0,0.0,2.0,0.9950328653522021,-0.0995469581101621,1.0,0.0,0.998319398765643,-0.057951514632537005,0.8324016813954669,0.5541727535796032,1.0,0.0
2021-07-19,51.79234406257725,52.50005786170293,51.378074738519246,52.41374969482422,4381400,0.0,0.0,-0.001928059271415654,0.005703925029830649,0.005630085165614118,0.014868797299140774,0.027642470105958047,0.03663217958532318,0.03418755723753483,0.01890269875049567,0.01456365881243125,0.011898529205186033,57.28872586003482,62.7722143009283,58.326920544213884,0.009105285953786933,0.8790817260742188,1.0,1.26007080078125,0.0,0.0,2.0,0.9995424030722112,-0.030248710065543843,0.9997824975723557,0.0208556358805608,0.9980485912278947,-0.06244204951805139,0.945564380346434,0.32543509740048676,1.0,0.0
2021-07-20,52.638143667440154,53.147350290510275,51.68014448739979,51.71466445922851,4422300,0.0,0.0,0.0029310592706667964,0.006126912530355219,-0.006713683688310559,0.01601989408488879,0.029629433898763484,0.04323454004489105,0.034512166345848125,0.019110945297908803,0.015980848753558482,0.021539855444159546,62.43110996161071,66.5121509193197,52.075535235057906,0.009067704677062333,0.17999649047850852,1.0,0.5609855651855398,0.0,0.0,2.0,0.9994884842100764,-0.03198077440344138,0.993922498901936,0.11008208835469589,0.9990067218653277,-0.044559731461171904,0.9486336819308481,0.3163765754703129,1.0,0.0
2021-07-21,51.66288842000624,51.7491932973536,50.851608086732966,50.91202545166016,4272600,0.0,0.0,-0.007807234924500177,-0.012877714613738267,-0.007556209247592636,0.01636942762912245,0.029512879747568554,0.043241894920514584,0.03574376160167894,0.02585573399129177,0.03622867188956717,0.02830642660676257,55.37335252389649,59.37367246439398,46.34181435863219,0.008624780803826625,-0.6226425170898366,-1.0,-0.8026390075683452,0.5264666517862793,0.7149310959435239,2.0,0.5250547714080676,-0.8510684385063412,1.0,0.0,0.999856003934886,-0.01696971995529595,0.9971211990320719,0.0758242338625547,0.0,1.0
2021-07-22,50.73077379906475,50.95517172070995,50.42870347260349,50.7480354309082,1934000,0.0,0.0,-0.0018900862752195054,-0.0034995131983900744,-0.0007301822793959972,0.0159903129545809,0.03080708792609133,0.0455861604810073,0.03524322589817967,0.026113197997164234,0.038992788912663195,0.02568677376482159,48.24948461600693,52.089260225792955,40.5617713933076,0.0038914473534464597,-0.7866325378417969,-1.0,-0.9666290283203054,0.0,0.0,2.0,0.5859643814100077,-0.8103368088139566,1.0,0.0,0.9998007773146198,-0.019960102231250037,0.9999828472153632,0.0058570705182323475,0.0,1.0
2021-07-23,50.77393554199735,51.44712280207237,50.540908422974454,51.2658805847168,2466400,0.0,0.0,0.00111127445440721,0.004804102131256193,0.005076220716096006,0.015960789455812523,0.02950750291498277,0.04183765895266703,0.032175131316988674,0.019456088140807747,0.04041604834855658,0.02831887138021805,55.06020159713628,58.2106310684081,48.05266339159388,0.005013342648443717,-0.2687873840332031,1.0,0.5178451538085938,0.0,0.0,0.28699885658424057,0.8169804402125982,-0.5766653798434836,1.0,0.0,0.9989803033842083,-0.04514812787253827,0.9903762971759038,0.1384008308939867,0.5,0.5
2021-07-26,51.21408475032143,51.47300261874649,51.10188580015349,51.19682312011719,2171700,0.0,0.0,0.004859650893766225,0.00022140998801854238,-0.0005934459052596861,0.015358497418592501,0.027273804199813064,0.03986323651797945,0.031589431546069656,0.02465482886217862,0.03732427070129957,0.023181585329519014,61.05192749159355,63.584629323820536,41.94640863383738,0.0044083726507079205,-0.3378448486328125,1.0,0.4487876892089844,0.0,0.0,0.21555703650208294,0.8815779598558772,-0.47203845256117577,1.0,0.0,0.9999978266184885,-0.0020848880784181166,0.9184824165175897,0.39546181933027236,0.5,0.5
2021-07-27,51.23135937576398,51.81824178229843,51.03285551654206,51.39533996582031,2337600,0.0,0.0,-0.0006758746604878179,0.003342385557980993,0.0019350098460916073,0.015297895903698374,0.02729812407868665,0.03988723991787327,0.030955114030138654,0.023124379942640046,0.03461922443155314,0.02142671332721073,66.22595730711963,55.374197556695286,49.26229145964792,0.00476353539912181,-0.1393280029296875,1.0,0.6473045349121094,0.0,0.0,0.44843307070169947,0.9456552351849258,-0.32517099527378307,1.0,0.0,0.9999843437796919,-0.005595730113116908,0.9677037432073331,0.25209019295187973,0.5,0.5
2021-07-28,51.1191521571435,51.343550078228574,50.627207173951895,50.76529693603515,2844500,0.0,0.0,-0.003990242892385047,-0.004601429419834331,-0.006167179932427774,0.015462278289431534,0.028473720531980256,0.04082341858909665,0.03314942896222474,0.017962855597846872,0.02368168695747506,0.01873335498883777,57.60787058815959,48.11502048171119,42.63105259060224,0.0057254328319329105,-0.7693710327148509,-1.0,-0.6300430297851634,0.4746786262015945,0.38065162829416554,0.9473776248164378,0.845649884713907,-0.5337380185852941,1.0,0.0,0.9994874255663838,-0.03201384286027579,0.9978301798245235,0.06584020224269588,0.33598537344469825,0.6640146265553017
2021-07-29,50.92928048820165,51.188201688081,50.67899504320866,50.84297561645508,2308000,0.0,0.0,0.00041478388452864727,-0.0012293576442710381,0.0006203012234211433,0.015051270880999093,0.029011165983593174,0.038861182039861095,0.031777929188857044,0.015347769388241355,0.01684379753887205,0.018494840683788653,49.87953587239275,54.82173097526451,50.55517470811406,0.0046526696704762074,-0.6916923522949219,-1.0,-0.5523643493652344,0.0,0.0,0.7281720113551777,0.922358595584082,-0.3863348562479962,1.0,0.0,0.9996596820322917,-0.026086780542975977,0.9976376901423826,0.06869526335469947,0.6359139943224111,0.36408600567758886
2021-07-30,51.006949111969696,51.2227145537163,50.72214044087025,50.7998161315918,3325600,0.0,0.0,0.0004254922536677528,0.0003370037775447019,-0.00042461923881690884,0.014691901168880283,0.028535550052257077,0.03923964734430772,0.032989570368150686,0.015271201510996365,0.013011917630045942,0.013933418218616926,56.73025019920997,60.73979092260722,43.389815731343276,0.00669834646265328,-0.7348518371582031,1.0,-0.04315948486328125,0.0,0.0,0.004445649358786853,0.9659393534715311,-0.2587685556921481,1.0,0.0,0.999762895634473,-0.021775043342640073,0.9979546135687664,0.06392643629058534,0.9977771753206066,0.0022228246793934265
2021-08-02,50.78256086470066,51.29176750272375,50.67036189908344,51.23998260498047,3720500,0.0,0.0,-0.0005106742667540065,0.0006735921366644769,0.00431367445681673,0.014391526600935376,0.027914015813783253,0.039840832201871255,0.032764017803380174,0.008211714275757672,0.013150271456653583,0.017480933785412253,62.69734522134424,52.66160003674945,51.28501701238831,0.007558676136546917,-0.29468536376953125,1.0,0.3970069885253906,0.10356581464274939,0.1235138670311685,2.0,0.9844627874627753,-0.17559333729109,1.0,0.0,0.9997021324047178,-0.024405869487889892,0.9998100481315312,0.019490193822159396,0.9418351493019209,0.05816485069807909
2021-08-03,51.23997866415664,51.749185263017075,51.03284567375348,51.25724029541016,2623900,0.0,0.0,0.002513621556409685,0.003130755325543199,0.00011874533207610697,0.014357302743781095,0.027927247030871658,0.03984484108808188,0.03273175868153771,0.01210960753537474,0.014773972347949048,0.016892929958126378,67.75075368791506,58.755935130453395,58.02276275570137,0.005332587062169928,-0.27742767333983664,1.0,0.41426467895508523,0.0,0.0,2.0,0.9998234193221728,-0.01879175816465032,1.0,0.0,0.9999879649574972,-0.004906112530644145,0.9906114739220508,0.13670737995434606,0.5,0.5
2021-08-04,51.179566233406455,51.179566233406455,49.70373128351091,49.73825454711914,4681100,0.0,0.0,-0.013193960231609,-0.005534109967615934,-0.015040133727345,0.015969905760621947,0.03553143115021201,0.04048959329002087,0.04186129036223097,0.029202938631559112,0.01623034937767287,0.0335226751538471,58.38230065820538,49.100820715838175,48.07208077627152,0.009231534873534652,-1.7964134216308594,-1.0,-1.5189857482910227,0.9666306155725266,0.28953995999353216,2.0,0.8114634419167364,-0.584403184824179,1.0,0.0,0.9738020598416278,-0.22739733562247982,6.123233995736766e-17,-1.0,0.0,1.0
2021-08-05,49.68646641545352,49.997169183051135,49.582899923694114,49.695098876953125,2899500,0.0,0.0,-0.0007538137967259135,-0.007238654854927959,-0.0002688320061864533,0.01543752027531744,0.04148801644868006,0.047691878998270286,0.049124673582394064,0.028707301057558875,0.028264253966978785,0.03310373185806856,48.758159134297884,40.517152137218446,39.31966455051288,0.005713103965705765,-1.839569091796875,-1.0,-1.5621414184570384,0.0,0.0,2.0,0.6730096453535065,-0.7396337047898421,1.0,0.0,0.9769803858134145,-0.21332914881907641,6.123233995736766e-17,-1.0,0.0,1.0
2021-08-06,49.71235790033877,50.44596239890192,49.71235790033877,49.94538497924805,3114100,0.0,0.0,0.0013037679692023071,0.0044681324524873806,0.0025118916790501434,0.015336840689462044,0.04448879298769347,0.05099331569386451,0.05260137467075682,0.029157084445406215,0.031278021690065105,0.03442292614452257,56.8598400946395,50.862408484264286,48.87835562857208,0.00616684985501571,-1.5892829895019531,1.0,0.2502861022949219,0.0,0.0,0.0256704082419206,0.8711162401232309,-0.4910768740162436,1.0,0.0,0.9859208303723818,-0.1672127873035828,0.9861801484573302,0.16567653662688128,0.5,0.5
2021-08-09,50.100746982993904,50.41144982071991,49.99718046785863,50.35966491699219,1958600,0.0,0.0,0.0017965978975434348,-0.0002152200748947141,0.002597671919164012,0.014785248447289045,0.046202058062452436,0.05424727343554616,0.05388799976559291,0.03075716793413051,0.030985127334419993,0.03426434834473106,49.95559704472771,58.2472861384794,56.24912168648481,0.003910785867557571,-1.1750030517578125,1.0,0.6645660400390625,0.0,0.0,0.18098208805523078,0.9020886640817569,-0.4315507410898411,1.0,0.0,0.9937144541469626,-0.11194455600610637,0.9587962028498916,0.2840947753842534,0.5,0.5
2021-08-10,50.25608610652221,50.54089806886414,50.09210555664976,50.48048400878906,2677300,0.0,0.0,0.0009484040955981271,0.001282270802515776,0.001198124884621088,0.01433132987480068,0.04717194114444069,0.05629556455628028,0.0546573674175352,0.02907160918188281,0.02837511405071321,0.034610202906026837,56.06119549040128,64.39316754775896,62.49699739066237,0.0053586575443151496,-1.0541839599609375,1.0,0.7853851318359375,0.0,0.0,0.25276949218941047,0.9401988045809035,-0.3406261996157076,1.0,0.0,0.9960509252920606,-0.08878374977905547,0.9691155288264559,0.24660716085997736,0.5,0.5
2021-08-11,50.62720494843751,51.23134886561417,50.558161716590746,50.96379852294922,2435700,0.0,0.0,0.004212598590825322,0.006172059871299469,0.004334400328480073,0.014233838868494875,0.04714606523507276,0.05632969173054311,0.05455904747010192,0.009786716307371717,0.03195997758598781,0.009504412786873811,61.4858973148222,69.57345082064738,67.83676910490611,0.004921766902637723,-0.5708694458007812,1.0,1.2686996459960938,0.0,0.0,0.659594373873856,0.9921117352085461,-0.12535671047649463,1.0,0.0,0.9999489144231233,-0.010107845666474876,0.9417995483741313,0.3361749703387842,0.5,0.5
2021-08-12,50.894764075427126,51.21409607401328,50.817088368493195,50.87750244140625,2047500,0.0,0.0,0.0021470637093802644,-0.0001415685675583541,-0.0007123070649287047,0.01379692635093074,0.0470479201567921,0.0561472562954903,0.053322109601458334,0.006518775071927214,0.01394015930450527,0.010142608025745776,53.920977249738556,74.01581506244788,58.54131444376258,0.0041303337819320225,-0.65716552734375,1.0,1.182403564453125,0.0,0.0,0.5729157555156102,0.9930860879093398,-0.11738833843667293,1.0,0.0,0.9999372855775988,-0.011199326395088728,0.9342553844795791,0.3566046502373656,0.5,0.5
2021-08-13,51.093266959202765,51.73193094426281,50.95517718197465,51.645626068115234,2206200,0.0,0.0,0.0013568413038125382,0.005030158863319692,0.007492198471466344,0.013802606429878995,0.04420224593236757,0.055681177346873716,0.0524197902319835,0.006472461011950585,0.014394035540878331,0.014494225779553319,59.82792697065189,77.68586166359911,64.56712805116966,0.004517663528447638,0.11095809936523438,1.0,1.9505271911621094,0.0,0.0,1.5590617729731988,0.999994987792964,-0.003166131543341951,1.0,0.0,0.9999954611068267,-0.003012933080097151,0.9479942272000159,0.31828751969790564,0.7795308864865994,0.2204691135134006
2021-08-16,51.71466667203559,52.06852520621841,51.61973263004488,51.89591217041016,2468400,0.0,0.0,0.006478732950271239,0.0032427050365524167,0.0024172530807718227,0.013372602726158528,0.04575388864368305,0.05326450665294866,0.04824913157596214,0.010411727677868568,0.012493444961506029,0.01443649835483699,65.23737266600668,81.17328202498831,70.04922902040109,0.0050790693510744285,0.36124420166016336,1.0,2.2008132934570384,0.0,0.0,1.9848409273659486,0.9962880835127425,-0.08608167430125162,0.9985455464836325,0.053914669596538026,0.999333236901209,-0.03651139033989397,0.9143763118148763,0.4048653608198953,0.9924204636829743,0.007579536317025681
2021-08-17,51.94768684248257,52.65539723174245,51.792335460223626,52.52593994140625,2880200,0.0,0.0,0.0016690782165586454,0.005603992018840819,0.006033485886856747,0.013442128645539172,0.04663709693626104,0.048319305699041755,0.054436343499580715,0.009710817836242364,0.012101151452976576,0.014648225534660433,70.80406247566921,84.44020520913182,75.44422325284778,0.005998351809757685,0.99127197265625,1.0,2.830841064453125,0.0,0.0,2.0,0.9993144313151847,-0.03702252510579173,0.9908134337237556,0.1352358663688775,0.9995544286629597,-0.02984868741275188,0.9233052707271053,0.3840668913712124,1.0,0.0
2021-08-18,52.37059179630187,52.413744229081296,51.119151491781125,51.16230392456055,3578300,0.0,0.0,-0.0065413880255802415,-0.002299942678709863,-0.013151307862908886,0.014778701983114222,0.0472848706792093,0.05160279181099293,0.054576998813070134,0.02119295644452148,0.015249647463558372,0.03683214301798592,58.86283061785074,70.08892954736615,62.41643726594861,0.0072587576524586,-0.3723640441894531,-1.0,-1.3636360168457031,0.5005811382637546,1.8072302447849464,0.23204165434054133,0.949086045212322,-0.31501694999354307,0.9965747824857644,0.08269645042836736,0.9999997320686596,-0.0007320263719105397,0.9735994157439619,0.22826339536381232,0.0,1.0
2021-08-19,51.17956922411784,51.999478674967186,51.17094005387135,51.89591217041016,2620400,0.0,0.0,0.000370758509895796,-0.002905455074639508,0.005212816362585043,0.014681360736493405,0.04797598277504105,0.052398372915563776,0.05687272249192577,0.020885610951488956,0.019579866598818704,0.03888393468531648,49.05152404359634,75.08761268124388,68.92069735271396,0.005391830063018729,0.36124420166016336,-1.0,-0.6300277709960866,0.0,0.0,0.0495322906320121,0.9166415040973429,-0.39971033632639646,0.9996156668890037,0.027722166402581076,0.9991129823604071,-0.042109957004168044,0.9976376267503988,0.06869618396848581,0.5,0.5
2021-08-20,52.0685233363926,52.50868343419329,51.69740647504393,52.04262924194336,3151700,0.0,0.0,0.005117866077730667,0.004872392250992113,0.0014115752399403798,0.014707737827404664,0.05108440508509235,0.055965975188960466,0.05957940814909321,0.02275356205754782,0.019440567383069728,0.036397631134985314,57.75482625680612,79.3709238698599,74.3152226513875,0.0065033863677408646,0.5079612731933594,1.0,0.14671707153319602,0.0949392051119915,0.034932524820364436,0.054230288336496124,0.9979663716346303,-0.06374261593636421,0.9971014960130066,0.0760828932719065,0.9996405164412537,-0.026811152326290263,0.9355212392178829,0.35327045018262815,0.04458140657843028,0.9554185934215698
2021-08-23,51.93042917582488,51.95632326972411,51.39533175848864,51.43848419189453,2275900,0.0,0.0,-0.0021158974040377215,-0.0038182100629352324,-0.0042158818632843376,0.01471643980955402,0.05201354368154624,0.05669960131481515,0.0599251647159406,0.019957806290340337,0.02279287716930648,0.03822386428843552,48.175801556594706,65.97926911499486,61.86118542355671,0.004641697063467239,-0.09618377685546875,-1.0,-0.6041450500488281,0.0,0.0,2.0,0.8091894902681696,-0.5875477587733102,0.9998109174246365,0.019445549580991338,0.9994139375962812,-0.034231291799997794,0.9927570487035539,0.12013926189805575,0.0,1.0
2021-08-24,51.36080817682336,51.36080817682336,50.325136612216056,50.42007064819336,3016800,0.0,0.0,-0.010520941983597824,-0.005763953030469541,-0.009998311337717513,0.015518529870876556,0.05228176735262344,0.056331738967113514,0.06059157217520202,0.027132290263978388,0.019361080964954206,0.037147514540795186,40.460288521632364,55.758224370010566,52.39129053888866,0.006030945785698053,-1.1145973205566406,-1.0,-1.62255859375,0.0,0.0,2.0,0.7858335206489451,-0.6184380953858551,1.0,0.0,0.9648956853425453,-0.2626334259140291,0.9969494419093333,0.07805004981849094,0.0,1.0
2021-08-25,50.256088959745234,50.394178718088035,50.04895596839081,50.195674896240234,2539200,0.0,0.0,-0.002315911693572456,-0.007995667280714104,-0.0018771504048519965,0.015002579609540753,0.05360364699500633,0.05917725983197485,0.062144027650107556,0.02558536221107861,0.023844724614834927,0.029453937753769848,34.44156019794597,47.77791390903713,44.96172987975082,0.005053574383212621,-1.3389930725097656,-1.0,-1.846954345703125,0.0,0.0,2.0,0.7175863971147316,-0.6964694987405398,1.0,0.0,0.9592047084764522,-0.28271244620038255,0.9989509711669601,0.04579254529491924,0.0,1.0
2021-08-26,50.06621472182139,50.08347635329707,49.229046995328424,49.45344161987305,4820200,0.0,0.0,-0.00825871742567198,-0.0030922533429967288,-0.007448468208417766,0.015536211523244695,0.059527398612007336,0.06335825845120903,0.0677078480664058,0.027057305786142738,0.02390189745724229,0.020037998897682326,29.18275101616653,40.4488555416862,38.20135050789038,0.009451419386354673,-2.081226348876953,-1.0,-2.5891876220703125,0.0,0.0,2.0,0.7742007406063979,-0.6329401340130875,1.0,0.0,0.9204068002897403,-0.3909620467262802,6.123233995736766e-17,-1.0,0.0,1.0
2021-08-27,49.375769498855625,49.902237773857834,49.15137485806639,49.824562072753906,2878100,0.0,0.0,-0.00047140848604259217,-0.001082314602080352,0.002232043606170123,0.015395464109182692,0.0649114212173968,0.06811983728480837,0.07037095556246396,0.018460925755968985,0.013166666078730693,0.02383652363372301,24.564932456872423,33.73919940208354,47.75128352001254,0.005685711573471222,-1.7101058959960938,-1.0,-2.218067169189453,0.0,0.0,2.0,0.8253334363521817,-0.5646456577705165,1.0,0.0,0.9381876979936926,-0.3461269179553878,6.123233995736766e-17,-1.0,0.0,1.0
2021-08-30,49.695098876953125,50.05758324427073,49.56563829301432,49.695098876953125,2605300,0.0,0.0,0.003798712757561199,0.001406776110729536,-0.0011775769484976292,0.015040121130993702,0.06712672599850063,0.0713352536169597,0.07291830034984133,0.02636392211591121,0.018632332552787012,0.024150622545240665,36.68684371899123,44.79895414406087,40.11697351711225,0.005133419472961969,-1.839569091796875,1.0,-0.12946319580078125,0.0,0.0,0.7786303840422171,0.8821162323774723,-0.4710317957167789,1.0,0.0,0.9692631901044725,-0.2460261537083025,0.8793566709208884,0.47616367491329314,0.6106848079788915,0.38931519202110854
2021-08-31,49.7468896662369,49.91087354182746,49.47071010898124,49.893611907958984,6098400,0.0,0.0,-0.0009585186203328051,-0.001467559940003688,0.0019933286558413256,0.014540406264865146,0.06865984219878307,0.0740632619136364,0.07402554094027322,0.02003392831174636,0.01825672674450502,0.01931150876612374,30.55177174694885,37.18673056413823,49.80440294082475,0.012064138282626667,-1.6410560607910156,-1.0,0.19851303100585938,0.008635767969629171,2.7692049235045733e-05,2.0,0.894575953870204,-0.44691594596435524,1.0,0.0,0.970922299759691,-0.23939483668064515,0.9776712739261809,0.21014014404572595,0.9999861541670922,1.3845832907779575e-05
2021-09-01,49.98854309947637,50.06621880128624,49.46207811200929,49.79867172241211,2444700,0.0,0.0,-3.497685012845757e-05,0.0006228839904342803,-0.0003817668350100577,0.01439409408108858,0.06961668171641922,0.07630804255990911,0.07376931546999677,0.02005159335223326,0.00940731318158473,0.019088731726535014,42.25105919022534,30.858151397733902,41.68370872460546,0.004827016537375483,-1.7359962463378906,-1.0,0.10357284545898438,0.1035601810050295,0.003558672629525319,0.6400282871886256,0.9275237054534161,-0.37376433192850883,1.0,0.0,0.9769073897632745,-0.2136631737710213,0.9907858930814417,0.1354374913781625,0.9944705644276403,0.005529435572359704
2021-09-02,49.80729845151411,50.385551601605925,49.80729845151411,49.98854064941406,2579400,0.0,0.0,0.0034776116407249764,0.003178966374001222,0.0019027380612103414,0.014153769339681242,0.0688503755490853,0.07484186990642239,0.07259823990682009,0.011053450683705772,0.009635042577938149,0.00958542242414625,51.728102398374425,42.27240601527446,50.89365475806404,0.005112397443101211,-1.5461273193359375,1.0,0.18986892700195312,0.0,0.0,2.0,0.9525839991424355,-0.30427573774095834,1.0,0.0,0.9872114742124284,-0.15941613840299834,0.9059144550925087,0.42346074204634726,0.5,0.5
2021-09-03,50.02306182733576,50.15252241604797,49.660577446652816,49.85908126831055,2270900,0.0,0.0,-0.0012986399642878291,-0.002040605584325942,-0.001141497896705841,0.013881675950692878,0.06903111700332049,0.07582021779811898,0.07292307952840633,0.011725052421639605,0.01029804568143347,0.007697444878939277,43.53752095406052,35.76502558093631,43.259620792428855,0.0044892907881120565,-1.6755867004394531,-1.0,-0.12945938110351562,0.0,0.0,0.46489969449951235,0.9540121799510214,-0.2997678443480888,1.0,0.0,0.9868337366604384,-0.16173798622709665,0.9911634371052572,0.1326463001583261,0.7675501527502439,0.23244984724975618
2021-09-07,49.69510628868032,49.83319606239459,48.90971679105054,49.01328659057617,3925200,0.0,0.0,-0.007617514601220173,-0.003193719648293861,-0.008554409043197143,0.014496103419740674,0.07374051485483046,0.07808775499417034,0.07884371612337025,0.017937586105534944,0.01209069500817754,0.01921207126833549,37.19710939238236,30.57092324848292,37.3413382649425,0.007628006782194452,-2.521381378173828,-1.0,-0.9752540588378906,0.0,0.0,2.0,0.9380662480115352,-0.34645593419879694,1.0,0.0,0.9709993993513736,-0.23908192415837667,6.123233995736766e-17,-1.0,0.0,1.0
2021-09-08,50.05758522472312,51.55931423008541,49.99717116111333,51.24861145019531,9179900,0.0,0.0,0.010994728401410548,0.017024119066700354,0.02229485879780718,0.016422116527027093,0.0738737313714222,0.07801534717968184,0.07939447608227171,0.030626546332505587,0.036412642657307336,0.05199593126711771,45.59734041632932,40.05648320960648,45.93257638658546,0.018653292845120645,-0.2860565185546875,1.0,2.2353248596191406,1.4067918140374402,2.0,2.0,0.995478803512049,-0.09498395526729386,0.9043712263203217,0.4267466285793917,0.9953614403731198,-0.09620604460400715,0.6063292109928985,0.7952137372409567,0.5,0.5
2021-09-09,50.92928118402549,51.34355379256455,50.4373361652452,50.44596862792969,5723500,0.0,0.0,0.0027324756079253995,-0.001307278358761187,-0.004920942107751371,0.016774887564475496,0.07379386965552939,0.07810438127083039,0.07937966083913453,0.03109160998607534,0.03796162565914886,0.056109992391255574,39.80632355317521,47.75403364427933,40.31210935209697,0.01144784150014189,-1.0886993408203125,1.0,1.4326820373535156,0.0,0.0,2.0,0.9681332898005482,-0.2504354870619731,0.9611608467932258,0.27598881606276954,0.9985183937810463,-0.054415230229405254,0.7374930081447639,0.675354768205265,0.5,0.5
2021-09-10,50.30787137235792,50.74803142651528,49.91086374824432,50.4286994934082,3640700,0.0,0.0,-0.003337253850394713,-0.0037104906044761747,-0.00010889593301732426,0.01676780239198048,0.07363520546345603,0.07830780694564851,0.07941803555721207,0.03373543688493474,0.041309993207472015,0.056150319228990615,35.6050508525313,42.80301273439326,36.28854038623127,0.007279442455535697,-1.1059684753417969,-1.0,-0.017269134521484375,0.08630741286901156,0.006089907568806847,0.00014529193689647392,0.8996707602228636,-0.4365690360069237,0.9962605270529653,0.08640001294066967,0.9959442003701988,-0.08997305012594209,0.9287288232069906,0.3707597240053973,0.9968824002471484,0.0031175997528516608
2021-09-13,50.187041489924844,50.74802964544383,49.90222953545701,50.60131072998047,6841400,0.0,0.0,-8.650380930250752e-05,-1.7548183004009353e-08,0.001708514491789151,0.01671091691821004,0.07290361893767869,0.0775336746541711,0.07728230539702076,0.03350262315468463,0.040714455259193594,0.05588982836409563,32.33334462413306,39.50674753868862,41.948608532311255,0.013725943442417605,-0.9333572387695312,-1.0,0.15534210205078125,0.0,0.0,2.0,0.9529461231066939,-0.3031397144155178,0.9974844392785702,0.07088577711442812,0.9964735264852596,-0.08390775300310914,0.9599459263131739,0.28018532894272413,0.5,0.5
2021-09-14,50.74803588240211,51.11915273953891,50.57542285475155,50.722145080566406,7179200,0.0,0.0,0.006699930813273485,0.003643205646863888,0.0011925604946980077,0.016246011566347036,0.0685882930283542,0.0751463741034687,0.07354011592633658,0.027968475766454306,0.03931393444290808,0.05025770213648524,38.569537153644276,44.76192197763982,47.52933667298977,0.014438069210113334,-0.8125228881835938,1.0,0.1208343505859375,0.0,0.0,2.0,0.990885171529686,-0.13470923072523522,0.991722120215887,0.12840263344069563,0.9993043672684961,-0.03729318380228042,0.7688420821119721,0.6394387013418311,0.5,0.5
2021-09-15,50.67899703979492,51.127789633661656,50.58405970174158,50.67899703979492,2506100,0.0,0.0,2.980375405162602e-05,2.948693350738932e-05,-0.00014853902814092836,0.01586477607354488,0.062254996476195354,0.06855794250520263,0.06374631436158891,0.020594775531325688,0.015519627861812118,0.017407236101431797,44.73443686970061,50.25351944628676,42.623082351079134,0.00503572335073236,-0.8556709289550781,1.0,0.07768630981445312,0.0,0.0,2.0,0.9945301018667898,-0.10445035414412322,0.99368662921425,0.1121912782743014,0.9994132543438499,-0.0342512341651392,0.9236679480005187,0.3831938436829474,0.5,0.5
2021-09-16,50.70488784387494,51.14504797483504,50.27335688350154,50.67899703979492,2533200,0.0,0.0,-0.0030806144828966265,0.00016874804275448496,0.0,0.015960166606702544,0.059527188909172746,0.06280536302833124,0.06252846171457041,0.020173127966308917,0.015261976075831374,0.0041770701447970526,50.55677638276374,45.14879011703162,42.62308235107913,0.005090177723185513,-0.8556709289550781,1.0,0.07768630981445312,0.3020659712500091,0.12462066144984692,2.0,0.9964305055374153,-0.08441710510584337,0.9946817185352659,0.10299649902656977,0.9986563872103378,-0.05182104093894483,0.988674519296487,0.15007563057958598,0.9413445121234935,0.05865548787650659
2021-09-17,50.49775301021139,51.08463539685808,50.316510791714045,50.85160827636719,6750500,0.0,0.0,0.0004290084996615964,-0.0005909494775338665,0.0017000906872835179,0.015848793126276482,0.056169675848812384,0.05921546742133199,0.0568844291169907,0.016016143615124896,0.007573858408597006,0.004430235015255508,45.23574824515316,50.64120363790086,49.53068906418721,0.01361056298441353,-0.6830596923828125,1.0,0.25029754638671875,0.26754891002753567,0.1534225001469529,2.0,0.9972720151566035,-0.07381414353284378,0.9963520895234674,0.08533764528167168,0.9989053950396284,-0.04677618796699735,0.9986052444528072,0.05279740288450994,0.9287541111247407,0.07124588887525932
2021-09-20,50.67899277353897,51.101891235405326,50.47185648137609,50.70488357543945,3643200,0.0,0.0,0.0008318324710439097,9.113590337102592e-05,-0.0007797270742114098,0.01564685972610433,0.04765291735679907,0.05033581701773302,0.048118087588649744,0.015891235473022756,0.007507390191402808,0.005644406268795318,51.0132309803359,55.84295292130712,43.62793257964002,0.00732433598669847,-0.8297843933105469,1.0,0.10357284545898438,0.0,0.0,2.0,0.9996590045227942,-0.026112730161667198,0.9969070874752103,0.07858917827343294,0.9993663058010798,-0.03559475845546322,0.9928596123092264,0.11928868448085428,0.5,0.5
2021-09-21,50.178422121838736,50.471863321652066,49.600172185561945,50.06622314453125,7307700,0.0,0.0,-0.008710568851515018,-0.006202664423508654,-0.006337733619250151,0.016290637939457567,0.0398623925509602,0.04480449333088037,0.04328039533005758,0.01857124283669136,0.012403205685183376,0.013574945663262531,45.87142885241766,49.8892623140831,38.42501894506604,0.014506445008282508,-1.46844482421875,-1.0,-0.6386604309082031,0.7163386061520995,0.2379695828781584,2.0,0.9685543512971216,-0.24880206708026345,0.9999661031731986,0.008233620382799877,0.9685543473109582,-0.24880208259788297,0.9968908176254326,0.07879529005020766,0.0,1.0
2021-09-22,51.60246878922571,52.39648411072098,50.661731241259545,51.71466445922851,5660300,0.0,0.0,0.00820100267965697,0.014491793907453837,0.012544865123041775,0.0178634054308213,0.04152757707303528,0.05323369113955039,0.050632084180935996,0.03161654892124376,0.04236561699087956,0.03788396657020771,52.5952471060068,55.42707739369265,46.773676780297656,0.011606161676859536,0.17999649047850852,1.0,1.6484413146972585,1.294592875315658,2.0,2.0,0.9999869126912515,-0.005116096775800768,0.9541118729977909,0.2994503862155588,0.9998172686768793,-0.019116204003544943,0.6845340916415753,0.7289808484318662,1.0,0.0
2021-09-23,51.939055251222555,52.3360628574502,51.48163358719153,52.025360107421875,5039800,0.0,0.0,0.007147033555523789,-0.00051366729656054,0.002666629481619031,0.01766148206663133,0.050192579766454734,0.06023640401889873,0.05908385274190802,0.033673506580019,0.042592115509891594,0.03755644466284747,45.31369647171772,61.51818045140939,54.901635324338486,0.010395942107842062,0.490692138671875,1.0,1.959136962890625,0.0,0.0,2.0,0.9999727139280257,-0.0073872457261844075,0.9735969762253641,0.228273800259311,0.9998596792471729,-0.016751770525547018,0.7337460575841511,0.6794238169064399,1.0,0.0
2021-09-24,52.05988503357168,52.41374022302865,51.97358017460923,52.249759674072266,3154500,0.0,0.0,0.0029763417708526616,0.0004641501577866318,0.001346971931981828,0.016931239307935785,0.059455854072399936,0.0650812586390584,0.06483865705216253,0.033534788868633925,0.042221344820973714,0.03751182982292328,53.103492050735916,67.7708972518023,62.237512076761696,0.006535070606409943,0.7150917053222656,1.0,2.1835365295410156,0.0,0.0,2.0,0.9999923634376029,-0.003908077081783117,0.9788713724730426,0.2044769819631099,0.9999497974598001,-0.010020107789086668,0.7879040850425478,0.615797980488135,1.0,0.0
2021-09-27,52.27565517129485,52.57772549712973,51.37807007121462,51.48163986206055,4018900,0.0,0.0,-0.005761979629528674,0.001561891463999199,-0.007404892013860848,0.017620910043510966,0.060544474544892195,0.06851496848741243,0.06546210520892855,0.03823631362985011,0.04191630364661513,0.04239117395007447,59.4131123004498,58.08252269525203,54.179810132128715,0.008203421514928711,-0.053028106689453125,1.0,1.4154167175292969,0.1035635159769086,2.0,2.0,0.999996374246202,-0.0026928599016549015,0.980828297580133,0.19487393531731745,0.9998482479701832,-0.01742070695910519,0.918176484320546,0.3961716088272382,0.5,0.5
2021-09-28,51.619725029580394,51.74918231813549,50.79118323815886,51.2054557800293,3270100,0.0,0.0,-0.0046739921679638695,-0.006462084677137341,-0.002188449892077152,0.01778687777009583,0.05996755705965077,0.06705010625706051,0.0638716118649695,0.034438683857255466,0.04389160399719866,0.03954196603072623,51.386992708479625,50.03022748481856,47.149491606145745,0.006639153731528956,-0.3292121887207031,-1.0,-0.27618408203125,1.182396936450374,2.0,0.03807401239573712,0.9994926577369689,-0.03185007268265391,0.9966239803889848,0.0821014111548427,0.9999183763741212,-0.0127765640663459,0.9678580202915091,0.25149722176875183,0.0,1.0
2021-09-29,51.04148086887444,52.86254202711015,51.04148086887444,52.448272705078125,4632100,0.0,0.0,0.002457930693559177,0.010642781351163748,0.011990084131198342,0.01860509117462533,0.0592923925868646,0.06962076808489444,0.0690365967701777,0.027973064463970267,0.02964400299438547,0.03236697398797737,58.6708161617814,56.99943557078028,54.81377340402164,0.00963262318878507,0.913604736328125,1.0,1.2428169250488281,0.28481652998042506,0.09718823545636875,2.0,0.9999831784448234,-0.005800243735266854,0.9816377606868755,0.19075457214351774,0.9999962809921263,-0.002727270048272673,0.9690207245153666,0.24697942315041976,1.0,0.0
2021-09-30,52.534567289108594,52.784855984328104,51.62835311889648,51.62835311889648,4064500,0.0,0.0,0.005015681101299706,-0.0006452282824704261,-0.0069126928170132025,0.019150560375142314,0.0607093993177883,0.070630117155349,0.06766870828435699,0.02521125489888262,0.02968474665227563,0.036715615653721945,49.79072124102604,63.06506402824337,47.12905517457826,0.008320144230449631,0.09368515014647727,1.0,0.4228973388671804,0.0,0.0,2.0,0.9970248245127432,-0.07708112158845162,0.9869447849829335,0.16105896868846242,0.9999022753324842,-0.01397997800144773,0.9231102779897781,0.38453532304540583,1.0,0.0
2021-10-01,52.48279719791368,52.543211269684925,51.69741097256755,52.31881332397461,4769200,0.0,0.0,0.0006683507669001694,-0.002294210089893893,0.0066424148796552914,0.018796997937400875,0.0629636476728551,0.07061209283350157,0.06963952493459552,0.022797138883733883,0.030355514782704072,0.03949341398480849,42.5537150578209,68.19812878844094,54.77775503293134,0.009893247532141514,0.7841453552246094,1.0,1.1133575439453125,0.0,0.0,2.0,0.9877288695564704,-0.15617836035986862,0.9921707276605195,0.12488893935651485,0.9999171757528911,-0.01287018392883539,0.9580502256947926,0.28660035772161385,1.0,0.0
2021-10-04,52.292911179596,53.14734375443242,52.2152354909745,53.0351448059082,4943700,0.0,0.0,0.004983267542787744,0.005716049883640401,0.006799284000801219,0.018473982075539797,0.06680206164049406,0.0713425281632005,0.07438148655837619,0.02048553862051298,0.032328360514633954,0.03600264345807971,51.17539318566361,73.03733428974427,61.98422751995164,0.010395642181060653,1.5004768371582031,1.0,1.8296890258789062,0.0,0.0,2.0,0.9999999999999929,-1.1886211796670701e-07,0.9958399329499805,0.09111985481868567,0.9999812010418112,-0.006131685166144087,0.9458645909427836,0.32456151281481394,1.0,0.0
2021-10-05,53.01789377816479,53.31133496138005,52.71582342440787,53.112831115722656,4137000,0.0,0.0,0.003992176498490272,0.0012890593191488755,0.0006124437226885523,0.01793019198890167,0.06702023112553734,0.06845657882765604,0.07015322473150397,0.009378149954999224,0.02344183532861686,0.03390095961736703,58.60830885843599,77.58153484389963,68.26206793341089,0.00871205137259323,1.5781631469726562,1.0,1.9073753356933594,0.0,0.0,2.0,0.9999825228431202,-0.005912191497968015,0.9942443651385204,0.10713609284597042,0.9999999950837568,-9.915889476033255e-05,0.9379568292925756,0.3467520531783744,1.0,0.0
2021-10-06,53.08693523962408,53.673817586378334,52.72445082726872,53.62203598022461,3099900,0.0,0.0,6.131062092274837e-05,0.002538784552682462,0.003574772377375513,0.017755985258897093,0.07204973535961905,0.07508571825919007,0.07997667078864802,0.011853460046372978,0.014271045813056606,0.027497624723324163,65.0279595105191,81.41825488483032,73.73948473776991,0.006590622535681346,2.0873680114746094,1.0,2.4165802001953125,0.0,0.0,2.0,0.9999990670401442,-0.0013659863985854153,0.9881988893043201,0.15317622262514557,0.9999856532171606,-0.005356618322100155,0.9557461288260569,0.2941926872544695,1.0,0.0
2021-10-07,53.69164836803455,53.75256245156612,53.204332380213394,53.36096954345703,3872200,0.51,0.0,0.004530228125104905,0.0007330123677254406,-0.0024402608198344994,0.017302222455531997,0.08042198412894372,0.08025332546823849,0.08346703240200833,0.010808005865204829,0.01338380728682774,0.018045395215282273,70.3420772282356,84.68948391287131,61.2487994087247,0.008192509387960494,1.8263015747070312,1.0,2.1555137634277344,0.0,0.0,2.0,0.9999999189960571,-0.0004025020237723473,0.9898089727493068,0.14240153603441955,0.9999999651553049,-0.0002639874787791917,0.9483937813960708,0.31709499429865173,1.0,0.0
2021-10-08,53.395780356186215,53.96141162530363,53.15212401377063,53.4827995300293,2559900,0.0,0.0,-0.0003245199986081469,0.0012818167187438568,0.0007538244440173409,0.017110589726847508,0.08387121250770392,0.08268597670062104,0.08585807533653807,0.01221872638715319,0.008762614227561017,0.016213237179747625,74.68714440139115,69.96533536683131,67.50257527984289,0.005428409322425433,1.9481315612792969,1.0,2.27734375,0.0,0.0,2.0,0.9999197819119393,-0.012666086261344632,0.9888805175378482,0.148712212121525,0.9999996787591837,-0.0008015494553560428,0.9622824714871134,0.2720522837041672,1.0,0.0
2021-10-11,53.50890310480093,54.03972532860866,53.36967044748656,53.68294143676758,2879800,0.0,0.0,0.0020422715822258747,0.000725119248869085,0.0018675922448041595,0.016720719931042464,0.08656356318834126,0.08359639561742352,0.08853589595125322,0.010906418196810382,0.0049050230614571325,0.011547602763996067,77.62100413189496,74.50775632852753,71.92032158821534,0.006129627549538529,2.148273468017578,1.0,2.4774856567382812,0.0,0.0,2.0,0.9999276669096289,-0.0120275079990113,0.9896102838188765,0.143775819107118,1.0,0.0,0.9622430586012406,0.27219165338733187,1.0,0.0
2021-10-12,53.81348213986112,54.62277312771938,53.639440460400515,54.07454299926758,4557300,0.0,0.0,0.0025210004141251923,0.0053656763593103425,0.0036341008195347646,0.016712854066751524,0.09213981844510712,0.08833781700636816,0.0924036475753329,0.009003671481748785,0.008821600756916357,0.01237114587699228,80.60836463521954,78.33221703949289,75.95158672226783,0.009770930662723628,2.539875030517578,1.0,2.8690872192382812,0.0,0.0,2.0,0.9999820336066914,-0.005994369343478197,0.9779846725250776,0.20867673637954184,1.0,0.0,0.9549578573689705,0.29674145421437986,1.0,0.0
2021-10-13,53.961404139385245,54.25727393680268,53.22173130562576,53.83087539672851,3198600,0.0,0.0,-0.002743508916732261,-0.0023560821795030966,-0.0015849181968946202,0.016963395387217518,0.09361051037660868,0.08870968657544885,0.09270228260641988,0.014519631913084976,0.013970992265352826,0.011894039831334932,69.63586775959956,66.65884166535486,64.90076375977092,0.006826951703016772,2.2962074279785085,-1.0,-0.2436676025390696,0.14793914186080315,0.00415091610045515,0.007212869568556613,0.9306425393645515,-0.36592958875321785,0.9889299530344746,0.14838311221709763,0.9999999965171531,-8.346073206333755e-05,0.9728915238188219,0.23126193565195843,0.3652758175274639,0.634724182472536
2021-10-14,53.970117546745854,54.37041107265919,53.84828937099561,54.265987396240234,2608500,0.0,0.0,0.004772262744403758,0.0008493673527751349,0.003282606904294645,0.01633559827321732,0.09557412435246303,0.08805841558318218,0.09361295638999542,0.016287248404279066,0.013946154721435946,0.011214784397945807,73.80350975877475,71.88260814129684,70.21259186416067,0.0056124696544564,2.7313194274902344,1.0,0.43511199951172586,0.0,0.0,2.0,0.9910475008197995,-0.13350974166265697,0.9894597278443151,0.14480831113666737,1.0,0.0,0.8311780070315969,0.5560064034046573,1.0,0.0
2021-10-15,54.3704071636386,54.49223533062988,53.86568999759352,54.091941833496094,6426100,0.0,0.0,0.0001615447382030888,0.001119063902960687,-0.001606209753004193,0.016044931662696882,0.09577514367012219,0.08578114492330513,0.09261035122000114,0.015997664020221077,0.013807874861843239,0.013069707449367677,77.42612676387554,76.22814607139937,60.28937586697048,0.013782103502441183,2.5572738647460938,1.0,0.26106643676758523,0.0,0.0,1.1479064673437056,0.9988221293617852,-0.04852168481400148,0.988700102193081,0.14990699757980344,1.0,0.0,0.9410467422570353,0.33827655681028335,0.5739532336718528,0.4260467663281472
2021-10-18,54.02232728011438,54.15285603664978,53.51760679338547,53.535011291503906,3164200,0.0,0.0,-0.0015961098640938185,-0.0015381251698870775,-0.0025479824719655346,0.015901434792221354,0.09335482233568239,0.08014027734664911,0.08690843907003414,0.01817009261901112,0.016114604440754625,0.01781643939730251,68.61657978505117,65.97282155295075,53.304117266255005,0.006716411243930703,2.0003433227539062,-1.0,-0.5569305419921875,0.3306825776101405,0.027328358531109105,2.0,0.9319999840700965,-0.36245831442158954,0.993593824276559,0.11301023121594987,1.0,0.0,0.993674091996447,0.11230226576092127,0.013479986316035027,0.986520013683965
2021-10-19,53.50019919646156,53.77866451109028,53.30875304781616,53.68294143676758,1945300,0.0,0.0,-0.001201950269058982,-0.0021314164475047174,0.0008482264952253748,0.0153501766103694,0.0809691230586148,0.06424171564384135,0.0733295059501357,0.017602313214787627,0.010783293982039418,0.01579893562014815,61.13245396352342,58.54765850831664,58.5590378531703,0.004140552980108792,2.148273468017578,-1.0,-0.4090003967285156,0.0,0.0,2.0,0.9085977696500276,-0.41767223152490696,0.9964646948155327,0.0840125704057869,1.0,0.0,0.9996073881109533,0.02801909409666818,0.5,0.5
2021-10-20,53.761261938945566,54.73589389461198,53.761261938945566,54.570552825927734,2645900,0.0,0.0,0.004226289602979449,0.008821207012085172,0.00819937864551714,0.01540012498212987,0.07668571399909373,0.06565657027317263,0.07461893599816867,0.01751796264372062,0.02214448275466023,0.02295471971136508,65.34818367533116,62.756757844099425,62.43637493599049,0.005724891166579305,3.0358848571777344,1.0,0.8876113891601562,0.5830378579622035,0.03688271807456961,2.0,0.9999867539148339,-0.005147037485134489,0.9944651690557021,0.10506677655193317,1.0,0.0,0.861785459054017,0.5072729270945348,1.0,0.0
2021-10-21,54.68368266769022,54.735896163054704,54.09194299850065,54.379112243652344,2267700,0.0,0.0,0.0026277765895890825,1.7759787774191594e-08,-0.0015059837329598434,0.015196310846261177,0.07746777933284615,0.06548598096756511,0.07499814749499108,0.014247646662438732,0.022203979333371933,0.022512712962822132,68.58529156593815,66.02832897350508,57.39557020176713,0.0048893729845364145,2.8444442749023438,1.0,0.6961708068847656,0.0,0.0,2.0,0.999986350080089,-0.005224907032842693,0.9967126196995292,0.08101823086010711,1.0,0.0,0.8862915472789856,0.46312772884143055,1.0,0.0
2021-10-22,54.38781168930837,54.883828266349376,54.34430210387064,54.54444885253906,2028900,0.0,0.0,0.00208218613703883,0.0012073933184330806,0.001358070252443469,0.014774622233272193,0.08039462790404787,0.06521241617289837,0.07606861832200451,0.014679168724235924,0.02223204915495112,0.02211734508101242,71.45961525032163,68.923755995067,60.97074088333637,0.004387798295470699,3.0097808837890625,1.0,0.8615074157714844,0.0,0.0,2.0,0.9999946928942915,-0.0032579415666102673,0.994157749976928,0.10793687118316912,1.0,0.0,0.9020436045888686,0.43164491821440554,1.0,0.0
2021-10-25,54.40520937275488,54.440018364572424,53.691641638336115,53.85697937011719,3888400,0.0,0.0,-0.006041141891553143,-0.004059589151443395,-0.0063418858376092105,0.015025462535935515,0.07669207445592076,0.06290514682389693,0.06905856447377455,0.019035501427174514,0.02310200168742679,0.023764572617558235,65.60431087175463,63.37507189189003,56.198577440738774,0.008303255111487171,2.3223114013671875,-1.0,-0.687469482421875,0.40030136016453355,0.029712091433451316,0.6367791103349122,0.857508946394578,-0.5144690533484602,0.9930552692570062,0.11764876625317858,1.0,0.0,0.9917314477608051,0.128330571269115,0.0445798704538303,0.9554201295461697
2021-10-26,53.926597462069864,54.231167842164695,53.85697947829494,54.03102111816406,2600000,0.0,0.0,0.0010279448767849498,-0.00128506049191987,0.0010786553598787086,0.014401947228398573,0.06698842377666803,0.05162287896436484,0.05718694223063559,0.018207691867708473,0.021943394949542117,0.023807438283177402,60.45415796684763,66.02946612076481,59.749515160405196,0.005569958743737353,2.4963531494140625,-1.0,-0.513427734375,0.0,0.0,0.3551735442616801,0.9060374873528214,-0.42319743797828685,0.9947269037899947,0.10255918718657292,1.0,0.0,0.9879080635901691,0.15504082653779433,0.5,0.5
2021-10-27,54.2746743535911,54.52703455115467,53.256536295208974,53.34355545043945,2593100,0.0,0.0,-0.005590794914436586,0.002713188686174882,-0.006385508204247482,0.015246818547540796,0.05555255065214802,0.04880843905456572,0.053810614266991554,0.020081322948253155,0.011971845304672773,0.017797398603739526,63.43195416514769,60.994278043437355,54.613665305711535,0.005484495433878484,1.8088874816894531,-1.0,-1.2008934020996094,0.08701618658224675,0.002314072636857492,1.943080874849738,0.9876670531741211,-0.1565688093917427,0.9999831920171719,0.0057979033406860715,0.9999327269871101,-0.011599202564036097,0.9999892392264302,0.004639119673528468,0.001189513029139517,0.9988104869708605
2021-10-28,53.5263036269933,54.083237569000325,53.43928446207539,53.98751449584961,2473300,0.0,0.0,0.0016336655578379584,-0.0038973640532623177,0.0057225595607031925,0.014967529149284628,0.04747159408925111,0.0437344494516289,0.04100018527272323,0.01887668051251626,0.013945971711495454,0.02444444818440741,58.51442861380059,63.960402884203226,58.47518676602341,0.005294263910140486,2.4528465270996094,-1.0,-0.5569343566894531,0.0,0.0,0.4179169439270569,0.8591996884795199,-0.5116403964863369,0.9969720905997724,0.07776021196678397,1.0,0.0,0.971227094450742,0.2381552665904526,0.5,0.5
2021-10-29,53.87439052950488,54.36170651651987,53.74385845382827,53.77866744995117,2470400,0.0,0.0,0.002838290272201785,0.0025648262235474645,-0.001935692294772665,0.014773016686436562,0.037796198333213286,0.03459357012678721,0.03252914669817942,0.019380454411050945,0.01521458411201721,0.023830011516053812,61.761577736769496,66.78497220113985,53.317206015713964,0.005267599778603711,2.243999481201172,1.0,-0.2088470458984375,0.0,0.0,0.05876769173673993,0.9938438676790388,-0.11078974084620487,0.9958042176498232,0.09150934439074318,1.0,0.0,0.9500272205623592,0.31216707095809854,0.5,0.5
2021-11-01,53.796073081465394,54.2920896681776,53.796073081465394,54.20507049560547,1964300,0.0,0.0,0.00038606725487753697,-0.0005094598832903697,0.0031398035719004433,0.014286451024997813,0.031243381243589146,0.02958165885381831,0.0300781377735971,0.014973826397521374,0.013119660549078776,0.022007573354223226,56.73428508796519,69.54768911996831,57.6706044471311,0.004221659337282651,2.6704025268554688,1.0,0.21755599975585938,0.2088520991772782,0.006116799270568014,1.0851392096566321,0.9939373977163545,-0.10994748483181153,0.9961684628206945,0.08745509522866408,1.0,0.0,0.96921698633316,0.24620810994617376,0.5456280044636,0.45437199553639995
2021-11-02,54.35300184386826,54.6488716676179,54.04843143099446,54.500938415527344,2147000,0.0,0.0,0.0023400204829158605,0.003275003222530436,0.0027217255318769647,0.01398090650363463,0.02888092010503433,0.025543965791205693,0.028673578251740026,0.015413404864968745,0.013943437623296865,0.022360457171335682,60.5181755479085,72.07358728372924,61.97031498090362,0.004639503212768676,2.9662704467773438,1.0,0.5134239196777344,0.0,0.0,2.0,0.9987728324927913,-0.04952604440419906,0.9989891075562477,0.04495289739240194,1.0,0.0,0.9597918433998727,0.28071269537210886,1.0,0.0
2021-11-03,54.55314740197566,55.04916396046987,54.483532731792,54.94474029541016,2196400,0.0,0.0,0.004008969193121163,0.0036490379299871346,0.004054996826827372,0.013612734213763791,0.028219032823879574,0.02589324261326455,0.03249773719440664,0.005852448601797561,0.014697160876381966,0.013316171199581181,64.63344774958784,74.92815644750354,66.56258759198813,0.004784901645424391,3.4100723266601634,1.0,0.957225799560554,0.0,0.0,2.0,0.9999996138921431,-0.000878757967038606,0.9883714580821762,0.15205874144064532,1.0,0.0,0.9404249871521709,0.3400012404975004,1.0,0.0
2021-11-04,54.822913063711106,55.17099637924461,54.29208750132833,54.570552825927734,2627400,0.0,0.0,-0.0017600012765119522,0.001105355121959894,-0.003416759968562989,0.013877493352308187,0.02862532020524273,0.026710106593617024,0.03167902650669868,0.01010513737370165,0.007886986322902028,0.01566922331448642,68.91813819522999,66.56894469370728,58.154863670937,0.0056848630148798015,3.0358848571777344,1.0,0.583038330078125,0.0,0.0,2.0,6.123233995736766e-17,1.0,0.9883441908435459,0.15223587102196548,1.0,0.0,0.9706662715032881,0.24043084112880564,1.0,0.0
2021-11-05,54.648873638130645,54.75329730922858,54.309494217385875,54.51834487915039,2048400,0.0,0.0,0.00012495949634832982,-0.0029625002532968517,-0.0003731166520556475,0.013480043680193794,0.028184206547772664,0.02579865920534439,0.0307582393270098,0.009855475662765666,0.013699812609527521,0.014494317314450547,60.63606757732611,70.45693637669991,51.096839206124116,0.0044278498460524045,2.9836769104003906,1.0,0.5308303833007812,0.17403851440612783,0.003402413932365542,2.0,0.8531475951880152,-0.521669608876065,0.9988823977572112,0.04726473792167307,1.0,0.0,0.9766030961775154,0.21504974433021445,1.0,0.0
2021-11-08,54.52705186987242,54.64888005371699,53.97012113254354,54.509647369384766,1911700,0.0,0.0,-0.002925065966425998,-0.0008907406688660756,-7.444951680405753e-05,0.013408615498685335,0.027290782743177873,0.024743693780739415,0.03039186021324135,0.013033187884096813,0.013868679533941365,0.013074962956767485,54.48336277626128,62.824674968843766,45.081243314959636,0.004131697980401566,2.9749794006347656,-1.0,-0.008697509765625,0.3219663687847927,0.011712594104022894,0.0002684592079917644,0.9366389850333207,-0.3502961771355076,0.9997620390034601,0.021814338579110578,1.0,0.0,0.9919340839558833,0.12675477539959845,0.977593021164295,0.02240697883570497
2021-11-09,54.72719174652537,55.04916666603221,54.41391741638093,54.970848083496094,1780800,0.0,0.0,0.0038142902581944403,0.003399128457823288,0.003924177323213192,0.013171832156952909,0.02873980261277524,0.02621975295516301,0.033111742704819404,0.01475029300600557,0.014237211279781246,0.014562655725421411,59.530037949905875,67.13951488246401,52.11632625495625,0.003881352078022093,3.4361801147460938,1.0,0.4612007141113281,0.29586935680362814,0.007413924084743972,2.0,0.9981582630463078,-0.06066367869143516,0.9962520515053361,0.08649768708704914,1.0,0.0,0.833007888709807,0.5532611113635494,1.0,0.0
2021-11-10,55.16229810472889,55.64961413233531,54.83161925315422,55.28412628173828,2447300,0.0,0.0,0.003823513980592423,0.005424156092529943,0.002841397406745672,0.013218549034824544,0.03063411730223162,0.031447255051792855,0.036814923919144905,0.014543851225429926,0.016343925457363517,0.013385405623610845,65.27767728481524,71.59653977376662,59.107090122048106,0.0053644242332455475,3.7494583129882812,1.0,0.7744789123535156,0.0,0.0,2.0,6.123233995736766e-17,1.0,0.9848962711110161,0.173145416201573,1.0,0.0,0.8449951554962138,0.534773958965776,1.0,0.0
2021-11-11,55.04916424631754,55.649607792557774,54.57925609132457,54.73589324951172,2726800,0.0,0.0,-0.002306563776545009,-5.6961562042413875e-08,-0.004983029766422127,0.013794081017344619,0.032305077065197405,0.03545649457362624,0.03755912631321332,0.015027272027937312,0.016485901249068884,0.015879046753274065,54.84819941063857,61.582294857943474,50.48109032885872,0.005917809086765517,3.2012252807617188,-1.0,-0.5482330322265625,0.0,0.0,0.5010847711032862,0.9999999999610764,-8.823116425831e-06,0.9912429456533536,0.13205083374391346,1.0,0.0,0.9623168195759609,0.27193076096905155,0.5,0.5
2021-11-12,54.86641630516712,55.28411424377626,54.50963244179881,55.03175735473633,2903900,0.0,0.0,-0.0006382286084491466,-0.0032947019361867745,0.0026953670192988474,0.013745166439912006,0.03336981080576538,0.036677156093237184,0.0391771896750334,0.015208614767539558,0.015787517599292488,0.01635995307933484,46.165078508538386,52.978586334532196,57.67216100512603,0.006336223581644643,3.497089385986328,-1.0,-0.2523689270019531,0.0,0.0,0.10618240751291562,0.9686824959739607,-0.24830268221196794,0.9996505479309328,0.02643448545718095,1.0,0.0,0.9825712658395157,0.18588627584233272,0.5,0.5
2021-11-15,55.02306282148497,55.545187823378015,54.82291606594168,55.43206024169922,1751100,0.0,0.0,0.001727895660732234,0.001420488155652087,0.002185234081625074,0.01360190210140962,0.03471400008388608,0.03776417542577206,0.04029033014624019,0.012851967895248393,0.015150707862512434,0.016877387522787075,54.55421181343814,59.88374572097125,64.15639803768124,0.003848641189572617,3.8973922729492188,1.0,0.4003028869628906,0.0,0.0,2.0,0.9988889494468464,-0.04712607211486625,0.9973856324518199,0.07226271638046325,1.0,0.0,0.9204591744174019,0.39083872406765796,1.0,0.0
2021-11-16,55.50167463792886,55.50167463792886,55.023062544942235,55.04916763305664,2020100,0.0,0.0,0.001822064690320126,-0.00039184524879592157,-0.0034656802427706023,0.013339206531104182,0.035298717609555406,0.035344629722879224,0.039147006408247795,0.011331595323288493,0.014599462355285215,0.01805707805840694,46.09827147969615,65.39523932176758,56.03239206978377,0.004409192707754628,3.5144996643066406,1.0,0.0174102783203125,0.0,0.0,0.004759262564634425,0.9985295491887767,-0.05421014108871545,0.9981643277042069,0.0605638084899601,1.0,0.0,0.9357646177429868,0.35262526877738337,0.0023796312823172127,0.9976203687176828
2021-11-17,54.97954732223216,55.09267489174558,54.73589100595862,54.92733383178711,1925400,0.0,0.0,-0.0024937306127335917,-0.0035248301832794217,-0.0010558834761096219,0.0128778489277818,0.035746077790781906,0.03545515831589027,0.03971793530526741,0.010943267323958011,0.01121961845140598,0.016788470167902372,39.88617750495716,57.50410963903822,49.42328731558507,0.004193193863770432,3.3926658630371094,-1.0,-0.12183380126953125,0.08702505998306265,0.0006579705942042093,2.0,0.9857996570916504,-0.16792568617690531,0.9983412995871437,0.05757299313613136,1.0,0.0,0.9934141475141333,0.11457893139128107,0.0003288771013712,0.9996711228986288
2021-11-18,54.72718934096328,55.083973241374345,54.49223360368255,54.73589324951172,1844100,0.0,0.0,-0.002136528217409309,-7.564418952037868e-05,-0.001672000816137897,0.012772027182116277,0.03595687286154276,0.035502377552599565,0.03975195139505691,0.010870200016883063,0.011185301488908752,0.013543110018086668,34.98676279546906,51.222723265431675,44.723778212366064,0.004002138674235107,3.2012252807617188,-1.0,-0.3132743835449219,0.0,0.0,2.0,0.9897087895438645,-0.14309616311983492,0.9985780649175615,0.053308988599468025,0.9999777495883397,-0.006670856634628295,0.9950279923031504,0.09959565519219041,0.5,0.5
2021-11-19,55.00565266757622,55.466863536432534,53.96140609071955,53.98751449584961,2656800,0.0,0.0,-0.004894510820095598,0.0034634771315910523,-0.0068833268675212115,0.01401594643568628,0.03618128301653865,0.036671940318553725,0.040821693765990305,0.014525825110835949,0.01241708964902998,0.01709518876481426,41.95168643993502,45.80861839585956,39.90911474650777,0.005687057921182729,2.4528465270996094,-1.0,-1.0616531372070312,0.3741886446869529,0.023272361639936266,2.0,0.9993484910545212,-0.036091459198149385,0.9993085178933215,0.03718179750701992,0.9886919499608187,-0.14996075514171706,0.998359132751933,0.057262920383160144,0.01150233754049463,0.9884976624595053
2021-11-22,53.95270928130753,55.19710268029672,53.848285612177754,54.71849060058594,1936600,0.0,0.0,-0.0007648292602601786,-0.0017768622667818001,0.004901519213294681,0.014601667022232244,0.03561751346781569,0.03590887746172612,0.039243409714674875,0.010979762420394652,0.012206265525758323,0.022415635117280334,37.76837755401982,40.51908440243574,46.40436745799949,0.004201549569298553,3.1838226318359375,-1.0,-0.3306770324707031,0.11312943892237826,0.001262564387676145,2.0,0.9445998067147559,-0.3282243213938388,0.9999960736990131,0.0028022466982523084,0.9900709414398425,-0.14056859861442705,0.9991046251605388,0.04230777685980683,0.0006308839280479172,0.9993691160719521
2021-11-23,54.81421711848772,55.423357992924984,54.76200362086361,55.205806732177734,2026000,0.0,0.0,0.008412812590207928,0.002045329690830257,0.00443319760431663,0.014351004237087924,0.03606555758117058,0.03429275523867266,0.039419567831802026,0.023078892211395172,0.013361265615911373,0.024096098704860194,44.187148807586325,47.68668673239669,52.545790789298856,0.0044346531410398874,3.6711387634277344,1.0,0.4873161315917969,0.0,0.0,2.0,0.9996175439641976,-0.02765439927001884,0.9996953768363432,0.024681035878620708,1.0,0.0,0.6522753878606707,0.7579820699668374,1.0,0.0
2021-11-24,55.26672282927895,55.41465941814226,54.727196612486296,55.083980560302734,1484500,0.0,0.0,-0.00023293576495009478,-5.7504272514945394e-05,-0.0008093680554366625,0.014246852398477578,0.03219358968906538,0.03371928395135131,0.03326639383606073,0.022462441299056803,0.010108367322762431,0.024095170650637786,39.46096488271304,41.83135606949224,46.44798719740285,0.0032422087497126144,3.5493125915527344,-1.0,-0.121826171875,0.0,0.0,0.06249706454478958,0.9997464624942024,-0.02251689877244003,0.9997463713122411,0.022520946871892128,1.0,0.0,0.8692303096693152,0.49440739148215246,0.5,0.5
2021-11-26,55.031768419799874,55.77143805948944,54.48353831283343,54.61406707763672,1704100,0.0,0.0,-0.002231083783288174,0.003208842197370584,-0.004283699598893266,0.015027464258095924,0.02818055709314917,0.031020787749785055,0.030921585832631708,0.02246262047833571,0.011120351976404274,0.025649122809788455,45.905736915101805,36.690949350844896,41.042650217823365,0.0036900737921490047,3.0793991088867188,-1.0,-0.5917396545410156,0.34808006656445656,0.012776925048170455,1.4744830063582186,6.123233995736766e-17,1.0,0.9958473188390833,0.09103909907841376,0.9999939414336226,-0.0034809619429857146,0.9691702070979147,0.24639218671415933,0.008590915937665507,0.9914090840623345
2021-11-29,54.75329615892045,55.30152622991201,54.26598349098891,55.275421142578125,3536300,0.0,0.0,-0.0020005129055829674,-0.004230658941928255,0.006018356037986772,0.015125277241490306,0.025973875434218377,0.027957804349207277,0.027263034644250755,0.019921921067888596,0.01376255328120678,0.02154915756911475,42.0040684574741,32.433728428702835,47.988540893123286,0.0077502661429696106,3.740753173828125,-1.0,0.06961441040039062,0.0,0.0,0.013840027427236746,0.8771658734487155,-0.48018749510680925,0.9999548408473686,0.0095034870396983,0.9995974106772342,-0.028372813878230995,0.9926816678394786,0.1207605330206477,0.006920013713618373,0.9930799862863816
2021-11-30,55.02305808039846,55.11878115514259,53.68294167311735,53.752559661865234,9085800,0.0,0.0,-0.005401089607749292,-0.0016549951643600382,-0.013967620692199662,0.01655895678049059,0.026800274077325673,0.02335634393700176,0.030875638068432916,0.02329797225831077,0.013233135109337426,0.03568646236114435,38.362076886395634,27.907586356401268,40.68839982107474,0.01936412055797604,2.2178916931152344,-1.0,-1.4532470703125,0.8005966397160833,0.13030073252966326,2.0,0.943234883397255,-0.3321264137983709,0.9996148834468201,0.027750401647545546,0.9993640113947947,-0.03565911845383402,0.9997999739304332,0.02000030321533167,0.06116541694793268,0.9388345830520674
2021-12-01,53.91789931524191,54.4400242906364,53.43928724414002,53.45669174194336,3386500,0.0,0.0,-0.0008477789260225074,-0.0023091644011178974,-0.0010286165842963684,0.01679845697315143,0.030750927134983553,0.02500895307040483,0.03764774378008799,0.008226692423960881,0.01632497232145262,0.03214791716001875,33.44525246678222,23.453454305895658,33.4959871289514,0.007177754718421817,1.9220237731933594,-1.0,-1.749114990234375,0.0,0.0,2.0,0.9042486945630703,-0.42700620414811674,0.999273176520898,0.038119793884991704,0.9973799460217329,-0.07234115891859402,0.9999671788018001,0.008101933051369857,0.5,0.5
2021-12-02,53.85698051044285,54.918631546379274,53.78736584490197,54.701080322265625,4692100,0.0,0.0,0.003246194772795004,0.0043764917562279845,0.011505308925774853,0.017152715523624556,0.032213118161567154,0.02536029912591331,0.037494304867795,0.013939277189371135,0.020546233918177705,0.04400333286081673,42.004950805376275,35.80563502161111,44.76206342327112,0.010176504246151602,3.166412353515625,1.0,1.2443885803222656,0.0,0.0,0.5061454188201329,0.9765835887749799,-0.2151383139642518,0.9998690459252239,0.016183046702725187,0.9999595703761451,-0.008992086140340708,0.9409885858849539,0.3384382975288621,0.25307270941006643,0.7469272905899336
2021-12-03,54.988255045931496,55.90196967008587,54.90123587013347,55.893272399902344,4066800,0.0,0.0,0.008882517482624135,0.007690736476554326,0.009343268637211593,0.017122462248604465,0.03343490625464643,0.027583922020096043,0.04185385253714011,0.02747761091103852,0.027985754280572414,0.04799758845099017,50.358845246322964,46.253694654948376,54.74865291151056,0.009012552492014048,4.358604431152344,1.0,2.4365806579589844,0.0,0.0,1.9405501071357345,6.123233995736766e-17,1.0,0.9996582094622304,0.026143149289391723,1.0,0.0,0.8068194039098041,0.5907981461333713,0.9702750535678673,0.02972494643213275
2021-12-06,56.006389855188395,56.61553065085192,55.93677186735921,56.07600784301758,3516300,0.0,0.0,0.008078106885631098,0.0054833267250935964,0.0014110974594700157,0.016767616673118914,0.042025314652407206,0.03382978353443306,0.04637985041661149,0.03092187190525091,0.027537438271539753,0.04709877291048156,59.62114744280603,56.65363081515567,63.20664386137235,0.007818050361029448,4.541339874267578,1.0,2.6193161010742188,0.0,0.0,2.0,6.123233995736766e-17,1.0,0.9902150435248138,0.1395498748732903,1.0,0.0,0.7679863929958067,0.6404661584918365,1.0,0.0
2021-12-07,55.90196346693807,56.580722257636936,55.5538834828018,56.18913269042969,2863800,0.0,0.0,-0.0027969872550225637,-0.00025044288014680377,0.0008206724344471668,0.016843917769083422,0.04469297772201299,0.03695423582571935,0.05051962298764511,0.028385899007021747,0.026676386032883408,0.028427677942697273,47.50239667405145,45.684365602630415,70.3493449051902,0.006380143818600436,4.6544647216796875,-1.0,0.11312484741210938,0.0,0.0,0.004182917405848381,0.9994375652144175,-0.03353435907061476,0.9938474619658692,0.11075749339886827,1.0,0.0,0.8909845558838241,0.45403361238624684,0.0020914587029241907,0.9979085412970758
2021-12-08,56.180421036564866,56.589418364094755,55.24930546459842,55.875850677490234,2484500,0.0,0.0,-0.0023847486585668403,6.666368375075733e-05,-0.0024252797797110846,0.01744160035310863,0.04607877440848404,0.04049514855882875,0.05265055079408556,0.02887376890432247,0.01778215615022917,0.02847304303097801,58.28085980033808,37.08005322791327,56.95864591434738,0.0055042557445762,4.341182708740234,-1.0,-0.20015716552734375,0.6874664027607906,0.025077649499177124,2.0,0.9999305371346571,-0.011786471295349458,0.9957664072922094,0.09191986786525404,1.0,0.0,0.9505235458448028,0.3106525209854622,0.012383549591483117,0.9876164504085169
2021-12-09,55.90195984355721,56.00638681964104,55.41464723343875,55.66700744628906,2685700,0.0,0.0,0.0014940887688287014,-0.005178092944957556,-0.0018723137878484178,0.017015817465752234,0.047907517195437406,0.041177932557213734,0.05356433548354739,0.029111151190436134,0.025163242958497114,0.024072197481649585,47.18679177049886,48.79257936575007,46.54116958398914,0.005927762970011075,4.1323394775390625,-1.0,-0.4090003967285156,0.0,0.0,2.0,0.9836097811741499,-0.1803102836183808,0.9997223814108231,0.023561835800139083,1.0,0.0,0.9890415656192129,0.14763733090751888,0.5,0.5
2021-12-10,56.00638602312375,56.4762974501134,55.80623598159368,56.354469299316406,2784300,0.0,0.0,0.0035208203426854642,0.004177626392213664,0.006136875472446514,0.016633419363704754,0.0516961090837175,0.04378470629548483,0.057406589842833394,0.023227777579526404,0.019920053491169352,0.015697976389073692,57.11703300647739,58.260749706875835,55.94916690880389,0.006221281416692239,4.819801330566406,1.0,0.6874618530273438,0.0,0.0,2.0,0.9994591487556446,-0.03288479844308603,0.9977877885443619,0.06647953844418426,1.0,0.0,0.9670598326083357,0.2545491704082685,1.0,0.0
2021-12-13,56.302249514291,57.581451669131106,55.91936390595481,57.37260437011719,4602000,0.0,0.0,0.0010125515054293128,0.009689426869736794,0.008952442351239582,0.017240515108683668,0.055398212974761725,0.05378594418154989,0.0680385171286614,0.013228626886412454,0.02489454931743552,0.02280595737653451,66.03133258519088,65.7484990692595,64.45289861504163,0.010468552471630997,5.8379364013671875,1.0,1.705596923828125,0.0,0.0,2.0,6.123233995736766e-17,1.0,0.984384310114325,0.17603275263638987,1.0,0.0,0.9792885979398316,0.2024693605092853,1.0,0.0
2021-12-14,57.42482451763157,57.6771847574135,57.102852925501274,57.3552131652832,4487700,0.0,0.0,0.010211219552398336,0.0008099641453515354,-0.00014782168237558428,0.016729160726953952,0.06740301645794854,0.06220406445405239,0.07619937077495836,0.021800416657181097,0.024539082293575855,0.023244459041173483,73.31926742397783,72.68936021279141,51.62043889713609,0.010205450258276825,5.820545196533203,1.0,1.6882057189941406,0.0,0.0,2.0,6.123233995736766e-17,1.0,0.9866249463166178,0.16300679527470932,1.0,0.0,0.91777466714394,0.3971015743469548,1.0,0.0
2021-12-15,57.511845491291695,58.64311465143293,57.46833922460152,58.59960174560547,4700700,0.0,0.0,0.0031900366247513074,0.00830405267978506,0.01073166803188448,0.016774201055776677,0.07959318213155087,0.07649107157324397,0.09235101707521855,0.017022537016622354,0.026857731658656,0.02482454574826145,79.49770807163006,78.58750676600528,62.147288142043394,0.010921760654829703,7.064933776855469,1.0,2.9325942993164062,0.0,0.0,2.0,6.123233995736766e-17,1.0,0.9678116940248797,0.251675435648163,1.0,0.0,0.9289755394483411,0.3701411178275978,1.0,0.0
2021-12-16,58.425567545204586,59.939722499663105,58.08618810091453,59.92232131958008,4705300,0.0,0.0,0.005346816698687514,0.010934194858047294,0.01116012582117091,0.017441668761,0.09382054158065964,0.09744496806854903,0.11553014058016998,0.015968408632049888,0.01873742082985557,0.02076916305302779,84.77928299132743,83.39859443690445,71.10623308773022,0.01117921741896608,8.387653350830078,1.0,4.255313873291016,0.0,0.0,2.0,6.123233995736766e-17,1.0,0.9408902006050891,0.3387117216827833,1.0,0.0,0.9253740103298804,0.3790553271040975,1.0,0.0
2021-12-17,59.861402674508646,60.63588459244371,58.851961688940065,58.86936950683594,6564800,0.0,0.0,0.006548535182074252,0.005773656128049272,-0.008863850707224659,0.01865002325156669,0.11014408954266418,0.11763800797559004,0.12400864194598178,0.015990725909635784,0.017878136352995393,0.0389342231328998,88.78052380609083,87.21449887193441,55.055998135613336,0.01532308953884838,7.3347015380859375,1.0,3.202362060546875,0.0,0.0,2.0,6.123233995736766e-17,1.0,0.9378997407132934,0.3469064374870218,1.0,0.0,0.9199508000772934,0.39203383200579506,1.0,0.0
2021-12-20,58.40816371953763,59.18264566133883,58.329841814867166,58.9911994934082,3891400,0.0,0.0,-0.002641158238904038,-0.007189478853347683,0.0006127312604985676,0.01831471765251568,0.11679770181783866,0.12330229122277651,0.12787043841456527,0.024708688431200127,0.040746591583145676,0.03746320401849021,68.0162657524681,68.85409156260354,64.12379419532232,0.009101826584463514,7.456531524658203,-1.0,0.12182998657226562,0.0,0.0,0.08872804941272192,0.622160338994082,-0.7828898470300717,0.9761744532060337,0.2169871814368332,1.0,0.0,0.9486573148013382,0.3163057050922646,0.04436402470636096,0.9556359752936391
2021-12-21,56.1282192739199,57.06804221329467,55.60609763175732,56.61553192138672,6915200,0.0,0.0,-0.023905926403370158,-0.01819002955341292,-0.020549560937741858,0.021990930233747208,0.11287673805328001,0.1207530829073805,0.1253471636814419,0.056477392191433974,0.05891923016373914,0.060553927087016776,54.72840713253668,56.626111397760255,53.554557632919135,0.015523004822434691,5.080863952636719,-1.0,-2.2538375854492188,3.245864057182743,0.4081177852629332,2.0,0.5963234294222737,-0.8027442728055172,0.9995185295756582,0.031027552834764847,1.0,0.0,0.9995528393377876,0.02990186234613034,0.16947584032662769,0.8305241596733723
2021-12-22,56.64164069291815,57.1898740961251,56.19784091973016,57.17246627807617,3885300,0.0,0.0,0.002973692452425604,0.0005990933090257877,0.0027499662609793813,0.021460629888611853,0.1119528911534795,0.11863414878489459,0.12448770462559025,0.05770881912534245,0.05480074770166655,0.055685024238406614,62.37489604403311,63.19437974269507,60.33314227581776,0.008807384170195274,5.637798309326172,1.0,0.5569343566894531,0.0,0.0,0.06106084158557117,0.7472504505490372,-0.6645425224575633,0.9993141543623615,0.037029999878995426,1.0,0.0,0.9091327006684968,0.4165065816709327,0.030530420792785586,0.9694695792072144
2021-12-23,57.4335276695916,57.62497382408549,57.285594418987046,57.42482376098633,2332100,0.0,0.0,0.005753347761319596,0.002274643643663279,0.001321796051291382,0.02040301099479935,0.11293727774636196,0.11650855813024932,0.12325201370560356,0.06102094461338561,0.04739991801352513,0.04691637076090717,68.22903563309974,68.42078240900959,65.86057402864711,0.005309850518935198,5.890155792236328,1.0,0.8092918395996094,0.0,0.0,0.128933297063223,0.8544879718361528,-0.5194711791691028,0.9980393343144178,0.06258983273051405,1.0,0.0,0.8276131678228914,0.5612988904729446,0.0644666485316115,0.9355333514683885
2021-12-27,57.57275501225023,57.75549723071938,57.19856666801263,57.4857292175293,2503100,0.0,0.0,-0.0007601728496597829,0.001131243488960047,0.0005300249190721065,0.019617591325977846,0.11204530326147732,0.11520082160937258,0.11964212088825996,0.05794106383801516,0.0433829752735729,0.04605834452330638,72.9608092239112,58.84817154079227,70.43656811006714,0.005705237133908777,5.951061248779297,1.0,0.8701972961425781,0.0,0.0,0.1490699909381168,0.9051131712500262,-0.425170727155246,0.9978030291548828,0.06625039629572126,1.0,0.0,0.9177200744016422,0.3972277244103745,0.0745349954690584,0.9254650045309416
2021-12-28,57.468331176286405,58.234109081988336,57.468331176286405,58.208003997802734,1929100,0.0,0.0,0.0018131063890222654,0.0031801010098712343,0.00481137443749563,0.01893000336656368,0.11005201880080696,0.11246385330978975,0.11943508301745336,0.05859380173145785,0.04193459944706854,0.04906803096290003,76.82356021115895,64.4242097438557,74.29771309983094,0.004452181938066914,6.673336029052734,1.0,1.5924720764160156,0.0,0.0,0.4992274048002857,0.9492188934853412,-0.314616420821394,0.9960323623708665,0.0889917586628728,1.0,0.0,0.9330733279010599,0.35968620318222,0.24961370240014286,0.7503862975998572
2021-12-29,58.37334565326221,58.53868006785896,58.0513674536598,58.32112884521485,1871400,0.0,0.0,0.004896112801048809,0.0025302227694062145,0.0009417494514004543,0.01814059888119174,0.1052485927623826,0.10843436958910098,0.10989490486264895,0.017157662669460803,0.006418332797216407,0.011170665249062553,80.0029703032053,69.02286495228374,77.45491488406186,0.004327409576111648,6.786460876464851,1.0,1.705596923828132,0.0,0.0,0.5726741424122563,0.9675277748105171,-0.25276472255876453,0.9945522592207713,0.1042391657624897,1.0,0.0,0.9198504374287773,0.3922692605367991,0.28633707120612817,0.7136629287938718
2021-12-30,58.469064778633296,58.625701913937384,58.02525845541572,58.34723663330078,1822900,0.0,0.0,-0.00021909963456145256,0.000723483958115181,0.00021797826187347453,0.017572366193946715,0.09562311718064406,0.09823239719611719,0.09402351558679416,0.019015345285790113,0.006811467174209661,0.011048486889000914,82.47970108140753,60.64802603352832,79.90650645314261,0.004217145569874508,6.812568664550781,1.0,1.7317047119140625,0.0,0.0,0.5903403158437778,0.9768514449439121,-0.21391880354702608,0.9947320008267679,0.10250973871381656,1.0,0.0,0.9434489764840667,0.3315177653929982,0.2951701579218889,0.7048298420781112
2021-12-31,58.3124468427901,58.76495058313613,58.12970456462316,58.63441848754883,2017300,0.0,0.0,0.0008991962675708084,0.0011861989539773134,0.002454930680809478,0.01701113623014807,0.08572225530173036,0.08915463946380414,0.08585190412345292,0.010427545565608175,0.006277204331920282,0.011079253454874986,84.47998405268288,65.20822056688435,81.94982544810806,0.004689845827263459,7.099750518798828,1.0,2.0188865661621094,0.0,0.0,0.8023772424362987,0.983637429610281,-0.18015939350941293,0.9945110143052025,0.10463193788531891,1.0,0.0,0.9530759949023254,0.30273114795300216,0.40118862121814935,0.5988113787818506
2022-01-03,58.47777814569898,58.57350123468936,57.337811626625246,58.52999496459961,4013300,0.0,0.0,-0.006858144732985383,-0.0016315994073622414,-0.0008912563113019531,0.017406584092022333,0.07963639165560579,0.08421853064050289,0.08309303647594339,0.019825142825538572,0.009633530821807575,0.012366234641778938,74.86870552000813,58.24183713548043,73.50483000257672,0.009313556789730434,6.995326995849609,-1.0,-0.10442352294921875,0.6874468287904705,0.009657443701383052,0.0026753021927487415,0.9831406829432724,-0.18285075209535234,0.9957096121985455,0.09253306530868913,1.0,0.0,0.9814746928820457,0.19159182454398757,0.783073273728788,0.216926726271212
2022-01-04,58.538694625708054,59.74828583242523,58.5212934447891,59.078224182128906,4659000,0.0,0.0,0.010214836524366121,0.009928725950272452,0.004661487279603509,0.017496762274954444,0.08123054808703423,0.08572817671898374,0.08197074743479457,0.028393229857400264,0.019629610640496026,0.009626200693271714,77.85656513535629,62.975126363605106,76.31091262757226,0.010913287542840053,7.543556213378906,1.0,0.5482292175292969,0.9833352492891052,0.016992252499808583,2.0,0.9975706666273059,-0.06966179070877118,0.9909368057048362,0.13432887664048893,1.0,0.0,0.6986000413280194,0.7155123914066684,1.0,0.0
2022-01-05,59.29576348727098,60.357414565712055,59.2609544933228,59.87010192871094,5202500,0.0,0.0,0.0062799026294892,0.005071605521366831,0.0066573256848031165,0.017558250855138697,0.08367945312777077,0.08870874452294679,0.08379589195386138,0.029190665653873286,0.020263585847090433,0.013886439884374794,80.7565201216525,67.68755087100371,79.13791057153088,0.012349732241187565,8.335433959960938,1.0,1.3401069641113281,0.0,0.0,2.0,0.9997981844111743,-0.020089560675123786,0.9883059906622739,0.15248366739117136,1.0,0.0,0.7684940013186407,0.6398569917858717,1.0,0.0
2022-01-06,60.00063148139195,60.61848286752092,59.487213723422805,59.600337982177734,4417200,0.0,0.0,0.0016177609966402467,0.001832273355719747,-0.0019171602608681864,0.017733665774026623,0.08332863369974944,0.09108621596457366,0.08024162999595955,0.028662242346670874,0.019642673503196904,0.01664244090235449,83.41425362084631,72.19956119534928,69.876626240419,0.010438335254196582,8.065670013427734,1.0,1.070343017578125,0.0,0.0,2.0,0.999999263990142,-0.0012132679729895581,0.986672417613291,0.16271920698289835,1.0,0.0,0.8386779244335139,0.544627706849269,1.0,0.0
2022-01-07,59.696764578552695,60.7926811556794,59.35483914160468,60.11759948730469,4973100,0.51,0.0,-0.0011138698686774485,0.0014347798207847804,0.0043206683648288665,0.01803365915050557,0.08071423705999567,0.08833389725154887,0.0751072933374449,0.029491076266665646,0.01951207893740857,0.017235204902792886,85.72555006040166,61.83910474992073,73.8150376506933,0.011853982401476825,8.582931518554688,1.0,1.5876045227050781,0.0,0.0,2.0,6.123233995736766e-17,1.0,0.9999460923070671,0.010383278857206331,1.0,0.0,0.9058862881702928,0.4235209946449517,1.0,0.0
2022-01-10,60.13513740558906,60.83652676279727,60.07376633850419,60.29294967651367,4442100,0.0,0.0,0.005376970959170258,0.0003219951634617143,0.0013007769742460447,0.017600475652994326,0.08250767596741247,0.08613612951316234,0.07330956603097394,0.01952678887019341,0.017219546821771795,0.01547676688132085,87.86247164166268,67.82888289065407,77.54588814433858,0.010619163741253547,8.758281707763672,1.0,1.7629547119140625,0.0,0.0,2.0,6.123233995736766e-17,1.0,0.9999221828930935,0.012475101535086911,1.0,0.0,0.890701743129304,0.45458817053066763,1.0,0.0
2022-01-11,60.45953039423651,60.56474080317925,59.09182852270371,60.08253479003906,2891700,0.0,0.0,-0.005364114064094369,-0.0014573662239268342,-0.001137897957820618,0.018151592924400075,0.07770719613984797,0.08657877348656162,0.07421425882543332,0.026808899311124283,0.011909811584108023,0.017183841560362224,75.29243485144394,58.66676145278029,67.25326422783294,0.006888694685728563,8.547866821289062,-1.0,-0.21041488647460938,0.2630106189009709,0.0009467407536820905,0.014245267611810162,0.9602989188769424,-0.27897309261607217,0.9860427113041236,0.16649255684267905,1.0,0.0,0.9544875327808002,0.29825081687402105,0.06231834072923209,0.937681659270768
2022-01-12,59.84582497323235,60.0211689812181,59.40745826432283,59.907196044921875,2919200,0.0,0.0,0.002663558154458656,-0.0045077556982654815,-0.0014612812604634974,0.01770929010699957,0.07866276527957643,0.08457481956294528,0.07313666912573144,0.024062560150939338,0.012372809063004715,0.012461808142179441,65.45786465113362,63.64053610307359,58.85934536938863,0.00693391156661883,8.372528076171875,-1.0,-0.3857536315917969,0.0,0.0,0.0478781911970986,0.9130910776126261,-0.4077556670166747,0.9898629246660728,0.14202602005100518,1.0,0.0,0.9451078481237561,0.3267585582886593,0.5,0.5
2022-01-13,59.94228412401682,60.79271017510546,59.679261344374794,60.406951904296875,3010100,0.0,0.0,0.0022823962314611917,0.006386196679348782,0.0041537580400430795,0.01762489870333222,0.08096700690062886,0.08729036437604361,0.07685706715723033,0.0242038891713125,0.01842463298945916,0.013076353100353587,69.79139423091665,68.0101361888849,63.83741282948475,0.007209469369407769,8.872283935546875,1.0,0.499755859375,0.22796937192621414,0.0006602100661099895,1.6784010507757012,0.9998843169208884,-0.015210285192867923,0.9999588307838371,0.009073959302396843,1.0,0.0,0.9562558872944995,0.2925314991836083,0.8395306304209056,0.1604693695790944
2022-01-14,60.442008984433215,61.32750499392771,60.310497623049706,61.28367233276367,3466600,0.0,0.0,0.00526075128500161,0.004379248907169141,0.007204502680164525,0.017317209477423854,0.08652969582545963,0.09202063712141928,0.08365463406518045,0.025628531551151065,0.020197613130032963,0.017032223160330477,73.48054068496732,71.9006360286538,68.32230020733128,0.00842333299448354,9.749004364013672,1.0,1.3764762878417969,0.0,0.0,2.0,6.123233995736766e-17,1.0,0.9924466305209816,0.12267715992616672,1.0,0.0,0.9255472549241337,0.37863211551900977,1.0,0.0
2022-01-18,60.86283858043305,61.09079116564418,60.06501456561286,60.722564697265625,3332500,0.0,0.0,-0.001960423054080581,-0.0018588473385394407,-0.0044211023731104936,0.017662375392231484,0.0899817356030466,0.09372759158050636,0.08764183599207798,0.02366856500317525,0.02099571819966094,0.02156176085177425,64.84880951578494,63.403922360908304,59.93208358734645,0.008023349664667435,9.187896728515625,-1.0,-0.5611076354980469,0.0,0.0,0.16617086802976114,0.9743710360489082,-0.2249468472972608,0.9987723780191619,0.04953520875042741,1.0,0.0,0.9729838579484613,0.23087315169098466,0.5,0.5
2022-01-19,60.634883098208746,61.22229285093943,60.301720136583455,60.62611389160156,2611700,0.0,0.0,0.001541186269278135,0.0008425807503491573,-0.0006229080439264671,0.017511471168229577,0.09416124619575006,0.09745980195950711,0.09067186908195461,0.011718887532566025,0.019918250030062278,0.02109774228980888,68.84332907293788,67.8271589266718,52.85589113367917,0.006277959002787965,9.091445922851562,1.0,-0.0964508056640625,0.0,0.0,0.0049099181319552385,0.9987621431581329,-0.049741143876805574,0.9981526613546419,0.0607557785782202,1.0,0.0,0.9747499128801845,0.22329936708390535,0.5,0.5
2022-01-20,60.58227432510101,60.766387529507334,59.99486457452682,60.03870391845703,3801600,0.0,0.0,-0.0025508252191326964,-0.0037372756227074828,-0.00486811304078035,0.01733763126923065,0.08352548827415043,0.09099722685988196,0.0818979291677173,0.014590698245085696,0.018869524856598256,0.0239167262039681,61.705423932904,59.90705644558217,47.20838606983164,0.009049679163641092,8.504035949707031,-1.0,-0.5874099731445312,0.0,0.0,0.18211476715292543,0.9850225872188297,-0.17242535390342995,0.9999845900941029,0.0055515380147299655,1.0,0.0,0.9902249707672202,0.13947941521621768,0.5,0.5
2022-01-21,60.69625523151207,61.23982564968878,60.30172119460375,60.520904541015625,8034300,0.0,0.0,0.0025508339917962248,0.003880442707340554,0.003999686368595751,0.017388557932923224,0.07553544829871241,0.08462593123366449,0.07616668760088444,0.01471945475500203,0.0158766248531722,0.023791651733246624,65.29181819737592,64.45424090056885,52.42896458827818,0.019279195608082385,8.986236572265625,1.0,0.48220062255859375,0.01753279874935032,3.8066837676878153e-06,0.6738650029437997,0.9998046959456968,-0.019762843037700102,0.9989682714320607,0.045413573654147214,1.0,0.0,0.9880701397952041,0.15400454163785526,0.33693440481378367,0.6630655951862163
2022-01-24,60.47707038208328,61.13462040497703,58.96908792601579,60.100074768066406,4706900,0.0,0.0,-0.006545810267600033,-0.0005036554982812341,-0.002043951258404947,0.018833300543243982,0.07051320260742348,0.07851437042828648,0.0691884254272387,0.02455539086976836,0.013069652338298038,0.0165279476701329,61.088918225582,59.14101971315924,48.214011873347424,0.011216192106932785,8.565406799316406,-1.0,-0.42082977294921875,1.0257766485110338,0.014341997048743572,0.7616533946828072,0.9959884106173907,-0.08948232180628646,0.9996002200080744,0.028273665482375684,0.9999141773903226,-0.01310106308031477,0.9950858362703338,0.09901605149757502,0.01848206471528257,0.9815179352847174
2022-01-25,59.80197785366454,60.20527437076714,59.126896152827285,59.91595077514648,3968500,0.0,0.0,0.0011266419644819427,-0.0064575124033563755,-0.001293488455343036,0.018827390743370667,0.0639224013796523,0.06964525561644422,0.06046753244646185,0.025605334189454605,0.019865001662161298,0.015151381523060774,57.41296046246558,62.26393965530335,44.814643487880474,0.009427668323684482,8.381282806396477,-1.0,-0.6049537658691477,0.0,0.0,1.5739424028414688,0.9133575809395731,-0.4071583590449927,0.9958861009925442,0.09061387228161127,1.0,0.0,0.9908787060445126,0.1347567805624361,0.5,0.5
2022-01-26,59.61787560306535,60.20528541910157,59.13566952187412,59.44253158569336,3680400,0.0,0.0,6.879988919964778e-05,8.509437907709501e-08,-0.0036784190814862974,0.018907108018631467,0.058000907533630595,0.0625982983492136,0.05571817724952984,0.02455513264055149,0.019286949061761694,0.015893263712645246,60.269526813110254,65.37466700232333,41.144509865260275,0.008674166905534597,7.907863616943359,1.0,-0.4734191894531179,0.0,0.0,0.9639093246547007,0.9575441501077592,-0.28828666392049634,0.9960148874753293,0.08918712870984932,1.0,0.0,0.9973665498499159,0.07252561782208591,0.5,0.5
2022-01-27,59.77568151111229,60.608575538106635,59.574029892616984,59.92472457885742,2608600,0.0,0.0,0.002617324365484052,0.0023659920756880196,0.0028631767061137567,0.018805219877318466,0.05497738728958923,0.05646548246453019,0.05061554033398398,0.02686138102813495,0.020647649650305085,0.017662611953903076,63.125448538524395,68.37195543559868,45.97835402071919,0.006197963178053335,8.390056610107422,1.0,0.008773803710944605,0.4033011673394924,0.0023106234459279985,0.0003434662852918274,0.9906814802812957,-0.13619913592846628,0.9953640069482974,0.09617948675174787,1.0,0.0,0.9849186373723845,0.1730181428536478,0.0013270448656099128,0.9986729551343901
2022-01-28,59.84581794268842,60.84529338647052,59.372381150010945,60.827754974365234,3473700,0.0,0.0,-0.0016952906845904973,0.0019490350571778807,0.007478359027069041,0.018932359938280154,0.051012638661972094,0.04966580043757783,0.04635745380595317,0.02560177394582007,0.01900727096352261,0.022497283916798932,65.95238279169737,62.172529101781784,50.88441982065669,0.008377791575705867,9.293087005615234,1.0,0.9118041992187571,0.0,0.0,2.0,0.9976559322654959,-0.06842982402041006,0.9999998281885337,0.0005861935713737429,1.0,0.0,0.996181410657963,0.0873074857014622,1.0,0.0
2022-01-31,60.33679243408433,60.53844405959993,59.6441722441064,60.21405029296875,3856800,0.0,0.0,0.002283641109950754,-0.002527927820701029,-0.005070187775546233,0.019163243486028016,0.047077165913643526,0.04176572553509313,0.04114182938795497,0.00922975732248008,0.019389892759359623,0.024068642528145192,60.54210998798516,65.66575554338823,46.05382314968474,0.009207896194977258,8.67938232421875,1.0,0.29809951782227273,0.0,0.0,0.39648871615579023,0.9678363354963346,-0.2515806584239466,0.9961977723132528,0.08712059709455917,1.0,0.0,0.9935224529653752,0.11363597781364766,0.19824435807789512,0.8017556419221049
2022-02-01,60.24912097904961,60.43323419239558,59.25840794525856,59.83705520629883,3577700,0.0,0.0,-0.0030095915322736386,-0.0008067696819108512,-0.0029130392009018803,0.019308963058022977,0.033376819241909224,0.02807007815258023,0.03356205953773236,0.012651086082614936,0.0103379219766269,0.024845563345265193,55.2389461272158,59.49310890181899,41.39967878003989,0.008488082428282775,8.302387237548828,-1.0,-0.3769950866699219,0.1139732047523836,0.00018845147837668518,1.599369586162883,0.9845689548208917,-0.17499706626940037,0.9964531739989143,0.08414910592210359,1.0,0.0,0.9991358854762683,0.041562992596218824,0.00011781471752946176,0.9998821852824705
2022-02-02,59.72307834884472,60.5384406337978,59.617867938580105,60.29294967651367,2898500,0.0,0.0,0.0024497668552350064,0.0007045762847370587,0.003074554624891703,0.01888477381917809,0.029150146893368114,0.024300447548642815,0.029158174152856386,0.013801677179258603,0.01032529846446895,0.023677824124331465,58.92432952417785,63.4177578613031,47.3922076182229,0.006929075460710791,8.758281707763672,1.0,0.45589447021484375,0.0,0.0,1.4623699984343113,0.9962433250142959,-0.08659813718816291,0.9965447460219012,0.08305762563512373,1.0,0.0,0.9563713609969982,0.29215376065481247,0.7311849992171556,0.26881500078284437
2022-02-03,60.47706582635921,61.011866984197184,60.19651143861643,60.53843688964844,3600900,0.0,0.0,0.004829499623034876,0.003894900471064684,0.002031651047886861,0.018426780542707466,0.029907186550845545,0.024048116116242402,0.029069115455323584,0.015113004065206243,0.011107016074780382,0.022894914087907395,62.53078309810978,67.24516316154681,52.98226309964528,0.008643262824526576,9.003768920898438,1.0,0.7013816833496094,0.0,0.0,2.0,0.9997598014024408,-0.021916648917025282,0.9993511127382014,0.036018793274048944,1.0,0.0,0.9265595214743638,0.3761481797977998,1.0,0.0
2022-02-04,60.31925141833377,60.43322433497321,59.021683240615864,59.54772186279297,2823000,0.0,0.0,-0.007725589677789347,-0.003735341320004384,-0.006467785591719608,0.01921462979662789,0.031295386701486495,0.024416964836287264,0.029346070153204454,0.02679275869793716,0.014742261628167046,0.022310092509208988,57.06833648738819,60.021272211397196,47.744097152897936,0.006665173892645683,8.013053894042969,-1.0,-0.9907150268554688,0.5961846979642402,0.005535610475530386,1.99521021887684,0.8994764989781728,-0.43696913825345735,0.9971007697323503,0.07609241091695443,0.9978127973987675,-0.06610311147931136,0.9999879642746962,0.004906251700536962,0.002766773467333545,0.9972332265326664
2022-02-07,59.8370570578842,59.90719733817071,59.1707377730529,59.74061584472656,3149600,0.0,0.0,0.0012611175163236275,-0.004371157999024131,0.0016170397344839047,0.018665090677089085,0.03179453717003555,0.02724294922248179,0.03021799211729247,0.026317780258375535,0.016278669352179937,0.02190398047736782,51.252587110690534,64.3875235741916,52.92470461287276,0.007460373182092207,8.205947875976562,-1.0,-0.797821044921875,0.0,0.0,1.293904239332512,0.9023924061508034,-0.43091524145864635,0.9978171245085403,0.06603776220851257,0.9998205163874166,-0.018945580244464973,0.9917987504330165,0.12780938400409841,0.5,0.5
2022-02-08,60.01238951030803,60.284181371830485,59.69676499875834,59.99485778808594,2466000,0.0,0.0,0.0034648365668603362,0.002455767855950024,0.0016625014529460748,0.01795778729232311,0.031010537273439904,0.027769997500952152,0.03036681488357601,0.02720683508178156,0.01833973440607151,0.02160702421063852,56.097118104378076,68.01290773213351,57.47439140470446,0.005866006713322452,8.460189819335938,1.0,0.254241943359375,0.0,0.0,0.10155081732208512,0.9778368273542225,-0.20936842901886707,0.9973024972899946,0.0734011505300844,1.0,0.0,0.9583643722157758,0.28554812215712777,0.05077540866104256,0.9492245913389574
2022-02-09,60.108847532145965,60.319268391381655,59.62664811319239,59.76692199707031,2655200,0.0,0.0,-0.0005876205158510442,0.0002909288218542566,-0.001903243183464081,0.017566446239755028,0.029953350310169845,0.02819816532768674,0.031009903439127833,0.026641980839986507,0.0181995386435917,0.019887218687322943,60.635823653144904,61.18336256174688,51.59785749664673,0.006292070568468746,8.232254028320312,1.0,0.02630615234375,0.0,0.0,0.0010871855859831093,0.9884072565700875,-0.15182587118008928,0.9973449687634933,0.07282179125884385,1.0,0.0,0.984372481363376,0.17609888680656105,0.0005435927929915547,0.9994564072070085
2022-02-10,59.58279843211248,59.951024838516936,58.60962386594022,58.811275482177734,4477200,0.0,0.0,-0.008601626474079459,-0.003061799742691369,-0.008059209325220367,0.018205938448246924,0.03352070911120495,0.028572362087117307,0.037009183806885615,0.028012626242578574,0.015120078437771413,0.022569377714327363,54.54002481154437,54.99504166097592,45.01065890200233,0.01044004927944126,7.276607513427734,-1.0,-0.9556465148925781,1.0871411328181182,0.022321015795200162,2.0,0.9513684392902798,-0.3080553403568539,0.9979735181443845,0.06363063006540043,0.9959224742452755,-0.09021322127697594,0.9991433176518415,0.04138394364570945,0.011037325736548942,0.9889626742634511
2022-02-11,58.93401460158941,60.08253310566871,58.82003498952731,59.670467376708984,4301500,0.0,0.0,0.0017214893029618313,0.0010526010721815255,0.006967102011318161,0.018183852427580253,0.035395529080972404,0.02963708913543886,0.03735773781792542,0.02215130249087623,0.013767946443586426,0.02530575442339562,58.729764007411866,59.83558965967622,52.0917162523721,0.010176883945265797,8.135799407958984,1.0,0.85919189453125,0.0,0.0,0.8083245738462994,0.9939744454997806,-0.10961205085848699,0.9976468602723321,0.06856195875817625,0.9992948856463335,-0.037546391585361986,0.9987860800127268,0.04925816046921441,0.4041622869231497,0.5958377130768503
2022-02-14,59.854596485431834,60.038716417112376,58.40799147981217,59.293487548828125,3001300,0.0,0.0,-0.002452455326228218,-0.00025451254430493194,-0.00221101759700228,0.018956829635148227,0.03712516078304075,0.028569788355335635,0.034201696103481276,0.02247988406527993,0.01009706432805832,0.02577723454487347,52.92016683256554,52.26236805780905,45.05241526407111,0.0070558909329948355,7.758819580078125,-1.0,-0.3769798278808594,0.201632386128054,0.0006753505735252609,0.1925111467370014,0.996487567654828,-0.08374083537536751,0.9979528017619618,0.06395471409873342,0.9958026642174181,-0.09152624725996315,0.9994506157519752,0.033143124068159835,0.0034958477063731165,0.9965041522936269
2022-02-15,59.34608665149339,59.59157093601308,58.56579445186505,58.74113845825195,2688500,0.0,0.0,0.001208446044911908,-0.0033481764142497196,-0.004191841448164266,0.01901562387569083,0.03805482087106745,0.03052252709677002,0.0369995861723914,0.01916113685144447,0.009509692615129498,0.02557394523739632,46.62078275670711,58.75538135849935,38.26227909261964,0.006261636542146114,7.206470489501953,-1.0,-0.9293289184570312,0.0,0.0,1.1699264519958577,0.9868266055067555,-0.16178149048644064,0.9985055709277751,0.05465002128268409,0.9982822267649732,-0.05858835827335081,0.9993203842897398,0.03686149132911999,0.5,0.5
2022-02-16,58.697306020159786,59.293485076561566,58.05729430147524,58.530731201171875,3060600,0.0,0.0,-0.0043602013617157764,-0.0025073450730425046,-0.0017941835300412136,0.019229437969827675,0.03998745388473431,0.032844697012373886,0.040397081357613426,0.01934138925953968,0.009015482359155268,0.02557932291429171,40.007580925602504,49.73164492097421,31.884592593619846,0.007102741003660375,6.996063232421875,-1.0,-1.1397361755371094,0.0,0.0,1.7596582240900887,0.9834820160538058,-0.1810058675809758,0.998847697762872,0.04799246476073399,0.9942032229735868,-0.10751721457019092,0.9997833157568633,0.020816376587006743,0.5,0.5
2022-02-17,58.627172187988045,59.679249723804375,58.41675132966811,59.43376541137695,3177000,0.0,0.0,0.0030861556001173006,0.003242462635578771,0.007655135537695459,0.019101898112514507,0.04016518087559166,0.03379096118254015,0.040544957204878704,0.015062836028235634,0.012464421713157522,0.026533805978228357,48.22869856940487,57.579802850590895,41.751697809656264,0.007486622166221548,7.899097442626953,1.0,0.9030342102050781,0.08767878779129745,0.0001232066448489722,0.6277688184553499,0.995328318701425,-0.09654811231191628,0.9985112255379525,0.054546608278574514,0.9981372470907206,-0.06100849096771455,0.9505085448312965,0.31069841680106963,0.31394601255009946,0.6860539874499005
2022-02-18,59.18827318312404,59.95102695344932,59.17950397629704,59.74938201904297,2942400,0.0,0.0,0.0060072364692072555,0.0021040519438081298,0.002452615645967837,0.018566113704153068,0.03602423248115149,0.030960880807795826,0.038746751193908316,0.02036251023854135,0.013383818730918583,0.022437492088120226,55.13715576343918,63.87563261321337,49.80068888665025,0.0069706067880339374,8.214714050292969,1.0,1.2186508178710938,0.0,0.0,1.1432728820941165,0.9987941595803119,-0.0490940606209992,0.9982087639434465,0.05982694699294554,0.999983919216396,-0.0056710941286950405,0.8856606164889784,0.4643331480740554,0.5716364410470582,0.42836355895294176
2022-02-22,59.68801409244805,60.12638081165414,58.67100009319618,59.03922653198242,3654300,0.0,0.0,-0.004314821452108629,0.0014603401378204628,-0.005978313036266445,0.019208125700239848,0.03661855588831479,0.0277727860359371,0.03956606022563448,0.02121750706097783,0.013776515234454454,0.025055091028113076,61.00509709714136,54.47694448090271,42.84170756974057,0.008554217969726616,7.504558563232422,1.0,0.5084953308105469,0.0,0.0,0.19905141656268438,0.9997555654544629,-0.022109033059524323,0.9981593730024265,0.06064541274822675,0.9995727723759432,-0.02922794424298113,0.9828491643650592,0.1844112797713437,0.09952570828134219,0.9004742917186578
2022-02-23,59.179499466931446,59.31978000969454,58.74990201037224,58.83757400512695,2849700,0.0,0.0,0.0005240069990638346,-0.005266006593101593,-0.001334044366947076,0.018589075526215765,0.03702689227930367,0.030733254137328515,0.041257462851205365,0.021116917848905122,0.018527217565502747,0.02316984678825236,52.61602710798487,60.86393382544688,37.07688324522636,0.0066479746564446695,7.302906036376953,1.0,0.3068428039550781,0.42960196592480315,0.0034605178569506014,0.07248084022224996,0.7972335195987218,-0.6036710322917893,0.9988967623594882,0.046960176189320725,0.999774050443399,-0.02125671799690458,0.9870451252454923,0.16044288930678904,0.03797067903960028,0.9620293209603997
2022-02-24,58.61839375384507,58.758667615034355,56.505463117827944,57.4786376953125,4956500,0.0,0.0,-0.01947361747583528,-0.004752030586000629,-0.011683120434787328,0.020567492477466406,0.0539499448647329,0.037129197992264266,0.05231600349280568,0.0454577757190723,0.02023448423296523,0.03349187409885727,45.23749754539854,50.097537729291766,31.270740807505618,0.01129580098218534,5.9439697265625,-1.0,-1.3589363098144531,2.1655369753682336,0.13273273072314368,2.0,0.8640115642464067,-0.5034719623260838,0.9994492342075024,0.03318475918304787,0.9667632530324943,-0.2556732535601434,0.9998483579392557,0.017414394223572313,0.062235988978393046,0.937764011021607
2022-02-25,57.66275117748368,59.65293968616044,57.60138010874159,59.609100341796875,3892500,0.0,0.0,0.007542572271402929,0.005931013357151784,0.014289466633068534,0.02102122796642952,0.05681810694491308,0.03674159419690448,0.05195367024944213,0.051128693004042235,0.025739733344961616,0.05064095712060205,52.42228521860634,58.94440911136344,41.82484337267835,0.009199763090412729,8.074432373046875,1.0,2.130462646484375,0.33315967646589684,0.0017024754592152049,2.0,0.9917443305008867,-0.12823097488262325,0.9990140501235558,0.04439513099124201,0.9980677179389104,-0.06213558085522057,0.7440719938949578,0.6680994446197227,1.0,0.0
2022-02-28,58.73237628731697,59.346093761083885,58.45182183012079,59.118141174316406,6353700,0.0,0.0,0.007328033239679365,-0.00257855812931947,-0.0041351854992254435,0.021080080977530013,0.05656374900402293,0.03586592375256163,0.04779611916450653,0.0518017204534823,0.025383226456885673,0.05088133387063563,45.347176323513374,65.79087492727892,35.67758351525508,0.014893025411824452,7.583473205566406,1.0,1.6395034790039062,0.0,0.0,1.4555478244322708,0.9711936466117791,-0.23829162969125595,0.9992671546961276,0.03827732416856453,0.9995389046789853,-0.03036409117912502,0.7892015003711964,0.6141343434557723,0.7277739122161354,0.2722260877838646
2022-03-01,58.653476166210645,59.20581589782986,58.23264111668206,58.58333587646485,3474400,0.0,0.0,-0.0010271702108560778,-0.0006470438283838458,-0.0024846596037788778,0.02093961188030138,0.0556485820461512,0.036402626855380156,0.04763971820983125,0.05130476719485296,0.024634253716963872,0.05026542634046323,39.32770503949264,55.98802401536354,30.724431960530097,0.0080702942426576,7.048667907714851,-1.0,-0.5348052978515554,0.0,0.0,0.10640614672940868,0.9850454565381738,-0.17229465619542841,0.9993901159635475,0.034919852725449556,0.9992564993204403,-0.038554488271263954,0.9117725017440134,0.4106956355544374,0.5,0.5
2022-03-02,58.34661570953833,59.40746241657322,58.02222191425171,59.144439697265625,3108200,0.0,0.0,-0.00161921075967838,0.0015208506195754114,0.00426376664195134,0.020932411637175963,0.05609479533822518,0.03610292667273917,0.047046408918525434,0.05120086208788118,0.021266248577354943,0.05132074566639979,46.7686280101244,48.58057822426511,39.8377091755325,0.007288838593580848,7.609771728515625,-1.0,0.02629852294921875,0.061368655489332014,6.503542135793894e-05,0.00241808360605109,0.9981060668362276,-0.061516496525046004,0.9993653829297455,0.03562065975923474,0.9999956921301701,-0.0029352548614929946,0.961549096812729,0.2746330905383127,0.0012415595137045144,0.9987584404862955
2022-03-03,59.30224790913935,60.31049267849097,59.118134693875255,59.85458755493164,3754300,0.0,0.0,0.009355552700678001,0.00754298101066529,0.005967677837911932,0.02062954754430422,0.05457298489591584,0.03523011632156299,0.04526903793212181,0.02628045648584976,0.02131910100292052,0.04154464278856481,53.85476971598498,55.67895790632492,48.211889905061774,0.008909675177882902,8.31991958618164,1.0,0.7101478576660156,0.0,0.0,1.7632186095867701,0.9999999013277405,-0.00044423474565578256,0.9922995636769427,0.1238611154743449,0.9999871377898301,-0.0050719084084155375,0.7686714782749338,0.639643774679804,0.8816093047933851,0.11839069520661494
2022-03-04,59.02169784833348,60.2140559211439,58.85511634598704,59.723087310791016,4240400,0.0,0.0,-0.0022294744407725196,-0.0008001420330343895,-0.0010997056456256617,0.020823473007266436,0.048893382275840155,0.030698512860483595,0.041338592849892386,0.02547809124395714,0.01790187926979475,0.022034394380900227,46.51552517302286,48.00960947164313,41.50403325881627,0.010041174880855704,8.188419342041016,-1.0,-0.131500244140625,0.0,0.0,0.03428905812591187,0.9973548435895768,-0.07268642217368196,0.9964229702861339,0.08450600148012168,0.9999780543793174,-0.006625010170179574,0.9538758226365766,0.30020145734055725,0.5,0.5
2022-03-07,59.27595418972767,59.85459483826239,58.53073203089772,59.328556060791016,4374100,0.0,0.0,-0.0027634022292690797,-0.0029937963040977096,-0.0033139504741534357,0.02105852948824227,0.04841985020755077,0.029048273114073552,0.041077855302001885,0.023114057549676652,0.018323806828107914,0.021276351634770437,40.319632769659606,41.411872827024155,35.7551461592192,0.010289350025001337,7.793888092041016,-1.0,-0.526031494140625,0.0,0.0,0.5486885922152286,0.985002501129852,-0.17254006134210093,0.999666651043496,0.02581834215206763,0.9998221307188371,-0.01886019418894413,0.9916232976761932,0.12916359977095676,0.5,0.5
2022-03-08,59.05676258337595,59.36361793675219,55.865453530372974,55.90052032470703,6768800,0.0,0.0,-0.023298665837920066,-0.004118304494605702,-0.029749745842060867,0.025223381779210276,0.0626966311176692,0.029567890073694286,0.06420415105747752,0.05293047161052668,0.02073623763165019,0.06504694720686044,34.890506664241094,33.938115453084905,28.202582763721132,0.015002477619887862,4.365852355957031,-1.0,-3.9540672302246094,0.0,0.0,2.0,0.977947585665848,-0.208850472085506,0.9995647251908386,0.029501866960638758,0.9394323615582298,-0.34273435494144333,0.9999943055854833,0.0033747291161049225,0.5,0.5
2022-03-09,56.531772151037785,57.32959606080116,56.11970638589788,56.20737838745117,3761200,0.0,0.0,0.0012615954385581454,-0.009685560614454655,0.0015209539736459215,0.025109918787041545,0.06832827415843969,0.04559907145565034,0.07540905392907153,0.05444001384314157,0.040247262641933575,0.06368482494523739,27.60373339462468,46.74147676066123,44.505431047275245,0.008382145826898571,4.672710418701172,-1.0,-3.6472091674804688,0.0,0.0,2.0,0.8945771603441393,-0.44691353099969583,0.9999720291685349,0.007479363646917183,0.9689731522037817,-0.24716599747592086,0.999978898812162,0.006496301287349094,0.5,0.5
2022-03-10,55.90929350164344,56.049570722358006,54.79584159901473,55.32188034057617,3560300,0.0,0.0,-0.011298254890878146,-0.010686745635407106,-0.0075155186829297385,0.025512060188006752,0.0828120608371797,0.06887036223699951,0.09117406941596617,0.04555461195348593,0.030781159110514336,0.05736806006172219,20.04125175557494,36.439057584989335,33.8052475677285,0.00780942363416277,3.787212371826172,-1.0,-4.532707214355469,0.0,0.0,2.0,0.8698095940481787,-0.49338754554786085,0.9999966004932567,0.002607489583890515,0.9415077761691265,-0.3369912571760075,0.9999118484450854,0.013277625508072025,0.5,0.5
2022-03-11,55.30434007699407,55.90051566464398,54.53281380992914,54.59418487548828,3535500,0.0,0.0,-0.0023890865033227263,-0.0013221676633736195,-0.006574348814506071,0.025794974752860644,0.09793936394175934,0.08604904745190899,0.11019315921748109,0.0454520465906311,0.030231305751129877,0.05512677939340559,14.43413372591999,28.30449985171447,25.557426552924127,0.007653017084903203,3.0595169067382812,-1.0,-5.260402679443359,0.0,0.0,2.0,0.9030157088576463,-0.4296075296783363,0.9999993267298212,0.0011604050605106982,0.951686529202205,-0.30707124602453517,0.9999473886758562,0.010257674216705903,0.5,0.5
2022-03-14,54.953653281912466,55.56736736992073,54.49775148351983,54.85721206665039,3156200,0.0,0.0,-0.0002870821159628793,-0.0026680963904233686,0.0021453245973660274,0.025230357430446968,0.10899177384781869,0.10082711027382324,0.12122793486423344,0.04699483066437374,0.03023502128556482,0.059106572244256306,10.54666602560786,22.10916746120701,43.047026786226255,0.0068648919012426445,3.3225440979003906,-1.0,-4.99737548828125,0.0,0.0,2.0,0.9130952940866014,-0.4077462248959552,0.9999996300286117,0.0008601991860877165,0.9603410086527521,-0.2788281676943969,0.9999503512256847,0.009964691848210664,0.5,0.5
2022-03-15,55.37449109121154,55.66381476914011,55.02379633211141,55.479698181152344,3143200,0.0,0.0,0.004783333918699528,0.0008635181464882257,0.005618447800364079,0.02420380170436155,0.11515968636957535,0.11113662685411387,0.12689667794811282,0.028728990903557315,0.034333436838354006,0.027305058601321004,33.26120580836855,37.955262434085114,55.49159301069113,0.006914193997794369,3.9450302124023438,1.0,0.6224861145019531,0.0,0.0,0.015515842839489606,0.9352266938911722,-0.3540494754033504,0.999998645789179,0.0016457277442675227,0.9772267657823502,-0.21219766313173125,0.9998942299219732,0.014544035504087005,0.007757921419744803,0.9922420785802551
2022-03-16,55.52353192887099,55.567367933214655,54.27856866977983,54.92735290527344,3631300,0.0,0.0,-0.0068180378559849555,-0.0008670845133737263,-0.005002807976879436,0.024376944202606974,0.12353783397254607,0.12046732646618763,0.13499359758568086,0.028485891379652593,0.02132389789549909,0.02673672438861406,25.288634642977986,30.291529807542616,43.81652934464702,0.00790835679079065,3.3926849365234375,-1.0,-0.5523452758789062,0.21918281373999804,0.004173745219507035,0.7873393389642437,0.9405790142626916,-0.3395749076840385,0.9999996202286178,0.0008715174239569177,0.9686530641422122,-0.24841747387795277,0.999968118701319,0.00798508490529602,0.005273122204683726,0.9947268777953163
2022-03-17,54.89228175239624,55.69010905684965,54.699399323471454,55.42708969116211,3712800,0.0,0.0,0.0038616122271401218,0.0011032168529757002,0.004528470029214877,0.023708369546475483,0.1288114618775965,0.1276278314689724,0.13953335940128608,0.021237459667694625,0.00753536370824727,0.02517851963657482,41.76494502284987,43.77267903143873,54.57971669625613,0.0081594161977313,3.8924217224121094,1.0,0.4997367858886719,0.026294287709539788,4.563342293440442e-05,0.8185804169240652,0.9479295348329468,-0.31848013594476043,0.9999979412163322,0.0020291779362716015,0.976714954858998,-0.2145411311492169,0.9999212323593044,0.012551058801949129,0.4093130251734998,0.5906869748265002
2022-03-18,55.45339043215734,55.488460572653494,54.06814998281349,54.71693420410156,7789800,0.0,0.0,-0.005803655085400464,-0.0018137351907668794,-0.006447517186550549,0.02415474149910205,0.13494424061201232,0.13335375509374137,0.14382253742010317,0.023936871784301136,0.007812205860776922,0.024945907274996452,33.161578755647156,35.73574401537082,44.725223437888964,0.01689987601694056,3.1822662353515625,-1.0,-0.7101554870605469,0.21041868696634225,0.0043721554103051,2.0,0.9896990058806386,-0.14316381441857326,0.9999999817081092,0.00019126887134646997,0.9731824995902469,-0.23003439414852508,0.999981418681988,0.006096088152134972,0.0021813091937560357,0.997818690806244
2022-03-21,55.0062600028695,55.5322987530431,54.45391697405626,55.07639694213867,4519300,0.0,0.0,0.0020623001388487172,0.00022908317317564615,0.0018994277574204755,0.023681567798809564,0.13417115444308458,0.13621394038882886,0.1432818111914694,0.025569180530205474,0.005543646265600377,0.02538314545200907,46.02812589635378,46.75594909792203,54.13808799571277,0.009868977255660343,3.541728973388672,1.0,0.3594627380371094,0.0,0.0,0.25621282324347633,0.9984189327845527,-0.05621062761929309,0.9999998379064196,0.0005693743361537003,0.9813564463199577,-0.19219657974652948,0.9641440545408595,0.26537943042653506,0.12810641162173816,0.8718935883782618
2022-03-22,55.08516660378347,55.392021986501305,54.23473405100428,54.95365524291992,5658200,0.0,0.0,-0.0020166127832559454,-0.0012646168631599915,-0.0011155288648987624,0.023543381916636453,0.13461131366882798,0.13712199198630884,0.14425728795794934,0.022511516441629978,0.005392509115699318,0.02174084077652062,37.79769008811009,39.21992061880602,45.67984896655535,0.012328502693441922,3.418987274169922,-1.0,-0.12274169921875,0.0,0.0,0.11659408178355656,0.9974373318214442,-0.07154557351030333,0.999998559381205,0.0016974202528229076,0.9814580435056388,-0.1916770952359294,0.9981971823285899,0.060019873302631775,0.5,0.5
2022-03-23,57.25069994019759,58.136195954742654,55.96190063139062,56.31259536743164,7668400,0.0,0.0,0.015673496612345024,0.024171734728202852,0.01221340808248005,0.02537097250446803,0.12877799039084015,0.1348872361593189,0.14144172638021563,0.0363563928868031,0.04942898743610319,0.031000586882653714,47.5222053104678,47.44235212165039,52.80833980997636,0.017121655619966886,4.777927398681641,1.0,1.3589401245117188,2.603897201699553,0.2970082939671826,2.0,0.9948702398460417,-0.10115930935252274,0.9283584926538094,0.3716860356773534,0.9959808863271497,-0.08956603190375995,0.9241824812696745,0.3819512289733178,1.0,0.0
2022-03-24,56.540536904217,58.434284319571624,56.47916583180894,58.180030822753906,5427200,0.0,0.0,0.003255812403886161,0.0018097871765711466,0.011543543680915765,0.025407414184746575,0.12876463734745588,0.1343241200882645,0.14261654939712665,0.036468275301441415,0.04901034315065767,0.0419113836142006,54.746613427279115,53.27139950891687,58.18181556866113,0.012519449377430042,6.645362854003906,1.0,3.2263755798339844,0.0,0.0,2.0,0.9968884736318366,-0.07882493983497257,0.9447528103976502,0.3277836592109824,0.9981467270529101,-0.06085319444009048,0.93446137482159,0.3560645151746294,1.0,0.0
2022-03-25,58.42551873581356,59.47759623918361,58.302776583385246,59.08306884765625,4047200,0.0,0.0,0.011847791814647814,0.006598351443721514,0.005742797572243393,0.024800698456874996,0.13119106271229025,0.13369217222264865,0.14026598814966024,0.035477613372418976,0.0463735413837189,0.03097118384102548,60.762764466322245,58.39502985472021,62.88844465740236,0.0094809786066207,7.54840087890625,1.0,4.129413604736328,0.0,0.0,2.0,0.9994576930138173,-0.03292901267117077,0.9286289419085965,0.37100982230895263,0.9999104665345568,-0.013381289722779424,0.8813644379221481,0.47243700909875375,1.0,0.0
2022-03-28,59.04798657488139,59.1181268444153,58.19755420137948,58.61838912963867,2807400,0.0,0.0,-0.0006265137397940259,-0.002102531554133208,-0.002738555228632024,0.024333527421671,0.13012930097024458,0.13300618191114885,0.13841817525746747,0.03893371319173601,0.04921146976475534,0.03854651420963988,52.82795878259906,50.696597426877716,54.70576838283916,0.006524896548115507,7.083721160888672,-1.0,-0.4646797180175781,0.0,0.0,0.012662826771889445,0.9684045987084755,-0.24938430824788596,0.9436142120737808,0.33104715490754155,0.9998577565101866,-0.016866142013408646,0.8969084896353295,0.4422161928514966,0.5,0.5
2022-03-29,58.898951089426,59.328548589887184,58.63592838933827,59.319786071777344,2568300,0.0,0.0,0.003432567673763335,0.0016252089284665195,0.0054406516547417455,0.0231833725378567,0.13189514726031104,0.13338481986151135,0.1412367617524577,0.03389776053303698,0.04722300318579831,0.03415223150922631,59.551722899449665,58.13295308357763,61.41762237683433,0.0060406098029073,7.785118103027344,1.0,0.7013969421386719,0.0,0.0,2.0,0.9984674398271765,-0.05534231297085275,0.9472733033887446,0.3204267290457763,0.999968244157759,-0.007969358571962983,0.8996447277652606,0.4366226789851508,1.0,0.0
2022-03-30,59.2145709794004,59.58279737929837,58.741134169983894,59.56526565551758,2966300,0.0,0.0,0.0008963061295937213,0.0021381373437407,0.002064848188848241,0.022447991765343966,0.13486527831521106,0.13399685207751477,0.14310606841801082,0.0293135504201952,0.018913535687489363,0.03338723876500171,65.6703741770537,64.91019614565491,67.56034992844872,0.007005572146554277,8.030597686767578,1.0,0.9468765258789062,0.0,0.0,2.0,0.9995688384742654,-0.029362172113246557,0.9996385136880159,0.026885720217513648,0.9999830904435747,-0.005815395680210491,0.9126012294668969,0.40885082362092423,1.0,0.0
2022-03-31,59.49512907328669,59.97733511897954,59.35484851855966,59.37238693237305,3027300,0.0,0.0,0.005196741960260645,0.003299910525666673,-0.0016216792491511537,0.021661169008090744,0.1362118202336094,0.13241475804686503,0.14072973175881434,0.02931273822890716,0.01899121643793028,0.02197479046003871,71.06772515092943,70.86938101812221,56.822015166337366,0.007126485817646406,7.837718963623047,1.0,0.753997802734375,0.0,0.0,2.0,0.9999113016637626,-0.013318738869723639,0.9950470461125156,0.09940511064707569,1.0,0.0,0.9051269153542719,0.4251414671627088,1.0,0.0
2022-04-01,59.54773951205954,60.40694131113008,59.14444289255981,60.36310195922851,2380600,0.0,0.0,-0.0013962801472321173,0.0028062847360436163,0.006506640721185258,0.02127775416694388,0.13769883629578292,0.13339569695606115,0.14436640824045607,0.013338931327905675,0.011941616101667529,0.022731576865219635,75.68050189850126,58.88458371930742,63.83374154584817,0.005697619383299271,8.828433990478509,1.0,1.7447128295898366,0.0,0.0,2.0,0.9999284755044248,-0.01196009512491421,0.9893668685679712,0.1454413950015845,0.9999976971764619,-0.00214607590107472,0.9280004273093452,0.3725791283924432,1.0,0.0
2022-04-04,60.17021223651889,60.24912172260965,59.2759470908098,60.04747009277344,2542000,0.0,0.0,0.0011104861102759404,-0.001308012084534039,-0.002621296959861286,0.021154978381623085,0.14127902665063147,0.13517571255677543,0.1478447361665359,0.012128370146971804,0.008691180130154056,0.02104644636199169,63.840791272696684,65.78565196776876,53.529822169627536,0.006052094712779615,8.512802124023438,1.0,1.4290809631347656,0.07890142774986231,8.590622732755926e-05,2.0,0.9999976414902217,-0.0021718687791766997,0.9950259844652319,0.09961571281176466,1.0,0.0,0.9382885249990971,0.3458535005678253,1.0,0.0
2022-04-05,59.9247252930547,61.283664710078256,59.915956086334354,60.634883880615234,3335800,0.0,0.0,0.005369567717811888,0.008512460035149414,0.004867437272323391,0.021064779865521972,0.1514104435874892,0.14421300919713156,0.15712262741740368,0.013731531059320236,0.01578149017146958,0.020233857494100428,69.46643034464192,71.35882566285608,60.830794177583044,0.008019697916954109,9.100215911865234,1.0,2.0164947509765625,0.0,0.0,2.0,0.9999998091128307,-0.0006178788733067025,0.9805807680585175,0.19611567329963178,1.0,0.0,0.9354806824776928,0.35337783279525353,1.0,0.0
2022-04-06,60.71379707222956,61.42394909246728,60.415710882135805,61.1346321105957,3944800,0.0,0.0,0.00415314445807851,0.0011432410593100162,0.0041040503931750825,0.020578264090247964,0.16248593813306828,0.15449770140930083,0.16730046683348626,0.013778328336238311,0.016248067915177453,0.020577527611276094,74.07925984515437,75.92773384897522,66.88824682777995,0.009561978168900568,9.599964141845703,1.0,2.5162429809570312,0.0,0.0,2.0,6.123233995736766e-17,1.0,0.9827098961342748,0.1851519917250761,1.0,0.0,0.9353647869529705,0.3536844855636505,1.0,0.0
2022-04-07,61.267103609144115,61.73519484221678,60.940319758589546,61.60271453857422,3256100,0.51,0.0,0.0035681821513058065,0.002085976986878755,0.003147881332745278,0.019884855344326154,0.17082816468566747,0.1612531203236251,0.17482254658146673,0.013116680305577062,0.01626053823004322,0.01766668075757689,77.74900010332564,79.52740917982202,71.67781987261307,0.007953037667238639,10.068046569824219,1.0,2.984325408935547,0.0,0.0,2.0,6.123233995736766e-17,1.0,0.9803503956195427,0.19726404084020494,1.0,0.0,0.9304662743511056,0.3663775543004417,1.0,0.0
2022-04-08,61.77053267370353,62.2032954417543,61.249445197772495,61.973663330078125,4041000,0.0,0.0,0.002529879972298402,0.0037768783407398088,0.003001777507171983,0.019453360408588593,0.17642871947895525,0.16698159895812914,0.1777590177256618,0.007500052355440997,0.016309338381518032,0.013471213544260433,80.61423672489552,82.36771386316808,75.46578538486874,0.009929593604003596,10.438995361328125,1.0,3.355274200439453,0.0,0.0,2.0,6.123233995736766e-17,1.0,0.9766000372847485,0.21506363517672575,1.0,0.0,0.9326619826696122,0.36075147412420644,1.0,0.0
2022-04-11,62.40642516203601,62.671379038407046,61.76169126023265,62.27394485473633,3154600,0.0,0.0,0.0032507954743381156,0.0029262033391049785,0.0018866703471891024,0.01902014894335313,0.18102658736856844,0.17037607662018597,0.17968721343462146,0.0045461648163974905,0.01240774888261506,0.004275370252564748,82.66806018698726,84.4842055069822,78.2634287694186,0.007789079417511118,10.739276885986328,1.0,3.6555557250976562,0.0,0.0,2.0,6.123233995736766e-17,1.0,0.9728320872388884,0.2315118356335762,1.0,0.0,0.9303509514420659,0.36667029761195924,1.0,0.0
2022-04-12,62.07080110889723,62.64487788940501,61.64687225496028,62.20328140258789,3677300,0.0,0.0,-0.0009303973889805303,-0.0002114741506946136,-0.0005676817701766525,0.01882764915324498,0.1837479970533424,0.17047378008624434,0.18066795486662682,0.009997210747714032,0.00772115003637485,0.00835279313387258,73.74681355408336,75.0659751404256,70.46486440084186,0.009069384461563941,10.66861343383789,-1.0,-0.0706634521484375,0.0,0.0,0.00037366539806102194,0.999689969010627,-0.024899113629435667,0.9705835944286529,0.2407643790637564,1.0,0.0,0.9223152127491164,0.3864384146685629,0.5,0.5
2022-04-13,62.02664196017943,62.485899315416205,61.67336344325954,62.424076080322266,3104600,0.0,0.0,0.00018136090944079525,-0.0010726327342320096,0.0014957251812444834,0.01835072200472719,0.17959896114770643,0.1659241536344196,0.17647316751145822,0.010515853421658417,0.010409244196800728,0.007441075402187594,65.94050288012012,77.57901120597028,73.4311146421987,0.007684103953898321,10.889408111572266,-1.0,0.1501312255859375,0.0,0.0,2.0,0.9954652877054778,-0.09512550117318805,0.9727301751368319,0.23193966107215985,1.0,0.0,0.9168781274976532,0.39916725732003266,1.0,0.0
2022-04-14,62.70670824105875,62.918672692071056,62.30927405313214,62.63605117797851,6956500,0.0,0.0,0.005129029537632721,0.003451017532510791,0.0016949854626201269,0.017677231759148364,0.17694186082177746,0.1603431683444155,0.17232181381917605,0.011463987967035377,0.01092144042118512,0.006061903940226071,69.73544509759947,79.99366839134142,76.23513825067491,0.017276295149079232,11.101383209228509,1.0,0.2119750976562429,0.0,0.0,2.0,6.123233995736766e-17,1.0,0.9960215786842841,0.08911237172955562,1.0,0.0,0.9047547248913094,0.42593296161115674,1.0,0.0
2022-04-18,62.66254713432882,62.97167010687595,62.326936185387,62.56539535522461,2860700,0.0,0.0,5.827475064237935e-05,0.00017311862568733207,-0.0002320706068106801,0.01716917811363294,0.16588357842830928,0.14945276535498844,0.15915974855722206,0.01211909159294554,0.010064883586195547,0.006315927463775917,73.06182820285814,82.1647414895955,68.50131890977559,0.007096463353923469,11.03072738647461,1.0,0.14131927490234375,0.0,0.0,2.0,6.123233995736766e-17,1.0,0.9965516205584342,0.08297510206296044,1.0,0.0,0.90918454223489,0.4163934055207089,1.0,0.0
2022-04-19,62.618380028998466,63.41325501293755,62.5477229774867,63.34259796142578,3297400,0.0,0.0,0.0017680672250062369,0.003493968174155068,0.00617278209054256,0.016723213951455276,0.1532852466663785,0.13550299779566005,0.14659171664607842,0.010575582290040476,0.009754308608479444,0.012304720858383125,75.99298667969259,84.12671991032866,71.82328302693185,0.008281384717119061,11.807929992675781,1.0,0.9185218811035156,0.0,0.0,2.0,6.123233995736766e-17,1.0,0.9870433441117079,0.16045384646301397,1.0,0.0,0.9145068033681991,0.4045705211619823,1.0,0.0
2022-04-20,63.40443067818478,64.41127022899057,63.40443067818478,64.32295227050781,2944800,0.0,0.0,0.0060745098917448295,0.00697279898250889,0.0068579373219159155,0.01647875000524936,0.1363305172485479,0.11815545968850542,0.1311681715201062,0.013463688230963949,0.01552593162261917,0.015372560284016923,78.73381081406679,85.94651958456451,75.08300819616203,0.007510299024814497,12.788284301757812,1.0,1.8988761901855469,0.0,0.0,2.0,6.123233995736766e-17,1.0,0.9545725982417625,0.2979784466802432,1.0,0.0,0.9095814495640163,0.4155256750298624,1.0,0.0
2022-04-21,64.34945193776322,65.17965563551144,64.1286536554454,64.64090728759766,2728600,0.0,0.0,0.005261789945939892,0.0054939991214070505,0.002284450386862415,0.016387793795002933,0.1315687427199872,0.12190956912475387,0.12242115953464341,0.012602734532077947,0.012519118474745239,0.01507594349746464,81.38011182733568,87.70880471663386,78.04035966767988,0.0069933098931945,13.106239318847656,1.0,2.2168312072753906,0.0,0.0,2.0,6.123233995736766e-17,1.0,0.9368133397315141,0.3498296249620472,1.0,0.0,0.9099201968178524,0.4147833596263967,1.0,0.0
2022-04-22,64.6850627979336,64.84403783047797,63.98733941833489,64.03150177001953,3399800,0.0,0.0,-0.0011030179271149453,-0.002581204979546694,-0.004736100940686081,0.01631772997815691,0.1243821028380131,0.12107983573282328,0.11907343663069528,0.01542179557121792,0.01867364942061945,0.022541914399014425,71.10118654241596,76.77401487258344,68.7523253560996,0.008631425223460264,12.496833801269531,-1.0,-0.609405517578125,0.0,0.0,0.07556966742140839,0.9406908375443505,-0.3392650116945577,0.9599545866098848,0.28015565610325516,1.0,0.0,0.9139174790623363,0.40590003875873665,0.5,0.5
2022-04-25,64.03150115846337,64.36711211808331,63.077650972307225,63.76654052734375,3814300,0.0,0.0,-0.007159237514841545,-0.0036910569450432367,-0.0020732809197441665,0.016659537443158793,0.12102221124191428,0.12045875380402299,0.11686367139547844,0.025193919793590997,0.022868661544461072,0.023643382114250665,62.86294153719624,68.13549690750995,61.24653230075675,0.00964368817808568,12.23187255859375,-1.0,-0.8743667602539062,0.0,0.0,0.15556862932857568,0.9187011199355818,-0.3949534810950623,0.980698427219007,0.19552645562727825,1.0,0.0,0.934366256719002,0.3563140444957511,0.5,0.5
2022-04-26,63.89018856066205,64.16398301626089,62.71554680464433,62.73320770263672,3812200,0.0,0.0,-0.0028769823335737335,-0.0015795186908320416,-0.00816415785573376,0.01737358509878862,0.11373601011829707,0.11488345852450657,0.10702968274360107,0.026354817291745422,0.023662089843632786,0.027734082485351405,55.85268792813993,61.19826570405069,55.18962782702232,0.00948218942324417,11.198539733886719,-1.0,-1.9076995849609375,0.0,0.0,0.7405505644668241,0.9420591014285267,-0.3354469397917901,0.9879010492539343,0.1550855147425954,1.0,0.0,0.9439159181205502,0.33018591659645136,0.5,0.5
2022-04-27,63.2366188263294,63.85485798269891,62.95399732971785,63.024654388427734,5876100,0.0,0.0,0.0018974408375236334,-0.0024146838945721116,0.0023175225862218595,0.01732922708862096,0.10746859018343646,0.10712689197891102,0.09991995416698879,0.021687149741200628,0.017321809217946557,0.020508551244739086,50.049345973137754,64.83393441811525,59.29571340444269,0.01468368658056778,11.489986419677734,-1.0,-1.6162528991699219,0.0,0.0,0.5315613315957837,0.9452070754416727,-0.32647141457561024,0.9937642895940819,0.11150128576644187,1.0,0.0,0.9704449729497614,0.24132251133397564,0.5,0.5
2022-04-28,63.47508207941046,63.84602151489384,63.10413590569937,63.82835388183594,3216300,0.0,0.0,0.0006519117272087147,-3.7874960085846e-05,0.0034678499395421384,0.01680797833794031,0.09998037687730031,0.09848687934449633,0.09441051071557645,0.01624955634093879,0.00602118032870343,0.02559014735695626,45.213594984880665,67.95476988982752,62.943922733464476,0.00813964848667103,12.293685913085938,-1.0,-0.8125534057617188,0.0,0.0,0.13435028028108523,0.9635589476421988,-0.26749608299685135,0.9948500996182613,0.10135718666939966,1.0,0.0,0.9801591963351474,0.19821188117678007,0.5,0.5
2022-04-29,63.56340005735462,63.74003595864333,62.38875177292436,62.46824264526367,2771500,0.0,0.0,-0.0049122280717450425,-0.0007158166536586023,-0.009279853359058862,0.017593322073362682,0.09281528119044556,0.08978473263090625,0.08284223048905717,0.018035220598912674,0.0062861690649488825,0.03177886848913969,41.05229731558808,62.23928128530455,57.305940306898485,0.006864511338067151,10.933574676513672,-1.0,-2.1726646423339844,0.0,0.0,0.9605503628623837,0.9721607290829264,-0.2343149948871241,0.9966078371426982,0.08229713813829191,0.9940662340036902,-0.10877647913827941,0.9608856942067867,0.2769452701685687,0.5,0.5
2022-05-02,63.72238962802675,63.75771816400463,60.86967267643345,61.36426544189453,4443300,0.0,0.0,-0.012324342967040254,0.00013868640654083212,-0.008915083934116217,0.019992273333074136,0.08421612832460319,0.08175255231311027,0.07832940821038768,0.025906301537513266,0.0047528843495752955,0.03420367603367321,46.40834734030222,56.02879596468749,51.31955806718678,0.01081077009806401,9.829597473144531,-1.0,-3.276641845703125,0.0,0.0,2.0,0.9844073871940315,-0.1759036555555914,0.9976785170574738,0.06809975478663677,0.9265673719373845,-0.3761288413044772,0.9806869947346348,0.19558378858778225,0.5,0.5
2022-05-03,61.284756989149486,62.1767837368344,60.9226513910452,61.51438903808594,3703500,0.0,0.0,0.0003625669486316019,-0.010463472578877373,0.0010183081613123848,0.01997520741959841,0.07518568084528117,0.07129947807695432,0.07059014236623799,0.02716135275261424,0.02394442785654033,0.033408512671121375,41.72396196768024,60.92760631313082,56.89337647335792,0.009032844191940196,9.979721069335938,-1.0,-3.1265182495117188,0.0,0.0,1.989100299935781,0.9510450668489838,-0.3090522299259656,0.9959854583786271,0.08951517579894588,0.955040095868769,-0.2964766690364899,0.9989498381652181,0.04581725471571238,0.5,0.5
2022-05-04,61.54972279820109,62.58305699895009,61.44373721162635,62.53889465332031,3012500,0.0,0.0,0.0034638718731295594,0.002648854699656062,0.006717702783944096,0.019545818790533662,0.0682463587413236,0.06603334938583494,0.06390108654059105,0.029551877706464873,0.027266441564072843,0.03887903328530308,47.73783334790926,65.45284384279493,61.90088374476877,0.007469864290393017,11.004226684570312,1.0,1.024505615234375,0.0,0.0,0.10737588346829371,0.9713134387335964,-0.2378028673828724,0.9952707101571754,0.09714017450690407,0.9842050921676222,-0.17703202125977743,0.9715943589527792,0.23665249132670874,0.05368794173414686,0.9463120582658532
2022-05-05,62.51239558914841,62.90100264130654,62.14145616930334,62.48590087890625,3169600,0.0,0.0,0.005645651704621231,0.002533753237406805,-0.00042386611542510183,0.01903333045318678,0.06266443961052781,0.06033997545547678,0.05941515149171065,0.03337539547374348,0.02865528989253308,0.03483926472691235,53.30626199875155,69.54179700129178,54.54712290709701,0.007852753208960919,10.95123291015625,1.0,0.9715118408203125,0.0,0.0,0.09655488708849452,0.9821316348801239,-0.18819524905718246,0.9999354962865457,0.011357960476229957,0.9976302067738152,-0.0688038555055944,0.941935228471241,0.33579461783183917,0.04827744354424726,0.9517225564557528
2022-05-06,62.23860876546853,63.157130249447434,62.23860876546853,63.05997848510742,2759600,0.0,0.0,0.000680056990826926,0.001768997428644464,0.003981161735164468,0.01855332730009014,0.059263052465075836,0.05547256627584971,0.05671227097574188,0.03181368938207909,0.02954334554227735,0.02879476878520552,58.35828586222456,73.20785253320034,59.97961964426619,0.0068997826414421,11.525310516357422,1.0,1.5455894470214844,0.0,0.0,0.24438038890384914,0.9886271929152769,-0.15038707866189818,0.9997508598026974,0.022320804729384826,0.9987858403695592,-0.04926301936821686,0.9621757255375083,0.27242957472779905,0.12219019445192457,0.8778098055480754
2022-05-09,62.83918582453697,65.1266525521713,62.6625431744971,64.91468811035156,6105900,0.0,0.0,0.003394159320743028,0.015352854894913559,0.014492787319439303,0.019447228527354317,0.05696642218837833,0.05726387401012598,0.06195571183049971,0.010048496948704664,0.0442688033536765,0.026709310471003212,63.31668134951766,76.47590723493947,65.32416030287192,0.015715496901260027,13.380020141601562,1.0,3.400299072265625,0.0,0.0,1.1828026746366611,0.9999944261691782,-0.0033388067592914797,0.9952628660026858,0.0972205099560787,0.9999900908274139,-0.004451768972055983,0.9651730806240496,0.26161216416421057,0.5914013373183306,0.40859866268166944
2022-05-10,64.65855082462328,65.34744020237233,63.15712560328441,63.36025619506836,3472300,0.0,0.0,0.0022354126199865903,0.0009623167490231244,-0.0068912407537035005,0.020970395305683023,0.05695182648376939,0.060741190754591785,0.06109044996450481,0.007973875139757135,0.026084194871288824,0.044862009441251086,68.06109402705809,79.34351095687857,56.9289675058094,0.008723075274287782,11.82558822631836,1.0,1.8458671569824219,0.0,0.0,0.3485611254296567,6.123233995736766e-17,1.0,0.9999576907553877,0.0091987335624309,1.0,0.0,0.9650075354189462,0.26222215120895354,0.17428056271482836,0.8257194372851716
2022-05-11,63.05999044547521,64.1286533176773,62.839192164320345,63.41326904296875,2656600,0.0,0.0,-0.0019305776875447247,-0.007201900426113578,0.00031993481079903275,0.020908677408123983,0.05565791511736884,0.058897939286596195,0.0598331281982351,0.014249207751646478,0.039243661320387736,0.042927551554029914,59.7269359778215,70.4656096078962,62.07606170372215,0.006679466341772905,11.87860107421875,-1.0,0.053012847900390625,0.0,0.0,0.00028750164578169983,0.758833115012315,-0.651285116950101,0.9988081235206595,0.04880914247494069,1.0,0.0,0.9809310703768082,0.19435594966300743,0.00014375082289084991,0.9998562491771091
2022-05-12,63.71353687239314,64.34943685453285,63.14829394120834,63.775360107421875,3218200,0.0,0.0,0.0024534323720776896,0.0017184528238208885,0.002846882357895222,0.020650251913065965,0.05461115651460133,0.05614996482186232,0.059502160256122504,0.01163034059321634,0.039267756722616134,0.04273511177760701,64.56210532067446,73.5458387700696,66.59519039882295,0.008137694938516168,12.240692138671875,1.0,0.362091064453125,0.00883166207607644,5.205625680580124e-07,0.013412621811086075,0.9452022182027098,-0.3264854770195407,0.9986090679919865,0.052725035079894664,1.0,0.0,0.9811128133582178,0.1934364171099198,0.0067065711868270666,0.993293428813173
2022-05-13,63.92550893833088,64.60557134327149,63.54573566677689,64.56140899658203,3366700,0.0,0.0,0.0031370201642359425,0.0019862314175945234,0.00612489230208954,0.020114337912539068,0.055892411442094884,0.05518935878735303,0.061824028219250496,0.011747462687483026,0.03926928353178419,0.04330360611625742,68.9306922149954,76.51118033374084,70.8939005433865,0.00861812668982089,13.026741027832031,1.0,1.1481399536132812,0.0,0.0,0.13485520825782146,0.9853397582388967,-0.1706035194059971,0.9982710661283962,0.0587782147642746,1.0,0.0,0.979009360504118,0.20381528903720117,0.06742760412891073,0.9325723958710893
2022-05-16,64.56140636809646,65.02067049734787,64.33177430347075,64.87935638427734,3379000,0.0,0.0,0.006146809058737083,0.0032022771638072615,0.002456315726809878,0.019344504642118836,0.06022604165859392,0.055090987525874345,0.06461897819865207,0.01430143567297913,0.023291382741949758,0.03151770581830246,72.98957102976469,79.5939416003293,74.98173332752448,0.008692209394913823,13.344688415527344,1.0,1.4660873413085938,0.0,0.0,0.21988608750937225,0.9982371594117455,-0.05935127268702255,0.9974718608751725,0.07106255527505691,1.0,0.0,0.9696906225480653,0.2443360320180913,0.10994304375468612,0.8900569562453139
2022-05-17,64.57024400682769,64.62323343325185,62.53007023075942,64.39360809326172,4173700,0.0,0.0,-0.0142020958257878,-0.003065605493558449,-0.003757539660197263,0.02070419924984586,0.06024198634504075,0.05476480016730002,0.06604810395209065,0.03583018207605453,0.023340421192885586,0.016257602845152593,63.263384842313755,69.18924394752992,64.20271535023593,0.010656128394777538,12.858940124511719,-1.0,-0.485748291015625,1.0156654360174713,0.006238655412419459,0.10977485567560256,0.9649653272862929,-0.26237743259521673,0.9985765259762887,0.053337808064509336,0.9999642204302204,-0.008459187867741223,0.9947101312627743,0.10272173461928252,0.05377524870948913,0.9462247512905109
2022-05-18,64.05798953559417,64.16397512520084,59.297579631968006,59.67735290527344,5645600,0.0,0.0,-0.026533308345303472,-0.0035660242441125345,-0.03801256273048424,0.02684419103056401,0.07742833061605699,0.05460428147531611,0.08374269316843101,0.06290697553675856,0.014009342036410586,0.08147920084533405,54.82526246968208,57.71871194158411,52.83513064575216,0.013358420513117008,8.142684936523438,-1.0,-5.202003479003906,0.0,0.0,2.0,0.9718526424555715,-0.23558956121212857,0.9994726697663489,0.03247125482833947,0.9972628634519077,-0.07393768443562171,0.9975266538552249,0.0702892228467374,0.5,0.5
2022-05-19,58.55569984465716,58.917805478504704,57.451708571102,58.40555191040039,4364700,0.0,0.0,-0.012223382829264173,-0.03295284033203963,-0.008326767268471391,0.028191446312908146,0.10370124558526934,0.08896306711225258,0.10571441695808381,0.06151476779881479,0.08562849308473099,0.07852434366004908,43.40413462644041,45.43219379165055,41.76828052756559,0.010107505492320258,6.870883941650391,-1.0,-6.473804473876953,0.0,0.0,2.0,0.667406689213152,-0.7446934343698346,0.9991915149317934,0.04020343876222197,0.9897610132938158,-0.14273449675393474,0.9990699138246598,0.04311968564805078,0.5,0.5
2022-05-20,58.81182356325736,59.377073329786995,57.85798016439182,59.182769775390625,4804100,0.0,0.0,0.003523308385835232,0.0038823984259418317,0.0066096518246688335,0.027667408226786153,0.11829861365655535,0.10719220307720971,0.11712800987392598,0.0619136670941749,0.08689935673539201,0.0789895207156543,56.14473193721176,57.524192944251105,54.00769089170724,0.011273084971704825,7.648101806640625,1.0,0.7772178649902344,0.0,0.0,0.014413398445608518,0.7741278997205646,-0.6330292211851104,0.9988744128039038,0.0474331892840498,0.9923168807095584,-0.12372230299688172,0.9733794687936358,0.22919949766746744,0.007206699222804259,0.9927933007771957
2022-05-23,59.85398992745148,60.51638471377587,59.46538956813636,59.597869873046875,3504800,0.0,0.0,0.009995238876854686,0.006932632065338917,0.0025495197296608574,0.02711057465446487,0.12243045094864294,0.11459997120039096,0.12408143856044196,0.07234885136881654,0.09189010333385383,0.07974639298032568,65.6003835393259,66.41924818772105,63.42200927437375,0.008281889524513818,8.063201904296875,1.0,1.1923179626464844,0.0,0.0,0.03392071646508409,0.8870684817903031,-0.4616378543991455,0.9998874857241389,0.01500052973264404,0.9985407755951194,-0.05400295801062448,0.8644179254252169,0.5027739553751409,0.016960358232542046,0.983039641767458
2022-05-24,59.827493268509215,61.10812719002674,59.78333766046047,61.06396484375,2345800,0.0,0.0,0.0017845561320355876,0.0032564122226082276,0.008132422271537059,0.026336294455815628,0.12498345174951343,0.11822747653659875,0.1257465778523152,0.0728259652695069,0.09498227583420378,0.09013789680545041,72.62718256462796,73.08126089236212,70.48364575180547,0.005679517427148766,9.529296875,1.0,2.6584129333496094,0.0,0.0,0.16862646099438364,0.9375497247317289,-0.3478512809455491,0.9997440963786463,0.022621709839090492,0.9992546596776722,-0.038602138703177406,0.9145680288607583,0.404432096384235,0.08431323049719182,0.9156867695028081
2022-05-25,61.055129176332585,61.39074682611641,60.68418973647153,61.16994857788086,2876500,0.0,0.0,0.007477966016873732,0.002307120276488631,0.0008670567043475203,0.02523781092800909,0.12412282449742149,0.12055854811172265,0.12667285844925888,0.049319249346239005,0.09632575205503276,0.03806566321916152,77.93739618729079,78.09503951580713,75.89984213603849,0.006976505628808581,9.63528060913086,1.0,2.7643966674804688,0.0,0.0,0.18233983802209555,0.9589580203248018,-0.28354808279150273,0.9996628637907186,0.025964567351282435,0.9999806481348209,-0.0062212021236720825,0.9082176225589035,0.41849820796922543,0.09116991901104778,0.9088300809889522
2022-05-26,61.10813277715889,62.02665441022621,60.90499539923218,61.34659194946289,2635900,0.0,0.0,0.0016641014954809105,0.004721523536636885,0.0013211957621644826,0.024673627911847452,0.12208606042057542,0.12092491905575316,0.12535306957191797,0.021922499982064508,0.011982882237371689,0.02070009038077565,81.99269345195484,81.95248111968225,80.10942366715766,0.00641142883688583,9.81192398071289,1.0,2.9410400390625,0.0,0.0,0.2063871800543864,0.9783280685565325,-0.20706083713354542,0.9994385315974673,0.033505545187300444,0.9989187150901189,-0.04649086622881811,0.9314709993886391,0.36381558143918186,0.1031935900271932,0.8968064099728068
2022-05-27,61.29359004719009,61.76168121706737,61.0551241851823,61.72635269165039,2667700,0.0,0.0,0.0012309662081481632,-0.002140534419629234,0.0030856557734512723,0.023587883025521023,0.12130614444575781,0.12163846397428686,0.12548320091214485,0.023551100810319234,0.01909352448633002,0.0204541162089133,68.04711861521493,84.95795267081866,83.2727515200126,0.006528945749400156,10.19168472290039,1.0,3.32080078125,0.0,0.0,0.26312765072934885,0.987239678401347,-0.15924138089706755,0.9995010846741265,0.031584517334364404,0.9990357583183517,-0.043903913279752835,0.9392026791264914,0.3433632588405768,0.13156382536467442,0.8684361746353255
2022-05-31,61.41724092611823,62.0178124248668,60.63119970928628,61.6910285949707,5974000,0.0,0.0,-0.0034837479046837456,0.002069253963345144,-0.00028621654674110936,0.02352105670528543,0.12157618505725108,0.12156476694934751,0.12510768837750771,0.017483329339058044,0.013110321888580221,0.022417032956219947,73.01202647752503,71.6684311497796,70.56757971204401,0.014612438115158593,10.156360626220703,1.0,3.2854766845703125,0.2737956899458993,0.0007267365254498189,0.25755952903886736,0.9999961116380632,-0.002788675089389972,0.9993666653897862,0.03558466112946597,0.9999717167365554,-0.007521019009826987,0.9613216950813155,0.27542802792378696,0.12914313278215858,0.8708568672178414
2022-06-01,61.646870454775645,61.74402221809664,60.08361516368507,61.04629898071289,3431100,0.0,0.0,-0.0026053061669084497,-0.001270572140959868,-0.0030169569538548054,0.024014446833637723,0.1228613057810978,0.12220944882247331,0.12584344573839515,0.021470204244999107,0.014189912989787253,0.014146257179380875,62.159023517694585,60.9805970990528,60.199594117382595,0.008304780731060687,9.51163101196289,-1.0,-0.6447296142578125,0.9715090214972335,0.010432386952036014,0.03850866464521383,0.9982961854818027,-0.05835003044114352,0.9995331301752889,0.030553587056005364,0.9997304576267854,-0.02321663397950481,0.9797988380152841,0.19998559204077454,0.21316229650901583,0.7868377034909841
2022-06-02,61.01098199325694,61.16995702346494,59.41239787332411,60.6577033996582,3350400,0.0,0.0,-0.005484954181671218,-0.004560613010595037,-0.003117857636289734,0.024511631075361473,0.1259442895161025,0.12438921019277531,0.12755826364800532,0.015272343072150894,0.017531526050709307,0.015155009713399456,53.35827390149606,52.378357291849845,51.776627058905,0.008057829587188828,9.123035430908203,-1.0,-1.0333251953125,0.0,0.0,0.09891843996178896,0.9916962530468537,-0.12860226161631363,0.9997624197309144,0.021796882662134576,0.9991966792991179,-0.04007488088086741,0.9914121426397539,0.1307744754394081,0.5,0.5
2022-06-03,60.64003525237168,60.97564617014078,59.880488725321904,60.40156936645508,2410600,0.0,0.0,0.0028232159460841173,-0.0011445841107543245,-0.001522291139986878,0.024152408949902598,0.1265559976848094,0.12684084826312428,0.12963921584719296,0.018274100974759486,0.010839541244229938,0.014109916441402484,46.31798877751024,58.4314748182708,45.23762914219413,0.005773096674464364,8.866901397705078,-1.0,-1.289459228515625,0.0,0.0,0.15403465858085533,0.9920218951245574,-0.1260656955459402,0.9998220478375324,0.018864587405056952,0.9996621472792155,-0.025992139140670677,0.9622135515211252,0.27229594427589815,0.5,0.5
2022-06-06,60.684193190827514,60.88733055558774,60.163112529679225,60.7371826171875,2154000,0.0,0.0,0.0021037313031237784,-0.0006475693122762713,0.0024755776379213504,0.023155011520483285,0.1260094431121447,0.1289749148209422,0.12972342599246492,0.019284104928986707,0.010927195375763797,0.013596654572642199,40.96827245568212,62.489765460059346,50.91582576614296,0.005187233486861446,9.2025146484375,-1.0,-0.9538459777832031,0.0,0.0,0.08428683112412327,0.9934947618980821,-0.11387782084792965,0.999849231916396,0.01736414225330585,0.9998421305135982,-0.017768344042955835,0.9752785440852711,0.22097909730767276,0.5,0.5
2022-06-07,60.11893557560616,61.18759808966645,60.05711234713082,61.08161926269531,2630600,0.0,0.0,-0.0008817167216000895,0.002459698624533145,0.002827450608547586,0.022701823394856917,0.12400065648824898,0.12403054516856085,0.12137694342522118,0.018617367124780328,0.01156113016655614,0.016279989893115306,46.7017453987513,57.22036671890366,54.67910550090821,0.006370900356305614,9.546951293945312,-1.0,-0.6094093322753906,0.21195191952567427,0.0004928846514458648,0.034404988895688465,0.997096610822721,-0.07614688887829274,0.9997626920736714,0.02178438747372366,0.9997856589907113,-0.02070352811743169,0.9907561787426463,0.13565468765682004,0.014123629933501736,0.9858763700664983
2022-06-08,61.055135641361126,61.28476773054525,60.51638731956098,60.85200500488281,2630100,0.0,0.0,0.0038083631891014207,0.0007932497353659382,-0.0018827506870833061,0.022061738311701523,0.11886181298565426,0.11592489168920442,0.11902219762271923,0.01805592573313495,0.011992107783199236,0.012918921401968016,50.75345486845998,61.04203869646248,50.36326133449831,0.006345744890905503,9.317337036132812,1.0,-0.2296142578125,0.39743717495750985,0.0018195054604089698,0.004884284184013926,0.9973043725220099,-0.07337566727792097,0.9996050659688541,0.028101816478704356,0.9999418981127598,-0.0107796288735279,0.9768554334840782,0.21390058922928118,0.2714144621054267,0.7285855378945734
2022-06-09,61.028630597358195,61.373075303720434,59.95996795220518,59.99529647827149,3121100,0.0,0.0,-0.004618494360164227,0.0007199504816868197,-0.0070891821008576125,0.02246083275452959,0.11467633356631401,0.11217134733412758,0.11737000131621829,0.01633234943385491,0.006965764599915309,0.0184285671600464,53.77989431312163,56.61950293015113,47.04238794423837,0.007424382573519955,8.460628509521491,1.0,-1.086322784423821,0.1854772140539822,0.00048059126738383815,0.10932538057195246,0.9981811628461985,-0.06028570426735414,0.9995408012302089,0.03030159527272297,0.9996076385298103,-0.028010158743859943,0.9958779212989323,0.09070372577417986,0.00437673160515368,0.9956232683948463
2022-06-10,59.421223581453326,60.78134160133284,59.36823415802549,60.39273452758789,3362300,0.0,0.0,-0.004958876306818698,-0.004844144955049221,0.0033013086599701555,0.02239056421359853,0.10866898676574882,0.10726314059043307,0.11201275623908692,0.017756786094180337,0.012385461160837975,0.020046457842947746,51.33832305043591,53.55575588099878,50.122965185760414,0.008051125757245555,8.85806655883789,-1.0,0.39743804931639914,0.0,0.0,0.1338508422194457,0.8961257302540419,-0.4438002654085058,0.999788139303309,0.020583403713361096,0.999981025473128,-0.006160251107823223,0.9943311346356029,0.10632777009922946,0.06692542110972285,0.9330745788902771
2022-06-13,59.7391669490256,60.19843102837307,58.979620519373825,59.22691345214844,3834400,0.0,0.0,-0.0032836559624251087,-0.004818248210334611,-0.009746066763521527,0.022904729705030852,0.0985495369770331,0.10043378191369733,0.10253138565043454,0.01616401305051167,0.01539578721246732,0.026075630559430872,48.52995029228041,50.09640707114319,46.66038700904271,0.00900434178721873,7.6922454833984375,-1.0,-0.768383026123054,0.9803474328313584,0.016242533115905244,2.0,0.8982648307334467,-0.4394545412979737,0.9999381869643955,0.011118554328578605,0.998676553031899,-0.051430948118080154,0.9968512508026196,0.07929428588021188,0.008055842910328848,0.9919441570896712
2022-06-14,59.32407912857465,59.59787357257969,58.140603604560475,58.68817901611328,3042200,0.0,0.0,-0.005683674099623089,-0.003977420315026008,-0.0036248971333433275,0.023237538825174965,0.07816840935934304,0.08911049143915142,0.08718335362815026,0.018700712271373817,0.013840635575706133,0.022436430541234235,44.73940066263359,45.60795735138034,42.2648881153157,0.007079031609759446,7.153511047363281,-1.0,-1.3071174621582102,0.0,0.0,2.0,0.8964048697989386,-0.4432361779015201,0.9999983303701839,0.0018273633586606756,0.9912917494901252,-0.13168396786551823,0.9994271854234815,0.033842296560634116,0.5,0.5
2022-06-15,58.73233661088338,59.315247246182984,58.149425975583775,58.59102249145508,2869500,0.0,0.0,7.155851247896541e-05,-0.002241822912352902,-0.0007813928592664579,0.02303475292092938,0.06949519337154414,0.07729743507300588,0.06924188861007555,0.0119242004261482,0.011097638075879646,0.023024784105540024,40.26310343756166,51.326844266852774,37.52170397497692,0.0066661143826372135,7.056354522705078,-1.0,-1.4042739868164134,0.0,0.0,2.0,0.922502725382126,-0.38599057198660935,0.998871192689189,0.04750095173443343,0.9935497814931116,-0.11339678873314805,0.9995034300676253,0.03151020918768344,0.5,0.5
2022-06-16,58.22008835824646,59.2710903183442,57.35456288141314,58.95314025878906,3859000,0.0,0.0,-0.00688169388811966,-0.00037236100503362915,0.003080695449789422,0.023580125061650484,0.07727185129011876,0.06422364948625674,0.07153490886223947,0.013300587353253792,0.009186172277582904,0.02465652600091639,35.79575472770146,44.9607523282137,44.93470634979978,0.009020220985095195,7.4184722900390625,-1.0,-1.042156219482429,0.0,0.0,2.0,0.9505230564999675,-0.31065401826140865,0.9990250845133952,0.04414612681769034,0.9874437370840163,-0.15797109258833442,0.9991520160707928,0.041173398956973924,0.5,0.5
2022-06-17,58.99728562647099,59.43888205559659,58.01694101475402,58.493865966796875,5405700,0.0,0.0,0.005741262885304951,0.0014134594920453983,-0.003910481048022952,0.023804122974118175,0.07408377855777713,0.061202356203267846,0.07101421015621408,0.024075417510989034,0.012488497008490996,0.021249133926530123,43.28238325679143,51.73694272624899,39.456755664078344,0.012537118211904284,6.959197998046875,1.0,-0.4592742919921875,0.12363480941360905,0.00031561900152649654,1.3353815989127207,0.9721579322818807,-0.2343265983652266,0.9990422847539955,0.043755151394053726,0.9955314036813374,-0.0944310557193239,0.8961161679691075,0.44381957314246784,0.00023629531999725967,0.9997637046800028
2022-06-21,59.4565683919309,60.30443309010214,58.74118402683666,59.924659729003906,3915200,0.0,0.0,0.0044926151087386675,0.0052353221920863335,0.008751034585942197,0.0237342124219209,0.07041333650065534,0.05776969818418653,0.0692301185593482,0.029095135119087984,0.020617256247722527,0.030453766963314793,49.468524211360204,57.43677141419185,46.24297817884114,0.009302399438027568,8.389991760253906,1.0,0.9715194702148438,1.0333427717579369,0.015169307085544155,2.0,0.9938279729726329,-0.1109322321830207,0.999947507660108,0.010246068726015564,0.9991647635237246,-0.04086288453571766,0.8919443866941414,0.4521451216642859,1.0,0.0
2022-06-22,59.8893163450259,60.445732258373575,59.47421454879127,59.968807220458984,4137500,0.0,0.0,0.006200804047415611,0.001170177845004677,0.000368222661153731,0.02317985734673337,0.07040990546473577,0.057866187486445016,0.06857557378064752,0.025645686123105225,0.01603572239353584,0.02723121324016875,54.66874831782146,62.40845283017964,52.08477380199087,0.009837820014946683,8.434139251708984,1.0,1.0156669616699219,0.0,0.0,2.0,0.9961575126491504,-0.08757973505701884,0.9999251241370192,0.012237079699290141,0.9995431010368272,-0.03022563762243822,0.8814187674953865,0.4723356394629922,1.0,0.0
2022-06-23,60.295584043951735,61.081632024838264,60.04829107838202,60.92265701293945,3461400,0.0,0.0,0.004018221612515871,0.0043775223200063235,0.006600823713846553,0.022491883152784938,0.07069837409389051,0.057838089902195904,0.06825042303320139,0.02536666947693464,0.01415655136547587,0.028020908291654763,59.446288108784,66.98714696568814,57.53204017090535,0.008361151263956545,9.387989044189453,1.0,1.9695167541503906,0.0,0.0,2.0,0.9996763218281777,-0.025441139441575094,0.9997865330732875,0.02066127501623061,0.9998392757292578,-0.017928265649339394,0.8838476851320556,0.4677748063830572,1.0,0.0
2022-06-24,61.16111701015866,62.477072731326814,60.781343739700034,62.379920959472656,4449000,0.0,0.0,0.006066828410279296,0.011293746638428753,0.011818600798916414,0.02233912241672007,0.07106623509059175,0.06228621210442045,0.0738966860923791,0.002637736620563242,0.018948600287739356,0.0319188454155281,64.6863798594797,71.32273613607427,63.44007301519876,0.01100379981815969,10.845252990722656,1.0,3.4267807006835938,0.0,0.0,2.0,0.9974449268570342,-0.07143961007148415,0.9964961151026857,0.08363906136043794,0.999998352966448,-0.0018149557546159577,0.8868342997839577,0.4620875725733138,1.0,0.0
2022-06-27,62.32694446998511,62.803869611282536,62.026662013369744,62.74204635620117,2875600,0.0,0.0,0.0065542009273536,0.0016860053923409585,0.001870645480126714,0.021508557286426314,0.0776169064954102,0.06643871327752034,0.08070832079980003,0.009036630613919162,0.01785218591487007,0.023525768850846705,70.01102107127788,75.75037535824347,69.26683784062881,0.00715356634635467,11.207378387451172,1.0,3.7889060974121094,0.0,0.0,2.0,0.9982037324126859,-0.05991083873042519,0.9951736238486978,0.09812980381031283,0.9999227053611648,-0.012433153389595298,0.8611533156333239,0.5083453225650186,1.0,0.0
2022-06-28,62.830346105392806,63.33376581881756,61.89416373192194,62.05313873291016,3694900,0.0,0.0,-0.0010692172251994226,0.004200936585882567,-0.005520306114367207,0.021851068930225367,0.08206460173785024,0.07445550699033403,0.0820363907013703,0.018113599680229173,0.017413769338963877,0.030002040508160365,75.13451970645262,63.114454958786276,58.00743386162383,0.00909079569878268,10.518470764160163,1.0,3.099998474121101,0.0,0.0,2.0,0.9990607965895371,-0.04333041331304978,0.9926609339362805,0.1209308489871438,0.9998985912888314,-0.014241037132543403,0.9002777740233137,0.4353158963323386,1.0,0.0
2022-06-29,63.17479944058425,66.2394804823509,63.14830472650786,65.9921875,10605400,0.0,0.0,0.010029720382582296,0.02242526714796938,0.030762924996769025,0.023610368492164625,0.09615488059353243,0.10618226942636859,0.11475376549152533,0.02059096283240934,0.03630152384273657,0.06040353060528557,80.77354437513554,70.02772269897412,67.12566365575526,0.027749491741750745,14.45751953125,1.0,7.0390472412109375,0.0,0.0,2.0,6.123233995736766e-17,1.0,0.9732363280226435,0.22980654868171532,1.0,0.0,0.9095843209030309,0.41551938964069074,1.0,0.0
2022-06-30,65.35627484103658,66.89302860600061,65.26795689835627,66.63690185546875,8255000,0.0,0.0,0.012847972604518185,0.003821056675742574,0.0037837163973890183,0.02345372494885872,0.1256490487081131,0.1343731705496948,0.144132412389817,0.02885384217364545,0.03648156743320554,0.06112453797979791,85.56607637521994,76.69598430330578,74.99649024859863,0.02181058578986564,15.10223388671875,1.0,7.6837615966796875,0.0,0.0,2.0,6.123233995736766e-17,1.0,0.9709698852480327,0.23920175990452522,1.0,0.0,0.8764458849702462,0.4815003745779663,1.0,0.0
2022-07-01,66.96369716714936,67.08734365580325,66.0805041120626,66.93720245361328,5353500,0.0,0.0,0.004011846854780859,0.0009405588788630739,0.0014579903716549038,0.02275515081982732,0.15278149654325263,0.15649401652730244,0.16789942806836203,0.028807872146409324,0.03874752293467314,0.06188282819337843,89.16627435052055,82.23942397679966,81.06076211202101,0.014208257517622601,15.402534484863281,1.0,7.984062194824219,0.0,0.0,2.0,6.123233995736766e-17,1.0,0.9718511891767696,0.23559555618835157,1.0,0.0,0.8742603808080386,0.4854572963190308,1.0,0.0
2022-07-05,66.78704998617789,67.20214499194115,65.40043739310643,66.3719482421875,6006800,0.0,0.0,-0.005172359668031684,0.0008548795389268146,-0.004240175625420038,0.02324870667259241,0.1686204683846803,0.17376077412178945,0.18220068650844132,0.03866571115333147,0.03990963742468758,0.06580012144416782,91.75123487318959,63.35544347492084,62.5448655634047,0.015807500096441825,14.8372802734375,1.0,7.4188079833984375,0.0,0.0,2.0,6.123233995736766e-17,1.0,0.9750194715547961,0.2221194050257792,1.0,0.0,0.9093938745802057,0.4159360297882368,1.0,0.0
2022-07-06,66.68991216874934,67.76740881757304,66.68107835113793,67.31697845458984,5939900,0.0,0.0,0.00958785163031057,0.004141439703721836,0.006990145535137933,0.022765712831998033,0.18905638864464888,0.1899869132754564,0.19886456857091575,0.03568362039162624,0.03991378040683419,0.059670648906373004,93.60617423745897,71.48082136644614,70.6055850194612,0.01585401274714714,15.782310485839844,1.0,8.363838195800781,0.0,0.0,2.0,6.123233995736766e-17,1.0,0.9732958122339039,0.22955448566287076,1.0,0.0,0.8989327813848221,0.4380865833961908,1.0,0.0
2022-07-07,67.34366012590252,67.77062067694627,66.89891266228966,67.16576385498047,4474200,0.54,0.0,0.001228347190003058,1.7849728492101107e-05,-0.000846961028235703,0.022114216086922538,0.20590080689073148,0.20272912816237953,0.21145880501422376,0.0365891854201884,0.009581974071842008,0.020293177642194928,94.93105600877163,77.45591862366012,56.62067549878948,0.011915130598047045,15.631095886230469,1.0,8.212623596191406,0.0,0.0,2.0,6.123233995736766e-17,1.0,0.9754346792549932,0.22028887059202185,1.0,0.0,0.9062392062301078,0.4227653026105906,1.0,0.0
2022-07-08,67.36144239738236,68.1086147520717,67.1657524607809,67.19243621826172,2939100,0.0,0.0,0.0013074805757463228,0.0016340109485744685,0.0001304056144425023,0.021528782779981496,0.22089268872308498,0.2140899527040879,0.22105385588297516,0.024958324132818534,0.007192510607397024,0.018823092579429844,95.89184995369455,81.7564603334644,64.501140631946,0.007830152233855362,15.657768249511719,1.0,8.239295959472656,0.0,0.0,2.0,6.123233995736766e-17,1.0,0.9733359012769857,0.22938444429672655,1.0,0.0,0.9064554656307061,0.42230141940114274,1.0,0.0
2022-07-11,67.41480631465055,67.91292119119412,67.23690329709484,67.38812255859375,2232800,0.0,0.0,0.000402168100190322,-0.0010929601358679853,0.0011046218888699046,0.0206966450052763,0.23185202833492238,0.2218391830937593,0.2268754883654057,0.023729899725304756,0.009759407341564795,0.01858952950491332,79.58085234615314,84.92166439320738,70.2179638343672,0.005965799257092616,15.85345458984375,1.0,8.434982299804688,0.0,0.0,2.0,6.123233995736766e-17,1.0,0.9756368536906587,0.21939172664572446,1.0,0.0,0.9108728735115238,0.4126870585575219,1.0,0.0
2022-07-12,67.43260393495241,68.30431189368107,67.30807519603508,67.53044891357422,2371400,0.0,0.0,0.0005289822016201803,0.0028732833109529413,0.001054905588070423,0.02023155232464083,0.2384036315998259,0.22716295847225626,0.23162140397834782,0.01730092528943161,0.010203428808943326,0.014058782488884118,82.74735989268125,87.29998896918416,74.59914524845374,0.006349505554658676,15.995780944824219,1.0,8.577308654785156,0.0,0.0,2.0,6.123233995736766e-17,1.0,0.9731686774045866,0.2300928623808388,1.0,0.0,0.9134072666264457,0.40704688338569206,1.0,0.0
2022-07-13,67.34365532465044,68.43773699311114,67.32586841334944,67.98409271240234,3462200,0.0,0.0,0.00013215996529067624,0.0009757430177204087,0.003347565459655193,0.019829285862419832,0.24057941308671904,0.2281863397403723,0.23131220471141672,0.0035833523246869715,0.00794403362235853,0.007373891665186046,85.1153421444172,89.11458506497077,77.91170592421221,0.009332433699405828,16.449424743652344,1.0,9.030952453613281,0.0,0.0,2.0,6.123233995736766e-17,1.0,0.9748960793645974,0.22266035668599948,1.0,0.0,0.922910050285909,0.3850156348530029,1.0,0.0
2022-07-14,66.84553582752092,67.39701826234926,66.08056975375246,66.44525909423828,4554700,0.0,0.0,-0.00933462190210903,-0.007661652783962634,-0.011447154936650125,0.020885625393941582,0.23237015212560588,0.22056244729007068,0.22080452265062078,0.020506718025648112,0.019318447890498365,0.02642967359067421,75.27189344375272,78.02354870425438,69.22600163051203,0.011999391728946051,14.910591125488281,-1.0,-1.5388336181640625,1.2275054422826202,0.006777306550813464,0.029034624886452278,0.8147614031516763,-0.579796391791387,0.9843395833226128,0.17628268407380498,1.0,0.0,0.9492102989190703,0.31464235001977936,0.18924716648376658,0.8107528335162334
2022-07-15,66.94340017228981,67.13019332069048,66.40970449310095,66.6409683227539,3177100,0.0,0.0,0.0017328494463393336,-0.0013835262077492726,0.0010257683579854733,0.020109089882452504,0.2219105380283631,0.20790439674737424,0.2069108179180124,0.02091431202887403,0.017810979768542123,0.026855989449697498,67.78737065476193,80.37608801410674,72.28752779464946,0.008394747517001895,15.106300354003906,-1.0,-1.3431243896484375,0.0,0.0,0.022118993416681706,0.9052365045885661,-0.42490807330559754,0.9854909629117368,0.16972790583548086,1.0,0.0,0.9461437560504746,0.3237468036702447,0.5,0.5
2022-07-18,66.29405350475487,66.68543343056417,65.7158804651659,65.77814483642578,2671700,0.0,0.0,-0.004415899884810372,-0.0027949599405153675,-0.0054793379729363685,0.019970498554821307,0.2014378293769971,0.19070006409190463,0.1902170720605164,0.021795239803275083,0.018201309418964688,0.028173709099211172,62.504300303821,72.81836889103201,66.08683837422954,0.006967945840934635,14.243476867675781,-1.0,-2.2059478759765625,0.0,0.0,0.05966551328565097,0.9235338086559678,-0.383517019530297,0.988779951081339,0.14937941069499822,1.0,0.0,0.9585547211580112,0.2849084880197276,0.5,0.5
2022-07-19,66.0627708666539,66.62315689195745,65.9471389943769,66.15172576904297,3019900,0.0,0.0,0.0017564425467400517,-0.00046716073177321043,0.0028316629956711397,0.01935172768176924,0.1807960191730262,0.17026757210990426,0.16636282768591465,0.022707675785136557,0.01479905873055991,0.029463415373627955,59.669749123925236,74.73323268295053,67.52937074232015,0.007920802705863704,14.617057800292969,-1.0,-1.832366943359375,0.0,0.0,0.04116781194936321,0.9489020336634342,-0.31557080110396585,0.989220288851845,0.1464350372140233,1.0,0.0,0.957836824046286,0.28731275380832666,0.5,0.5
2022-07-20,66.2051038061798,66.37411000401875,64.97760332196408,65.28892517089844,3585400,0.0,0.0,-0.007405289903647247,-0.0018725714727167724,-0.006564183850084301,0.01973476141489372,0.15944486052251755,0.1510920287651168,0.14747009882976916,0.024061784759759522,0.012356760267312217,0.02692224685936326,56.774639023737095,70.62847396455527,63.94307313066366,0.009281380734336958,13.754257202148438,-1.0,-2.6951675415039062,0.0,0.0,0.08906445686086902,0.9425791007675799,-0.33398299177679747,0.987591747382749,0.15704311669566565,1.0,0.0,0.9584897428899853,0.2851270116539114,0.5,0.5
2022-07-21,65.01318261810995,65.47572379230036,64.63959636793857,65.02207946777344,3215500,0.0,0.0,-0.00233869668807691,-0.006110748233838491,-0.0018364961436910293,0.01931884991439254,0.13903199271810296,0.1286099474042746,0.12456504656401003,0.019257256940761185,0.010796190939027575,0.01955530952617149,53.02353630361033,66.04087191297062,59.60363842605992,0.008289814712468075,13.487411499023438,-1.0,-2.9620132446289062,0.0,0.0,0.10757389177292032,0.9134987187443063,-0.40684160413176873,0.9913761824455125,0.13104680415699532,1.0,0.0,0.961515017706164,0.2747523807458549,0.5,0.5
2022-07-22,65.13772244039365,65.60915370895877,64.79970999401989,65.49351501464844,2521500,0.0,0.0,0.0009700018770367622,0.0007981988188291496,0.0028325030000159665,0.018692599933400708,0.11846269131330812,0.10588905628495912,0.10391349410247096,0.017848847841172546,0.013411283029580702,0.02187730665551523,56.78143158667038,68.61823676649615,62.68880008188607,0.006547759618144537,13.958847045898438,1.0,0.471435546875,0.0,0.0,0.025332068828254093,0.9380927318196867,-0.3463842180398487,0.991209197353876,0.1323039193715924,1.0,0.0,0.9894657304295434,0.1447672901781689,0.012666034414127047,0.9873339655858729
2022-07-25,65.4045607372554,66.29405566208968,65.04876141006014,66.04499816894531,2436200,0.0,0.0,0.0018531310815750883,0.005016802549172123,0.004050729928228321,0.018559280679845226,0.09892563964370085,0.0893255918496621,0.0904940747700469,0.01799015229607406,0.01954719937291854,0.02062850136270082,60.541597077295755,71.20809514503426,65.73807355661931,0.006379524748022734,14.510330200195312,1.0,1.022918701171875,0.0,0.0,0.11926369070300502,0.9692039785312829,-0.24625931048212654,0.9881190444262266,0.15369044876699667,1.0,0.0,0.9816991761569267,0.19043825123333658,0.05963184535150251,0.9403681546484974
2022-07-26,65.10213206141302,66.29405193627578,64.60401031681168,66.18731689453125,2954900,0.0,0.0,-0.0034303246072160684,-2.8100664266889553e-08,0.0010762779545803087,0.019020434305816066,0.08647951261439737,0.07091699428327455,0.07655897453743638,0.016947874107495733,0.019584005711741827,0.019881165501775627,54.98747181111334,64.62577833012332,68.6181858730864,0.007754486053185315,14.65264892578125,-1.0,0.1423187255859375,0.1956996772082107,0.0001783807273264687,0.0023086074882257114,0.9999999999940011,-3.4637672713628593e-06,0.9892852919291579,0.14599524366444572,0.9999392001406368,-0.011027058633364404,0.9680074492642081,0.2509214581676933,0.00124349410777609,0.9987565058922239
2022-07-27,66.0361076377654,66.0361076377654,64.18596317468494,65.66252136230469,3515500,0.0,0.0,-0.003245960308815034,-0.0019492479971359546,-0.003980251619302641,0.019980090192460432,0.07132603744120312,0.05241334520356285,0.04868615265142352,0.011575773813931696,0.019611550681522875,0.01584165054837375,49.68151180962346,58.023456905926714,62.56435536328543,0.009152507903197844,14.127853393554688,-1.0,-0.382476806640625,0.8627982353751946,0.0037296333304457224,2.0,0.9938372832469489,-0.11084879082932728,0.9921530931324614,0.12502895579700551,0.9952250666145136,-0.09760669435103796,0.9768885742390033,0.2137491836739672,0.0018613455969339597,0.998138654403066
2022-07-28,65.69808375873733,66.57868167421834,65.44012946302946,66.35630798339844,3087500,0.0,0.0,0.008497331408816075,0.003593245680448726,0.004615405968023505,0.019584544034416715,0.06104683673310557,0.051689056244199144,0.04824842620992211,0.023827927093414136,0.013149966320214094,0.016524998006355485,54.44333379930359,62.21689808122869,65.90567687028282,0.00812315304465684,14.821640014648438,1.0,0.69378662109375,0.2846297379425664,0.00036878056376725193,2.0,0.9897332936532895,-0.14292658057272348,0.9967301122153103,0.08080274378543702,1.0,0.0,0.682245116908806,0.7311235192866453,1.0,0.0
2022-07-29,65.95604578810445,66.61427008994548,65.72477522236836,66.52532196044922,6688100,0.0,0.0,0.002170136592723718,0.0002671944367607939,0.0012719137861433682,0.01909450073951684,0.060477478548920986,0.05194056730472966,0.048206570445096485,0.023902101584643714,0.013419198662886581,0.016061909295035252,58.678073152352425,65.80284950180216,68.90238213256993,0.01764108117161368,14.990653991699219,1.0,0.8628005981445312,0.0,0.0,2.0,0.9918428114634898,-0.12746700493931826,0.9977158824902332,0.06755011344724063,1.0,0.0,0.8381679143153499,0.5454122728837849,1.0,0.0
2022-08-01,66.55199440712045,67.72612716127253,66.54309755979106,67.33474731445312,3769900,0.0,0.0,0.003487362629844904,0.004665190757912948,0.0034084178475119764,0.018791281543913664,0.061071220994419764,0.052843281225424796,0.0492056125671606,0.025798692581000586,0.018203687500072455,0.01790239744336053,62.384036889623445,68.90280211835943,71.69205663623474,0.01006478541941651,15.800079345703125,1.0,1.6722259521484375,0.0,0.0,2.0,0.9989560132316749,-0.045682421436234744,0.9725468940388087,0.23270698076221577,1.0,0.0,0.835991151133153,0.5487429227125081,1.0,0.0
2022-08-02,67.60160890703581,67.82398262054579,66.81885587855125,67.31697082519531,5521500,0.0,0.0,0.0020677435479203197,0.0007219135375896812,-0.0001320182876491509,0.01852017303490822,0.06175431926481583,0.05386787317860044,0.050350877629981944,0.021748776453913966,0.01783338563571476,0.01834937900495161,65.53413787754381,71.62848813097433,65.76743243426964,0.014737271917410942,15.782302856445312,1.0,1.654449462890625,0.0,0.0,2.0,0.9993213912573853,-0.03683418216010549,0.9777820912301632,0.2096239062453724,1.0,0.0,0.8749504743023191,0.48421241983053975,1.0,0.0
2022-08-03,67.10348819746339,67.42370686032159,66.7832695346052,67.24580383300781,4030900,0.0,0.0,-0.00019445313639690373,-0.002160600061712522,-0.00038609895409709086,0.01789577690851172,0.06198978485992697,0.05321286527147232,0.05015372406170457,0.01764553996369653,0.019101259841271135,0.013731842624556003,59.742620026735224,64.6195951110484,59.61352466521524,0.010747381584056687,15.711135864257812,-1.0,-0.0711669921875,0.0,0.0,0.0018503343487048444,0.9396337283510168,-0.3421819056367062,0.989393108854431,0.14526278309107316,1.0,0.0,0.9041172508994016,0.4272844446339093,0.5,0.5
2022-08-04,66.93449146173528,67.8150895156837,66.93449146173528,67.17465209960938,2622600,0.0,0.0,0.0007357930900096416,0.0018829132485933227,-0.00034438969946023275,0.01757147151069308,0.06209160959886715,0.05333011289042123,0.05017469550006908,0.010752485752631599,0.01861460314742348,0.012499582139567532,63.74732048176979,68.39364385144793,53.54969337930136,0.0069851049861766835,15.639984130859375,1.0,-0.0711517333984375,0.0,0.0,0.0018495409799290105,0.9999919850789265,-0.00400372050823528,0.9856604638540802,0.16874077751082994,1.0,0.0,0.9244482504932436,0.3813075296397661,0.5,0.5
2022-08-05,67.42372170840069,67.7706242051743,66.72990992854537,67.7528305053711,2266000,0.0,0.0,-0.0013224477434771837,-0.0002833578486206066,0.003702450818688579,0.0172743036999624,0.0607746636769245,0.05224539092281371,0.0520713801195276,0.013177385206890465,0.018901874955025332,0.013926576991701148,56.76829938405477,60.53791399762769,58.88065806093541,0.0060872733483482025,16.218162536621094,-1.0,0.5781784057617188,0.34691734485271297,0.00045756071563454726,2.0,0.9998729508001934,-0.01593995790816019,0.9893600661878871,0.1454876607575356,1.0,0.0,0.9508271190785925,0.3097221167832613,1.0,0.0
2022-08-08,67.93072607255223,68.36657666130128,67.79730048399023,67.92182922363281,2382000,0.0,0.0,0.007934384071234687,0.004377587113102869,0.0012456174100548784,0.016645947424016146,0.06343717534791632,0.05400737459722873,0.05410391124100228,0.016354198666973428,0.012747038669009591,0.009144175219103594,62.15922893701927,65.8021623794872,64.11334319439104,0.0064148511851423425,16.387161254882812,1.0,0.16899871826171875,0.0,0.0,2.0,0.999993531929397,-0.003596678936203112,0.9924707524148749,0.12248185825277144,1.0,0.0,0.71739844368684,0.696663098632115,1.0,0.0
2022-08-09,68.08193356198085,69.12264086081777,68.04635295522914,68.51778411865234,2758500,0.0,0.0,0.0018333758326836039,0.005499079950723065,0.004367902256688922,0.016574334280287543,0.06704858640232807,0.05847951994772632,0.05873266656610953,0.016346548293609157,0.015598027178576371,0.010936589022863603,67.63513668758173,70.7875439859504,68.9892850988075,0.007493966594389328,16.983116149902344,1.0,0.76495361328125,0.0,0.0,2.0,6.123233995736766e-17,1.0,0.9725319193540395,0.23276955522049725,1.0,0.0,0.8550107647644349,0.5186102507056105,1.0,0.0
2022-08-10,68.9180709062702,69.14044464117049,68.64232286030453,69.00701904296875,2681100,0.0,0.0,0.004237715702587374,0.00012515436688885202,0.00345761349171892,0.015925851034071025,0.07391121253518693,0.06213477967065972,0.06443715501393474,0.016008858787347733,0.011466150669354863,0.009619740585421102,72.36706763442155,75.32379475847719,73.31737383386688,0.007335702920350309,17.47235107421875,1.0,1.2541885375976562,0.0,0.0,2.0,6.123233995736766e-17,1.0,0.9796141196390173,0.20088846807090016,1.0,0.0,0.859079193850905,0.5118426894002484,1.0,0.0
2022-08-11,69.1048625371414,69.5940806715743,68.42884449747471,68.45552825927734,2762600,0.0,0.0,-0.0015574271886997424,0.0032698135477178224,-0.00401193484708831,0.01612327024525752,0.08023822655610964,0.07023886093688467,0.06838102791004244,0.018127392917296616,0.011552682443642817,0.01579643546686489,76.46206413516691,63.60372409450639,63.463547316784904,0.007498285785351053,16.920860290527344,1.0,0.70269775390625,0.0,0.0,2.0,6.123233995736766e-17,1.0,0.97437198991533,0.22494271552650918,1.0,0.0,0.9323593447840803,0.3615329199309523,1.0,0.0
2022-08-12,68.67788958176139,68.74015394348784,68.09971663069778,68.49109649658203,2409400,0.0,0.0,-0.0021024808084822186,-0.005383712184477948,0.00022651757755601611,0.015631737808972583,0.08408572858259088,0.0729571855084422,0.071892844321879,0.019094637478222574,0.020991623682928742,0.01476083540625112,65.55005471195209,54.00834551302169,68.31399318117174,0.006543023501664641,16.95642852783203,-1.0,0.0355682373046875,0.5426062296067471,0.001024001950283782,0.2498927843906398,0.7764534841465647,-0.6301745686368663,0.994128420911583,0.10820666678094412,1.0,0.0,0.9677319704777996,0.25198181147685106,0.12545839317046178,0.8745416068295382
2022-08-15,68.3665654756824,68.67788727385275,67.81507630013334,68.1708755493164,5688300,0.0,0.0,-0.002094255705552965,-0.00045311859406154856,-0.002343160591580499,0.015487409992591105,0.08592408842764082,0.07448578743331778,0.07194083943558502,0.013227072497937715,0.01977726782148741,0.01623547647329223,56.74871219826477,46.62826237341226,59.63360243957034,0.015375060026936229,16.636207580566406,-1.0,-0.2846527099609375,0.613768197341372,0.0013611315529511408,2.0,0.9080417803891984,-0.41887960688915715,0.9954668999089531,0.09510862834495266,1.0,0.0,0.9838166144036106,0.1791783168338666,0.0006801029217025787,0.9993198970782974
2022-08-16,68.01076895054281,69.25606297940833,67.92182083126094,68.88247680664062,6201300,0.0,0.0,0.0007864076266917587,0.004191685255834328,0.005192147766484669,0.015616159099340202,0.08789552537006376,0.07734497709532501,0.07487413676322413,0.012665685291706386,0.018221431898913332,0.017300140592791752,62.04246480629931,52.481560922101345,64.24745240160027,0.016936628111279304,17.347808837890625,1.0,0.7116012573242188,0.5159090359204868,0.000884416860044945,2.0,0.9929729385239692,-0.11834163831498064,0.9887209537525511,0.14976940812677886,1.0,0.0,0.9936861116471836,0.11219586231007342,1.0,0.0
2022-08-17,68.90915836606533,69.30942828322108,68.58004287028183,68.6156234741211,2387800,0.0,0.0,0.001856731240554272,0.0001482924725970845,-0.0007472933869302433,0.015316401080794361,0.08912230212251504,0.07878059294071904,0.07238920426599696,0.013500544376970448,0.018224138243292064,0.01593134260835919,66.39508769532853,57.35850499386764,57.45007701125134,0.006496155571634935,17.080955505371094,1.0,0.4447479248046875,0.0,0.0,2.0,0.9969969730199579,-0.0774405306608963,0.9893111607145068,0.14581984530822772,1.0,0.0,0.9228113604615481,0.3852521161565588,1.0,0.0
2022-08-18,68.58896477827201,68.98034477719676,68.07305601356371,68.93586730957031,2575600,0.0,0.0,-0.0037100282456752113,-0.002379666252547424,0.0023281742249731253,0.015096398037618678,0.08586730056704732,0.0740156176051089,0.06775679374849411,0.015243727256428563,0.0169955485790391,0.014010565979671635,59.86603932407661,52.21316470776298,61.62158594989385,0.007039780459994536,17.401199340820312,-1.0,0.32024383544921875,0.0,0.0,1.2657003830575946,0.9911682857276177,-0.13261006510734988,0.9945291471263791,0.10445944436036954,1.0,0.0,0.9956360114178032,0.09332166290871548,0.6328501915287973,0.3671498084712027
2022-08-19,69.1226417996418,69.70081479117289,68.88248118368944,69.35391235351562,2646200,0.0,0.0,0.005910131030043194,0.0051951542388202696,0.0030229641334579577,0.014776400304993836,0.08460094138882944,0.07064182339314548,0.06567417501259856,0.018764474795300537,0.014308456033471511,0.014652422687137364,64.05077701544522,56.656746989960034,65.69057897299648,0.007276609776147488,17.819244384765625,1.0,0.4180450439453125,0.0,0.0,2.0,6.123233995736766e-17,1.0,0.9998003650980167,0.019980739472611503,1.0,0.0,0.9578819411064755,0.28716230062821735,1.0,0.0
2022-08-22,69.06929292614092,69.31835045770802,68.61564854432439,68.93586730957031,1742700,0.0,0.0,-0.0012780331748524568,-0.0018118249301158022,-0.001990824425733952,0.01456910975938383,0.08188274490584897,0.06785297794152992,0.06323807851773344,0.01863402092594424,0.016375666594374807,0.0155235778363875,57.40631187114175,51.391813488443866,58.876103859663935,0.004763249498226618,17.401199340820312,-1.0,-0.4180450439453125,0.0,0.0,1.0,0.9156270861118523,-0.40202865467316967,0.9925755181183228,0.121629933947787,1.0,0.0,0.9835226454927382,0.18078497117560852,0.5,0.5
2022-08-23,68.96253708345168,69.38060076360567,68.62453147152016,69.26496887207031,2400400,0.0,0.0,6.472541200940656e-05,0.0004488159812998154,0.002381328301570144,0.014243867056051447,0.07478857750102802,0.06385935179829592,0.06135619293218654,0.018764445061640374,0.01421447304973085,0.012570074114288886,61.33424595473893,55.689312923463554,62.97018567976816,0.006592235546083028,17.730300903320312,1.0,0.3291015625,0.0,0.0,0.6197459969420099,0.9838247624075117,-0.17913357271545455,0.9931080584321161,0.11720232197867286,1.0,0.0,0.988434475046458,0.15164856919744776,0.30987299847100497,0.6901270015289951
2022-08-24,69.41616399023889,69.86091131965894,69.095945370152,69.78085327148438,2488400,0.0,0.0,0.0034229760849128475,0.0034494781683069423,0.003710175476408413,0.013911694786156028,0.06244051941310203,0.05786423627258899,0.05638408405794454,0.01751765217582393,0.015681479775921745,0.012032277957962764,64.7841336540776,59.556010313088294,66.49609597840052,0.006884809428776882,18.246185302734375,1.0,0.8449859619140625,0.0,0.0,2.0,6.123233995736766e-17,1.0,0.9981286036957541,0.06114973821991603,1.0,0.0,0.9786406585122449,0.20557835855634146,1.0,0.0
2022-08-25,69.58518378842089,69.69191882517025,68.63342458833262,69.2916488647461,3132500,0.0,0.0,-0.0033581855631721474,-0.0012109571286609466,-0.003517621378948615,0.014192019253720592,0.05509677315837743,0.052678666695979565,0.05184402928383612,0.01707842869336517,0.014638934454727848,0.015614382929331032,60.02592837354599,55.668508414947794,60.5167798208512,0.008606120661657434,17.756980895996094,-1.0,-0.48920440673828125,0.0,0.0,0.33518280663201533,0.9820036764059134,-0.1888618000689135,0.9999380168976613,0.011133838636001129,1.0,0.0,0.9932917940454175,0.11563482123493739,0.5,0.5
2022-08-26,69.30053825972372,69.51401509656928,67.78839313410984,67.88623809814453,3846900,0.0,0.0,-0.0061942544699267925,-0.0012779895482112342,-0.01024516995936637,0.015266792295768307,0.04660719337164988,0.044918101094673715,0.04589234222604498,0.01617357713423296,0.010585119487127663,0.024803660075435156,56.089085281184126,51.76088826950143,54.77696569766649,0.010354475269533052,16.35157012939453,-1.0,-1.8946151733398438,0.0,0.0,2.0,0.9840059002972358,-0.17813586999879194,0.9952327378209122,0.09752844492501449,0.9999952123236387,-0.0030944029796912383,0.9972987725093869,0.07345174164899139,0.5,0.5
2022-08-29,67.61051757787037,69.10486946540668,67.40593073969272,68.68680572509766,2704100,0.0,0.0,-0.0019885757206723645,-0.0020747576256563123,0.004120452260363805,0.015777832670812498,0.04310781185123199,0.042180320402177035,0.0434556375177189,0.016363302739449737,0.0108250457752927,0.02919654633918487,52.135443137176075,47.29185849596124,59.19074833810557,0.007364300869699508,17.152137756347656,-1.0,-1.0940475463867188,0.0,0.0,1.6763836064022821,0.9693126786100311,-0.24583110276335352,0.9977065725778994,0.0676874806360884,0.9991534148983625,-0.0411394396770392,0.9990972687262207,0.04248114433258553,0.5,0.5
2022-08-30,68.68678157561051,68.98031645428037,68.25093107432575,68.47330474853516,2475600,0.0,0.0,0.005702599092132187,-0.0008257809656469211,-0.0014250488941675197,0.015457391430420582,0.04001119790362712,0.039351291244461045,0.04036013024786234,0.02309525331617232,0.010688835574710415,0.02839786824022384,48.13036006155374,51.992306737798316,53.12954084280602,0.006721051420868982,16.938636779785156,-1.0,-1.3075485229492188,0.0,0.0,2.0,0.9766732267327668,-0.21473101355744023,0.9983371585163048,0.057644756271413335,1.0,0.0,0.764238473273219,0.6449337609158163,0.5,0.5
2022-08-31,68.74016327597907,69.25607193535845,68.21536455393644,68.3132095336914,4307200,0.0,0.0,-0.00026062494204571784,0.001994811093449744,-0.0011704020362228943,0.015475097553158877,0.03590107056280123,0.033106030201337136,0.03639775378839503,0.021011145040954783,0.008007473746612809,0.02577860108285399,52.24186634922405,47.15072672338208,47.42879513731469,0.011666354889871725,16.778541564941406,-1.0,-1.4676437377929688,0.15120246995176956,8.12099709177197e-05,2.0,0.9926529608523482,-0.1209962780876607,0.997647411530674,0.06855393691208392,1.0,0.0,0.9259626608773287,0.37761508267146476,4.0603336760961094e-05,0.9999593966632391
2022-09-01,68.03746373394173,68.81132674835087,67.37923940101544,68.63343048095703,2695100,0.0,0.0,-0.0038584131343331616,-0.0020155796285879985,0.001463114122964535,0.015793099038863365,0.03360745223421205,0.028579524213221998,0.030702486605143506,0.02304995036871195,0.00933529319853177,0.02683636128817585,47.95300514201006,42.079088846873496,53.17079310646184,0.007334086804558181,17.09876251220703,-1.0,-1.1474227905273438,0.0,0.0,1.8439449687084963,0.9863782085674325,-0.16449325111779706,0.9990860070159207,0.0427451820090144,0.9999640315577053,-0.00848148518011597,0.9994696967118281,0.032562637404951654,0.5,0.5
2022-09-02,69.05147928536528,69.73639408570862,67.98408823363626,68.2420425415039,3946500,0.0,0.0,0.00446833601973288,0.00667688599847648,-0.0028594453835341207,0.016583257608336496,0.02743302958531411,0.022829936378491598,0.028681903024958363,0.022852542282949213,0.018432740725930877,0.01587960290173429,52.14662448134606,48.383455750729894,47.286095675781226,0.01067823758599508,16.707374572753906,1.0,-0.391387939453125,0.480322150350176,0.0008265113290507446,0.21454376110308537,0.9998721948970668,-0.015987303453739946,0.9999948860091944,0.003198117486641213,1.0,0.0,0.9916653977002194,0.12883997440261163,0.0038376295842369847,0.996162370415763
2022-09-06,68.18867154615904,68.44661905456068,66.82773886311844,66.97895812988281,5333600,0.0,0.0,-0.008577506850996848,-0.009333817535435355,-0.009340889398464326,0.017415554795984407,0.03258745194827078,0.022316138378454694,0.03513678146470168,0.028872701319041415,0.02667361116230158,0.01910445644642604,46.697514902465755,41.906208295104626,40.17252801137258,0.014164272880799451,15.444290161132812,-1.0,-1.2630844116210938,0.0,0.0,2.0,0.6599155143616532,-0.7513398125381049,0.9997378716519193,0.022895151995357035,0.9948303133420966,-0.10155120706158947,0.9999915447052595,0.00411224002083233,0.5,0.5
2022-09-07,67.08570370422106,67.9485148427079,66.60537564404362,67.85066986083984,4348600,0.0,0.0,-0.0013587149337273138,-0.00297749031122488,0.0052712859224484255,0.01737778769368123,0.038533540025948304,0.027824379682541794,0.036633226687000475,0.022872630087449015,0.027206889334064073,0.026448075601632915,40.19010144355814,35.48560254404274,49.37953267002309,0.011698739118713188,16.316001892089844,-1.0,-0.3913726806640625,0.0,0.0,0.2145270328708075,0.796270264645219,-0.6049410431123292,0.9999910394151326,0.004233330774079882,0.9936324099391924,-0.11267046604338112,0.9974959158567888,0.07072409666461778,0.5,0.5
2022-09-08,67.47708590426184,67.77951092290664,66.44526852846904,67.27249908447266,3620300,0.0,0.0,-0.0010018178159251615,-0.001036626589323905,-0.003562225542559773,0.017767428342516555,0.043425405992175155,0.033186827034368725,0.040156259194570346,0.022498024015039156,0.025860079039047214,0.02731551971030389,33.58907930107147,29.50585614569089,41.29956072041082,0.009656451797281404,15.737831115722656,-1.0,-0.96954345703125,0.0,0.0,1.3165445873706056,0.8806095535934247,-0.47384260479613827,0.999267637582445,0.03826471586722458,0.9936528421079163,-0.11249013010420279,0.9980758601732561,0.062004655788214645,0.5,0.5
2022-09-09,67.47707558534813,68.01966795234824,66.75658697415084,67.52155303955078,2436100,0.0,0.0,0.001572697260768828,0.001190004792911245,0.0012432923610090625,0.017773639052625242,0.04586597393457408,0.03532085484145019,0.042274217114062235,0.022239786469918692,0.02674200651842899,0.026983257213452527,44.655689974506124,41.01408051297089,50.61264525682221,0.006521882794085665,15.986885070800781,1.0,0.249053955078125,0.07115310964034904,1.9808886534990026e-05,0.06598607951846214,0.9453239753916028,-0.3261327667527693,0.9999830295469367,0.005825857716265982,0.9978782172234487,-0.06510809159353115,0.9700849483714067,0.24276571616116902,0.033002944202498566,0.9669970557975014
2022-09-12,67.63718615594078,67.98408858888077,67.39701875694736,67.73503112792969,2513900,0.0,0.0,0.0047738693217104266,-0.00026160574069651577,0.0015783193823272115,0.017071160350151073,0.04626364536988361,0.037701629278504234,0.0433987234618236,0.02261571980121827,0.019082262058939564,0.02743095190478193,37.09399864823628,50.07042327071153,58.24394920099633,0.006751445836572566,16.200363159179688,1.0,0.46253204345703125,0.0,0.0,0.2275878593301576,0.9995840758749553,-0.02883878043904695,0.9999892506857968,0.004636648882402333,0.9999996776317774,-0.0008029547566689835,0.9329497077830496,0.36000672597539374,0.1137939296650788,0.8862060703349212
2022-09-13,67.33475058923108,67.62828548862149,65.87597972634752,66.1339340209961,3344800,0.0,0.0,-0.011412957222467626,-0.002623677246856094,-0.011960181399418561,0.01824344811115241,0.05326238477316715,0.04152538186937237,0.052900242779519775,0.027609485780710062,0.00941628643686536,0.03170285700611976,30.637881196162507,41.940911061927004,48.26093856687071,0.008770613386810207,14.599266052246094,-1.0,-1.6010971069335938,0.8806072478033116,0.0036383331630711942,2.0,0.9890587090128627,-0.14752243939756893,0.9995781581859237,0.02904316920786222,0.9897015321543868,-0.14314634906716664,0.999239047763669,0.03900417188399139,0.0018158632238421438,0.9981841367761578
2022-09-14,65.9115594618909,66.65873857900351,65.90266261424615,66.19619750976562,3604500,0.0,0.0,0.000202482643808592,-0.007219959756720241,0.00047051633705251294,0.017740249549629,0.05868041812161014,0.050740106306210626,0.05934898348708048,0.027783430271930757,0.015065941576157472,0.02617480967258694,24.91283233861417,50.77919566704161,56.6693544712647,0.009460487759804305,14.661529541015625,-1.0,-1.5388336181640625,0.0,0.0,2.0,0.9450512144206576,-0.32692231817671935,0.9999701649897769,0.007724579620824289,0.9946923717603035,-0.10289356423927705,0.9992595973780977,0.03847410879750244,0.5,0.5
2022-09-15,66.36521669502501,66.89001544174891,65.62693428080976,66.77438354492188,4664700,0.0,0.0,-0.0020963215880330493,0.0017317785137064235,0.004348225228243956,0.01768156985529824,0.06318774400095128,0.05604498999909261,0.061984179217396976,0.027863649049944497,0.0168051809519441,0.028751652428962653,38.64768983042329,43.17266200864625,63.0654203325728,0.012350059809294139,15.239715576171875,-1.0,-0.9606475830078125,0.0,0.0,2.0,0.9778577674342729,-0.20927060631741734,0.9999255186979631,0.01220479645915339,0.9923965363974762,-0.1230817392885422,0.9995136791542989,0.03118341199159057,0.5,0.5
2022-09-16,66.91669947842053,67.61050436448575,66.46305521202902,66.93448638916016,6718600,0.0,0.0,0.006329934118622863,0.005356774262097955,0.0011973988286432407,0.0176038190431558,0.06424985895366116,0.05763004672228639,0.0628213406212352,0.03135209909054627,0.021089837102076882,0.028486863665409718,48.90230979566667,51.41295101778115,68.52205384137615,0.017830526862788663,15.399818420410156,1.0,0.16010284423828125,0.9517657854822374,0.0038196975566092213,0.02777601293278456,0.9979573024959263,-0.06388444564253715,0.999632984889569,0.02709050610030631,0.9983943257756656,-0.056646008323219324,0.8368831861354343,0.5473815239518082,0.01579785524469689,0.9842021447553031
2022-09-19,66.98786014814804,67.52156252835418,66.83664764069988,67.45040130615234,2907400,0.0,0.0,0.0012128159094516111,-0.0002848220919141122,0.0016613213751120067,0.016946683571083924,0.061498022939796795,0.05738476717020785,0.06044875573470275,0.029928332554645568,0.021072613222678335,0.02978876784857322,41.16576998251707,58.30469458801103,72.81415256127333,0.0077754365046848635,15.915733337402344,1.0,0.6760177612304688,0.0,0.0,0.49520842425099915,0.9972911149618381,-0.07355563892845968,0.9996595583461558,0.026091519832477386,0.9994319635404537,-0.033700893959554466,0.8938614734288002,0.4483432460957725,0.24760421212549957,0.7523957878745005
2022-09-20,67.11238656770088,67.40592150937866,66.623168451212,67.07681274414062,4802900,0.0,0.0,-0.0015995765297688136,-0.0008570605151370359,-0.002777048232575847,0.01670475141322697,0.05955061074397435,0.05804390993543172,0.05976784179878988,0.015581721458630647,0.020548685155425333,0.01284386484224933,34.94901376583403,50.8891441030992,63.451953714981954,0.012773544280656036,15.542144775390625,-1.0,-0.37358856201171875,0.0,0.0,0.3054013337928981,0.9964625075789865,-0.0840385089670108,0.9997374935125586,0.022911657845447072,0.9990757252029389,-0.042984826511477815,0.9645030426673225,0.26407173397673056,0.5,0.5
2022-09-21,69.36280349817399,72.08465525791436,68.52667626267461,70.9105224609375,14038700,0.0,0.0,0.014084424702761294,0.03354157576064127,0.027783054952827214,0.01971736563883675,0.059142982010497745,0.0744316514515665,0.06999154141606226,0.029753302276984243,0.065289801177554,0.05377937405993256,49.13030700426993,57.52191810356772,70.42389210400842,0.03947053689503343,19.3758544921875,1.0,3.833709716796875,4.563092729560182,0.05546217031501124,2.0,6.123233995736766e-17,1.0,0.7082595019905449,0.7059521781538076,1.0,0.0,0.8999375462241207,0.4360188217223067,1.0,0.0
2022-09-22,71.32858727214135,72.26255270223487,70.17224136481815,71.85338592529297,7096800,0.0,0.0,0.005997602369356029,0.0006230128349790592,0.0033386127770327475,0.020146683976660838,0.0666579789069011,0.08733114168282305,0.0839094203777543,0.028760067623911856,0.06553002900105981,0.053436607348740485,61.52671808303882,65.55805997620241,77.30289732351308,0.020218329011516142,20.31871795654297,1.0,4.776573181152344,0.0,0.0,2.0,6.123233995736766e-17,1.0,0.798617682600568,0.6018386802438827,1.0,0.0,0.8616282984654366,0.5075398263028789,1.0,0.0
2022-09-23,71.23965183167797,71.63992865649205,69.64746174158037,70.42131805419922,4795400,0.0,0.0,-0.002536126199083846,-0.002923612965074273,-0.006801397905610157,0.02132554431995402,0.07159332124291122,0.09464907226096815,0.08817852194370328,0.035648318168214434,0.06999039303890779,0.0636689653608666,46.98506016953499,52.45745948440829,59.83812911570505,0.013389502587061973,18.88665008544922,-1.0,-1.43206787109375,0.0,0.0,0.08988647115604692,0.9300247545844769,-0.36749687870794706,0.8903110751792438,0.45535281860682364,1.0,0.0,0.9202413572651043,0.3913513055796273,0.5,0.5
2022-09-26,70.2611947624542,70.71483902618436,69.47844175466884,69.96766662597656,3561300,0.0,0.0,-0.0009022227769031433,-0.004826091111224097,-0.0023997885126516997,0.021192896746492655,0.07680101709540497,0.09750136270312777,0.09143828493199188,0.03756045275713247,0.07356379257013931,0.06588864487568066,36.576545867346596,41.876325317431316,47.16754175635535,0.009879646502118469,18.432998657226562,-1.0,-1.8857192993164062,0.0,0.0,0.1558551724209299,0.8945012957376711,-0.44706535531578306,0.9484495229959166,0.3169282289869718,1.0,0.0,0.9422744014679004,0.3348416824983263,0.5,0.5
2022-09-27,70.27009093431852,71.27521764005536,69.2293836213467,69.35391235351562,4108400,0.0,0.0,-0.0017955593539656389,0.003946604621675832,-0.0044053066076094405,0.0219603039811096,0.0803485765890976,0.10239895862137942,0.09248685400755824,0.03770508514462128,0.0723933132531684,0.06675925582570638,49.97597627995243,33.68819641872008,37.80598348827022,0.011297416523439022,17.819244384765625,-1.0,-2.4994735717773438,0.0,0.0,0.2738194075125815,0.9794571716551118,-0.2016522970198181,0.9503321859179457,0.3112374277114164,1.0,0.0,0.9625387039335283,0.27114432214221923,0.5,0.5
2022-09-28,69.7719758995433,70.32345834507936,68.93584859656036,70.08329772949219,3953700,0.0,0.0,-0.0020445237028295002,-0.006468430653083071,0.0050339553491111355,0.021593731422090326,0.08196569042217156,0.10387920065480279,0.09557504238926073,0.02848713224096446,0.02152140589749481,0.031246393173613742,40.18163672654329,27.446957836341095,49.57978018689725,0.01098635674120738,18.548629760742188,-1.0,-1.7700881958007812,0.0,0.0,0.13732731852250346,0.9568995598770148,-0.2904190632640622,0.9781964478194662,0.2076817504581907,1.0,0.0,0.9745173917897908,0.2243119548736165,0.5,0.5
2022-09-29,70.23450330395532,70.34124511498653,68.99810616797869,69.12263488769531,3515500,0.0,0.0,0.00040133254283871556,0.00011243339937413677,-0.00613615947239744,0.021717940450165986,0.08373142221339472,0.10521259215170109,0.09614690397007468,0.006807420094062743,0.02066581751480404,0.025602568414517544,51.196674958439125,40.31106096965462,40.73956493568357,0.00963480306534006,17.587966918945312,1.0,-0.960662841796875,0.0,0.0,0.04044912333440318,0.9724502263298798,-0.23311061175108622,0.9825538660283109,0.18597822548035056,1.0,0.0,0.978593512341823,0.2058026666554503,0.5,0.5
2022-09-30,68.93584536698273,69.29164463581557,68.01076998253998,68.14419555664062,4101000,0.0,0.0,-0.007206366574046007,-0.007516857103252301,-0.007128009934282423,0.02179882880354133,0.08382233555622493,0.10516418632067383,0.09611209339292802,0.012860005298201527,0.022800242388225457,0.022541718077205068,42.34858430425677,33.480892107430854,33.82115662222351,0.011080365682207554,16.609527587890625,-1.0,-0.9784393310546875,0.0,0.0,0.04195994712853027,0.9579242625628022,-0.28702109189659153,0.9948653331753787,0.10120755330429987,1.0,0.0,0.9915107596882566,0.13002466466950094,0.5,0.5
2022-10-03,68.54448333860825,70.02104831348989,68.07305206884504,69.80757141113281,4069100,0.0,0.0,0.00045411437247414656,0.005195003626524597,0.011963870931151217,0.021752679035615063,0.08389676418511476,0.10552077113755251,0.0979917121192413,0.014000840605792746,0.02644146611129398,0.03810149645663305,51.69848339920827,43.73924228855706,44.08800490948404,0.011262540026003234,18.272903442382812,1.0,1.6633758544921875,0.0,0.0,2.0,0.98187509254207,-0.1895291604094252,0.9913874395646596,0.13096161526733083,1.0,0.0,0.9992959654599536,0.03751764138987558,1.0,0.0
2022-10-04,69.91429603090035,70.78600399703333,69.22049111209418,69.82534790039062,4093500,0.0,0.0,0.008357560134761223,0.005432651781222461,0.00012730872737934273,0.021795231718144653,0.08552637273592885,0.1071441530034448,0.09753477148333074,0.025170573282669945,0.0279515108780497,0.036668903596233975,58.77351316616564,51.72233241177993,51.9003383217757,0.011332960058107572,18.290679931640625,1.0,1.68115234375,0.0,0.0,2.0,0.9942701922892428,-0.1068961398980906,0.9883272035613412,0.1523461148195751,1.0,0.0,0.9431697996073295,0.33231119317391333,1.0,0.0
2022-10-05,69.72749439276463,69.81644251239535,68.62452277946917,69.10485076904297,2795200,0.0,0.0,-0.00295223017647234,-0.004708695107628397,-0.0035412263912785323,0.021690642317068066,0.0846308686618995,0.10585007968491786,0.09727173750289772,0.026444938627093403,0.028141082357824535,0.03611545605122431,51.12853078286907,45.49716247264324,45.28036708865017,0.007658732064405251,17.57018280029297,-1.0,-0.7204971313476562,0.0,0.0,0.18367513648300418,0.870180885527649,-0.49273240857722816,0.9951254126304843,0.09861750928211736,1.0,0.0,0.9929376832237934,0.11863708203662847,0.5,0.5
2022-10-06,68.96154421684236,69.14964476952692,66.8476425288528,67.15219116210938,5449200,0.54,0.0,-0.013116201742050549,-0.004798276730031971,-0.014330705989641469,0.023175580369745718,0.08355057137369852,0.10374861016036573,0.0975829855186258,0.03623636197976919,0.029104490292089627,0.043971591519195816,44.939344992627454,40.15297550910427,39.56317079720738,0.014508696343045665,15.617523193359375,-1.0,-2.67315673828125,0.0,0.0,2.0,0.9099100643228172,-0.4148055868042843,0.9981291228934512,0.06114126292406562,0.9871278649207349,-0.1599330431681689,0.9989735516034015,0.04529727582190787,0.5,0.5
2022-10-07,67.2327862865691,67.79709464019732,66.65952564724948,67.49254608154297,3755700,0.0,0.0,-0.0009711388604372039,-0.0068070637819007745,0.0017422111757072728,0.022615568338672315,0.08380088910814029,0.10431099434603043,0.09764202282875419,0.034832279309144176,0.031724017067863944,0.04355936014922979,39.551063858742104,35.27920016996521,47.22866973389661,0.010050372560878974,15.957878112792969,-1.0,-2.3328018188476562,0.0,0.0,1.9254912513208144,0.8779529483946517,-0.4787469273062106,0.999976824082446,0.00680817875682493,0.9892371186355512,-0.14632130095660179,0.9993767426758559,0.035300512724267964,0.5,0.5
2022-10-10,67.84187858591864,68.7465583354601,67.68064859920635,68.4420166015625,3245800,0.0,0.0,0.0065690564288124614,0.00600949125560147,0.006036461739743414,0.02201757576165274,0.08358155376430712,0.10294898124746296,0.09693355173730316,0.039918120341074115,0.03384702598057295,0.036604172662042155,46.157076866196576,42.57692120944072,53.448310869638405,0.008808054808464902,16.9073486328125,1.0,0.9494705200195312,0.0,0.0,0.16565604152823377,0.9643337304848981,-0.26468935802007576,0.9992702630541177,0.03819609110569367,0.9995616276836389,-0.029606628690794393,0.8763225543389848,0.48172479773912114,0.08282802076411688,0.9171719792358831
2022-10-11,68.46889228982036,69.81247333579765,68.46889228982036,69.31982421875,3173100,0.0,0.0,0.005659868293250194,0.007520552329781609,0.006229201950859301,0.02159814174571311,0.07897914861977001,0.10003739586628453,0.09087168109474585,0.03728741977010651,0.03647427586551301,0.04033817176467606,51.75483134126299,49.18975182001005,58.7372178027639,0.008721208452413734,17.78515625,1.0,1.8272781372070312,0.0,0.0,0.6135551779990079,0.9926564093168223,-0.12096798354206494,0.9967300282297676,0.08080377976980228,1.0,0.0,0.8701872797446465,0.49272111601859764,0.30677758899950397,0.6932224110004961
2022-10-12,69.80352938507423,70.07224838619038,69.26609821665,69.29296875,3045600,0.0,0.0,0.005555400072106337,0.001782445497937198,-0.00018595956753620515,0.02089418573632966,0.07480800184534565,0.09222358395917762,0.08371404261940908,0.03837374316613273,0.0339772405890142,0.03878440659665752,56.25254403049481,54.7187821430472,53.17128801494717,0.008367534032646111,17.75830078125,1.0,1.8004226684570312,0.0,0.0,0.5956528912906842,0.996894885241915,-0.07874381104892587,0.9959019965307168,0.09043900323495478,1.0,0.0,0.866185868890535,0.4997219632299035,0.2978264456453421,0.7021735543546579
2022-10-13,68.89883724579342,70.87837924864161,68.71073671163754,70.6007080078125,3396400,0.0,0.0,-0.004025034385671344,0.005719242801385113,0.00934809412491525,0.021235425050427737,0.06612041516691797,0.08501366208654378,0.08073350270702147,0.022934878017162038,0.032462283888588024,0.017002477220581798,60.20369976322252,48.93445974137283,57.87002107565778,0.009507434535881227,19.0660400390625,1.0,3.1081619262695312,0.0,0.0,1.7752175466719355,0.9981212917403761,-0.061268972363857,0.9999614720295239,0.008778066788751506,1.0,0.0,0.9464489345475776,0.3228535492971312,0.8876087733359678,0.11239122666403223
2022-10-14,70.83359272871358,71.0127341304682,69.41835241991025,69.60645294189453,2928700,0.0,0.0,0.004417416736257582,0.00081649646681785,-0.006114819925699232,0.02163638712845254,0.0621936423964413,0.08019980276192726,0.07506637118588515,0.02061738629698789,0.013642293663010391,0.029962764488848957,64.04040115298784,54.45664948458189,51.96890241732834,0.00808276301621154,18.07178497314453,1.0,2.1139068603515625,0.0,0.0,0.8211377264779691,0.9986973112930876,-0.051026271821069134,0.9998282239795657,0.01853436089718965,1.0,0.0,0.9406171910063396,0.3394691443759555,0.41056886323898456,0.5894311367610154
2022-10-17,70.00057709970953,70.33198939940888,68.83613740581782,69.3377456665039,3490400,0.0,0.0,-0.0042111834113041655,-0.004816201935655747,-0.0019339222369978322,0.021709748321038034,0.05801866440725417,0.07253817209427575,0.07086412619916808,0.023756217936756682,0.021615060670569165,0.029462467396580323,58.05101763273707,48.54406562675729,46.49955513119352,0.009595781995944573,17.803077697753906,-1.0,-0.268707275390625,0.0,0.0,0.016157983276681213,0.9095213379592222,-0.41565723354329626,0.9962367531446037,0.08667370814669244,1.0,0.0,0.9716016517607999,0.23662254815567624,0.5,0.5
2022-10-18,69.66019477156466,70.27824423197312,69.49001248814415,70.1080551147461,2655100,0.0,0.0,0.0035958054084105056,-0.0002907556569337823,0.004202091132143638,0.020895768508732288,0.052463303764263,0.06207758089636888,0.06421391828802693,0.022920403262565,0.01705683956275493,0.028773433237181827,52.406096748841684,54.49516442968528,52.30314625742566,0.007380474045526453,18.573387145996094,-1.0,0.5016021728515625,0.0,0.0,2.0,0.9696969892507081,-0.24431076324655068,0.9965575631440181,0.08290369919645497,1.0,0.0,0.9636105589085129,0.2673101022408682,1.0,0.0
2022-10-19,70.21554769020022,70.67236717734673,69.55271626146293,69.98265838623047,2282900,0.0,0.0,0.00038774963633446543,0.002404200931170638,-0.0007696315531278005,0.02058076483766293,0.053457139643380086,0.057793106348142054,0.06175667590640915,0.02023309543561285,0.01748310172670356,0.028968382244322435,57.292106329628794,60.04818908116754,46.33527597293503,0.00633450639640825,18.44799041748047,1.0,-0.125396728515625,0.0,0.0,0.062496197545136016,0.9969176848416871,-0.07845463434298026,0.9957637108735542,0.09194907344464469,1.0,0.0,0.969947390302258,0.24331473454322333,0.5,0.5
2022-10-20,69.74082142857783,70.00954039976531,68.57638166517519,68.67491149902344,3002800,0.0,0.0,-0.007068276061617983,-0.004711528219917686,-0.009431485697385706,0.02096525140706523,0.04995049062923668,0.05131020894089736,0.05325565950443924,0.02411408180397957,0.015272533658846125,0.026082639770835785,51.32787231774063,52.706814086081806,41.095197105872685,0.00817635935768704,17.140243530273438,-1.0,-1.3077468872070312,0.0,0.0,2.0,0.9097575961916305,-0.41513987542950637,0.9976405037021301,0.06865439077699328,1.0,0.0,0.9894204646756726,0.1450763388047002,0.5,0.5
2022-10-21,68.61221305210077,69.54376351962003,68.37932372676909,69.00633239746094,2907100,0.0,0.0,-0.001392987982689982,-0.0032312560133173364,0.0023304440096603165,0.02057954818499406,0.048341646007498414,0.04779044566045514,0.0511331160297761,0.02011765138563458,0.014603572315015943,0.025105882886487726,45.7879546301514,46.24039780684228,47.800007208355154,0.007953977756099906,17.471664428710938,-1.0,-0.9763259887695312,0.0,0.0,2.0,0.9271732609581095,-0.37463281245014496,0.9984705340842649,0.05528645915124936,1.0,0.0,0.992503017175059,0.1222201329503643,0.5,0.5
2022-10-24,69.57062269242505,70.23346090755228,69.09589183145985,69.52584075927734,3219100,0.0,0.0,0.005212343925274704,0.00493426157772654,0.003750091765532497,0.020227502207851075,0.04739163869513888,0.0470354508728523,0.05032785931537375,0.02247675806377749,0.018104209449769818,0.02643542057321499,51.615818072516085,52.86633800332695,53.78577601956394,0.008873933557237349,17.991172790527344,1.0,0.5195083618164062,0.22392050778697126,0.00015490619678227134,0.2831361905343141,0.9943659631794803,-0.10600156258350305,0.9973092037144714,0.07330997330791336,1.0,0.0,0.8864451965678984,0.46283356995976405,0.14164554836554819,0.8583544516344518
2022-10-25,69.34668733920226,70.35885599269628,68.94361580198459,70.13492584228516,3389700,0.0,0.0,-0.0011031336759011042,0.000891905673856711,0.004361175280853701,0.02006090731660278,0.04686984613451022,0.044234377396846825,0.05171343643218016,0.019685779121246975,0.01819813630804873,0.025360395943608036,57.004003787910555,46.245359998866135,59.37786107861006,0.00942607868344262,18.600257873535156,1.0,1.1285934448242188,0.0,0.0,1.3362427042829559,0.9984088530813297,-0.05638937922006242,0.9973206430497822,0.07315418611924446,1.0,0.0,0.9799509481146875,0.19923890003993971,0.6681213521414779,0.33187864785852206
2022-10-26,70.4484347510287,70.94107703804728,69.65124387100725,70.18867492675781,3082000,0.0,0.0,0.004642258278759082,0.0037464273450853024,0.00034826651639003914,0.019926338745630875,0.0486832516341534,0.045732138845772055,0.052028887453043474,0.023063731295029193,0.01933129584592657,0.025253785787259366,61.94647438011501,52.353774056475906,63.616660960656446,0.00857699453060941,18.654006958007812,1.0,1.182342529296875,0.0,0.0,1.4665501658179456,0.9999768176169123,-0.00680912834015217,0.9991664748049817,0.040821019411399914,1.0,0.0,0.9517844294772252,0.30676766420976126,0.7332750829089728,0.2667249170910272
2022-10-27,70.58279312405838,71.99802662093707,70.35886295149957,71.54121398925781,4727900,0.0,0.0,0.005054057143098835,0.007394404720848072,0.00954307572555475,0.019959718366224427,0.05348268716573286,0.05219834716208853,0.059731360204812615,0.015675748543894075,0.01853647175964627,0.015248241710192846,65.8675492279272,56.96115687269218,67.46810537806682,0.013410965424672896,20.006546020507812,1.0,2.534881591796875,0.0,0.0,2.0,0.9999698871525488,-0.0077604631381728685,0.9871227384785688,0.15996468103481787,1.0,0.0,0.939993017720101,0.341193679070199,1.0,0.0
2022-10-28,71.64869403622082,73.17142326607666,71.6218235096962,73.06393432617188,2693800,0.0,0.0,0.005068244790918613,0.0046053927981782716,0.005999754210934526,0.019741478805510634,0.06457198772573036,0.06398944429560861,0.0738380381360321,0.016094868367623964,0.012817514774489419,0.01896966186122581,70.2377380994604,62.365966384861125,72.23099811941783,0.007803759166022283,21.529266357421875,1.0,4.0576019287109375,0.0,0.0,2.0,6.123233995736766e-17,1.0,0.9685758737865209,0.2487182677622968,1.0,0.0,0.9062580256116568,0.4227249590625821,1.0,0.0
2022-10-31,72.49067145431104,73.53866295990031,72.48171233447181,73.07289123535156,4106500,0.0,0.0,0.005967159790620848,0.0025031659599599105,6.129125321609405e-05,0.019362292844929626,0.0784511175911424,0.07587725450542188,0.08603112869150113,0.01630024222077002,0.013841632711298789,0.022061490993096036,74.87797098276928,68.57284749503535,76.9451057450718,0.011897715328477332,21.538223266601562,1.0,4.066558837890625,0.0,0.0,2.0,6.123233995736766e-17,1.0,0.9673671019437894,0.25337894560691915,1.0,0.0,0.8944833057680505,0.447101348356567,1.0,0.0
2022-11-01,72.82209929947808,73.18934125133563,71.77410083417142,71.91741943359375,8683500,0.0,0.0,-0.004905254663624196,-0.0023807432701243234,-0.007969303579161837,0.019673759075528534,0.08563836212295177,0.08326106876171731,0.09018615566207071,0.023395684707227117,0.018861085987000238,0.03421530941052975,62.54253792560123,56.601001691498915,64.10149421445733,0.02476078215801685,20.38275146484375,-1.0,-1.1554718017578125,0.0,0.0,0.0807355079561557,0.9707107223787391,-0.2402513131263728,0.9809287451785907,0.19436768476872726,1.0,0.0,0.9457278017216745,0.32495988221731165,0.5,0.5
2022-11-02,71.83681075478029,72.50860140460857,70.45740663421716,71.48748016357422,4252700,0.0,0.0,-0.00453376544448466,-0.0022882195499384257,-0.0014682941333057874,0.020427865237105793,0.0865454096976937,0.08588011992998282,0.09164782929801388,0.03488746815622875,0.025484996231502282,0.03589321148763414,52.25802266026452,47.274453880698694,53.59214081328387,0.012053972363596663,19.95281219482422,-1.0,-1.5854110717773438,0.0,0.0,0.15199512288578843,0.9387534605872494,-0.3445895242683149,0.9915447702522387,0.12976505147933698,1.0,0.0,0.9832907123289338,0.182042234241557,0.5,0.5
2022-11-03,71.0396029855071,71.3710220881406,70.41260126031536,70.68132019042969,3164800,0.0,0.0,-0.00023669718320330164,-0.005883881494577005,-0.004219864005157956,0.02027132364897844,0.08056794427723543,0.0835093043047304,0.08334411692330503,0.03350945071808822,0.02808830499468501,0.03226773140108137,43.933776120608755,39.729007925117166,45.19629907161891,0.008869239404025689,19.146652221679688,-1.0,-2.391571044921875,0.0,0.0,0.34586964863000497,0.883952546827178,-0.4675766193446221,0.9989207499636337,0.04644712361483351,1.0,0.0,0.9865972537233625,0.16317432072945515,0.5,0.5
2022-11-04,71.01272581787704,71.63973431823484,70.1438757700793,70.81566619873047,2856500,0.0,0.0,-0.0017256231526223903,0.0016959251786951535,0.0008569698352372188,0.02029646682518238,0.07096023895615079,0.07345048756930572,0.07527221668262668,0.025238032833901088,0.01967646806246426,0.016840174833488722,52.48943704915936,33.7268075026793,53.3346309888915,0.008020455410672095,19.28099822998047,-1.0,-2.2572250366210938,0.0,0.0,0.3081027656334994,0.9445802715952064,-0.32828053629955894,0.9982631082071893,0.058913214073936716,1.0,0.0,0.9917593792931727,0.12811453307107978,0.5,0.5
2022-11-07,70.66340994573098,71.44268946419051,70.57383923682698,70.93212890625,2178400,0.0,0.0,0.0023301623535704483,-0.0010502246537358385,0.0006265763090898577,0.01969070613703132,0.0663588749756201,0.06699362836642977,0.0710055288377752,0.020890395512810696,0.01637594175324224,0.01761061228172341,44.83336075342808,43.5303153488804,60.11266061669152,0.006126551353527882,19.3974609375,-1.0,-2.1407623291015625,0.07166737604990203,1.3650646997276938e-05,0.27712951840899813,0.9556862377661992,-0.2943871854281158,0.9990533558059114,0.04350163506061599,1.0,0.0,0.9535385049667607,0.301271172775881,4.92548564114849e-05,0.9999507451435885
2022-11-08,70.79777038241575,71.85472116289839,70.75298161045517,71.26354217529297,2869400,0.0,0.0,0.0012675752030236553,0.0028753603914039444,0.0023306846581350412,0.01930348668993168,0.06470741654580227,0.06500909630674323,0.06987340831685668,0.021229421070338213,0.020137724978356603,0.014829129344927843,52.683433451471565,51.74844719698364,65.78122899014745,0.008107630624478534,19.72887420654297,1.0,0.33141326904296875,0.21498684466354234,0.00011874604777195762,0.023966404083361727,0.9793510414075793,-0.20216710339194632,0.9980762576589299,0.06199825721377407,1.0,0.0,0.9758171101566128,0.21858858050135435,0.012042575065566842,0.9879574249344332
2022-11-09,71.39789478030652,72.52650475369528,71.3620651329506,71.96219635009766,3667700,0.0,0.0,0.004285848236711788,0.004652845870591019,0.004877993173558202,0.019004239568679266,0.06646018598611568,0.06480772365549493,0.06973574779555393,0.011164594647323839,0.02211965531924923,0.017431029046327578,59.080872194470395,58.36637853833584,70.17074548690866,0.010464865969196675,20.427528381347656,1.0,1.0300674438476562,0.0,0.0,0.23152314566486498,0.9942913484026885,-0.10669917755804634,0.9958184738808826,0.0913540753198781,1.0,0.0,0.9574662325749984,0.2885453404209451,0.11576157283243249,0.8842384271675675
2022-11-10,72.55337776623068,72.78626706511902,69.68707421763067,71.28145599365234,6696300,0.0,0.0,-0.011875229604604003,0.0017876082616305141,-0.004752324764881734,0.020920910542668487,0.06422196577870146,0.06668195041329698,0.07007742726708906,0.029037685738217463,0.009813828312326328,0.01578203414061477,63.978362638002665,51.200493182287715,62.242596010707345,0.018925480707176038,19.746788024902344,1.0,0.34932708740234375,1.0659073928244993,0.0029137079594563093,0.02662732983321086,0.9980021337466108,-0.0631802266315334,0.9960688589146366,0.0885823249892081,0.9970584773480778,-0.07664458720831266,0.9980290987294169,0.06275283331729174,0.014770518896333584,0.9852294811036664
2022-11-11,70.76193879260214,70.76193879260214,67.86875778192828,69.19442749023438,6176900,0.0,0.0,-0.012193436601375361,-0.013008248959402337,-0.01370447101141508,0.023535386935053908,0.0698371196625492,0.06705043146367477,0.0713912453753717,0.03812753627053222,0.03363810432428466,0.03510174842163395,56.610331880864365,43.93720104693726,54.77855571816657,0.0169463880126424,17.659759521484375,-1.0,-2.0870285034179688,3.493307351022324,0.03912947534374069,2.0,0.6298902436716114,-0.7766841577676977,0.999994850004286,0.0032093558396686533,0.9636709605461976,-0.2670922683268255,0.9995662654967221,0.029449632950793142,0.019189303973522597,0.9808106960264774
2022-11-14,69.4183573022731,70.69923823294474,68.91675587503617,68.9436264038086,3980300,0.0,0.0,0.004937028371214389,-0.0002856139307053449,-0.0011699338757972181,0.023780517376190642,0.06960925549044591,0.06616839193120255,0.07284590952808297,0.042792575493932394,0.03366991724849488,0.03431044900780426,50.213882985482535,51.837839710340525,47.39692398158733,0.010880413112488625,17.408958435058594,-1.0,-2.33782958984375,0.0,0.0,2.0,0.8477608150654664,-0.5303787330196564,0.9999995994812915,0.0008950068473170773,0.9925662770985388,-0.12170532267220943,0.8467358118407418,0.5320135947007368,0.5,0.5
2022-11-15,69.16754912982516,69.55270927957807,68.53158829349941,69.36460876464844,3278100,0.0,0.0,-0.002307897972108164,-0.006732595417598276,0.0025068148040304503,0.022999395881317962,0.0719174540983401,0.06893516398629679,0.07447417305138879,0.041823084302629654,0.034478540641438356,0.03487318017415901,43.46422780843572,44.11993054181172,54.82612474968023,0.009015619911861415,17.829940795898438,-1.0,-1.9168472290039062,0.0,0.0,2.0,0.8370131024806481,-0.5471828453777768,0.9996069144486462,0.028035987345852137,0.9903829856792759,-0.1383529604923697,0.9803901705151173,0.1970662669188695,0.5,0.5
2022-11-16,69.85724546054035,71.5680750323987,69.812463532247,70.81566619873047,3954300,0.0,0.0,0.009258621688780168,0.01428114053253307,0.010351366727316734,0.023141509259170814,0.07172927093739628,0.06815490906285895,0.07391285593358342,0.047115489697885024,0.04817921229816471,0.04184289452517876,51.07842438442913,52.35625190645961,61.138192155316034,0.011102848531566836,19.28099822998047,1.0,1.4510574340820312,0.868836799453959,0.0020305672842068556,0.5730522239094876,0.9839056295656071,-0.1786888695725232,0.9996435594418006,0.026697454307991315,0.9996949963964779,-0.024696440631115292,0.9327977682822699,0.36040022681404726,0.2875413955968472,0.7124586044031528
2022-11-17,70.57382727289118,71.46954787769934,70.50216798439313,71.45162963867188,2493500,0.0,0.0,0.003099558426179685,-0.00043435558984169544,0.0028188166682435994,0.022264350763638523,0.06938662298003931,0.06527031957111504,0.06920729259137244,0.04149931422317806,0.04762934492873374,0.04243681059415621,44.514289489988705,59.03418105352008,66.05403530076,0.007064102076657304,19.916961669921875,1.0,2.0870208740234375,0.0,0.0,1.1854372853193684,0.9871925494367882,-0.15953328911701892,0.9997287805469757,0.023288738610258184,1.0,0.0,0.9271912673197372,0.3745882456858726,0.5927186426596842,0.4072813573403158
2022-11-18,72.04281492774058,72.96540613936723,71.82784387692624,72.58024597167969,2981100,0.0,0.0,0.009314099501549948,0.010356622272273089,0.007835878886011666,0.021842317017903828,0.06879800360873725,0.06168065691517467,0.06791476116638659,0.02263597911885909,0.040726673400263716,0.02085613172216436,51.30428142851328,64.4106799410396,70.16124097652356,0.008578876886453694,21.045578002929688,1.0,3.21563720703125,0.0,0.0,2.0,0.9996967179808948,-0.024626653411037324,0.999838722064418,0.017959116364440367,1.0,0.0,0.9027989521623226,0.43006284654060994,1.0,0.0
2022-11-21,73.00124152151228,73.49389067021094,72.26675077587511,73.43119049072266,3096600,0.0,0.0,0.0030459636602360174,0.003608405491191398,0.00582793060365573,0.021240788622431395,0.07143720552305731,0.06199917499472646,0.07118321338557933,0.022486824471142537,0.039775954445793946,0.01283538817377454,57.52077724339277,69.29376822369724,74.31820931757015,0.009015734913931112,21.896522521972656,1.0,4.066581726074219,0.0,0.0,2.0,0.9999983613495453,-0.00181033097089143,0.9981257068746052,0.0611970038161149,1.0,0.0,0.913767652392563,0.406237218187827,1.0,0.0
2022-11-22,73.67301579099934,74.21940587730876,73.36847408193796,73.60135650634766,2718000,0.0,0.0,0.006640036228786237,0.004311131522061752,0.0010158362175235118,0.020503800026661998,0.07771594466549069,0.06480462246654135,0.07550926507735471,0.012368465240388342,0.026267906714934057,0.01550876849680811,63.77872322641041,74.25434872263905,78.30061696306011,0.007931781212048208,22.066688537597656,1.0,4.236747741699219,0.0,0.0,2.0,6.123233995736766e-17,1.0,0.9934960602995782,0.11386649274135467,1.0,0.0,0.8934747438811599,0.4491134400644182,1.0,0.0
2022-11-23,73.81635379367711,74.31795525068272,73.80739467228564,74.14776611328125,2379300,0.0,0.0,0.0026106526887931334,0.0005807883753761751,0.003237376188603778,0.01958925809495004,0.08607703437965611,0.0684204547180613,0.08104197624311071,0.012549087230437794,0.019267803972867703,0.011104468805552242,69.58505443895064,78.86841049315109,81.97190045395263,0.006994919665952689,22.61309814453125,1.0,4.7831573486328125,0.0,0.0,2.0,6.123233995736766e-17,1.0,0.9939290193092176,0.11002320016713242,1.0,0.0,0.900525062510641,0.4348041073750408,1.0,0.0
2022-11-25,74.56875574480433,74.88225665444746,74.02236551636605,74.31795501708984,1319900,0.0,0.0,0.0008066952757519285,0.0020981354175824423,0.0006359117843718247,0.018974829733544654,0.09448969008946674,0.07546794177631777,0.08779923104350928,0.015095406147788952,0.015869407239460356,0.013105293320413798,74.84825375572022,82.84022292974632,85.15952488338279,0.0038892891751332107,22.783287048339844,1.0,4.953346252441406,0.0,0.0,2.0,6.123233995736766e-17,1.0,0.9902763256276683,0.13911433751186178,1.0,0.0,0.9090894465550194,0.4166009819507012,1.0,0.0
2022-11-28,74.34480465649739,75.0524247015978,74.17461556745396,74.2821044921875,2930900,0.0,0.0,0.0010273492076184178,0.0011349478693741847,-0.00024125511807150752,0.018472076647336917,0.10220885660608522,0.08176515325416328,0.09199298181099763,0.011595764817691,0.008189202474673144,0.010838567802127597,79.33709370548117,86.1242048826287,69.9639548228404,0.00863218333137446,22.7474365234375,1.0,4.9174957275390625,0.0,0.0,2.0,6.123233995736766e-17,1.0,0.9906093860873716,0.13672250800654867,1.0,0.0,0.9211714639495872,0.3891569529187092,1.0,0.0
2022-11-29,74.00445473335087,74.7031158618381,73.83426559504494,74.20150756835938,2936100,0.0,0.0,-0.002299523986235294,-0.002332526986617465,-0.00054280012931838,0.01800765465746538,0.10639330295624826,0.0852694609293727,0.09552059070218216,0.016055948305807814,0.012704780139380364,0.0074960431191031665,65.28899168067544,69.90872997334716,57.58215423216553,0.008638115909093374,22.666839599609375,-1.0,-0.080596923828125,0.1880999213211112,6.886448199481641e-05,0.00026862655961221204,6.123233995736766e-17,1.0,0.9941949844666944,0.10759336811007081,1.0,0.0,0.9386477495603963,0.3448773727648764,0.20404832574786266,0.7959516742521373
2022-11-30,74.1567299055439,76.69162154821758,73.84322897516907,76.40499114990234,15812000,0.0,0.0,6.069564052542503e-05,0.01313457601233242,0.014630733735235466,0.01890202727817148,0.11113235442252241,0.09901512104393899,0.11086983442175713,0.008739441770972387,0.026488460451581576,0.0282446906543975,71.93995947786081,75.45940612229897,65.6721217103185,0.047900934992446076,24.870323181152344,1.0,2.2034835815429688,1.6391968466197824,0.00434409548073317,2.0,6.123233995736766e-17,1.0,0.9825996119870937,0.18573637910439889,1.0,0.0,0.9999840958731859,0.005639858215144045,1.0,0.0
2022-12-01,76.35122119229287,77.68584979198052,75.67943074966828,76.512451171875,3802900,0.0,0.0,0.002953530696080864,0.0015489245849834707,0.00016901217838890848,0.01940033351600787,0.12271282839218453,0.115781464923029,0.12307202028180557,0.02528999685274159,0.026156552781455053,0.028893935228211553,77.68679551302102,80.01796372657785,72.33202944822416,0.011536723286891183,24.977783203125,1.0,2.310943603515625,0.0,0.0,2.0,6.123233995736766e-17,1.0,0.9742172933056075,0.22561175816941795,1.0,0.0,0.8535168073597581,0.5210653121772794,1.0,0.0
2022-12-02,76.44976531149514,77.55150485046462,76.44976531149514,77.49775695800781,3125800,0.0,0.0,0.0041621055968385405,-0.0007113303952065112,0.0052585717836031234,0.018801015539828346,0.13527692270724256,0.1259176003722145,0.1360386352605487,0.025569093917903685,0.028297868817305175,0.028991494466817265,62.320418987972765,83.48808428014767,77.49460900573277,0.00960474357787309,25.963088989257812,1.0,3.2962493896484375,0.0,0.0,2.0,0.9950568822708781,-0.09930660121744167,0.9732649391322474,0.2296853461932272,1.0,0.0,0.8393426579741957,0.5436027064914342,1.0,0.0
2022-12-05,76.72743663883851,77.55149802335633,76.50350646910172,77.30069732666016,3119000,0.0,0.0,0.00035059234858161306,-4.392085376843583e-08,-0.001270238389935101,0.018470972239268857,0.1442129994524997,0.1336074312098803,0.14456089929051755,0.02589350489390157,0.02885817233611569,0.029840923810393608,50.770253297889894,86.19702139823788,64.4228135949292,0.009559479399518497,25.766029357910156,1.0,3.0991897583007812,0.0,0.0,2.0,0.9986545532945058,-0.051856370719045516,0.9745089694245737,0.22434854247588804,1.0,0.0,0.8887312591659304,0.45842856475283017,1.0,0.0
2022-12-06,76.78117209738386,77.63210394685001,75.97502217831776,76.47662353515625,3194800,0.0,0.0,-0.0034659587515170364,0.0005194229446301534,-0.005358877283630238,0.018884135794960507,0.14929450479087034,0.1386256391297317,0.147543844400376,0.027180854426770817,0.026559164655418164,0.03465895932036137,58.57490915109548,74.00217826692952,55.120064462042684,0.009687413472161554,24.94195556640625,1.0,2.275115966796875,0.4747431331773839,0.00036229002858022025,2.0,0.9999105192084361,-0.013377353113221104,0.9780861063033288,0.20820078927898736,1.0,0.0,0.9524989108928247,0.3045419917646544,1.0,0.0
2022-12-07,76.9155343536981,78.19641515118853,76.78117488999929,78.124755859375,4279600,0.0,0.0,0.005277381390432226,0.0036213602465379915,0.010660527937547301,0.018737727938481687,0.15595987975487205,0.1446779886932793,0.1558156641451516,0.026489984867134872,0.013552144830501604,0.02834132506193367,64.77914634340225,77.37269714612479,61.31948307129637,0.013256452109569744,26.590087890625,1.0,3.923248291015625,0.0,0.0,2.0,6.123233995736766e-17,1.0,0.9952474989667143,0.09737769662761607,1.0,0.0,0.850682201095201,0.5256803142022954,1.0,0.0
2022-12-08,78.0172783006022,78.62636870224159,77.70377739545116,78.42035675048828,2912800,0.0,0.0,0.0040647695981665035,0.0018660353566862513,0.0012852088654287978,0.018174068207340577,0.16534860404923804,0.15164607265949476,0.1640850013464225,0.01822838231954615,0.008487918951356258,0.02812107680238156,69.57962280091374,80.16437512901841,66.42782633661152,0.00905680328237432,26.88568878173828,1.0,4.218849182128906,0.0,0.0,2.0,6.123233995736766e-17,1.0,0.9897143713878128,0.14305755159524589,1.0,0.0,0.8329927046453954,0.5532839723031465,1.0,0.0
2022-12-09,78.23224534169994,78.45617552438235,76.83492318857988,76.88866424560547,3100900,0.0,0.0,-0.0056222435130340274,-0.001083463338954505,-0.009862224969670865,0.018718226630536013,0.16457428593314177,0.15639474491017827,0.16360828796980526,0.02302197819705261,0.008760476151994089,0.034764673175028724,60.56556644950351,70.81872717386263,58.32158711093899,0.009453345535683574,25.35399627685547,-1.0,-1.5316925048828125,0.0,0.0,0.13181206805517584,0.9916538048876169,-0.12892917145437713,0.995224764928089,0.09760977038099276,1.0,0.0,0.976856001385464,0.21389799568299425,0.5,0.5
2022-12-12,77.14842477662857,77.90083375083873,76.78118282728134,77.78438568115234,3372200,0.0,0.0,-0.00034983546121777355,-0.003551754898087743,0.005791063381571807,0.01820922165125474,0.15196409830785415,0.15113593867669672,0.15511958335569265,0.023087621136467597,0.012976867695953413,0.037067551546381486,53.302445301475885,63.15074971534897,63.2765938581887,0.01040018836974936,26.249717712402344,-1.0,-0.6359710693359375,0.0,0.0,0.022724101431125528,0.9632732634466045,-0.268523034261362,0.9997216366445457,0.02359341485989027,1.0,0.0,0.9882192498418932,0.1530448112218305,0.5,0.5
2022-12-13,77.86500348055775,78.42035279438595,77.39923170694563,77.90083312988281,3818600,0.0,0.0,0.004008608236859317,0.0033234077544371746,0.0007479672740917573,0.017819570696475998,0.1428675466536552,0.14422202127629777,0.14124714425962526,0.021687984542744006,0.014206015433088633,0.034026793719726625,58.668788900829924,67.1547167133515,67.4496163609006,0.011794559504632672,26.366165161132812,1.0,0.11644744873046875,0.0,0.0,0.033526269846813034,0.9986361358395407,-0.05220984768671982,0.9975659997886976,0.0697285885815569,1.0,0.0,0.9048385670553198,0.42575482095834866,0.016763134923406517,0.9832368650765935
2022-12-14,78.09789675702734,79.12797018384258,78.08893763578861,78.22329711914062,4062800,0.0,0.0,0.004435745380233407,0.004491430794565897,0.0020654333749912405,0.017599076714908766,0.12884256020235293,0.1284699392286693,0.12564188394325176,0.021081172386012918,0.015085029966092756,0.026374096695290273,63.216735264524026,70.86212454766736,71.0450397476352,0.012600768027105058,26.688629150390625,1.0,0.43891143798828125,0.0,0.0,0.47629835074900034,6.123233995736766e-17,1.0,0.9957133944045,0.09249235754087243,1.0,0.0,0.8999863286583253,0.4359181210136932,0.23814917537450017,0.7618508246254998
2022-12-15,77.93667484012663,78.29496455501675,76.68266425491517,77.88292694091797,4681400,0.0,0.0,-0.00908612021646272,-0.005291513782332034,-0.002180375448013565,0.017892103806110487,0.11379515263713366,0.11792758539255824,0.11338819152296693,0.02657919580663024,0.018988932056517957,0.026269942944996256,56.819737304109395,63.22820123876684,63.73008343044887,0.01445617744770876,26.34825897216797,-1.0,-0.34037017822265625,0.7165674520304606,0.000739622830982457,0.6013803130117995,0.8599771357959881,-0.5103325640287211,0.9990598603828889,0.043351993860981895,0.9997264590373163,-0.023388182928763324,0.9974168312541767,0.07183080628029481,0.0012283646279660438,0.998771635372034
2022-12-16,77.35444493624725,78.06206515264196,76.80805472907926,77.86500549316406,8126400,0.0,0.0,0.0008169254466595318,-0.0014895358578391822,-0.00011506700264859845,0.01776827240669686,0.09900397818784598,0.10229008432342826,0.10096105165851871,0.024401943370259468,0.01907678153051721,0.013260661147281493,51.80592951816226,66.9630175135185,58.04549529868963,0.025088573534111706,26.330337524414062,-1.0,-0.3582916259765625,0.0,0.0,0.6663762627572831,0.9370851670410237,-0.34910083029362243,0.9997143474090838,0.0239002841913996,1.0,0.0,0.9961808021762284,0.08731442822080494,0.5,0.5
2022-12-19,77.83813473806656,78.75176689849563,77.50671559956021,78.03519439697266,4570400,0.0,0.0,0.002546331481149687,0.0024736199399484553,0.0006139607169019917,0.01760276941954027,0.09055425563238989,0.09368541643050995,0.09228435044803938,0.025985629424414,0.01934953544494611,0.007164604790552491,54.51512209563175,69.8971206928989,60.57724380731012,0.014141001972476386,26.500526428222656,1.0,0.17018890380859375,0.45680234347888415,0.00029713078073325923,0.22562601145720446,0.9963189446149218,-0.08572374584330968,0.9999244716244629,0.012290282606135947,1.0,0.0,0.9622864237818559,0.2720383035624327,0.11296157111896886,0.8870384288810311
2022-12-20,74.95390704385505,75.73318649841279,73.84321531014803,74.46125793457031,8326500,0.0,0.0,-0.024205496939392335,-0.019539640163708318,-0.023436194139338,0.021151211127350193,0.08325181066491055,0.08493341184365458,0.08803956154980072,0.05472364063229928,0.044206696730569685,0.0478393457847646,50.27235949946801,63.40010265545031,54.82860400003325,0.02458262806989096,22.926589965820312,-1.0,-3.5739364624023438,2.964839418931234,0.016723355603455472,2.0,0.457586578715778,-0.8891650707147628,0.9975408363319659,0.07008765832956598,0.8539756439336043,-0.5203129823175526,0.9999999262403927,0.0003840822947551157,0.008292339927035463,0.9917076600729645
2022-12-21,75.14201435885843,76.63786639489552,74.52396484476827,76.45872497558594,4221800,0.0,0.0,0.0023264015560218176,0.003010423810243626,0.006710703393281316,0.02116072028547445,0.07926030483654048,0.0775421674624375,0.08028911758834303,0.054851709317941366,0.04558460233205596,0.059353969037154855,54.72032749889392,67.31844837581613,59.300355709071724,0.012798532105035778,24.924057006835938,1.0,1.997467041015625,0.0,0.0,0.312367318459901,0.8288057734329506,-0.559536406254507,0.9961622864323196,0.08752541967870302,0.9454073900859012,-0.3258908816934964,0.9170578946110185,0.398754082025007,0.1561836592299505,0.8438163407700495
2022-12-22,76.46766138349804,76.57514346963553,75.61672281001408,76.28851318359375,2735800,0.0,0.0,0.0047164178008113075,-0.0002652878438546595,-0.0007221093480788041,0.020590445538915342,0.0750720624800213,0.06953980011243885,0.07425546725677729,0.05794525566410526,0.04550893708381263,0.059401338218951404,49.250242093434146,70.98726477878184,53.01876454657706,0.008275208619979584,24.75384521484375,1.0,1.8272552490234375,0.0,0.0,0.2613995174842952,0.9062482802055725,-0.422745851102577,0.9964905085237029,0.0837058326651847,0.9907366186963539,-0.13579746821688363,0.8687290453990751,0.4952876393369935,0.1306997587421476,0.8693002412578524
2022-12-23,76.27060500986157,76.60201723455786,76.01980435318154,76.50349426269531,1477500,0.0,0.0,0.001435595959716257,9.474965625050549e-05,0.0007598760315604857,0.019609562815363062,0.07106450654584942,0.06354855054773141,0.06796917485839445,0.058412590657282944,0.0457638717923862,0.05972870289756843,54.77025151465893,74.33183922544374,58.22137478347027,0.004481714804115469,24.968826293945312,1.0,2.042236328125,0.0,0.0,0.3265264299273055,0.9429455163614487,-0.33294707263143314,0.9965267062071282,0.08327378828882438,0.997376261359824,-0.07239194206470692,0.9026931695994722,0.4302848377045821,0.16326321496365276,0.8367367850363472
2022-12-27,76.64682943632945,77.10364896288351,76.3064579887091,76.9782485961914,2017400,0.0,0.0,0.0018818398818463335,0.0032635864424235437,0.003093230013243918,0.018836296835960043,0.06708512917523339,0.05684102526672613,0.059986680785862584,0.057384255839606615,0.04503502890652489,0.06033823118245835,59.884674363125924,77.32893038722824,62.88381782429768,0.006157373489617115,25.443580627441406,1.0,2.5169906616210938,0.0,0.0,0.4959861551471692,0.9754702825834068,-0.22013116043997133,0.995485215181344,0.09491673380049019,0.999323786738126,-0.03676913460189561,0.9214562303248063,0.3884821946957127,0.2479930775735846,0.7520069224264154
2022-12-28,77.3007059861778,77.53358846845178,75.84067674229985,75.92129516601562,1707300,0.0,0.0,-0.0025908128624143253,0.002352941306915964,-0.0058501565351546546,0.01932708123904968,0.060757495229646345,0.04537605007936244,0.0511822930741817,0.01708611663542851,0.011452575272494773,0.03293299393706067,64.486718736153,68.08601468949857,55.55578775412293,0.0051393583873320684,24.386627197265625,1.0,1.4600372314453125,0.17912761088169304,5.395374421376811e-05,0.16689149555693072,0.9904528032349941,-0.13785225628890568,0.994868371664578,0.1011776806488028,0.9974073095832562,-0.07196289870405828,0.9644859224777159,0.2641342562832573,0.08347272465057225,0.9165272753494278
2022-12-29,76.23478884275362,76.35123007284864,75.45550937849957,75.5809097290039,2473100,0.0,0.0,-0.0025457836953850827,-0.00768339857570692,-0.0022467358626733,0.01887391016629213,0.05398803601958621,0.04655163852357878,0.05362432522785631,0.018936633198872163,0.019610519176101467,0.017169415560257594,56.802267208112454,60.04456366202357,48.95761630096194,0.007411212188831692,24.046241760253906,-1.0,-0.34038543701171875,0.8509486102095281,0.0012523111526736258,0.054351818705086,0.7764563646130025,-0.6301710195272074,0.9972618951414899,0.07395074373394736,0.9956486268961655,-0.09318697204963942,0.9834107140174427,0.18139285420242837,0.02252190899987376,0.9774780910001263
2022-12-30,75.6794389770142,75.86753950134137,74.6045768854856,75.1061782836914,2477000,0.0,0.0,-0.005670611780916971,-0.003177601375049358,-0.003150445413561274,0.01883767180880977,0.0572985602934653,0.05087703857903671,0.058005951214672884,0.01573810062668913,0.020400600996923902,0.017622413661795452,49.62947288751361,52.47888136017636,42.59409401068131,0.007376275441996354,23.571510314941406,-1.0,-0.8151168823242188,0.0,0.0,0.3116821385994239,0.8642678939755912,-0.5030318155375425,0.9980013008498957,0.06319338178888616,0.9896229253741234,-0.143688780264717,0.9971248644867674,0.07577601614129423,0.5,0.5
2023-01-03,74.84641950435149,75.01660862416772,74.00444669334932,74.54187774658203,3036500,0.0,0.0,-0.004038315962811749,-0.005639630721617143,-0.003770851102771548,0.018680260359154488,0.06326334272528115,0.058759077953853926,0.0642585290275727,0.012602152081383754,0.022073966158318324,0.016249965818881842,42.572872572751486,45.335238088613636,36.645354734905226,0.008974475355530155,23.00720977783203,-1.0,-1.3794174194335938,0.0,0.0,0.8926137054645803,0.8625020505556377,-0.5060535671125344,0.9990085150113824,0.044519511843152,0.9858122887760181,-0.16785151562672476,0.9999006929146037,0.014092704101605402,0.5,0.5
2023-01-04,74.21046314504919,75.62570357730121,74.21046314504919,75.14201354980469,3445900,0.0,0.0,0.0013899846643262166,0.004043319199182827,0.004009354634122497,0.01855271999720071,0.06719341469471439,0.0623476467737483,0.06699060301624614,0.011717952683775412,0.023053136761721747,0.01787606907577365,50.69119736493337,52.74543171114541,45.375549663853064,0.010266465540097539,23.607345581054688,1.0,0.6001358032226562,0.0,0.0,0.18928127896923952,0.9504408539746831,-0.31090542468068166,0.9985401790839213,0.05401398666132881,0.9901654719466559,-0.13990117284946543,0.9901655008687734,0.13990096814994213,0.09464063948461976,0.9053593605153802
2023-01-05,75.37489878887389,76.04668931848275,74.99869773240654,75.6077880859375,2934100,0.0,0.0,0.004498132466306274,0.002363377459894894,0.002630820600745333,0.018111461093971944,0.0683662598178289,0.06399316091932392,0.06825228407353671,0.019818423534920852,0.02304834636460589,0.016425295539274038,56.873375532967344,58.33693379431054,52.34178745401632,0.008795831467977433,24.0731201171875,1.0,1.0659103393554688,0.0,0.0,0.5971039412245546,0.9794816495809312,-0.20153336729737292,0.998146537428034,0.06085630468921196,0.9960077136155889,-0.08926720796713135,0.9456261637920674,0.3252555277806943,0.2985519706122773,0.7014480293877228
2023-01-06,76.14522280689505,77.22904409342625,76.14522280689505,76.99615478515625,2290900,0.0,0.0,0.005922759456106188,0.00602289965434853,0.007103455340812246,0.01801855627154528,0.06774251210312209,0.0629776750042622,0.06612844691722937,0.025662162260459094,0.02438533153520249,0.024013880497979867,61.95913103203877,63.202026781954515,58.11121407901146,0.006993758381119816,25.46148681640625,1.0,2.4542770385742188,0.0,0.0,2.0,0.9993844526356616,-0.03508155968766566,0.9967470107520146,0.08059402308436622,0.9996477583725001,-0.026539766028274993,0.8967426090167715,0.4425524750510314,1.0,0.0
2023-01-09,76.83390448749876,77.40178032285525,76.32913208007812,76.32913208007812,3010700,0.54,0.0,0.0012061652814954035,0.0011170879420778924,-0.004350376371148787,0.01788151039546417,0.06451742867546571,0.06065516762736845,0.062491434098110026,0.01987898109490123,0.02197404319279735,0.025347404624394106,66.28897940425243,67.4319792610228,51.64583830405216,0.009111570963185003,24.794464111328125,1.0,1.7872543334960938,0.0,0.0,1.6787317544469331,0.9999136796881256,-0.013138994350880801,0.9966070542474466,0.08230661835008908,0.9998647715445633,-0.016445018216412,0.926688027283091,0.3758314783119867,0.8393658772234666,0.16063412277653344
2023-01-10,76.74376537693738,76.84291807945861,75.68013292198889,75.76126098632812,2470100,0.0,0.0,-0.003502846670329276,-0.0029726349336451985,-0.003063338810932003,0.017825004405095553,0.06354682146972393,0.05859793530398791,0.06298155722551332,0.020248586347127687,0.018574979817121744,0.02530808917227226,60.18664640266208,60.771889524151824,46.771454629672114,0.007419885190772842,24.226593017578125,-1.0,-0.56787109375,0.4650898849061633,0.00036854379301324213,0.10095476154753709,0.9311487512007748,-0.3646395523489432,0.9974845013585015,0.07088490353792944,0.9990375492939301,-0.04386314057130808,0.9735167481682337,0.22861570601327388,0.003637305275173926,0.9963626947248261
2023-01-11,76.00461863596743,76.34714171985355,75.29252519996133,75.67110443115234,3113000,0.0,0.0,-0.0025674034414526763,-0.0032363481041430197,-0.0005953585610792691,0.0175669990361702,0.06280851343750264,0.05825448636111093,0.06153969705725325,0.02249999924936152,0.020922886769125404,0.024807439110831712,54.61620816490351,55.196199808729595,42.68487498997477,0.009339952089878159,24.136436462402344,-1.0,-0.6580276489257812,0.0,0.0,0.1355550079299676,0.9158782463158072,-0.40145614695192017,0.9974041746481478,0.07200633579378372,0.9976978146070838,-0.06781644880299231,0.9844481693857844,0.17567527370969965,0.5,0.5
2023-01-12,75.65308923328568,75.65308923328568,74.23791794081706,74.39115142822266,3928400,0.0,0.0,-0.007052792976420164,-0.004566127842146779,-0.00852947995216829,0.017968987452469738,0.06197240784600131,0.05749174411829293,0.0627375080211289,0.025334290949679577,0.022788141473735923,0.029630591585129578,49.11509307652726,49.74740589923776,38.34378335286462,0.011587038189396777,22.856483459472656,-1.0,-1.9379806518554688,0.0,0.0,1.1757802373868025,0.8919509946182018,-0.4521320860098302,0.9982429177003632,0.059254343816009386,0.9930969275690521,-0.11729660034676584,0.9995796299158278,0.028992472425384382,0.5,0.5
2023-01-13,74.20186578730058,74.78776625090129,74.20186578730058,74.37313079833984,3442800,0.0,0.0,-0.00021285163508897694,-0.005040905268083127,-0.00010616158348217969,0.01725223490990369,0.05596448814056172,0.05515841331571424,0.06101904028764015,0.014604545751097002,0.011661035756109458,0.01515313611092532,43.27896938265034,44.37988847571972,34.02511541343222,0.010152273600587236,22.838462829589844,-1.0,-1.9560012817382812,0.0,0.0,1.197748270864202,0.8643681724347606,-0.5028594858226222,0.9991425969949469,0.04140133899034109,0.9933123737069364,-0.1154579067915735,0.9997587812418529,0.021963135700642664,0.5,0.5
2023-01-17,74.27397921269106,74.80579201517371,73.68807874027196,73.7872314453125,3880300,0.0,0.0,-0.0034741175180630643,0.00012049826530873266,-0.003954494604054908,0.01722912171350615,0.05729463300833425,0.055153000809894166,0.0617436453914172,0.011111318009579886,0.009839104246839755,0.015058004140456426,50.69292778688168,39.15734047682022,29.758683483869394,0.01135225072995167,22.2525634765625,-1.0,-2.541900634765625,0.0,0.0,2.0,0.9129494909392148,-0.4080725756453482,0.9992202224137391,0.03948350439661908,0.999542398293374,-0.030248867977663036,0.9932810817839857,0.11572680143352813,0.5,0.5
2023-01-18,73.39964186675043,73.41766650673705,70.38901809033526,70.6774673461914,6451600,0.0,0.0,-0.022897883997589446,-0.009365086486842854,-0.021526117626903478,0.020136719656898974,0.07880944518078267,0.062117628480213766,0.0818389541245569,0.040638900622186995,0.015519572466852458,0.03943623265239981,42.78382835648231,32.075692020255254,24.254925817631847,0.01807939390469951,19.142799377441406,-1.0,-5.651664733886719,0.0,0.0,2.0,0.8969835626603111,-0.4420638961928645,0.9999457801647,0.01041329586679735,0.9658322275281513,-0.25916810812291163,0.9990975826814187,0.0424737599012109,0.5,0.5
2023-01-19,70.77659043996648,70.89377463175705,69.66789319629909,69.8121109008789,3865500,0.0,0.0,-0.0030849220023070017,-0.010478719768109119,-0.003690533639807114,0.02018442449005971,0.09505407788779026,0.08157702570158451,0.09986845979339119,0.03946331354786513,0.029410419739083486,0.036410052931340225,33.903940218554304,25.186858655474147,18.867997669257985,0.010699707432593925,18.277442932128906,-1.0,-6.517021179199219,0.0,0.0,2.0,0.8163253744660219,-0.5775923155677446,0.9999963069503214,0.002717735402627409,0.9578191835592222,-0.28737155671002806,0.9995374190875975,0.030412955195187892,0.5,0.5
2023-01-20,69.81213597455955,70.08255372365379,69.10905807932537,69.82115173339844,3961800,0.0,0.0,-0.004026858291935124,-0.0057543058296859835,6.474698326866922e-05,0.019736160397975655,0.11560200591859182,0.10645079310396321,0.11787776838742088,0.04019331110116643,0.02892783952785371,0.03975784913878479,25.874117937351716,19.41987505997645,37.534346515508,0.010967686075331806,18.286483764648438,-1.0,-6.5079803466796875,0.0,0.0,2.0,0.8217919477070893,-0.5697876750894043,0.9997628163368695,0.021778683848457218,0.9553842859032109,-0.29536564839062057,0.9997912992591722,0.020429339824290665,0.5,0.5
2023-01-23,69.82114011618886,70.27183170501813,69.40650467970688,69.76705932617188,2750000,0.0,0.0,0.0014905638523737051,0.0009360827773255278,-0.00026898478413239633,0.01922657857431951,0.13018986064400592,0.12279792087852776,0.130708899493565,0.04246960818651278,0.03425128249797693,0.03955255574720666,43.54222634978495,37.67337541285104,29.008801045775886,0.0076070902184506,18.232391357421875,1.0,-0.0540924072265625,0.0,0.0,0.000916009336501601,0.8523448385368617,-0.5229801872151287,0.9997194583649726,0.02368553496220705,0.9644677420210758,-0.26420063323309345,0.9996790872793695,0.02533224143826785,0.5,0.5
2023-01-24,69.72198669060494,70.30788712538471,68.72145082365999,69.41551971435547,3959400,0.0,0.0,-0.004959559804895495,0.0002564766857307323,-0.002525744344154196,0.01957610838577612,0.1441580294168435,0.13513576205979114,0.14232183846227592,0.04201022469812728,0.0343781521938808,0.04009257195379979,56.63157752671065,29.228913026678256,22.56640484144901,0.0108973628914189,17.88085174560547,1.0,-0.40563201904296875,0.22533340173092142,0.0001588088648185906,0.051510022660337954,0.8817127462397756,-0.4717866394020851,0.9997328325838248,0.023114139696775223,0.9617980357821904,-0.27376000139816,0.9999102401253377,0.013398197359700968,0.003073591179263841,0.9969264088207361
2023-01-25,69.33438627604838,70.2087289817873,69.05495971619636,70.19070434570312,3287800,0.0,0.0,0.0020100578867262163,-0.0005859718015855366,0.0046108010715432985,0.019151176406375755,0.15220764853726693,0.14498298464561257,0.1470000437818886,0.017246494790365077,0.03475350436913805,0.019094455375623223,44.10485066233355,44.41033952516217,38.68541883669707,0.009149986362696915,18.656036376953125,1.0,0.3695526123046875,0.0,0.0,0.8300191161278656,0.9971348454711628,-0.07564456323623167,0.9997506715662035,0.022329234266429587,0.9695824615667396,-0.24476488764155302,0.9689559903718479,0.24723326783123542,0.4150095580639328,0.5849904419360672
2023-01-26,69.92029649345399,69.92029649345399,69.10905021549102,69.22623443603516,3376000,0.0,0.0,0.00039149485688352127,-0.0020583350762278393,-0.006917881844887425,0.019147059301339083,0.15648233337408674,0.1523025390464742,0.15180027527427264,0.015523256048658667,0.012282732188720174,0.02020813319583692,34.876675417130045,55.601128366105286,31.0556549748777,0.00926634790876266,17.691566467285156,1.0,-0.5949172973632812,0.0,0.0,2.0,0.9892257309773578,-0.1463982690208878,0.9998080004494917,0.01959495438089414,0.9737730036654284,-0.2275217293631744,0.9892252517983628,0.14640150683809816,0.5,0.5
2023-01-27,70.03747521759338,70.55126339092986,69.13609197475688,70.208740234375,4273400,0.0,0.0,0.00019560730190896816,0.00449177682653481,0.007046336836667019,0.018970365025924977,0.1595756935381869,0.15311791207049094,0.1535586458600558,0.01327636831684634,0.011084652641838102,0.025820632015697162,47.136872797178526,63.702574574403734,43.02075063957568,0.011895978794865385,18.674072265625,1.0,0.3875885009765625,0.3425344091425586,0.00033645759751838955,0.42445199099417874,0.9262264252445227,-0.37696765004274907,0.9980428623649547,0.06253355005409571,0.9764026673210244,-0.21595793860932466,0.9943507110973315,0.10614453985123787,0.21239422429584856,0.7876057757041515
2023-01-30,70.45212734062017,71.01098062746861,70.28987805930721,70.4971923828125,3117600,0.0,0.0,0.006037101383038314,0.0023691371132087747,0.0014955750659252792,0.01835610182687448,0.15842776839835562,0.15403389224725714,0.1538544945782401,0.021346451051362236,0.012257375510730556,0.025836640562754143,55.86558107598599,69.4787473479968,51.762317043351096,0.008714202927515442,18.9625244140625,1.0,0.6760406494140625,0.0,0.0,1.291315689939103,0.9415159494336574,-0.33696842131279725,0.9906370662536382,0.13652180398890443,0.9871623861630611,-0.15971982765095757,0.9558508829913769,0.29385215582773094,0.6456578449695515,0.3543421550304485
2023-01-31,70.68647367831896,70.76760174785474,69.70396922477663,70.63239288330078,4144900,0.0,0.0,-0.004185247036904586,-0.0017166124497534235,0.0009579883639092953,0.01808794716405794,0.15964737008906538,0.15544136824255567,0.15379547925498582,0.02024531016327911,0.013468500386726062,0.024327316111076948,47.74059222206953,59.734283205623534,58.29573585373259,0.011607893955429391,19.09772491455078,-1.0,0.13520050048828125,0.0,0.0,0.05164679855227632,0.9820837926081303,-0.18844475131038016,0.9973829957569664,0.072299099405588,0.9844483158186956,-0.17567445312774882,0.9882108257784736,0.1530991959947117,0.02582339927613816,0.9741766007238618
2023-02-01,70.26281012261457,70.50618741152985,69.56874815924145,70.29886627197266,4141600,0.0,0.0,-0.0009701355052620491,-0.001848936101078372,-0.002364706546064892,0.01795637533852555,0.16135750958159698,0.15811554291762248,0.15475741241534968,0.02054097149153242,0.014219035854816599,0.023250134124355604,41.686268916410924,52.52367214033628,51.631435170605165,0.01154388331456481,18.764198303222656,-1.0,-0.19832611083984375,0.7211299000657618,0.0014769540294646136,2.0,0.9807892688688173,-0.19507026957425036,0.9996610332854294,0.026034948256286047,0.9850691148205022,-0.17215934196770247,0.9938653165036656,0.11059716384730939,0.0007379320688610192,0.999262067931139
2023-02-02,69.2262319050411,69.4065057926604,67.79302905353812,68.41498565673828,7882500,0.0,0.0,-0.012927316038963752,-0.007859770215877164,-0.013581056174566876,0.01974912347610801,0.16710336214756466,0.16164061146619074,0.15883360461727772,0.034324336743266945,0.021926228209517274,0.034488663863833285,37.00231240259402,46.69435050806065,46.15241996126824,0.02138211568266496,16.88031768798828,-1.0,-2.0822067260742188,0.0,0.0,2.0,0.9292912135471216,-0.3693478582909585,0.9999013229719129,0.014047929349846687,0.9951776535506753,-0.0980889283934325,0.9999445701405966,0.010528848291127582,0.5,0.5
2023-02-03,68.9648388068303,68.99187920574346,67.30628994439785,68.03641510009766,5555700,0.0,0.0,-0.002539322670835588,-0.002111547869326094,-0.001955436161780136,0.020210140643683094,0.1701295496256423,0.16331166033464586,0.1603119448097555,0.03399136198718427,0.01770493123429313,0.027703327580417852,33.272214792353154,42.27183664334104,41.96798949454697,0.014987033006638666,16.501747131347656,-1.0,-2.4607772827148438,0.0,0.0,2.0,0.9425488697842406,-0.33406829850862935,0.9999489631498084,0.010103024083072053,0.9923743257791794,-0.12326068933086116,0.9999842837729741,0.005606443351361205,0.5,0.5
2023-02-06,68.09949648541725,69.59578886701021,67.86513495203256,69.5687484741211,4531400,0.0,0.0,0.003372097301078197,0.0035541929749676377,0.009082640894063753,0.02013012418840377,0.16304954257348347,0.15540575774564325,0.1471753188509306,0.027753138280799228,0.019474584401307903,0.0396175639721731,38.1315067135144,45.91979991008907,45.34992140433401,0.012499195073171801,18.034080505371094,1.0,1.5323333740234375,0.18928307434981662,0.00011016294925846394,0.3877590149457132,0.9819149239849462,-0.1893226929230549,0.9999028202492507,0.01394094894885362,0.9979061078623166,-0.06467920756381028,0.9345683513955115,0.3557836372992378,0.19393458894748583,0.8060654110525142
2023-02-07,68.86567395789018,69.05496359393621,67.98231544600107,68.7845458984375,3276700,0.0,0.0,0.0006237464879397532,-0.0028205839363721528,-0.004098670825969247,0.020552780189016368,0.15014432024607308,0.1440231484967237,0.13548298079382748,0.028949968283230747,0.019795587975171,0.039923073424418816,36.22601688716168,49.44323305576049,42.52033057310895,0.008936408455952295,17.2498779296875,1.0,0.7481307983398438,0.0,0.0,0.09242946724034709,0.9271804729432414,-0.3746149631191302,0.9999393798972033,0.011010746150766996,0.9984789134181997,-0.055134920506074346,0.9695647234495544,0.24483514258004116,0.046214733620173545,0.9537852663798264
2023-02-08,68.69441845079649,68.82962731722833,68.15358986207772,68.27076721191406,2415500,0.0,0.0,0.0009274492886941105,-0.0012047189445685668,-0.0027634433666073386,0.01993565549207088,0.1356685776570619,0.13171477817259794,0.12418003869795693,0.029867710999409748,0.019833003998088176,0.039969517230308,34.130360275576145,52.94903938813825,39.40662920270033,0.006538487237928731,16.736099243164062,1.0,0.23435211181640625,0.0,0.0,0.009069704241762186,0.9591775281698404,-0.28280464892571183,0.9999550882729125,0.009477417217357028,0.9992115952931583,-0.03970123211818164,0.9771793150900612,0.21241606850734943,0.004534852120881093,0.9954651478791189
2023-02-09,68.61327857135498,68.80256818200597,67.66682364109336,67.80203247070312,3308700,0.0,0.0,-0.003583895884494561,-0.00019660469066999352,-0.003444735041126788,0.019836148915444878,0.1194816756038181,0.1173007610037204,0.10948721468389343,0.015011856157799944,0.014503418596384703,0.030472085605357656,31.80700158644414,48.83493993871818,35.98532937217902,0.008894787136859709,16.267364501953125,-1.0,-0.4687347412109375,0.31549180490770823,0.0003761332870667097,2.0,0.9802582388444576,-0.1977214838543408,0.9999586549758797,0.009093312863293438,0.9977601159453761,-0.06689357987632048,0.9976444825923949,0.06859654767517523,0.00018803128112143507,0.9998119687188786
2023-02-10,68.18063058097907,68.67639413456051,67.79303549645411,68.58625030517578,2466700,0.0,0.0,0.0006946219035013877,-0.000684215221610952,0.004286655630048282,0.019128640761026217,0.1047250512526755,0.10238218492109825,0.09600276338695539,0.012356430612322092,0.013547207112239081,0.03254878476048186,29.338301110709736,53.06779422739434,41.88980220504897,0.00670793505357899,17.05158233642578,-1.0,0.31548309326171875,0.0,0.0,0.452999678820787,0.9850022655057205,-0.1725414064756579,0.9999676585903593,0.008042497952410382,0.9985221426921408,-0.05434639411677691,0.995405929454104,0.09574463748749291,0.2264998394103935,0.7735001605896065
2023-02-13,68.65835679162754,69.10003951170448,68.3338582890032,69.04595184326172,2425700,0.0,0.0,0.003906895598758576,0.003023766751064302,0.003284555861633336,0.01843666987498562,0.08209092461676583,0.08703821910808486,0.07555919623143303,0.012135701711042,0.011328381310499779,0.022295799389901852,35.15559462353797,57.162833309226656,47.48496850006794,0.006640652650870256,17.51128387451172,1.0,0.4597015380859375,0.0,0.0,0.9618284678768984,0.9968866576749218,-0.07884790263363553,0.9999321528845924,0.011648589081266165,0.9997562131244919,-0.02207972642438246,0.9663820652479312,0.2571102953347906,0.4809142339384492,0.5190857660615509
2023-02-14,69.03693316749224,69.06398043907437,67.81105839240573,67.91921997070312,2863500,0.0,0.0,-0.0038400250948838143,-0.0002609874310472138,-0.008226411558764702,0.01872142957760934,0.05386725988763261,0.06361313681433015,0.05447504819031542,0.015084358090171649,0.008085133195616248,0.025475514345615118,32.10738016162681,51.89239784321498,42.64537332218838,0.00771125974670469,16.384552001953125,-1.0,-1.1267318725585938,0.0,0.0,2.0,0.9995911691720398,-0.028591860962071176,0.9999373557177831,0.011193062142587373,0.9988430848460486,-0.0480883754688109,0.9992735515624551,0.03810996126680419,0.5,0.5
2023-02-15,67.8651377297525,67.9733061827437,67.09896343283587,67.70288848876953,2264100,0.0,0.0,-0.004173420225523123,-0.006292956486750448,-0.0012612107119146173,0.018362190147296138,0.053081503959866404,0.04957644391475273,0.05539375671004267,0.017312304223707768,0.018154224608144302,0.02478076098432719,28.862009185002098,46.67059152685074,37.89732258664189,0.0060776859866619164,16.16822052001953,-1.0,-1.3430633544921875,0.0,0.0,2.0,0.9111706871471305,-0.41202909955951666,0.9999960797506647,0.0028000863026376214,0.9935701264336898,-0.11321839010753369,0.999992146673055,0.003963154326433938,0.5,0.5
2023-02-16,67.22515652282178,67.78400967075721,66.91868267785054,67.70288848876953,2649700,0.0,0.0,-0.0013452016224522936,-0.0013943742979623916,0.0,0.01796355098445707,0.055163835968594394,0.052693033206842,0.05803391659528092,0.016566321374933548,0.01796313504178036,0.023909448653873972,25.721850777244,41.6483444776347,37.8973225866419,0.007112779717705967,16.16822052001953,-1.0,-1.3430633544921875,0.0,0.0,2.0,0.939812233503847,-0.3416913311111515,0.999999062193828,0.0013695296508985954,0.9923981483463782,-0.12306874159866901,0.9999971522235807,0.002386534041008436,0.5,0.5
2023-02-17,67.8741531644669,69.388477114115,67.57669507790926,69.19918060302734,3978700,0.0,0.0,0.004892453636984143,0.011696714705435643,0.010929653029966293,0.0181899117072102,0.05552451533014485,0.05224093723448452,0.05723892368598915,0.020448282000081825,0.03211856088748765,0.03137566608465747,32.88811082121332,46.92245000882108,45.11136393005989,0.010916353757557255,17.664512634277344,1.0,1.4962921142578125,1.415170931371307,0.006418218221020374,1.2411943077432543,0.999837779762163,-0.01801150077778899,0.9984136562733705,0.05630427130191754,0.9999310037737074,-0.011746816254035656,0.889172727877317,0.45757169929882097,0.6238062629821374,0.37619373701786263
2023-02-21,73.18329870901438,73.36357258466381,71.01997781618347,72.25487518310547,7926300,0.0,0.0,0.02484390618023967,0.027846153375287147,0.021602028751286497,0.020293087233175116,0.06422372256237642,0.07148012383203368,0.07010468083696399,0.055294621403530135,0.06319655469759035,0.05259742636734123,43.31061172399719,53.336010197648605,53.381400782705235,0.02270769833524514,20.72020721435547,1.0,4.5519866943359375,0.0,0.0,2.0,0.995719637716291,-0.09242512140180373,0.8693712307845936,0.49415955225420966,0.9981877462676458,-0.060176600112650774,0.5904296515458343,0.8070891069612232,1.0,0.0
2023-02-22,72.53430210597959,73.52582218088531,72.05657014388004,72.363037109375,4089900,0.0,0.0,0.003738365158899281,0.000569948174432077,0.00038591753218406266,0.02026569400582791,0.07952690423073971,0.08659873029190628,0.08108374837123114,0.05192249892741439,0.06257747682177006,0.04407572646275228,53.97420902744482,60.874276279836984,61.55615502033953,0.01173450922529445,20.828369140625,1.0,4.660148620605469,0.0,0.0,2.0,0.9964495957391256,-0.08419146721214138,0.9006833614053176,0.43447610116969393,0.9992988871194226,-0.03743974094306109,0.6660155733905728,0.7459378365529037,1.0,0.0
2023-02-23,72.36304911059382,72.8858530670342,72.07460673411099,72.3810806274414,2991900,0.0,0.0,9.154421191635124e-05,-0.0031975525386110123,9.119156724226806e-05,0.019614023973345197,0.09119231223547519,0.0948399663889152,0.08946553691125302,0.046897641074919436,0.05879823802072996,0.0426388928948949,43.3817397285269,68.09545228183768,68.84272654125255,0.008586330313848851,20.846412658691406,1.0,4.678192138671875,0.0,0.0,2.0,0.910383980718741,-0.413764434975626,0.9335104655716977,0.35855015084101177,0.9992341980294411,-0.03912821856997249,0.7376153744127273,0.6752211189158498,1.0,0.0
2023-02-24,72.38107117069156,72.76866620816978,72.16473425883778,72.68753814697266,2786500,0.0,0.0,0.0005819500205377361,-0.0007493193070309574,0.001967472993087394,0.018729706134334594,0.1011289419812642,0.1011935526048929,0.09838180305010097,0.04524917715475574,0.05838871967509848,0.041167664696363945,34.91418704080582,74.21244871619126,74.89628280585498,0.008030719603727771,21.152870178222656,1.0,4.984649658203125,0.0,0.0,2.0,0.9618400025757358,-0.27361251697447725,0.9454448117310986,0.32578230150016974,0.9992635547404675,-0.03837118928890269,0.785297023925371,0.6191192003273323,1.0,0.0
2023-02-27,72.89486584710316,73.35456635280318,72.7866973814634,72.9940185546875,2672700,0.0,0.0,0.004115601269077689,0.003845877973348285,0.002017851999327422,0.0179715695967261,0.11264941911455824,0.10910099286558989,0.1071698862475206,0.0454412599442682,0.05737514335340953,0.04084971457342867,47.668318380530806,79.31476052861545,79.87649563432176,0.007735224850538391,21.4593505859375,1.0,5.291130065917969,0.0,0.0,2.0,0.9989668646184097,-0.04544450895833269,0.935799927915147,0.352531551657445,0.9996562277610102,-0.02621881573655439,0.7887415176529601,0.6147249940668634,1.0,0.0
2023-02-28,72.78668900502662,72.96696288333817,71.64193543603216,71.66897583007812,3862900,0.0,0.0,-0.00792614264290515,-0.0026489845444375524,-0.00915951401562385,0.01834396563733478,0.11635301173748185,0.11401837588952413,0.10950394783603468,0.02552790058015345,0.014594300105737144,0.021219137327777013,38.65137268939339,64.27501406232432,64.83138978070399,0.010976910396146022,20.134307861328125,-1.0,-1.325042724609375,0.5227988228056262,0.0006742109353797142,0.06271376710500233,0.9543279782433759,-0.29876095786081347,0.9545280403951834,0.29812115003691225,0.9987416330847027,-0.05015127459298618,0.8780701654415597,0.47853190547907243,0.010636258739002534,0.9893637412609975
2023-03-01,71.24530823275887,71.60586278329934,70.33490953997054,71.07404327392578,3584600,0.0,0.0,-0.00854267543150329,-0.00873636220616964,-0.003867587001718091,0.018516985375845257,0.11709661510198896,0.11497809911425168,0.1101820038247689,0.026187405651144618,0.02196390232938253,0.021682305909950853,31.837545109340603,52.84334689188499,53.46309892342156,0.01010153046653132,19.53937530517578,-1.0,-1.9199752807617188,0.0,0.0,0.13167229333151773,0.826785501614965,-0.5625173191283008,0.9846499772562199,0.1745406035549479,0.9973304669590015,-0.07302013198659586,0.9489807164386519,0.3153341082527911,0.5,0.5
2023-03-02,71.20025598180541,71.5968667845399,70.77660478379504,71.16419982910156,2374500,0.0,0.0,0.002073441295112066,-4.161305153141225e-05,0.00041986763935850324,0.017995869615192332,0.11869514010183889,0.11591895444769608,0.1112893195252156,0.02825474654255875,0.021962148247647282,0.021930480742046524,26.588944273903664,60.693476063984434,60.95623351159319,0.006699913560027739,19.629531860351562,-1.0,-1.8298187255859375,0.0,0.0,0.11959671762779406,0.9070912307651026,-0.42093407924406817,0.9866915842565098,0.16260294449172452,0.9979637742270404,-0.0637832684214344,0.946914489963266,0.32148553419649833,0.5,0.5
2023-03-03,70.76758729978236,71.7861477010547,70.00141305974516,71.75009155273438,2540000,0.0,0.0,-0.00550648273021871,0.0013201069679966897,0.004099602061961999,0.01835073441373102,0.11714246092813185,0.11607097585123244,0.11163147688509086,0.02826600558399129,0.022830013550242858,0.02392509941958925,37.88302533577245,51.23655623827233,66.93992000932768,0.007225894748162773,20.215423583984375,-1.0,-1.243927001953125,0.18028491775535826,7.953405049897467e-05,0.055270439172611374,0.9590086849115032,-0.28337667911158343,0.9880931074140469,0.1538571125455459,0.9973041178055226,-0.07337912924086983,0.9740604994703621,0.22628774463401388,0.0014369302434597514,0.9985630697565403
2023-03-06,71.5788359573179,71.5788359573179,70.9298390187827,71.30841827392578,2676900,0.0,0.0,0.0065877933059178,-0.0014460416933524225,-0.0030873611038151902,0.01796714522764525,0.11498296357642068,0.11459060791927886,0.10905257249318034,0.031441165631320316,0.018637308657834094,0.02244119183339824,32.3792908014809,58.52027921343515,57.1207020193101,0.007568475443449117,19.77375030517578,-1.0,-1.6856002807617188,0.0,0.0,0.10148744405331389,0.9880833257805034,-0.15391991851134698,0.991265636532107,0.13188039213847036,0.9984905409161698,-0.05492394469568488,0.8201443726329525,0.5721566289387031,0.5,0.5
2023-03-07,71.39857195386334,71.52476506850599,70.56028519116062,71.2453384399414,2287800,0.0,0.0,-0.0022322225183203292,-0.0003229229075058794,-0.0003781793254569263,0.01766550972740458,0.1131030738175259,0.11394306526404568,0.10932493528554973,0.02859400170873722,0.019065004452652447,0.014585984034680626,27.95887223195338,50.3590582411352,49.59705700363582,0.006462640005894436,19.710670471191406,-1.0,-1.7486801147460938,0.0,0.0,0.10922545638508052,0.9950620784926868,-0.09925452103463088,0.9924751848703454,0.1224459367091196,0.9981366616941575,-0.06101806766887225,0.9780048777610113,0.2085820200201095,0.5,0.5
2023-03-08,71.53376805262039,71.67798578202488,70.97490801828464,71.36250305175781,2017000,0.0,0.0,0.0025827157384152484,0.0009433089660154983,0.0007243373736426354,0.017080484332149672,0.1115697955071361,0.11186049576318288,0.1079707609258058,0.021773969281431715,0.005037147343295661,0.011573909301349597,36.37644849338581,56.441126053043696,55.18537839009711,0.0057070467217648175,19.827835083007812,1.0,0.11716461181640625,0.09914982470696998,2.500537116828287e-05,0.004489233272228483,0.9996144509075626,-0.027765978044580024,0.9923836198725693,0.12318583931855139,0.9985960328624253,-0.052971342737617125,0.9701425311378655,0.2425355010661647,0.002257119321698383,0.9977428806783016
2023-03-09,71.76812407880354,71.93037331003246,70.60533906783077,70.884765625,2251300,0.0,0.0,-0.002610314348646951,0.0017574710107633798,-0.0033584998235953573,0.01730254286600167,0.10940383663470508,0.1087532002475239,0.10396242538518728,0.021868500029491474,0.005970820117716873,0.013732306295055065,41.76444116361396,50.97044497107424,50.7866717777623,0.006327348193082504,19.35009765625,1.0,-0.36057281494140625,0.0,0.0,2.0,0.9911712098526899,-0.13258820746640637,0.999633182144228,0.027083226473309612,0.9983931263225679,-0.05666714490645328,0.9936261115782671,0.11272599695657229,0.5,0.5
2023-03-10,70.97491674782847,71.59687340471505,70.50620047335458,70.776611328125,2663900,0.0,0.0,-0.0007025548356890569,-0.0023235999641254374,-0.0007634706029349672,0.017191918202464084,0.10490546581651707,0.10445280119867671,0.09705645362816821,0.017822736286810102,0.007588790454676062,0.008041969129021082,39.02474488220633,47.494580130807485,47.53149757319812,0.007475549791895139,19.241943359375,-1.0,-0.108154296875,0.0,0.0,0.8521079957916269,0.9995625099490295,-0.029576827152287124,0.9941731283810039,0.10779513349464291,0.9982378375715145,-0.05933986552518045,0.9969006948860746,0.07867022648792686,0.5,0.5
2023-03-13,70.77661086355361,73.11119709336324,70.65041775675401,71.92137145996094,3946800,0.0,0.0,0.0010216827606646807,0.010464680258923775,0.008022258685576284,0.018153747259349144,0.10017851613692302,0.1011002232368285,0.09369853496383648,0.01071818726731349,0.022006693208236863,0.01916113433886717,43.19576419798961,51.37223986350027,51.07657522938136,0.01125481951748463,20.386703491210938,1.0,1.1447601318359375,1.18082378333078,0.0033548736661880648,2.0,0.9997790908948627,-0.021018311289012905,0.9822855756001183,0.1873900957039732,0.9981053526823953,-0.0615280825863382,0.9923291912306887,0.12362352620535962,1.0,0.0
2023-03-14,71.97544173573904,72.31797172728352,71.52475016960793,72.25487518310547,2983100,0.0,0.0,0.004648100624813739,-0.004122567397346155,0.0017483551772058872,0.017563394969188597,0.09780401908234869,0.09658519591165679,0.0917511481432972,0.015089248058383077,0.026722569275918668,0.01901957306758484,40.37485483534455,55.05189463058779,54.579038125334264,0.008546148253771592,20.72020721435547,1.0,1.4782638549804688,0.0,0.0,2.0,0.8134441279177901,-0.581643061297963,0.9976630478338133,0.06832600520260486,0.9989174613819795,-0.046517796015950116,0.9088090544965121,0.417212299033904,1.0,0.0
2023-03-15,72.11966921985929,73.07513317759643,71.65094612122792,72.96696472167969,3315700,0.0,0.0,0.0008814062364582208,0.005207684716605111,0.0049034603819997115,0.01754386774451569,0.0923035038332666,0.09199393249760895,0.08464249230271163,0.014569517137015462,0.027950271396451492,0.02011204797030235,44.64732928826892,58.53010730579317,58.328488029770476,0.00959261391640446,21.432296752929688,1.0,2.1903533935546875,0.0,0.0,2.0,0.9998777581119628,-0.015635499128432824,0.9903788506586066,0.13838255731174132,0.9991336652721087,-0.04161632996699684,0.9493712718182659,0.31415631180380327,1.0,0.0
2023-03-16,73.12921874106635,73.22837144621096,71.89432812118805,72.53430938720703,2402000,0.0,0.0,0.001228279857625813,0.000758770225501953,-0.002154135610621583,0.017701612619337774,0.08065348067371023,0.07841513651184122,0.07121475365006687,0.011541945295188394,0.028008261680911372,0.019585692982652964,49.08872106285048,61.82317451567932,53.344435400696774,0.006907993792909072,20.99964141845703,1.0,1.7576980590820312,0.0,0.0,2.0,0.999967568295336,-0.008053716999779841,0.9994753439489152,0.03238883817301341,0.9993875529446403,-0.03499312817288184,0.960960435801121,0.27668581608915116,1.0,0.0
2023-03-17,72.73261777296445,73.07514093756214,71.38955175815532,71.92137145996094,8367800,0.0,0.0,-0.003522911045246646,-0.001047346753008051,-0.004243086347670697,0.018251334765557625,0.061598229333243146,0.05578278706330525,0.050315286211512114,0.015358195347785375,0.027175317853407554,0.02320868763986462,45.08229303305758,57.77362804520007,49.125940918347574,0.023861882729909772,20.386703491210938,-1.0,-0.6129379272460938,0.261394363072597,0.0001643987165591938,0.12160304342906618,0.9928891150201868,-0.11904287158175508,0.9949523628704903,0.10034837127939984,0.9991962349987392,-0.040085957196309,0.9905802083668842,0.13693374599352887,0.001350104048031036,0.998649895951969
2023-03-20,72.11064807093624,73.15625576892832,71.9844549869727,72.69654846191406,2849900,0.0,0.0,0.0014131694284342988,0.0001889200149879932,0.0018255641504360673,0.01798029720925032,0.04178678738126995,0.04146999932300911,0.03901738990411767,0.016371184291505157,0.01722701013335407,0.019903105251656228,49.91324695655534,60.920966064831546,53.74758117348073,0.00821445714328181,21.161880493164062,1.0,0.775177001953125,0.0,0.0,1.5994430028029136,0.9995969771198988,-0.028388084344675057,0.9999748120191246,0.007097557841710367,0.999532285707126,-0.03058120058284484,0.9055278312734227,0.4242868685090921,0.7997215014014568,0.2002784985985432
2023-03-21,72.975964097118,73.00300448577514,72.19175844102948,72.78667449951172,2601400,0.0,0.0,0.0013124731804082781,-0.0009570955517438932,0.000565476913189089,0.01747142619538493,0.04312394456659512,0.040513475486868226,0.04030566367663475,0.012457711968472354,0.011462385714876712,0.019661818207966694,45.29534606178337,64.23839012620385,58.30730365904544,0.007507484923999575,21.25200653076172,1.0,0.8653030395507812,0.0,0.0,1.9929824198460744,0.9981470939717325,-0.06084717574206178,0.9966314616916808,0.08201054545790869,0.9996150826658007,-0.02774322452499784,0.9508979524181668,0.30950457845876506,0.9964912099230372,0.003508790076962809
2023-03-22,72.91289240973384,73.43569635860555,71.90334066815487,71.99348449707031,3516800,0.0,0.0,-0.0020015793365468207,0.0029547644873620963,-0.005478582203105136,0.01792254135066925,0.04274534762445086,0.04015978638817147,0.03994063304903922,0.013776469890281588,0.00745669249758151,0.019615995899296173,50.72033581442089,58.320382608364,52.53326596029571,0.010038673281887659,20.458816528320312,1.0,0.072113037109375,0.08111431881782494,1.571933015152228e-05,0.013841864151182772,0.9999938336602253,-0.0035117860876683568,0.9991852114109167,0.04035979803866479,0.9995405883162576,-0.030308617724826376,0.991210492787322,0.13229421373708794,0.006928791740667147,0.9930712082593328
2023-03-23,73.01203020367186,75.10323869491896,73.01203020367186,74.04862213134766,6082900,0.0,0.0,0.007650599993961922,0.011226297911133675,0.014072226714082743,0.019180191785710773,0.046843943676691174,0.051372794638442396,0.04765674058711156,0.020289935729351217,0.02294768571709918,0.035626009951996454,57.258608642694135,62.66970030334798,58.626076711778886,0.017859245770374114,22.513954162597656,1.0,2.1272506713867188,0.0,0.0,2.0,0.9994654397374095,-0.032693038563380385,0.9649054625545639,0.2625975025249917,0.99991425924035,-0.013094814539429633,0.7790926514497936,0.6269087975590473,1.0,0.0
2023-03-24,74.67959273452615,76.47334328064483,74.01257112790549,76.43729400634766,5328800,0.0,0.0,0.005961610390724859,0.007918453195908304,0.01390526863029515,0.019553133141966654,0.05661442206507165,0.07002515189196144,0.07244715699954077,0.017753448370051026,0.023935676376800833,0.040234157162774564,64.65278511053953,67.87080239679473,66.55634645673351,0.016149912728931903,24.902626037597656,1.0,4.515922546386719,0.0,0.0,2.0,0.9999286924782991,-0.011941941158752774,0.9403598408019253,0.3401813778074541,0.999644896133641,-0.02664735697892206,0.817143915035394,0.5764337100835003,1.0,0.0
2023-03-27,76.61756786795179,77.79837759562717,76.34715017173241,76.5093994140625,4580900,0.0,0.0,0.013347454879601721,0.007383498520215962,0.00040527436615049036,0.0194942238760758,0.08189762409168252,0.09297889686975055,0.08955759699395557,0.02991030532240421,0.02259416284473632,0.04183362217845555,71.98265130140494,74.30628785561275,73.65803368461519,0.013896360093332555,24.9747314453125,1.0,4.5880279541015625,0.0,0.0,2.0,0.9999554201383302,-0.009442337421186933,0.919744707738205,0.392517098465231,0.9999947986584267,-0.003225314882739362,0.7184043361248594,0.695625768525721,1.0,0.0
2023-03-28,76.66264086539488,77.65416097060532,76.18490201168619,76.41024780273438,2806000,0.0,0.0,-0.0006515616620452883,-0.0005682695227744607,-0.00039716717179373394,0.019498737079643554,0.0992835593715396,0.10869672435654716,0.10161281395460921,0.032107339072923534,0.02240214002432696,0.042584521604131585,56.67733470889201,58.16400235447866,57.94401301565533,0.008501092270418118,24.875579833984375,-1.0,-0.099151611328125,0.0,0.0,0.00046703286422278257,0.995883510351456,-0.0906423400517748,0.9441092595296381,0.32963268355913733,0.9999896360943108,-0.004552768824329951,0.8286421056799836,0.5597787604886799,0.5,0.5
2023-03-29,76.4553255197208,77.01418559969724,76.30209202064944,76.64461517333984,2567300,0.0,0.0,0.000703147987843495,-0.0037857398965161462,0.001401002689103936,0.018714236993017302,0.11081300146255403,0.11536916086788027,0.11054692918290215,0.029274457084791417,0.030521629930577086,0.035852206990030736,45.205345306804396,67.19704277232002,66.5523797061173,0.007801780438151981,25.109947204589844,-1.0,0.13521575927734375,0.0,0.0,1.8597521506960826,0.9691103113982166,-0.2466276633746743,0.9646923351437554,0.26337938133970995,0.9999937741823436,-0.0035286819850949484,0.8684036804525002,0.4958578907071582,0.9298760753480413,0.07012392465195871
2023-03-30,76.58150482177734,76.63558560534908,75.96856405893844,76.58150482177734,3209900,0.0,0.0,-0.002190362675896482,-0.00246404528544934,-0.00041187724106380244,0.018022388194747326,0.11823526099890651,0.1182085232985834,0.11657916259492089,0.032799498374723596,0.028207968927482955,0.031511288422494434,36.86856030867235,53.56830857936328,53.93875062901989,0.009746548627609129,25.046836853027344,-1.0,0.07210540771484375,0.21633795274775025,7.460357808129512e-05,0.5288543987917395,0.96864310095053,-0.2484563200664081,0.9755097140951241,0.21995635409337305,0.9999778502848138,-0.006655744869101545,0.9124765196901604,0.4091290762267236,0.2644645011849104,0.7355354988150896
2023-03-31,76.84291403682732,77.10431597726684,76.4823593990829,77.0322036743164,3069900,0.0,0.0,0.003223241364395123,0.0029158771486598625,0.002806009936281361,0.01721387438570462,0.1232719739778941,0.12156354198802842,0.12377723250474298,0.03202488450566168,0.022775722755614566,0.006618161871381242,48.15892280666186,62.47555636757086,62.40327404185745,0.00937631104591544,25.497535705566406,1.0,0.4506988525390625,0.0,0.0,2.0,0.9921850784791841,-0.12477487745237469,0.9689043406835489,0.24743560496536754,0.9999979672709705,-0.002016297083053124,0.9371338598742217,0.3489700971104008,1.0,0.0
2023-04-03,77.05924335042002,78.06879495129309,76.72573598714634,77.44683837890625,3380400,0.0,0.0,0.0015885360851846768,0.00621550324186183,0.0026840838671629624,0.017137427209272166,0.12952031003603706,0.12612776900862735,0.12934855840262555,0.009792451164962562,0.01889182841967961,0.007527306679829293,57.0674689305379,69.42362775227676,69.13628763740867,0.010380236332186462,25.91217041015625,1.0,0.8653335571289062,0.0,0.0,2.0,0.9999770248499827,-0.006778626127544408,0.9992744947168523,0.038085222966125695,0.9999998678367771,-0.0005141268602684968,0.9662049544328336,0.25777506867314764,1.0,0.0
2023-04-04,77.64514305344701,77.96964153369002,77.0322022437666,77.58204650878906,4849100,0.0,0.0,0.0019931735567370766,-0.0006354422656151454,0.0008721479870074458,0.0167486775314796,0.13350787261196428,0.12740593186074814,0.1327586303251504,0.009253825828164787,0.01880205277705433,0.006126347538020026,47.6224702203918,74.86142002315982,74.55129116197725,0.014916187266228124,26.047378540039062,1.0,1.0005416870117188,0.0,0.0,2.0,0.999969210808434,-0.007847129102895575,0.9997874693952332,0.02061591715824195,1.0,0.0,0.9687301798835842,0.24811658264356,1.0,0.0
2023-04-05,77.96063807426931,78.70878784823226,77.76233265206143,78.47442626953125,4624700,0.0,0.0,0.004498494956496432,0.004499286326809858,0.0054536887755118795,0.01640106485797615,0.13932256612577615,0.12964843659466618,0.13774605839459414,0.01160446394907341,0.01627487463906482,0.010394753825538429,56.074630084911114,79.21564601847305,78.9164381363618,0.014389548593390125,26.93975830078125,1.0,1.8929214477539062,0.0,0.0,2.0,0.9999999075855984,-0.00042991719512946785,0.995520554469432,0.09454536281000069,1.0,0.0,0.9503447019683665,0.31119920861187406,1.0,0.0
2023-04-06,78.67396702000282,79.05491609932717,78.40186844326284,78.819091796875,3556200,0.54,0.0,0.003149096597200943,0.0016870679146118066,0.0016849601507285654,0.015754777603406964,0.14369132901927378,0.13139949372841692,0.1392495010786402,0.005988885984987904,0.011640513489355327,0.007938370159204304,62.82494977973276,82.62805807261223,82.29387068991049,0.011113556433862928,27.284423828125,1.0,2.2375869750976562,0.0,0.0,2.0,0.9999997319200788,-0.0007322293155090794,0.9927326826296342,0.12034043725601956,1.0,0.0,0.9361459025068926,0.3516117876572906,1.0,0.0
2023-04-10,78.58325437147371,78.68302590892951,77.65810829316345,78.32022094726562,2390500,0.0,0.0,-0.0032036417012623244,-0.0015848243048133751,-0.00213405618210236,0.015781445257260284,0.1415271100828762,0.12742879274812421,0.1349990188016674,0.016821516358383342,0.015988337433171244,0.014456233745788211,54.044568700000724,70.16717388516825,70.12331597483754,0.007423318716998088,26.785552978515625,-1.0,-0.498870849609375,0.1042243588979801,1.5140395898218042e-05,0.049706868599922245,0.99999974776138,-0.0007102655674872997,0.9971114883210703,0.0759518259039237,1.0,0.0,0.9770090019287396,0.21319805381430676,0.0003045008881175882,0.9996954991118824
2023-04-11,78.65583073595123,79.40864995429762,78.51977798614051,78.9642105102539,2812700,0.0,0.0,0.00551723239124952,0.004589894068779942,0.004094426619472598,0.01551924647578119,0.1402307543457809,0.12953956567465985,0.13512285242755653,0.018632686449196467,0.014074908262457683,0.015212084814541976,59.640109195874345,74.332581793109,74.16469871493341,0.008806212599859727,27.429542541503906,1.0,0.6439895629882812,0.35373385497044296,0.00016630914264444363,1.6664082324249805,6.123233995736766e-17,1.0,0.9925322480377196,0.1219825258190318,1.0,0.0,0.8355111616817867,0.5494734740687227,0.8332872707838125,0.16671272921618752
2023-04-12,78.61953913379097,79.10025278887969,78.1932438034506,78.91885375976562,2492800,0.0,0.0,-0.0018466627517279288,-0.001724331416144955,-0.00025460704044076094,0.015239934780213429,0.13850026195940238,0.12504262980808187,0.13379521342899003,0.02065501706435015,0.015348933135203217,0.01578508965670932,53.94725999133897,65.74216043399467,66.66019631481133,0.007800162672342782,27.384185791015625,-1.0,-0.04535675048828125,0.0,0.0,0.004960508607387871,0.9715690436669352,-0.23675640094433967,0.9956556836738165,0.09311154368833606,1.0,0.0,0.9783726444458798,0.20685011143331802,0.5,0.5
2023-04-13,78.65583269367305,79.00049367116578,78.39279921614025,78.86444091796875,2083400,0.0,0.0,0.0010651130022469714,-0.0005273560137926858,-0.00028822099406581523,0.01471152874198144,0.13549655977503242,0.12112042394327835,0.13272216019043867,0.01905665713331652,0.013217180018743174,0.012372824698832404,49.549317223576445,69.02982867797708,61.16447978527234,0.006514623835053639,27.32977294921875,-1.0,-0.09976959228515625,0.0,0.0,0.02400151950027124,0.9828237344801487,-0.18454676085614208,0.995779028547949,0.09178303930521693,1.0,0.0,0.9755409051073755,0.21981797574876052,0.5,0.5
2023-04-14,78.92793505841625,79.13655021262883,78.27489426768429,78.51071166992188,3491400,0.0,0.0,-0.000752579844855709,0.0008603710940937301,-0.0022476816843708847,0.01450618281115567,0.13075707742672013,0.11605121132066132,0.12704672107053466,0.0172561559667654,0.012549199405260412,0.012515687890584198,53.584993876823305,63.65092255895627,56.027602311190385,0.010868359035299334,26.976043701171875,-1.0,-0.45349884033203125,0.03629742374914713,1.810485663513033e-06,0.4959006800890105,0.9956800554296524,-0.09285056391645799,0.9944461578675071,0.10524656337645036,1.0,0.0,0.9876649524358243,0.1565820606900448,3.6508904430283487e-06,0.9999963491095569
2023-04-17,78.95512740594975,79.21815389705593,78.5560412761135,78.99140167236328,1672900,0.0,0.0,0.0008589583525502225,0.00024691596549936606,0.001462342418071599,0.014027767098906962,0.1215232225795368,0.10794880294370127,0.11676360265391296,0.012957238445927437,0.010945249035147705,0.011766862654598293,57.61093174468541,66.68441570651423,59.824663442058906,0.005239444648206873,27.45673370361328,1.0,0.48069000244140625,0.21766022589014256,6.284350626178261e-05,1.1235122642924664,0.9986613866088538,-0.05172460629605091,0.9939727475624294,0.10962744685157585,1.0,0.0,0.9814556874286009,0.19168915883286813,0.5617875538993641,0.4382124461006359
2023-04-18,78.98235640337019,79.37237060459681,78.65583256420695,79.34516143798828,1902200,0.0,0.0,0.0006347566863480035,0.0009724206917499382,0.002234226628870614,0.013612754503353008,0.11242977149122825,0.09753222798179995,0.10832430232857804,0.007070659019323005,0.00553377024717951,0.00959211046718911,61.52704734719571,69.54038600203414,63.30895239915653,0.005984282411260459,27.81049346923828,1.0,0.8344497680664062,0.0,0.0,2.0,0.9999648790016208,-0.00838097627211931,0.992734249920189,0.12032750739294726,1.0,0.0,0.9820480906475914,0.18863071768781506,1.0,0.0
2023-04-19,79.68075000676072,79.74424036852187,78.75560374682253,79.02770233154297,2198600,0.0,0.0,0.0006338242312867635,0.002337089519760361,-0.0020045044263851167,0.01358476370235292,0.10124640220459041,0.08263294267324946,0.09600136869969783,0.004266813809924989,0.004756154547223358,0.010816741186227085,65.0865827022939,72.1762260003645,58.04492700979881,0.006889076924497511,27.49303436279297,1.0,0.5169906616210938,0.0,0.0,1.2996099729334514,6.123233995736766e-17,1.0,0.9980110017332513,0.06303999063604146,1.0,0.0,0.98468360561245,0.17435078674346444,0.6498049864667257,0.3501950135332743
2023-04-20,79.29072796182015,79.45398986447033,78.99141332030652,79.4267807006836,1833300,0.0,0.0,0.0012464865362994933,-0.0015202746782251046,0.0021001048249716372,0.01296703798359354,0.08354202642373061,0.06371927601826127,0.07180041903868888,0.004430544316367721,0.006745096017144166,0.011660935348578613,60.03805236420471,74.39143065148033,61.221122201181004,0.005773457242912331,27.892112731933594,1.0,0.9160690307617188,0.0,0.0,2.0,6.123233995736766e-17,1.0,0.9999723019074408,0.0074428098144488355,1.0,0.0,0.9821502946475898,0.1880978434848537,1.0,0.0
2023-04-21,79.81679751071474,80.03447774816357,79.16374987843828,79.31793975830078,1749500,0.0,0.0,0.0010398589851624853,0.003473315883590672,-0.0006542947135245251,0.012841464349104948,0.06871387668564258,0.054497873155460556,0.05724826705351724,0.0023079687395808177,0.009186875397947002,0.009976413382926298,62.72491914238601,76.33398493340644,57.07152545321745,0.005502003054052951,27.78327178955078,1.0,0.8072280883789062,0.0,0.0,2.0,6.123233995736766e-17,1.0,0.9961420529805713,0.08775540031047996,1.0,0.0,0.9827127078201188,0.18513706784123446,1.0,0.0
2023-04-24,79.3360847062637,79.79866127097945,79.16375076805134,79.47213745117188,2123900,0.0,0.0,5.61881580075816e-09,-0.0014753916405024906,0.0009710788959922179,0.012471730337038347,0.056308081407385455,0.050687118154088856,0.05563833798472972,0.002507323298895018,0.010604359751730295,0.008638697535505262,58.559223065447945,77.9741064315226,59.74130016969285,0.006692438884631998,27.937469482421875,1.0,0.96142578125,0.0,0.0,2.0,6.123233995736766e-17,1.0,0.9986637579344009,0.05167880211789256,1.0,0.0,0.9842182910376074,0.17695862676629126,1.0,0.0
2023-04-25,79.64446335300109,80.61496277051086,79.61725418838688,80.27030181884766,2473300,0.0,0.0,0.0028561566319595714,0.005088729242350841,0.004996570550213081,0.012482682066778857,0.057180235133106355,0.05415839869934105,0.056084852420105136,0.004796575305738937,0.013791434475416836,0.012251831734698966,61.52107459846436,79.46067573909545,62.3773307700688,0.007871674885278889,28.735633850097656,1.0,1.7595901489257812,0.0,0.0,2.0,6.123233995736766e-17,1.0,0.9901269130529028,0.1401738065700202,1.0,0.0,0.9788457853484003,0.20459943427505717,1.0,0.0
2023-04-26,79.67167321362574,80.04355025308182,79.46306500314112,79.70795440673828,2259200,0.0,0.0,-0.0008853507137430109,-0.003248806824012098,-0.0032108618798377397,0.012396225929468886,0.05546692760195106,0.05407825375577767,0.05227502149728372,0.006527001275654978,0.016821458182814542,0.014388496276517282,56.91841335599487,73.7848411645797,58.002754414474396,0.007139894559923701,28.17328643798828,-1.0,-0.562347412109375,0.0,0.0,0.10213776679743447,0.8234422315722054,-0.5674001156709315,0.9975865720453096,0.06943364656193873,1.0,0.0,0.9839455100746083,0.1784691379595331,0.5,0.5
2023-04-27,79.599107087546,80.55146232947487,79.45398233453068,80.5333251953125,2203100,0.0,0.0,-5.5734295084891484e-05,0.0030841537224912128,0.005022896404475947,0.012366212999181978,0.0529153664768684,0.052035163310363244,0.051184228827994706,0.006551013804275696,0.0165171510919988,0.016687688180789452,60.69032627627075,67.89497669215844,61.79508108773569,0.007034695394277183,28.9986572265625,-1.0,0.26302337646484375,0.0,0.0,0.21876573266276927,0.999320790042886,-0.03685048965837735,0.9939385314812813,0.10993723498812397,1.0,0.0,0.9873721111291038,0.15841816235664566,0.10938286633138464,0.8906171336686154
2023-04-28,80.53333124585225,81.077535270688,80.07982673850086,80.3882064819336,2383500,0.0,0.0,0.003922957820706691,0.0032548178174966274,-0.0009017979872946093,0.012390150629326885,0.049018169711547564,0.04783868631529285,0.04696360061799154,0.009452868954160552,0.016268998702962438,0.016826724343922857,64.65960812246125,70.61256374374682,55.92350828821566,0.007597014421098708,28.853538513183594,1.0,-0.14511871337890625,0.0,0.0,0.304409457726248,6.123233995736766e-17,1.0,0.9839180038409554,0.17862072029199122,1.0,0.0,0.8050517202294711,0.5932046255345362,0.5,0.5
2023-05-01,80.66938829186414,81.42220055514049,80.5696167413221,81.05940246582031,2146200,0.0,0.0,0.002745274179026783,0.0019098528951884187,0.0037434562858332464,0.012321017039524419,0.048394829000820906,0.04584122121516872,0.046547840371616335,0.009563468325694246,0.014723723296930469,0.01766306444586573,69.00368743773637,73.76934807265802,61.0602990821272,0.006897775314455676,29.524734497070312,1.0,0.5260772705078125,0.8707382256656189,0.0008697675874160572,2.0,6.123233995736766e-17,1.0,0.9726739771147587,0.2321752231478585,1.0,0.0,0.8346939120079454,0.5507141484081124,1.0,0.0
2023-05-02,81.07752595126519,81.08659797794974,79.94376481320641,80.72379302978516,3320200,0.0,0.0,-0.003899063879001697,-0.002065134812515518,-0.0020744394064355865,0.012499747827461247,0.04436904376510726,0.04557130656639126,0.04483152711501312,0.014140927730055588,0.014196624341829412,0.01727730925438946,60.19522565127889,65.816839227984,53.51387130233847,0.010626769501091664,29.189125061035156,-1.0,-0.33560943603515625,0.13606192529444172,2.172856619447396e-05,0.40697642221510444,6.123233995736766e-17,1.0,0.9940701330089443,0.10874084172738295,1.0,0.0,0.9825448091164118,0.18602606827644805,5.338738309440094e-05,0.9999466126169057
2023-05-03,81.00497103765127,81.43126637200888,80.45169499773134,80.56961059570312,3693500,0.0,0.0,0.003166736671497022,0.002120803121784495,-0.0009559128310047434,0.012497554249034948,0.04239938389258595,0.044864023163213834,0.041661798486374746,0.014538790723633985,0.009768779293459273,0.014843338630313119,65.42181029981,69.74377697245338,46.876324436950334,0.011798989732159978,29.034942626953125,1.0,-0.15418243408203125,0.009065816868385923,9.749266440575947e-08,0.08589556065196646,6.123233995736766e-17,1.0,0.9884880918539845,0.15129868559531143,1.0,0.0,0.8682405230922183,0.49614352163517267,1.1350127178908345e-06,0.9999988649872821
2023-05-04,80.64217639838925,81.13195518638435,80.08890033498875,81.08660888671875,2123000,0.0,0.0,-0.001298936471197381,-0.0010583091252775823,0.0018382669545172962,0.012449699573967273,0.041319595525720954,0.0448863176323817,0.0434695445876346,0.016102108301576646,0.011105676091376375,0.012489676061042352,57.08023552460711,62.10765403760566,53.32218875614872,0.006825501832328031,29.55194091796875,-1.0,0.516998291015625,0.04535720843460922,2.3557034358960453e-06,2.0,6.123233995736766e-17,1.0,0.9966632722677213,0.08162304645501811,1.0,0.0,0.9967781074832871,0.08020850604540936,1.0,0.0
2023-05-05,80.8054180731566,81.58544626621055,80.68750940952887,81.45846557617188,2541500,0.0,0.0,0.0037232394695922333,0.00278698575430683,0.002287714288986472,0.012295036950034732,0.043907906926905556,0.04690616373746034,0.046933074884657484,0.01591200985064359,0.010599227124220163,0.012086489830251497,62.52974389921732,66.42734329701835,59.29287262208406,0.008208462043207816,29.923797607421875,1.0,0.371856689453125,0.0,0.0,2.0,6.123233995736766e-17,1.0,0.99133355592926,0.13136887336294223,1.0,0.0,0.9652301756119651,0.2614014309220496,1.0,0.0
2023-05-08,81.11381513184845,81.97547091371786,80.85078169150539,81.51290130615234,2229200,0.0,0.0,0.0008865350261832277,0.0020915653388231476,0.000292975742382705,0.012394744503664604,0.04323744087711448,0.0481886343323509,0.047631625637142724,0.014935768105608841,0.010796563722280213,0.009806667235462464,67.39468062802688,70.36368860191682,64.74784126898017,0.0072046160446644116,29.978233337402344,1.0,0.42629241943359375,0.0,0.0,2.0,6.123233995736766e-17,1.0,0.987435075734844,0.15802522333008356,1.0,0.0,0.9723746949589488,0.23342547548091525,1.0,0.0
2023-05-09,81.65802786730944,81.93919847290394,81.22266737606185,81.25894165039062,2191700,0.0,0.0,0.0022559509860798424,-0.00021756600235015591,-0.0015339723173308638,0.012175224241942978,0.04645647006382667,0.05046291846917916,0.04848522831022838,0.010651302640337042,0.008921891931779495,0.009148349311128647,58.50647969373418,74.01603186296038,56.60448174517494,0.007061349777763216,29.724273681640625,1.0,0.172332763671875,0.0,0.0,1.2492976134561333,0.9992322841480686,-0.03917706364996399,0.9899105790066438,0.14169349163151887,1.0,0.0,0.9638409799832176,0.2664780765935366,0.6246488067280667,0.37535119327193334
2023-05-10,81.22266181427288,81.57639478416323,80.5061238465661,81.24079895019531,2470800,0.0,0.0,-0.004430525474647202,-0.0022187711979880643,-0.00011164756404077043,0.012249094217401828,0.04479313793669331,0.04968113288748966,0.048412130025591915,0.014977149627437798,0.010406009596750948,0.008537827674361068,51.565418157654385,65.37678398791276,49.767909827039574,0.007958793445655771,29.706130981445312,-1.0,-0.0181427001953125,0.34465784493929164,0.00013461211660663954,0.011083275849379319,0.9794311357307339,-0.20177871632361183,0.9959530245698008,0.08987531835974645,1.0,0.0,0.9953504695057263,0.09631948325614219,0.011999773666380012,0.98800022633362
2023-05-11,81.29522563371752,81.93013617513719,80.73288440323579,81.86664581298828,1822600,0.0,0.0,0.0010374117664476623,0.0015958958598649249,0.002830401649808663,0.012331807800562243,0.04374626942714869,0.04868270291488967,0.0495411972406856,0.013883426204301682,0.009569208036721736,0.009468884081218203,57.2386566911859,69.27467486814356,55.67525493016411,0.005916077005229106,30.33197784423828,1.0,0.6258468627929688,0.0,0.0,2.0,0.9998839627421383,-0.015233550179727183,0.9939507411311279,0.10982679183551493,1.0,0.0,0.974848782267744,0.2228673410598707,1.0,0.0
2023-05-12,81.67616681266749,82.22037085263285,81.60360442869083,82.18408966064453,2145000,0.0,0.0,0.005363674129705576,0.0017681010113880487,0.0019350345899989665,0.011942783502808049,0.04459550922439657,0.04813868526410397,0.04910940175913243,0.015857329660612544,0.008792087885594262,0.009244752917322685,61.89466403426651,72.95002752133907,60.83531869661174,0.00698957067524673,30.64942169189453,1.0,0.9432907104492188,0.0,0.0,2.0,6.123233995736766e-17,1.0,0.9980953979782494,0.06168935511609664,1.0,0.0,0.8747501212245057,0.48457427234399547,1.0,0.0
2023-05-15,82.29292311796834,82.43804094814834,81.19543622507396,81.89383697509766,2629700,0.0,0.0,-0.0025071904722396053,0.001321949441482797,-0.0017689928895264777,0.012212843841292736,0.04359205248883898,0.04749910870653082,0.04823174865286432,0.01746761271989474,0.008044616532615739,0.010713643443078383,66.32606734603826,64.16366388490223,53.571355505891205,0.008538722136721114,30.359169006347656,1.0,0.6530380249023438,0.0,0.0,2.0,6.123233995736766e-17,1.0,0.9957284318901037,0.09233033047528347,1.0,0.0,0.9744916385424774,0.22442380981258983,1.0,0.0
2023-05-16,81.72152103097334,82.15688845708769,80.9324275185411,81.86664581298828,2191200,0.0,0.0,-0.0013517247880444252,-0.001423315886070591,-0.000138354876789881,0.012412605498598477,0.04126022261515608,0.04529236498546962,0.04765084436933112,0.01712514915052366,0.009231228920852819,0.009711054904663594,59.772519234974375,57.03821921520934,47.99330228917261,0.0071125359013815516,30.33197784423828,-1.0,-0.027191162109375,0.6711769101497254,0.0004896351131345621,0.0017337185589002663,0.9645437290545926,-0.26392308489683225,0.9995673156674244,0.029413966910626917,1.0,0.0,0.9946638484243426,0.10316893252174432,0.22022367349520455,0.7797763265047954
2023-05-17,81.86663562363762,81.9936163321311,80.41542258376258,81.49475860595703,2772700,0.0,0.0,-0.003204287720293243,-0.0009946489361470142,-0.0022764692085869556,0.012961843817540383,0.03775712624154776,0.04329693998506649,0.043797154366855,0.015790672815730808,0.007797504551437312,0.011471577702611861,54.58158727751698,51.56398829671854,43.151765532419375,0.008959174907568973,29.96009063720703,-1.0,-0.399078369140625,0.0,0.0,0.37345599683881975,0.9787970725030052,-0.204832348176617,0.999997020238526,0.002441211598558907,0.9998541060922164,-0.017081174741071882,0.9991857018551757,0.04034765430827367,0.5,0.5
2023-05-18,80.97776777853684,80.97776777853684,79.85307848159326,80.27030181884766,3395500,0.0,0.0,-0.0035087624731699554,-0.006233294017460313,-0.007569352639524744,0.01368044692654346,0.035091576121347855,0.03827837705646595,0.04111767267660592,0.016471621461685335,0.014282923012485212,0.015810166369417466,49.492284202544326,46.183299099240486,38.526445583091544,0.01080672464843103,28.735633850097656,-1.0,-1.62353515625,0.0,0.0,2.0,0.9155264381362341,-0.40225780424198143,0.9998145019584633,0.019260365353492737,0.9952085651594014,-0.09777480162785124,0.9997117321493862,0.02400942737496466,0.5,0.5
2023-05-19,80.04354927837662,80.32471987166245,78.88257879263259,79.481201171875,4147400,0.0,0.0,-0.006113936248640547,-0.004048591663946261,-0.0049395506909157665,0.01412542273862019,0.03640222657290458,0.037167106563589944,0.04033321950899603,0.007540947155482902,0.012980087567664582,0.013061471450993989,43.490754648233576,39.612714003307175,33.04141852734937,0.0130700064034971,27.946533203125,-1.0,-2.4126358032226562,0.0,0.0,2.0,0.9068755279702118,-0.4213985960687929,0.9995862658078581,0.028762774697549426,0.979821885683078,-0.19987264028990356,0.9993111866168448,0.037110002727479476,0.5,0.5
2023-05-22,79.49934658694839,79.49934658694839,77.30438629232751,77.73067474365234,3156200,0.0,0.0,-0.007689600570158582,-0.003930038668554455,-0.008473677166888708,0.015428853457542087,0.04800652115434011,0.03883693078666599,0.051480474569413216,0.014852339469006636,0.009986360521050685,0.019338581627132513,36.43716484804865,31.37857894523108,26.13172326773001,0.009727302198250555,26.196006774902344,-1.0,-4.1631622314453125,0.0,0.0,2.0,0.8998055641296474,-0.4362911261546892,0.9999966715598921,0.0025800909164673752,0.9495802920867206,-0.31352395264237554,0.9995317866189846,0.03059750869369598,0.5,0.5
2023-05-23,77.82137885471656,77.83951599085341,76.5334207512438,77.52206420898438,3018200,0.0,0.0,-0.004792425675179018,-0.010088143674347124,-0.001284932946226742,0.015568777445221105,0.06298974618327284,0.05416960671475926,0.06312726669265886,0.012453130288656165,0.01557301483620339,0.01788970260494103,28.142173033762006,23.65653947953138,20.000952338230217,0.009277026523754894,25.987396240234375,-1.0,-4.371772766113281,0.0,0.0,2.0,0.8497711692069145,-0.5271517428451826,0.9999996535207727,0.000832441189803422,0.941700691232867,-0.33645179169019207,0.9999236645804773,0.012355768367413271,0.5,0.5
2023-05-24,77.73067685081826,77.8395204336414,76.78739347940538,77.15926361083984,2287000,0.0,0.0,0.0012551745272963953,2.1624376960104758e-08,-0.0017772488944366599,0.015498681477282977,0.07269269043086066,0.06453560729556496,0.07382015872082838,0.01911779108761973,0.01703751579869859,0.01782887241017622,45.70767025584438,42.550331739884115,15.144590792444484,0.006996642664257965,25.624595642089844,1.0,-0.36280059814453125,0.0,0.0,0.3086448599883217,0.8830441909380153,-0.4692898431147066,0.9999996704905871,0.0008117996779676641,0.957605023541372,-0.2880843954266324,0.999848096430138,0.017429402314179082,0.5,0.5
2023-05-25,76.5697022571469,76.95064439695045,75.86223630610321,76.65133666992188,2490200,0.0,0.0,-0.006060657825388289,-0.0057424581055505975,-0.0033022882687591924,0.015695650575454072,0.08579514367670774,0.07894079168910316,0.08587366497694118,0.019059642148200256,0.016916396422053972,0.017348611987328105,34.087232554025995,31.977675452731457,11.483443312563233,0.0075681445184686315,25.116668701171875,-1.0,-0.5079269409179688,0.0,0.0,0.604958464484021,0.8790247675425512,-0.47677610893034883,0.9982007357236022,0.05996074716728596,0.9485417259411747,-0.31665216586743483,0.9975890162505308,0.06939852056274899,0.5,0.5
2023-05-26,76.51527451982179,77.0141322034101,75.87129900459898,76.35201263427734,2364000,0.0,0.0,5.670080156797549e-05,0.0003914553108224537,-0.0018571795702523302,0.015700808825587387,0.09614213811410925,0.08985859059677284,0.09706188480313374,0.021325829782771005,0.020315358467995377,0.018078680998570996,50.20014328968577,48.12598418078469,8.796164840773647,0.007156545172633455,24.817344665527344,1.0,-0.29932403564453125,0.0,0.0,0.21009041744162554,0.9029061099337253,-0.4298378259813199,0.9982161538631643,0.05970351887980687,0.9564728739080053,-0.29182124918888447,0.9976865305493448,0.06798225327547966,0.5,0.5
2023-05-30,75.59919659500788,76.06177310930418,74.6559064317051,75.5266342163086,4495800,0.0,0.0,-0.008074238602723358,-0.006221482683119652,-0.005434459913122183,0.016342725584286982,0.10998370785648494,0.10309939286318671,0.1096514640493749,0.01857787734760004,0.020670911847802828,0.0071424680542566095,38.226806583097435,37.010417913602325,6.78077827325816,0.013463022429151858,23.991966247558594,-1.0,-0.82537841796875,0.0,0.0,1.5974573706727746,0.9024702940848444,-0.43075209609985016,0.9991363477610731,0.04155187820862158,0.9476743001650861,-0.31923881469303556,0.9990404223989303,0.04379765305318179,0.5,0.5
2023-05-31,75.56292196217183,76.46086590664817,75.36337886339932,76.3338851928711,8562500,0.0,0.0,0.00471587656415332,0.002616613506813512,0.0053157395990949255,0.016041865422505394,0.11815518677391466,0.1118949008765427,0.11640575624537965,0.023984227088662123,0.017710729111960234,0.018179219290259105,52.08499025357598,50.64344842653148,26.665096310087208,0.025915130913814224,24.799217224121094,1.0,0.8072509765625,0.0,0.0,0.9565571904853489,0.9264948831299005,-0.37630736311439883,0.9989222224121607,0.046415445394285035,0.9643097294459873,-0.26477678466173515,0.8840050069585885,0.4674774301205843,0.47827859524267446,0.5217214047573255
2023-06-01,76.42459276320858,77.07764045708691,76.02550652363168,76.08899688720703,2608800,0.0,0.0,0.0013325635835573395,0.0012239095830530785,-0.0004895060666049521,0.015931651001248045,0.12169272489827532,0.11623727990811428,0.12287947905939707,0.026299219206311328,0.021213291085231525,0.018076230599293124,61.874992422837636,60.38244849507698,21.446633701890196,0.007870423458046649,24.55432891845703,1.0,0.5623626708984375,0.0,0.0,0.464223105295412,0.9477778772650084,-0.3189311765366232,0.9985066900118514,0.05462957076141435,0.9756055891914921,-0.21953071388377873,0.8887153540606618,0.45845939782802186,0.232111552647706,0.767888447352294
2023-06-02,75.85317189718366,76.74204389927215,75.4631576901342,76.7238998413086,3403500,0.0,0.0,-0.0037121512452175935,-0.002181753000072995,0.004154773371186848,0.015861875885130567,0.12650798193556445,0.12097837041375972,0.12526535109080328,0.02438833084160867,0.018200716280716074,0.020176425501301137,50.403955175898496,49.79611507461157,35.037675590648355,0.010353611857400004,25.189231872558594,-1.0,0.6349029541015625,0.0,0.0,0.5917094129097592,0.9527799375189206,-0.30366163844226646,0.9988818039208397,0.04727728625724086,0.9747115311106505,-0.22346684568394382,0.9813781760503544,0.19208559438979161,0.2958547064548796,0.7041452935451205
2023-06-05,76.68762210145263,77.85765774982282,76.68762210145263,77.3134536743164,2552800,0.0,0.0,0.006036191656983566,0.0054124797217527994,0.0028707042684197734,0.01569754545393741,0.12574394451093124,0.12091533855316737,0.12443712661827293,0.029948908408272468,0.023726877704036926,0.02054925585651186,58.395377893654576,57.43211452716533,44.84768611240278,0.007825413954953469,25.778785705566406,1.0,0.5895538330078125,0.0,0.0,0.5102003087779728,0.9726332969601131,-0.2323455823649339,0.9999995934359888,0.0009017360240696862,0.9868166343298089,-0.1618423004346766,0.9375979929488061,0.34772115785262564,0.2551001543889864,0.7448998456110136
2023-06-06,77.48579381215562,77.80324563825228,75.40874197865061,75.98922729492188,2754800,0.0,0.0,-0.008408354338624989,-0.00034955541427694606,-0.00863798578747785,0.01708109838984194,0.12660853138901834,0.11914383026055134,0.12567865352062427,0.03046209656097478,0.016479997581356834,0.026029230010828703,50.30350587313797,49.840235587028516,39.02958749712815,0.008299989784757988,24.454559326171875,-1.0,-1.3242263793945312,0.05441571148358548,4.951410593210669e-06,2.0,0.9992997080049352,-0.037417824378914576,0.9999999976629879,6.83668362862109e-05,0.981535651849165,-0.191279283115121,0.9946749360443529,0.10306197943549537,2.475699167503793e-06,0.9999975243008324
2023-06-07,73.71261901431002,74.51986339753437,72.6514201360366,73.92123413085938,5185400,0.0,0.0,-0.018622982733722704,-0.02155537831063124,-0.013794855571746319,0.01952999652789675,0.1356329626092062,0.1271729478234544,0.13379998088678843,0.047335062655696224,0.05024008983839674,0.03520358736431122,43.74907075544237,43.26321177178863,34.39924000455027,0.015198017052155639,22.386566162109375,-1.0,-3.3922195434570312,0.0,0.0,2.0,0.6872361619969918,-0.7264340697156517,0.9998970425286517,0.014349367318998626,0.9783378202429721,-0.20701475667746466,0.9999600415212779,0.008939539180741788,0.5,0.5
2023-06-08,73.82146116821549,74.99150359611453,73.69448046316563,74.96429443359375,2877400,0.0,0.0,0.003955003221792712,0.001750469617355882,0.00388754031644347,0.019118513192969852,0.13878739847883018,0.13127641401317044,0.13511732227174755,0.049922987148361984,0.04970125814281256,0.040917367757594386,50.49754329899339,49.93094780822298,41.195399227810384,0.00855244228750403,23.42962646484375,1.0,1.043060302734375,0.0,0.0,0.09454769171741718,0.851918085221108,-0.5236750672632801,0.9998087811495777,0.019555079549716404,0.9961181156225979,-0.08802669895256053,0.8303426483494099,0.5572531617964033,0.04727384585870859,0.9527261541412914
2023-06-09,74.73755011060027,75.12756429458733,74.4654446166818,74.6468505859375,2708800,0.0,0.0,0.004898692033461581,0.0008532445804179205,-0.001997467258196125,0.018461974717480713,0.1363833215726334,0.1313926675940115,0.13296826622749186,0.05250665279130883,0.05025652693459985,0.03843909922986957,55.843321975195295,55.0273126229407,37.41801183788323,0.008017221549671022,23.1121826171875,1.0,0.725616455078125,0.0,0.0,0.04575581989383863,0.91004997765901,-0.4144985381914338,0.9997693601644688,0.02147618393310426,0.999873816045143,-0.015885590556334934,0.855495248420361,0.5178106603095236,0.022877909946919316,0.9771220900530807
2023-06-12,74.87358943622684,74.9552169178123,73.56749437142817,73.99378967285156,3854900,0.0,0.0,-0.006065881359862408,-0.0011483487671455626,-0.004393555570999515,0.018634179705266894,0.13015967694494085,0.1283323557932657,0.12849485752708661,0.047223293645005444,0.04499024612148677,0.03475099327689246,50.277613369832224,49.322857690702,33.685112822379125,0.011309511393644644,22.459121704101562,-1.0,-0.6530609130859375,0.12698609173746433,3.196883256609891e-05,0.810015140752925,0.9929219858104578,-0.11876838844666188,0.9998005625850107,0.01997085513181662,0.9964961415162908,-0.0836387466617263,0.9782722693701611,0.20732430388489156,3.946539921913637e-05,0.9999605346007808
2023-06-13,73.3498277040499,73.50401758878648,72.61514563454993,73.22284698486328,5473500,0.0,0.0,-0.006514786823109019,-0.009775069458284918,-0.005236790525114067,0.01883020834250711,0.12565994794123994,0.1264950884752757,0.12455487773985909,0.046516776750445105,0.04532499165305855,0.033307162420858565,44.40767399450992,43.624835101745276,29.91506056090378,0.015890852200430537,21.68817901611328,-1.0,-1.4240036010742188,0.0,0.0,2.0,0.871992649159187,-0.4895189677758595,0.9999951173588058,0.0031249413671874215,0.9999803354534907,-0.0062712603457408195,0.9999627126217486,0.008635587192205505,0.5,0.5
2023-06-14,73.21376653637358,73.57657151515225,72.84188953014487,73.15027618408203,3623500,0.0,0.0,0.0010319627374609612,0.00032656429738857085,-0.0003282190008365604,0.01821993025122142,0.11718938524415333,0.12135997480594345,0.11627826907794889,0.028213966983069036,0.022335915224894615,0.02180167414338654,51.34481990260554,50.2381715628076,26.310918603082108,0.010509442805725,21.61560821533203,1.0,-0.07257080078125,0.0,0.0,0.010002523606223264,0.939917881414245,-0.3414006095450874,0.9999922158539105,0.003945659841650495,0.9933550252197477,-0.11509037262375332,0.9875479264060526,0.15731844472631196,0.5,0.5
2023-06-15,73.35890181772653,73.85775964714674,73.03237795118442,73.2047119140625,3518700,0.0,0.0,0.0012680718714682543,0.0018520484256691614,0.0003611856586773851,0.01771128164378804,0.10643046864413569,0.11127400184016299,0.10458266121523342,0.023062956483160583,0.021210338951667986,0.010818046578887207,57.69559668808509,56.235385202388,35.62941186166118,0.010213079959576455,21.6700439453125,1.0,-0.01813507080078125,0.35374205836025396,0.00026647336921712176,0.0006246320514787156,0.9748870663831556,-0.2226998154441195,0.9999741603562913,0.007188784301282902,0.9952942309108996,-0.09689888500638608,0.9889190368178669,0.14845584737295664,0.2990368625622777,0.7009631374377223
2023-06-16,73.10494034817846,73.98474038192077,73.00516878229442,73.2047119140625,5349000,0.0,0.0,-0.00018631625563837682,0.0008588919610333359,0.0,0.01740199469212288,0.09448789117023049,0.10226609292417521,0.09573510855662799,0.017860233833233704,0.021183350565702794,0.011849692434248521,63.26901396084111,49.43112508271277,35.629411861661175,0.015525553387266449,21.6700439453125,1.0,-0.01813507080078125,0.40816886676851993,0.000354780847857377,0.0006246320514787156,0.9865216896266199,-0.16363054695330917,0.9999632251994813,0.008576027556591082,0.995781274828582,-0.09175866553499978,0.9955790290239791,0.09392761557535115,0.3622382838717661,0.6377617161282338
2023-06-20,73.46773628937052,74.00286833089945,73.13214043489853,73.1412124633789,3486600,0.0,0.0,0.0005663373359811023,7.984594137006242e-05,-0.00028282569571344817,0.017023363255700565,0.08404623506491857,0.09305919070429418,0.0878499501956711,0.01510083738780336,0.021449502481948844,0.010315388370063305,68.21670402990911,55.7269510292266,30.21349185148515,0.010111130982162396,21.606544494628906,1.0,-0.081634521484375,0.14510868375271002,4.510411573052254e-05,0.012657078019598872,0.9900529063700384,-0.1406955670525547,0.9999592026162395,0.009032890074310004,0.9966129942642972,-0.082234662178135,0.9952336605669297,0.09751902826909853,0.0035508950548797094,0.9964491049451203
2023-06-21,73.2681891484297,73.82146521645745,72.80561260042147,73.81239318847656,4784000,0.0,0.0,-0.002237445949973175,-0.0012271532709726524,0.004567296747299523,0.016646715937907713,0.08083804607997842,0.08578063135617792,0.08450765697307167,0.0069238354691004865,0.005104322582587761,0.009543994724299832,58.98599573270126,48.7496184268877,40.276833616486684,0.014000898677159042,22.277725219726562,-1.0,0.6711807250976562,0.0,0.0,2.0,0.9900565923451256,-0.14066962697738916,0.9999765880238973,0.006842762898469563,0.995617408126124,-0.09351992641260562,0.9995795447114216,0.02899540988685899,1.0,0.0
2023-06-22,74.13891691813438,74.29311371392737,73.60378490663399,73.73983764648438,2584600,0.0,0.0,0.002945302260807222,0.0017203737842857874,-0.00026566049632947565,0.016140597021799735,0.07751790798914274,0.08316163531697537,0.08075135945217284,0.012611223661657466,0.007529888246187719,0.00954123392970602,64.24476305813164,54.67168777593241,34.73459493841308,0.00755667896591075,22.205169677734375,1.0,-0.0725555419921875,0.0,0.0,0.011685901715641838,0.9967334034773945,-0.08076213464470533,0.9999238103396251,0.012343966780803668,0.9986978853107824,-0.05101503578133931,0.8498901348766849,0.5269599212836689,0.5,0.5
2023-06-23,73.9484437797706,74.40194828662058,73.65820117218378,73.75797271728516,3925900,0.0,0.0,0.00036952011173246846,0.0007319313178860693,0.0001229514577610017,0.0157042704942143,0.07176608500135924,0.07905305082349702,0.07713406855363883,0.012651701331012408,0.007155391678006237,0.009610190048578784,68.60659190278962,59.639088038824205,42.70995598557533,0.01148110423027536,22.223304748535156,1.0,-0.05442047119140625,0.5804830701631261,0.0006822787301205746,0.006574241348433086,0.9979233545145755,-0.06441256487966449,0.9999045598344947,0.013815615157689273,0.9988980130187135,-0.04693356567815943,0.9464011683902422,0.32299354245802553,0.0940228543068489,0.9059771456931511
2023-06-26,73.67634378176513,74.35660052869048,72.86003430146879,74.24775695800781,3545200,0.0,0.0,-0.004919302456884042,-0.0002752804655957697,0.0029883247126648188,0.01592608307646741,0.07051618195685572,0.07737323561511086,0.07378419019929937,0.018041225774384995,0.0074272838074075885,0.010547212715485975,61.89094902844949,54.97287589756071,47.667336148995695,0.010436611898941182,22.713088989257812,-1.0,0.48978424072265625,0.06348681476310958,7.812943286194791e-06,2.0,0.9981694019126675,-0.06048012140619179,0.9999174415582409,0.012849516240773854,0.9969399559558323,-0.07817112138624582,0.999898385803325,0.014255457477926363,1.0,0.0
2023-06-27,74.73755068859361,74.90987771080655,73.35889299130886,73.37703704833984,5391900,0.0,0.0,0.003411724453710429,0.0037066405574890503,-0.00589819559464062,0.016473791385715166,0.06722602835826065,0.07419317468810074,0.07225195050407825,0.019455207709811222,0.00964211400109888,0.018212613237808494,63.935954364320104,57.51896972541932,44.53567669272096,0.015686911819418274,21.842369079589844,1.0,-0.8707199096679688,0.29930818087491673,0.00018777496609759524,2.0,0.9998667566962746,-0.016323873733669707,0.9998036968600291,0.019813322412433866,0.9984180073376033,-0.056227063092513845,0.9935522438076074,0.11337521256812977,9.387866901685167e-05,0.9999061213309831
2023-06-28,71.53580223806807,71.5448673457083,69.18664533243386,69.58573150634766,11772300,0.0,0.0,-0.029269577343060682,-0.022976451625379198,-0.026519530786380235,0.02043190392206178,0.08806367742446992,0.08464237897331461,0.09249784083804846,0.06318217035489597,0.05017714748503784,0.0536543065719157,57.90205394861925,49.96338145953906,38.28079094016949,0.032480071242524,18.051063537597656,-1.0,-3.7913055419921875,0.0,0.0,2.0,0.35384491852401334,-0.9353041075686209,0.9997868581419693,0.02064553914553012,0.8693193129479857,-0.4942508797520162,0.9998041443409553,0.01979072910860717,0.5,0.5
2023-06-29,69.60386745518998,69.71271102438297,69.01431023193774,69.20478820800781,5836700,0.0,0.0,-0.0006182565790921674,-0.006430678820084548,-0.001360838496373503,0.019797760526013085,0.10224098590447778,0.10281330181142762,0.10696297257147648,0.058862126155055004,0.0504105563477155,0.05270022632846538,49.35864507331565,41.64819618699304,31.686358991691673,0.01601544353841294,17.670120239257812,-1.0,-4.172248840332031,0.0,0.0,2.0,0.42791205456913234,-0.9038203768196554,0.9999859672611023,0.005297667494056706,0.8895344225624214,-0.456868155025648,0.9998248608533572,0.018714903675010382,0.5,0.5
2023-06-30,69.36805263523864,69.87597547016377,69.304562280873,69.56758880615234,4126000,0.0,0.0,0.0014833912263206683,0.0008268052959945034,0.0018481057535733943,0.018976904633194163,0.10796045479741079,0.11245463788470018,0.11539615363813913,0.05995337145748837,0.050725200727662415,0.05443659935025421,57.843859342707816,51.74096479374327,43.995016492057175,0.011380769564361307,18.032920837402344,1.0,0.36280059814453125,0.0,0.0,0.007561284578053872,0.591498845560466,-0.8063058450120748,0.999977986708806,0.0066352164850180554,0.9264456252038388,-0.3764286167929696,0.9997781437735673,0.02106331485498026,0.003780642289026936,0.996219357710973
2023-07-03,69.20479259705549,70.07552044603376,68.75128807655035,69.94853973388672,2756200,0.0,0.0,-0.0026771155192407345,0.0009524556391384748,0.0018240054173590465,0.01887769404497417,0.11555474497891044,0.118445835724985,0.11623179224332861,0.06009980707722775,0.05184946875268043,0.05396001052399205,65.12947483860775,42.336071977330406,54.04825188912838,0.007644073179114536,18.41387176513672,1.0,0.7437515258789062,0.2630221553873895,0.0002040301909168802,0.03177717855198628,0.712261867349136,-0.7019138353959992,0.9999656779305084,0.008285104765708106,0.9241999578923173,-0.38190893918817725,0.9998709408900116,0.016065539633728337,0.01599060437145158,0.9840093956285484
2023-07-05,69.63107916874428,70.15714605922437,69.31362739687857,70.12086486816406,4786500,0.0,0.0,0.004073006660670753,0.0005820727454223337,0.0012302839065171604,0.018345458039856807,0.11088498339691155,0.1155724037711386,0.10977971800019891,0.06061915616055384,0.04925766305730502,0.055854174153261306,71.28946924262321,52.80678808422671,62.188624072851454,0.013307631993397425,18.586196899414062,1.0,0.91607666015625,0.0,0.0,0.04820845700636057,0.7808690417811593,-0.6246947571316522,0.9999579399878624,0.00917160047268428,0.9506007429959131,-0.3104162164185658,0.9038804082941049,0.42778523525489087,0.024104228503180284,0.9758957714968197
2023-07-06,69.46781834705209,69.77620501588598,69.22292895350641,69.32270050048828,4261900,0.0,0.0,-0.0005829356791130422,-0.0024239392126117715,-0.005096582390165823,0.018156418956442072,0.10993642656221654,0.11043411854202971,0.11045328839256954,0.01396852798064914,0.027209328120598387,0.01664102871302592,58.549239026748175,43.386955402300046,51.123319276384066,0.011714241766788919,17.78803253173828,-1.0,-0.7981643676757812,0.0,0.0,0.7591385305429219,0.9531155778033962,-0.3026065024887902,0.9999834665705586,0.005750355252368841,0.9581958668497057,-0.28611305589249336,0.9812276810914614,0.19285289175916812,0.5,0.5
2023-07-07,69.02107483920427,69.40498060308975,68.67372555150932,68.71028900146484,4264600,0.59,0.0,-0.003982717376055805,-0.00266720254713516,-0.004436703872263609,0.017769984686240983,0.11733346759178002,0.11780040334360478,0.1186238946567792,0.01614329265046395,0.009296806442729844,0.018122035631362537,48.116797249691345,35.78069233945457,41.984794394903716,0.011618111309338649,17.175621032714844,-1.0,-1.4105758666992188,0.0,0.0,2.0,0.9537414841338212,-0.30062797847541733,0.9999966675778349,0.0025816338286319927,0.9997653021400014,-0.021664270975774686,0.9998826299733077,0.015320779277228854,0.5,0.5
2023-07-10,68.77426448244799,69.09418591135659,68.26239019619423,68.3629379272461,2961700,0.0,0.0,-0.002086127258457182,-0.0015584368025212398,-0.0017598626416259952,0.017453636225692237,0.1229129212423837,0.12317746134695216,0.12287683842978729,0.015245630927807405,0.008832547658076903,0.01621465019534645,39.6839925225525,29.63360818274269,34.53534284573863,0.008027812843137864,16.828269958496094,-1.0,-1.7579269409179688,0.0,0.0,2.0,0.9579265015780634,-0.2870136191444799,0.99998071208566,0.006210914317256765,0.9947012555451589,-0.1028076466848867,0.9999313974094794,0.01171326063595296,0.5,0.5
2023-07-11,68.46348160375018,68.66457705394463,68.1526958242414,68.62801361083984,3186200,0.0,0.0,-0.0008041220011135293,-0.0031185591984458643,0.0019349868047310718,0.01667711856527894,0.1240242725154146,0.12758441909538154,0.12441601594798335,0.013915211927344481,0.00668541743329445,0.015160074004399065,32.88554849354828,24.7387785654245,45.75936353226638,0.008669816732481926,17.093345642089844,-1.0,-1.4928512573242188,0.0,0.0,2.0,0.9517235942978926,-0.30695634878057226,0.9999899284757403,0.004488089469231474,0.994688660009103,-0.1029294401485551,0.9999407754790355,0.010883268552467695,0.5,0.5
2023-07-12,68.57315480474398,68.8839405382305,68.1983917725027,68.50917053222656,3783300,0.0,0.0,0.0003351344610938657,0.0015948080584647292,-0.0008665999623362538,0.01622752149545605,0.1259351831657442,0.12910105102549582,0.126530048879315,0.008036667556024411,0.008677058910058311,0.013477883619088122,43.902732382639236,36.62006993433277,38.43380723286347,0.010276729964444795,16.974502563476562,1.0,-0.11884307861328125,0.0,0.0,0.016830001342366452,0.9756761984464078,-0.21921668683101167,0.9999848318388621,0.005507821003152927,0.9967108261271064,-0.0810402929475277,0.9991881513920639,0.04028694723741188,0.5,0.5
2023-07-13,68.47262826305652,68.87481221349985,68.18926330565394,68.3629379272461,4286900,0.0,0.0,-6.693030130574145e-05,-6.626311975330253e-05,-0.00106838863393244,0.015816936417021275,0.1288797600110661,0.1329297575133095,0.1296541846097894,0.008464965946165224,0.008935787700203437,0.010493880022413358,37.23351737829526,31.41143637716087,32.76893879591116,0.011619823370782899,16.828269958496094,-1.0,-0.14623260498046875,0.21023515955522498,0.000156074429800412,0.025481488665265763,0.9826718722471363,-0.18535369296107343,0.9999851869657354,0.005442963264929753,0.9974988552065283,-0.07068262772185,0.9998698329579822,0.01613434661140094,0.006087724844271481,0.9939122751557286
2023-07-14,68.71942292064539,68.71942292064539,68.21668426451387,68.56403350830078,2594200,0.0,0.0,0.00012164924908228018,-0.0006834094094113841,0.0008887377486292373,0.015167820985657937,0.12980752690483457,0.13573014710294948,0.13081744334435821,0.006163411025178868,0.00826356032418067,0.008363001214692698,32.16161291075014,39.69863489576804,41.51239434700375,0.0070523729125009215,17.02936553955078,-1.0,0.05486297607421875,0.0,0.0,0.14075709392618266,0.9834788414967346,-0.18102311545280844,0.9999883638082762,0.004824131843833133,0.9982115720744367,-0.059780075080931014,0.9998173603210305,0.019111410222340915,0.07037854696309133,0.9296214530369087
2023-07-17,68.27152062901027,68.53660032963538,67.90589321525967,67.9241714477539,2814500,0.0,0.0,-0.0022831704703827438,-0.0013319822815836594,-0.004688039239382571,0.014909179302306485,0.12960677115320232,0.1368238476133648,0.1324713497828788,0.004819672135560904,0.0077589248611104385,0.011768304784279414,28.442775000770077,35.65269217296903,37.377754259333884,0.007579857790691278,16.389503479003906,-1.0,-0.5849990844726562,0.2833700903942713,0.00029893476433421224,2.0,0.9820930405802287,-0.1883965489171213,0.9999910250205591,0.004236729674104836,0.9982973036091375,-0.058330897530601056,0.9999579989763482,0.00916516684068604,0.000149445045007451,0.9998505549549925
2023-07-18,68.16183031275622,68.71941054962925,67.66823435025735,67.9241714477539,3335800,0.0,0.0,-0.0017529809652469754,0.001331892270675671,0.0,0.01494964727403405,0.12847301217448584,0.13520095563347556,0.13234651486011328,0.005430674071067052,0.006057826690454567,0.010176872772328012,32.91911483814038,33.99961205849599,37.377754259333884,0.008983794499267353,16.389503479003906,-1.0,-0.5849990844726562,0.0,0.0,2.0,0.9879630196079652,-0.15469024496428788,0.9999863480229425,0.0052253007318708656,0.995520862037063,-0.09454212420388525,0.9999745637176793,0.007132455232019562,0.5,0.5
2023-07-19,67.99730071493273,68.79253984475571,67.99730071493273,68.74683380126953,3410600,0.0,0.0,0.002425570831363036,0.0005318031990436345,0.00601928954877211,0.014617940386582944,0.12388535387702217,0.13150856514224185,0.1286542114603121,0.008300041766547254,0.005011268976277525,0.017451283188466702,36.12964610479668,37.29620503093354,41.35702389905872,0.009296488663729681,17.21216583251953,1.0,0.822662353515625,0.25593951512033186,0.00022110758560111625,1.9775745962534639,0.9851500788280593,-0.17169543437455959,0.99997391328014,0.0072230713137221205,0.999453381905344,-0.033059603717686875,0.9218919053537377,0.38744717684254093,0.9888978519195325,0.0111021480804675
2023-07-20,68.8930968115093,69.88028192998425,68.59145362103115,69.79801940917969,3523800,0.0,0.0,0.004349940146880558,0.007843945708377296,0.007587330626518536,0.014688311633236181,0.11766196577334921,0.12500836469124016,0.11907534675014124,0.01253049818672005,0.016753209610661162,0.021949695316439966,39.53952617003269,40.59705144275983,45.58250151640199,0.00975191271975555,18.263351440429688,1.0,1.8738479614257812,0.0,0.0,2.0,0.9995351154727443,-0.030488570594367825,0.9999616746047836,0.008754959828402189,0.9998697452811504,-0.01613977916229372,0.8727208203472057,0.4882195917130941,1.0,0.0
2023-07-21,69.6609061683593,70.43786017256244,69.6152070938555,70.38301849365234,3548800,0.0,0.0,0.007407410522249031,0.003973671787720089,0.0041731684486325075,0.014360656435517295,0.10413299463933844,0.11420981369479392,0.1079888603150165,0.018353631945105944,0.01591368634557275,0.022239179144279867,43.39330325654359,44.25635045373155,50.209070074498925,0.009903412482051933,18.848350524902344,1.0,2.4588470458984375,0.0,0.0,2.0,0.9538874230578958,-0.3001645950673845,0.9996087119540203,0.027971824853313818,0.9838846164940689,-0.1788045341324404,0.7899060966943349,0.6132278193339895,1.0,0.0
2023-07-24,70.58411327945701,70.95887637139948,70.31903354429585,70.61153411865234,2731500,0.0,0.0,0.0038713395908479046,0.0028361651777202507,0.00124747901111382,0.013938986755756548,0.08742546715962467,0.1006236872194994,0.09469415097655065,0.015342644532669864,0.012774408348888745,0.013886478730360492,47.900791025320764,49.02467461614934,55.042198584662465,0.007647373595462583,19.076866149902344,1.0,2.6873626708984375,0.0,0.0,2.0,0.9632445710531741,-0.26862594129492917,0.9969443809350336,0.07811466777797049,0.9898462017576223,-0.14214252307458353,0.7649644201902418,0.6440725392710104,1.0,0.0
2023-07-25,70.74864836023593,70.74864836023593,70.02653601042906,70.3007583618164,2308200,0.0,0.0,-0.001761147510810505,-0.0012536315155116664,-0.0018636763075901557,0.013734259944885715,0.0727663560545586,0.0835177218632477,0.07199778859481151,0.01591237595386702,0.01597437615159132,0.017258786180624305,43.57469323240837,44.236797597500505,49.39502919474271,0.006433819932200811,18.766090393066406,-1.0,-0.3107757568359375,0.0,0.0,0.013373396010048753,0.9654117089438742,-0.2607301904921413,0.9985302452066745,0.0541973191910678,0.9881660716577111,-0.1533877922931529,0.8552499432593493,0.5182157220259529,0.5,0.5
2023-07-26,70.19106392461295,70.45614365579264,69.2038718858259,69.23129272460938,3466300,0.0,0.0,-0.00590865269328338,-0.0020714927607420404,-0.007664659330096187,0.014242266541133721,0.04239528753142216,0.050285377931048446,0.04778047619205333,0.024787141740829802,0.018552774337898217,0.02634007074277706,39.26966035256959,39.76161884365622,44.17723788313662,0.009514895949853889,17.696624755859375,-1.0,-1.3802413940429688,0.0,0.0,0.2637895186392648,0.9544116494338185,-0.29849355675628564,0.999692597960736,0.024793337462196148,0.9830106043693508,-0.18354877198555072,0.952854284173006,0.3034282668657428,0.5,0.5
2023-07-27,69.15817220726981,69.60606217559582,68.51832242161191,68.55488586425781,3160600,0.0,0.0,-0.004538770784810771,-0.005534048763757067,-0.004476161390802621,0.01448878347650113,0.04219502414846121,0.04346478391050669,0.048172867575308094,0.026846626614847623,0.018963708804964972,0.021401826258553795,35.24694297673187,35.602680228094925,39.35508811021974,0.008590993750110909,17.020217895507812,-1.0,-2.0566482543945312,0.0,0.0,0.5856895590795915,0.8784947446626894,-0.4777520105661892,0.999985417349355,0.005400471149488429,0.9998634599923363,-0.01652456874335265,0.9894445736684512,0.14491182021511206,0.5,0.5
2023-07-28,68.92050271627087,69.22214584138106,68.73768553116052,68.96620178222656,2935900,0.0,0.0,0.0014845811896041438,-0.0025688017915520564,0.002778292341381011,0.014064715028373488,0.04205652389444794,0.04365480389944897,0.048222498719338015,0.02047457932226638,0.015716102838209865,0.019825364936667048,31.534234440543617,42.48774416060961,46.020120501314196,0.008028104604579329,17.431533813476562,-1.0,-1.6453323364257812,0.0,0.0,0.37484757518092426,0.883151746150089,-0.46908740472544014,0.9999991415241507,0.0013103247542536687,0.9999995726762131,-0.0009244714118293588,0.9868901503169403,0.16139340509267094,0.5,0.5
2023-07-31,68.92965150307619,68.92965150307619,67.96073776947034,68.31722259521484,3378000,0.0,0.0,-0.005683662934293665,-0.002117195316508216,-0.004727294572922672,0.014235412353966475,0.042535449175433324,0.04412719544971026,0.04896195441239833,0.014267360850768584,0.008175785905717128,0.017951609776521545,28.17325541860549,37.76725265343716,40.76612185533493,0.009150088664965228,16.782554626464844,-1.0,-2.2943115234375,0.0,0.0,0.7288735867000725,0.9029423070844214,-0.4297617829415065,0.9999745881841628,0.007129024190856527,0.9998707419377908,-0.016077917053266933,0.9992744134230468,0.03808735588126124,0.5,0.5
2023-08-01,68.44520281807532,68.73770341659753,67.36660555344388,67.95160675048828,3261400,0.0,0.0,-0.0042387906494072885,-0.0013461617319981956,-0.002590436227771862,0.014730974819623311,0.04584345949931623,0.04446971595553069,0.049494927542984596,0.013936506593649627,0.008254739412257111,0.017830594651104644,25.059777030662485,33.19224875404213,35.859164100628924,0.008786972199388733,16.41693878173828,-1.0,-2.6599273681640625,0.0,0.0,0.9796862109910115,0.9250664026152915,-0.37980541169446674,0.9999835577304544,0.00573448068642118,0.9994409308657463,-0.033433900613157846,0.9999903366538799,0.004396202777395824,0.5,0.5
2023-08-02,67.9150326063328,69.35925001301065,67.88760479824434,68.96620178222656,4355600,0.0,0.0,0.0038520001961178216,0.004500798757518898,0.007410248839148314,0.015001716311119441,0.04572798340989679,0.04338988825668105,0.046956266921430276,0.019405217656425378,0.017154994893256746,0.024162961442468333,33.392502796841036,41.497877415026714,43.56181795311424,0.011910219154503125,17.431533813476562,1.0,1.0145950317382812,0.4295985099344648,0.0006073713851477871,0.14549427565824777,0.9726990040405338,-0.23207035040813312,0.9999973248812075,0.002313056512206447,0.9998504232846062,-0.017295405678791034,0.8784511478356714,0.4778321680948149,0.07305082352169778,0.9269491764783022
2023-08-03,68.9205164710493,69.25871612691505,68.04301472868022,68.11613464355469,3571600,0.0,0.0,0.0009375108334298284,-0.0005947134671372413,-0.005084948456654076,0.015378829112409865,0.0451767651279283,0.04311246683199399,0.0477091303709933,0.018419636153543664,0.012962679947262303,0.0254754700900589,29.70261362411386,48.88235738647979,38.13939499052257,0.009646022370047438,16.581466674804688,1.0,0.16452789306640625,0.0,0.0,0.0038259519941444935,0.9950703124954541,-0.09917193751358966,0.9999991114612284,0.0013330704233870823,0.9999795465057342,-0.006395824433663351,0.9481293712870107,0.317884720146939,0.0019129759970722467,0.9980870240029277
2023-08-04,68.19840262110347,68.50918143026419,67.2020679633981,67.26605224609375,2077600,0.0,0.0,-0.0036169802964697907,-0.0031647749550764723,-0.003652570612183679,0.015848810269869725,0.048075765353423894,0.044518647135774254,0.051997747918110654,0.02010790429233211,0.016039175474829446,0.02561168161754301,26.33419754700628,42.33572317927684,33.04479957118008,0.005541066114667682,15.73138427734375,-1.0,-0.8500823974609375,0.6855368348462463,0.0018990120049705952,2.0,0.9275651079392763,-0.373661572192805,0.9999925730916827,0.003854057793501765,0.9986516618263527,-0.051912024921631016,0.9999973194309503,0.0023154116079138047,0.0009486052960626966,0.9990513947039373
2023-08-07,67.23862190584383,67.61339191850763,66.99182741425172,67.147216796875,2500400,0.0,0.0,-0.0015666923488189678,-0.0065807565175937345,-0.0008841050445753322,0.015403993632518058,0.05154221484408531,0.04969091478209005,0.05601202777655581,0.01819740036074133,0.019627629560534914,0.025085614703947916,22.872529990949246,36.367463472975324,28.345636179232937,0.0066569142334719665,15.612548828125,-1.0,-0.9689178466796875,0.0,0.0,2.0,0.8694913021054782,-0.49394825190795033,0.9999999999193914,1.2697132985694856e-05,0.9958433717385561,-0.09108226481804256,0.9999998137821247,0.0006102751150960826,0.5,0.5
2023-08-08,67.18378271493114,67.28433043063684,65.0814302622376,65.2276840209961,4772200,0.0,0.0,-0.01446467805536826,-0.0024393405769973357,-0.014500730606929092,0.01713696011027065,0.06707906725268055,0.05545069229057752,0.07229035115343478,0.03216924751887716,0.019596796952063497,0.03606875290387094,19.442163231295908,29.899484218296195,23.242106074997107,0.012342014442767398,13.693016052246094,-1.0,-2.8884506225585938,0.0,0.0,2.0,0.9073626998719401,-0.42034858258486335,0.9999942592127657,0.003388442342993092,0.9258467344523997,-0.37789922506380924,0.9999952330411693,0.0030877005906537447,0.5,0.5
2023-08-09,65.33736651646787,66.34283657936531,65.1179859045991,65.95893096923828,3546700,0.0,0.0,0.00020866576484464744,-0.00523634853089652,0.0041426701883831765,0.017062896229760996,0.07839837658421742,0.06657428772250557,0.07992763171379585,0.028723961999011186,0.012283393931903277,0.033215158572467846,16.042860156878938,43.44784246713857,37.31395731181479,0.009275418597124592,14.424263000488281,-1.0,-2.1572036743164062,0.0,0.0,2.0,0.8795433489072235,-0.47581876528050693,0.9999999860621994,0.00016695987852943277,0.9479025386802788,-0.318560476461664,0.9994631463435598,0.03276307526823368,0.5,0.5
2023-08-10,66.2514462752642,66.61706676251592,65.98636654037207,66.1600341796875,3804500,0.0,0.0,0.006623583577345133,0.00206250287686714,0.0015221373420729815,0.016506502660067868,0.08295373479031794,0.07378659644906625,0.08534212960884094,0.03515869458398311,0.01690278657321903,0.03474543944507266,30.930791404740823,53.82804923024258,48.182794024870354,0.009979959170799678,14.6253662109375,1.0,0.20110321044921875,0.0,0.0,0.008690718939590806,0.9238841667948172,-0.3826722440233238,0.9999993805283596,0.0011130781182025647,0.984405951217728,-0.17591169150207203,0.9252309432550542,0.3794044038270546,0.004345359469795403,0.9956546405302046
2023-08-11,66.27886307205299,66.46167330452916,66.07776763207117,66.42510986328125,2480800,0.0,0.0,0.0004512951428485498,-0.0007614093673588671,0.0013036745579698627,0.01567912436036432,0.08641741374293399,0.08060728608134603,0.08884279892668563,0.034778508352110014,0.0171005518303829,0.034680980275303794,25.70546284569057,61.36485704074415,56.218359912691234,0.006533704516044248,14.89044189453125,1.0,0.46617889404296875,0.0,0.0,0.04670064854285019,0.9343277388790624,-0.3564150338595984,0.9999998288246459,0.0005851074080535514,0.9891577782324357,-0.1468566980504182,0.9562169579070842,0.29265872515768543,0.023350324271425096,0.9766496757285749
2023-08-14,66.66276504624237,66.69932848546183,65.78526342626408,66.05947875976562,2431900,0.0,0.0,-0.002174518065842419,0.0017495412726457674,-0.002705401529094386,0.015628127416510054,0.09058294069239406,0.08529101205301834,0.09327569824812601,0.03479163371403162,0.0166031684488338,0.03478260011189402,37.2552876545835,52.43203776597191,48.37543346497546,0.006369660870355746,14.524810791015625,1.0,0.10054779052734375,0.20110311410799397,0.0001916975772287827,0.0021725148850535,0.9571429440294963,-0.2896159261755963,0.9999990314853571,0.0013917716579268551,0.9874559375784729,-0.15789481100092845,0.9874203804485829,0.15811702082563966,0.0011821062311411414,0.9988178937688589
2023-08-15,65.77612629504284,65.9040948560754,65.26425205091259,65.53846740722656,2633200,0.0,0.0,-0.003975683339647525,-0.005997082197027477,-0.0039591146192959675,0.015493893058861175,0.09634620042053385,0.09308404328022278,0.09936671850087637,0.017995049033670926,0.019096032803829925,0.01725498133646552,31.701814081336025,45.15304848948663,41.72887735560693,0.006842512240113986,14.003799438476562,-1.0,-0.5210113525390625,0.8135155811585832,0.003374737413622485,2.0,0.8015884398553685,-0.5978762188699566,0.9998969515382217,0.01435570634177144,0.9811084555727029,-0.19345851856081603,0.9994124657074583,0.034274237971667586,0.0016845262898639252,0.9983154737101361
2023-08-16,65.44705522446941,65.73042012796832,65.06314958280834,65.20939636230469,2707300,0.0,0.0,-0.0015430559159726204,-0.0013193707450370432,-0.002516836875453103,0.015190699267094957,0.10194774315783729,0.10041452315850667,0.10543758311774781,0.0183608986157875,0.014527375585817317,0.012126226292751254,26.98957363508321,38.96678633393127,35.879698932905896,0.006999741767784768,13.674728393554688,-1.0,-0.8500823974609375,0.0,0.0,2.0,0.9058766379706437,-0.42354163523673016,0.9998997730866878,0.014157816964151507,0.9999956768725484,-0.0029404483014791967,0.9999948972134055,0.0031946122065828197,0.5,0.5
2023-08-17,65.26423881186865,65.26423881186865,64.22220532697533,64.24962615966797,5586500,0.0,0.0,-0.0065045592860832994,-0.003558781097432159,-0.007413698820982679,0.015474826859773704,0.10940208455814124,0.10679485294660476,0.11195612369434667,0.012078745924091295,0.0130141996678418,0.01510983927937992,22.908128021565215,33.67643716729071,30.73527934154188,0.0142313422564914,12.714958190917969,-1.0,-1.8098526000976562,0.0,0.0,2.0,0.9119066768634414,-0.41039762754172343,0.9999245532375586,0.01228364085558032,0.9933981804501758,-0.11471728325880072,0.9999999917846133,0.00012818257804487793,0.5,0.5
2023-08-18,64.35933853819346,64.86207024876407,64.06683095911518,64.17652130126953,5246500,0.0,0.0,-0.0011374169767618654,-0.0029025043684112847,-0.0005345922513545152,0.015270953279201938,0.11214537211560549,0.11112643621069493,0.11346721274265022,0.009779432190322512,0.012929107224447815,0.011317454665133952,19.371410694908878,29.0170345751448,26.238529987141685,0.013350001201496932,12.641853332519531,-1.0,-1.8829574584960938,0.0,0.0,2.0,0.9158831515904859,-0.40144495591883933,0.9999380074687215,0.01113468542362418,0.9927557844023503,-0.1201497088455652,0.9997627474985638,0.021781843680531283,0.5,0.5
2023-08-21,63.63721145719882,63.94799022760158,62.330098153345965,62.84197235107422,4741100,0.0,0.0,-0.012416692436116832,-0.00641274352829374,-0.009494606895861917,0.01658002396620053,0.11836256865028165,0.11511795680132768,0.11792337125368377,0.022939767214218178,0.010382284797667172,0.017753285999825764,16.2265204967187,24.338862631471045,22.02590150844153,0.011813113539263733,11.307304382324219,-1.0,-3.2175064086914062,0.0,0.0,2.0,0.891329178853707,-0.4533566972307528,0.9999685305885494,0.007933336787083427,0.9623187571378699,-0.2719239041728872,0.9998784983174422,0.01558809168746278,0.5,0.5
2023-08-22,62.668303806541736,62.90596269574627,62.348382402091545,62.55862045288086,3595700,0.0,0.0,0.00011122180899522149,-0.006229877733406518,-0.0017136845105094353,0.016102107215823672,0.1211068892125338,0.12259493411965276,0.12119661843266881,0.02554843397773327,0.012924137651414497,0.01855554456530769,13.52803971734876,36.76773727382899,18.604215397014077,0.00891879267193474,11.02395248413086,-1.0,-3.5008583068847656,0.0,0.0,2.0,0.8491712981221631,-0.5281175119663429,0.9999874520459,0.0050095659241865455,0.9657081581146355,-0.2596300316813103,0.9998623151534426,0.016593695670276132,0.5,0.5
2023-08-23,62.70486240588618,62.83283095778236,62.04673443969838,62.284393310546875,4313100,0.0,0.0,-0.0024249180357843792,-0.000581616347977845,-0.0021965757960123685,0.015919293467253345,0.12579705496900478,0.12731850628085228,0.12736370933158897,0.025082538435499326,0.013922152555019674,0.018749956184466097,11.36034540127529,30.91184680818385,15.74063377073805,0.010651339342503618,10.749725341796875,-1.0,-3.77508544921875,0.0,0.0,2.0,0.8724076984093415,-0.48877889454856316,0.9999879813652077,0.004902767089812801,0.9630062779644752,-0.269478957621941,0.9998716287541941,0.016022671825730243,0.5,0.5
2023-08-24,62.39408558005882,62.88768157013043,61.9553312642963,62.16556930541992,3797700,0.0,0.0,-0.0006490280859506762,0.0003841549774361314,-0.0008406990243768334,0.015881731436015564,0.13048204581197445,0.13180330456140305,0.1334877971794021,0.025706442481884376,0.017193229059837726,0.018330243773401686,24.98384939073797,26.076608599560192,13.313999623014386,0.00936065038737904,10.630901336669922,-1.0,-3.893909454345703,0.0,0.0,2.0,0.895583087275953,-0.44489429506937117,0.9999864189936715,0.005211701086332017,0.9650363876271888,-0.26211594868581756,0.9998704699951937,0.016094820023547295,0.5,0.5
2023-08-25,62.47635132741893,62.96994734305583,62.06502480126999,62.49463653564453,2698000,0.0,0.0,0.0006283611951032932,0.0004643665491379995,0.0018753316652900941,0.015703955565545887,0.1302242038140478,0.13437557120976307,0.1330730048212217,0.026987282857030996,0.01936113709726373,0.021557712201724696,36.18862342100137,37.04365032670127,26.010352188712996,0.006685288397811665,10.959968566894531,1.0,0.3290672302246094,0.13711638527346537,0.00015651648789482306,0.007141633752310199,0.9209563613819551,-0.38966572909368064,0.99998561627084,0.005363511110107291,0.973062864937666,-0.2305399333722935,0.9937857755371297,0.11130962375314077,0.003649075120102511,0.9963509248798975
2023-08-28,62.65001801105747,63.079629691082985,62.33923227441153,62.65916061401367,3333900,0.0,0.0,0.0022041647093694115,0.0008701524480121875,0.0013145752035985266,0.01538797499556399,0.12951427731190562,0.13501462755504207,0.13218301233124358,0.007773248439409714,0.01729823309147051,0.009776027825783054,45.29143648174437,46.42925496575332,36.9425986963879,0.0082827126930161,11.124492645263672,1.0,0.49359130859375,0.0,0.0,0.01606805503065327,0.9240372331114074,-0.38230248733668293,0.9999795502638017,0.0063952368372828345,0.9758431901734015,-0.21847212223118673,0.9767675092425366,0.21430173328307695,0.008034027515326635,0.9919659724846733
2023-08-29,63.03393610573825,63.09792039154959,62.18385518066517,62.60432434082031,3230000,0.0,0.0,-0.0012088907848219962,0.00014044238634826456,-0.00042412453317594963,0.01534425492455791,0.1296896145161967,0.13399452522993263,0.13079018028880346,0.0081461958257805,0.0025198081026272007,0.008543358307387632,52.966378477646224,39.54345156978871,31.650238125060586,0.00801756169119444,11.069656372070312,1.0,0.4387550354003906,0.0,0.0,0.012696164191704861,0.9335502825067898,-0.35844646745573155,0.9999781512302397,0.006610375341216646,0.9752864545072985,-0.22094418221483755,0.9960334338028435,0.08897976594100859,0.006348082095852431,0.9936519179041475
2023-08-30,62.83283407592229,63.043072120906736,62.32095984293532,62.4123649597168,2543700,0.0,0.0,0.0008672203164357069,-0.00034242862560036116,-0.0012092183109790621,0.015118489447845327,0.1245548541561554,0.12722683427341605,0.12153947181842442,0.006317126084827415,0.002265954231632289,0.0077286900122716775,45.90982917847972,47.90938679148008,27.36051562638099,0.006294655760361024,10.877696990966797,1.0,0.246795654296875,0.018272431476205497,2.82175153467198e-06,0.004017013757663317,0.9979595009192204,-0.06385009416641979,0.99997986819118,0.00634532996385746,0.9803431734924476,-0.19729992951533648,0.9943633947590729,0.10602565332603373,0.002009917754598995,0.997990082245401
2023-08-31,62.57689763514966,62.74142963663833,61.8273645114265,61.84564971923828,5681900,0.0,0.0,-0.003975851740857422,-0.0023980894311592905,-0.004560794262991691,0.015222936962316934,0.11708140358563779,0.11837990058731387,0.11612342906833457,0.010955379808426592,0.005862719141385059,0.012392665821904854,40.128981948409965,41.85297121265244,23.965892976773592,0.013932793407586002,10.310981750488281,-1.0,-0.5667152404785156,0.3564906692386671,0.0011953533359519175,2.0,0.9807448921221379,-0.19529325788755775,0.9999876836072178,0.0049631274284420894,0.9995915076174153,-0.028580026227116632,0.9998640493492851,0.01648886954434641,0.0005973196639494928,0.9994026803360505
2023-09-01,62.03760806049335,62.147291422037426,60.246041093044475,60.55681991577149,4404600,0.0,0.0,-0.010041822266501054,-0.0036878831931417507,-0.008162407608027326,0.016679013080565498,0.11913471529548275,0.11290368956099166,0.1189045956458113,0.027112414650565766,0.010174514116199644,0.020778317591364608,35.54456689695267,36.60831459863187,21.04602330719934,0.010575599366993598,9.022151947021491,-1.0,-1.8555450439453054,0.0,0.0,2.0,0.9501504734225024,-0.3117917219154392,0.999996633798786,0.0025946851632982983,0.9591316842796169,-0.2829600894312575,0.9999514939524693,0.009849352375907304,0.5,0.5
2023-09-05,60.01752051729583,60.90415784627917,59.80728246636841,60.41970443725586,3952300,0.0,0.0,-0.0032794038998280404,-0.009065139491934516,-0.0010170183956598046,0.01681953571015794,0.12089991950227041,0.11581978725060914,0.1192654550483372,0.023853144462951267,0.01858413696287307,0.018612368280381982,31.323524002726604,31.980650185513564,18.54754827313238,0.009468124369329069,8.88503646850586,-1.0,-1.9926605224609375,0.0,0.0,2.0,0.8741569454230896,-0.4856435264353614,0.9999920324303762,0.00399187622120542,0.9549286784751956,-0.2968353399203279,0.9999668226540818,0.008145771363115072,0.5,0.5
2023-09-06,61.12353778674484,61.24236374315431,60.17290921417859,60.20947265625,4262700,0.0,0.0,0.0030473925961351524,0.0027688540981292684,-0.0017427937922754621,0.016941404485637763,0.12604951139617007,0.11498932195446551,0.12614940068173022,0.027699562840656455,0.021651854149848465,0.017647936190955567,39.05470042405434,39.946227726910855,16.44507953817738,0.010176186263244834,8.6748046875,1.0,-0.21023178100585938,0.0,0.0,0.725640848881206,0.9392916962830224,-0.34311967197140175,0.9999885499829,0.00478538432074288,0.9767853715424739,-0.2142203023539815,0.9999589067069429,0.00906558864362418,0.5,0.5
2023-09-07,60.2003256330416,60.66650076802627,59.140006812098115,59.405086517333984,5309100,0.0,0.0,-0.008657087903651555,-0.004723716994962459,-0.0067248179859835866,0.017779770596613384,0.13431766809757195,0.11889427840587893,0.13212670814715277,0.026831433476366236,0.020808959041337054,0.017217460752350585,34.706111607604996,35.05898284005443,14.44086909710037,0.012504893390105973,7.870418548583984,-1.0,-0.8043861389160156,0.0,0.0,2.0,0.9329912937760565,-0.3598989382286091,0.9999951666675793,0.003109122300641427,0.9584126390718674,-0.28538607756388296,0.9999846762761193,0.005535992498624867,0.5,0.5
2023-09-08,59.48735893799961,60.46540832519531,59.33196954324967,60.46540832519531,4631300,0.0,0.0,0.0014134592594974387,-0.0014481688324657794,0.007716269793125755,0.017559217186928468,0.1343602406185184,0.1195278388549865,0.1286109360237194,0.0302635673746272,0.021115203154294927,0.032649725231189225,30.901831860766517,42.72755067664432,24.05112924141372,0.011103128325801669,8.930740356445312,-1.0,0.2559356689453125,0.0,0.0,0.10123541700976103,0.9438761535210557,-0.33029957132018284,0.9999968291754511,0.002518261115080494,0.971474747400014,-0.2371430268088835,0.9844187742546524,0.1758399183773912,0.05061770850488052,0.9493822914951194
2023-09-11,60.13634756452568,60.63907921702411,59.78900531513965,60.227752685546875,3776700,0.0,0.0,0.003128754798233779,0.0011694357666907089,-0.0016057393014242683,0.017377491901930494,0.12814726269015045,0.11692823405835968,0.12120268126248011,0.023668457807466584,0.023095764930942692,0.025513462307078273,38.5704263332868,49.704043665966616,21.288303792432107,0.009018713729440892,8.693084716796875,1.0,-0.2376556396484375,0.0,0.0,0.8622528067033205,0.9561579671195131,-0.29285139903008844,0.9999949998319014,0.0031623268641087585,0.9812820631983917,-0.19257599135174563,0.9514907694027477,0.3076772915594638,0.5,0.5
2023-09-12,60.3922810149361,60.73048761325747,59.459937679278674,59.86212158203125,3233700,0.0,0.0,-0.002362750540911149,0.0006448571591819749,-0.0026068976553595326,0.017750844106619704,0.12138383543347539,0.10889861014001687,0.11380878943226992,0.023184074681214757,0.013219762440134543,0.026015310212922176,45.73932281380342,43.501188649503504,18.748574065545814,0.007675157327121216,8.32745361328125,1.0,-0.6032867431640625,0.26507928806216086,0.001013274577589558,2.0,0.9702639852072508,-0.24204916651321887,0.9999947589492315,0.0032376031363435523,0.9811029166202005,-0.19348660676991544,0.9949244791423615,0.10062445430063524,0.0005063807374308691,0.9994936192625691
2023-09-13,60.06322014353839,60.15462526374592,59.53306068306558,59.651893615722656,3042800,0.0,0.0,0.0005782375573431402,-0.0044824922298839385,-0.0016551803918133728,0.017285292518357975,0.1139142543192983,0.10512638878552236,0.10692856283624162,0.021745493349730367,0.013101350460309982,0.026017874612167705,40.02128979723836,50.631991418641476,16.424553507012092,0.0071966950000540856,8.117225646972656,1.0,-0.8135147094726562,0.0,0.0,2.0,0.9623921690455777,-0.27166397066918596,0.9999984433885091,0.0017644320782448006,0.9844056018825587,-0.1759136463786631,0.9955887124678049,0.09382491996638445,0.5,0.5
2023-09-14,59.7341561377567,60.86759497072356,59.7341561377567,60.65736389160156,3693600,0.0,0.0,0.001686091618900027,0.005891229772485787,0.008357380776102744,0.017216148934777707,0.10320118802255832,0.09605642913217317,0.09501526294715748,0.0107668952372823,0.017639853238480444,0.02670009901269877,47.44512108173184,56.79443833629516,26.593431950573148,0.008883187911804683,9.122695922851562,1.0,0.19195556640625,0.1371073574660855,0.00022587861838986812,0.055676330090440256,0.9822884652543449,-0.18737494770716717,0.9999937203440352,0.003543906389221542,0.9890430519341153,-0.1476273735485761,0.9938089072743171,0.11110290645265643,0.02795110435441506,0.9720488956455849
2023-09-15,60.593375870204845,61.004702372674345,60.10892248656998,60.191184997558594,7635700,0.0,0.0,0.0031271422022465345,0.001125008758671876,-0.0038575464772070914,0.017173255787758388,0.09392265431448678,0.08652374734358291,0.0880647699010415,0.01159141365526939,0.016933374221496,0.0223537699345689,53.7171206088007,61.958905817359145,23.495653545347814,0.0182228879876661,8.656517028808594,1.0,-0.27422332763671875,0.0,0.0,2.0,0.9867843691010159,-0.1620389116783686,0.9999924520718544,0.0038853313011964134,0.993353027400915,-0.11510761466313581,0.9886415686286771,0.15029254399147216,0.5,0.5
2023-09-18,60.33744192195617,60.42884704132147,59.57876618107338,60.41970443725586,4126700,0.0,0.0,-0.0023939137094587818,-0.0025628827832418623,0.0010239781070274982,0.01689125261728072,0.08401360273419729,0.07861086411481927,0.07810793876141207,0.014073875656679865,0.020139362076947973,0.02238052056887972,47.58972289267614,55.11480235466696,31.56211512426639,0.009885916766164075,8.88503646850586,-1.0,0.22851943969726562,0.0,0.0,0.6944444444444445,0.8805935101414178,-0.47387241943039543,0.9999971295135103,0.002396031038977808,0.9905037136223597,-0.13748597492222414,0.998288975987653,0.05847324534796395,0.34722222222222227,0.6527777777777777
2023-09-19,60.639081824688354,60.73049392340426,59.94439729604276,60.21861267089844,5740200,0.0,0.0,0.003059081640182538,0.002489670872100681,-0.0016668979738596627,0.01666954354581573,0.08167366678660569,0.07337000822544626,0.0751935962745684,0.013907908866154785,0.0208989378507587,0.0214976413129189,52.95870640816762,59.50929782964637,28.712492732710636,0.013705447660917008,8.683944702148438,1.0,-0.20109176635742188,0.1645251905272218,0.0003589473126694731,0.7743588687541686,0.9917534965989672,-0.12816006391900117,0.9999949614179962,0.0031744509163762814,0.9938420235843014,-0.11080628212272446,0.9955392625883847,0.09434816715217782,0.00046332652383265343,0.9995366734761674
2023-09-20,60.80360941206084,60.931584946192544,58.98462175502989,60.20947265625,6780900,0.0,0.0,-0.008070154354848438,0.001652865253139576,-7.589603889830375e-05,0.01779096111100756,0.08138991199163637,0.07172953182640397,0.07262265081597391,0.022632738196738545,0.017198404391948856,0.020829785370205457,56.92955776116183,54.84630366218672,26.73951133436757,0.016187792111205784,8.6748046875,1.0,-0.21023178100585938,0.5027379048710756,0.0033586430543270747,0.8463508562346104,0.999774890583415,-0.021217166609154296,0.999994239745216,0.003394182727475048,0.999887020168596,-0.015031530140529615,0.9999899128869828,0.004491561452837902,0.003952695664974545,0.9960473043350254
2023-09-21,60.06321644824692,60.803606942269376,59.83470017490534,59.85298538208008,6014500,0.0,0.0,0.006345766842595525,-0.0009324625038537677,-0.0026335950068435924,0.01777486679274599,0.07855839010592454,0.06999484218783167,0.07137461007208543,0.027832849823650987,0.012987348170046714,0.010285982015637515,53.42548713451861,56.9848117367046,25.454860767824762,0.014273181937326242,8.318317413330078,1.0,-0.5667190551757812,0.07311301886511501,7.725355192126871e-05,2.0,0.9938897446486256,-0.1103774228829873,0.9999952670578922,0.003076664072475768,0.9953423802671145,-0.09640303960039273,0.9981878757290671,0.06017445261481449,3.862528399044324e-05,0.9999613747160095
2023-09-22,59.56048439474024,59.93524745391756,58.95719809013256,59.249698638916016,6619900,0.0,0.0,-0.007386884944080794,-0.007192046774788992,-0.005065265725310705,0.017852380511216157,0.07774698976247328,0.07008363012897642,0.07197295774583953,0.030095632121378994,0.018521769245292075,0.011920673076762674,50.752263385001385,53.94992571648445,23.91803510161879,0.01555152668763825,7.715030670166016,-1.0,-0.6032867431640625,0.0,0.0,2.0,0.9089946582954382,-0.41680776287199783,0.9999993690829305,0.0011233137321443134,0.9998830236055344,-0.015295068010776906,0.9999892409457997,0.004638749038643449,0.5,0.5
2023-09-25,58.96634026248483,59.3136824823244,58.57329199914076,59.213134765625,4420400,0.0,0.0,-0.0021811452950876863,-0.0034805043611520993,-0.0002061010576838026,0.017480576961683033,0.07651309039207292,0.07140871250957018,0.06944804371084332,0.029700855504578516,0.018918825618492913,0.009221648496266064,46.86396973475744,50.222196295874795,22.20082926028619,0.010378033752938139,7.678466796875,-1.0,-0.6398506164550781,0.0,0.0,2.0,0.8914442401641935,-0.4531304080263029,0.999960034315183,0.008940345204632053,0.9990107917217674,-0.044468393533467654,0.9999935167215577,0.0036009047268418634,0.5,0.5
2023-09-26,58.97547618431744,60.01751679652426,58.95719795108297,59.615325927734375,5379300,0.0,0.0,0.0032664370930879454,0.005898158389870582,0.003384636641446043,0.017392885724202656,0.06980778760952908,0.06679195369445697,0.0621864158027853,0.029869472259167546,0.023510558161463562,0.014311061040908776,51.00911902113743,53.751788586015955,28.217151177478563,0.012715081350892762,8.080657958984375,1.0,0.402191162109375,0.08226934260670049,0.00010365317406911732,0.3951007559765581,0.9775549167081931,-0.2106807651866629,0.999999087828053,0.0013506824429846327,0.9999120672258995,-0.013261139318629104,0.9999888451858213,0.004723293758331312,0.1976022045753136,0.8023977954246864
2023-09-27,59.50564364818977,59.66103305985198,58.22595444907292,58.54587936401367,4865300,0.0,0.0,-0.005643918088795002,-0.002694059992244665,-0.008185930183851815,0.018196415162329335,0.06477799420710255,0.06121811016241436,0.05747840505067265,0.028076302907809984,0.022523362451135075,0.021058465909847342,46.4432304986427,48.864507170263245,25.375848592617324,0.011293834342839338,7.011211395263672,-1.0,-1.0694465637207031,0.3473375500678344,0.002454241807155968,2.0,0.9472656490547828,-0.3204493565617209,0.9999998939635567,0.0004605137082111807,0.9980861683677265,-0.06183850348310765,0.9999966819702812,0.0025760528776055313,0.0012256169234314625,0.9987743830765685
2023-09-28,58.7104021407661,58.902354967392434,58.16196101012893,58.600711822509766,5249100,0.0,0.0,-0.0005498288949631354,-0.006398923859068639,0.00046806704267466287,0.01778332933641148,0.0547858618791075,0.05735567802810482,0.05038645696864899,0.019358781805616718,0.02377443892472024,0.022021981796241742,41.073540911236925,43.57168415398007,33.924519733877254,0.01219616224572242,7.066043853759766,-1.0,-1.0146141052246094,0.0,0.0,2.0,0.8785779656759848,-0.47759895124324553,0.9999669177622552,0.008134087598201476,0.9979856154151907,-0.06344061336685705,0.9999970119895892,0.0024445882870591943,0.5,0.5
2023-09-29,58.865794387072306,59.06688982676125,58.271650671744986,58.49102783203125,5329800,0.0,0.0,0.0009420790099319353,0.0013947267328523925,-0.0009367355101403338,0.017515194254781583,0.044330051462554386,0.05160410521469106,0.045920160971377126,0.016527276875168282,0.02270171301406666,0.020768236372388088,48.6374715025357,50.137272975646454,29.620002080218025,0.012360488097584962,6.95635986328125,1.0,-0.10968399047851562,0.0,0.0,0.07437405125507468,0.9551257104307017,-0.29620073813926806,0.9999633519644012,0.008561234030155185,0.9985923926729948,-0.05303992171584735,0.9999961393741347,0.002778711360724149,0.5,0.5
2023-10-02,58.23508912428942,58.47274801290142,56.918836580413775,57.20219802856445,6006100,0.0,0.0,-0.011744147660125976,-0.005054820865368876,-0.011140062815948874,0.01859375795127415,0.055285566939046675,0.052233496336065756,0.05877658183673093,0.027174413102858803,0.022573337228547423,0.028186458005360623,41.53219153092569,42.53244316791964,24.75460084316606,0.01362199545817662,5.667530059814453,-1.0,-1.2888298034667969,0.0,0.0,2.0,0.9378160447583603,-0.34713263487287555,0.9999762537567712,0.006891438353011537,0.9922498040620611,-0.12425910968134829,0.9999749489110678,0.007078244860658898,0.5,0.5
2023-10-03,56.8822760000958,57.75977774016492,56.8822760000958,57.5312614440918,7922200,0.0,0.0,-0.0003212673363989268,-0.006133999653859279,0.0028680684522178774,0.018256349539968134,0.06435125358601644,0.06300243539820798,0.06541679190925863,0.023873576302946627,0.014392931930012188,0.02757193241532108,34.3862753646992,35.344102556720394,38.011464886499716,0.018071123501417836,5.996593475341797,-1.0,-0.9597663879394531,0.0,0.0,2.0,0.9202188788009817,-0.39140415825367014,0.9999873770431853,0.005024515328891853,0.9930926341847301,-0.11733294476844024,0.9999765425399431,0.006849406533525178,0.5,0.5
2023-10-04,57.66837019063091,57.86946563851827,57.04680561250798,57.67750930786133,5443400,0.0,0.0,0.0009922792846022736,0.000651801684187486,0.0008722248084395659,0.017928132818537144,0.06840791632558829,0.06857718209899029,0.06988248492451964,0.024534412437507293,0.0173912943910458,0.024887733027594942,45.96010405040142,46.40119194162612,48.50398134441792,0.012448361797382016,6.142841339111328,1.0,0.14624786376953125,0.0,0.0,0.02321923940445429,0.9449175384551395,-0.32730848678254587,0.999985308782353,0.005420536824152787,0.9943669576086501,-0.10599223375378519,0.9875652143593995,0.15720988323662505,0.011609619702227144,0.9883903802977728
2023-10-05,57.56782956083675,57.933457058982874,56.891423222213355,57.0011100769043,5095800,0.0,0.0,-0.0012766576720753492,0.000517302236032224,-0.005521572447280143,0.01815088016319324,0.0746648867217615,0.07373093114925552,0.0785729214300871,0.024339481938928605,0.016213304628545342,0.025623958443099157,55.18138304580204,38.76958390975459,40.10021831597484,0.01151678191920272,5.466442108154297,1.0,-0.5301513671875,0.0,0.0,2.0,0.9616603188325513,-0.27424337946954314,0.9999848214996147,0.005509697848696164,0.994251227121661,-0.10707239311359067,0.9999904040742942,0.0043808400255942945,0.5,0.5
2023-10-06,56.6965736621084,57.8039293452351,55.67227326340754,57.66551208496094,5714200,0.59,0.0,-0.010830756246189477,-0.001119151881444735,0.005794205807499589,0.019300617914202182,0.08777102276576555,0.0787098453358825,0.07968563343890289,0.027854982017463725,0.014539346391315286,0.03100079522656178,45.85745281240826,31.859475075775197,49.68208666635658,0.0130649287331813,6.1308441162109375,-1.0,0.6644020080566406,0.0,0.0,1.570587372045337,0.9715717538334719,-0.23674527905103282,0.9999886670041233,0.004760867916325142,0.9423223725217449,-0.3347066570072814,0.9999934398842786,0.003622180062841317,0.7852936860226685,0.21470631397733153
2023-10-09,57.76701931689668,59.04970851678829,57.62860205027483,59.02202224731445,5511200,0.0,0.0,0.016653262024637093,0.010282283244343226,0.011212160951564768,0.01922992477337411,0.08679717021307061,0.07769299762630187,0.07772984078742101,0.04538068102552388,0.027288292014380672,0.028663137613683155,54.149158878083604,42.57376284997691,56.99174118943167,0.012897208250148562,7.487354278564453,1.0,1.3565101623535156,0.0,0.0,2.0,0.9958794760257539,-0.09068665409347697,0.9999736648821907,0.00725737845782586,0.9983120286861272,-0.05807833830774673,0.5167768875704163,0.8561201133445198,1.0,0.0
2023-10-10,59.62183692211992,59.6679795280532,58.14536153691983,58.37606048583984,6688200,0.0,0.0,0.004463520731548636,0.0052079098022139595,-0.005502319513538282,0.019917014265424877,0.0855123078130718,0.07560859754920064,0.07730674247290872,0.045566603866517376,0.021263196388563655,0.03352477773561144,60.376116546468346,51.13691464281451,49.62415852487797,0.015480304174560021,6.841392517089837,1.0,0.7105484008788991,0.0,0.0,1.7963359492139614,0.9995388719560621,-0.03036516834801116,0.9999999085948431,0.0004275632179599835,0.9992944042277618,-0.03755920232223447,0.6812017388914993,0.7320957525701113,0.8981679746069807,0.10183202539301928
2023-10-11,58.44989183514788,58.68059080773369,57.850073098349995,57.886985778808594,4108100,0.0,0.0,-0.0015636419092761188,-0.0051245637584382995,-0.0025838378791686436,0.019675427260526096,0.08400923750765617,0.07600013177828106,0.07828197826679982,0.04658323449907744,0.03180167883267998,0.03541429863673912,53.32184822917598,44.567978406252934,43.74504761230977,0.009428821151748812,6.352317810058594,-1.0,-0.4890747070312429,0.0,0.0,0.47376510975647834,0.7560875869874297,-0.6544704430327819,0.9999778637021745,0.006653728701663046,0.9988917966785699,-0.047065683127504275,0.8436496622669415,0.536894074615166,0.5,0.5
2023-10-12,57.73932954494128,58.11767565998947,56.299766913930725,56.77962112426758,5139100,0.0,0.0,-0.01358132595063192,-0.00481955053587866,-0.009657254927557365,0.02091328056889799,0.08641844521961807,0.07516426932042683,0.07933274275721977,0.055719208552913985,0.03423270271722026,0.03931999382430737,47.26639816211204,38.81021255703971,38.24238697598203,0.011569511284507903,5.244953155517578,-1.0,-1.5964393615722585,0.0,0.0,2.0,0.8401323564256483,-0.5423814374466437,0.9999869006383943,0.005118452072464317,0.9976069116206183,-0.06914079755666529,0.9915726284301387,0.12955200711739728,0.5,0.5
2023-10-13,56.936503374627954,58.19150626576712,56.761169914132886,58.17304992675781,4564200,0.0,0.0,0.003624477703634921,0.0005637674905403604,0.010765725801171881,0.020710574847740144,0.08298991333146774,0.07202879046773493,0.07599750419994687,0.05034732640928131,0.03404387632871484,0.04579894901756553,53.33116787353637,46.531395216150784,45.591317941427384,0.010527420141330986,6.6383819580078125,1.0,1.3934288024902344,0.0,0.0,0.7618416505356596,0.9304728896680187,-0.3663607533468167,0.9999872315432067,0.00505339000603958,0.9999266709649107,-0.012110024485157092,0.9381266802964847,0.3462922634363886,0.3809208252678298,0.6190791747321702
2023-10-16,58.459107081795096,58.72671868373629,58.02539548988264,58.36682891845703,3496500,0.0,0.0,0.00843727834460365,0.0035068148261972075,0.0012737992694215453,0.02002567022749187,0.07895230446558833,0.06950337280234997,0.07020406241333942,0.04162277916789236,0.02644004015862878,0.03773103201870136,58.10483321685073,52.71363209193603,51.19648147379374,0.008091612682357927,6.832160949707031,1.0,1.5872077941894531,0.0,0.0,0.9884682420367504,0.9820260930607652,-0.18874520536376413,0.9999804853841843,0.006247307484934614,0.999432030449136,-0.03369890966065915,0.8174129835243268,0.5760520934480307,0.4942341210183752,0.5057658789816248
2023-10-17,58.10845700083621,58.76364122302022,57.78547633455493,58.11768341064453,3931300,0.0,0.0,-0.0020716462241249273,0.0003142601598398211,-0.0021388723945428363,0.019877178787738887,0.07175912934819843,0.06454906958171261,0.0646643138721254,0.04069928901621968,0.022653171602082023,0.036350479413177275,62.05688419383079,46.70225250029418,45.90222167071083,0.009058993257562547,6.583015441894531,1.0,1.3380622863769531,0.0,0.0,0.7025023899269289,0.9886775431983373,-0.1500557082396393,0.9999790038548999,0.006480111832534101,0.9991770584197078,-0.040561138146505145,0.9234343794021157,0.3837563640361284,0.35125119496346446,0.6487488050365355
2023-10-18,58.22841608832382,59.003564734630096,58.16382066114719,58.32069778442383,3953600,0.0,0.0,0.0032630152695646516,0.002037269286121566,0.0017435348352978937,0.019478117814371667,0.06945998163026813,0.05668823465877986,0.05762793998246302,0.040982789299542834,0.015383358886497249,0.035200387984063115,65.81668935089834,52.900902231138744,51.52095317707508,0.009142203722290363,6.786029815673828,1.0,1.54107666015625,0.0,0.0,0.9318448981336832,0.995783763425297,-0.09173165483382581,0.9999761381952298,0.006908186459169635,0.9996081532422553,-0.02799178400187988,0.9323873824731213,0.36146060505250294,0.4659224490668416,0.5340775509331583
2023-10-19,58.12691483012146,58.56062650596381,57.89621585694619,58.00695037841797,3396900,0.0,0.0,-0.001981076457453264,-0.0032371150729058624,-0.0023173265099099903,0.01900279318788706,0.060830956522134515,0.04790691386096338,0.05192774368138544,0.024405870239177875,0.013586790719333643,0.026621298929078278,59.29563665394836,46.84872504783372,46.18040701213596,0.007812647881574398,6.472282409667969,-1.0,-0.3137474060058594,0.0,0.0,0.041448784728691325,0.9374453229011219,-0.3481325416717192,0.9999819003726919,0.006016554414270313,0.9993964128817999,-0.034739169808602366,0.9659871442132058,0.2585900949665616,0.5,0.5
2023-10-20,58.29301366012327,58.938971475841335,58.191509070959015,58.35761260986328,3973700,0.0,0.0,0.002543707478083584,0.0032199682073474935,0.0030134795546014016,0.018680197436851675,0.057801795657556415,0.04432440733351903,0.04918325777488003,0.02419395234940994,0.014426209659926567,0.011452800322511333,63.5639582164806,53.25299589718945,51.768682295829024,0.00919449854233867,6.822944641113281,1.0,0.3506622314453125,0.0,0.0,1.2491589286409186,0.9996038206429215,-0.028146078875645953,0.9999750544412969,0.007063320403705743,0.9996444070775171,-0.026665697040190367,0.9642349159433004,0.26504910276365107,0.6245794643204593,0.3754205356795407
2023-10-23,58.10845946991111,58.87437824327386,58.07154678873562,58.348384857177734,3759000,0.0,0.0,-0.0009760683599683735,-0.0005186444853758483,-7.479628383065387e-05,0.018331446194923266,0.056224179010666744,0.04341144081010998,0.04626134230513517,0.011781144011185771,0.011999574407230214,0.010947937915271735,57.08148749960113,46.70258463059335,46.26441501064366,0.0086963421778092,6.813716888427734,-1.0,-0.009227752685546875,0.0,0.0,0.0006924906414584369,0.9992894207044831,-0.037691559640038494,0.9999759322379782,0.006937935196175803,0.9995726122637301,-0.029233419441845376,0.9762945898916583,0.2164460065426911,0.5,0.5
2023-10-24,58.32992566664725,59.04970883365328,58.311469326961266,58.735958099365234,3171000,0.0,0.0,0.0017390231192213252,0.001254235499362992,0.0027924080360658757,0.01780750617915487,0.05307901204091615,0.03850624108404925,0.0407800733254269,0.010872744383161131,0.012256819936794665,0.011126575603713986,61.38074484453481,53.480725558960664,52.33394059359469,0.00738474927018525,7.201290130615234,1.0,0.3875732421875,0.11073735781194216,0.00023646545128485597,2.0,0.9985213105460067,-0.05436168122386662,0.9999484103580338,0.010157589401095776,0.9997557013659966,-0.02210288637676912,0.9763511917120362,0.2161905419820364,1.0,0.0
2023-10-25,58.754404268698984,60.64613839024624,58.708265184799735,60.58154296875,5299900,0.0,0.0,0.003390845650898224,0.013337384659692763,0.015467847154552537,0.018316641177765738,0.055084168487407645,0.046797387348592435,0.05593984756418122,0.01101339155534571,0.028920943100894943,0.031167728315627877,66.6227447533046,59.63116270760986,59.54578412479258,0.012730441361064005,9.046875,1.0,2.2331581115722656,0.0,0.0,2.0,0.9999547090000328,-0.00951734987587009,0.9644894985081737,0.2641211980653043,0.9999439822916789,-0.010584530157662432,0.9760100734852831,0.217725369342326,1.0,0.0
2023-10-26,60.58154613767731,61.07062678892801,60.18474365905203,60.673824310302734,6793700,0.0,0.0,0.012418547470620671,0.0034875096956191285,0.0007610495405152781,0.01802535148644218,0.0678147476652515,0.05898077632206135,0.06769024099099107,0.022624708300375634,0.023966821922963222,0.02818630193128276,71.96811462155271,65.16702692215053,66.64719303262416,0.016343429350488287,9.139156341552734,1.0,2.325439453125,0.0,0.0,2.0,0.9990104556392293,-0.04447594319966019,0.955106603738335,0.2962623423512058,0.9993442823922853,-0.03620780647661825,0.9439193471544376,0.33017611371439365,1.0,0.0
2023-10-27,60.34161987160586,60.913755831275665,59.907904697059635,60.25857162475586,5292900,0.0,0.0,-0.001795966012354992,-0.001001902912280853,-0.0026752053005179846,0.018045473322717182,0.07557684193729465,0.06695072137226987,0.07415518165750987,0.025895188817080732,0.026450726944635544,0.032500003591341226,59.31709472243892,55.17766664749972,54.56919461549638,0.012645848568944636,8.72390365600586,-1.0,-0.415252685546875,0.0,0.0,0.031887085546393315,0.9896338463713776,-0.14361354433406529,0.9695834348217582,0.24476103227278892,0.9991154106328446,-0.042052303574980084,0.9569162867330673,0.290363944361207,0.5,0.5
2023-10-30,60.21243604512817,60.46158785513637,59.20659183386896,59.82486343383789,4952800,0.0,0.0,-0.005509399780332298,-0.0034859923569946134,-0.0033796491991343342,0.01837640614047581,0.07722339433151322,0.07043139901942362,0.07480295350319492,0.030921604614622466,0.02936227378951056,0.03496001061121895,48.894078367629895,46.62369098146028,44.848837138248996,0.011748108859340013,8.29019546508789,-1.0,-0.8489608764648438,0.0,0.0,0.13328009099594587,0.9612540328114857,-0.27566407891427436,0.9855886444164276,0.1691597588003384,0.9984204062455853,-0.05618444973834362,0.9749538871837081,0.22240709940417205,0.5,0.5
2023-10-31,60.15705428880637,60.332380685381565,59.80638741491094,60.20318984985352,3216800,0.0,0.0,0.0032732728168344796,-0.0006947277280967642,0.0020471853873663065,0.017580643090613166,0.08064364863788472,0.07008020671264846,0.07734791769557904,0.03154953221521387,0.03030318418251849,0.03494308070238754,40.518301781569335,55.19075639570669,54.47742239806408,0.0076785464912221485,8.668521881103523,-1.0,-0.47063446044921164,0.0,0.0,0.04095975728027721,0.9731353897794308,-0.23023360562445086,0.9900747308455763,0.14054190599625285,0.9990352236398448,-0.04391607822751786,0.866284726870465,0.4995505700036423,0.5,0.5
2023-11-01,60.387767028953625,60.701514261185466,60.06478282587786,60.074012756347656,5220800,0.0,0.0,0.0021556093132976,0.003049836378205147,-0.0010739948278378603,0.017117065971084807,0.08455403916917367,0.07070318219908572,0.07866838658699796,0.031477920373574456,0.013802022541947631,0.012838285273422262,50.20364336683826,61.713149254896756,46.24711992791084,0.012435382665798399,8.539344787597656,1.0,-0.12917709350586648,0.23992640604909354,0.0007894179529726155,0.0030857514700275853,0.9953713627775084,-0.09610333065219907,0.9845832051214712,0.1749168722357305,0.9991519539642035,-0.04117490606563867,0.9122759264677044,0.40957616384195467,0.20371185535455608,0.796288144645444
2023-11-02,59.935588134840074,61.32901185111767,59.870992706423166,61.12599563598633,3710300,0.0,0.0,-0.0011482986456569258,0.003654395507905653,0.006168477600219498,0.01732463753633056,0.08545076057160826,0.07355615337243263,0.08117129188817457,0.01887737337222778,0.0160512866148219,0.023292593844868363,58.170407262262366,53.656234648306835,54.765102270269054,0.008992292551921736,9.591327667236328,1.0,0.9228057861328054,0.9966311657361047,0.010797208100167738,2.0,0.9991948918494818,-0.040119423000613955,0.9985474483045885,0.05387943470745603,0.9990151133367461,-0.04437119927124299,0.9742902733627615,0.22529638974185842,1.0,0.0
2023-11-03,61.36592722620436,61.51357794928602,60.636917621830136,60.66460037231445,3164900,0.0,0.0,0.005421526784048627,0.0012816042334125013,-0.003231545999612585,0.01724172696775772,0.08072152416896168,0.07477258550539571,0.08225125676130753,0.022405953104005328,0.01552783122065667,0.023619067027853508,64.91108643268433,60.15954922800391,46.223198874344305,0.007612561050647744,9.129932403564453,1.0,0.4614105224609304,0.0,0.0,2.0,0.9993970121928999,-0.03472192419646039,0.9971177774858201,0.07586921524398846,0.9996309187658041,-0.027166638500820704,0.9383056445999022,0.3458070521431887,1.0,0.0
2023-11-06,60.62768000622602,60.80301345756628,60.14782929778568,60.18474197387695,3945800,0.0,0.0,-0.004049255692607905,-0.005809224108904739,-0.003970715844384757,0.01691541254393666,0.08243237660526653,0.07605197683962779,0.08378704863534257,0.01962299639483102,0.018882202073595342,0.023953136313155633,55.09099997118343,52.01246408910441,39.51180255017662,0.009415793527916206,8.650074005126953,-1.0,-0.4798583984375,0.0,0.0,1.0815614805506704,0.7999284457686306,-0.6000953937918394,0.9894899549452586,0.1446016219218515,0.9993007012154713,-0.03739128976469329,0.9808167943922268,0.19493182356443545,0.5,0.5
2023-11-07,60.15706804982758,60.61846600807967,59.990964503241855,60.074012756347656,3345800,0.0,0.0,-0.0011071516868291814,-0.0012887759870930523,-0.0007807472026721259,0.016482225698657874,0.08403406959648037,0.07716816693564843,0.08381065392335288,0.018066751161370916,0.019097115308179393,0.02315503127646328,47.24015280859411,45.184470611942345,34.15911777206198,0.007969334838191136,8.539344787597656,-1.0,-0.5905876159667969,0.0,0.0,1.6383009506025623,0.9008535648902634,-0.43412308695173535,0.9923750133201621,0.12325515379816035,0.9991737858425102,-0.040641674241418985,0.9902379907990946,0.1393869490955742,0.5,0.5
2023-11-08,60.0924664573379,60.609229864688224,60.00018124284814,60.24934005737305,3700800,0.0,0.0,7.681183098118716e-05,-7.618839346036269e-05,0.0014571344375420173,0.015982443350496083,0.08436015802769332,0.07604805294774439,0.08208442788632743,0.017472494429061784,0.017978793291582567,0.02323864422472166,41.34064971563762,51.79585695652731,41.9834622125728,0.008840633055004841,8.714672088623047,-1.0,-0.41526031494140625,0.0,0.0,0.8099642849269456,0.9507623587510137,-0.30992085632014,0.9933673244926601,0.11498416686785264,0.9992053252281177,-0.03985872596774357,0.9999503383438546,0.0099659844476486,0.5,0.5
2023-11-09,60.387761690758985,60.63691346842583,60.13860287271864,60.47080993652344,3566400,0.0,0.0,0.001110337894555319,0.00022003366194630372,0.0017679473929654228,0.015375094961641366,0.07502886578221406,0.07151287829155566,0.07247533672810119,0.01715193547581028,0.012635874536046521,0.012379254254948494,47.860699486613235,57.21118212356644,48.07894902348325,0.008550889452827995,8.936141967773438,1.0,0.22146987915039062,0.018447460346159517,4.261603607647391e-06,0.28443856525602523,0.9712275607836431,-0.23815336481825045,0.99354065218144,0.1134767485561637,0.9992923379453291,-0.0376141372858413,0.9966067317043672,0.08231052375935513,0.14222141342981645,0.8577785865701836
2023-11-10,60.3877630209079,60.53540669675465,60.02787320058774,60.2401123046875,3157300,0.0,0.0,-0.0008157676649244345,-0.0007416130961919177,-0.0016919299058376304,0.014933347330127843,0.06614470149195294,0.06594288845183136,0.06969219347376403,0.008714548741096012,0.010947684658044063,0.010791348413312831,43.584697436856636,51.76122876651054,44.16416465283969,0.007541141287869178,8.7054443359375,-1.0,-0.2306976318359375,0.0,0.0,1.0850679492668491,0.9933034863880176,-0.11553434090957235,0.9947117417256901,0.1027061384389654,0.999194699665613,-0.0401242091528961,0.9999006452960225,0.014096082313808413,0.5,0.5
2023-11-13,60.074006735565874,60.52617471803065,60.04632398730504,60.12937927246094,3414500,0.0,0.0,0.00015366154552275284,-7.625853401307321e-05,-0.0009199426763017468,0.014462237976682118,0.06401504476408192,0.06243417020876231,0.06690774388285146,0.0043407055360496355,0.0031893010068046383,0.007346150135403973,41.08126028583762,55.369155226401816,41.7636981684257,0.008140466488698402,8.594711303710938,-1.0,-0.3414306640625,0.0,0.0,2.0,0.997905993262762,-0.06468097564400606,0.9951330443783288,0.09854046877460577,0.9992047102055353,-0.0398741407816188,0.9998687850797229,0.01619915501496415,0.5,0.5
2023-11-14,60.12015151977539,60.470811411065064,60.027873342106915,60.12015151977539,4656000,0.0,0.0,-0.0001536603667439438,-0.00045755938835137446,-7.673836749924887e-05,0.013957535598721033,0.059504288490791125,0.058279413111441324,0.06194213751185268,0.0033247833304860816,0.001840494460763855,0.007058382991276719,38.47141741299741,52.39808747247841,39.31988159687647,0.011098607509354593,8.58548355102539,-1.0,-0.3506584167480469,0.0,0.0,2.0,0.9972677919148805,-0.07387117982825742,0.9947054596262178,0.10276696254047149,0.9989782537086476,-0.04519345768162617,0.9999512383980067,0.009875263353083617,0.5,0.5
2023-11-15,60.00018838835501,60.32317259678699,59.649528468802906,59.69567108154297,7324800,0.0,0.0,-0.003161372720154749,-0.0012222364838010296,-0.003542774476830669,0.013858773692859885,0.05575055645333562,0.05470580697994279,0.057218923689879846,0.007245836822729784,0.0025921676359830525,0.008988921639061061,35.81082468354432,49.25597631423069,36.696282404960144,0.017337004621807383,8.161003112792969,-1.0,-0.7751388549804688,0.0,0.0,2.0,0.9943128892986208,-0.10649825432667268,0.9959655714510816,0.08973617154815895,0.9969943294490353,-0.07747455741382682,0.998732112341384,0.05034051825435518,0.5,0.5
2023-11-16,59.42805418396236,60.13860389112706,59.335776006981355,60.00018310546875,9404700,0.0,0.0,-0.002636900945069274,-0.0015321765213917899,0.002544048212814576,0.013759294000036401,0.049424584740230086,0.047234539608629895,0.04878360248271275,0.006638117721806061,0.0026016199448509704,0.010118303578368992,32.997062773618765,45.66011180005634,41.28876628529254,0.02237345101834746,8.46551513671875,-1.0,-0.4706268310546875,0.0,0.0,2.0,0.9904984619505453,-0.13752380475250156,0.9971770656469505,0.07508594906996399,0.9916053885742389,-0.12930101836618565,0.9999041859526671,0.013842648385851083,0.5,0.5
2023-11-17,60.23087850784394,60.28625104305835,58.855914743092725,59.760257720947266,4623200,0.0,0.0,-0.001995843495972874,0.0006027076127376602,-0.0009848283645904165,0.014537394721676932,0.04572996302058307,0.04125160677585575,0.04165123598822131,0.00837898338999688,0.004852471618595509,0.010171333688989538,38.695412431703126,41.54781760634508,38.050439344442346,0.010954450528838925,8.225589752197266,-1.0,-0.7105522155761719,0.0,0.0,2.0,0.9968133721814041,-0.07976904813483424,0.9968285282606946,0.07957942727626124,0.9816473164071923,-0.19070539108939172,0.9910606415264334,0.1334121614292126,0.5,0.5
2023-11-20,59.55724755173133,59.64952573260431,58.81901154418661,59.178897857666016,3165000,0.0,0.0,-0.00021468965198981322,-0.0036344139812888045,-0.0033461948548048196,0.01476769898048199,0.04069969214359954,0.03541638742584669,0.034905689548860454,0.007819833772918838,0.010746116946902482,0.013084498034894762,34.61399236505497,36.875970290870015,34.14970691078275,0.0074263607513694405,7.644229888916016,-1.0,-1.2919120788574219,0.0,0.0,2.0,0.9832085286342563,-0.18248558633727974,0.9993178673103913,0.03692966387893561,0.985636650370534,-0.1688798195355312,0.9925476430505598,0.12185719623714758,0.5,0.5
2023-11-21,59.40959145450364,59.723345689531186,58.81900622209249,59.6679801940918,2910700,0.0,0.0,-4.1606250945179286e-08,0.0005687113272788443,0.0037845821081902266,0.01468304796428,0.03719020278709574,0.029896321036070202,0.028488080785319694,0.00801127219566278,0.011440477984223048,0.01746630177596839,42.415673609639306,32.193765387006955,41.35072104934042,0.006886114472201504,8.133312225341797,-1.0,-0.8028297424316406,0.0,0.0,2.0,0.9894281211431284,-0.14502411210270785,0.9992599241093466,0.0384656219107759,0.9888747493881289,-0.1487505630999939,0.9933978469619844,0.11472017107420071,0.5,0.5
2023-11-22,60.000184378103334,60.24934320564781,59.6218417323443,59.86177062988281,2747600,0.0,0.0,0.006398543508378804,0.0041386372519295386,0.0015304261825962,0.01433887120687551,0.03369530959161931,0.030229940657315678,0.02802613510139715,0.018637663413290824,0.016056995678150204,0.01636387493849777,48.723664330533474,40.85168630804921,46.67044852909098,0.006521365197258742,8.327102661132812,1.0,0.19379043579101562,0.5998174730435011,0.005188602348677059,0.05826634444398302,0.9982150663187522,-0.05972169935835035,0.9976121112709101,0.0690657327883905,0.9989150261758044,-0.04657005991183559,0.6675432926956059,0.7445709854520982,0.03172747339633004,0.9682725266036699
2023-11-24,59.990961170431255,60.15706470778906,59.640294235801605,60.14783477783203,1262500,0.0,0.0,7.109361389226849e-05,-0.00035215089388544843,0.0010952803669430455,0.013865032199079563,0.03306334572281061,0.029606324789871467,0.026689056192312634,0.017499104513502724,0.015791688985496297,0.016255612373467836,44.55052888202617,47.67982204337527,51.152249945581616,0.003010834196739509,8.613166809082031,1.0,0.4798545837402344,0.0,0.0,0.35725012428150116,0.9912773518416474,-0.13179230526024902,0.9979633385176431,0.06379008523838349,0.9991148493586639,-0.04206563670045202,0.8606496987441478,0.509197502008413,0.17862506214075058,0.8213749378592494
2023-11-27,59.87099035949715,60.08323649618912,58.52370930506197,58.67136001586914,4389000,0.0,0.0,-0.009449450740330543,-0.0006140055444030742,-0.012426231001871436,0.015175933400278528,0.03755402382402284,0.02949525023075157,0.03396336779903974,0.02586168908726089,0.015521770903499257,0.030549678635959282,40.7849057040109,41.48821762966715,44.85229940461124,0.010210034072987272,7.136692047119141,-1.0,-1.4764747619628906,1.09813242728233,0.023676391809989747,2.0,0.9941321838690703,-0.10817208972610715,0.9986305035400144,0.05231746744078167,0.9917870889875658,-0.12789984408735627,0.9956121102994899,0.09357631016980938,0.011699692651359846,0.9883003073486402
2023-11-28,58.59753751720584,58.86514916331037,58.25610403228547,58.523712158203125,4572500,0.0,0.0,-0.002291537082727265,-0.010240469646772995,-0.0012598469792886105,0.014870833863824115,0.04267137764768234,0.03779554588173189,0.04062190155690924,0.026066893195119772,0.02415397203676093,0.029585715786543034,35.52610855695433,35.444533650905505,38.09636608025214,0.010610138058721026,6.989044189453125,-1.0,-1.6241226196289062,0.0,0.0,2.0,0.8553964621881787,-0.5179738337753633,0.9999523885980595,0.009758101097829996,0.9833695102272271,-0.18161609608034077,0.9967967113507764,0.07997697318776802,0.5,0.5
2023-11-29,58.459109014154954,58.56984703804461,57.73932945980419,57.75778579711914,4511000,0.0,0.0,-0.004395207235838467,-0.002480779402880868,-0.0064982364843298,0.015018841947850291,0.05102183564472419,0.04640415241354908,0.05200544648175313,0.026758841050600068,0.023702980412174494,0.027818909514178158,29.7811500299867,29.580378972277508,30.989028340560782,0.010330439962503617,6.223117828369141,-1.0,-2.3900489807128906,0.0,0.0,2.0,0.879966759625127,-0.4750352639066428,0.9999625850511699,0.008650346685642954,0.9635549517277966,-0.2675104764319401,0.9984308618620122,0.05599833998860614,0.5,0.5
2023-11-30,57.76702094745346,58.8651503026587,57.58246458674828,58.74518585205078,6840100,0.0,0.0,-0.0013602361492276705,0.0025146103912903842,0.008475320766109195,0.015271283526866455,0.057922117477102415,0.05052453384799575,0.05434287624558353,0.016689168381116327,0.02138631749208944,0.03599944563644811,41.45457822895316,24.45451175605749,43.030100823969946,0.015931995986021782,7.210517883300781,-1.0,-1.40264892578125,1.139348327683365e-06,2.496779108805785e-14,2.0,0.9490577679312715,-0.3151021312674873,0.9999606093943163,0.008875790654789996,0.970786279259875,-0.23994582722099553,0.9989779814973995,0.04519947437063279,1.2483895544028771e-14,0.9999999999999876
2023-12-01,58.66213441247819,59.20658764826443,58.431435440108785,59.178897857666016,3349200,0.0,0.0,0.0035831202655509957,0.001415936239177221,0.0018008501036324183,0.015012155291856026,0.059164852429341636,0.049394315569548874,0.050593156557174626,0.02727945501740975,0.023830498237517744,0.036849413164306434,50.82265396454284,36.620851651848206,52.25430557635426,0.007858567907894638,7.644229888916016,1.0,0.4337120056152344,0.6367406102198245,0.006938372625259659,0.09561035290549766,0.9798657251755647,-0.19965760848553907,0.9999705222998815,0.007678185417286276,0.9978996960506203,-0.06477805664018864,0.708748654305299,0.7054610868222484,0.05127436276537866,0.9487256372346213
2023-12-04,59.11429355217037,60.184740002637454,59.11429355217037,59.93558120727539,3381800,0.0,0.0,0.0058092975211922904,0.008192825841028614,0.006352572378684794,0.015039579228937462,0.0554225677669262,0.044203707116180824,0.04834865321632389,0.023367746864568262,0.031053699974254653,0.027200032285072107,58.25770798302278,45.89401375569689,59.654561070304126,0.008036521226368479,8.40091323852539,1.0,1.1903953552246094,0.0,0.0,0.7202520124088376,0.9999468513727672,-0.010309918995273856,0.9991508392053045,0.04120194795559728,0.998523002130427,-0.05433060110508069,0.7598120260945543,0.6501428189268018,0.3601260062044188,0.6398739937955812
2023-12-05,60.11091612654456,60.37852774572206,59.31731119805211,59.538780212402344,2986200,0.0,0.0,0.0015136907076508568,0.0014193263498980609,-0.002932709228223006,0.01533153624611151,0.053576469558710434,0.042905961167992744,0.04758250123793122,0.021868274185142676,0.01710259748724851,0.02875335359504521,64.39652191546989,53.12740901584418,50.928230543416966,0.007049434493157586,8.004112243652344,1.0,0.7935943603515625,0.0,0.0,0.32010995387995794,0.999869100481192,-0.01617967561268819,0.9998522494858274,0.017189508373737717,0.9992883179318349,-0.03772078531743571,0.8515504155255684,0.5242727246560054,0.16005497693997897,0.8399450230600211
2023-12-06,59.5387875766119,61.12599762991499,59.474192146087894,60.80302047729492,3568200,0.0,0.0,0.001320641153780997,0.006151786379001869,0.010505412563606526,0.015880881700440524,0.05231223317325521,0.04519223639582389,0.05045237305908348,0.015813706565973844,0.012450286080617996,0.0239914831520672,70.15236749338324,59.27095022311376,58.88287925074152,0.008602205198678827,9.268352508544922,1.0,2.0578346252441406,0.0,0.0,2.0,0.9998476499811881,-0.017454994331010325,0.9953739134782278,0.09607690860470854,0.999672366138813,-0.02559610084420854,0.9054949239437182,0.4243570933920628,1.0,0.0
2023-12-07,60.96912135143634,61.53202738153715,60.15706354032099,61.2644157409668,3658200,0.0,0.0,0.0057081353055686125,0.0033102583510882973,0.003779839062457909,0.01623855282612374,0.052953006836134305,0.04977670285656719,0.05538870019780541,0.01202179706307053,0.011981709290475474,0.02251833821948282,75.55735151654362,65.18573422314383,66.25767375642015,0.008886100009434182,9.729747772216797,1.0,2.5192298889160156,0.0,0.0,2.0,0.9997731375124903,-0.021299612870452966,0.9926210574615223,0.12125772669800983,0.999724915478285,-0.023454069410995836,0.8978502227045325,0.4403010079359589,1.0,0.0
2023-12-08,61.30132656215756,61.384374806521365,60.40621349091194,60.41544342041016,2452600,0.0,0.0,0.0013854952457866183,-0.0008053607574335639,-0.004677718804037214,0.016447015384358152,0.054245367370639175,0.052857843168608296,0.055211397808952206,0.010011851693310782,0.01653987909759023,0.031886118065982336,61.45418489098708,70.77768338171903,54.59108186669527,0.005875030782637042,8.880775451660163,1.0,1.670257568359382,0.0,0.0,1.4179761616746986,0.9896387807293058,-0.14357953780609928,0.9948994437330091,0.10087168512396813,0.9997885112409421,-0.02056532982036528,0.9076499047276996,0.419728067262362,0.7089880808373493,0.2910119191626507
2023-12-11,60.35084635656814,61.03371327306006,60.34161642732045,60.97834777832031,3429200,0.0,0.0,-0.0005349749443549305,-0.0028644585041497153,0.004637011105359036,0.015941952931583046,0.05558252208491625,0.05426455670174356,0.0579777851887422,0.010175796558369038,0.01600382506863958,0.030902899880369934,50.24774929659707,58.93299494952272,62.68957349429945,0.008290942880497016,9.443679809570312,-1.0,0.5629043579101491,0.0,0.0,0.16105390333019726,0.9703299025124277,-0.24178478093176728,0.9978702280451293,0.06523042220591393,0.9997685682213355,-0.021513019236286703,0.9303264680856332,0.3667324130470488,0.08052695166509863,0.9194730483349014
2023-12-12,61.20904827540969,61.59662082913939,60.81224579219881,61.5873908996582,3841500,0.0,0.0,0.0038845593219770424,0.004590279886298011,0.004969113945766297,0.015566563443467732,0.0593904353541592,0.058187174917325425,0.0641170146644711,0.01072353000344422,0.01725912276109186,0.028488090144638777,59.42006885639588,66.19174988358893,69.66906868764013,0.009380545593702822,10.052722930908203,1.0,0.6090431213378906,0.0,0.0,0.1885376624220548,0.9997848867772862,-0.020740785224507157,0.9997642242864929,0.02171395488682607,0.9998849269777077,-0.015170128634394639,0.9261444565827899,0.37716898804245397,0.0942688312110274,0.9057311687889726
2023-12-13,61.58739256445617,62.80548279508582,61.467431639451405,62.60246658325195,4380900,0.0,0.0,0.00535809270202582,0.00971737559678233,0.008173579583448956,0.015746987378939967,0.06729339272299599,0.06981308964110933,0.07648350650527301,0.011533748036253424,0.022290805815457185,0.025830541464990156,67.6779596071876,72.64892437008545,75.88840603624,0.010874022823117085,11.067798614501953,1.0,1.6241188049316406,0.0,0.0,1.3407185642100645,0.9999928096718438,-0.0037921767642984877,0.9563659016372136,0.29217163138408814,0.9999815150662072,-0.006080257058116023,0.9238761910671469,0.38269149922523854,0.6703592821050323,0.32964071789496774
2023-12-14,62.814714235574485,62.97158784290142,61.17213872268365,61.19982147216797,6086300,0.0,0.0,-0.002407811083289055,0.001320630596443796,-0.011329718805003768,0.01705753386898003,0.07268680550734681,0.08004496081391038,0.078632541175875,0.01416941437540726,0.02237815057972222,0.03807915504421538,74.49204506330165,58.6820834008887,61.054415892800925,0.014768587683485827,9.665153503417969,1.0,0.22147369384765625,0.0,0.0,0.02493138075079914,0.9999988962645122,-0.001485755618274762,0.9692342391057186,0.24614018311758581,0.9999607824852264,-0.008856268488127279,0.9533529192797981,0.3018579323136743,0.01246569037539957,0.9875343096246004
2023-12-15,60.59999725925084,60.904521556724,59.917130352495064,60.18474197387695,11833600,0.0,0.0,-0.010364323608307581,-0.016686561244097904,-0.008362508950672426,0.017628608408164267,0.07306522231790137,0.08013095299375911,0.07867363406702423,0.027749402940985227,0.044769804422863664,0.03940694838683664,59.97280183209852,48.21330398326187,50.218265367088506,0.028238312710210656,8.650074005126953,-1.0,-1.0150794982910156,1.5503012869563406,0.03212125972370384,2.0,0.47287567825583093,-0.8811291579071072,0.9993194156421576,0.03688774214582133,0.9999969616944383,-0.002465076447511171,0.9821851187355075,0.18791591878954034,0.01580676328737941,0.9841932367126206
2023-12-18,60.27702825190814,61.46743581457674,60.05555920594335,61.21827697753906,5446000,0.0,0.0,0.0005310127863585898,0.0021170011503220906,0.0039179280404613845,0.017740417204702277,0.07300057359580182,0.08129308621370172,0.08051411953366981,0.02803804956641958,0.04551894111801341,0.04251583226337167,66.94220100490682,56.719224985290516,58.327725425519816,0.013218865817953038,9.683609008789062,1.0,1.0335350036621094,0.0,0.0,1.0366932408947673,0.840499845605719,-0.5418117842357829,0.9981193652832119,0.06130034785087427,0.9997929113768593,-0.02035029141274169,0.9930342945298543,0.1178256758418752,0.5183466204473837,0.48165337955261633
2023-12-19,61.48587466686536,61.670438030219536,61.06138949170939,61.55970001220703,4827900,0.0,0.0,0.007362078028240754,0.0014614695002697442,0.0024652046254166338,0.017088567914374242,0.07573083681598079,0.08156574095457834,0.08196867064297,0.03251150520056255,0.0446361431505414,0.04155241332229697,71.88890267537984,63.13482160052578,63.94747254976534,0.011783931681918722,10.025032043457031,1.0,1.3749580383300781,0.0,0.0,1.834757940768092,0.9357546282656637,-0.3526517767988551,0.99988701741178,0.015031713520909552,0.9999540225834359,-0.00958919804808621,0.8954518003660084,0.4451584810169006,0.917378970384046,0.08262102961595397
2023-12-20,59.012793329201266,60.44312614461669,58.96665424228851,59.36345672607422,7992600,0.0,0.0,-0.01745204857344139,-0.010050577869020673,-0.018162305263715768,0.019575075734363137,0.0753942444494266,0.08035064048841416,0.08256503660988157,0.044827571376075466,0.04072102879894766,0.048339654781119575,62.64456167093958,55.279095711957595,55.87946944301427,0.018812335518426822,7.828788757324219,-1.0,-2.1962432861328125,1.0889049636548336,0.01934598316500151,2.0,0.7119940487171394,-0.7021854987048477,0.9999664174935455,0.008195357534861319,0.9690869671582059,-0.24671937516966624,0.9968587958140888,0.07919937631121211,0.009580321216020536,0.9904196787839795
2023-12-21,59.4280495152041,60.17551184251414,58.68981007660606,59.252716064453125,4637800,0.0,0.0,-0.0013653485067925454,-0.0012874158069048577,-0.0005417353108189515,0.020001826756917838,0.07668601750194634,0.08045226219409128,0.08363777423188694,0.04483837925191257,0.03906241458288046,0.04629742547446389,55.447922487512265,48.56481876474539,48.83350946317163,0.010895714979810544,7.718048095703125,-1.0,-2.3069839477539062,0.0,0.0,2.0,0.8661198773991083,-0.499836331186673,0.999797907845587,0.02010331981507365,0.9730684953815074,-0.23051616710324077,0.9983796183891086,0.05690463588511841,0.5,0.5
2023-12-22,59.38191318433925,60.000184731276065,59.21580964512314,59.529563903808594,3211100,0.0,0.0,0.0030888206845215466,-0.0010101229618139215,0.0016137315712193658,0.019427907898826945,0.07686787631803196,0.08072480656016626,0.08418250328546707,0.04435340652423397,0.02457239793408673,0.04530271822466451,48.83319929554176,54.83528804087109,55.50963146566557,0.007579175906571893,7.994895935058594,-1.0,-2.0301361083984375,0.0,0.0,2.0,0.9164114237162416,-0.40023755756097035,0.9998556050564321,0.016993205619776325,0.9940010650482874,-0.10937039216748849,0.9243990664699575,0.3814267503852753,0.5,0.5
2023-12-26,59.34499757963473,59.81562542428097,59.18812397821047,59.70488739013672,3140200,0.0,0.0,-0.0002286611258537438,-0.0015063479502043624,0.0014379434911077106,0.018737943088396845,0.07538341121898916,0.08127736320489462,0.08133983214627971,0.044074681834287636,0.019501269951344297,0.039674364892736125,42.610044890113265,48.008863780923996,61.26204710274664,0.0074336592213921065,8.170219421386719,-1.0,-1.8548126220703125,0.0,0.0,1.8197896746708884,0.9370012060667406,-0.3493261224550398,0.9999035304733737,0.013889915294313807,0.9952626310477392,-0.09722291519971954,0.9805203277567494,0.1964176337699768,0.5,0.5
2023-12-27,59.64028649095733,59.81561993550348,59.29885657099627,59.74179458618164,2580900,0.0,0.0,0.0007681016623224815,-3.77089873432328e-08,0.0002539515277207892,0.01800662289994278,0.07258868723008693,0.07756534000219885,0.07746309067007291,0.037954486285406416,0.017862894258265836,0.03831295934562741,36.787007541036466,54.60653388355231,66.42771708750243,0.0061134293419943175,8.20712661743164,-1.0,-1.8179054260253906,0.0,0.0,1.7480895761869617,0.9526871429808929,-0.30395264038811015,0.999894162816053,0.014548648266568305,0.9971271724611908,-0.07574563973953118,0.9850966799909411,0.17200154380361074,0.5,0.5
2023-12-28,59.658749967214725,60.0647753323676,59.658749967214725,59.954044342041016,2370500,0.0,0.0,0.0027787561845883653,0.0019089340056001342,0.0016286843693345736,0.017144975774257432,0.06613177809298235,0.07095987828048093,0.06729600310827401,0.011981700257976012,0.007671986628136303,0.0058334544340095384,45.611466558170804,60.43591525543686,70.88875819554636,0.0056349997307974815,8.419376373291016,1.0,0.212249755859375,0.24914990808663617,0.0008757126311424106,0.013631756722552171,0.9713359456108351,-0.23771091847936812,0.9998039321155016,0.01980144758297874,0.999564108614065,-0.02952275005093073,0.976331974923425,0.21627730981803067,0.00725373467684729,0.9927462653231527
2023-12-29,59.88945472458925,60.415448100761864,59.72335118262033,60.11092376708984,3808700,0.0,0.0,0.0005411298241812829,0.0029106251499350553,0.0013066211362020963,0.016701189744490953,0.05685379335001859,0.06478453320533212,0.06263731241894191,0.008671548577125737,0.009083175307234336,0.0033183773212605966,53.19089866042625,65.52066766351578,74.77760133650021,0.009077486741201454,8.576255798339837,1.0,0.369129180908196,0.0,0.0,0.041230080825149035,0.9863285805421109,-0.16479056770878783,0.9999808318841661,0.006191596260345642,0.9997987642569999,-0.020060682694666713,0.9819475161893755,0.1891535763593072,0.020615040412574517,0.9793849595874254
2024-01-02,59.98172974318601,61.76272600025248,59.98172974318601,61.596622467041016,5264000,0.0,0.0,0.0021584594285168684,0.01102715693211058,0.012207120642241158,0.017199467541727544,0.05241080480409595,0.060686995334820054,0.06180683073835744,0.005820186427627243,0.021778439223089353,0.022122546670903617,59.79731740293433,69.94506194314614,78.24628706262455,0.012856070191186796,10.061954498291016,1.0,1.854827880859375,0.0,0.0,1.0410333892057084,0.9954716757925631,-0.09505862767127458,0.9999497651872333,0.01002332789032414,0.9999999764833709,-0.00021687152329067166,0.9829441634212479,0.18390424572614725,0.5205166946028542,0.4794833053971458
2024-01-03,61.93805292420726,62.454816288365095,61.495107868948544,61.578163146972656,5477700,0.0,0.0,0.012458162029164988,0.0055715986273867455,-0.00014986281466894023,0.0170889508331978,0.05584915899510996,0.06294298027865744,0.06286375838061947,0.022033813371746723,0.019004286906999176,0.023051896251037873,65.69921601766866,74.08110640367323,67.53659200372893,0.013373972580150799,10.043495178222656,1.0,1.8363685607910156,0.0,0.0,1.020415685846654,0.9993155922597041,-0.03699117552385641,0.9972057257423107,0.07470435426902096,0.9999903401072014,-0.004395417191066524,0.9454753624627076,0.3256936274722177,0.510207842923327,0.489792157076673
2024-01-04,61.57817338054075,61.68890438247801,60.62768769154404,60.66460037231445,3888000,0.0,0.0,-0.005041511890231569,-0.004379071902020353,-0.005304485278231281,0.017356788957984478,0.055346656425599466,0.06245193737129137,0.060568421384155434,0.031242755345170115,0.027924936253444367,0.03146486998766745,56.90156092873948,64.6528726298193,59.711826773942725,0.009351839667894225,9.129932403564453,-1.0,-0.9135627746582031,0.0,0.0,0.24748967875993166,0.8308723360937131,-0.5564630815374689,0.9999986962994175,0.0016147443963015992,0.9999186338663782,-0.012756396309136725,0.9782946123549929,0.20721884913586908,0.5,0.5
2024-01-05,60.62768019453038,60.81224357555997,59.35422454710522,59.97249603271485,4016200,0.0,0.0,-0.010613792701568613,-0.00715634768760154,-0.005737077235976552,0.0180395475150904,0.055689094825628435,0.06267070854447394,0.06141150328001147,0.04012340059986842,0.03483926078398025,0.03460645746471667,50.43933031141586,56.929710087647834,52.8468436107967,0.009549989880492738,8.43782806396485,-1.0,-1.6056671142578054,0.0,0.0,0.7645243593757112,0.8062243586159915,-0.5916099082792927,0.9998496480887324,0.017340161961120936,0.9992524549136621,-0.03865916901615591,0.9978317034791935,0.06581710668064131,0.5,0.5
2024-01-08,59.90790640679286,60.11092262538493,59.53878664938673,59.6495246887207,4030900,0.0,0.0,0.001552337689357443,-0.005799723677509513,-0.0026999321867856828,0.017526822654650536,0.056275159655519,0.06417838843865376,0.06225283174720481,0.040306628428178115,0.03703320463706737,0.03479510450821539,44.47369154091904,62.159712855025845,46.54046078394917,0.009533326491706197,8.114856719970703,-1.0,-1.9286384582519531,0.0,0.0,1.1030163433955877,0.8072124056801485,-0.590261071150781,0.9998225057358927,0.018840303182293034,0.9996802887129502,-0.02528478512450558,0.9968581153982853,0.07920794003494241,0.5,0.5
2024-01-09,59.64020704537776,60.282803670595904,59.19318531409417,59.956844329833984,4779100,0.59,0.0,-0.0029107689325572335,0.001427657823202633,0.002569425387920658,0.017489585156849036,0.05742306890763787,0.06504037464155986,0.06285888553981117,0.04002880912528692,0.02515827884773986,0.01820446260570893,51.032515741939385,54.43892513464326,52.74323001852914,0.011361098888513159,8.422176361083984,-1.0,-1.6213188171386719,0.0,0.0,0.7795018469942362,0.8874352848727985,-0.46093233252044147,0.9999994670254537,0.0010324479689198462,0.9989360984680519,-0.046115845188249516,0.9990433764833733,0.04373021729537676,0.5,0.5
2024-01-10,59.6402124967381,59.882351510365616,58.61578449370666,58.81135940551758,4566000,0.0,0.0,-0.004682619048811489,-0.0031839180302403497,-0.009214652858757869,0.01818541317993361,0.06070017593481754,0.06718400516160382,0.06735521811256791,0.020376457747442137,0.01542763251752544,0.021214744278524506,45.07688931914668,47.98786284379672,46.68078099502136,0.010647130580203263,7.276691436767578,-1.0,-2.766803741455078,0.0,0.0,2.0,0.9054809550921912,-0.42438689890868825,0.9999013880592753,0.01404329580741728,0.9999842105381327,-0.005619490584345019,0.9993928125146867,0.034842593100748664,0.5,0.5
2024-01-11,58.73685427655905,59.07212149539538,58.317770253013634,58.727542877197266,5727100,0.0,0.0,-0.002548577620329181,-0.006811261438911991,-0.0007130960617507696,0.01782805069000742,0.0634226050838286,0.07194024018020158,0.06928888619376015,0.01982605021667283,0.015882675692689276,0.020938734468949633,39.223832955605296,41.85294756667315,40.88972276730603,0.013335584393381908,7.192874908447266,-1.0,-2.8506202697753906,0.0,0.0,2.0,0.8637592971639085,-0.5039046304241613,0.9999992519989489,0.0012231114187129923,0.9995618077130614,-0.029600550018486986,0.9996309906025178,0.02716399504912597,0.5,0.5
2024-01-12,59.06280789904492,59.22113011273516,58.74617057689114,59.03487014770508,4299600,0.0,0.0,0.0027473876286238518,0.0009456810860122056,0.001959240234030468,0.017065647747477382,0.05939827265561911,0.06898932056809529,0.061370868939283486,0.015730549815958172,0.017265092189739553,0.022563430452614653,47.55795387530271,49.29491175434573,48.4075471267304,0.010064034611918833,7.500202178955078,1.0,0.3073272705078125,0.0,0.0,0.011623139757085304,0.8887238379531966,-0.45844295158039045,0.9999915223143037,0.0041176813283013754,0.9973719623309162,-0.07245114737654228,0.9020941609700175,0.43153925052514064,0.005811569878542652,0.9941884301214573
2024-01-16,59.22112738238151,59.547079641696314,58.42952700826661,58.51334381103515,4101700,0.0,0.0,-0.0025779171887865705,0.0026180985253084522,-0.0042324910513293935,0.017352135417178578,0.05697667774304639,0.060772497627985506,0.0631924889579215,0.014491383755187267,0.017918757862684306,0.023252925176902573,54.85509719293351,42.638439121906806,41.75333353151968,0.009515996310469982,6.978675842285149,1.0,-0.21419906616211648,0.0,0.0,0.485772525931676,0.9299570285128653,-0.3676682269649117,0.9999514582897033,0.009852972358416093,0.9998219181850907,-0.01887145772551162,0.9981579027927758,0.06066960600108979,0.5,0.5
2024-01-17,58.38296179153677,59.29563170832523,58.26189583451708,58.7554817199707,4829300,0.0,0.0,-0.0014365338057055017,-0.002115804415051633,0.002064810556762443,0.01730299941983789,0.05958014104322733,0.06289473079548334,0.06561380543297597,0.014265600728169153,0.016950609372689673,0.02278259876983464,47.06525438771805,36.577751629298184,50.05015242412013,0.011250401753218753,7.220813751220703,-1.0,0.24213790893555398,0.07450159559007119,0.0001064532344948837,1.2778810471190487,0.9666005796512163,-0.2562875717196069,0.9999872552364653,0.005048699301855424,0.999807206330943,-0.019635431462412627,0.9997330508330118,0.023104698052965885,0.6389937501767718,0.36100624982322815
2024-01-18,58.4109079387409,58.9789992780322,58.103578439407464,58.96037292480469,3860600,0.0,0.0,-0.0010876148107246796,-0.0021401017098138736,0.0013914223582477932,0.01707178058638653,0.06192620626227014,0.06406400546531928,0.06358993785052804,0.011673291594959426,0.01667396605582841,0.013033914677957394,40.14088180358584,31.131030872666916,57.25071623299372,0.009025068010334376,7.4257049560546875,-1.0,0.44702911376953836,0.3259485688591468,0.0019267385111998276,2.0,0.9600088087351603,-0.27996979685476525,0.9999731736370012,0.0073247529885887164,0.998492057018517,-0.05489637575405706,0.9998602484604905,0.016717761468757284,1.0,0.0
2024-01-19,59.07212121778114,59.08143261709916,58.34571128212508,58.81135940551758,3765900,0.0,0.0,0.0020282936644696738,0.0008463518335466107,-0.0012342370684108115,0.01678609446361322,0.057162185073211566,0.06263252555952462,0.058605072407448895,0.012025280952796565,0.010371513245183346,0.013282974664881339,49.13070093125043,41.44386491718486,48.90388404649097,0.00878143430836344,7.276691436767578,1.0,-0.14901351928710938,0.0,0.0,0.11111680014563483,0.988109463566464,-0.15375203416668887,0.9999992323458488,0.0012390753460244748,0.9998164171287232,-0.019160689963650442,0.9717807273425885,0.23588602749105284,0.5,0.5
2024-01-22,58.69959858199442,59.09074483490469,58.19670133198562,58.83929443359375,4328400,0.0,0.0,-0.0012785898866951753,7.880211743844525e-05,0.0002374404830284527,0.01666502084042926,0.059069705635709416,0.0644172709461716,0.05972249925637376,0.007987466283888946,0.00992256933916648,0.011849956524118287,56.83835350348598,35.22949394684122,56.33619525720996,0.010097882196510444,7.30462646484375,1.0,-0.1210784912109375,0.1117455568724921,0.00023402621217067567,0.07336051712121658,0.9937050637896151,-0.11202788134601556,0.9999990939874251,0.0013461145303337568,0.9998012562896482,-0.01993609594783418,0.9989431239874106,0.04596340977639641,0.0031799397288264195,0.9968200602711735
2024-01-23,59.03486633134474,60.48768614891118,59.03486633134474,60.30142974853515,4433600,0.0,0.0,0.00714965274341623,0.011682218126741908,0.01227233865648031,0.017052008147100173,0.05863576742436531,0.06467726467448713,0.060259885678465304,0.016685418773701555,0.0261350055437958,0.023903164015506104,62.807999497552366,44.51918131717142,61.85721911777335,0.010600334576167885,8.76676177978515,1.0,1.3410568237304616,1.4062535318120197,0.02573053647406241,2.0,0.988798844559692,-0.1492542964119227,0.9828440443525092,0.18443856560058977,0.9993283156549464,-0.036645839194208114,0.9552478382731866,0.29580663865843854,1.0,0.0
2024-01-24,60.20830376445869,60.23624151502078,59.23043986342634,59.26769256591797,3491500,0.0,0.0,0.0013022916520226328,-0.001640229253283197,-0.006808424632917659,0.017400923297111265,0.05863842622140455,0.0646800908073491,0.06053534106703235,0.015503498953941056,0.02611182771875923,0.03363732845977684,56.04394507445721,50.298652689878736,55.788718773735965,0.008204753182143774,7.733024597167969,1.0,0.30731964111328125,0.0,0.0,2.0,0.9704040043164212,-0.2414872013309509,0.9936008248047168,0.11294866509785075,0.999630708117889,-0.027174388451772512,0.9632608433552289,0.26856758489917054,1.0,0.0
2024-01-25,59.47257722448306,60.14311164024765,59.21181541951378,60.04066848754883,3071100,0.0,0.0,-0.0001383115848774112,-0.0006804855778651954,0.005698715783083223,0.017057913794451526,0.05864038789411811,0.0645033690445405,0.0608021308024807,0.01448932089774789,0.024807353782813592,0.03553340164192344,51.17367918509152,46.36179423484959,59.800066146421706,0.007310968828021532,8.506000518798828,-1.0,0.7729759216308594,0.0,0.0,2.0,0.9855132466274674,-0.16959846910213708,0.9964026943957828,0.0847447378945993,0.9996330870705329,-0.027086735385359592,0.9763576722879064,0.21616127258262816,1.0,0.0
2024-01-26,60.32937351183724,60.42250172130848,59.96616852124053,60.07792663574219,2821300,0.0,0.0,0.005814788954377237,0.0021288390823869245,0.0002849484719987115,0.016372217462358646,0.059819145573274425,0.0644306152337994,0.06109412027739379,0.017037513096645314,0.024658757925286625,0.03498588596399678,55.32412705188651,51.44509298868767,63.668627420012,0.006720470209086849,8.543258666992188,1.0,0.037258148193359375,0.0,0.0,0.09469096240762116,0.9997269413811835,-0.02336755606869825,0.993142615982525,0.11690912846902526,0.999999877998935,-0.0004939657024339714,0.9485090183035177,0.31675012580407436,0.04734548120381058,0.9526545187961895
2024-01-29,60.17105267684861,60.310748538634776,59.74265724453729,59.84510040283203,3226500,0.0,0.0,-0.0018671244603181043,-0.0009256205927786532,-0.001941463942827809,0.01593996911381653,0.05998214182918826,0.06444322617720899,0.06100641629961165,0.017756972706520862,0.025176227785115874,0.03583651978524066,50.27821435623728,46.1942565018138,57.19682796522401,0.007655890700072668,8.310432434082031,-1.0,-0.23282623291015625,0.0,0.0,2.0,0.9988690544746394,-0.047545893754771404,0.9958573472106438,0.09092933523665084,0.9999775205917865,-0.0067050959056021205,0.9696917203239751,0.2443316752595323,0.5,0.5
2024-01-30,59.95685564920462,60.89746693952498,59.88235734217873,60.86021423339844,3020900,0.0,0.0,0.0010934007958328651,0.004532129715290578,0.007873956881551545,0.0157896305992828,0.060350514756083114,0.06524616384874586,0.0632225017188059,0.013696040869513522,0.012711353427852025,0.030583110741252896,55.48393277718641,52.3679644546662,62.405655144668664,0.0072896265721703575,9.325546264648438,1.0,1.0151138305664062,0.4749652182165036,0.0025940303480816713,2.0,0.9956694010552042,-0.09296474494328953,0.9961115769663016,0.08810065966670128,0.9999991627846083,-0.0012939977134378,0.9723982354696918,0.23332739156693505,1.0,0.0
2024-01-31,60.944029145689086,61.391047368757455,60.366622910230355,60.450443267822266,4579600,0.0,0.0,0.004027190642574485,0.004036196138487584,-0.003377864517567622,0.01597165219739542,0.06176955786778331,0.06338860360604885,0.05725809429655962,0.0146811164932478,0.011940959933720961,0.023287185785584107,61.13821669702829,58.735141758404424,54.37518680186359,0.010976464867155726,8.915775299072266,1.0,0.6053428649902344,0.0,0.0,2.0,0.9980877159437674,-0.06181352022133425,0.986413399199834,0.16428209238693342,0.9998700540200615,-0.016120641237845342,0.9634265555903243,0.2679725209482566,1.0,0.0
2024-02-01,60.198989851943495,60.98128240732198,59.53777035805991,60.375938415527344,3855500,0.0,0.0,-0.005819629598184513,-0.00281906280807078,-0.0005191297868318287,0.016556887836225706,0.05071636528372824,0.0542142379236401,0.050147837379622764,0.023174617198279956,0.015424771110478689,0.02059542605766864,53.18024300349879,51.00276555590764,47.306852776178665,0.009229540006572903,8.841270446777344,-1.0,-0.07450485229492188,0.34458698411881983,0.001519037122006769,0.01514838242253737,0.9187151802891612,-0.3949207737081629,0.9972752395485613,0.07377056718881586,0.9999176080967088,-0.01283655008779854,0.9888705060781011,0.14877876934845294,0.09113811036838068,0.9088618896316193
2024-02-02,60.524941027910174,60.84158544621476,59.96616470144933,60.347999572753906,4384300,0.0,0.0,0.0035847718585676177,-0.0011467219871655956,-0.00023142752994148965,0.01641752853396943,0.046895699500235095,0.04972502800791905,0.04876666936997696,0.020211979830935367,0.0159245507353948,0.020656256138683108,46.27461214128531,57.6824249034719,41.07984952387303,0.010490558195017074,8.813331604003906,-1.0,-0.10244369506835938,0.0,0.0,0.028639643903286906,0.9629168446256707,-0.26979835124800505,0.9989838148220141,0.04507036413937491,0.9999999081142543,-0.00042868576239372535,0.9854145456777599,0.17017101153455608,0.5,0.5
2024-02-05,60.11517501265756,60.301431418190745,59.15593747161823,59.16524887084961,3259500,0.0,0.0,-0.005056676931535623,-0.0033148963699423015,-0.0073574595882660325,0.01698874572742466,0.04674227962169509,0.04849400150549228,0.04876411990126388,0.02445530584948722,0.018990829378148225,0.02949500930547636,40.35436958359844,50.097003185023404,36.00880499583636,0.007646331740862313,7.630580902099609,-1.0,-1.2851943969726562,0.0,0.0,2.0,0.9383431795078159,-0.34570518866682165,0.9985096987137725,0.05457455061227076,0.9997263866481076,-0.02339127699631612,0.9960667531888429,0.08860599975078874,0.5,0.5
2024-02-06,59.193191735595875,60.85089439373672,59.10937492984913,60.375938415527344,4652300,0.0,0.0,-0.0003937125842194196,0.004535306869790886,0.010127802577176728,0.017519258320778126,0.04621842214918268,0.04998546727367111,0.05031756225035278,0.023961811737821477,0.018606441130553437,0.03234015482711178,47.81365974564105,43.88783875273561,43.62325828811716,0.011136970295053592,8.841270446777344,-1.0,-0.07450485229492188,0.00930894752196565,1.1085921860616488e-06,0.01514838242253737,0.9916181094750497,-0.12920342472677843,0.99938648218689,0.0350236951521841,0.9997373687448642,-0.022917101367655367,0.9972251562043659,0.0744445285644146,7.317686019842081e-05,0.9999268231398015
2024-02-07,60.54357376043989,60.68326962488851,59.25838388639806,59.3328857421875,3651200,0.0,0.0,0.0009879770570131979,-0.0010824497004758642,-0.006838297426625882,0.018269231722551394,0.0462680733687846,0.05072431385571939,0.05009453752809311,0.02138618112032601,0.015517265794448863,0.036018930899769146,42.466720380800886,50.13484870985713,38.5590323824126,0.008589473602507157,7.7982177734375,-1.0,-1.1175575256347656,0.3818382066977648,0.0023975520542679134,2.0,0.9880743122838648,-0.153977769190126,0.9998634095260454,0.016527622059801746,0.999846950735775,-0.0174950022684423,0.9970726022601731,0.07646061615058224,0.001197340683825874,0.9988026593161742
2024-02-08,59.1373089495207,60.226923802863894,58.87654714925664,59.65883255004883,4001700,0.0,0.0,-0.0032322085753465784,-0.003774254337764309,0.0027392394406879884,0.01848838649061575,0.04580100943457735,0.05064666716598307,0.04871239361859454,0.018036811240566906,0.015837611280315914,0.037206705668887535,38.39460740194623,44.87618992001364,45.14085679915917,0.009465743523139208,8.124164581298828,-1.0,-0.7916107177734375,0.0,0.0,1.7100959380050016,0.9632959323858815,-0.2684417006517712,0.9993626355959851,0.03569765503007352,0.9996668699359913,-0.02580986540797703,0.9989423690209397,0.045979814862966185,0.5,0.5
2024-02-09,59.41670237648772,59.5284569361516,57.8241865789772,58.057010650634766,4260400,0.0,0.0,-0.009017600289730126,-0.005832446629137048,-0.013607530268319571,0.01989865280542109,0.04835985210061899,0.04888808455082022,0.05244708357944444,0.019186119735667258,0.018277395453831,0.044398576588851296,35.091052049653285,39.52059452748115,39.20555181433269,0.009807097692381781,6.522342681884766,-1.0,-2.3934326171875,0.0,0.0,2.0,0.9374189526560094,-0.34820354277535776,0.9999839231224726,0.00567040532843136,0.9998917623984407,-0.01471269818015087,0.9999909966293148,0.004243425539548249,0.5,0.5
2024-02-12,57.88005671722118,58.774100162008885,57.73104947642323,58.74616241455078,3399100,0.0,0.0,-0.0006430528384666677,-0.005087404012880966,0.004707320805710716,0.01952879242002371,0.05229392841251277,0.051231277160282924,0.05331035564335156,0.017949164196298367,0.019810101803200343,0.044915515803897695,30.73795534002147,33.841724016420805,47.65577056173826,0.007917332758807386,7.211494445800781,-1.0,-1.7042808532714844,0.0,0.0,2.0,0.9105383868883901,-0.41342453483397484,0.9999840830777816,0.005642126468663509,0.9998164300164891,-0.019160017460399817,0.9999964839595364,0.002651804774978805,0.5,0.5
2024-02-13,58.913797923802825,59.3421968894227,58.103571198748725,58.60647201538086,3866000,0.0,0.0,0.0032159791274331932,0.004809638818650482,-0.0011903473650037874,0.019686717282817078,0.05340783980554585,0.05184601531945662,0.0528973080990647,0.021168173584904006,0.02030323495940965,0.03609743749081573,40.07481197775948,43.90537275121089,40.69643381047653,0.008983444383952493,7.071804046630859,1.0,-0.13969039916992188,0.0,0.0,0.05325130570328318,0.9675534358097846,-0.2526664775008372,0.9999932899918937,0.0036633278843499545,0.9999999999999394,-3.481337055390231e-07,0.999959324054026,0.0090194366462309,0.5,0.5
2024-02-14,58.41090149531503,58.625099204882346,57.25609259089426,58.08494567871094,4176900,0.0,0.0,-0.007346403240216008,-0.006078783767045875,-0.00446927757821154,0.020128161331358235,0.05871761324959593,0.05514030375333437,0.05616258360450926,0.022097136385412355,0.021151784305822197,0.03363789150498089,33.82485446777012,36.361769831835396,34.227398524843075,0.009619513768682229,6.5502777099609375,-1.0,-0.5215263366699219,0.0,0.0,0.742249021864159,0.9544546774651085,-0.2983559429020575,0.999986726573636,0.005152346702631635,0.9992943997396898,-0.03755932173100403,0.9999550628652277,0.009480097583802631,0.5,0.5
2024-02-15,58.35502807363578,59.07212667623603,58.25258490860523,58.94174575805664,3097500,0.0,0.0,0.006397592599455834,0.002816600313899284,0.005429399621786382,0.01961505967512023,0.05823434127904695,0.05472585090243165,0.056207513289225804,0.03279010698128059,0.025539122093649013,0.03792656440550343,44.42968447993377,46.74780629719448,44.438996310552575,0.007238853126257851,7.407077789306641,1.0,0.8568000793457031,0.0,0.0,2.0,0.9791440162704188,-0.2031674073315743,0.9999997669329419,0.0006827401129503682,0.9999975406611039,-0.0022178078690233308,0.775661172011472,0.6311495434790313,1.0,0.0
2024-02-16,58.764790654144136,60.05929184459312,58.38295934219435,59.69608688354492,5854900,0.0,0.0,0.0011177933315831756,0.00828635452019309,0.0063583522110278665,0.019989619276756503,0.05814114005954973,0.05247608223191215,0.055117108916612444,0.026078504868560587,0.029991520968720976,0.023609568642134923,53.090462566634486,55.03972877135448,52.85238712444487,0.013858007780323298,8.161418914794922,1.0,1.6111412048339844,0.0,0.0,2.0,0.99713251396691,-0.07567529048526993,0.9998541564586838,0.01707822626310344,0.9999808215857419,-0.006193259295771104,0.9179540964226149,0.3966866229921807,1.0,0.0
2024-02-20,60.24556389941812,61.465559859316656,59.835791226683256,61.26067352294922,5978400,0.0,0.0,0.012289352386975597,0.011571855427150408,0.01293509047486274,0.02015089035613711,0.058203197643382,0.05347123425975459,0.059369282516831635,0.03368397317952595,0.029736729424920304,0.031219354656490964,60.57284546893845,61.862892525647766,60.194591424843836,0.014521189459176258,9.726005554199219,1.0,3.1757278442382812,0.0,0.0,2.0,0.9997398546490017,-0.022808398154907657,0.9987322492122757,0.05033780272706559,0.9999990256180877,-0.0013959809723373235,0.84433723452522,0.5358121260239485,1.0,0.0
2024-02-21,61.60524916182126,61.94982423146923,60.636700196565094,61.10234832763672,3738600,0.0,0.0,0.004157375938606235,0.002453789207352876,-0.0008091403726533719,0.020295065818753354,0.06296606215214855,0.059123818740774624,0.06245794736412471,0.03419364668281075,0.029740038176411788,0.03130916201963399,67.05612815802539,67.73304293197063,50.5304253113445,0.009057375196271245,9.567680358886719,1.0,3.0174026489257812,0.0,0.0,2.0,0.9999381343231513,-0.0111232875686796,0.9968244696002083,0.07963025057265267,0.9999696355470449,-0.0077928161732551005,0.8520470744437272,0.5234651687857422,1.0,0.0
2024-02-22,60.51563209290766,60.70188849663616,59.33288190302996,60.59944534301758,3113500,0.0,0.0,-0.009050775500615359,-0.008473414902761323,-0.0034413361964454187,0.021087482939591083,0.0630243690344358,0.059377931417193025,0.06331483156732136,0.04034643087000068,0.037104317515450964,0.030848004470867767,56.487310610737566,57.604442242602225,42.53413924890305,0.007480884927839191,9.064777374267578,-1.0,-0.5029029846191406,0.5029093236532987,0.0030779750098226207,0.02777805871895319,0.746234005089461,-0.66568371592532,0.9999734194535154,0.00729111695447377,0.9999569360945706,-0.009280407122468384,0.9586380179479889,0.2846280916296762,0.09975277564440026,0.9002472243555998
2024-02-23,60.543575804848814,61.27930075091021,60.23624631372942,60.832275390625,2248900,0.0,0.0,0.005457141168585138,0.0034191205069866466,0.0013849310498699977,0.020731031502441186,0.06518811615257618,0.06086931064223058,0.06511668978666042,0.03972589639930425,0.03719134629390462,0.03002957928761665,63.346328297744684,63.99124291423718,51.65695740469179,0.0054242495409268605,9.297607421875,1.0,0.23283004760742188,0.0,0.0,0.21434315934301792,0.9729102636910724,-0.231183085031254,0.9996800299017055,0.025295015630067558,0.9999524979602039,-0.009746887869902026,0.8421686538298183,0.5392142046594022,0.10717157967150896,0.8928284203284911
2024-02-26,60.795017793452224,61.055779605459136,60.52494102952321,60.53425598144531,3641500,0.0,0.0,0.002390625019056885,-0.0018271222350935063,-0.002455532063168691,0.019971388724888416,0.06730388587590108,0.06164389442671794,0.0658682750497605,0.03944911965084901,0.03640421401045221,0.030501708504917048,53.39836337460901,69.75670386061694,43.54154346049324,0.00874011160716456,8.999588012695312,1.0,-0.06518936157226562,0.0,0.0,0.07839266012100905,0.9769435290152492,-0.21349787145363044,0.999933222014267,0.011556448942760412,0.9999653512390838,-0.008324441200216168,0.916300962503715,0.400490382050263,0.5,0.5
2024-02-27,60.42249349820521,60.51562880022829,59.5191386209117,59.798526763916016,3119900,0.0,0.0,-0.007178476529705284,-0.0038066586942349405,-0.005238348680126361,0.019985571685325176,0.06696783324240811,0.06162666134543166,0.06587428379957352,0.038334920281104606,0.02759388320239096,0.013539037525725398,45.277800088375095,58.79403675275007,36.944753218957096,0.007397187274139448,8.263858795166016,-1.0,-0.7357292175292969,0.0,0.0,2.0,0.9646170219589089,-0.26365507950184836,0.999999606134226,0.0008875423329532062,0.9999800249271455,-0.006320581199974833,0.9988818803568243,0.047275671278309325,0.5,0.5
2024-02-28,60.01272800347785,60.07791845174997,59.50051226332115,59.882347106933594,2554100,0.0,0.0,-0.00012811691935891946,-0.002971392120304765,0.0005733527569350563,0.019220793093277653,0.06628444168566186,0.061419312234550306,0.06396210105703164,0.03415096959542256,0.023991778595218886,0.014885755469165143,38.56044182171191,49.72308931806433,46.30654989109969,0.006064181156451579,8.347679138183594,-1.0,-0.6519088745117188,0.0,0.0,2.0,0.9580363611568639,-0.2866467001402863,0.9999000254072464,0.014139985522902474,0.9999769144090166,-0.006794898749960007,0.9994396077215633,0.033473430020955125,0.5,0.5
2024-02-29,59.984792992925875,60.22692489457373,59.640210833344454,59.77059173583984,4187500,0.0,0.0,0.0011725509665570912,0.0012385739316812625,-0.0009339960403363438,0.0185824001133966,0.06404074455731572,0.05946566641763432,0.06315363909726628,0.025794084923066528,0.016898247292021603,0.013958670687927449,47.54060767487613,57.39270531297055,39.53348940915687,0.009923796059578546,8.235923767089837,1.0,-0.1117553710937571,0.0,0.0,0.23038741722761652,0.9723987635811107,-0.23332519063728915,0.9998321294386725,0.01832247096135553,0.999989291039595,-0.004627937567447257,0.9986835759512479,0.051294396626026494,0.5,0.5
2024-03-01,59.78921262548712,59.96616117546538,59.0721176846521,59.54707717895508,3382500,0.0,0.0,-0.003865509217421751,-0.0017524702958694436,-0.0015131571626765036,0.01839228709650284,0.06374541789050239,0.0588353605209309,0.06250067736964474,0.02014666324787667,0.009755369492671116,0.011288702899847404,40.765563508042845,49.18686020917941,34.314260981636984,0.007986080982142993,8.012409210205078,-1.0,-0.22351455688475852,0.0,0.0,0.9215811256802601,0.969940583004539,-0.2433418694775213,0.999932791066916,0.011593677118466409,0.999260590037563,-0.03844831852996452,0.989486656312078,0.14462419223748033,0.5,0.5
2024-03-04,59.34219631871435,59.984792984657574,59.11868366260081,59.947540283203125,2996900,0.0,0.0,0.0003490756033966604,0.0001376213353311383,0.002969262631761058,0.017996448538567536,0.062322216713319785,0.05834318259279552,0.061850976581354314,0.018306751818346133,0.010844773697842737,0.015611503936841941,48.52856849284529,55.90029908449088,42.61140352283624,0.007123264570824065,8.412872314453125,1.0,0.4004631042480469,0.0,0.0,2.0,0.9766605029853713,-0.21478887752479525,0.9999294896061995,0.011875008037276948,0.9996249072262845,-0.027386946760128632,0.9991320012427278,0.04165626114645636,1.0,0.0
2024-03-05,60.124481736906255,60.71120290331342,59.89165768172278,60.04066848754883,4031600,0.0,0.0,0.006495015562434088,0.0060185088437407185,0.0007761446337084068,0.017660055977645833,0.06351559968135048,0.058748253774623956,0.06141693568780903,0.017985486391238197,0.01660455470105753,0.008913257140636574,55.049456886944036,61.4977884365053,49.36802890117619,0.009597506407167337,8.506000518798828,1.0,0.49359130859375,0.0,0.0,2.0,0.9920794957234893,-0.12561160043971745,0.9999748607533885,0.007090688347491806,0.9999999022444039,-0.0004421664647080505,0.9357162202451539,0.35275367492079035,1.0,0.0
2024-03-06,60.34800119599379,60.79501942709576,60.14311487956093,60.75776672363281,4287200,0.0,0.0,0.0020948696154672037,0.0006898126052706876,0.005936320572616213,0.01709191396668676,0.0653724644932875,0.0586252088973683,0.0625832360510006,0.018060510981840507,0.013402381177698857,0.014304611248863862,59.881998206721896,65.41513214975868,54.23389954643363,0.01032787567483568,9.223098754882812,1.0,1.2106895446777344,0.0,0.0,2.0,0.9939270001669723,-0.11004143919034977,0.9999517717353448,0.009821110087200316,0.9999146865252581,-0.013062146496453483,0.9461181972756983,0.32382148907041786,1.0,0.0
2024-03-07,60.75775958791768,60.86020273410263,59.26768715053535,59.86371612548828,3963800,0.0,0.0,-0.006778204581321235,0.0004953858795301421,-0.006852916248959855,0.01800826150489453,0.06537557804730394,0.05897615507882505,0.06220490867705106,0.024639088698689433,0.013462308900503223,0.02295677620514657,63.57561540169374,59.415898604364244,49.52740062735722,0.009408293590343493,8.329048156738281,1.0,0.3166389465332031,0.6239705311874317,0.0056122552196999935,2.0,0.9958681508852619,-0.0908109357531855,0.9999999167503281,0.00040804330267002893,0.9999819909744709,-0.006001477045957777,0.9989886544709087,0.04496296518695514,1.0,0.0
2024-03-08,59.668152849401544,60.91609356923323,59.426017377827876,60.776397705078125,4421200,0.0,0.0,0.0013339395540956339,0.00045896317121834983,0.007565324257499158,0.018222082076048154,0.06530521641227507,0.05973167145844483,0.06382926806004811,0.02241366231839226,0.01115120012258293,0.026303328010751817,66.93760471950685,62.64757948065373,54.05427515406318,0.010653947978411115,9.241729736328125,1.0,1.2293205261230469,0.7170975017330576,0.006020740250846748,2.0,0.9967927033409989,-0.08002691151196174,0.9999961856857269,0.002761994568639003,0.999966600103941,-0.008173045733690255,0.9892876351220216,0.14597936496189448,1.0,0.0
2024-03-11,60.99990733411819,61.89395092486125,60.97196958209917,61.14891815185547,3350700,0.0,0.0,0.009731330477554472,0.006034440403789037,0.0023155363875659437,0.018122848149338115,0.06666918594645703,0.06279540666274061,0.05995951227206142,0.03311770771546679,0.01604929216986897,0.026236315531099168,70.3659226084037,66.35763878066173,58.26825383280232,0.008123810396350505,9.614250183105469,1.0,1.6018409729003906,0.0,0.0,2.0,0.9999912333431746,-0.004187270805249122,0.9990253640739208,0.04413979991991274,0.9999751886578909,-0.007044293336838237,0.7694036682118703,0.6387628631519824,1.0,0.0
2024-03-12,60.878835954754365,61.58661596032579,60.80433055251751,61.20478820800781,3080400,0.0,0.0,-0.001265563474789625,-0.002288152289487876,0.00041979140974048414,0.01772595752324301,0.06481168056646282,0.059437049078408535,0.059038074529191874,0.03280762287855857,0.017366969547130705,0.026317535331109747,63.34382246599563,59.34173506180464,62.339414030915115,0.0074752886885670064,9.670120239257812,-1.0,0.05587005615234375,0.0,0.0,0.062480801228838576,0.9549115816831469,-0.29689033525426634,0.9995194891061511,0.030996627187142776,0.9999638841049322,-0.00849885202704644,0.8878807335655217,0.4600736929701057,0.031240400614419288,0.9687595993855808
2024-03-13,61.58661651278593,61.80081776983181,61.25134930493882,61.49348831176758,4530200,0.0,0.0,0.003662416635943216,0.0017360099244342125,0.0023529271310769842,0.017074868010207078,0.06581586159526,0.05889574791976969,0.05725966369778538,0.03309531754738405,0.017269303502678277,0.02449619258389979,67.49169599643295,64.32049726570037,66.6235015267589,0.011045413036571729,9.958820343017578,1.0,0.2887001037597656,0.0,0.0,1.6683311331855364,0.9986779175458386,-0.05140444539441311,0.9991191644158767,0.04196302297166436,0.9999841025906692,-0.005638667035213343,0.8768957529240968,0.48068059925867745,0.8341655665927682,0.1658344334072318
2024-03-14,61.176851545708345,61.56799425656386,60.701888479540166,61.04647064208984,4996100,0.0,0.0,-0.0045055042029280516,-0.0018872153297394,-0.0036479338943312895,0.016984739164024033,0.05544214488588859,0.05074888944528977,0.046977170399666555,0.02946987308092789,0.01866786094641971,0.018232468819594626,59.48805590695886,56.118036144056006,58.747158784167056,0.012092807462340953,9.511802673339837,-1.0,-0.4470176696777415,0.10244207297734675,0.00011599280530873286,2.0,0.9926638226595391,-0.12090713454114711,0.9995223678096579,0.030903660756858208,0.9999489097076705,-0.01010831214600745,0.9519943190560736,0.30611569134064787,5.799303926670997e-05,0.9999420069607333
2024-03-15,60.82296347736373,62.25716073569606,60.701897507491275,62.17334747314453,7997000,0.0,0.0,7.436301129380701e-08,0.005565641966491242,0.009145256406731965,0.017272470311817334,0.050903821627199086,0.047082883953224276,0.04786202140093756,0.029827683696127837,0.020425339753418925,0.020761345528104606,64.98709053259522,61.82206546919128,64.69671218121844,0.019713639119716818,10.638679504394531,1.0,1.1268768310546946,0.45634296586425194,0.0018399552891149224,2.0,0.9999916133665648,-0.004095509313216438,0.9956041863692908,0.09366057913520764,0.9999569836285833,-0.00927528395388482,0.9999999999562585,9.353232791477516e-06,1.0,0.0
2024-03-18,62.12677216116508,63.46784103864301,62.06158170768916,63.08600616455078,7284600,0.0,0.0,0.010088984998639566,0.00877175392390908,0.006637076771222953,0.017398916568282394,0.05373763590574506,0.05719189543957339,0.05840703489272376,0.02670213811091802,0.022907867026409942,0.02314646531684904,70.97918083295036,67.72583545456303,70.87169522612395,0.018221083517400948,11.551338195800781,1.0,2.0395355224609446,0.0,0.0,2.0,0.9997616541527637,-0.02183196935069315,0.9532656860403557,0.30213330140520755,0.9998025808336297,-0.01986955858627522,0.8251851795180267,0.5648623013653876,1.0,0.0
2024-03-19,63.42126632024377,64.08248573334818,63.16981948633534,63.914852142333984,6426000,0.0,0.0,0.007806470494376915,0.004250867552346968,0.005757079012704692,0.017060248472991892,0.06971506929180289,0.07128278368603896,0.0744399799490883,0.02844999285454119,0.01931305939214907,0.022837398038894532,76.59829926273962,73.80486501102673,76.77562043885389,0.016284632606006405,12.380184173583984,1.0,2.8683815002441477,0.0,0.0,2.0,0.9998546496558613,-0.01704932730504801,0.9419270285231044,0.33581761856346204,0.9999264051238871,-0.012131955160650363,0.779317833945983,0.6266288484372079,1.0,0.0
2024-03-20,68.87865946393953,69.3349925685153,63.86828894849553,64.6598892211914,8887600,0.0,0.0,0.005498109746482075,0.039368956017015067,0.0057945835313869595,0.02169809070995153,0.08731040380732095,0.1366560488865054,0.09267705658627277,0.028636555676133574,0.07212426892899683,0.022378397254164517,83.71510837496618,79.3609607035541,81.87519478719726,0.022785308428836724,13.125221252441406,1.0,3.6134185791015696,0.0,0.0,2.0,0.9999999938145792,-0.00011122428575842477,0.7904248189598851,0.612559062925554,0.9999837212069685,-0.0057059023005922235,0.8661160200381491,0.4998430151890455,1.0,0.0
2024-03-21,64.68783129759163,64.68783129759163,63.458520633941625,64.03592681884766,5036700,0.0,0.0,-0.001823812130005563,-0.019650362360635734,-0.0027476130917249834,0.021715779018575524,0.0956178531490433,0.14214785935485982,0.10178154953726135,0.026736221651067347,0.1178889154893233,0.024710766657274535,61.89770865947711,63.07579613199437,64.9028921195748,0.012788076883920408,12.501258850097656,-1.0,-0.62396240234375,0.0,0.0,0.029818122632046706,0.2876248729019251,-0.9577431453621328,0.9700882261774115,0.24275261776541823,0.9999722181527121,-0.0074540541146919746,0.9300581413536892,0.3674123755424157,0.5,0.5
2024-03-22,64.21287372125903,64.96722851679151,64.04524011172143,64.35256958007812,5731700,0.0,0.0,0.004601585665776206,0.002154927232302926,0.0024662860778944216,0.021099137688567738,0.10711821859930291,0.14827880694749654,0.11095492483739149,0.02439597447550314,0.11799616159379338,0.022305766295600753,70.64925350503644,70.44495874532606,71.86680998172729,0.01462462703107368,12.817901611328125,1.0,0.31664276123046875,0.0,0.0,0.25752671328451154,0.5397605379327013,-0.8418186037921714,0.9715289599986829,0.23692083041361606,0.9999888924362674,-0.00471327954689485,0.9291348144802661,0.36974112094913303,0.12876335664225577,0.8712366433577442
2024-03-25,64.63197059272984,64.85547973584832,63.98005885956191,64.38983154296875,3955300,0.0,0.0,-0.00035133618294426824,-0.0005940022739147888,0.00019972852852459706,0.020551835673335708,0.11599493147350039,0.15235600420379491,0.1178297766619685,0.021679063544138767,0.11747370828661186,0.020605954694851953,55.94423653410422,56.79611803831476,77.11840616819723,0.010097925758219481,12.85516357421875,-1.0,0.037261962890625,0.0,0.0,0.0035662732414127687,0.6850862241077572,-0.7284619863368135,0.9784768266857342,0.2063567290858613,0.9999876797462348,-0.004963905291378746,0.9486380916070601,0.3163633530485397,0.0017831366207063843,0.9982168633792936
2024-03-26,64.47363163538542,64.52019217689352,63.644771575927734,63.644771575927734,5288900,0.0,0.0,-0.0026271320595693203,-0.0025915811991371923,-0.005819207846094015,0.02028973835452704,0.1191491723782312,0.15294595580701162,0.11768641650717927,0.018182067695281665,0.11757085049319149,0.02193382550593236,45.36273130446068,46.36777243574313,63.68387434752221,0.013346381751523131,12.110103607177734,-1.0,-0.7077980041503906,0.4004685357936921,0.0010935561373930855,2.0,0.7612137115090426,-0.6485011067150372,0.98602201158215,0.1666151033834885,0.9999795524495847,-0.006394895052163137,0.9677383732087256,0.2519572206135981,0.0005464792658189955,0.999453520734181
2024-03-27,63.765862427091115,64.92998286834741,63.765862427091115,64.87410736083984,5332200,0.0,0.0,0.0009503983094575234,0.00316562485381481,0.00956541011781587,0.019898513494007907,0.12104111237186212,0.1520435951020489,0.12148307366205487,0.014047696560838981,0.0710622638318577,0.027793240387366372,54.860778186589684,55.17253731594322,69.4806861335899,0.013715551681377393,13.339439392089844,1.0,1.2293357849121094,0.07450313249908902,3.1194204142372873e-05,2.0,0.8448022008534333,-0.5350787245192947,0.9838573230781755,0.17895465298629867,0.999982529042205,-0.0059111428975916125,0.9962320578413899,0.08672765953898179,1.0,0.0
2024-03-28,65.06036048785211,65.80540037453989,65.02310778299503,65.16280364990234,5995300,0.0,0.0,0.0097620576812831,0.006696102344122699,0.0022201103272796994,0.01941617207875424,0.12768444400997594,0.15297513414205494,0.12378157517294248,0.021780923304648366,0.016169658639821873,0.024621767534313548,62.181449362306616,62.0484328171192,74.16861698197525,0.015489811638285228,13.628135681152344,1.0,1.5180320739746094,0.0,0.0,2.0,0.9168579464680112,-0.3992136094855252,0.9760877603283339,0.21737682520732757,0.9999999640540311,-0.00026812671696599264,0.8907994636925523,0.454396649949206,1.0,0.0
2024-04-01,65.3397505819594,65.45150158849931,64.81821983227503,65.31180572509766,3204300,0.0,0.0,-0.0008433847061027178,-0.001441050410626535,0.000610363509878391,0.018680762318320037,0.12791326191635413,0.14941705126608332,0.1230030083632013,0.022210556862337322,0.01827973050797785,0.024570046396814253,52.59982366035208,52.6348453677491,77.98916612318511,0.008297749430476373,13.777137756347656,-1.0,0.1490020751953125,0.0,0.0,0.04431655234755746,0.9657135367398046,-0.259610024763101,0.9818753094477543,0.1895280367040108,0.9999992383879591,-0.0012341894108096956,0.9585818954005416,0.28481704620739434,0.02215827617377873,0.9778417238262213
2024-04-02,65.4328727892955,65.75882503719336,65.10692054139763,65.7122573852539,3797000,0.0,0.0,0.0022220542405593947,0.0023422199806784976,0.0030563214927854907,0.017949326464191586,0.12686303235662355,0.144659216814828,0.12335321723257603,0.021828307512134017,0.017995212117827977,0.02452303959804243,59.422025258690546,59.565234258146745,81.09694701403436,0.009892873115420267,14.177589416503906,1.0,0.40045166015625,0.0,0.0,0.32009694522135745,0.9998413378834086,-0.01781289026282815,0.9811210877553346,0.1933944444956707,0.9999470620225275,-0.010289468038517992,0.9630524361129505,0.2693139530304944,0.16004847261067873,0.8399515273893212
2024-04-03,65.5073627253522,65.62843576285358,64.2314916456544,64.25011444091797,4382900,0.0,0.0,-0.006768514325637168,-0.0009924042372586718,-0.011250509849817089,0.01869273560555396,0.12379200228073145,0.1407713200665673,0.11668090617424572,0.02694795983718635,0.01644665127116652,0.03385121640854897,51.51477524464006,51.44467222700654,70.91716385911248,0.01116531352494611,12.715446472167969,-1.0,-1.4621429443359375,0.5867281866206326,0.0021291716592653632,2.0,0.9990747856350489,-0.04300665888302617,0.9858025511432532,0.1679086959018311,0.999992848488543,-0.003781926991627409,0.9963536654714679,0.08531924344232257,0.0010634536919018123,0.9989365463080981
2024-04-04,64.61333564490907,65.68432782601802,64.18494019351088,65.54463195800781,4332100,0.0,0.0,-0.0003583022585544037,0.0004207073610188877,0.009857975365189562,0.018648713474887477,0.12013109289869754,0.1355617679139798,0.11570731911810449,0.02706764397067062,0.016138426067674412,0.03437665869161133,57.18918897752305,45.50420346980839,73.85521555570713,0.01125825438445084,14.009963989257812,-1.0,-0.16762542724609375,0.0,0.0,0.17521835497354143,0.9997714776032613,-0.021377384568544995,0.9878218032716595,0.155589475804525,0.9999926341214784,-0.0038381900404874715,0.9979837357710009,0.0634701751735191,0.5,0.5
2024-04-05,65.36766752046292,65.68430474514405,64.67850337517248,64.99514770507812,3630000,0.0,0.0,0.0032093802406543306,-1.4722064708147804e-07,-0.003527122371921711,0.01856842039332224,0.11078044540621855,0.12869962996504755,0.10524433286935421,0.018252583067206087,0.008292198751647283,0.03564376079381669,51.26813286445218,50.08860666989409,67.7498625600003,0.009354552469470678,13.460479736328125,-1.0,-0.7171096801757812,0.055868982290462554,1.7227427999502308e-05,2.0,0.9998452094419694,-0.01759423644107316,0.9884973247558957,0.1512383514537144,0.9999984448807723,-0.0017635861297673747,0.9413037972310625,0.3375606039193301,8.613639804321382e-06,0.9999913863601957
2024-04-08,64.995171117825,65.63776785321117,64.7902847902974,65.19074249267578,4021100,0.0,0.0,0.0008633850421312294,-0.0003543722012003699,0.0015024269319858354,0.01811894753554836,0.0993194555839514,0.11986211510468167,0.09845328227013224,0.018205670125496155,0.005645277931003019,0.03572172901973777,46.213134609810226,53.4785327978356,70.15413450018725,0.010393606160502448,13.656074523925781,-1.0,-0.521514892578125,0.0,0.0,1.6960288392233174,0.999781545438627,-0.020901229637291466,0.9893045241043138,0.14586486412682528,0.9999991491049919,-0.0013045264628053163,0.975299388130831,0.22088708317062522,0.5,0.5
2024-04-09,65.20012175511926,65.94210039582283,64.93714343499583,65.91392517089844,4424900,0.59,0.0,0.001132055469745239,0.002312911136494433,0.005516071175119446,0.017729178381151327,0.09553559632906475,0.11487466166596348,0.09404122064847911,0.017649603462254106,0.005591905531303077,0.037148184075493904,51.43863165227569,56.60612516090172,72.61928309112189,0.011564213209848144,14.379257202148438,1.0,0.7231826782226562,0.25779565067878707,0.00032142397525603645,1.9229261300864426,0.9814753732860264,-0.1915883389798426,0.9998933483628389,0.014604516416177493,0.9999997936851002,-0.0006423626367572437,0.9828663726579594,0.18431954182393517,0.9616237770308493,0.038376222969150664
2024-04-10,65.6979119874898,65.96089750852924,64.15760404951544,64.66477966308594,4435000,0.0,0.0,-0.006038505831338484,0.00014250709237131467,-0.009566226816238093,0.018772738565389892,0.08714750332345629,0.10642649564669093,0.08426884679233766,0.01631358321954386,0.0046904046809072,0.03459272542466686,53.643209528263625,52.6198130547614,66.3015962641472,0.011370953445652804,13.130111694335938,1.0,-0.5259628295898438,0.6326807407819643,0.0023218405293403614,0.5289493352350381,0.975793228401996,-0.21869516548111018,0.9998366825408848,0.0180723060409601,0.9999798063147897,-0.006355073771074864,0.9988647664441221,0.04763589357332733,0.004370349146082997,0.995629650853917
2024-04-11,64.85263484794257,65.05925560703696,62.917851961092715,62.92724609375,4935200,0.0,0.0,-0.00975603100192088,-0.006881703921510387,-0.013617885279502638,0.02034385489087603,0.08048756597806606,0.09621383950960634,0.07674609631016233,0.02534463315780573,0.015537589133245133,0.03495389663768875,51.13812069212772,48.12565208014774,59.01218681033298,0.012313426954567561,11.392578125,-1.0,-1.7375335693359375,0.0,0.0,2.0,0.7844639767938456,-0.6201743860502342,0.9921363744350158,0.125161553693385,0.9761917032410817,-0.21690956300558945,0.9948118630337592,0.10173179034746711,0.5,0.5
2024-04-12,63.07751161689622,63.07751161689622,62.09133567759387,62.17586135864258,3371900,0.0,0.0,-0.004517304958532803,-0.010566805558680439,-0.004103592237301796,0.020251947432271922,0.07149930597671754,0.0870085330913232,0.06808028302611145,0.02168745549617085,0.03241067861123257,0.035172430039072694,46.89509450315762,42.36814104255451,50.60187419072128,0.008312505622079802,10.641193389892578,-1.0,-2.4889183044433594,0.0,0.0,2.0,0.6217290289013071,-0.7832324141794935,0.9989905823326651,0.04492011142731658,0.956526131728711,-0.2916466343370152,0.9981624919055004,0.06059405707659566,0.5,0.5
2024-04-15,62.39188467795119,63.3968417343749,62.26978963645723,63.227783203125,4510300,0.0,0.0,0.0014349657773899387,0.002524860645792548,0.008388287662280005,0.019871858619618283,0.059896818754614396,0.08062286674096619,0.06253175902371752,0.022358909831142464,0.03449645866069316,0.042843861383580414,52.32363559576741,50.32980457613463,57.92450362279699,0.011307037704788232,11.693115234375,1.0,1.0519218444824219,0.0,0.0,0.1786264077135086,0.8072775981805828,-0.5901719067151447,0.9985685771464611,0.05348641636614047,0.9736928970509141,-0.22786430662259935,0.9885498318429728,0.15089476453220643,0.0893132038567543,0.9106867961432457
2024-04-16,63.40622899954226,63.87583518376066,63.21838222648188,63.716163635253906,4205200,0.0,0.0,0.007047874489187996,0.0035089374088444853,0.003586967848593778,0.01904803650196812,0.054639843703269415,0.07904420376872957,0.06038676767999772,0.031511165694667796,0.035810127589104804,0.04127535231090682,57.598184497019304,57.272885562400994,64.05074001184603,0.010623600479808225,12.181495666503906,1.0,1.5403022766113281,0.0,0.0,0.38299281910422095,0.9112765017944011,-0.4117950185193585,0.9976468195569363,0.0685625512063953,0.9945595584022904,-0.1041695002898697,0.8985145565873599,0.438943722589377,0.19149640955211047,0.8085035904478896
2024-04-17,64.07307126888497,64.6178161822869,63.94158210573582,64.34544372558594,3664800,0.0,0.0,0.004956459599484923,0.005032395160631201,0.004282414154942749,0.01851539032388473,0.05348534637930753,0.07782293355631974,0.05991105683545762,0.03390294809063718,0.03995710400246403,0.04059761337874376,62.43590868003792,63.19607787050559,69.21017789055982,0.00934982611491115,12.810775756835938,1.0,2.1695823669433594,0.0,0.0,0.7598554830928195,0.9727107944435874,-0.23202092658405837,0.9957005894534949,0.09263010397253528,0.9997118550301825,-0.024004310281934203,0.877077215493594,0.48034941247180024,0.37992774154640974,0.6200722584535903
2024-04-18,64.80565681702836,65.04985405198845,64.4017951908191,64.89018249511719,3620400,0.0,0.0,0.0035423525084616507,0.0032915191456796213,0.004164015250004656,0.017823919454200428,0.05380110057688027,0.050872587475619596,0.06014485188581951,0.0245917808460799,0.03900098866637937,0.024081010543981495,66.72483353882241,68.12477187278462,73.55195346884352,0.0093147457893355,13.355514526367188,1.0,2.7143211364746094,0.0,0.0,1.1893267137050267,0.9907718586993551,-0.13554011955662812,0.9945006862097151,0.1047300583806088,0.9999938785514925,-0.0034989797860058573,0.8870682793266094,0.4616382434466718,0.5946633568525134,0.40533664314748663
2024-04-19,65.00289698402494,66.35536529198184,64.88080193729881,66.13934326171875,3992200,0.0,0.0,0.003705113890967246,0.00993500293604052,0.009533429655540004,0.01783067661239271,0.05455505851668743,0.053662957913909334,0.0639442205986916,0.010386519013460695,0.013299107086643606,0.01162548624488975,70.80083114463442,72.40683833338879,77.44054941766703,0.010469058430643654,14.60467529296875,1.0,3.963481903076172,0.0,0.0,2.0,0.9927270074633799,-0.12038724456022057,0.9988421342882795,0.048108115432166663,0.9999995253813112,-0.0009742880233351667,0.9026380441063666,0.430400466230966,1.0,0.0
2024-04-22,66.31780087735366,67.04099141140986,66.12056709533833,66.84375762939453,3637500,0.0,0.0,0.008622918955739039,0.0046831071791835184,0.004826390546220922,0.01736613113726655,0.06161187382972568,0.059664030170122236,0.07099205071569165,0.011318932601489782,0.011737458612470513,0.010251654386993334,74.7645312693666,76.48920608830055,80.98667386552067,0.009640494540220994,15.309089660644531,1.0,4.667896270751953,0.0,0.0,2.0,0.9961778375231094,-0.0873482457052316,0.9936168947755153,0.1128072090633505,0.9999834281098601,-0.0057570396604710436,0.870755986425526,0.49171537712797747,1.0,0.0
2024-04-23,66.74981772290468,67.20064277875498,66.34595614819628,66.5150146484375,3690600,0.0,0.0,0.0017014793423964173,0.0011892835505783544,-0.0024651020352238016,0.0171232161467962,0.06851474741324647,0.06514299343820831,0.07498513679721407,0.013192875981525121,0.014535048060270067,0.019305017314010776,78.48224319180109,80.32883359989297,67.86020233008632,0.009733121026915701,14.9803466796875,1.0,4.339153289794922,0.0,0.0,2.0,0.9967288786298054,-0.08081795905224676,0.9928344666492611,0.11949779007696022,0.9999881259350935,-0.004873190825278749,0.8831797444852008,0.4690346884091362,1.0,0.0
2024-04-24,65.89515607959346,67.50120868343821,65.69791513794975,67.25701141357422,4446100,0.0,0.0,-0.004907770454883066,0.0022313420448239712,0.0055467259260374565,0.0176398562588682,0.07047012338090344,0.0702104030928382,0.07997431475656959,0.023067566073167758,0.015384059531840825,0.019446791264973833,81.87916464542106,67.07914874555276,73.34493664758409,0.01185638373857001,15.722343444824219,1.0,5.081150054931641,0.42265195738858097,0.0007226553319569689,2.0,0.9978604914435365,-0.06537919864959973,0.99138976051665,0.1309440443194706,0.9999697634724669,-0.007776383530824036,0.9327305554283455,0.36057414073991784,1.0,0.0
2024-04-25,67.4918102565102,67.9238471430076,66.78740088742525,67.04098510742188,2875200,0.0,0.0,0.00531793030486526,0.0020181750125667533,-0.0010402217714100004,0.017643469894490477,0.07711986789853635,0.07697007060522797,0.08466092917941768,0.025666731846747115,0.01546056438284189,0.02293668569665503,84.925895196076,72.85068842035783,60.611145056279184,0.007642648784833339,15.506317138671875,1.0,4.865123748779297,0.0,0.0,2.0,0.9988491300604279,-0.04796264564769722,0.9886729241963333,0.15008613847078378,0.9999964532442279,-0.002663362341962131,0.733435535991703,0.6797590121098531,1.0,0.0
2024-04-26,66.69348022495436,67.74539361677327,66.50563342954202,66.52442169189453,4170400,0.0,0.0,-0.002113894843245885,-0.001315357300114249,-0.0038674940458459156,0.017841592816961176,0.08154793570413929,0.08206381816876111,0.08683599803506169,0.02811188526605329,0.010674806446490423,0.02009509155453096,70.35648235277132,59.93539165141706,50.25732323475484,0.0110000402671834,14.989753723144531,-1.0,-0.5165634155273438,0.0,0.0,0.011273519155705144,0.9891853522435073,-0.14667085227436416,0.9924528592836281,0.12262675931358134,0.9999926039559675,-0.0038460412587124587,0.9480479356962834,0.31812750843335696,0.5,0.5
2024-04-29,66.56198710204595,66.86253479125251,65.66973099942304,65.96089172363281,4179100,0.0,0.0,-0.006324192361642523,-0.006558743128745137,-0.00425352783439672,0.018000411988941898,0.0827861446145584,0.08327818827305183,0.08747291852571393,0.02614711290526288,0.01739629535630171,0.01783848984060723,58.576382232032586,49.62696177915514,41.97551257689535,0.010929611796899151,14.426223754882812,-1.0,-1.0800933837890625,0.0,0.0,0.049287277408462345,0.9166437229757781,-0.39970524781281624,0.9983798965828232,0.05689975482610712,0.9999702031928548,-0.007719632532751468,0.9660790702006496,0.258246452289762,0.5,0.5
2024-04-30,65.82000464980057,66.24264735031163,65.58520155715627,66.1769027709961,3121600,0.0,0.0,-0.00048104627833822926,-0.0034786630341733255,0.0012210779745667904,0.017369728560547547,0.0835515340873229,0.08346017888333392,0.08821813485561072,0.02548963496136518,0.018821275954099416,0.01840902781882622,49.07584698351184,41.35740645121926,51.311825505927,0.008190664642075192,14.642234802246094,-1.0,-0.8640823364257812,0.0,0.0,0.03154441458028008,0.896676165224915,-0.44268708442594185,0.9998428677866716,0.01772680840208256,0.9996920160027368,-0.024816791500592128,0.9686428425010088,0.24845732766727932,0.5,0.5
2024-05-01,66.04542310881222,66.18630641778027,65.23769978072627,65.73548126220703,3396800,0.0,0.0,-0.002656276331408398,-0.0004254427066608059,-0.00334632348603414,0.017268103734348228,0.08358041077389786,0.0835144386498434,0.0872498447465228,0.02419637499371012,0.016883285422500227,0.010799972743359452,41.39556221386788,34.98626843168901,43.83389126172847,0.008853301998232132,14.200813293457031,-1.0,-1.3055038452148438,0.0,0.0,0.07200597375301215,0.924035249183185,-0.38230728251887797,0.9998975856100515,0.014311474109597263,0.9961791879710286,-0.08733284292511112,0.9744436950859827,0.22463188800162887,0.5,0.5
2024-05-02,66.12054361795161,66.55258039167116,66.05479904729039,66.3553466796875,3071000,0.0,0.0,0.005626583213239991,0.0024946965634923563,0.004242624395455467,0.016764448998319866,0.08502653921103226,0.08395120947629697,0.08836277337312048,0.02056524106555465,0.016345519597562037,0.017840817472747055,49.337556091190415,43.62924592320036,50.50348311763749,0.00807962481118849,14.8206787109375,1.0,0.6198654174804688,0.30993304135952826,0.0004373202330676352,0.22544390816306764,0.9668126374540418,-0.2554864459402094,0.9993657770582121,0.03560960045880877,0.9999778723569033,-0.006652427869648564,0.9983616738885649,0.05721859933992495,0.11294061419806764,0.8870593858019323
2024-05-03,66.24266182526006,66.28023118816718,65.20952942499558,65.66035461425781,3444200,0.0,0.0,-0.006439446513248805,-0.00205031573347587,-0.0052644652008644235,0.016978236033957234,0.08513706617058547,0.08401184703030617,0.08829004221723108,0.023270206066546933,0.01624852672374582,0.0191251010701995,43.686399668960014,39.01744929313782,45.438731014226306,0.00896658441594197,14.125686645507812,-1.0,-0.6949920654296875,0.02817035573069404,3.977090985026119e-06,1.2570856753916946,0.966924832827534,-0.25506149780287374,0.9998345350641233,0.01819072546954471,0.9977245479145482,-0.067422003001323,0.9803265485768106,0.1973825173501398,3.1637289967120435e-06,0.9999968362710033
2024-05-06,65.7636534347674,65.95150022653628,64.67417070499755,64.93714904785156,3602100,0.0,0.0,-0.004121831449690914,-0.0024860217597842244,-0.005537667613290496,0.017346102826291343,0.08517362151957787,0.08389147350081408,0.08847281474690301,0.021563020279189774,0.012340497761105339,0.02025338866672734,39.49559554028925,35.471040724895225,41.432260818114514,0.009274370433022518,13.402481079101562,-1.0,-1.4181976318359375,0.0,0.0,2.0,0.9631835820991516,-0.2688445409054216,0.9999863826221409,0.0052186751465465335,0.9930115411870518,-0.11801728292634142,0.9889476126424025,0.14826536833965165,0.5,0.5
2024-05-07,65.35041274449148,65.80123076813042,65.16256592995585,65.66035461425781,2453800,0.0,0.0,0.0025624607077469465,-0.0007769525417757041,0.00377233524596547,0.016869677134675895,0.08526952351293472,0.08392189188961213,0.08823917644778598,0.024114955686605943,0.009285735985894134,0.024412856422063194,36.10015216332669,40.77416157888217,46.02422258146192,0.006388190244422044,14.125686645507812,-1.0,-0.6949920654296875,0.0,0.0,1.2570856753916946,0.9738738914733102,-0.22708950549647014,0.9958898079710103,0.09057312172749778,0.9984699390733327,-0.0552972039699592,0.9103062975129294,0.413935314642641,0.5,0.5
2024-05-08,65.82001364938829,65.99845915157408,65.26587454885684,65.3034439086914,2494500,0.0,0.0,0.0007920712577850554,0.0014964252462491702,-0.00272526232128082,0.016551611626504533,0.0847731128747721,0.08392336936784148,0.0876670801914553,0.02365990245562768,0.01027970090475487,0.02411668026637134,41.14037254756896,45.381630488906886,42.444950565160575,0.006458847770901115,13.768775939941406,1.0,-0.35691070556640625,0.046958925037799304,1.1631765229187736e-05,0.33153114576280673,0.9918149185551763,-0.12768385697255902,0.9999984769320339,0.001745317625052607,0.9991949635891021,-0.040117636248575554,0.9642206478207245,0.2651010039893897,3.5083753945459215e-05,0.9999649162460545
2024-05-09,65.2095190440652,65.99845404265169,64.66477411706664,65.98906707763672,2397400,0.0,0.0,-0.00444623513292685,-3.71982512327527e-08,0.005018830440618912,0.01665328250114614,0.07976899609023681,0.08292559521919106,0.08039196643866386,0.018976443409656284,0.007221131557732566,0.0247198187363692,37.62058224605385,41.521096136417306,47.19361394323985,0.0062726050698958,14.454399108886719,-1.0,0.6856231689453125,0.19722327452126365,0.00018617280669764463,2.0,0.9946392376999755,-0.10340593226508651,0.9999985927098415,0.0016776705089077324,0.9999956833465322,-0.0029382457865240407,0.992024596070549,0.12604443974671814,1.0,0.0
2024-05-10,65.97028397183384,66.55259830126566,65.69791148704908,66.4023208618164,2398700,0.0,0.0,0.007925100385856301,0.004180610027721164,0.0031214551838423346,0.016286905236046218,0.0680689773339256,0.07185132669181603,0.06492321485170156,0.023790351055132324,0.011479827915066241,0.022300349487676178,43.168176509979425,46.64468447336515,51.61854485089421,0.006315309644554574,14.867652893066406,1.0,0.4132537841796875,0.0,0.0,1.3406472711361876,0.9931723987907408,-0.11665584546110673,0.9999999999960449,2.8125015987220298e-06,0.9999999999999589,-2.866665674120112e-07,0.7165529005641073,0.6975327524160888,0.6703236355680938,0.3296763644319062
2024-05-13,66.4492841016334,66.8249705332124,66.12056116111027,66.3459701538086,2897000,0.0,0.0,0.003206300798138495,0.0020421142350011455,-0.0004244929074166371,0.015894772436457802,0.054596107690284286,0.060423453902377265,0.05436017497536762,0.02059255323545473,0.009091888119269533,0.016163961525422838,48.34511316479667,51.423000447825515,47.11160000230744,0.007620763768578179,14.811302185058594,1.0,0.356903076171875,0.0,0.0,0.9999572480574636,0.9962226657290824,-0.08683547827726291,0.9993147385410193,0.03701423151565293,0.9999818766293033,-0.006020499392646922,0.8219824537443124,0.5695128143742503,0.4999786240287318,0.5000213759712682
2024-05-14,66.38352563123712,66.6840732805245,66.09237211132094,66.5431900024414,3237300,0.0,0.0,-0.00021320947271662134,-0.0010553386397139006,0.0014840928214229286,0.015350829651710187,0.045709611285919945,0.049379478862164476,0.045110466142730066,0.02063121066250647,0.008977675649270565,0.013766850357601395,44.04564684344169,46.51073222795226,51.40942101199927,0.008541261511478701,15.008522033691406,-1.0,0.1972198486328125,0.0,0.0,0.30533886899028445,0.9894876124074807,-0.14461765069362423,0.9998546829003022,0.017047377579444523,0.9999777187301894,-0.006675480744202926,0.8967037310692586,0.4426312445890718,0.15266943449514223,0.8473305655048577
2024-05-15,66.6746877603606,66.69347602152897,65.41614655572026,65.585205078125,3847200,0.0,0.0,-0.005142066555496508,7.049717927543166e-05,-0.007250409147346919,0.01585368519925879,0.039822579277516694,0.04181626543524142,0.03881729714938737,0.024567836307664993,0.009295051910299118,0.02133548803292915,48.249204052615816,42.51789611186842,47.51003206666809,0.010004286032209257,14.050537109375,-1.0,-0.7607650756835938,0.7044146053900135,0.0025134534799597396,2.0,0.9977299181961301,-0.06734248537397192,0.9998708801717898,0.016069318109062057,0.9998141132043867,-0.019280535192931093,0.9819096580292274,0.18935000255855758,0.0012551493602162174,0.9987448506397838
2024-05-16,65.66973860408943,67.14430199464454,65.60399401338785,67.05977630615234,2481000,0.0,0.0,0.0009245901466418437,0.0021722620307251016,0.0071689728019839185,0.016058242876132174,0.036025121367907836,0.036393575677844375,0.03685050909626466,0.021358353648549374,0.009823255890798334,0.029608633081453308,51.59618590831938,47.01898606478326,52.259043377986906,0.006596663330800989,15.525108337402344,1.0,1.4745712280273438,0.46022871412003497,0.0008787759110541417,2.0,0.9986439420162371,-0.05206032149603573,0.9943479104242784,0.10617077297858935,0.9999826644496509,-0.005888191587998318,0.9827061395312362,0.18517192910269753,1.0,0.0
2024-05-17,67.1067338978914,67.17247848983176,66.48685734039984,66.90950012207031,2753000,0.0,0.0,0.006683758322121478,0.0002097764336339291,-0.0011217212489950665,0.015676643610829905,0.03601587897088255,0.03665263887255759,0.03802713208987389,0.01954123339728101,0.007868260642556347,0.029741142721480728,55.215988497632885,52.03742110417675,46.89011453957687,0.007303473400407752,15.374832153320312,1.0,1.3242950439453125,0.0,0.0,2.0,0.998807376970172,-0.048824417149259086,0.9959358460980599,0.09006547871932727,0.9999896215526141,-0.004555961705262235,0.8735213461730299,0.4867858438574993,1.0,0.0
2024-05-20,66.92827963772224,67.09733816141761,66.15812573324827,67.08794403076172,2280200,0.0,0.0,-0.002052661630316265,-0.00046351247040598946,0.001102990933947428,0.01551814421401048,0.036099822639385014,0.03675269720395257,0.038896492967074765,0.019917591146653667,0.007744414384858165,0.029598221462819197,50.557248788836525,46.68455510545247,53.02182329389888,0.006065308276166408,15.553276062011719,-1.0,0.17844390869140625,0.0,0.0,0.05501768602921173,0.9987736811453155,-0.049508926987319526,0.9984612318392134,0.05545420195188573,0.999981397578141,-0.006099548972504736,0.9696460817802633,0.24451273195517398,0.027508843014605867,0.9724911569853941
2024-05-21,67.3133525178162,67.34152774395692,66.19569460904252,66.3365707397461,2541100,0.0,0.0,0.00028385184271288857,0.0018163615178900733,-0.005631448555821983,0.015806706884080264,0.03565254269098207,0.03714320037367431,0.03874496082400942,0.019908707230641438,0.007139723931466314,0.03243631679562048,55.29386516575572,52.481111684130845,46.84554074070492,0.006683596583606905,14.801902770996094,1.0,-0.751373291015625,0.29116273135731774,0.000386933627859955,2.0,0.9994717351312485,-0.032500010365096844,0.9962767512035346,0.08621273114413217,0.9999831940460169,-0.005797553408644378,0.9813490782609814,0.19223419726032653,0.00019342939176183292,0.9998065706082382
2024-05-22,66.10176836610103,66.16751294969781,65.43492839944166,66.07359313964844,3409900,0.0,0.0,-0.005779553360860602,-0.00879352280684094,-0.0019860831857076225,0.01571079105201626,0.035862466722323266,0.03621655201946296,0.03603489105925634,0.020778820449185463,0.021118542466853525,0.02824257914496443,49.67603458851421,46.73389732631008,41.31215106734285,0.008933158153616798,14.538925170898438,-1.0,-0.26297760009765625,0.0,0.0,2.0,0.6487833201696261,-0.7609731949744856,0.9999763282780505,0.006880616509339087,0.9999137192863281,-0.013135980472814605,0.9999929580314595,0.003752850582105338,0.5,0.5
2024-05-23,65.75426336521701,65.75426336521701,64.66477352125823,64.89018249511719,3083400,0.0,0.0,-0.0053529106497529205,-0.00283259288749394,-0.008170949180405377,0.0164054191819277,0.035007322193868186,0.03353117940879201,0.03794330468600178,0.023339624793956324,0.01856311437773586,0.018202421654058814,44.12101899718449,41.1312522977104,35.88873581967033,0.007933125391348217,13.355514526367188,-1.0,-1.4463882446289062,0.0,0.0,2.0,0.7891573378392782,-0.6141910908947014,0.997360465440334,0.0726092416751511,0.9925433938400305,-0.12189180179369774,0.9962348310949631,0.08669579755207461,0.5,0.5
2024-05-24,65.07803461084012,65.2001296555142,64.05428926560026,64.1482162475586,3195900,0.0,0.0,-0.004742764921065698,-0.004231501493921523,-0.005749964776284918,0.01668568695458872,0.038400104020198875,0.033828863406286956,0.04551361953225097,0.01176853170565906,0.017923811656807488,0.017796452305469685,38.394406502581916,35.540912109103516,30.52353923220178,0.00812855262054951,12.613548278808594,-1.0,-2.1883544921875,0.0,0.0,2.0,0.8167281108019095,-0.5770226971497253,0.9980993163684329,0.0616259252658091,0.9819599284792175,-0.1890891294101539,0.9979094407045893,0.06462776611220397,0.5,0.5
2024-05-28,63.603471772701525,63.8570559953307,62.110120168614614,62.62668991088867,6350900,0.0,0.0,-0.01540980618626351,-0.010406810387273572,-0.012001794225493414,0.01819481873653618,0.059857228193238056,0.047863764131785454,0.06428829798812312,0.025416250809323315,0.02169773151153591,0.01698157183043715,31.525992511092273,28.269329650278692,24.348363239626224,0.01576994532640988,11.092021942138672,-1.0,-3.709880828857422,0.0,0.0,2.0,0.7823412695119971,-0.6228500124575391,0.99944851873635,0.033206300542456754,0.9355016253127266,-0.35332238683282846,0.9999998466562986,0.0005537936252642211,0.5,0.5
2024-05-29,62.560938811526235,63.171428307327105,61.82835428281399,62.4482307434082,6099800,0.0,0.0,-0.0021835472076015008,-0.005184030554280718,-0.0013704050417594606,0.018479684641129656,0.07637668953250294,0.06376424583523438,0.0786013538014602,0.022437060415177637,0.013815004255307108,0.020288925385594476,24.68400338321694,21.691361102765985,18.90398557280999,0.015103277064265353,10.913562774658203,-1.0,-3.8883399963378906,0.0,0.0,2.0,0.8065261810302371,-0.5911983756005942,0.9997916986600514,0.020409784184286697,0.9437503244243359,-0.3306589257058709,0.9998188000810145,0.019035939812896578,0.5,0.5
2024-05-30,62.617291838168626,63.349876397011435,62.55154725380125,62.5985107421875,3679500,0.0,0.0,0.0035073345982732083,0.0008507881905470899,0.0007249399195982003,0.018147342486942192,0.08416958825943352,0.07409946576318642,0.08879568743486711,0.0340932970692915,0.019034887414563433,0.024115046722719153,41.63255685185224,39.50734465337003,37.14171448599388,0.009132470197968373,11.0638427734375,1.0,0.15027999877929688,0.0,0.0,0.0014937361809356127,0.857110867915372,-0.5151319831862099,0.9997242897407642,0.0234807261881842,0.9681076484547206,-0.25053459043307985,0.8371664637660571,0.5469481803109276,0.0007468680904678063,0.9992531319095322
2024-05-31,62.59851692495698,64.62721227553757,62.59851692495698,64.57086181640625,7500900,0.0,0.0,0.00037530680838197453,0.009980973092726133,0.015509639109919978,0.018580536436798627,0.08886916692125602,0.07590796094598883,0.0886806581110735,0.03509841979890238,0.034786385895122625,0.045824150710108445,53.84000154210984,52.63583483472068,49.99830364927364,0.019203722148444118,13.03619384765625,1.0,2.122631072998047,0.0,0.0,0.2980029545088673,0.9508570594348561,-0.3096301867113389,0.9991901839648248,0.040236504176426005,0.9776373676759222,-0.2102978300498928,0.951485093257547,0.30769484446229695,0.14900147725443366,0.8509985227455663
2024-06-03,64.51449948718353,65.00288676291643,63.556498864476616,63.63163757324219,4232600,0.0,0.0,0.004284958807436724,0.001635308528278654,-0.004133963653349998,0.01913163775575851,0.09037327841464189,0.07666450462929303,0.0917605004411431,0.04069643335249364,0.03514241424064699,0.046825708445753955,62.728024517495754,61.98320187894139,40.37213005018777,0.010678635994090361,12.096969604492188,1.0,1.1834068298339844,0.0,0.0,0.09262744346113834,0.9734739144619405,-0.228798028536407,0.9990726538397421,0.04305615344657465,0.9923271495432774,-0.12363991377914316,0.9074053130610574,0.4202565857051669,0.04631372173056917,0.9536862782694309
2024-06-04,63.72556377636589,64.12003128856915,63.07751205363836,63.9979362487793,2512000,0.0,0.0,-0.0022448410729656813,-0.004057875232447588,0.0017033207487850168,0.018826975347967134,0.09329077590388452,0.08012960610077609,0.09336599859848503,0.022265129076615188,0.030418193494245845,0.03758470647334575,51.184261448501864,50.651772392430296,51.01775806379934,0.006374132099836205,12.463268280029297,-1.0,0.3662986755371094,0.0,0.0,0.00887446603263371,0.8223490716147714,-0.5689833076763531,0.999563111726005,0.02955648281893557,0.9902073690377026,-0.13960432050417051,0.9713319847890837,0.23772710263177685,0.004437233016316855,0.9955627669836832
2024-06-05,63.67860413334355,63.969757686845966,62.711209333909736,63.35926818847656,3294200,0.0,0.0,-0.0029120474052682687,-0.0011731895487159256,-0.005014777633701769,0.019109015465630246,0.09679888200970327,0.08372037375730092,0.09662425809773523,0.022841978373461205,0.027409464862516,0.03991256676600986,42.18513235074428,41.76898771375303,42.17294582729255,0.0082755252948759,11.824600219726562,-1.0,-0.272369384765625,0.8452895305668804,0.005110201757465757,0.5528990999447722,0.9269917918605537,-0.37508161488289427,0.9996330111877904,0.027089535685040706,0.9887411032584124,-0.14963632823394674,0.9905706293976885,0.13700302250194088,0.00915791500585529,0.9908420849941447
2024-06-06,63.35927027991091,63.68799320046161,62.73939379624708,63.29352569580078,2805100,0.0,0.0,0.00019130899317680304,-0.0018794788824875717,-0.0004420076414132316,0.018833038253030402,0.09933459203618752,0.08775212096544843,0.09981722860670254,0.020024387550427326,0.028249509514341204,0.040113602710899594,35.25196298113385,51.43666570059155,35.51291811565111,0.007039520720911624,11.758857727050781,-1.0,-0.33811187744140625,0.0,0.0,0.8520207228481922,0.9422437344307966,-0.33492796975753825,0.9997156664870326,0.023845045195767856,0.9896893943634562,-0.143230243609705,0.9997388698581801,0.02285152280897117,0.5,0.5
2024-06-07,63.20899792930892,63.89461897445115,63.17142857311151,63.35926818847656,3373900,0.0,0.0,0.003431275951776907,0.001619544940075825,0.0005190765293014394,0.01828497002980789,0.10076420070218478,0.0903173923964303,0.10135265302457847,0.020991378130591955,0.016959030256441895,0.018662515981527024,44.90875297001027,58.514455479318514,44.66527344490865,0.008475743668381337,11.824600219726562,1.0,0.06574249267578125,0.0,0.0,0.03780693571290799,0.9757740916155785,-0.2187805341701878,0.9996592279133104,0.026104176826017754,0.9936169357662634,-0.11280684801225974,0.9831006458135029,0.18306589032660756,0.018903467856453995,0.981096532143546
2024-06-10,63.17143387149211,63.35927350261184,62.10073220973992,62.83331680297851,4002700,0.0,0.0,-0.008546961724620975,-0.004206908420784069,-0.004167846989850219,0.018551726879936142,0.10338312774482766,0.09315050021972593,0.10273152642842279,0.02010218898241614,0.01423466480099784,0.014718273610754114,38.84449741743254,50.822416018310264,39.2437293088392,0.00997191302586454,11.298648834228509,-1.0,-0.525951385498054,0.6386615865071619,0.0031951302674556588,2.0,0.967540844171302,-0.25271469063013363,0.999829271016265,0.018477792592302412,0.9871792228071026,-0.1596157324888903,0.9996342716326043,0.02704298388774195,0.0015950169901965878,0.9984049830098034
2024-06-11,62.65485591470961,63.19960080533662,62.3824834693961,62.908447265625,2999600,0.0,0.0,0.0016961543538956286,-0.0009454713257761847,0.00044776157136801765,0.018133815261800863,0.10210431092140808,0.09458413562281665,0.10281478595239757,0.02148757269620249,0.009409608963095954,0.011973793157895084,34.588665540762086,56.10030141123738,45.598919309066595,0.0074818287928546355,11.373779296875,-1.0,-0.4508209228515625,0.0,0.0,2.0,0.9716447289321211,-0.2364455978410786,0.9998636059485904,0.0165157349059015,0.9977935235485679,-0.0663934060320269,0.9987597214045906,0.049789746934731274,0.5,0.5
2024-06-12,62.607909792976784,62.85209988803234,61.274222573597,61.32118606567383,4019100,0.0,0.0,-0.008962400271391485,-0.002756812604612174,-0.012776832365899545,0.019177987067466287,0.10387593154371497,0.09655218360146438,0.10777942198886432,0.02678266627711747,0.009708440838266835,0.02530627170215396,31.09970897521455,50.69354685897907,41.07707325001627,0.009771805488941866,9.786518096923828,-1.0,-2.0380821228027344,0.0,0.0,2.0,0.9726812149461931,-0.23214489891186024,0.9999344541475612,0.011449340968754166,0.975976246722575,-0.2178769511291071,0.9999742932205321,0.007170278801915986,0.5,0.5
2024-06-13,61.227259496038165,62.03498274446224,61.114551426855016,61.621726989746094,3639700,0.0,0.0,-0.0011814671112105946,-0.005925207697039675,0.0022137924130915788,0.018788191371879252,0.10705994702994186,0.10072281614227276,0.11217095814665008,0.0262255586020552,0.01373771065038639,0.02751463183923146,27.884934631136822,46.0225674942912,46.988271661544765,0.008892725963916947,10.087059020996094,-1.0,-1.7375411987304688,0.0,0.0,2.0,0.9588242032352174,-0.2840002593138787,0.9999985446911488,0.0017060526324023126,0.9781664812571168,-0.2078228450990665,0.9999863255232985,0.005229604804545491,0.5,0.5
2024-06-14,61.67808176003723,62.21343258630221,61.49963626169728,61.51841735839844,2904100,0.0,0.0,0.002505888070850295,0.001145964824399655,-0.0006694021942313146,0.018304259106550487,0.1060839860361782,0.0995928614523076,0.10878499614018716,0.0258943596845169,0.013456212706578955,0.026852004260353404,35.401127588286556,50.69179530642042,41.98429961159682,0.007083569774648009,9.983749389648438,1.0,-0.10330963134765625,0.0,0.0,2.0,0.9692913328589748,-0.2459152537856733,0.9999923824355266,0.0039032128970304778,0.990112119998487,-0.14027825858664464,0.9999479505442513,0.01020275464526077,0.5,0.5
2024-06-17,61.20847451156225,62.269789181055806,60.96428443036018,62.26039505004883,2964900,0.0,0.0,-0.004371506549127032,0.0004527244230464857,0.005994383668846337,0.018292002716824827,0.09999168734820468,0.09545681460172634,0.100639531415937,0.022256618439304817,0.014004881938416985,0.031783660901349084,42.763509012595854,45.59523793654541,48.405723947815005,0.007319094883032878,10.725727081298828,1.0,0.6386680603027344,0.2348064365935656,0.00047925484434209524,2.0,0.9737547606831037,-0.22759979360050264,0.9999888292808096,0.004726659877329945,0.9830061732527258,-0.18357250160912447,0.9999940408004178,0.0034522983145281595,1.0,0.0
2024-06-18,61.96924157887928,62.79574596825921,61.931672220413496,62.607906341552734,4662800,0.0,0.0,0.007871599818391792,0.0042054494595610906,0.0027830224935475843,0.01787696265279272,0.08947605049625185,0.08710118527374859,0.08681045285715362,0.02918384236465648,0.0184809431141121,0.032594250283255376,49.50448389416075,51.22738107141811,54.22659198695468,0.01157474478389562,11.073238372802734,1.0,0.9861793518066406,0.0,0.0,2.0,0.984733537984772,-0.1740685473254531,0.9999337214836409,0.01151315073629107,0.9971013517003915,-0.07608478453181172,0.7610952346536127,0.6486401496882245,1.0,0.0
2024-06-20,62.39188444784685,63.24656406639744,62.335533992845534,62.63608169555664,4989800,0.0,0.0,0.0032499465043010385,0.0035767203728198174,0.00022496372437100923,0.01763148480614031,0.07389902673592179,0.07189483341089378,0.07491658610619868,0.0210307212798066,0.019183286437423338,0.011811635693401367,55.54983913518108,56.4092359861277,59.495412417614055,0.012392050533437496,11.10141372680664,1.0,1.0143547058105469,0.0,0.0,2.0,0.9917990594474996,-0.12780698603384408,0.9998553086626183,0.017010636060426226,0.9994534185720928,-0.033058495194988824,0.8561064470860041,0.5167995271454675,1.0,0.0
2024-06-21,62.8708873789437,63.67861070650951,62.673653612764525,63.00237655639648,6390800,0.0,0.0,0.00270475815734217,0.003403947568991593,0.0029154676516745808,0.017458867028017157,0.06062830938541369,0.06243279512227865,0.06091496813225209,0.01963246858715914,0.00712106889358449,0.011913127373185568,60.58153095529739,61.18408159788713,63.63294927362647,0.015964216681219542,11.467708587646477,1.0,1.3806495666503835,0.0,0.0,2.0,0.9954595043948945,-0.09518600269929954,0.9997217651466949,0.02358796922112437,0.9999948647435777,-0.003204759971317063,0.8817983937959538,0.47162653943440885,1.0,0.0
2024-06-24,63.21839025902147,64.27970495620377,63.1150763121166,63.93219375610352,6248800,0.0,0.0,0.003431265537303856,0.0045932010652608955,0.007162407999448613,0.017403125512883942,0.05200813948741297,0.054967233134782224,0.055894552760907205,0.01970452700571511,0.007403454871382579,0.012615276520713252,64.66132349820148,65.31000452589996,67.58889709762335,0.01583987269965978,12.397525787353523,1.0,2.310466766357429,0.0,0.0,2.0,0.9987995150035532,-0.04898498574733713,0.9995055020124017,0.031444418374918265,0.9964882702271111,-0.08373247458292495,0.8906518175246626,0.45468597948475953,1.0,0.0
2024-06-25,63.59407523873936,64.27970349207091,63.02115506099755,63.17143249511719,6561300,0.0,0.0,-0.0007446016905422487,-1.1388764792853613e-08,-0.005985362364742358,0.017777710712102945,0.04672953914497833,0.050554448886285665,0.053074188172294944,0.013722017051987981,0.008268834426998514,0.021820872427183308,57.63338845441154,58.21475462551097,60.59170439916161,0.016434105691776182,11.636764526367188,-1.0,-0.7607612609863352,0.0,0.0,0.10841698537178918,0.9999999999990615,-1.3700274323297544e-06,0.9995327297305119,0.030566684437006574,0.996573024289721,-0.08271763571354748,0.9332460896758434,0.3592377153150092,0.5,0.5
2024-06-26,58.616251802676615,60.80461505793157,58.25935005057939,60.269264221191406,9908900,0.0,0.0,-0.03926274058668655,-0.027781967191596205,-0.023510627784251285,0.023124375458850727,0.0751751270131314,0.06293939315283552,0.06493267770867579,0.08327874801598509,0.06191812913092766,0.05378316762797216,49.606069700872766,47.99072084942924,52.60092644219603,0.02367864193866371,8.734596252441406,-1.0,-3.6629295349121165,0.0,0.0,2.0,0.6071418311216273,-0.7945934790207364,0.9999975113597356,0.002230980577134522,0.9468979016763002,-0.32153438976417387,0.999965523184945,0.008303760681706792,0.5,0.5
2024-06-27,60.56041677599535,60.90792076692913,59.50849634187562,59.83721923828125,6436900,0.0,0.0,0.006890296113900034,0.0005513664401208712,-0.0023367585009968867,0.02329818762796378,0.0843404533083378,0.07185646888517946,0.07733932131702173,0.0885477725907709,0.060647754897565145,0.05288628612268173,57.396460121211646,57.435487813466985,44.49035166130697,0.015271567643865138,8.30255126953125,1.0,-0.43204498291015625,0.0,0.0,0.034967008613814056,0.7708007802834203,-0.6370762569068718,0.9999999084431558,0.0004279178426314116,0.9885064608607124,-0.15117862559445708,0.7364463706069935,0.6764959299358622,0.5,0.5
2024-06-28,59.6869537842771,59.95932626972608,59.24552634465815,59.414581298828125,13274300,0.0,0.0,-0.002214409173418994,-0.007848234492470694,-0.0035440801526649183,0.022646056869277436,0.09314675298351593,0.08561508039468627,0.09023188478046884,0.08704101093734568,0.058117338017359466,0.04980206611091849,47.43054159428721,47.09648529237366,36.96684692993565,0.03127088155962967,7.879913330078125,-1.0,-0.422637939453125,0.0,0.0,0.033460891565317216,0.7829001802904809,-0.6221473360074224,0.9999964606600485,0.0026605765119695275,0.9877362629835392,-0.15613159445580704,0.9400501282088568,0.341036297854806,0.5,0.5
2024-07-01,59.57425088391431,60.32562377188556,59.36762298144107,59.452152252197266,3250500,0.0,0.0,0.00025206317711616274,0.0007456949584216989,7.739812304459336e-05,0.02216617892585692,0.09932529660213461,0.09084039143729532,0.0946640810962582,0.08587325405725986,0.05666994143439125,0.04186102865842707,56.792835096654,56.58711492056642,48.05623914217343,0.007662195114050812,7.917484283447266,1.0,0.037570953369140625,0.0,0.0,0.00790255396769071,0.860826942994762,-0.5088978033105396,0.9999871940811638,0.00506079773167007,0.9913202779499342,-0.1314690325714209,0.9639183566768901,0.2661980496948159,0.003951276983845355,0.9960487230161547
2024-07-02,59.31126651165635,59.69634346544919,59.076463403665336,59.330047607421875,2949500,0.0,0.0,-0.002230570368804265,-0.004757531032881755,-0.0009327796236311097,0.021371526563436126,0.1023941896570087,0.0956445551552881,0.10107620338479414,0.08540392344845957,0.054667860827834244,0.043750331912740026,46.31624446756883,46.59603511843342,39.566272375278466,0.00693838752478092,7.795379638671875,-1.0,-0.12210464477539062,0.16906294099281638,0.0004703512456018356,2.0,0.8661097495987374,-0.49985388029904537,0.9999995274612778,0.0009721508221891204,0.9899815315173963,-0.14119690950750438,0.9882992321573683,0.1525274654518204,0.00023512032823129285,0.9997648796717687
2024-07-03,59.17977718987497,59.41458031146802,58.94497406828192,59.24552536010742,2521800,0.0,0.0,-0.0009525589681516116,-0.002022529417199202,-0.0006094499471923717,0.020439475133372895,0.10597228821196801,0.10311061316624204,0.10417654523579441,0.024384094073104743,0.01974037729479356,0.007902499678873196,37.599797578082296,38.37386114976182,32.48338176603093,0.0059238172291012645,7.710857391357422,-1.0,-0.20662689208984375,0.0,0.0,2.0,0.8723931488576645,-0.4888048627276624,0.9999982477600703,0.0018720247832281981,0.9892258680898642,-0.1463973425368596,0.9939452196494775,0.10987675066160298,0.5,0.5
2024-07-05,59.10463812729272,59.33944123328616,58.81348098604888,59.05767822265625,2671200,0.0,0.0,-0.001116633894121444,-0.0006327287042952526,-0.0015878448914509403,0.01967601538932756,0.10966802881929362,0.10894858277297444,0.10860182941014367,0.006161719043819852,0.018751698603349885,0.006383050278768246,30.481990072650404,31.640779421593756,26.64750803896688,0.006254869173870908,7.52301025390625,-1.0,-0.3944740295410156,0.0,0.0,2.0,0.8910486284591743,-0.45390785598073125,0.9999987885632642,0.0015565577419474018,0.989245967625541,-0.14626146292379016,0.9971105240395434,0.07596448413296336,0.5,0.5
2024-07-08,59.26430115476624,59.48032316017896,58.69138459889777,58.700775146484375,2932800,0.0,0.0,-0.0010390751612140206,0.0011856775479395837,-0.0030308064173794913,0.01934167178978699,0.11218850464151682,0.11283734369052947,0.1130986782079788,0.005592271170523967,0.014308896618719915,0.005507888220103614,43.39944945728783,26.18399755175212,21.84166704425631,0.006825928565111338,7.166107177734375,-1.0,-0.7513771057128906,0.06574284871093994,8.416478894129106e-05,2.0,0.9160039359322675,-0.40116927768286836,0.9999976075977058,0.002187418310397311,0.9898476669101628,-0.14213231973237964,0.9987178168700296,0.05062333717132789,4.20806236172429e-05,0.9999579193763828
2024-07-09,58.66320825290121,59.24552254642085,58.34387587938793,58.87922668457031,3826100,0.0,0.0,-0.0029692651435958926,-0.0019776705936326603,0.001517703140899303,0.018999511125056382,0.11259825462544801,0.11520304707276656,0.1143360644895551,0.004061125229305686,0.010602563333496733,0.007377960412948097,35.49818974677476,21.692339731869165,35.49321465360949,0.008932106018807603,7.3445587158203125,-1.0,-0.5729255676269531,0.0,0.0,2.0,0.9208351645576771,-0.3899520479674851,0.9999993607001564,0.0011307516431521742,0.9878306252828759,-0.1555334554147194,0.9999605048378799,0.008887562341410605,0.5,0.5
2024-07-10,59.068888315315654,59.609412441475094,59.00250841332649,59.41975402832031,3106100,0.6,0.0,0.004556512686278656,0.00248548927699238,0.003709332654808451,0.018359671793890767,0.11291277981093571,0.11621089179185834,0.1138982904899237,0.014800208468604156,0.010144132750405686,0.013281949825277707,46.6545557923945,34.40027005699884,46.03693920108601,0.0073178202654317565,7.8850860595703125,1.0,0.54052734375,0.12908928129613173,0.0002680201774551214,0.8901002638120149,0.9408731951447511,-0.33875895657252675,0.999999904577881,0.0004368572179547179,0.9939057719079576,-0.11023301033740707,0.8730502145362673,0.4876303137605144,0.445184141994735,0.554815858005265
2024-07-11,59.381819627379144,60.45338655088795,59.12578132083634,59.903377532958984,3377200,0.0,0.0,0.0010435511069132137,0.007029438897776642,0.004053057427430182,0.018493661000710204,0.11081333818434551,0.11426851293942833,0.11082033125682599,0.014708234508380906,0.015729606618785003,0.015036378307758702,55.12757730772582,44.21165629717094,54.17955739466257,0.008021277582693657,8.368709564208984,1.0,1.0241508483886719,0.0,0.0,2.0,0.9669344970279066,-0.2550248585087137,0.999981121832891,0.006144589313592415,0.995513582733435,-0.09461874335056568,0.9514868337688963,0.307689462225213,1.0,0.0
2024-07-12,60.23528520430477,60.73788056290346,59.72320855249487,59.77062225341797,3367700,0.0,0.0,0.0050126356205607465,0.0023408760587591048,-0.0011061871557401244,0.01842340561871257,0.1102333690785798,0.1123581235931232,0.11158097585838561,0.01672975707580126,0.014575139049232811,0.01463304124288354,61.45455529644055,51.5643538332394,46.89231724461562,0.007980987475477852,8.235954284667969,1.0,0.8913955688476562,0.0,0.0,2.0,0.9754575267406592,-0.22018767795904517,0.999998457013406,0.001756693145450334,0.9981757635433791,-0.06037503684961195,0.9344937198706478,0.3559796167230917,1.0,0.0
2024-07-15,59.90337642077042,60.05510603732677,59.49561573729129,59.60940933227539,3720000,0.0,0.0,-0.0019090342197165709,-0.005652435168577813,-0.0013504178127717807,0.01782413919787699,0.11001369974695005,0.11310972655948959,0.1119133666751217,0.017472985046010275,0.02185594890284717,0.012422834514531106,54.60376808356793,46.2962609987873,42.34355663359367,0.008792112034867492,8.07474136352539,-1.0,-0.16121292114257812,0.0,0.0,0.032708358787529354,0.8609724802758897,-0.5086515390791447,0.999993716484898,0.0035449951652307527,0.9975170931868813,-0.07042477405000844,0.9703379155881179,0.24175262061062872,0.5,0.5
2024-07-16,59.410266778871865,59.78009865785498,59.068882392908066,59.6473388671875,3960500,0.0,0.0,-0.0035991662859704743,-0.0022948797072723003,0.0003180493807249408,0.01739215369096061,0.10926323771267095,0.11373301928011653,0.11197602307431777,0.018280286646202286,0.022077341352016475,0.012661105609823977,51.63215669366768,44.36062586069945,44.75187931453231,0.009366482918709043,8.1126708984375,-1.0,-0.12328338623046875,0.0,0.0,0.01912793853615656,0.9190422576870064,-0.39415901434011397,0.9999986064245094,0.0016694756779161038,0.9960328935594357,-0.08898581318175343,0.9916735133834751,0.12877749358360163,0.5,0.5
2024-07-17,60.24476653236565,62.26462564370654,60.14045421981439,61.96116638183594,4090500,0.0,0.0,0.008988992451049003,0.020357512379744633,0.019026855974508563,0.01856396700859802,0.10838652164967123,0.11372067063041567,0.11100891909578475,0.022969215797730952,0.04537205500714887,0.03833993237598534,55.60413870866177,47.08316142385802,49.22866672611878,0.010049198773928535,10.426498413085938,1.0,2.3138275146484375,2.2095196063797644,0.04490748736807619,2.0,0.9913749722956038,-0.13105595868136183,0.8820407179472619,0.47117318671914976,0.9990665944724488,-0.04319652542998626,0.6644361115205004,0.7473450700362698,1.0,0.0
2024-07-18,61.34477734290862,63.35514406920015,61.306844939694386,62.13185119628906,2989000,0.0,0.0,0.007017876359896972,0.006343435568015237,0.0010050717284802292,0.019545398136618264,0.10620594472684568,0.11591908647495554,0.10917136428763012,0.0273228365273895,0.045974609103710595,0.03875880078982562,60.975940499169994,51.48045279625247,54.870035108807556,0.007363353721998305,10.597183227539062,1.0,2.4845123291015625,0.0,0.0,2.0,0.9985215326509974,-0.05435760142154017,0.8365489731923209,0.5478921567707222,0.9988272602573273,-0.048415949508829215,0.6659978066613053,0.7459536993154003,1.0,0.0
2024-07-19,62.17927741145317,62.321522135155696,60.842194372330546,61.050811767578125,2361300,0.0,0.0,-0.003005118957543127,-0.0064972909806603535,-0.006932936108111705,0.02020146387044955,0.10070517111138014,0.11278335798330141,0.10447074479947836,0.030568808583575063,0.052992670691353355,0.04585249599324439,52.87124206740169,46.378388961616835,48.36390895094469,0.00571581370283516,9.516143798828125,-1.0,-1.0810394287109375,0.0,0.0,0.18932185716320846,0.7138829494695509,-0.7002650458623896,0.9576731761242974,0.28785775607407293,0.9999861316863851,-0.005266539176703456,0.8721460998752677,0.4892455216681697,0.5,0.5
2024-07-22,61.15511762759361,61.809438946640086,60.89908293984775,61.259429931640625,2778300,0.0,0.0,0.0004672907067610888,-0.004125346199311023,0.001705647549740984,0.01975609657402487,0.09245659234044411,0.1060140021767773,0.09749170658526571,0.029454430090747028,0.05188375274132595,0.0450973946993732,45.60698390772701,52.39815686595001,54.84695800330906,0.006748193778768463,9.724761962890625,-1.0,-0.8724212646484375,0.0,0.0,0.12330201470943479,0.8054464066864625,-0.592668613945319,0.9858498329862316,0.1676308647028324,0.9999963576282654,-0.002699023935118727,0.9167859062316948,0.3993790206494705,0.5,0.5
2024-07-23,61.22149735383625,61.29736216290431,60.273212562518005,60.68097686767578,2662100,0.0,0.0,-0.00494910067023867,-0.003985641814458504,-0.00454533307114256,0.019725366810376104,0.07710765728960946,0.09290406568204464,0.07999008513761693,0.03114879664987299,0.052936941768114705,0.04752235058497999,39.40300402834178,46.33262208361176,47.92672989343647,0.006404900453796622,9.146308898925781,-1.0,-1.4508743286132812,0.0,0.0,0.34101798232775377,0.8439566416380572,-0.5364113971897054,0.9972687403553891,0.07385837467732075,0.9996442362570902,-0.026672099991916033,0.9759865612402496,0.21783074227122415,0.5,0.5
2024-07-24,60.93701872296753,62.511173811091375,60.3870096774744,62.12237930297851,3621600,0.0,0.0,0.0009431203825404562,0.009803941534709797,0.011737484057843462,0.02033379595093398,0.057680480945269834,0.08053136289328615,0.07190125690204659,0.02585192601514073,0.036923833363389495,0.03476841643614146,47.80754918580599,52.65270127230414,55.0109339411977,0.008920393604203004,10.587711334228509,1.0,1.4414024353027273,0.7017348644512893,0.004392804992212886,0.9869858126885593,0.9848270957690866,-0.17353844369195637,0.9832930447341868,0.18202963543712497,0.999814103540536,-0.0192810363163982,0.9955142019509884,0.09461222814143393,0.4956893088403861,0.5043106911596139
2024-07-25,62.23616880880399,63.77239871321336,62.084446417862374,62.42583084106445,4020700,0.0,0.0,0.013859855957510762,0.009987244396964228,0.0024364182972601185,0.02072098000470116,0.06557590003424246,0.09242708656810988,0.07975354341726833,0.033647757132127476,0.03845039134175048,0.03500259434356716,55.56099541244775,59.12059769075576,61.40114353719945,0.009951795802735123,10.891162872314453,1.0,1.7448539733886719,0.0,0.0,1.4463006472822368,0.9998378626428751,-0.018006899392374577,0.9978827358706709,0.06503879958351624,0.9998963725264501,-0.014395978898514471,0.8164205142224745,0.5774578287257957,0.7231503236411184,0.2768496763588816
2024-07-26,62.20772262479032,63.19394350874621,62.20772262479032,62.8904914855957,2548100,0.0,0.0,0.0006285651436666145,-0.002887326671385822,0.0023498657283191646,0.020218861579510587,0.07512154452751243,0.09864734129127638,0.08871945285335733,0.03132559013190334,0.034734044664801525,0.026344667610400357,47.42018673962101,65.07559166992971,66.93153892911126,0.00635384932513026,11.355823516845703,1.0,2.209514617919922,0.0,0.0,2.0,0.9997846838135588,-0.020750566542200994,0.9824721459042868,0.18640944858623942,0.9999382572344686,-0.01111223284915243,0.8950894827893336,0.44588655261167415,1.0,0.0
2024-07-29,62.748238931947945,63.78187700461877,62.16978245459931,63.516357421875,3135600,0.0,0.0,-0.00030504045057662947,0.004630279162564486,0.004951202736945276,0.02040257157212861,0.08177041879598933,0.10547417788707525,0.09864449964944624,0.03157866230698954,0.03209640386284523,0.02636624183089747,54.91588058762814,55.863309367536175,71.77984651569203,0.007896628281002495,11.981689453125,1.0,2.8353805541992188,0.0,0.0,2.0,0.9998811375324034,-0.015417872969609786,0.9989747398971289,0.045271061921096034,0.9999375086335799,-0.011179392991991475,0.943130976846385,0.33242135989250665,1.0,0.0
2024-07-30,63.01376151417279,64.61637123113171,63.01376151417279,64.5310287475586,3530800,0.0,0.0,0.006741932947544777,0.006499264888573345,0.007924186162933231,0.020421262500645253,0.09226760019038596,0.11589545384335971,0.11262573839357401,0.026521975443058544,0.026578735217623932,0.01666819509395147,61.42929951802632,62.514790154388905,76.28861600205586,0.009033939166632681,12.996360778808594,1.0,3.8500518798828125,0.0,0.0,2.0,0.9999752119630162,-0.007040984272158246,0.9937856285054013,0.11131093646234612,0.9994404565117689,-0.033448077486559806,0.9318399048357235,0.36286966221461636,1.0,0.0
2024-07-31,64.1896485556749,64.66379278850485,63.64912441964344,63.668087005615234,6477100,0.0,0.0,0.005016172660100603,0.0003668123237060437,-0.0067312612639607505,0.02035796136502929,0.10345410183420647,0.1221058234598426,0.11721846526182153,0.025041527870352517,0.025200499937567494,0.024708745406631174,67.11549648278083,68.52407356970596,64.27223124298031,0.01635075678289945,12.133419036865234,1.0,2.987110137939453,0.0,0.0,2.0,0.999981273091481,-0.006119923720195141,0.9945355293168792,0.10439866343203384,0.9996992265840166,-0.02452460738358925,0.9264845452546909,0.37633281467898666,1.0,0.0
2024-08-01,63.535318110922624,64.36980923678306,63.00427896127197,64.17066955566406,4512500,0.0,0.0,-0.0035471160199519974,-0.0015872919884810353,0.002738933453372803,0.020275743155416373,0.10721295848437837,0.12324917139758547,0.12194404831178986,0.02083293028653215,0.02066603050925842,0.024882596377170364,57.3736643137473,57.63980663247135,69.77266982947953,0.011481251776365043,12.636001586914062,-1.0,0.5025825500488281,0.009482552900820451,5.631592279271051e-07,0.11999280844811247,0.9999400635918442,-0.010948480439701187,0.9974216196198855,0.07176428578927276,0.9994797646494904,-0.03225213258374249,0.9637960453426014,0.26664055014562615,0.0599966858036702,0.9400033141963298
2024-08-02,64.89137453190632,65.83017800811787,64.1327409292939,65.69741821289062,5271500,0.0,0.0,0.00887595107226253,0.011216351109066694,0.011756149516480663,0.020235456264479788,0.11469162590976914,0.12923012854786062,0.13223289742702757,0.025395001630497377,0.023590942970193544,0.030900407411017364,63.52341450164962,64.51719618268268,74.56093679194056,0.013731499612178084,14.162750244140625,1.0,1.5267486572265625,0.0,0.0,1.1073260081279752,0.9997947105336784,-0.020261707452192385,0.9888120333032345,0.14916689577356937,0.9998730688720262,-0.015932549841012854,0.7974726670910326,0.6033550739346734,0.5536630040639876,0.4463369959360124
2024-08-05,66.38968017324565,67.16727645692532,64.1137863172741,64.74913787841797,3922900,0.0,0.0,-0.00010998724205405142,0.007481575843007897,-0.00540974947037333,0.022433739587839535,0.11826953216049028,0.1404283412100292,0.13130274313230073,0.025292948896917567,0.026526618938272118,0.03848075181885421,68.82722708949186,54.7216054819831,63.83773326135661,0.010071094775142236,13.214469909667969,1.0,0.5784683227539062,0.0,0.0,0.15896428848239935,0.999997878818933,-0.00205969843295289,0.9821519264781515,0.1880893227040164,0.9998981319482596,-0.014273252130502267,0.9483722055195323,0.31715951790545077,0.07948214424119968,0.9205178557588003
2024-08-06,64.74913584705116,65.77328913533779,64.36981901047831,64.417236328125,3475500,0.0,0.0,0.0017654595244740222,-0.009289906800591908,-0.002276511599531974,0.022494887738745313,0.1183385092988958,0.13773813256185907,0.1270259093907808,0.0235794358584351,0.04040033230629855,0.035936142825960096,58.71950599978581,61.553101227889634,54.63550839488061,0.00887676732676031,12.882568359375,1.0,0.2465667724609375,0.0,0.0,0.02888081919463279,0.7482260591282324,-0.663443866835345,0.9930730471549086,0.11749860856395151,0.9999293831529475,-0.0118839685023874,0.9605494477118489,0.27810925640917095,0.014440409597316396,0.9855595904026836
2024-08-07,64.31292165796373,65.6594895052768,64.16119926982046,65.28965759277344,2905300,0.0,0.0,-0.0013568165871111872,-0.0007237871226436103,0.005622595937361297,0.022248164652044152,0.11786684411748623,0.13344452229583847,0.1266972323975799,0.023251500471383284,0.04068928240342503,0.03367053030864583,49.96492822416824,52.17051908630903,61.38325257470462,0.007520917595653504,13.754989624023438,-1.0,0.8724212646484375,0.0,0.0,0.36157041886116353,0.8973412265438578,-0.44133742549750393,0.9942841686668428,0.10676606173539165,0.9998968639791201,-0.014361803672272591,0.9826599055779375,0.18541712426191678,0.18078520943058177,0.8192147905694183
2024-08-08,64.80602713921468,66.21898209388199,64.63534216911508,65.46983337402344,2441000,0.0,0.0,0.003093013711145822,0.0035644885830557914,0.0011577105419277333,0.022329930495769576,0.11769623599004402,0.1330318236267438,0.1268202786368639,0.018207676168942245,0.03971766189377071,0.03352042192372087,57.35762965001413,59.3900323951681,66.90116001978352,0.006336427501275661,13.935165405273438,1.0,0.18017578125,0.0,0.0,0.015421734950728318,0.9795850449526403,-0.20103019600332106,0.9924053225862144,0.12301087635876648,0.9999618083785252,-0.008739667290555858,0.9783005672791841,0.20719073353127182,0.007710867475364159,0.9922891325246358
2024-08-09,65.27068795799309,65.63103492142363,64.9198186688271,65.54569244384766,1999400,0.0,0.0,0.0017985544328045805,-0.0036524983152930336,0.00047426017508509925,0.021485987530255685,0.11918949939846177,0.12944446163994083,0.1238990016891997,0.009370612463010634,0.03529981284120599,0.023093122274485383,49.5594664759956,65.39446824212533,71.37090254184005,0.005196121514982074,14.011024475097656,1.0,0.25603485107421875,0.0,0.0,0.03114143182320995,0.9331408994074175,-0.35951086472193833,0.9956841410175258,0.0928067418143305,0.9999848068993287,-0.005512347096495374,0.9788102581497882,0.2047693300783717,0.015570715911604974,0.984429284088395
2024-08-12,65.85863049165673,65.90604780848724,62.587038206620974,64.76810455322266,2099200,0.0,0.0,-0.018295333438301673,0.002090763162417877,-0.005967041929124984,0.02385112554097926,0.11146550359626461,0.12046285885607674,0.11444160450475463,0.04066508443809946,0.025980591074104584,0.021175517919408797,55.310382512160636,57.11415594381689,63.6176490796621,0.00539076575016033,13.233436584472656,1.0,-0.5215530395507812,2.048303962494103,0.023957612115434353,2.0,0.9957413757933401,-0.0921906314827399,0.996081355635916,0.08844169239965859,0.9993785923724355,-0.035248107859702775,0.9952520324530392,0.09733135105450168,0.011837012777354525,0.9881629872226455
2024-08-13,64.83448521250855,65.75431894990108,64.69224049522374,65.6215591430664,2583800,0.0,0.0,0.01654002371850538,-0.0011524262184732287,0.006545415991191329,0.023015494598931284,0.10356767953824579,0.10498508115140627,0.10463157451269389,0.05604357123579037,0.014887687432506076,0.02332065984729511,49.71726255638743,61.6173655860001,67.29810901331281,0.006722656078471405,14.086891174316406,1.0,0.33190155029296875,0.12328402847744258,7.659198324506246e-05,0.40496883288011426,0.9954275958271014,-0.09551911570924916,0.9966079519861734,0.0822957473866367,0.999972973833803,-0.0073519794600091235,0.6084632551378446,0.7935820481506989,0.20252271243167966,0.7974772875683204
2024-08-14,65.63104069044927,67.40434264068311,65.63104069044927,66.75950622558594,3857200,0.0,0.0,0.007203626141732928,0.012391410900894113,0.008595995804615994,0.022914711786134915,0.1038936307943231,0.10857381062499392,0.11017580893172776,0.05714161078944736,0.02852650748520553,0.02547514733746725,55.26716950474997,65.93440153974875,70.67363412921299,0.010209882148934578,15.224838256835938,1.0,1.4698486328125,0.0,0.0,2.0,0.999991107875292,-0.004217128210769575,0.9836951440991998,0.17984399760807845,0.9999998564514663,-0.0005358143772556352,0.7289958029782392,0.6845181657488079,1.0,0.0
2024-08-15,67.10089368503118,67.1198562709547,65.13793685550718,65.19483184814453,3912400,0.0,0.0,-0.003770801333739859,-0.0021147598129558636,-0.011857695626248626,0.02396004162707008,0.10491798221788978,0.11231487501313794,0.10846102731337637,0.05815285919645254,0.029537222036166447,0.0382369186310793,49.538611420165914,58.68838398474179,64.18177967278984,0.010113276355797474,13.660163879394531,-1.0,-1.5646743774414062,0.0,0.0,1.1331899547042599,0.9861581916098477,-0.16580718054654603,0.9943782113383501,0.10588660356977865,0.9999965941792095,-0.002609909956556503,0.8935189455632825,0.4490254936186584,0.5,0.5
2024-08-16,65.19483802871385,65.61208730725521,65.06207821006295,65.46035766601562,2320900,0.0,0.0,-0.00034562665429628753,-0.006738644164558378,0.0012055723236181176,0.022758518443411,0.1020063388960472,0.10688860201430726,0.10079262886165483,0.058078792193862236,0.03826092310587434,0.038536235415031254,44.91863234000242,52.77305285248945,67.26397209369357,0.006023796025845972,13.925689697265625,-1.0,-1.2991485595703125,0.0,0.0,0.7812182976236459,0.8745556756918272,-0.4849251180493866,0.997796211746678,0.06635299408450691,0.9999941411132032,-0.003423118354219658,0.9338938967036068,0.3575502617811277,0.5,0.5
2024-08-19,65.57415161142283,66.38968030505568,65.48880188378504,66.20950317382812,4181200,0.0,0.0,0.00326863881281642,0.005890777160532111,0.005689574691080755,0.021896373859180047,0.09899504664480833,0.09835055639660305,0.09420701857531692,0.03521785295357767,0.04002759858322561,0.03671750571517173,49.95263593743224,57.6305503273665,70.34114385744144,0.010976319143356922,14.674835205078125,1.0,0.7491455078125,0.0,0.0,0.3325176687469017,0.9775195829610034,-0.21084464642894307,0.9998790998741186,0.015549457705087016,0.9999986106044617,-0.001666970049550883,0.9649088731396872,0.2625849701264318,0.16625883437345085,0.8337411656265492
2024-08-20,66.2095040278939,66.52244097515727,65.85863467173189,66.33277893066406,2962100,0.0,0.0,0.0019947229505397155,0.0007076257379971054,0.0006589037935569581,0.021009361614457437,0.09051435014761418,0.0825145248864151,0.0794579012617593,0.018587521362423826,0.039751727341139444,0.035076326493270436,54.34762661150187,62.359576350826764,72.97348902548816,0.007790464685793558,14.798110961914062,1.0,0.8724212646484375,0.0,0.0,0.45095670964697826,0.9899452883951857,-0.14145078997366084,0.9996979624308988,0.024576084137006578,0.9999931997048407,-0.003687891548656958,0.9682644736562313,0.249927807686983,0.22547835482348913,0.7745216451765109
2024-08-21,66.50346352252295,67.20520215432795,66.3612260490577,66.97760772705078,2963900,0.0,0.0,0.003801179146506157,0.005105609903777201,0.00483704842925982,0.02025127211582441,0.08093961680302245,0.07456206708064124,0.07523034725808264,0.0144046920319769,0.03121309073602595,0.03168996208255287,57.94756703568453,66.66091365033375,75.54592141838589,0.00787097682194142,15.442939758300781,1.0,1.5172500610351562,0.0,0.0,1.3639444877920088,0.9996513040103002,-0.026405877953710317,0.997369481157687,0.07248529544153319,0.9999968581187197,-0.002506741448382313,0.9611432396789363,0.27605012736725687,0.6819722438960044,0.3180277561039956
2024-08-22,67.28106833698418,67.32848565745044,66.68364916739284,67.01554870605469,1823600,0.0,0.0,0.001491056362360592,0.000563819323389837,0.00017421757003145615,0.019481405775743376,0.08185786121367986,0.07278080730257488,0.07022300227844877,0.007672146953286843,0.030917233837320608,0.0107027648458797,61.63622440795362,70.91977248490917,78.2246589263064,0.004845522522481583,15.480880737304688,1.0,1.5551910400390625,0.0,0.0,1.4330121039659924,0.9999610607208976,-0.008824796991282531,0.9970143857474588,0.07721602562044581,0.9999984060047602,-0.0017854937520724343,0.962216248717989,0.27228641299756606,0.7165060519829962,0.2834939480170038
2024-08-23,67.03451466727932,67.25261696518076,66.67416041617223,67.16727447509766,1957300,0.0,0.0,-7.115257254334088e-05,-0.0005637395651484396,0.001130739132222108,0.018664168733224358,0.08085711064764285,0.06472222855336751,0.06638711228120324,0.006703185761582126,0.01273389709494831,0.011149476406147338,55.9175204565143,61.35630177209622,80.76378233964527,0.005212554119466323,15.632606506347656,-1.0,0.15172576904296875,0.0,0.0,0.01363958204841092,0.9998510806774451,-0.017257359825454326,0.9972122366553983,0.074617391168131,0.9999978834634827,-0.002057442236061196,0.9685867522037438,0.2486759004314719,0.00681979102420546,0.9931802089757945
2024-08-26,67.06295032543282,67.85950903172726,67.01553301606812,67.31898498535156,1839300,0.0,0.0,0.0023995284697953304,0.004220970407258985,0.001060066058323468,0.018187454308968815,0.07877971886202137,0.06088052420201169,0.06499859587417356,0.006411425495547232,0.011050637200183457,0.008088693759868437,60.557260231600985,66.8767296402796,82.97977047896737,0.004909367974603391,15.784317016601562,1.0,0.15171051025390625,0.0,0.0,0.013636838769647056,0.999999801575785,-0.0006299590387853494,0.9989068881470144,0.04674429176325182,0.9999994238898351,-0.0010734151098246273,0.9659670661644598,0.2586650867156718,0.006818419384823528,0.9931815806151765
2024-08-27,67.44227568510884,67.70779528768986,67.08192145172039,67.35692596435547,1930200,0.0,0.0,0.0004950760319482323,-0.0011191027571067855,0.0002817206041997727,0.01754254467656772,0.07942006956327287,0.05946586502339352,0.06698832920720499,0.007126375798630247,0.012856248091707758,0.008476605856815669,53.92687778536251,71.67093538565058,85.04115398655668,0.005154897391957599,15.822257995605469,1.0,0.1896514892578125,0.0,0.0,0.021310560993456577,0.9999975723141943,-0.002203489441256729,0.99957309172003,0.029217020882708163,0.9999995822518452,-0.0009140547769057598,0.9701092942405293,0.24266841003340783,0.010655280496728288,0.9893447195032717
2024-08-28,67.31898825646117,68.25779893646764,66.93967146770899,67.85951232910156,2687800,0.0,0.0,-0.0010613960102452843,0.004045167837615009,0.0037169028491590827,0.017556315325347575,0.08043632285480305,0.05932987468099608,0.06554322248185862,0.007072415476549442,0.011591708163176001,0.006312782274023136,59.58407413547457,61.26023488593001,87.00348627336456,0.00723174558406147,16.324844360351562,1.0,0.6922378540039062,0.0758615483591285,2.159460707376092e-05,0.2839180845933368,0.9999634209098425,-0.008553177321047477,0.997182659432662,0.07501162394458286,0.9999990359543911,-0.0013885569085681974,0.9792668197986606,0.20257466683032618,0.14196983960020526,0.8580301603997947
2024-08-29,67.91641784974134,67.9448653441783,67.06295684230072,67.66986083984375,3121600,0.0,0.0,0.0009200220633472599,-0.002297558523851926,-0.0013993386438923524,0.017278875548221526,0.07718987169831154,0.05339804543483654,0.0639498719608429,0.005972769726056062,0.014006480253329335,0.008271601864654867,52.41571249629791,66.91913699831716,75.32962060452147,0.008375446920401623,16.13519287109375,1.0,0.5025863647460938,0.018964609419668932,1.381463717930124e-06,0.14965932137573085,0.9999414312815815,-0.01082284650829815,0.999083197536283,0.04281079771128435,0.9999995261557751,-0.0009734927966419197,0.9942706012655069,0.10689233582969072,0.07483035141972438,0.9251696485802756
2024-08-30,67.56555221290961,68.68453287579527,67.56555221290961,68.55177307128906,3645800,0.0,0.0,0.0037332016386126344,0.005413677738857544,0.006474098174601601,0.017004196016863427,0.07983915150116637,0.057726664218208365,0.07118077713052187,0.00832354837145021,0.015840803986446193,0.013825031509890702,58.4750200374654,70.51544654574144,78.61386164688543,0.009909391525480885,17.017105102539062,1.0,1.3844985961914062,0.0,0.0,1.135709888605099,0.9999830832434844,-0.0058166336359220215,0.9942394305450111,0.10718187696402845,0.9999999327857879,-0.0003666448139304746,0.9534628474188735,0.30151052816094814,0.5678549443025495,0.43214505569745054
2024-09-03,68.56126157707106,69.0828159121635,67.8310753791277,68.87419128417969,4443300,0.0,0.0,0.001961076660034209,0.0028909828045049655,0.002346122979036564,0.01701385988096812,0.08209483285215866,0.0647403047069946,0.07548538465069929,0.007964043595092537,0.014933264745263006,0.013636515901277162,63.91527906393493,73.72962397202075,81.65809036269928,0.012133821570281682,17.339523315429688,1.0,1.7069168090820312,0.0,0.0,1.7262634609339162,0.9999975687324463,-0.002205114327308556,0.9918187206817873,0.12765431957103004,0.9999993846453488,-0.0011093732121399379,0.958823193829305,0.2840036671857796,0.8631317304669581,0.13686826953304188
2024-09-04,68.8931615881473,69.95524008733149,68.84574426877636,69.77507019042969,2895200,0.0,0.0,0.004837293221010766,0.004088527639373279,0.004233716673291175,0.01673039391634128,0.08898639558050615,0.0735153264262645,0.08125448851676459,0.014351191587922007,0.015060976710968645,0.014698624773465136,69.59986548449488,77.15473004856804,84.70726785069859,0.008009664170202232,18.240402221679688,1.0,2.6077957153320312,0.0,0.0,2.0,0.9999930073493809,-0.0037396861286901366,0.9822836492085966,0.1874001934295769,0.9999063901462643,-0.013682505058164526,0.8948065435459085,0.44645408456797014,1.0,0.0
2024-09-05,70.0500707602015,70.96042680861994,69.96472103713931,70.65697479248047,4468600,0.0,0.0,0.008061184478395867,0.007133250286716931,0.006279938472434154,0.016539762295213752,0.09931818834521641,0.08561625130870042,0.0933748348519654,0.014326769315760511,0.01700179108388151,0.015722361836968762,75.25741097582225,80.67049576112387,87.40166897388806,0.012518779077431156,19.12230682373047,1.0,3.4897003173828125,0.0,0.0,2.0,0.999892596496645,-0.01465590226487066,0.966885366235325,0.2552110666879115,0.9999458766863887,-0.010404023158836831,0.829384255774137,0.5586785804682161,1.0,0.0
2024-09-06,70.74231601879096,71.63370946555443,70.58110872071954,71.17852783203125,4057800,0.0,0.0,0.003982494136020168,0.004287606467450231,0.0033391250630747243,0.016302112466853674,0.11130947759017563,0.09979517790970316,0.105308094675429,0.011489314714233702,0.0072323259267621405,0.008611712743654576,80.01060587597507,83.93488781240599,89.69801244801553,0.011451835325712048,19.64385986328125,1.0,4.011253356933594,0.0,0.0,2.0,0.9999321153960458,-0.011651806709222895,0.9622121187739497,0.2723010071309809,0.9999695166347913,-0.007808060013982077,0.8385403424359055,0.544839512248767,1.0,0.0
2024-09-09,71.17852052647811,71.55783730967103,70.66644395439755,71.26387023925781,3637400,0.0,0.0,0.0005415616153590546,-0.00047496922260510156,0.0005370639934172785,0.016013001157221547,0.12064658232804643,0.10705216970488178,0.11398300661767537,0.014640524873298607,0.013640919863005266,0.011351223036479592,64.68343139439945,86.73613093483748,91.60012741614595,0.01027769965666203,19.729202270507812,1.0,4.096595764160156,0.0,0.0,2.0,0.9999289936089013,-0.011916700058736709,0.9672711454199591,0.2537450122425273,0.9999718312262822,-0.007505781368771964,0.8681656488225157,0.49627452705592334,1.0,0.0
2024-09-10,71.26387834466156,71.97509468096584,70.80869670608548,70.9604263305664,3270800,0.0,0.0,0.000904156207302451,0.0026140590144839754,-0.0019185254120940689,0.016106892731067524,0.11477336346988337,0.11432955758475531,0.11454262672756946,0.015560759102093294,0.013633846274654197,0.016668363984462496,71.33252050713433,89.05595338692392,75.42302202472018,0.009202496487406292,19.425758361816406,1.0,3.79315185546875,0.0,0.0,2.0,0.9999498671654287,-0.010013149147072617,0.9672245132461853,0.25392270669571865,0.9999773891834793,-0.006724665180683289,0.8944269196423945,0.44721413821458905,1.0,0.0
2024-09-11,70.67593483981702,70.79921696482715,68.79832781828652,69.33885192871094,3739100,0.0,0.0,-0.014400198662267166,-0.008235919351205883,-0.011557966811908682,0.01753343360137232,0.10999454003088763,0.11263406726017154,0.11109632447399505,0.038273133295892714,0.02669774109415912,0.030781762150692928,58.813914248656495,74.66942560648499,63.14083016186275,0.010279670212219762,17.804183959960938,-1.0,-1.6215744018554688,1.868116136111027,0.01100939864484888,0.18275669712563752,0.669343239855533,-0.742953314320421,0.9860727953046595,0.1663142879011155,0.9999245914092657,-0.012280533172993366,0.9815236399611829,0.1913409109347768,0.056817982532348585,0.9431820174676514
2024-09-12,69.03540313723882,69.34833283215056,68.34314937453473,69.23454284667969,3810300,0.0,0.0,-0.003319042882349947,-0.01035254726021532,-0.0007527352721662148,0.017342612102271178,0.10708680341754472,0.11174689603830215,0.11024280644105285,0.032521242285551165,0.02996981791022148,0.025682517491925197,49.39225606951315,63.383774408048716,53.66934559353943,0.0104596572833329,17.699874877929688,-1.0,-1.7258834838867188,0.0,0.0,0.20702485357300607,0.6369326357034569,-0.7709194624445848,0.9960121040718122,0.08921820746036942,0.999999219268559,-0.0012495848400857906,0.9917391784227052,0.12827081500270304,0.5,0.5
2024-09-13,69.27247172505936,70.06903052225002,68.95004990129186,69.8983383178711,3010300,0.0,0.0,0.003492360736974908,0.00408401071466171,0.003769251482573284,0.017094400128828374,0.10217876462706685,0.11085081846928628,0.10360099995692396,0.03255730898214252,0.03050276346177675,0.026960020075660295,56.75081118198752,68.5628381167943,60.13680868546702,0.008342804855928905,18.363670349121094,1.0,0.6637954711914062,0.0,0.0,0.14792637837052844,0.8704940556784063,-0.4921789298909083,0.9936849485623336,0.1122061629353418,0.9999387559145977,-0.01106726795404664,0.8798757989474784,0.4752037230773098,0.07396318918526422,0.9260368108147358
2024-09-16,70.73282717892779,71.58628817257616,70.69490201020228,70.77075958251953,3324600,0.0,0.0,0.012494917181226107,0.01071091198202613,0.006201939712915546,0.017381333035595664,0.10083256866930083,0.10690500917518184,0.09877252084899835,0.04444622920918952,0.04030598710829909,0.03142720630440436,62.88766720104342,73.0353222347263,65.42967259759507,0.009328862944250211,19.23609161376953,1.0,1.5362167358398438,0.0,0.0,0.7922861038062291,0.9966471003224089,-0.0818202751091335,0.9873562642061363,0.15851689983374742,0.9999835718791626,-0.00573201289177351,0.7095386042475106,0.7046665658894955,0.39614305190311455,0.6038569480968854
2024-09-17,70.48628415054198,71.36819272253025,70.36300201835924,70.64749145507812,4513600,0.0,0.0,-0.0023529343791741128,-0.0015256286384330733,-0.0008716564272077867,0.01718427464243804,0.09775403102257568,0.10360471936461309,0.09518159945310325,0.044588865067393874,0.0396997321468192,0.031239037934943675,54.61405161886131,63.0163552411317,57.466853580117984,0.012643149390899012,19.112823486328125,-1.0,-0.12326812744140625,0.0,0.0,0.006438676617551262,0.9950151738350476,-0.09972363730836388,0.9900263710352658,0.1408821658505508,0.9999791072590895,-0.006464135310656481,0.8740191625958166,0.4858914522970203,0.5,0.5
2024-09-18,68.51383327378113,71.7475000193693,68.46641596234426,71.13111114501953,8032700,0.0,0.0,-0.0136612692295418,0.002650354336215962,0.003411090820985939,0.019143141243662478,0.09133573349339072,0.10008425274580476,0.09186296494777946,0.043457828909354186,0.03529438425817561,0.014426933737946627,60.32606052342697,55.07728295063362,62.38710810776743,0.022654610283420765,19.59644317626953,-1.0,0.3603515625,0.16121184679313671,6.767673544264307e-05,2.0,0.9996062467829837,-0.028059782473081177,0.9911518254887743,0.1327330359415857,0.9999997611313897,-0.0006911853322983054,0.9997400675805993,0.022799063005719943,1.0,0.0
2024-09-19,70.76128247060048,71.12162945528874,70.05954385087124,71.02680206298828,4162700,0.0,0.0,0.005959818552275916,-0.0022701768637420597,-0.0003802459956824507,0.018879508002567203,0.0883888846254223,0.09599687160021432,0.08939238060424447,0.04844493367302651,0.026279409580040675,0.01440522896030357,53.81543586269232,60.216740004768376,56.16984166560292,0.011722839782916935,19.49213409423828,-1.0,0.25604248046875,0.30345816748800303,0.00024237001011399552,2.0,0.9089865120629069,-0.4168255281142349,0.9941180427753966,0.10830197148904831,0.9999794720852931,-0.006407449415991806,0.6506046029771598,0.7594166515062283,1.0,0.0
2024-09-20,71.28284141051394,71.43457103601706,70.41041776847128,70.65697479248047,9129800,0.0,0.0,0.002497857289595255,0.002195215498517769,-0.0026102301810112835,0.018658068319346337,0.08651275340634906,0.09170240406405993,0.08449065531129689,0.048212000657998175,0.02544286424144578,0.016184195962005488,58.261480498410386,64.465064488087,51.12077626550088,0.025577126890106737,19.12230682373047,1.0,-0.3698272705078125,0.0,0.0,2.0,0.9934287156189666,-0.11445255341690863,0.9935492469534073,0.11340147211706407,0.9999843264871359,-0.005598819524626644,0.8131836808805125,0.582007131528146,0.5,0.5
2024-09-23,70.3724858402779,70.7043853547378,69.72764939724148,70.35352325439453,3487400,0.0,0.0,-0.001861048840142972,-0.001962278697685758,-0.0008220124512226416,0.018391738646130397,0.08161690762361504,0.08390672464456901,0.078281202800419,0.04153024120666146,0.016135287009902986,0.0106371898973806,53.33880024158236,58.24501800863347,47.01650498829327,0.009727988978394629,18.81885528564453,-1.0,-0.3034515380859375,0.0,0.0,1.4046063727321676,0.9678735651055419,-0.25143739174969254,0.9958564114469829,0.09093958313043576,0.9999735207114162,-0.007277216227031326,0.9540430563204338,0.2996695624963695,0.5,0.5
2024-09-24,70.20179537410272,71.0268089604536,69.70868854533458,69.95523834228516,2720200,0.0,0.0,-0.00010606716255221161,0.001774436477316565,-0.0022141555930033233,0.018521157046622983,0.07718761033514378,0.07822002339162833,0.07109144926708916,0.04150661230235042,0.017528626134044326,0.011581897962550465,57.17199758692198,52.639231600406305,43.101285362764294,0.007544952883867431,18.420570373535156,-1.0,-0.7017364501953125,0.0,0.0,2.0,0.9912540835053226,-0.13196720022044467,0.9954618151579838,0.0951618335383052,0.9999739457030261,-0.007218581240196424,0.9746653388299564,0.2236682303848407,0.5,0.5
2024-09-25,70.23972975768599,70.51473429420614,69.68972068464572,69.94576263427734,2782900,0.0,0.0,-0.0001360694199714094,-0.003617840066404668,-6.773152401818738e-05,0.018043050548395428,0.07198886884899135,0.06964388560594036,0.06247859008439721,0.027074686419508366,0.01637770187515292,0.005443041006431306,52.11751170219867,47.37953825009329,39.24724643064122,0.007717816806092922,18.411094665527344,-1.0,-0.711212158203125,0.0,0.0,2.0,0.9831890108743239,-0.18259071415591963,0.996752517264146,0.08052589228060954,0.9999727651466912,-0.007380309267251632,0.9834397068528077,0.18123560076669185,0.5,0.5
2024-09-26,69.54746760098986,70.55265822206451,69.48108770255848,70.16385650634766,2896200,0.0,0.0,-0.0014991145377755834,0.0002688355344343547,0.0015565945679390963,0.01779306885636558,0.06451249482782154,0.06284900293949179,0.05544953677808376,0.012005116115353726,0.0152184200366205,0.008502504952486428,56.50587005857005,42.61805108225504,44.701380669610934,0.008057075923243163,18.629188537597656,-1.0,-0.4931182861328125,0.0,0.0,2.0,0.9889585787979636,-0.14819220432233318,0.9968966205970538,0.07872183840697497,0.9999692529122486,-0.007841761926985906,0.9920005668781698,0.12623341599350676,0.5,0.5
2024-09-27,70.29661929677567,71.10267025688168,70.23023939551753,70.53369140625,2960500,0.0,0.0,0.0053621399819153434,0.0038827486457660406,0.002628580990850586,0.01738622827802008,0.056779934524770766,0.05197885103435894,0.044875155003584695,0.016499552263493606,0.017134515972318624,0.01045788261379909,60.57139267762592,48.38532905166956,49.5335987257248,0.00827936699985905,18.9990234375,1.0,0.36983489990234375,0.5879359626755445,0.0009576294524221984,0.562488396259986,0.9976183626840467,-0.06897537557419882,0.9960150710054181,0.08918507907756762,0.9999817566865918,-0.006040388563486149,0.8716575940312279,0.49011533210836317,0.2817230128562041,0.718276987143796
2024-09-30,70.7992159415119,70.88455842540864,69.59488561306006,70.03109741210938,2904100,0.0,0.0,-0.00445735172203808,-0.001506872278063212,-0.003507415779758481,0.01757562673702734,0.04989221578709344,0.04395793662345143,0.03885880819356443,0.01604732133501081,0.013313165035924964,0.012067407617055903,55.17437471541928,43.735920393128126,45.16461885928655,0.008063766693213303,18.496429443359375,-1.0,-0.502593994140625,0.0,0.0,1.8467954940273494,0.9870323884871226,-0.1605212262518756,0.9967281710562954,0.0808266850908301,0.9999721905589031,-0.007457754945612682,0.9991012550103026,0.04238728862334125,0.5,0.5
2024-10-01,70.14489496003007,70.97938615764333,69.97420275655618,70.76128387451172,4071900,0.0,0.0,0.0027177733116060102,0.0006684413894833984,0.005186264027425256,0.017166478652104553,0.04335508529204627,0.036934763184305296,0.03396845618599734,0.017077780507067566,0.012454170433700434,0.014569989809727513,59.35418753989919,49.12182118323824,49.80343854161189,0.011424264855175033,19.22661590576172,1.0,0.7301864624023438,0.0,0.0,2.0,0.9988026356710831,-0.048921314132979364,0.9963154700669126,0.08576411898543083,0.999975592091644,-0.006986789031167299,0.9915784222263946,0.12950765450356172,1.0,0.0
2024-10-02,70.16385846540383,70.58110768711758,69.13971246599104,69.5095443725586,5958300,0.0,0.0,-0.005998611204566905,-0.0028134860207715577,-0.008923733591622738,0.017893697151394543,0.04241822789172399,0.03483891248822871,0.03497628205637747,0.021433537444166654,0.011363578490943686,0.02516894526321069,54.99780337286997,44.81679694893749,45.705300455252996,0.016421100652268622,17.974876403808594,-1.0,-1.251739501953125,0.45517314706901857,0.0006412412325703126,2.0,0.9912097738027288,-0.13229960059631032,0.9974371340314889,0.07154833090331068,0.9978603927079793,-0.06538070559941438,0.9986666963494094,0.05162198758820174,0.0003205178516540286,0.999679482148346
2024-10-03,69.18711280049673,69.36728989083255,68.48538149135194,69.26297760009766,3443600,0.0,0.0,-0.0027478320448330097,-0.005012748358818297,-0.0010268840360460006,0.01773090973261079,0.04549793176161013,0.040496083069744934,0.03766324315932924,0.022908377941812063,0.02081749956537583,0.024600414353059402,49.656919300308914,40.356159258635806,41.18978244698601,0.009456911224597691,17.728309631347656,-1.0,-1.4983062744140625,0.0,0.0,2.0,0.9482605960871983,-0.31749305804749706,0.9990646262404216,0.04324202348510859,0.9883955414581792,-0.15190211856848065,0.9999991147668638,0.0013305883994720123,0.5,0.5
2024-10-04,68.92159650257821,69.96471222448922,68.83624679026654,69.80350494384766,2413000,0.0,0.0,0.001790383621870578,0.0030045206898982927,0.0027235780241152132,0.017491659823511235,0.045263765323437656,0.041071067339911636,0.036472165434566786,0.019112074592990604,0.021368505367873013,0.025706962332177907,54.877845398784686,46.29042957438109,47.23097620833232,0.006678362778618457,18.268836975097656,1.0,0.54052734375,0.0,0.0,0.13014699371889138,0.9839713904507277,-0.17832639393668476,0.9984001437423874,0.0565433725133204,0.996357925312534,-0.08526948262363866,0.9631153669117944,0.26908881436871296,0.06507349685944569,0.9349265031405543
2024-10-07,69.70869424009878,69.92679655790089,68.89316549773532,68.97850799560547,2392100,0.0,0.0,0.0004096852651336972,-0.00026868866812643504,-0.005893064151909971,0.017506861060267834,0.04391839224255003,0.04145869543136795,0.037421725674803,0.01837658487090893,0.02154047941104226,0.027264485048879798,48.842548249725226,51.68689700774774,41.54895730082785,0.006542271793775402,17.44384002685547,1.0,-0.2844696044921875,0.0,0.0,0.276972340374069,0.988078844736597,-0.15394868165720596,0.9985344272554119,0.054120214206031116,0.9977781524265876,-0.06662400873698059,0.9871156297233721,0.16000854213394558,0.5,0.5
2024-10-08,68.90263908814826,69.05436147105581,68.25780268234183,68.74142456054688,3328400,0.0,0.0,-0.004632579877666414,-0.006277362336147041,-0.0017214896250542968,0.017140134639414804,0.0433430478895681,0.043459778897162654,0.039863052187903016,0.01671989313798405,0.02271683881060604,0.021710559234154617,42.84028867236116,46.10349101346959,36.23552386416373,0.009071717061452525,17.206756591796875,-1.0,-0.23708343505859375,0.0,0.0,0.19238317369573568,0.9652230924749813,-0.26142758414718553,0.9991933084858512,0.04015883809447845,0.9975439257820515,-0.07004367305712114,0.9990520051845903,0.04353264219697036,0.5,0.5
2024-10-09,68.86470112384362,68.95004360080146,68.17244745965603,68.3431396484375,2620600,0.0,0.0,-0.000492588929998785,-0.0005951562327514071,-0.0022875496148664536,0.016821294054307722,0.04558900035033033,0.048200572116535056,0.04463589017309422,0.014358285159752803,0.02305805072663083,0.01591991362326715,36.92474051244934,40.58302711011817,31.22996664067038,0.007101189758682889,16.8084716796875,-1.0,-0.6353683471679688,0.0,0.0,1.3817065407712934,0.969224062743723,-0.24618025143896444,0.9993009041400462,0.037385866111220405,0.9972842845271993,-0.07364818962521846,0.999195883717153,0.040094712403230356,0.5,0.5
2024-10-10,68.6300188755858,69.32808417458193,68.04671343103831,68.18058776855469,2578600,0.6,0.0,-0.00090823424268843,0.0026900983899143045,-0.001171566921183943,0.016999425356649413,0.046913058869578854,0.04828482896438747,0.049500830066011636,0.011691676703039361,0.018151394892470994,0.01594749608528219,45.402017519702234,35.632327800114204,26.590212940297075,0.006970760705290071,16.645919799804688,-1.0,-0.7979202270507812,0.2737227035261185,0.0002703996006745187,2.0,0.9836730003124193,-0.17996507565737027,0.9990058285543544,0.04457975453530249,0.9967030228561902,-0.0811362078811483,0.9994143476986928,0.034219316387043466,0.0001351815238222293,0.9998648184761778
2024-10-11,68.45788656048153,68.45788656048153,67.65464061897977,67.7120132446289,2816000,0.0,0.0,-0.002889232865827041,-0.006315574869183393,-0.003448123889249295,0.016741750143716233,0.05167589755136595,0.05475720476840121,0.05718260718530799,0.0090092747490576,0.01784818025616134,0.008300621550927114,38.5318396629695,30.794801578769462,22.23694255497045,0.007560209533927493,16.177345275878906,-1.0,-1.2664947509765625,0.0,0.0,2.0,0.7744761035620648,-0.6326031655084583,0.9997092437634152,0.024112816798966305,0.9916603053889034,-0.12887916323435272,0.999765750051612,0.021643590823563326,0.5,0.5
2024-10-14,67.75984171387158,67.79809257022491,67.40602676430703,67.73115539550781,2221600,0.0,0.0,-0.0014522107659819471,-0.003820199142969607,0.00011149794060480381,0.015954985786587255,0.053576961430286694,0.06204504080434813,0.061724030779235,0.007290208883336408,0.01774844620695574,0.006356655959150134,32.06782038729242,26.274007855689142,35.58255796828385,0.005966090075853007,16.196487426757812,-1.0,-1.2473526000976562,0.0,0.0,2.0,0.7940145244570835,-0.6078987867656849,0.9999559879816544,0.009382009360117917,0.9883018609692176,-0.15251043113433707,0.9998936537579638,0.01458359264890522,0.5,0.5
2024-10-15,67.88414235382488,69.37589636764136,67.7789543369659,68.1136474609375,3709900,0.0,0.0,0.002758646482921728,0.01150220832413881,0.0028156547573916974,0.01645693488383452,0.05362889936815764,0.06114524840667617,0.06345313714345702,0.009516192117251366,0.031828844681788315,0.0112889591631243,42.95313900743786,37.03091208339134,46.435468406893264,0.010019171159687569,16.5789794921875,1.0,0.3824920654296875,0.9180098071598337,0.0030660487298390456,0.09402998947108566,0.9908730416736357,-0.13479842463633418,0.9998865104064076,0.015065401000202166,0.9965335321699232,-0.08319206248757528,0.9431021351054935,0.3325031770667156,0.04854801910046236,0.9514519808995376
2024-10-16,67.82677773121026,68.35271787758782,67.79809141333598,67.89371490478516,3240400,0.0,0.0,0.0001232894297322274,-0.006488788874591521,-0.001412418910636486,0.015914444550797772,0.05550140165534313,0.061376199178680965,0.06318529424057034,0.00967009161757789,0.0356741275840956,0.010414804508903601,36.05930460590664,46.118544789858134,38.853421832550495,0.008722955382409772,16.359046936035156,1.0,0.16255950927734375,0.0,0.0,0.016984246560171633,0.7062959956526709,-0.7079166381185021,0.9997771729898862,0.021109343153000035,0.9972136543881845,-0.0745984416845455,0.9820567779629329,0.188585484216211,0.008492123280085816,0.9915078767199141
2024-10-17,67.89370703405778,67.89370703405778,67.36776694865098,67.58770751953125,3169700,0.0,0.0,-0.0031142148178836,-0.003295470029914859,-0.002209386503244906,0.015400441870842415,0.057190518396386524,0.06491951671501728,0.06326291361541969,0.011062157826156549,0.034665195603005926,0.010894985581003984,30.460550587990248,40.05614745163667,32.913392139036596,0.008494177480789148,16.05303955078125,-1.0,-0.30600738525390625,0.4111873883149144,0.0006560924198553609,2.0,0.800935423541991,-0.5987507388852322,0.9999398382775841,0.010969039401824025,0.9999172612254678,-0.012863541633612667,0.9999238946185682,0.01233713787044756,0.0003279386309027239,0.9996720613690973
2024-10-18,67.5112068992829,67.5112068992829,66.59320834098672,66.87052154541016,3867800,0.0,0.0,-0.005781971995871066,-0.0028248615479582223,-0.005333894244395433,0.015516068679909203,0.060085213064123205,0.06758450776438543,0.06707289805204808,0.014505721721069597,0.033210433017962705,0.0134714818502715,25.801400298510522,34.49142835181253,27.77972182927352,0.010254964816094515,15.335853576660156,-1.0,-1.023193359375,0.0,0.0,2.0,0.842036654274465,-0.5394203118703125,0.9999971335821546,0.0023943323650718984,0.9787650216682858,-0.2049854442605131,0.9993574717872044,0.03584192493557175,0.5,0.5
2024-10-21,67.17652874402542,67.27215223685324,65.60828011571364,65.76127624511719,3501800,0.0,0.0,-0.006745211436780432,-0.001605788235724565,-0.007571941853232651,0.016458069301997016,0.0701575680093032,0.0723897537102505,0.0769436424511433,0.018730677555308623,0.03216729991575601,0.018773264840337724,22.06304197589033,29.330016750096245,23.423552358709895,0.00913055184140516,14.226608276367188,-1.0,-2.1324386596679688,0.0,0.0,2.0,0.8883100356610623,-0.4592442493312706,0.9997940389933658,0.020294816908068038,0.9428452829231251,-0.33323080960441237,0.9999288299127762,0.01193042787439961,0.5,0.5
2024-10-22,65.72302291727274,66.21070484690094,65.63695667959475,66.05770874023438,3378900,0.0,0.0,0.00021082764675317146,-0.0076728548069311085,0.0021698606636718462,0.015834310192406307,0.07697728341230466,0.08044774764600866,0.0831665191572753,0.015424230160007244,0.012623567925043905,0.01791726141624709,18.649941640846187,40.613035790283895,35.75267241857585,0.008849817194488185,14.523040771484375,-1.0,-1.8360061645507812,0.0,0.0,2.0,0.8301235576846582,-0.55757948220587,0.9989790467880147,0.04517592365972571,0.954386459623933,-0.29857408743307734,0.9999120942522663,0.013259101328781893,0.5,0.5
2024-10-23,65.78040135526331,65.91427569627218,65.35964925746147,65.57958984375,3385000,0.0,0.0,-0.002116905397278173,-0.002243551139308532,-0.003632092891813151,0.015570803548064427,0.08311496448747833,0.08910221924073998,0.0900262334179417,0.013513036934053828,0.011127733114682431,0.017552653157464335,15.453476432108895,33.65831961950415,29.780104032135565,0.008801624253501089,14.044921875,-1.0,-2.3141250610351562,0.0,0.0,2.0,0.8469807080489152,-0.5316236264435191,0.9991628623507062,0.040909344887736176,0.9529631073680401,-0.3030863177305258,0.9999762783309696,0.006887871611996303,0.5,0.5
2024-10-24,65.52221012163646,66.00989939148054,65.46483748833872,65.6082763671875,2369300,0.0,0.0,0.0005627810854338661,0.0005073439856817675,0.00015305433395662588,0.015045697303986118,0.08717669928935493,0.0944943809787379,0.09374519585878827,0.016288634533054604,0.014200601205918852,0.019042085603510336,29.75600358140557,44.803872719631414,40.73612464156079,0.006163311783317501,14.0736083984375,1.0,0.0286865234375,0.0,0.0,0.00015366755670058056,0.8769614936601765,-0.4805606503213846,0.9990401592277957,0.043803655670511164,0.9638293477315637,-0.26652014642677285,0.9999542856174853,0.009561729719284246,7.683377835029028e-05,0.9999231662216497
2024-10-25,65.64652973848143,65.8473412583281,65.27359301653694,65.31184387207031,2183900,0.0,0.0,-0.0013483365799157722,-0.0011363638614508744,-0.00208704641609461,0.01466189735289869,0.08685805235436243,0.09624334534983388,0.09511161524716379,0.01462751642247108,0.014547169580836749,0.01810529670132945,24.918116884160398,37.61036718928516,34.42372531312026,0.0056553586010986935,13.777175903320312,-1.0,-0.2964324951171875,0.08605624092453468,3.901614316313689e-05,2.0,0.8864208701622628,-0.462880158292378,0.9991128361394092,0.042113426142575995,0.9628353856077081,-0.27008891169697435,0.9999869414716916,0.005110468284966302,1.950769102413556e-05,0.9999804923089759
2024-10-28,65.39790228489012,65.95252874213371,65.17796898689657,65.28314971923828,3029600,0.0,0.0,-0.0007330232629782176,0.0007980848828245383,-0.00021971862812619267,0.014468075903919207,0.08780176289973156,0.09605561535609011,0.09650256120735289,0.0053327105168015625,0.01601993482086189,0.010200399019425297,36.916803832343405,31.681484974036138,29.22633216029502,0.007841909879031824,13.748481750488281,-1.0,-0.32512664794921875,0.0,0.0,2.0,0.9115215536495118,-0.41125230361954224,0.9990599004590478,0.04335107028387562,0.9668080927842482,-0.2555036432751686,0.9999962209205296,0.0027492080058119464,0.5,0.5
2024-10-29,65.04408713589193,65.57959181160076,64.9006555487959,64.9771499633789,2966100,0.0,0.0,-0.0020872067757912996,-0.0027759015983360074,-0.002299902915346477,0.014244256437082693,0.08575406881983506,0.09461252433285516,0.09285317085404349,0.005471117708238746,0.007472737341321764,0.007187647674699493,31.09296079838597,26.795610764570647,24.83754867976969,0.007641557799844983,13.442481994628906,-1.0,-0.6311264038085938,0.0,0.0,2.0,0.9105244604943723,-0.41345520536260305,0.9993178867370823,0.03692913818831903,0.9648365511371116,-0.26285058415351437,0.998736557091968,0.05025225893511878,0.5,0.5
2024-10-30,64.91021530004211,65.27359478967792,64.64246659963989,65.23534393310547,5067200,0.0,0.0,-0.0019930733864833385,-0.002338475889435151,0.00198286632872434,0.013865504771684058,0.08691495438898139,0.09402773528974376,0.09216726262629987,0.005363769398377065,0.007556347655358046,0.008151090321784401,26.446676702161252,22.76882659118672,35.648425754849065,0.013106491724687752,13.700675964355469,-1.0,-0.37293243408203125,0.0,0.0,2.0,0.9042153826535384,-0.4270767399106573,0.9994465693678725,0.033264921145110524,0.9599999985296598,-0.2800000050411666,0.9989213171609662,0.04643492351022478,0.5,0.5
2024-10-31,65.22578001754796,65.87602999427546,65.02496849032984,65.0440902709961,4288800,0.0,0.0,0.0024967232992640547,0.0038878637673945924,-0.0012425150108220022,0.013847567632353817,0.08733610545006593,0.09422361924155036,0.09153258413300097,0.00938711791247274,0.013520148867695831,0.008078026884563248,36.925980848353895,33.82860321563872,30.61632368600855,0.011060610357256062,13.509422302246094,1.0,-0.191253662109375,0.2964381826746916,0.00048149826721885703,2.0,0.9385364044434455,-0.34518026817066055,0.9990785715535713,0.04291861906533651,0.9743488039621506,-0.22504312523942285,0.9006972759093884,0.4344472547610435,0.00024069118741459105,0.9997593088125855
2024-11-01,65.29270641703062,65.67520762767057,64.97714237108238,65.25445556640625,3495000,0.0,0.0,-0.0002997962002929965,-0.0012440233395099652,0.0013156667872801172,0.013581116369052368,0.08496238002695382,0.09109026358354398,0.08501180578486868,0.009180339178220247,0.01364421280341878,0.008432546060003817,31.729932376336077,29.200361081702297,39.89235305804688,0.009042589290581684,13.71978759765625,-1.0,0.21036529541015625,0.40161283799265846,0.0008568807734100823,1.209842034835186,0.9709481455097658,-0.23928998878170119,0.9992802014573602,0.03793519441544529,0.9780773243889462,-0.20824204070302452,0.9795584528960394,0.20115973096004536,0.605349457804298,0.39465054219570195
2024-11-04,65.24490458705466,65.62739853879907,64.97714860698731,65.11102294921875,2851900,0.0,0.0,3.915578856943108e-08,-0.00029711476468376966,-0.0008977851818605734,0.013352159337037373,0.08040077304928395,0.08620548122004816,0.08147867124525897,0.009186488103296626,0.013388424604815067,0.00868157216050318,28.13732886688977,37.78717651333316,35.213279059469635,0.007362482354354512,13.57635498046875,-1.0,0.06693267822265625,0.04781988334252674,1.2406539275765712e-05,0.12247766178117747,0.986319698369359,-0.1648437217748277,0.9991931586439781,0.0401625661414978,0.9771152693005256,-0.21271048516648453,0.988938934152513,0.14832324334807284,0.06124503416022662,0.9387549658397734
2024-11-05,65.03452542394359,65.41702665298752,64.86240023565404,65.32139587402344,3202400,0.0,0.0,-0.0008837705641779953,-0.0016053478467601351,0.0016128883195042033,0.012964984298997654,0.07780924119536387,0.08461145761624828,0.07675848159119647,0.00823806302154552,0.012510220916628179,0.007452972858182468,25.369361224039015,34.09445597430946,41.437676819978655,0.008294046942242532,13.786727905273438,-1.0,0.27730560302734375,0.11474213542834377,6.926653251488146e-05,2.0,0.9794933197149283,-0.20147664041726868,0.9993526311596388,0.035976639563846814,0.9779139586447029,-0.20900786943999575,0.9972790832623988,0.07371858712230958,1.0,0.0
2024-11-06,65.64652065325132,65.73257959458765,62.978584037769785,63.1028938293457,5910500,0.0,0.0,-0.014735620259737526,0.0024060532900453584,-0.017274785399257173,0.015579517442778272,0.08348973866224083,0.08111013892285722,0.0832987930410137,0.031047385603602554,0.012139767005115095,0.03548405835852582,31.515105273279985,30.473215113579453,36.99943938550136,0.014787983346869541,11.568225860595703,-1.0,-1.9411964416503906,1.9985645692175282,0.029847148698920276,2.0,0.999212244771369,-0.039684882499028344,0.9994307821383145,0.03373591134676819,0.9383085565040078,-0.3457991509407811,0.9999747355269493,0.007108326653147575,0.014704136081404714,0.9852958639185952
2024-11-07,63.16027623124555,63.44714667589528,62.051023417575394,62.098838806152344,4534500,0.0,0.0,-0.005691603256481184,-0.0135731079502191,-0.006152510432370201,0.016306478726054424,0.09287567855208839,0.08445111758730814,0.09426051751275426,0.0285960520976876,0.035590157068773526,0.03618358747041723,28.17232328755335,26.25516384252218,31.796357530918538,0.011164732979329708,10.564170837402344,-1.0,-2.94525146484375,0.0,0.0,2.0,0.3774905828282286,-0.9260134231618915,0.9999992187303729,0.0012500154574365714,0.9072502481259274,-0.42059123537639626,0.9996849394628409,0.02510023528129238,0.5,0.5
2024-11-08,62.060583902639365,62.96901786146025,61.85977241581381,62.6534538269043,3006000,0.0,0.0,-0.0010231849473286933,-0.0025072744642528552,0.0029471528593719024,0.01627229819016777,0.1012293307432296,0.09208546768876356,0.0994654668397794,0.02779484265352935,0.035166836598985576,0.03896437526894615,24.563068770748227,21.95103524350441,42.368355749001964,0.007467400564982544,11.118785858154297,-1.0,-2.390636444091797,0.0,0.0,2.0,0.5423724152175615,-0.8401381810220679,0.9995570004651657,0.029762439770298712,0.9134067708395088,-0.4070479959225214,0.9997333413699685,0.02309212318601455,0.5,0.5
2024-11-11,62.52914824489442,62.69170889341195,61.27646385421792,61.29558563232422,5010400,0.0,0.0,-0.004737099161588129,-0.0022068069731066594,-0.010955052177122613,0.017093923731524206,0.11082338277781485,0.10077934434293848,0.11032789240861789,0.025088021456421868,0.034343264308583366,0.040178229406126344,20.820667580930337,17.952834648813376,34.84170198902659,0.012176908779651791,9.760917663574219,-1.0,-3.748504638671875,0.0,0.0,2.0,0.6846596514034877,-0.7288629238341423,0.9997087244531195,0.024134337619181306,0.9146749893762256,-0.40419013324127745,0.9999087716814102,0.01350734298718551,0.5,0.5
2024-11-12,61.56333458532982,61.88846317947875,61.2190842129858,61.44858932495117,4704500,0.0,0.0,-0.0004398236694084492,-0.006053974183754967,0.0011704209730587145,0.016611500512516447,0.11509083824478596,0.10296500615235066,0.11398237464139045,0.025510470684541237,0.03360631375522211,0.03983459167900631,17.134911530097575,14.565430379293362,46.89669078156061,0.011462011643742767,9.913921356201172,-1.0,-3.595500946044922,0.0,0.0,2.0,0.7030522674678253,-0.7111381787025286,0.9999008702933269,0.014080113161748342,0.9283637448974693,-0.3716729169040253,0.9999206059053845,0.012600868454551597,0.5,0.5
2024-11-13,61.28602849852323,62.4909049416752,61.20953408125389,62.37615966796875,3233100,0.0,0.0,-5.360830535778681e-05,0.003328682622394563,0.005148077343430758,0.01666291770047213,0.11549437400979451,0.10330136452893328,0.11052961551848943,0.014053239205378336,0.03670095689853591,0.03571167172774469,31.90069298763523,11.855067478658452,56.25111889024258,0.007996008105246189,10.84149169921875,-1.0,-2.6679306030273438,0.0,0.0,2.0,0.8397488517771065,-0.542975014101967,0.9997981457442461,0.020091484921908466,0.9460871206872132,-0.3239122721814942,0.9999318826608942,0.011671762430742976,0.5,0.5
2024-11-14,62.615214753925834,62.85427710710184,61.79283967535204,61.87889862060547,3675100,0.0,0.0,0.0047422303837191,0.002898971938827583,-0.004001938063627359,0.016822295935932118,0.11201533921251199,0.10139145341425218,0.10808060414112974,0.015275479975370628,0.021000690989175265,0.03262243806036565,43.654391220348884,27.37031618322374,46.61059386147346,0.009016691090231933,10.344230651855469,1.0,-0.49726104736328125,0.9658139276230884,0.008717471502969438,2.0,0.90767392322996,-0.419676124038922,0.9997314518168451,0.02317378363977547,0.9702140936740009,-0.24224907107424976,0.9998365571254079,0.018079243225614876,0.004339819624532275,0.9956601803754678
2024-11-15,61.4103367809994,61.4103367809994,59.66039865239836,60.444522857666016,6785000,0.0,0.0,-0.01755771235345029,-0.011619883415907008,-0.011726092563509954,0.018613038045655082,0.12176220840005234,0.10656435507050008,0.11449085037586693,0.0379449454790529,0.030160382128200013,0.0365245398005263,35.94202563215063,22.362314258773168,38.40294043629247,0.01626081320252775,8.909854888916016,-1.0,-1.4343757629394531,0.0,0.0,2.0,0.619883954117251,-0.7846934964863427,0.9999780626303283,0.006623764646733999,0.9396918753438785,-0.3420221914038687,0.9999822362714927,0.005960464869822325,0.5,0.5
2024-11-18,60.75052339360824,61.056522910685224,60.00465002670834,60.128963470458984,4859800,0.0,0.0,0.0020605203383974756,-0.002069306477352737,-0.001874553458741001,0.01862378393032179,0.1293057266623242,0.11155040839104803,0.12386398005107273,0.03983291781979792,0.030157356143606148,0.03159009981856282,29.498964524600797,36.28314724457871,31.56717796815171,0.011586107914001897,8.594295501708984,-1.0,-1.7499351501464844,0.0,0.0,2.0,0.7923127613590177,-0.6101151433849582,0.9999954004149688,0.0030330098757151594,0.956333728440529,-0.2922769232201483,0.9999585100084034,0.009109240460857348,0.5,0.5
2024-11-19,60.176775509659294,60.3202143799143,59.54565104658089,60.0333366394043,2847600,0.0,0.0,-0.0022496845924791353,-0.0035545527258586825,-0.0004663071973815037,0.018242647572146945,0.1364457673968292,0.12219933360743501,0.12956326770581117,0.03971402300958762,0.029925557584407812,0.030820687067858996,24.07727839536211,29.88878488504442,26.121297932520196,0.006778083606389864,8.498668670654297,-1.0,-1.8455619812011719,0.0,0.0,2.0,0.8125638706242237,-0.5828721610749478,0.999995293596443,0.0030680262325802235,0.9553826182099449,-0.29537104262657615,0.999989652438045,0.004549177600176415,0.5,0.5
2024-11-20,60.16721601272506,61.02784201074146,59.90903186112245,61.00871658325195,4685900,0.0,0.0,0.003041997230215941,0.005831388255194597,0.008058190669101174,0.017978673548896654,0.13991105365877332,0.12678086798530294,0.13003900305768681,0.041233252421727554,0.03118723163689124,0.03173185848750208,37.10071814568932,41.33815589341455,37.86721364228681,0.011334969619405142,9.474048614501953,1.0,0.9753799438476562,0.0,0.0,0.279312500156628,0.9342975699676545,-0.3564941104037144,0.9999965316861957,0.0026337455418719855,0.9669457085439017,-0.25498234591542196,0.956857520010677,0.2905575440407921,0.139656250078314,0.8603437499216859
2024-11-21,60.913089679944015,61.35296719194671,60.12896543582918,61.31471633911133,3659000,0.0,0.0,0.0014306789433401385,0.002074467713632448,0.0019533533535514617,0.018037067105463694,0.1397715039164989,0.12769722978653752,0.12774182494538766,0.03916064844562751,0.03098569736623521,0.03255741948194794,46.968782304370016,49.934486474772605,46.603225341041714,0.00889534073017056,9.780048370361328,1.0,1.2813796997070312,0.0,0.0,0.4820570165659805,0.9716603016625189,-0.2363815944042658,0.9999856429561669,0.005358533525287589,0.9748617960483725,-0.22281040955337197,0.9731975476653916,0.22997072252368964,0.24102850828299024,0.7589714917170097
2024-11-22,61.73545977665972,62.28052165031595,61.43902479318472,62.156211853027344,3919700,0.0,0.0,0.01077635119974927,0.007502453154522344,0.006815333181965933,0.017631837068120142,0.13490114420226942,0.12493832379331665,0.12352838930874674,0.02330415962692796,0.02574891829881551,0.020753124091558117,54.28701821902117,56.07148474498315,53.00576201107877,0.00965990426606319,10.621543884277344,1.0,2.122875213623047,0.0,0.0,1.3230969321832131,0.9971178330773068,-0.07586848462448735,0.9999147553275566,0.01305687857922891,0.9889455685746141,-0.14827900187360726,0.8936486323708217,0.44876733600136276,0.6615484660916066,0.33845153390839344
2024-11-25,62.3570215759977,62.75864456711101,62.22314724562659,62.66302108764648,4852100,0.0,0.0,0.006340843279024519,0.003823785228731225,0.0040603456909562834,0.016926705801550708,0.12843499217544851,0.11983262948570222,0.1180729176761964,0.024268823275543513,0.023555556880612085,0.01574228329154821,59.73192829455029,60.229134472368045,57.20112090374267,0.012055258496590258,11.128353118896477,1.0,2.6296844482421804,0.0,0.0,2.0,0.9999412417396377,-0.010840344468295716,0.9998575760252216,0.016876838121168185,0.9943604130273721,-0.10605361381883242,0.8831466526825055,0.4690969940808469,1.0,0.0
2024-11-26,62.634333681217086,63.42802240858045,62.57696105365954,63.1028938293457,3642500,0.0,0.0,0.0021282842596032194,0.003982242288574043,0.002625632341097584,0.016571440773883662,0.12236136438519316,0.11512973784581595,0.11334466858962261,0.01638884349898099,0.008342335478636984,0.010495452511060639,63.39975924646866,63.97925130354651,61.19804600286888,0.009113480981468964,11.568225860595703,1.0,3.0695571899414062,0.0,0.0,2.0,0.9894505713723684,-0.14487086253244247,0.9979715686181859,0.06366119877725779,0.9953576479523488,-0.09624527345676823,0.880182300446069,0.47463577402200297,1.0,0.0
2024-11-27,63.51408370149494,64.06871010709835,63.27502135034905,63.332401275634766,2678300,0.0,0.0,0.004078425537245585,0.003694936604906644,0.0013347136898564026,0.016421285906113154,0.11782936163443278,0.11182460830744953,0.1070122947297746,0.015668863542271403,0.008104525870051926,0.00861922591725977,67.12248477519837,67.92687779752565,65.31470713757683,0.006725438896767404,11.797733306884766,1.0,3.2990646362304688,0.0,0.0,2.0,0.9948946919409821,-0.1009185411490783,0.9924727113441311,0.12246598400057512,0.9980510954635908,-0.06240200993498795,0.8693770090908056,0.49414938638464917,1.0,0.0
2024-11-29,63.22721727227542,63.47583688041909,62.83515148961091,63.36109161376953,1792500,0.0,0.0,-0.002334393298903737,-0.003110999104370738,0.00015155884959756387,0.0159636933106361,0.10987519277769726,0.1044278631511931,0.10101629689177966,0.02349626322692283,0.020982929235030076,0.011096241247915984,59.84952821859395,59.87776014349702,69.29604357591558,0.004503158884511667,11.826423645019531,-1.0,0.028690338134765625,0.0,0.0,0.00024166517059365786,0.9912641556253257,-0.13189152274657479,0.9982854561874848,0.05853330645491956,0.9967206362564978,-0.08091954807364111,0.9141995712742081,0.4052642889301426,0.00012083258529682893,0.9998791674147032
2024-12-02,63.34195388526812,64.45120661536615,62.96901722839806,64.0782699584961,5151400,0.0,0.0,0.0010640803095103453,0.007624421766451546,0.005627604657450203,0.016309730988798402,0.10133809752446826,0.09917676354123381,0.09516178084436461,0.01761496922841105,0.021103200472705683,0.00931732265377608,64.85049962993723,64.99798994309252,73.29568221897037,0.013087946365729436,12.543601989746094,1.0,0.7171783447265625,0.30600412195099125,0.0005951275049595725,0.15100699484947813,0.9975041605405285,-0.07060771703104105,0.9908341114034106,0.1350842836136522,0.9974583646706064,-0.07125174207441819,0.9278805529650447,0.37287756627247354,0.07580106117721885,0.9241989388227811
2024-12-03,64.0974065609668,64.20259459575811,63.34196853637695,63.34196853637695,4979200,0.0,0.0,0.002853943081936079,-0.0018678147320706372,-0.00558536453396394,0.016291294789514667,0.09269307964172521,0.09293004743256916,0.08718729574834962,0.014990133423229041,0.023558038948850044,0.01934363198594661,56.212283534681184,69.79378574106141,63.44603637192919,0.012505083108294837,11.807300567626953,1.0,-0.019123077392578125,0.0,0.0,0.0007109862965491798,0.9744456941813963,-0.22462321583339653,0.9946170066488663,0.10361954489790554,0.9986285203957374,-0.05235530777505253,0.9313053321194131,0.36423945196250984,0.5,0.5
2024-12-04,62.77778080543568,63.30371365031923,62.223154347394406,62.48133850097656,3152600,0.0,0.0,-0.0056415473786201415,-0.004463543822450317,-0.004330765846801473,0.0166150284724283,0.080390095088139,0.08524797542449862,0.07422894464360844,0.025551101603906386,0.028127893899524074,0.023483688725670793,48.64182532912304,60.206973535723876,54.91742428621562,0.00781006504798806,10.946670532226562,-1.0,-0.8606300354003906,0.0,0.0,1.4400536163795867,0.8807255401977676,-0.47362698703024775,0.999475398125675,0.032387166308948695,0.9955660880131932,-0.0940646819912061,0.969922840792051,0.2434125775507043,0.5,0.5
2024-12-05,62.23272097876436,62.87340641101892,62.22315644072335,62.682159423828125,2847000,0.0,0.0,1.519056921971211e-08,-0.003079758325010696,0.0014489382008430161,0.016119794961008054,0.07834001354252663,0.07292700092211321,0.07327249499181235,0.020900038587160153,0.025206400127364914,0.023361284527347974,42.09835453390379,65.68331539940154,60.99988490378628,0.007075658631531601,11.147491455078125,-1.0,-0.6598091125488281,0.0,0.0,0.8464129189233628,0.8919486877711118,-0.4521366368515073,0.999999132818802,0.0013169516482766331,0.9956783576909919,-0.09286876776273742,0.9735665995808275,0.22840331911035092,0.5,0.5
2024-12-06,62.81602670339164,63.28458687619125,62.1657768062884,62.213584899902344,3708800,0.0,0.0,-0.0004612921176919106,0.0032592502025316715,-0.0037517253006734436,0.01636564510785867,0.07850075690220241,0.07257535939741054,0.07328599843145162,0.02046025396081227,0.02582307269372446,0.023642953196841756,49.71791402536162,57.268807710325326,53.28919669976157,0.009148588563680397,10.678916931152344,-1.0,-1.1283836364746094,0.0,0.0,2.0,0.9567319281054518,-0.29097081940226344,0.9995528654586657,0.029900989170436477,0.995102811290217,-0.09884530824630272,0.9750463160803728,0.2220015349003103,0.5,0.5
2024-12-09,62.14665244048714,63.53321858120924,62.00321355757042,63.00727844238281,3642000,0.0,0.0,-0.0012856292571265945,0.0019252308037750407,0.006224187690427961,0.016739739390147775,0.07862694005837242,0.07358276868123555,0.07402189783566324,0.01976057468481368,0.018606640434374065,0.024779027517366742,56.01385080025198,50.386596529808145,58.573383229485295,0.009098422866205309,11.472610473632812,-1.0,-0.3346900939941406,0.659812170190321,0.003307624094643321,0.21778671384952986,0.9833379840561779,-0.18178671324475873,0.9990884401556223,0.04268827412071949,0.9951910794655411,-0.09795261789360711,0.9823612936439494,0.18699275052842626,0.014960238807556,0.985039761192444
2024-12-10,62.77777770399605,63.41846308304441,62.32833929625623,63.246337890625,2993000,0.0,0.0,0.0021490017514656313,-0.0007428511839688031,0.0015560690385415716,0.01671644415759214,0.07907724445098946,0.07438112127893902,0.07450470416488054,0.019384208103097347,0.018582728323025655,0.02313911306948897,50.18143249592194,55.52587465466482,62.36360280410464,0.0075054641685495145,11.711669921875,-1.0,-0.09563064575195312,0.13387620685315937,0.0001306679717772025,0.017780331006611614,0.9936777050531056,-0.11227029206514642,0.9994665904958082,0.03265783952873269,0.9967056492911366,-0.0811039374576472,0.9523941572706681,0.30486942975099013,0.007295403898736458,0.9927045961012635
2024-12-11,63.28458829054197,63.51408611358861,62.548279431115354,62.63433837890625,5345300,0.0,0.0,0.0017612595304113074,0.0007533373523923514,-0.004861743119399504,0.01677549344903998,0.07972059340354652,0.07422210579822497,0.0737275098284357,0.0072488129732805945,0.011604158562590955,0.02046323278449311,54.55356015075761,59.353183521618675,57.44046062256404,0.013274556919173484,11.09967041015625,1.0,-0.61199951171875,0.0,0.0,0.7281952072984694,0.9999546778108124,-0.009520626254313741,0.9993351607991549,0.03645869430639667,0.9974271478409918,-0.07168740998100137,0.9651258266790894,0.26178643715250854,0.5,0.5
2024-12-12,63.05509050559155,63.49496437319849,62.39527605637901,63.18896484375,3368700,0.0,0.0,-0.0007717513565602376,-9.488181861533088e-05,0.002777984116251893,0.016683601869407216,0.07981667629356648,0.0747745295365119,0.07483761974545014,0.008057647308657342,0.0074280403810784955,0.022097700978625623,50.86965831425246,55.84843116128634,60.23531065593921,0.0084399336525983,11.654296875,-1.0,0.55462646484375,0.07650129015408424,4.308889580300259e-05,0.8212947113204242,0.9999180344597436,-0.012803294972896699,0.9994272296675166,0.03384098992513188,0.9971831221292895,-0.07500547273687835,0.9914989743169513,0.13011450314409043,0.4106689001081136,0.5893310998918864
2024-12-13,63.95395644003487,64.24083417466301,63.494960819354475,63.772274017333984,3193300,0.0,0.0,0.008280442415544192,0.005535129435202847,0.004355169272997999,0.01652836874220404,0.08347943398672686,0.07743882819571382,0.07722046512336024,0.01831447660233713,0.011853629459754572,0.019662285983421266,54.01675872278426,58.54309554469809,62.967644358027194,0.00807434086742786,12.237606048583984,1.0,0.5833091735839844,0.0,0.0,0.9084383541609914,0.9997280187472277,-0.0233214178759096,0.9847704168222343,0.17385978877176542,0.9993183433977428,-0.036916778689246955,0.9371928491793315,0.3488116446552877,0.4542191770804957,0.5457808229195042
2024-12-16,63.87746120865464,64.04002185156259,62.71083580311995,62.729957580566406,5620400,0.0,0.0,-0.0062130665723708215,-0.0015654114676266903,-0.008239510272677893,0.017116289539824647,0.07697919223432922,0.07570640143409824,0.07124062262550568,0.024486005785396718,0.013190516261112277,0.025950062036414742,50.61939891086875,54.786858786326995,58.37495471097052,0.013979050511648102,11.195289611816406,-1.0,-1.0423164367675781,0.0,0.0,2.0,0.9823274373159714,-0.18717052624875616,0.995407064003501,0.09573284144916047,0.9983638126018004,-0.05718127042307713,0.9911041144330871,0.13308882129542704,0.5,0.5
2024-12-17,62.31877299468304,63.7722761996529,61.9745226195904,63.04552459716797,6012200,0.0,0.0,-0.005905370067857407,-0.0020948348163053686,0.0025089708354735793,0.017850940931452917,0.07057733906997986,0.07035538712276095,0.06155468784606671,0.027637599435164247,0.01413824203299959,0.026254336889740593,47.2270440949276,50.765180776535026,61.60650969285038,0.01502875959071584,11.510856628417969,-1.0,-0.7267494201660156,0.0,0.0,1.5522861221578228,0.978871561059668,-0.20447607915990704,0.9993695817638663,0.03550266250741023,0.9999909109604246,-0.004263566176346741,0.9935667249288169,0.11324823669366645,0.5,0.5
2024-12-18,60.33933213457423,61.8023924632896,60.06202259720195,61.113895416259766,13262600,0.0,0.0,-0.015671535268316397,-0.01568695149537448,-0.015557653061679083,0.020586839238544447,0.0667343855140564,0.060127803235510084,0.05291840114791693,0.039665053414961876,0.0353384213474047,0.040411097343560194,42.39700467563442,44.68639673999124,54.620987831413224,0.03213690828423742,9.579227447509766,-1.0,-2.6583786010742188,0.0,0.0,2.0,0.8414287387964414,-0.5403680944758211,0.9999712942528535,0.007576982926807638,0.9768276546664265,-0.21402741198007458,0.9997920008414591,0.020394976181198687,0.5,0.5
2024-12-19,60.721836825838245,62.24226986809139,60.58796249365007,61.20952606201172,6138100,0.0,0.0,0.002017502734299612,0.0016411899956913314,0.0003618201558066247,0.02101698140729644,0.06231929269542378,0.052775022023446826,0.0515778457421207,0.04308294538759396,0.03740177531461598,0.037903803961539646,49.16400130120749,52.22520867028659,60.61925098947318,0.014896643740626993,9.674858093261719,1.0,0.09563064575195312,0.0,0.0,0.0012940781727502448,0.9368194374265602,-0.3498132954302672,0.9999496190701315,0.010037894276138019,0.9913731307157635,-0.13106988858935417,0.9306873547264022,0.3658155925495414,0.0006470390863751224,0.9993529609136249
2024-12-20,61.49639804489739,61.678087769820415,60.55927769610354,60.8270263671875,10672900,0.0,0.0,-0.00023677631864824834,-0.004552779777471945,-0.0031343043310415536,0.020952297340823968,0.05946362072189131,0.05041725797167542,0.054837298073898075,0.033625144945097926,0.0318901486919927,0.032780480630780845,42.77723877746344,44.67028371019831,52.12746143043257,0.025740351980132175,9.2923583984375,-1.0,-0.38249969482421875,0.0,0.0,2.0,0.9314559147653805,-0.3638541999875612,0.9999798949068559,0.006341118361419478,0.9926073027902004,-0.12137027003168266,0.982516816271883,0.18617385891408825,0.5,0.5
2024-12-23,60.39671281795406,61.09477445215611,60.23415216858464,60.769649505615234,3380200,0.0,0.0,-0.0008524476423448959,-0.0015047330790571372,-0.00014944281642729872,0.0204856485360296,0.06512974992603626,0.05773860117473894,0.061114688407983335,0.033588082976169505,0.03126907125110373,0.032298106199762255,36.44581308525203,38.09517141411992,44.31252201035046,0.008144502934809023,9.234981536865234,-1.0,-0.4398765563964844,0.0,0.0,2.0,0.9285988950641825,-0.37108502002314697,0.9999971536010677,0.002385956781404373,0.9910330914970994,-0.1336166589827096,0.9990452816367108,0.04368667118727609,0.5,0.5
2024-12-24,60.43496794105932,61.03740613559656,60.415842513699154,60.95134353637695,1220400,0.0,0.0,0.0005437062737549648,-0.0001695906076578214,0.0005389332446082464,0.019694090055448737,0.06974664935045195,0.06544241847537648,0.06578232151409157,0.03476835172942212,0.032105899177757274,0.031456889747130415,30.51211695152527,47.504015835975295,53.002504980855335,0.0029493134900759484,9.416675567626953,-1.0,-0.2581825256347656,0.0,0.0,2.0,0.9413426535017029,-0.3374522317282447,0.9999979186934487,0.002040247232756287,0.9936715275838554,-0.11232495390236055,0.9900231930575514,0.14090449676334116,0.5,0.5
2024-12-26,60.72183954925784,61.5442146527859,60.69315323330291,60.970462799072266,2212100,0.0,0.0,0.0022897615316954593,0.00413445762855639,0.00015681577619272447,0.01927867656366153,0.07197482310218781,0.06918092433388406,0.06906436412842328,0.011906130603589067,0.019015174012775648,0.00794810776632868,41.97175059461019,55.45383579314971,60.42581608289081,0.0053476097016430845,9.435794830322266,1.0,0.0191192626953125,0.4494402006297875,0.00226875110138308,0.005483888183173308,0.9675602373353567,-0.2526404305085556,0.999985503440894,0.005384506296947781,0.996443207383482,-0.08426704254522659,0.984562412134402,0.17503387275635549,0.003876319642278194,0.9961236803577218
2024-12-27,60.82702426203169,61.372086122332654,60.72183624551713,61.15214920043945,1984400,0.0,0.0,0.00021192242451687813,-0.001256226186262228,0.0013345990182751268,0.01860796379455782,0.07125874880378634,0.07149487501346583,0.07020930366375969,0.00855096619623719,0.01622749273736407,0.008505512165616654,35.032889745108676,62.12441066541781,66.66544894035508,0.0048114546698979355,9.617481231689453,1.0,0.2008056640625,0.0,0.0,0.6049203955746619,0.9907608808386935,-0.13562034139367202,0.9999907090834098,0.0043106550383140065,0.9969419267392041,-0.0781459833230306,0.9917470626885629,0.1282098422454672,0.30246019778733096,0.6975398022126691
2024-12-30,61.07565127470261,61.16171387100843,60.33933876137551,60.59752655029297,2521100,0.0,0.0,-0.003159538837450124,-0.001716850790032265,-0.00455543431000183,0.018406333341873606,0.07274154541001254,0.07527373137153895,0.07280591918546563,0.010984572500521218,0.014363650829825754,0.011119036867085161,29.30302456409758,52.776133215029205,56.20715474812065,0.006057318713800179,9.062858581542969,-1.0,-0.5546226501464844,0.3538144719274001,0.0015241256742516,2.0,0.9876766300010177,-0.15650838491861346,0.9999955717281532,0.002975991277540538,0.9951866023921667,-0.09799809395664524,0.9997627221470335,0.02178300725688225,0.0007614825395812648,0.9992385174604187
2024-12-31,60.482772322992695,61.094771332810254,60.40627062286458,60.98002243041992,2634900,0.0,0.0,0.0005543212861353964,-0.0005475581772743929,0.0031461061958703612,0.01779085962266998,0.07248484306310346,0.07496026037499433,0.06911576437345597,0.009340660271386171,0.010612026426806616,0.013137602774556938,24.59524772323897,59.71276625885805,62.668851006813654,0.006370700264934417,9.445354461669922,-1.0,-0.17212677001953125,0.0,0.0,0.7347590114305116,0.9920129628013253,-0.12613596487178574,0.9999967604817867,0.0025453930801105085,0.9959425550126993,-0.08999126132451096,0.9983903847504733,0.05671542680613416,0.5,0.5
2025-01-02,61.09477571683982,61.286022685279896,60.48277666310652,60.76008987426758,3360400,0.0,0.0,0.0006328616360170151,0.001562756264200833,-0.0018065742834366962,0.017524164414537843,0.0689367297172625,0.07359649332320414,0.06868585124884376,0.00892414430917096,0.010935816692297713,0.013352556373441864,36.17378684762123,65.32168320118122,53.602349703687636,0.008095521654682546,9.225421905517578,1.0,-0.21993255615234375,0.12430881427146545,0.00018156468234283626,1.199574227014255,0.9984728631845066,-0.055244379661044625,0.9999923347367945,0.003915414110236452,0.996698962537358,-0.08118607070769057,0.9981157123369784,0.06135979779991289,0.00015133469961089508,0.9998486653003891
2025-01-03,60.769648654501566,61.39120857596421,60.54971173018691,61.08521270751953,3200500,0.0,0.0,0.000526718528746069,0.0008166206890858725,0.0025413561706164956,0.01716981393384129,0.06903204964327436,0.07423606541671525,0.06920223407492723,0.007339023124544576,0.006354532970640989,0.01467491378331461,45.41990335195828,69.88364498475016,59.71474709270121,0.007751564716174126,9.550544738769531,1.0,0.10519027709960938,0.29643724315395303,0.0009634057737161594,0.22875582131762764,0.9996450274299118,-0.02664243109498465,0.9999889431007438,0.0047025180762370064,0.9972389106171247,-0.07426005084276807,0.9981401701604788,0.060960648881144996,0.1148596135456719,0.8851403864543281
2025-01-06,60.75052665530636,60.86527921622278,58.76152968751664,58.80934143066406,5393100,0.0,0.0,-0.0149875403308387,-0.004301852353516048,-0.01898227399246533,0.01938269038271471,0.07736796154941641,0.0770853727681974,0.08088527729047959,0.0301506163735398,0.010366507534310676,0.040320364930029426,39.744108585341166,61.735805252955046,51.94873725664707,0.012575354722473942,7.2746734619140625,-1.0,-2.2758712768554688,1.721246975589878,0.05598341312802642,2.0,0.9205064009960758,-0.3907274826848652,0.999999644843925,0.0008428001090297316,0.9528775810564157,-0.3033550980617829,0.9999963640327526,0.0026966500096387435,0.027229506216128373,0.9727704937838716
2025-01-07,58.962340956815474,59.47871653542573,58.15909127268913,58.22602844238281,4046800,0.0,0.0,-0.0038662934355059362,-0.008645464822571766,-0.003739880994623417,0.019797365579027077,0.08761000299592041,0.08564957471305362,0.09463995252139751,0.03037294812518606,0.024064007938173766,0.04036395524081096,35.03432983854416,54.388256929108614,44.31706443177003,0.009342527065933536,6.6913604736328125,-1.0,-2.8591842651367188,0.0,0.0,2.0,0.7914875483322276,-0.6111852917365075,0.9999992138421927,0.001253919852490995,0.943232153394079,-0.3321341668717159,0.9999947483700916,0.0032408690558567246,0.5,0.5
2025-01-08,57.92959169070568,58.32165380750904,57.088091178614775,58.302528381347656,5362400,0.0,0.0,-0.009293069655103223,-0.009822233364363034,0.0006564909156179038,0.019870429913386473,0.1032596093129259,0.09898012840603623,0.10230450079559524,0.029890126021441924,0.02674257862346564,0.03842298104554419,30.514910546305522,46.46781491463113,52.19520543666368,0.01239601378753035,6.767860412597656,-1.0,-2.782684326171875,0.0,0.0,2.0,0.7604187301513826,-0.6494331026633604,0.9999951601273211,0.0031112251499085474,0.9111357304018605,-0.41210639498200985,0.9999977617297363,0.002115782483490803,0.5,0.5
2025-01-10,58.13834808214715,58.360470894037576,56.27444396057051,56.49656677246094,5938000,0.6,0.0,-0.007177390811217123,0.00033267380610206153,-0.015731496894353388,0.021678281739283854,0.11968527298920613,0.10832412712806805,0.11915039295937843,0.025430942512681076,0.025393972206300568,0.043340194447236496,41.045560933301886,37.979298214959826,42.67120702419867,0.013301410773527375,4.9618988037109375,-1.0,-4.588645935058594,0.0,0.0,2.0,0.8314657809664597,-0.5555759669764659,0.9999944526034209,0.003330880121601962,0.8900746463892556,-0.45581479117624246,0.9999985879320976,0.0016805159358947816,0.5,0.5
2025-01-13,56.89252699080346,57.52992402407588,56.44828135514072,57.29814529418945,6108100,0.0,0.0,0.0015421681305462925,-0.007166658380520203,0.0070440753104505,0.021196613626319215,0.12909419848026865,0.11963303593193891,0.127411354939515,0.02697130416981738,0.02100276419668921,0.0488885036026958,34.07259838137791,49.96127743363779,53.371564333066495,0.013876570872956984,5.763477325439453,-1.0,-3.787067413330078,0.0,0.0,2.0,0.8167199648340375,-0.5770342269237488,0.9999971739285287,0.0023774219137424027,0.9136285547563762,-0.4065499525689006,0.9875879135524385,0.15706722447774155,0.5,0.5
2025-01-14,57.09533549511928,57.3078024053412,56.55451599136394,56.7669792175293,5140200,0.0,0.0,0.0007911354028250937,-0.0016277215855270354,-0.003918784038830812,0.020814581516233693,0.13488712238623982,0.12851282974924133,0.13350144102723793,0.021727545412967324,0.022704444892990384,0.037525477843520824,27.89979939501053,59.60087449772244,43.16519214414896,0.011569411195980728,5.232311248779297,-1.0,-4.318233489990234,0.0,0.0,2.0,0.8430826996745575,-0.5377839357116013,0.9999977133427186,0.002138529713157943,0.9303393059549064,-0.36669984428049995,0.9914961668902281,0.1301358945179415,0.5,0.5
2025-01-15,56.98910037928116,57.17259586332794,56.20684256727191,56.31307601928711,4951300,0.0,0.0,-0.002969958760580778,-0.0011376424731021312,-0.0038664861129303575,0.02070859452539077,0.13303753602719892,0.1304798510211963,0.13516407435900604,0.02148975093901163,0.019352799991816473,0.0373880201601008,22.686770836613004,48.17931611992562,34.82938355537562,0.011055132368813947,4.778408050537109,-1.0,-4.772136688232422,0.0,0.0,2.0,0.8721680556206942,-0.48920638053363297,0.9999981116852295,0.001943354310286393,0.9997801450807392,-0.020968106789504334,0.9999987837117273,0.0015596714608739656,0.5,0.5
2025-01-16,56.081297048612214,57.24985772437382,55.95574808088496,57.13396835327149,3794800,0.0,0.0,-0.0017157689156337033,0.0005175157357314665,0.005545780355581934,0.020571012642527586,0.1333022812486894,0.1289530025666807,0.13431095110979416,0.015688887034884122,0.014117986211518288,0.04282539003099609,37.0033291921435,39.164407620729634,46.716002036532196,0.008596441993037131,5.5993003845214915,-1.0,-3.9512443542480398,0.0,0.0,2.0,0.908081097487687,-0.41879436527436475,0.9999980902033925,0.00195437702806579,0.9974903454835702,-0.07080261765689008,0.9999996885795516,0.0007892026354872134,0.5,0.5
2025-01-17,57.10499489110802,57.73273233920143,57.066363874101995,57.58787155151367,4458400,0.0,0.0,0.009826535480591253,0.00419954546649739,0.003956554380743048,0.019777620635057225,0.12914899881045244,0.12270832673104622,0.1268313130622666,0.02286735645427484,0.01853962082788595,0.026185002795546107,47.936722227924136,49.624657614658986,55.717392105457606,0.010179946896989995,6.053203582763672,1.0,0.4539031982421804,0.5601364758734917,0.008562826579281785,0.013196498388209908,0.938941635786534,-0.34407645165937717,0.9999966557276159,0.0025862199411713503,0.9710769674522937,-0.23876667121618322,0.7066813181137385,0.7075319884139721,0.010879662483745847,0.9891203375162542
2025-01-21,57.887254071526584,58.91095394169179,57.81965163221967,58.00314712524414,4676900,0.0,0.0,0.006556827258720814,0.010101031955154795,0.0035926283761868886,0.019862772461530055,0.1288935368607696,0.12053244738255148,0.12557568299533797,0.025115034134550622,0.022037465363640405,0.023584080298844887,56.21698122397173,57.450577072863254,62.492504614910565,0.01075585892498267,6.468479156494141,1.0,0.8691787719726491,0.0,0.0,0.048389423195307035,0.9777982520164872,-0.2095485107403588,0.9999923826535831,0.003903157031148122,0.9862648133826056,-0.16517178295149,0.7788689204148556,0.6271867383896103,0.024194711597653518,0.9758052884023465
2025-01-22,57.92588352269299,58.38944467285519,57.20156853480395,57.28848648071289,4112900,0.0,0.0,-0.004725621819205627,-0.0039097826034405645,-0.005451200299252838,0.02015515832401708,0.1278889692003007,0.11653973312268365,0.12497290640550932,0.029705564139524302,0.024880727459064767,0.02562009148499558,47.92076111240385,49.23483765151197,53.54389188934677,0.009342238583457077,5.753818511962891,-1.0,-0.71466064453125,0.0,0.0,0.6760541942071594,0.9150889894560816,-0.40325195768433325,0.9999948974617062,0.0031945344812204122,0.9825351936129934,-0.18607684786635215,0.9435927924737849,0.33110820284542136,0.5,0.5
2025-01-23,57.172599503106504,57.607189250810286,57.02773502585301,57.52027130126953,3450600,0.0,0.0,-0.0012767399133909855,-0.00565782698876447,0.0016937778165471182,0.01935965302737694,0.12632558356404147,0.11614444192826266,0.12377252386649631,0.028744822274399204,0.030208384074363322,0.022464210042766383,41.298878328904394,42.90202795411615,59.424751347105165,0.007869569930588512,5.985603332519531,-1.0,-0.4828758239746094,0.0,0.0,0.30864034980992977,0.8745552273133633,-0.4849259266928006,0.9999973993932987,0.0022806154080537364,0.9828210167668942,-0.18456123374449038,0.9749889670251983,0.222253265845829,0.5,0.5
2025-01-24,57.50095424890014,58.331502703543435,57.37540528425354,58.31218719482422,3522900,0.0,0.0,0.003038992264181868,0.006247383341346641,0.00683673560793319,0.018903840308667364,0.12405732425740289,0.11448515681015996,0.12034003799821869,0.02725817908923327,0.03212747015003679,0.02201952813790589,48.437325838469114,49.10258683831956,63.834671059447366,0.008145075272750595,6.777519226074219,1.0,0.7919158935546875,0.0,0.0,2.0,0.9870090029624736,-0.16066495595189323,0.9999951670101995,0.0031090121008255822,0.9880319237242308,-0.1542495306371975,0.959654579723182,0.2811815918873831,1.0,0.0
2025-01-27,59.34554185756492,60.94869221077956,59.34554185756492,59.52903366088867,5232200,0.0,0.0,0.01687903175526515,0.02194152607745159,0.010326152913456182,0.020358277951212412,0.12063069989052158,0.11418010957702525,0.11592715743895031,0.038189882116648394,0.05200837828783138,0.02773393139036483,54.47124819107403,53.822740997181405,66.96425694416425,0.012349478669537282,7.994365692138672,1.0,2.0087623596191406,0.0,0.0,2.0,0.999711150923575,-0.02403361643742025,0.9324526785591715,0.36129212868235366,0.9990130147012068,-0.044418424753770024,0.7501792048215891,0.6612345730928234,1.0,0.0
2025-01-28,59.11376054261507,59.5483502786431,57.71341747499435,57.75204849243164,3885300,0.0,0.0,-0.01035353880535096,-0.008629744298144303,-0.011251127858670428,0.021755251529692165,0.11427320950641952,0.10881505308984567,0.11076783124713883,0.05097255872935298,0.059797178178799086,0.046072911333679405,48.73592078146009,49.04301210415851,61.24763042721611,0.008896668463008763,6.217380523681641,-1.0,-1.7769851684570312,0.0,0.0,0.7825470924012768,0.6746450459565589,-0.7381423046853991,0.9950762760902397,0.0991120818184185,0.9935665648555128,-0.11324964106440341,0.984426141375547,0.17579866943879782,0.5,0.5
2025-01-29,57.89691211216184,58.389444683027314,57.5878713453332,57.84862518310547,2878900,0.0,0.0,-0.0008068098443121435,-0.007281101374101545,0.0006190332492343332,0.021157321890240756,0.10633236303386513,0.1040046377351344,0.10276768888987217,0.04949006749687804,0.06315572520770514,0.04376202131210811,43.67476982717994,44.652150217964014,64.66510545942296,0.006603209509441966,6.313957214355469,-1.0,-1.6804084777832031,0.0,0.0,0.6997978501919776,0.6967318766667315,-0.717331647173366,0.9999954378763427,0.0030206334603142143,0.9932804384753888,-0.11573232280629005,0.9937126077300036,0.11196094514801133,0.5,0.5
2025-01-30,58.31218698572652,58.86266608805215,57.78102339205084,58.572940826416016,3233300,0.0,0.0,0.0016742125089896853,0.004035930798284261,0.006221490297178351,0.020722182641041056,0.09899923631746507,0.09862551422510268,0.09636014938076441,0.04919325878090917,0.06104494975987439,0.045052413505720555,49.76531240377096,49.930188711473484,68.00314701701988,0.0075089374572791115,7.038272857666016,1.0,0.7243156433105469,0.0,0.0,0.18579156885543816,0.8708715114059117,-0.49151074313954013,0.9999936044101152,0.00357647016848387,0.9946533088709149,-0.10327049507066646,0.9879326331821952,0.15488418994104658,0.09289578442771908,0.9071042155722809
2025-01-31,58.15766440595184,58.72745899542572,57.99348443065101,58.08040237426758,4017600,0.0,0.0,0.0018351279793435403,-0.001149816725940602,-0.0042222403459205035,0.020307862892164488,0.08969885496643626,0.09261586023267038,0.08569554642774659,0.04904065944419411,0.0603548287236304,0.044310303645984934,44.21675634989492,54.82022990897668,61.70956529309213,0.00925191783073943,6.545734405517578,1.0,0.23177719116210938,0.0,0.0,0.019024430419720774,0.8983220894084852,-0.43933748267223166,0.9999931174611159,0.003710125388578067,0.9951953828588346,-0.0979088858912084,0.9844204291586088,0.17583065334343867,0.009512215209860387,0.9904877847901397
2025-02-03,57.80999283071019,58.12868950236496,56.950472987571146,57.81964874267578,5434900,0.0,0.0,-0.00907408676808367,-0.005123987918120354,-0.0022498146383792012,0.02039787499287752,0.07779538881182774,0.0844494800007755,0.07412177322903817,0.031565333082554506,0.028573556071706592,0.035316749906178335,39.27766887248543,49.4263909384616,55.81549707172835,0.012459553000253195,6.284980773925781,-1.0,-0.2607536315917969,0.8305504044796947,0.017463210184989114,1.2656666608375755,0.8966681354462608,-0.44270334861544275,0.9999956291084175,0.002956647435916248,0.9831399145803077,-0.18285488333382102,0.9968814089180267,0.07891423543068886,0.013609853982334741,0.9863901460176653
2025-02-04,57.71341739097159,57.72307698734515,56.57383185068336,56.89252853393555,4615100,0.0,0.0,-0.00281726992430617,-0.0029730228314493565,-0.00686303293207292,0.02081366756961184,0.060920716025393805,0.0734514039376797,0.055531446450483087,0.02010232910766077,0.022828786314410852,0.024122269848814507,34.90192624998817,44.39441527179665,50.347622421031154,0.010410505236618846,5.357860565185547,-1.0,-1.1878738403320312,0.0,0.0,2.0,0.909677778557802,-0.4153147471474407,0.9999971489192252,0.0023879182190780644,0.9776008682446607,-0.2104674378788447,0.9990447073406529,0.04369980245526649,0.5,0.5
2025-02-05,56.89252714630057,57.578211109835394,56.66074473172415,57.5106086730957,4122200,0.0,0.0,0.0006855719324989565,-0.0011222248611065546,0.004825638644535061,0.02025876497739326,0.056720075143575785,0.06389951626152128,0.05277267102965883,0.020849400700008215,0.015478376731667343,0.02778426654721447,31.045588696183334,49.99809338843738,54.71148369965774,0.009399667216191938,5.975940704345703,-1.0,-0.569793701171875,0.0,0.0,2.0,0.9252174363408632,-0.3794373406648861,0.9999975331258194,0.0022212028893469947,0.9877572218422955,-0.15599894454255175,0.9972712568994676,0.07382438731310993,0.5,0.5
2025-02-06,58.16732500444816,58.19629642663577,56.989104714728605,57.21123123168945,4991800,0.0,0.0,0.0028892249712936377,0.0053386995976265885,-0.002609594142272492,0.020417335300921286,0.054531935080761866,0.06114837015554896,0.052421625257799906,0.021924068569500344,0.017809460929137145,0.02197119270366825,38.41803299689949,54.63231139552184,49.71639490866478,0.011323323790200903,5.676563262939453,1.0,-0.29937744140625,0.4732194392906166,0.006949510072956082,1.6683868336759076,0.9592413625611502,-0.2825880541562716,0.9999956194542456,0.0029599108634576084,0.9963690329773579,-0.08513959198730459,0.9845603483717222,0.17504548098752215,0.0041481282841422246,0.9958518717158578
2025-02-07,57.19190962227196,57.336770401816295,56.60279954024512,56.805606842041016,7988100,0.0,0.0,-0.0034008160794308305,-0.007439653844693058,-0.0035575832175431424,0.02001724242430742,0.0551789210917525,0.06276833366087615,0.05263849371722817,0.020542185295019198,0.021820674224938778,0.021727197836918937,34.06727955807156,49.15964414187623,44.619001874129744,0.01799161511387159,5.270938873291016,-1.0,-0.4056243896484375,0.0,0.0,2.0,0.8065538837436506,-0.5911605810759323,0.9999981296183834,0.0019341043753506692,0.9928767848578309,-0.11914566752667269,0.9999661031589087,0.00823362211828946,0.5,0.5
2025-02-10,56.74766268619179,56.86355573552767,55.868827324372106,56.0909538269043,4939900,0.0,0.0,-0.004035629681749797,-0.0025625096908090572,-0.003914616147568424,0.020090990202479588,0.05711108846942843,0.0660456865116458,0.05502211985047841,0.01669022788947636,0.021289629657517007,0.023236065775623156,29.82204078301465,43.49108867672965,39.14515438932038,0.010986173108534114,4.556285858154297,-1.0,-1.1202774047851562,0.0,0.0,2.0,0.865094057263924,-0.5016096810136769,0.9999990137180202,0.0014044796142122975,0.9884434532808063,-0.15159003814998687,0.9999998704524377,0.0005090138582480201,0.5,0.5
2025-02-11,56.01369357445563,57.37540563295513,55.888144609045995,57.31745910644531,4481500,0.0,0.0,0.00015681106242086882,0.0040647479242316605,0.009811364094292509,0.02011012466442534,0.05938700474215922,0.06644418740081554,0.055002467719515356,0.016686093703069397,0.024581743515983853,0.03185366049704716,38.879380938354366,50.67343900239587,46.683720330419604,0.010184642422493381,5.7827911376953125,1.0,1.2265052795410156,0.0386352311388336,4.46366934623621e-05,1.1986370307487748,0.9737522173393056,-0.22761067467670706,0.999998044676044,0.0019775348514498897,0.9932079640807506,-0.11635265397304163,0.9998638763602907,0.016499356041168343,0.5993408337211186,0.40065916627888143
2025-02-12,56.622117005776815,57.230538932205015,56.11026525166143,56.438621520996094,5724800,0.0,0.0,0.0019832481808597863,-0.0012640417676392797,-0.007725631725370965,0.020492287074050614,0.06077775083891337,0.06669398239377404,0.0563797481455185,0.017563973794017702,0.024582760572324523,0.03305274057372683,33.74569100183778,57.24248978884853,40.47356742504453,0.012810679672514091,4.903953552246094,1.0,0.3476676940917969,0.0,0.0,0.09631136121085615,0.9808365893917665,-0.1948321968010604,0.9999984888423459,0.0017384800903858444,0.9979858580122078,-0.06343679695285218,0.9951040790216642,0.09883254481417308,0.048155680605428075,0.9518443193945719
2025-02-13,56.477257573550496,57.60719095092719,56.25513473684804,57.50095748901367,4581000,0.0,0.0,0.0010316782804525996,0.0026245549717466023,0.007460831784062815,0.020356542836383475,0.06060914348103494,0.06546253842484627,0.052870208078117216,0.01602765977779893,0.02233562299906387,0.039689324378442956,42.59199781307731,63.052852279362995,48.205580616113394,0.010444095238817164,5.966289520263672,1.0,1.410003662109375,0.0,0.0,1.5841245625749554,0.9955430536826064,-0.09430815587376817,0.9999977708645169,0.002111460631206055,0.9993306915600267,-0.0365809910494324,0.9946831855788344,0.10298233016756837,0.7920622812874777,0.2079377187125223
2025-02-14,57.674788406767824,58.44739031199095,56.8056089608565,56.82492446899414,4690300,0.0,0.0,0.004868836043395292,0.007239691461729669,-0.005913210625987909,0.021191091590312572,0.05804952908652407,0.06392989248198784,0.053730135043895094,0.01887849976104915,0.02044667344558579,0.04114783716343415,48.08867550626477,66.82684015027371,43.21223613591693,0.010567565398564915,5.290256500244141,1.0,0.7339706420898438,0.0,0.0,0.4292459683307053,0.9885924922020224,-0.15061502037245247,0.9993638624723277,0.0356632918333468,0.9984585369119672,-0.05550270324600265,0.9806360659393917,0.1958389802335407,0.21462298416535264,0.7853770158346474
2025-02-18,54.903076511816934,55.66602254301775,53.26129876292775,55.58876419067383,8367300,0.0,0.0,-0.03220141522303225,-0.024373714705274604,-0.010996528030165287,0.02469408844616101,0.08366463960731702,0.07478431669554086,0.061826089394138216,0.06902007184795667,0.05729341745915563,0.0455769671031484,42.7546410088757,56.072454809746375,37.811959122702234,0.018441991385260977,4.054096221923828,-1.0,-1.2361602783203125,2.993835973920291,0.5453406866629067,2.0,0.42240556378854577,-0.9064069393382206,0.9999999820969021,0.00018922525034267737,0.9277259184732858,-0.37326213334987296,0.9999999999901781,4.432132023006484e-06,0.21425056752535587,0.7857494324746441
2025-02-19,55.62738906499435,56.23581468054629,55.47286868308267,56.00403594970703,3864200,0.0,0.0,0.009393098934911335,0.002351546067087381,0.0017185828675288545,0.02373327189204592,0.08518457336462662,0.0789071464477996,0.06509224236648962,0.08596416041516419,0.05765793566797794,0.03804623467037828,49.68119510089451,62.892273012403386,45.921182737994734,0.008580535196382138,4.469367980957031,1.0,0.4152717590332031,0.0,0.0,0.11285355036018768,0.7600856976764729,-0.649822846772618,0.999999834346721,0.0005755923301757564,0.9987009033658512,-0.050955918363158464,0.504842505387836,0.8632114716300593,0.05642677518009384,0.9435732248199061
2025-02-20,55.61773333999198,57.20156818092864,55.61773333999198,57.16293716430664,2953100,0.0,0.0,0.0009965605228991785,0.006506218588284174,0.007826097884840713,0.0235703448721378,0.0868653980362154,0.07949448429397261,0.06515694813508621,0.08586702312231917,0.061477017641002316,0.04203758459797911,55.38003518763481,68.27114247516684,52.08619688272577,0.006693112803969009,5.628269195556641,1.0,1.5741729736328125,0.0,0.0,1.6216433120145066,0.9545063819926815,-0.2981904873319088,0.9999988001409293,0.001549101901651433,0.9996361103021832,-0.026974932435901343,0.7483517746198141,0.6633020589621105,0.8108216560072533,0.1891783439927467
2025-02-21,57.22088147773117,59.191019040631645,57.162934955037734,58.91094970703125,5218900,0.0,0.0,0.013700943950815841,0.017092590749924357,0.01505948142033181,0.023696341730378757,0.08701712056918963,0.08164874961259513,0.06952184831663431,0.09087847811581906,0.07073090788387332,0.048585246687273716,60.87598110612405,72.50160411760135,58.49397717614723,0.012190189436412244,7.37628173828125,1.0,3.322185516357422,0.0,0.0,2.0,0.997649632517528,-0.06852160781564649,0.9915588054060628,0.12965776267428678,0.9998255656539458,-0.018677212446387138,0.7378527845324099,0.6749616791772471,1.0,0.0
2025-02-24,58.553623446657085,60.23403212088237,58.17698025016026,59.23930740356445,5464900,0.0,0.0,0.008791798514143773,0.008733620543650608,0.002779153465792636,0.02436209853514181,0.08946400757836911,0.08853088817426358,0.07389960506113778,0.0919166591484477,0.07127014007766704,0.04402470139001124,66.93866252371666,76.55527310276564,65.00553162536823,0.012835939069705204,7.704639434814453,1.0,3.650543212890625,0.0,0.0,2.0,0.9996791574022399,-0.025329474047989298,0.9722313006146363,0.23402200346371868,0.9991824265890057,-0.04042868283417344,0.7703004940548348,0.6376810714290313,1.0,0.0
2025-02-25,59.34553854130341,60.39820974166643,59.268276512185686,59.480743408203125,5410600,0.0,0.0,0.009199630718713934,0.001347453440261483,0.0020134514900265904,0.023921814463718896,0.08888807779789387,0.08441729197099566,0.0735600042013687,0.031295801178004186,0.02606866634003212,0.025341290117382374,72.73925825127023,80.63123808328442,71.144833937763,0.012760193822480488,7.946075439453125,1.0,3.891979217529297,0.0,0.0,2.0,0.9998267140429438,-0.018615635527412643,0.9766566336443967,0.21480647094162367,0.9998083316633168,-0.019578047313638457,0.7760413084895366,0.630682081177076,1.0,0.0
2025-02-26,59.00752496450025,59.171704940675745,57.047046950773286,57.25951385498047,5311500,0.0,0.0,-0.01874684849317279,-0.010069759327342912,-0.018678610014014555,0.02611073445880371,0.0876359334636042,0.08295656014856241,0.07347964800341594,0.05825393595982187,0.04574758908149216,0.05835676258561636,60.17004021136753,67.08843656883671,59.18152796842096,0.01205869463210578,5.724845886230469,-1.0,-2.2212295532226562,1.1299332993869768,0.03895632814259359,0.3257210762076888,0.7911643865075145,-0.6116035591150433,0.997880107762944,0.06507910978966454,0.9998391064741389,-0.01793770233323098,0.9292179880225833,0.3695320429073266,0.1068240797973186,0.8931759202026814
2025-02-27,56.979442673870025,57.96451144692878,56.68005783525551,57.925880432128906,3976300,0.0,0.0,-0.0024157453815450234,-0.007715208225166905,0.004330895952993754,0.025550628488750983,0.08646757025776575,0.08278248993403438,0.07359735750734835,0.05952597158143123,0.053526333723812526,0.05592313931169695,50.1786900270781,56.240581634154466,65.87184912628896,0.009132448711476705,6.391212463378906,-1.0,-1.5548629760742188,0.0,0.0,0.1596037972273305,0.7945141529711446,-0.6072456345899448,0.9999981316141939,0.0019330721976493859,0.9995938460411513,-0.02849812198477543,0.956029619518199,0.29327012565873073,0.5,0.5
2025-02-28,58.650194017490136,59.07512411823818,58.003141112892685,58.54396057128906,8139600,0.0,0.0,0.011536853608656144,0.009489201379912146,0.005306782715896537,0.02487727408796305,0.08727417110669797,0.08337936975374853,0.07348579815684413,0.05750187462088557,0.0435566320251567,0.046564826163581256,58.288845051501404,63.3802314785912,71.41876820923389,0.018893856735663263,7.0092926025390625,1.0,0.6180801391601562,0.0,0.0,0.15801755306672277,0.9649559734313757,-0.2624118315532022,0.9990764668164352,0.04296758608053606,0.999352163467338,-0.0359896286887068,0.7748519730531392,0.6321427211126117,0.07900877653336139,0.9209912234666386
2025-03-03,58.457048213903114,60.06019860333335,58.05143358137507,59.94430923461914,4098800,0.0,0.0,0.0002095418650671343,0.004163726448243559,0.005951336238972533,0.024954291840210852,0.0875047062865214,0.08848508398646017,0.0826995777841334,0.05452424964837029,0.04308724986774466,0.05294223941746739,65.08124392163823,69.31362495755717,76.23426126455331,0.009741820939538392,8.40964126586914,1.0,2.0184288024902344,0.0,0.0,1.6851657543023644,0.9987584340936495,-0.04981556309830436,0.9954994760638592,0.09476704678622101,0.9994580087514211,-0.03291942804248208,0.9269587099535913,0.37516336447096466,0.8425828771511822,0.15741712284881781
2025-03-04,60.47547231911607,62.10759411586117,58.997870907364266,59.04615783691406,6004100,0.0,0.0,0.008085800510504065,0.016758881100797218,-0.007548095404694383,0.027286164470083706,0.09469630706418246,0.10766777822110626,0.08586020770826808,0.053516546884753546,0.05530981971262098,0.05557543258259449,71.49155252921895,74.41714380181486,63.52516264461053,0.014056429386592618,7.5114898681640625,1.0,1.1202774047851562,0.0,0.0,0.5191189808115255,0.9997432728470816,-0.02265807575690588,0.9826271053770543,0.18559087202314484,0.9998443579805669,-0.01764255691298513,0.9197238170729667,0.3925660457919561,0.25955949040576276,0.7404405095942372
2025-03-05,58.52465029444827,59.61595258832603,58.23492503240775,58.87232208251953,4950000,0.0,0.0,-0.005365397325621815,-0.016875950562753483,-0.0012153868035590456,0.027087539403689843,0.09721206703791709,0.10895822270628955,0.08715027891048079,0.033926269955517126,0.06934988068783332,0.033308460321613026,59.16365605277482,62.32120657239009,53.51965693652081,0.011554517641968756,7.337654113769531,-1.0,-0.17383575439453125,0.0,0.0,0.024078368681835972,0.5903752499847454,-0.8071289018523926,0.9985755706160462,0.05335569106325753,0.9996396546315255,-0.02684326522918787,0.9780022658526896,0.20859426642888595,0.5,0.5
2025-03-06,59.31656676499928,60.494786986728414,58.70814482982854,60.08917236328125,4582500,0.0,0.0,0.003746154543205041,0.006773645762533707,0.00946952096748528,0.026767152580839577,0.10119515928503896,0.11248488583794576,0.09448570768335336,0.031272938166014466,0.06405940178617783,0.0363608045175111,66.0077996379069,68.38910222409648,61.106643710680146,0.010917775283441712,8.55450439453125,1.0,1.2168502807617188,0.0,0.0,2.0,0.9169778031585386,-0.3989382264393079,0.9999722990741179,0.007443190473368919,0.9998000440406191,-0.019996798153106225,0.9768832776941818,0.2137733888056979,1.0,0.0
2025-03-07,59.490402049194145,63.79766090060115,59.490402049194145,62.29108810424805,9001900,0.0,0.0,0.00661816274413468,0.026573407878061707,0.017992409335907754,0.02891570184573418,0.10848517859568577,0.13747097678640488,0.11595500251427161,0.026080415995144178,0.07850780146607217,0.046627385869078684,72.54373749801027,73.59282604931498,68.34411037013322,0.022232871432395825,10.756420135498047,1.0,3.4187660217285156,0.0,0.0,2.0,0.9999922295260991,-0.0039421932247753165,0.9640520589804741,0.2657134313043067,0.9999574079367614,-0.009229426439028647,0.9747337488980117,0.22336991462421213,1.0,0.0
2025-03-10,63.102321465683154,65.04348779650483,62.851230895294506,63.063697814941406,8862600,0.0,0.0,0.027045753630464894,0.009519849414424589,0.006068008873357944,0.029638827210114727,0.13993254740932481,0.1636477586752571,0.13636021244761232,0.055108851319508406,0.0786093235252996,0.04454769322543575,77.90970215821388,78.03637500244035,74.32220278170456,0.022160320450995766,11.529029846191406,1.0,4.191375732421875,0.0,0.0,2.0,0.9999910477701714,-0.004231356699060685,0.9379920227697819,0.3466568407232908,0.999946266817617,-0.010366459256236547,0.9139944619782848,0.4057266610330478,1.0,0.0
2025-03-11,62.46492675852659,62.725676920162584,59.98294095226208,60.19540786743164,7594400,0.0,0.0,-0.020009496811399973,-0.015544768552466275,-0.019940514415908005,0.03248883260682372,0.14258288511123765,0.16672751642321335,0.1333448525815646,0.08334603286991758,0.08935595657087035,0.07041750463481344,64.4388526046971,65.97983799743803,62.28970840320162,0.018125595528760207,8.66073989868164,-1.0,-2.8682899475097656,0.0,0.0,0.46830944040970146,0.6803334311391291,-0.7329027373904806,0.9983535717677651,0.05735979200229068,0.999993789402793,-0.0035243660199090663,0.9820826481574653,0.1884507155412795,0.5,0.5
2025-03-12,59.04615746064899,59.43246026269882,57.94519926408051,57.97417068481445,5266500,0.0,0.0,-0.011982854926428895,-0.018695045336003586,-0.013035205097398332,0.034096501406466646,0.1396050993238762,0.16309449257582992,0.13211105097262987,0.09105121676924752,0.09770672893103512,0.08215002952332061,54.481921979314976,56.947091600959624,52.84410766064214,0.012105760804777292,6.439502716064453,-1.0,-5.089527130126953,0.0,0.0,1.4744894801589574,0.6169237066404896,-0.7870229603924902,0.9996530496591013,0.026339709703379545,0.999742897678325,-0.02267462329888238,0.9979633243801961,0.06379030641114357,0.5,0.5
2025-03-13,58.292867341209664,59.17170266011816,57.587867903760554,57.800331115722656,4059600,0.0,0.0,-0.0023841083284106383,-0.0016947209650070496,-0.0011574356937645142,0.0337135338272833,0.1370158317645586,0.15874064646970543,0.12803285972286532,0.09038638243373881,0.09582902415747546,0.07693342064883296,46.23435456194114,49.295452391241355,44.7361105058403,0.009303557055712175,6.265663146972656,-1.0,-5.26336669921875,0.0,0.0,1.5769359995708305,0.7421730568962126,-0.6702082912179848,0.9998277037031368,0.01856240576306324,0.9999999999999986,-5.292872080023401e-08,0.9991240073385186,0.041847556198896074,0.5,0.5
2025-03-14,57.07602195691861,58.167324282473295,56.93116116372181,57.52027130126953,5510200,0.0,0.0,-0.00573447701562128,-0.008559627634685072,-0.0024285323574745644,0.03299291208320286,0.13543015578902357,0.15715067759759968,0.127987377413382,0.087889297330912,0.06328753084080653,0.0558483327297191,39.0521248036506,42.435551399296585,37.74867340539899,0.012566772222665282,5.985603332519531,-1.0,-5.543426513671875,0.0,0.0,1.7492158353067497,0.7750969834324084,-0.6318422795872248,0.9999987733885216,0.001566276301333223,0.9999495461732159,-0.010045153457252234,0.9999414152917083,0.010824323739395302,0.5,0.5
2025-03-17,57.8389642328943,59.152389303198014,57.655472433152866,58.853004455566406,4770400,0.0,0.0,0.005472411106596944,0.007269111618252037,0.009914649741999054,0.031923378481975836,0.1343721729162056,0.1560722963626524,0.12424236053852969,0.05264288472275391,0.06140888509908481,0.06307453579129575,48.43129204956061,50.41208275946702,47.26710176005658,0.01113163326874101,7.318336486816406,1.0,1.332733154296875,0.0,0.0,0.05780026294994561,0.8762514882874762,-0.4818540539146505,0.9998646931477617,0.016449784087713037,0.9996985079153878,-0.024553885064226566,0.9473332292523282,0.320249516399878,0.028900131474972807,0.9710998685250272
2025-03-18,58.85300528577654,59.355197448215456,58.1769809171631,58.3701286315918,7385200,0.0,0.0,0.0045022657202383335,0.0017113515731516965,-0.0041192878168132534,0.03133016921465622,0.11117873237113485,0.14206768527735092,0.11326692789621058,0.042106557844982205,0.060254974278120065,0.04807759063072927,56.18372483384405,57.06662755627528,40.436251768463656,0.01709182220891746,6.835460662841797,1.0,0.8498573303222656,0.0,0.0,0.023503658050917076,0.9078669675114597,-0.4192583562691937,0.999778368128042,0.021052663091147533,0.9997949107752323,-0.02025182431153486,0.9569189834754983,0.2903550568945183,0.011751829025458538,0.9882481709745414
2025-03-19,57.327116358099246,58.37978760026994,56.10060922756595,57.1725959777832,9743300,0.0,0.0,-0.018169543888416722,-0.008284791878504272,-0.010364414184079466,0.03254915603678028,0.1077873249115546,0.13202576511473202,0.10707179066430579,0.043620766513081395,0.0319537867274136,0.03563864025417448,47.99184446985351,49.15715337435773,34.4799518754205,0.02208662931000887,5.637928009033203,-1.0,-1.1975326538085938,1.5548632055869192,0.07605807351469833,1.9855584647740183,0.9087526034369872,-0.41733524383461545,0.9999952402327731,0.003085370609562665,0.9916116950688832,-0.12925264485733387,0.9979800330951574,0.0635283680208196,0.03689244440085437,0.9631075555991456
2025-03-20,57.33677215531036,57.365747259350435,56.0040352592737,56.31307601928711,7132300,0.0,0.0,-0.0006306087592741225,-0.006413196012420573,-0.005544194522554314,0.032412757041337545,0.10564886187289517,0.13120426015460163,0.11134717846809244,0.04388464114565983,0.034933072474005636,0.0377391598593936,40.71397654711322,41.908489625841234,29.060894142547582,0.015924811785610185,4.778408050537109,-1.0,-2.0570526123046875,0.0,0.0,2.0,0.9067576161988027,-0.4216522565639425,0.9999994603555032,0.0010388882049578976,0.9941810568393417,-0.10772198578660618,0.9983060192244873,0.05818154329474034,0.5,0.5
2025-03-21,56.399996165312615,57.23054093774023,56.11026721793879,56.63177490234375,48561100,0.0,0.0,0.0009475326191025753,-0.0011798490486678596,0.002821721224615866,0.03134116394787266,0.1093820495130471,0.1375185754076931,0.1169740254239904,0.04367638704521353,0.03217470987321654,0.039292025427194816,34.30878786719609,50.76935458323403,40.397949218518974,0.1090395734862279,5.09710693359375,-1.0,-1.7383537292480469,0.0,0.0,2.0,0.9464264889194914,-0.32291934143300194,0.9999995168965069,0.000982958164311484,0.9968864809473178,-0.07885013699717273,0.9982241309713841,0.05956999535357571,0.5,0.5
2025-03-24,56.01369159617641,57.06636284422543,55.80122469053422,56.1778678894043,5381900,0.0,0.0,-0.0003060487920181163,-0.00015919442350363134,-0.00044593111542605836,0.03094623980232672,0.11517486063718747,0.14432324489142187,0.12376686841979728,0.039135137460966966,0.020896761882174753,0.022103049456562694,28.925346804069996,42.85498900140941,33.77683888987649,0.011987712854932903,4.643199920654297,-1.0,-2.1922607421875,0.0,0.0,2.0,0.9593031651670842,-0.282378181346247,0.9999995615047816,0.0009364775728671916,0.9953401350666055,-0.09642621804048677,0.9985213437831865,0.054361070716272455,0.5,0.5
2025-03-25,56.46759508916532,56.46759508916532,55.65636219193776,55.810882568359375,4987900,0.0,0.0,-0.0012045600336447906,-0.00488781478140108,-0.0030370812346161486,0.029962988842989036,0.11886560333684448,0.15268020028011728,0.13080633204378694,0.034861508343178936,0.016171642732848577,0.02226813221012355,24.25501572687972,36.05137088934728,28.12520263132523,0.01103753473828141,4.276214599609375,-1.0,-2.559246063232422,0.0,0.0,2.0,0.9569146567171073,-0.29036931614752404,0.9999998543925471,0.0005396432938436133,0.9954531803649717,-0.09525211651854835,0.998735496805836,0.050273327122839974,0.5,0.5
2025-03-26,55.955744409925884,57.26916947644107,55.84951464241765,57.04704666137695,5204200,0.0,0.0,0.0017322176728570588,0.007047627830255187,0.010953276402061327,0.029045798083679412,0.12230474280447517,0.15679467611923464,0.13136249356083793,0.00804658317108912,0.026386810163892934,0.03255748519563285,36.35323196544707,46.13394701411402,39.65090473919361,0.011771250432079682,5.512378692626953,1.0,1.2361640930175781,0.20280663221564055,0.0013535871282215038,0.23330721046997088,0.9833226482233811,-0.18186964972462208,0.9999993859279783,0.001108216434787021,0.9974232620971105,-0.0717414540385041,0.9947623247583479,0.10221505388819803,0.1173303987990962,0.8826696012009038
2025-03-27,57.49129140499412,57.97416804352841,57.288484100983254,57.61684036254883,4013100,0.0,0.0,0.009807743230532415,0.004717353377101359,0.0038319248866346147,0.027853739366241827,0.12126710457560243,0.15677101464602813,0.13180394012451785,0.02732094286688024,0.023748670347548514,0.027692528776271663,45.24999403828745,54.16926930752688,47.852237471845584,0.00916779461739716,6.082172393798828,1.0,1.8059577941894531,0.0,0.0,0.4979561553818507,0.9928272787826814,-0.119557494557957,0.9999983130724858,0.001836804884249414,0.9999895646685808,-0.004568430139800373,0.8951046852514287,0.4458560333122573,0.24897807769092534,0.7510219223090746
2025-03-28,57.9548538593624,58.39910317684171,56.96012914016419,57.08567810058594,5763500,0.0,0.0,-0.002874038918319257,0.0036514839606822335,-0.00463078116400387,0.027905362966276093,0.12194800788664407,0.15762152897027207,0.13363747409464657,0.02924549144938697,0.023439134018656795,0.030811068637030075,50.52053891966562,48.99102667418968,43.642077958158886,0.013045145185877563,5.5510101318359375,1.0,1.2747955322265625,0.0,0.0,0.24811726064212505,0.9970196854496004,-0.0771475652628122,0.9999929626416313,0.0037516219442997527,0.9999508698074381,-0.009912515893961468,0.9626194151623176,0.27085764074981833,0.12405863032106253,0.8759413696789374
2025-03-31,57.68444315571054,58.57293809184468,57.520266865935646,57.74238967895508,5336400,0.0,0.0,0.004530287653815207,0.001375995516350485,0.0052952771345045465,0.027457193299307087,0.12191608634678498,0.15806640734187588,0.13181664970525075,0.02762635909705561,0.021966000276520382,0.02931237593988483,53.66875004710414,52.77932172300253,47.59766225081753,0.01221739411955774,6.207721710205078,1.0,1.9315071105957031,0.0,0.0,0.5695981036667319,0.9981596825213455,-0.060640318179301225,0.9999957219174206,0.0029250892049213872,0.999999367109848,-0.0011250688437799295,0.9508384090395035,0.3096874551789689,0.28479905183336596,0.715200948166634
2025-04-01,58.022461213235886,58.2156089299217,57.11465073496374,57.67478942871094,4037400,0.0,0.0,-0.002677020507845656,-0.002314843359632795,-0.00044313010037430204,0.02688935399027531,0.12049704073623942,0.15337251616740538,0.13168482607875842,0.029669529872490708,0.01810068837568204,0.02694564548359301,50.26741029869796,48.85160687708148,44.0878072374869,0.009232583655992315,6.1401214599609375,-1.0,-0.06760025024414062,0.0,0.0,0.0012249094486184347,0.9666439355990611,-0.2561239968639372,0.9999999251013126,0.00038703665096608274,0.9999667057478524,-0.008160110035279014,0.9774040640249259,0.21137950616736376,0.5,0.5
2025-04-02,58.012801109707965,58.14800598382843,56.76697845407248,57.16293716430664,3952400,0.0,0.0,-0.002988653091677621,-0.0005687318237205404,-0.00436334099624191,0.026917940163444374,0.12083902179432288,0.15419771949341568,0.13237742367067926,0.031823686408853344,0.015979518285214545,0.022231822804251792,47.06070671841892,45.135254420713714,40.681805968401015,0.008957996358540892,5.628269195556641,-1.0,-0.5794525146484375,0.0,0.0,0.09000011849912953,0.9875550356101015,-0.15727381104663027,0.9999970848731061,0.002414590087302414,0.9999551956634374,-0.009466079742774108,0.9905116411016556,0.13742885010835643,0.5,0.5
2025-04-03,57.99348592895439,59.2586241000466,57.81965003723008,58.881980895996094,7965600,0.0,0.0,0.009186687810065942,0.0094595860167756,0.01481360632092611,0.026807737622525536,0.11949887640466937,0.15283162253606272,0.12932318610540058,0.025901951292532404,0.021297804620522897,0.03675931746778812,50.971856395086306,49.831010642104324,46.11551227032851,0.01859672039127246,7.347312927246094,1.0,1.7190437316894531,1.043015170124903,0.020152279402570625,2.0,0.9999833718717381,-0.00576679980830974,0.9868514356990188,0.16162995965719162,0.9996022805785091,-0.0282007209525502,0.7983392934328465,0.6022079147280809,1.0,0.0
2025-04-04,58.91095040164071,60.465813780378944,57.2884845876579,57.56855392456055,7577900,0.0,0.0,-0.004389895455235657,0.009592307298596753,-0.010729878856681007,0.029403123514001785,0.11510377445651321,0.13559045567647995,0.11025513382387943,0.02736993241526337,0.026701835288666657,0.04450106448162828,55.52239549429494,45.46809561586049,42.15004268528464,0.01729695460249633,6.033885955810547,1.0,0.40561676025390625,0.0,0.0,0.48999999999999994,0.9874418037425682,-0.15798317702092038,0.9540044712574918,0.29979237618844395,0.9999906603720741,-0.004321940377091065,0.9853374126052218,0.1706170663223554,0.24499999999999997,0.755
2025-04-07,56.738005451444984,58.090061523059425,56.042661907865394,56.62211608886719,8031900,0.0,0.0,-0.010992765169297172,-0.02003909339152437,-0.008288223859112721,0.030342054353318267,0.07407278104871319,0.09420497724286107,0.07191936983552659,0.03275072220143981,0.05473159611057567,0.04562967666424503,50.417500009649224,41.72695932007663,38.56980569095537,0.01803183163825462,5.0874481201171875,-1.0,-0.9464378356933594,1.776988129364689,0.12200259446078807,2.0,0.5508357072974809,-0.8346136972073271,0.9999980036302115,0.0019981830725492957,0.9883515386487394,-0.15218816002130184,0.9996255323458505,0.02736412034535289,0.05749408355072703,0.942505916449273
2025-04-08,57.00841632457434,57.452665644050654,54.20773395496301,54.75821304321289,10132300,0.0,0.0,-0.01664327768206264,-0.0055165382939845456,-0.016734580155926746,0.03336660446389432,0.07006876654721043,0.0676330537091895,0.07026761430967801,0.04338658311664261,0.05544843569768787,0.05388496915062476,45.546242250233405,37.0739196064239,34.27122900139379,0.02199848447464922,3.2235450744628906,-1.0,-2.8103408813476562,0.0,0.0,2.0,0.7358015559844313,-0.6771972166296092,0.9999990146450065,0.0014038194385891393,0.9313847043660101,-0.3640364438803345,0.9998635873159339,0.016516862889538523,0.5,0.5
2025-04-09,54.15944885144746,56.39999629625204,53.58965423584287,56.07164001464844,7453800,0.0,0.0,-0.004217993930857418,-0.006801715830622858,0.008718040224646137,0.03383756071236074,0.08326928615533832,0.0709649303224668,0.07155132230418844,0.04304588609137471,0.05754042586818325,0.06392857441480665,40.668888057578584,31.847792336174898,41.84965326180127,0.016571295035713137,4.5369720458984375,-1.0,-1.4969139099121094,0.0,0.0,2.0,0.7889988360098739,-0.6143946913630229,0.9999998589688177,0.0005310954196536193,0.9393449278845147,-0.3429739151271359,0.999986268008968,0.0052405909491658595,0.5,0.5
2025-04-10,56.06187998707985,56.74496716273906,54.89087393202485,55.78864288330078,5031100,0.6,0.0,0.00809625263558998,0.00205793857102141,-0.0017076203979050813,0.03395385264072547,0.08530359416541873,0.07205620792939464,0.07381956806229797,0.048003082956469496,0.05170258751967074,0.0488500458552955,47.36035041923096,41.747454869805686,36.75621703606935,0.01112869401725014,4.253974914550781,1.0,-0.28299713134765625,0.0,0.0,0.4867795026439296,0.8876351103741078,-0.46054740345717443,0.9999997073008902,0.0007651131511532624,0.9851295009201214,-0.17181346401511272,0.8093079597493877,0.5873845642220125,0.5,0.5
2025-04-11,56.061876995122994,56.86206361682499,55.48613259926176,56.569313049316406,4235600,0.0,0.0,0.004540243088981782,0.0008677418126179865,0.005849459562794466,0.03283082708541156,0.0860574056187115,0.07420214202654493,0.0737975392152011,0.05256716087569119,0.041179596084752614,0.05141010655945787,53.48347055374641,50.1661027011645,44.45199110382844,0.009500168314093943,5.034645080566406,1.0,0.49767303466796875,0.46206732057294886,0.008423116130420375,2.0,0.9283970424104491,-0.37158973565416326,0.9999996428090493,0.0008452110824473776,0.994877157593282,-0.10109125233724171,0.8848223709548763,0.46592850509256384,1.0,0.0
2025-04-14,56.55955638188101,57.77935359710028,56.01308961187922,57.57442855834961,4153900,0.0,0.0,0.004634943538753944,0.007847046045656123,0.00863584755496975,0.032144837796195556,0.08329887919165403,0.07165692317270456,0.06802975589126192,0.05026062160034484,0.030730223651819787,0.05190697511686418,58.66771296353243,57.25298019284846,51.09635567550565,0.00948246238422852,6.039760589599609,1.0,1.5027885437011719,0.0,0.0,2.0,0.9724828491054293,-0.23297447970923096,0.9999989489252593,0.0014498787454929767,0.9987312617758601,-0.05035739023815907,0.9179272048937975,0.3967488456389762,1.0,0.0
2025-04-15,57.57442431699772,57.63297591912416,56.19849330849252,56.45220947265625,4145500,0.0,0.0,0.0016489275811155987,-0.001265737155053577,-0.009821825479349788,0.03225718522749312,0.07682948868903776,0.06763744059289313,0.06416099495904416,0.028799391201921855,0.02837184348465337,0.040195231924869845,52.0630345564373,63.262569885676335,44.841183338038945,0.009278832159462196,4.91754150390625,1.0,0.3805694580078125,0.0,0.0,1.8084387199000433,0.9969414980611996,-0.07815145196022363,0.9999990917488825,0.0013477764689450848,0.9994283427061733,-0.033808102513920045,0.9440686620161367,0.3297489369187738,0.9042193599500217,0.09578064004997833
2025-04-16,56.97916704246942,57.05723585122122,54.8518403968167,55.105560302734375,4202500,0.0,0.0,-0.01212650936510822,-0.005019958190118248,-0.012071316705534773,0.03354374666059881,0.07959909175754808,0.06789831846650048,0.06949618442819641,0.0398756356621493,0.02173484722106118,0.04240968507231944,45.92537479654963,54.37253224795272,38.85062269206969,0.00918202772709052,3.570892333984375,-1.0,-1.346649169921875,1.1612492150625187,0.10575413441435513,2.0,0.9834291686710511,-0.18129277483387246,0.9999995922939852,0.0009030015855286234,0.9952533392737843,-0.09731798736298213,0.9917960038392436,0.12783069572096956,0.0502215014972615,0.9497784985027385
2025-04-17,55.33975673899011,56.3936632735186,55.08604056726595,56.12042617797851,3368900,0.0,0.0,0.0017077340699115668,-0.004688791121968711,0.007314468621508553,0.03224880447642422,0.08121054044752224,0.07085823180995392,0.06987784956020769,0.032025453474866836,0.024917798584389944,0.047429883734821224,40.135013917728486,60.72147005118965,47.08165648649356,0.00749625817526375,4.5857582092285085,-1.0,-0.3317832946777415,0.0,0.0,0.7600482571088133,0.9730528043947093,-0.23058239277878878,0.9999998912641486,0.0004663386012958467,0.9969409875778885,-0.07815796368396727,0.992858941944209,0.11929426390831141,0.5,0.5
2025-04-21,55.99357161625939,56.34487380486842,55.788642857887034,56.27656173706055,3885500,0.0,0.0,0.0063369045927908815,-0.0004327665580426526,0.001389143623671315,0.030568228794560365,0.08130782328618193,0.07359854536341136,0.07024505972244978,0.03281390710827248,0.024602662518094523,0.04494348059168848,34.8920884398028,65.845341380825,54.00533299985383,0.008669816877697103,4.741893768310547,-1.0,-0.17564773559570312,0.0,0.0,0.2130184632187598,0.9823374298728084,-0.1871180746771548,0.9999998993118592,0.00044874967573011365,0.9990637018714892,-0.043263374843349106,0.9704174104946381,0.2414333229048572,0.5,0.5
2025-04-22,56.325357646275705,57.03771877636055,55.99357265339126,56.65714263916016,3556000,0.0,0.0,0.001677827207687452,0.005592481100009128,0.003084169630446956,0.02951048765427866,0.08121862346718295,0.07365729394967181,0.06967771521052163,0.031452119007362,0.02123727565576481,0.0403884084543418,43.40236603097615,70.12484081705959,59.83119383940491,0.007988254186377554,5.122474670410163,1.0,0.3805809020996165,0.644055502841951,0.015808364871391384,2.0,0.9968975776761869,-0.07870971746455949,0.999999572742237,0.0009243999909825602,0.9994989430915099,-0.03165221570371699,0.9800910156531696,0.19854873718041757,1.0,0.0
2025-04-23,56.18874278484591,56.45221571724599,55.38855235737142,55.89598846435547,3493700,0.0,0.0,-0.005336767734802265,-0.005068689417224834,-0.006644142069294742,0.02939685671130024,0.08167187121362092,0.07372009248043586,0.06939130868605191,0.03271792590780531,0.022597758069579907,0.03762365677233179,37.62758338106732,61.527746087866966,52.220280662006836,0.007742865329175617,4.361320495605469,-1.0,-0.7611541748046946,0.400090500515617,0.008415510671737477,2.0,0.9543434135620982,-0.29871164856871946,0.9999998625337737,0.0005243399982516726,0.9986176555223022,-0.052562135412677305,0.997437303119555,0.07154597365043608,0.004190124317912091,0.9958098756820879
2025-04-24,55.81792247522365,55.98381311313545,54.87135862529518,55.02749252319336,3532900,0.0,0.0,-0.004690677939668772,-0.004165947596896774,-0.00782968523372971,0.029171933862318096,0.08372215414296509,0.07797322143310072,0.07427847123304618,0.02231137844855762,0.02209937985367379,0.03189712728173806,32.86789233213932,55.041752645188446,46.68245598627659,0.007708085501531822,3.4928245544433594,-1.0,-1.629650115966804,0.0,0.0,2.0,0.9597353127692398,-0.2809059084884642,0.9999999780160362,0.00020968530462910626,0.9975454944124715,-0.07002132944594677,0.9999976493683836,0.0021682383879928118,0.5,0.5
2025-04-25,55.222658924974354,55.25193286653311,54.03213566790983,54.78353118896485,3996100,0.0,0.0,-0.00770611597756341,-0.006579541856411055,-0.0022216470257848736,0.02879926498463302,0.08620921637689703,0.08564532433293941,0.07801117332684655,0.02605342856899196,0.02278978771042531,0.02193146884630496,29.906255108990667,49.69055549148726,41.72848378200746,0.008680041968817906,3.248863220214851,-1.0,-1.8736114501953125,0.0,0.0,2.0,0.9413446378027389,-0.33744669635370617,0.9999999984306602,5.602391943286056e-05,0.9966327043495619,-0.08199544268359595,0.9997067213623693,0.02421716876313437,0.5,0.5
2025-04-28,54.72498234314636,55.00797245912922,54.03213471739716,54.4029541015625,3566500,0.0,0.0,-7.850217013517639e-09,-0.0019747295062479036,-0.0031108540245442925,0.028210480092659338,0.08849523943511962,0.09214987417509643,0.08415183636001776,0.017760133138122903,0.022435338244970283,0.019768495306066645,26.928722129716927,44.61162404787951,36.7995240153391,0.007693078539973579,2.8682861328125,-1.0,-2.2541885375976634,0.0,0.0,2.0,0.9523274431653059,-0.3050777622086393,0.9999999400714511,0.0003462038333667681,0.9972785579222319,-0.07372569367970452,0.9997291653344713,0.023272214755827258,0.5,0.5
2025-04-29,54.51029914881823,54.87135808618681,53.6808347998314,54.79329299926758,3275400,0.0,0.0,-0.0029952437124821036,-0.001141832774627424,0.00328288927458397,0.027560800427930715,0.08823877469650429,0.09692533215684371,0.0845147755481645,0.012761595463981363,0.009679360811726597,0.020119416870243562,23.909556978603394,39.651427490707135,44.356621865838456,0.007115856830443179,3.258625030517578,-1.0,-1.8638496398925852,0.0,0.0,2.0,0.9574417600989835,-0.2886265338089353,0.9999999627744934,0.0002728571270385209,0.9948539762223427,-0.10131912946030676,0.9999880928906327,0.004879966901043363,0.5,0.5
2025-04-30,55.28120826986633,55.70081878683462,54.60787786134604,55.36903381347656,4779500,0.0,0.0,0.008560846636114755,0.007501531796740705,0.005226294967313451,0.02673600163037799,0.08472155087260397,0.09748468982617395,0.08194686562503724,0.027860683887736937,0.02391504313201602,0.023874500883269704,32.80029081876752,45.907488549524345,51.13385564081515,0.01049264226437424,3.8343658447265625,1.0,0.5757408142089844,0.6928463277053964,0.032650267513896165,0.09541843452251954,0.9859380392339232,-0.1671112886419316,0.9999999999457336,1.041790191707408e-05,0.999787475115383,-0.020615639752563215,0.8172329375937298,0.5763074923267291,0.06403435101820786,0.9359656489817921
2025-05-01,54.822565527201384,54.90063061210664,54.16875229380743,54.237064361572266,4328700,0.0,0.0,-0.0036561848590151787,-0.006552489488456561,-0.009353518537346527,0.026925165446426553,0.08320423740511419,0.10068068304655975,0.08518056154324197,0.02750530438580704,0.026388181969916154,0.027692815124952003,28.637661236387867,40.81180896352535,44.29161445896411,0.009308701801539004,2.7023963928222656,-1.0,-1.1319694519042969,0.0,0.0,2.0,0.8456653766571967,-0.5337134724955346,0.9999999439411513,0.0003348398038280022,0.9985518477068306,-0.05379783863013959,0.98198730723916,0.18894689312392435,0.5,0.5
2025-05-02,54.451745723407306,54.578605673256206,53.74914507449359,54.0906867980957,3512600,0.0,0.0,-0.00315515489903229,-0.0023868710451875473,-0.001096493332647144,0.026164928987223175,0.07364441844192404,0.09798761927787163,0.07487668406310596,0.023871054569207,0.024103610206069073,0.027625684508192704,24.74126378431606,35.921814444229064,38.130724222929494,0.007533324027868426,2.556018829345703,-1.0,-1.2783470153808594,0.0,0.0,2.0,0.9096584565391069,-0.4153570662055597,0.9999999988654409,4.7635263341138853e-05,0.996689218355667,-0.08130560874607287,0.999828373818889,0.01852627611464314,0.5,0.5
2025-05-05,54.05165269213488,54.11996103723122,53.18315768517376,53.71986770629883,3923000,0.0,0.0,-0.0052929505370505146,-0.004219417513080551,-0.003439543498329376,0.025709336366973052,0.0684183577453506,0.08163718599671756,0.07468441219006869,0.02557530270885308,0.024837280359858365,0.027607398120129967,21.39101978459378,31.360552862863265,33.25783558273678,0.008355812725536694,2.185199737548828,-1.0,-1.6491661071777344,0.0,0.0,2.0,0.9117384498042376,-0.4107712248302768,0.9999992897145471,0.0011918768398235583,0.9943895860574541,-0.10577972934586785,0.999997435384194,0.0022647792463828674,0.5,0.5
2025-05-06,53.54421415611481,53.82720798568899,53.10508644169374,53.24170684814453,4058700,0.0,0.0,-0.000734523785968566,-0.002712003049195926,-0.004470398459877882,0.025056148351518214,0.07034103944852615,0.08425938168783827,0.08087044987652811,0.025243660205610054,0.024897312509492158,0.025136087977985163,18.537834214302787,27.42557774366483,28.738258495507495,0.008567899754224662,1.7070388793945312,-1.0,-2.1273269653320312,0.0,0.0,2.0,0.9224123419512403,-0.3862065139482088,0.9999995440698507,0.0009549136561606501,0.9947445314245087,-0.10238807157591523,0.9999973825884683,0.0022879720742565424,0.5,0.5
2025-05-07,53.20267207462515,53.427114299866744,52.51958493724506,53.124603271484375,5250500,0.0,0.0,-0.005543226755689894,-0.0037303269210636806,-0.0011009461222115469,0.024537926749219837,0.07840807999033897,0.09052224689038793,0.08825300854042639,0.008567369660648924,0.008131754752173858,0.01671883314786965,15.976024609236894,23.53587065525861,24.4676064578436,0.011059406411317462,1.589935302734375,-1.0,-2.2444305419921875,0.0,0.0,2.0,0.914231010636252,-0.40519336025040836,0.9999998147505925,0.0006086861101924558,0.982670001471205,-0.18536361079937483,0.9999982676094704,0.0018613914305988426,0.5,0.5
2025-05-08,53.105090560100166,53.90528096983796,52.93919992319008,53.388084411621094,4035200,0.0,0.0,0.0030579658364623587,0.003423835429033454,0.0019011334033178957,0.023965299629788956,0.08140748144280899,0.09512517697404062,0.09231851599273316,0.017871134096783772,0.01594297073338957,0.011942968475082768,27.596225173728715,34.58251777605182,35.50229821786426,0.008541710707163511,1.8534164428710938,1.0,0.26348114013671875,0.07807298414896735,0.0017744163715962796,0.013781190252392569,0.958150100303514,-0.2862662838833209,0.9999993383774619,0.0011503237103121316,0.9944522722471124,-0.10518877422308483,0.9223331564942023,0.38639558541919344,0.007777803311994424,0.9922221966880056
2025-05-09,53.41735774753033,53.79793385785888,53.124603457254125,53.18315505981445,4888900,0.0,0.0,0.0017480377674088568,-0.0009966936655587714,-0.0019229329866391218,0.023243569584801636,0.08442683151225035,0.09827549880890574,0.09697591052655963,0.01888666228091873,0.015738006517635898,0.011943502021380217,23.832081660986063,43.32078885861685,30.549581601311615,0.010309098930053615,1.6484870910644531,1.0,0.058551788330078125,0.0,0.0,0.0006805624581774356,0.9656350547071636,-0.25990179129950813,0.9999994775268942,0.0010222259723459783,0.9976388466491581,-0.06867846574099935,0.9579537264654763,0.2869227386438856,0.0003402812290887178,0.9996597187709113
2025-05-12,53.319773875376214,53.944309437558125,52.80258106091786,53.51494216918945,4618900,0.0,0.0,-0.0028721429671942408,0.0012835418103548837,0.0029378542071846416,0.022973411628878,0.0866888874429971,0.09910546065142022,0.09620435562760664,0.0168550277216745,0.014735761224992776,0.014133816925873895,32.81342942716801,38.303901320917966,38.66336179430156,0.00980051901057346,1.9802742004394531,1.0,0.3903388977050781,0.13661886227222197,0.00475960234513953,0.03024623505579827,0.9774776924748334,-0.21103876590350673,0.9999993122785354,0.0011727925886909863,0.9954277676002213,-0.09551732560347204,0.9957254862617593,0.09236209183849801,0.017502918700468897,0.9824970812995311
2025-05-13,53.514940740862286,53.54421468126899,52.060940899413104,52.470794677734375,9527600,0.0,0.0,-0.0070724323162187075,-0.0037222090410957373,-0.009851773668028085,0.023776143636333093,0.08921182041530858,0.09506919484640147,0.092033949007543,0.021114233612961473,0.015663265644594884,0.023143654124175902,29.283334211573337,33.958316952957944,34.22121004440925,0.019821504374087164,0.936126708984375,-1.0,-1.0441474914550781,1.0636625578410204,1.2910363515084449,2.0,0.9324172662153227,-0.3613835105030998,0.999999735552046,0.0007272522519419428,0.9938878237042663,-0.11039471858923892,0.9999990844677294,0.001353168024636949,0.3922886937777819,0.6077113062222181
2025-05-14,52.39272714579961,52.422004809442896,51.651092098121545,51.99263381958008,5648300,0.0,0.0,-0.0023427651845451063,-0.006278282941532666,-0.0027135884787971055,0.023407015695655668,0.09062392055924391,0.09599444640535933,0.09590382138776254,0.019983126448681682,0.025560592025407496,0.023906876864345956,25.866126798655646,29.879106719913647,29.85633124215465,0.011643807823385402,0.4579658508300781,-1.0,-1.522308349609375,0.0,0.0,2.0,0.799008271232919,-0.6013200333444598,0.9999990541938992,0.0013753586103408633,0.9855706000030425,-0.16926485875586433,0.9999995635269493,0.0009343157447977257,0.5,0.5
2025-05-15,52.324419127230875,53.1343662467682,52.021911807063205,53.085575103759766,3494900,0.0,0.0,0.0022131666876236723,0.004175735182102998,0.006435779673689723,0.022823840213772664,0.09419982062815926,0.09325066457331474,0.09741781494457553,0.019423335099808023,0.028638001194566987,0.034493599368402954,34.6073905943689,38.675816132629635,38.54642913485376,0.0073560849440397645,1.5509071350097656,1.0,1.0929412841796875,0.0,0.0,0.5154522068178037,0.9658117161494996,-0.25924453504048717,0.999999955900754,0.0002969823060323919,0.9966168963084623,-0.08218735907965186,0.9382650365730535,0.3459172171843527,0.25772610340890184,0.7422738965910982
2025-05-16,53.25146501298299,53.86624382963126,52.86112842915301,53.79793548583984,3904100,0.0,0.0,0.008001452095588904,0.006839938411009889,0.006664829571469819,0.022247444652813548,0.09238031309445813,0.08987828172229592,0.09237221037902799,0.027428399744589795,0.033174829116498425,0.03699289331137821,42.10583534957819,46.122492524395476,46.033592724552065,0.008327641066503898,2.2632675170898366,1.0,1.8053016662597585,0.0,0.0,1.4063528808628425,0.9998125821273929,-0.019359768070803363,0.9999994025440858,0.001093120062693607,0.9980488484400526,-0.06243793820654914,0.8573889099531858,0.5146690753185854,0.7031764404314212,0.29682355956857875
2025-05-19,53.671074799789274,53.7101092021407,53.3392898248532,53.505184173583984,4160600,0.0,0.0,0.004502443620857897,-0.0014513842781456398,-0.0027282646877838613,0.021383657365477645,0.08448656005633813,0.08595533788048684,0.0853497372245454,0.02807276651769455,0.03312918809465118,0.03728752635192073,37.382518803720444,52.63447935626514,40.78336439764369,0.008826474751696676,1.9705162048339844,1.0,1.5125503540039062,0.0,0.0,0.9872210892951047,0.9988009199884571,-0.04895632982783416,0.9999995271172543,0.0009725046364068771,0.9996742962891441,-0.0255206061606044,0.8616975451316617,0.5074222509055627,0.49361054464755233,0.5063894553524477
2025-05-20,53.60276888304999,54.012618958713624,53.36856618086672,53.46615219116211,5663600,0.0,0.0,0.0002743598935391337,0.00280822591237393,-0.0003648826288267119,0.02073117687582677,0.07244847794847885,0.07405688723273243,0.07237980624879513,0.020250293746720213,0.03245714205134112,0.028590726014000305,42.97952901054894,57.60408893808503,37.18343687902694,0.012006238287831216,1.9314842224121094,1.0,1.4735183715820312,0.0,0.0,0.9369272083213219,0.9915837167532555,-0.1294671103786579,0.9999240287980473,0.0123262578377193,0.9997460505839212,-0.022535180093616096,0.9067942717619986,0.4215734202954768,0.46846360416066096,0.5315363958393391
2025-05-21,53.37832820995341,53.46615376053433,51.9048110527096,52.07070541381836,5567400,0.0,0.0,-0.013668149677510955,-0.004998039249836646,-0.012997773669005156,0.021908060168496498,0.06738167308616404,0.06554744492741288,0.06909498854541686,0.03803431601085646,0.02331601957786968,0.040922470947112585,39.50784318259409,51.807586788878545,33.58251053872237,0.011494268597888671,0.5360374450683594,-1.0,-1.39544677734375,1.4344787721436063,2.0,0.8968409793155118,0.8666741966243955,-0.4988745703134795,0.9999997580426695,0.0006956397072919922,0.9979098208315212,-0.06462189635101348,0.9985745485400612,0.053374816233996314,0.6904072450924026,0.3095927549075974
2025-05-22,51.973116801286835,52.33417944813131,51.12413900314897,52.05118560791016,5069200,0.0,0.0,-0.006899162235579976,-0.009741740064296955,-0.00017069486211038047,0.022011336631618864,0.0694187197063979,0.06452928504240958,0.0699098748926451,0.039999539875495864,0.030462953551335936,0.032212093598139147,35.82366798595614,45.89601947071443,30.151255146021658,0.01046177818253153,0.5165176391601634,-1.0,-1.414966583251946,0.0,0.0,0.922106868474514,0.7584158804631647,-0.6517709354223175,0.9999991316216436,0.0013178603715166112,0.9959801457203938,-0.08957426712389634,0.9999999307251114,0.00037222274571595076,0.5,0.5
2025-05-23,52.21707763539817,52.26587250210617,51.41689095872603,52.0902214050293,3804500,0.0,0.0,0.0021426946819750005,-0.000490107254196161,0.00028131816341237556,0.02158794506519379,0.07208011487597958,0.06678739785091053,0.0702025036414793,0.03470599482036371,0.02294220689661743,0.02555142878074491,31.969463996608876,52.49970137894703,37.68158868047155,0.007857587881653711,0.5555534362792969,-1.0,-1.3759307861328125,0.0,0.0,0.8719308948199729,0.8574573709305726,-0.5145550087569165,0.9999992202011421,0.0012488383033209532,0.9994060003995028,-0.034462245508223646,0.9573707091253536,0.2888621216234789,0.5,0.5
2025-05-27,52.256113877525856,52.90992714464471,52.051188831237816,52.82210159301758,4687600,0.0,0.0,0.006130372514879828,0.006123601101220041,0.006976112691756015,0.020929427999516765,0.07046891477717483,0.06534914918262914,0.06846797656504068,0.03651717190313674,0.02957016438285522,0.0328308662348968,39.4855408405958,58.23260728790941,44.51932830620118,0.00981751733848662,1.2874336242675781,1.0,0.7318801879882812,0.5757476965134032,0.1999929668527371,0.2829350856443034,0.962640179065024,-0.2707838356506136,0.9999999986099052,5.272750456130131e-05,0.9993248519111055,-0.03674017355493912,0.9039859155954805,0.4275622345401904,0.24146402624852026,0.7585359737514797
2025-05-28,52.54886126729979,52.98798899862645,51.953603367640994,52.08045959472656,3466100,0.0,0.0,-0.0006937808718354802,0.0005450570862181865,-0.00522755687489812,0.02112988604258772,0.07001548278765171,0.06341267397294506,0.06619770162659575,0.03614436575910534,0.02832496472493427,0.034583378030062825,46.38796055954496,51.0556124150443,39.299828799918146,0.007157335110818639,0.5457916259765625,1.0,-0.009761810302734375,0.0,0.0,0.00017790196536328394,0.9792037545098642,-0.202879292077298,0.9999999904557851,0.00013816088311809603,0.9991657235707896,-0.0408394030473081,0.963078939021342,0.26921916204744084,0.5,0.5
2025-05-29,51.9633566861947,52.71475214976854,51.72915400406408,52.68547821044922,3171900,0.0,0.0,-0.001981026287259266,-0.0023655461045646166,0.0052847814420576966,0.020731522445997592,0.06305700648161595,0.054031892645192266,0.05395310536933343,0.02325313627317184,0.027351044437624407,0.025028978037813517,41.043009082119454,44.74540021716972,46.347773077411894,0.006625915125353394,1.1508102416992188,-1.0,0.6050186157226562,0.0,0.0,2.0,0.976973174115918,-0.21336217344662595,0.9999985417883865,0.0017077532317540192,0.9985877667915349,-0.05312694245197046,0.988540164111312,0.1509580866955476,1.0,0.0
2025-05-30,52.82209930654957,53.15388429583194,52.52934872130645,52.94895553588867,8115700,0.0,0.0,0.007675102714165953,0.004147896495191415,0.0024942371165840352,0.019997410292571512,0.056124425165737575,0.04830522218741482,0.04958287997487469,0.019163452286065467,0.01585553696624763,0.02487393126529076,47.74132647517309,51.311435664325195,52.61483546029879,0.017038008778888558,1.4142875671386719,1.0,0.2634773254394531,0.0,0.0,2.0,0.9923639485788365,-0.12334420765086752,0.999999948527535,0.00032085031908961326,0.9985968604427929,-0.05295573919602132,0.7767820131819038,0.6297695642035018,1.0,0.0
2025-06-02,52.5293509951024,52.841618795882034,52.09022323696672,52.82210159301758,3820400,0.0,0.0,-0.0019758708520814694,-0.0013868178272440981,-0.0005645728341879422,0.019774836813818003,0.051592070498394586,0.044536724654553925,0.04545524574119418,0.023581011819594266,0.01797332098586929,0.025488100237229045,42.51386310309221,45.30019892576892,46.685353058752355,0.00800128919702071,1.2874336242675781,-1.0,-0.12685394287109375,0.0,0.0,0.23180427894050756,0.9515929489966699,-0.30736112216710376,0.9999982196952101,0.0018869569179863694,0.9996589296552669,-0.026115596115845834,0.9830074836516359,0.18356548445957582,0.5,0.5
2025-06-03,52.53910439675702,53.15388321908181,52.00239438092928,52.99774932861328,3393700,0.0,0.0,-0.0007495177259926873,0.0026169756584557423,0.0014744838565996167,0.019853428728990558,0.049982028279427514,0.042322001369241614,0.04316066992226258,0.020342328960659704,0.01427072856672252,0.021586873470389848,48.8162174874005,39.90022733671881,52.825700090143066,0.007131260977799657,1.4630813598632812,-1.0,0.048793792724609375,0.0,0.0,0.14795212696432222,0.999999999999837,-5.708701203829278e-07,0.9999999438672058,0.00033506056938703517,0.9995362021860075,-0.03045292300540081,0.9953687647884559,0.09613023501221363,0.07397606348216111,0.9260239365178389
2025-06-04,53.22219229550751,53.64180282988645,52.93919845185183,53.29050064086914,4287300,0.0,0.0,0.008926909203820606,0.004568720225093328,0.0027543149157118908,0.01927579656155793,0.04927383636108122,0.04171622027039022,0.043293992860198825,0.026829165295767322,0.016522618887856062,0.011174723973477891,54.4330856782028,47.31348746428951,58.15839748982092,0.009058767835679606,1.7558326721191406,1.0,0.2927513122558594,0.0,0.0,2.0,0.9992140089482399,-0.039640437959069776,0.9851974145823618,0.17142361068484724,0.9994967466297444,-0.03172149864928266,0.7063166089195178,0.707896071443,1.0,0.0
2025-06-05,53.18315770923755,53.349048340967826,52.75379043664834,53.23194885253906,3709800,0.0,0.0,-0.0015179202272837618,-0.002367682931512693,-0.0004756260606061312,0.018717380448375363,0.04971294909931535,0.04164792823793932,0.04351767679052486,0.026530643528874437,0.01669895573007885,0.008055823677810508,48.29116968554498,41.34114362106023,51.386122284279985,0.007829937912138128,1.6972808837890625,-1.0,-0.058551788330078125,0.0,0.0,0.040002084907872784,0.997739634028139,-0.06719838308616716,0.9985196013190076,0.05439306740504823,0.9992085876573404,-0.039776856987737474,0.9221612229489411,0.3868057379219099,0.5,0.5
2025-06-06,53.27098509996572,53.7589039949196,53.1148512024815,53.44663619995117,2929900,0.0,0.0,0.002693489327209868,0.003022118676483213,0.0015893937621587239,0.018171352188202598,0.05044792877312979,0.041046074082494444,0.04373399798191052,0.02308561388742432,0.016425067274957836,0.007666780436474247,54.14975851711012,48.97998211596216,56.82110320503165,0.006208813717391792,1.9119682312011719,1.0,0.21468734741210938,0.11710116503314794,0.003751121125852529,2.0,0.9997047575187447,-0.024298102691116596,0.9904634073867665,0.13777604518854597,0.9997097764787268,-0.024090720471876083,0.9199056241823278,0.39213982531454505,1.0,0.0
2025-06-09,53.270981344044294,53.74914346529715,52.95871357109261,53.47590637207031,4843700,0.0,0.0,-0.0014719749611714049,-9.078882793457018e-05,0.00027375117926535145,0.017919951846421204,0.04973933856410236,0.04086245746352473,0.044608766934973905,0.020446307628155698,0.013636715092162195,0.006000931898129248,47.85567668825139,42.868634253923595,61.73305407244434,0.010270009520968914,1.9412384033203125,-1.0,0.029270172119140625,0.0,0.0,0.24990228331418038,0.9997428888346566,-0.022675013220183386,0.9938932245376679,0.11034608383679458,0.9995837754841226,-0.028849190437640906,0.9660221255797729,0.2584593834441643,0.12495114165709019,0.8750488583429098
2025-06-10,53.51494002927211,53.85648173789377,52.81233568864991,53.18315505981445,5281900,0.0,0.0,-0.0013839125494844874,0.0009975154402377675,-0.0027447392497712718,0.01813391007891833,0.04976741983861665,0.040445802245294454,0.043568974116649624,0.020801630966240502,0.013301263459562018,0.009730683402744177,53.839361522780926,37.86463127579837,54.81048600554339,0.011137808021978397,1.6484870910644531,-1.0,-0.26348114013671875,0.3025155138315938,0.033676286956972036,2.0,0.9999268759452231,-0.012093087381908361,0.994128754975917,0.10820359758359781,0.9994730729690036,-0.03245884178304676,0.9849198053931398,0.17301149367697952,0.016559315350705345,0.9834406846492947
2025-06-11,53.34904882556161,53.34904882556161,52.656204905820054,52.919681549072266,4230100,0.0,0.0,-0.0011855668853269516,-0.0037907217006958173,-0.001988705264032036,0.017857635116415787,0.04977408384418483,0.0401541269080936,0.04295157029488155,0.009885725319585693,0.01483912818723094,0.00885693274121793,47.59307678094672,33.36276700377555,48.98831590402134,0.008875714243991414,1.3850135803222656,-1.0,-0.5269546508789062,0.0,0.0,2.0,0.8612887370306737,-0.5081158445316453,0.9995980235983292,0.02835121193731011,0.9992125572195676,-0.03967701469027595,0.9920703817778479,0.12568356137202302,0.5,0.5
2025-06-12,53.02702182166314,53.4271151377204,52.3146607331966,53.4173583984375,3881000,0.0,0.0,-0.0029851840309845887,0.0006707834794863872,0.0042939390989853105,0.01791514905689078,0.04808794320774396,0.03754854440051491,0.04054842426978786,0.011179837466333758,0.013870446403072565,0.01398657079924138,53.20090406380659,29.92111293118079,54.15170568684574,0.008219804821258317,1.8826904296875,-1.0,-0.029277801513671875,0.0,0.0,1.0005213764249294,0.9697687585027666,-0.24402572616837517,0.9993674854038347,0.035561624226350445,0.9999538486127962,-0.009607322439525954,0.9986358151127024,0.05221598198050496,0.5,0.5
2025-06-13,53.38808417134931,53.79793797559124,52.08046139428575,52.265872955322266,4344400,0.0,0.0,-0.0022433935047736714,0.0034583600297121543,-0.01089563054010715,0.019349167431110082,0.0479553508524748,0.03838185285870479,0.04220630575492364,0.0035734400050251823,0.013393286196548632,0.025441058735368612,57.632360242337306,27.124209617211793,48.76804002015136,0.009002921610030988,0.7312049865722656,-1.0,-1.1807632446289062,0.44888915002962904,0.3768772546924934,2.0,0.9997727455405978,-0.02131800352319973,0.9975329587576269,0.07019968797832729,0.9998297615859388,-0.01845122887518924,0.999943159242858,0.01066200184825277,0.15855983052909126,0.8414401694709087
2025-06-16,52.49031122790796,52.57813677056441,51.699881343999834,52.23659133911133,3922200,0.0,0.0,-0.0033107840086579387,-0.010352494953570344,-0.00025296966328206894,0.019178086409649204,0.04867683616593392,0.03904975470346888,0.04082022206925072,0.004602786907691663,0.026752072658192662,0.025190934015677093,51.47503941377949,24.31772583075727,43.29864279402348,0.008123440805413423,0.7019233703613281,-1.0,-1.2100448608398438,0.0,0.0,2.0,0.6007292752326608,-0.7994525238426871,0.9999986167227221,0.0016632957170702883,0.9993282849673555,-0.03664667603213081,0.9992302771688077,0.03922821929616136,0.5,0.5
2025-06-17,52.20732016520197,52.74403018875032,51.699884083248335,51.79747009277344,5867300,0.0,0.0,2.649182509841592e-08,0.001575104491061156,-0.004220937261258427,0.019399069783740768,0.04643151663865439,0.03909776978402385,0.04281626616133157,0.00655651617366792,0.02711995871830803,0.02547948440065992,57.01235055263488,32.726101878696525,37.92778307156383,0.012049868240771179,0.2628021240234375,1.0,-0.4391212463378906,0.0,0.0,2.0,0.8671048850904565,-0.49812560489525753,0.9999982842020815,0.0018524559085664335,0.9994566427284698,-0.03296087538182194,0.9993191081655709,0.036896070999063744,0.5,0.5
2025-06-18,51.74867486103529,51.94384315618059,51.39737267427888,51.68036651611328,6745800,0.0,0.0,-0.0029342333490107305,-0.007643550365506368,-0.0011316778597021747,0.018809527789603115,0.044202745796742916,0.04183823747199663,0.044709154169376875,0.006481787772746352,0.0290927016840584,0.025663793673114273,48.93738255236792,28.750381653367754,32.41427618900581,0.01382275152330354,0.14569854736328125,-1.0,-0.11710357666015625,0.0,0.0,2.0,0.8201499105256094,-0.5721486906957272,0.9999995419121903,0.0009571705227346261,0.9980783104238922,-0.061965202020075605,0.9998532399751383,0.017131798248245764,0.5,0.5
2025-06-20,51.87553494930025,52.18780273335344,51.36809886958242,51.70964431762695,9877500,0.0,0.0,-0.00028486031598623415,0.002342799588817136,0.00028317824205234895,0.01858839019497682,0.046108921894828445,0.04404629961883611,0.04658944402310777,0.007246332919651032,0.030192371492837357,0.0206392066055381,56.85038687496819,24.88856318151467,43.0575067342729,0.02025135300785633,0.17497634887695312,-1.0,-0.08782577514648438,0.0,0.0,2.0,0.9128318150879104,-0.40833574098199005,0.9999992449790338,0.0012288374027079002,0.9982792522162908,-0.058639019385416734,0.9998982154667235,0.01426740012972753,0.5,0.5
2025-06-23,51.9145667379815,52.47079393296672,51.553507828830234,52.17804336547851,6469000,0.0,0.0,0.0011798159729339364,0.0017708759333831512,0.0029528544220862136,0.01836140922429271,0.043702132940078735,0.04344408323227428,0.046129981427829855,0.010053205176659676,0.0294967666600397,0.014043360626631628,63.59649132236674,35.391630220155236,51.99261145430171,0.01338321317559163,0.6433753967285085,1.0,0.4683990478515554,0.5269507767861299,0.6708280284924958,2.0,0.9594994218521868,-0.28171059523084907,0.9999987933907072,0.0015534532917767505,0.9992713777231504,-0.038166918440933575,0.9796103733058489,0.20090673585416557,1.0,0.0
2025-06-24,52.00239209507574,52.39272494282654,51.77794987005081,52.11949157714844,6897100,0.0,0.0,0.0021720591794478035,-0.0007444818844258992,-0.0005613918714596637,0.017911569254639166,0.04221063503293515,0.04280693223167695,0.046020710967166346,0.009094007982421229,0.019188207705356054,0.014065817775823546,53.489849238131,44.48157478926288,43.91575763479062,0.014252864242643493,0.5848236083984375,1.0,0.4098472595214844,0.0,0.0,2.0,0.9959584694523169,-0.08981496048097003,0.9999988370320914,0.0015251014604597912,0.9998285734798283,-0.018515497651735942,0.9731081237359164,0.23034882139738497,1.0,0.0
2025-06-25,50.79235240959769,51.90480681102871,49.43593857899229,49.4554557800293,13275000,0.0,0.0,-0.02313922848876241,-0.004678136899244417,-0.026227291930079333,0.021403961608517787,0.06333094490106474,0.0469926812538011,0.07141007033022843,0.047540309663093035,0.020100122161952675,0.0549158686142412,44.70214786174537,35.843781538916026,34.43848903940571,0.026030600898236705,-2.079212188720703,-1.0,-2.6640357971191406,2.117569249837942,1.037236088356906,2.0,0.9627212787518032,-0.27049535936591,0.9999996820898227,0.0007973833793196799,0.8424828440994269,-0.538723173251477,0.9999998497248589,0.0005482246433082575,0.0,1.0
2025-06-26,49.82627690272785,50.80211465366045,49.026090244765165,49.15294647216797,7688700,0.0,0.0,-0.0024108643784265357,-0.006218318460739806,-0.0017768190670410498,0.022578328495976692,0.0821187595955754,0.05999919599515025,0.0915387135676744,0.04740418380172095,0.025081724485546082,0.054434138279445085,36.05743168723753,27.916155136685294,26.27465170676444,0.014984350659320725,-2.3817214965820312,-1.0,-2.9665451049804688,0.0,0.0,2.0,0.8909877349927918,-0.45402737372587404,0.9999999203229863,0.000399191709552628,0.8812290299400688,-0.47268953530926133,0.9999999937554883,0.000111754299204888,0.0,1.0
2025-06-27,49.26028963187501,49.77748245298151,48.977295788334395,49.29932403564453,9005700,0.0,0.0,-0.0004978854140232445,-0.010187276844950502,0.0014867870768399086,0.022062711230158443,0.09659759682013098,0.08008887261249074,0.10536380335481235,0.047306266612926036,0.026174126144731035,0.05506930973387986,28.042980008096013,21.765376490409338,43.24929190628161,0.017603292090521472,-2.2353439331054688,-1.0,-2.8201675415039062,0.0,0.0,2.0,0.8534685204852873,-0.5211443989343594,1.0,0.0,0.9174568139990037,-0.39783538611691843,0.999999997940913,6.417300075280496e-05,0.0,1.0
2025-06-30,49.40666621946749,50.6362201439347,49.2798062699308,50.55815505981445,7556500,0.0,0.0,0.0025833288078310626,0.007175807088991928,0.010577670897466926,0.021893050835922457,0.10478679663653222,0.08745734090330419,0.10816407910912881,0.048252427123060077,0.03544810406295356,0.06361319835345666,43.11960885429117,37.94232957533643,54.81593946276571,0.015147723162048423,-0.9765129089355469,1.0,1.2588310241699219,0.0,0.0,0.19924390994652447,0.9521541681011716,-0.30561812800873867,0.9999999738029761,0.00022889745996520488,0.9566408983500179,-0.29126996344297285,0.9667222053081872,0.255828414692495,0.5,0.5
2025-07-01,50.53863744210836,52.54886080385741,50.509359778594394,51.904808044433594,8647400,0.0,0.0,0.012321513019416239,0.01853601937755357,0.01314282686953945,0.022608475853436404,0.10617169553836138,0.08739566830316339,0.10740037613481687,0.058469535553328345,0.05732845105471435,0.07178597896712191,53.56690191017515,49.327317570805924,63.05687724078715,0.017796253887606705,0.37014007568359375,1.0,2.6054840087890625,0.0,0.0,0.8535461434604407,0.9956555927370313,-0.0931125160838798,0.9999425925407377,0.010715018567793015,0.9949348578507301,-0.10052178188605448,0.845754308208474,0.5335725350379324,0.42677307173022033,0.5732269282697797
2025-07-02,51.98287600055343,52.870888180430406,51.73891656957046,52.52934646606445,9182600,0.0,0.0,0.012025208002424553,0.0030547158352747864,0.005980212360201363,0.022283222216141086,0.10591545383693163,0.08700821565594423,0.10641276050518304,0.03315472883216797,0.056044387309003525,0.03140639852948519,61.49943088628008,57.7757496184789,69.36659167552637,0.019125073788100126,0.9946784973144531,1.0,3.230022430419922,0.0,0.0,1.3117807602541889,0.998082149700804,-0.06190333148241538,0.998948848801423,0.04583882064704405,0.9999440740321234,-0.01057585968323252,0.8042104068357357,0.5943446992588564,0.6558903801270944,0.34410961987290556
2025-07-03,52.607411087797246,52.71475383209427,51.63157337240681,51.86577606201172,3595900,0.0,0.0,-0.00040664917060388944,-0.0005790759510744323,-0.0024891366453600144,0.02244802697534748,0.10280877650151718,0.0850742231578024,0.10393225907370722,0.02942765169651901,0.04815684453845684,0.03645289250601895,51.75075068169346,48.76289762749408,58.82181470661726,0.007394757584876099,0.33110809326171875,-1.0,-0.6635704040527344,0.0,0.0,0.042204906171911194,0.9922092426719155,-0.12458257806139635,0.9996994323298354,0.024516219109087873,0.99989918954351,-0.014198970041233305,0.8822434737046464,0.4707934293355834,0.5,0.5
2025-07-07,51.73891788801549,51.96336012353614,50.382504012789255,50.58742904663086,8134300,0.0,0.0,-0.012244088185017672,-0.0071781357168568885,-0.01247737456359013,0.023603481914624053,0.10165296011486062,0.08444787481440955,0.10376319771755946,0.045658317952894295,0.04401709829303274,0.051492450690512205,44.54959910904048,41.58719229077848,50.144224362190776,0.01631541965718065,-0.9472389221191406,-1.0,-1.9419174194335938,0.0,0.0,0.3614518388138499,0.9385331908194454,-0.3451890058073554,0.9999997577986544,0.0006959903969352828,0.996824232488674,-0.0796332187178559,0.9750222714929313,0.22210711400755395,0.819274080593075,0.18072591940692495
2025-07-08,50.39226075236598,51.24123855151377,50.16781851684532,50.58742904663086,4972000,0.0,0.0,-0.0013050590755453045,-0.004276832129065098,0.0,0.02343316937112373,0.09821247387834688,0.0838308848446666,0.1014202764750601,0.04669456494142896,0.04736105361741368,0.04497810326995712,38.38033291880962,35.669365758634,50.144224362190776,0.00997261799239052,-0.9472389221191406,-1.0,-1.9419174194335938,0.0,0.0,0.3614518388138499,0.9168689599564309,-0.399188314293408,0.9999999967346223,8.08130902234992e-05,0.9961975582163097,-0.08712304519392244,0.9875893608876629,0.1570581238315848,0.819274080593075,0.18072591940692495
2025-07-09,50.597186755046614,50.81187225510136,49.61159224779884,49.962894439697266,5646600,0.0,0.0,-0.005574559568792089,-0.00420728278656815,-0.006211164571922158,0.023747322175321228,0.0963621623648751,0.08400084081760488,0.09998398780719725,0.03969785685625388,0.019132872952194867,0.031444438991329565,33.073350004455364,30.692250570792535,41.9613359335306,0.011185877756412338,-1.5717735290527344,-1.0,-2.5664520263671875,0.0,0.0,0.6313282523113581,0.9256041516758896,-0.3784930044272374,0.9999999382901714,0.0003513113338057899,0.9933073850218589,-0.11550081757735167,0.9974192824595345,0.0717967616115606,0.6843358738443209,0.31566412615567907
2025-07-10,49.60735676340751,51.08876301113288,49.24194427717698,50.723350524902344,7258200,0.61,0.0,-0.0037393499880347646,0.002717262314489911,0.00755273061849161,0.024321178255819108,0.09536343226036505,0.08066933426255954,0.09586276296180142,0.01978539152020469,0.018570700590922605,0.0339507648630899,42.393891483829854,26.3877757699776,51.046542510637245,0.014597292796813462,-0.8113174438476562,-1.0,-1.8059959411621094,0.0,0.0,0.3126241064271125,0.9669491912234716,-0.25496913850949543,0.9999998546822634,0.0005391061604372826,0.9927595139292856,-0.12011888903452483,0.9997006595856103,0.02446612401047306,0.8436879467864438,0.15631205321355626
2025-07-11,50.37768640143492,51.177647125039975,50.091284059077346,50.94062423706055,4847100,0.0,0.0,0.0057100507037086004,0.0005804224269138304,0.0014272273113581414,0.02401091574814232,0.09008071063543938,0.07867157665669439,0.09177721340059634,0.0336749543858915,0.02031519313904838,0.03461913226807659,50.34103777595936,36.314565022386695,58.40713441084966,0.009789977585852084,-0.5940437316894531,1.0,0.21727371215820312,0.36577486993861186,0.3791323946381934,0.014473742069129714,0.9794582155955931,-0.2016472263689651,0.9999999996912291,2.485038609743585e-05,0.9977939852434327,-0.06638646708500599,0.8500501251104723,0.5267017987435305,0.036772145348668905,0.9632278546513311
2025-07-14,50.84186081178267,51.0591349287382,50.101157704791525,50.33818435668945,5316700,0.0,0.0,9.854681191870413e-05,-0.001159193334542091,-0.0059483310352474944,0.023922028457091443,0.08560707600679958,0.07550191233279158,0.08409038172051926,0.024614301992834674,0.017426384064786988,0.025918786306239824,43.58919908570547,44.39488557746364,50.17456008960464,0.010611460399373872,-1.1964836120605469,1.0,-0.3851661682128906,0.0,0.0,2.0,0.9962990115921323,-0.08595510165511011,0.9999998714306483,0.0005070884409898523,0.9981150106871928,-0.06137121019586438,0.9544134620243123,0.29848776106696007,0.0,1.0
2025-07-15,50.22954912522553,50.30855550045801,49.37033454473838,49.39008331298828,4878900,0.0,0.0,-0.006742072679063021,-0.006794802952010598,-0.008724009115215722,0.02403943972948942,0.08367343795294083,0.07118851673090498,0.08645566431448311,0.028224527119709877,0.018047323677312124,0.03140649748242241,37.676001013973114,39.251231025968096,43.30942716415184,0.009554261652143093,-2.1445846557617188,-1.0,-0.9481010437011719,0.0,0.0,2.0,0.9549850715846497,-0.296653860670077,1.0,0.0,0.9960402412748874,-0.08890353064453631,0.9995323481275847,0.03057916033112647,0.0,1.0
2025-07-16,49.33082934091023,49.646862375813186,49.004918154497894,49.469093322753906,5895600,0.0,0.0,-0.0037145153909558404,-0.0066198825306687985,0.0007992177606004783,0.023213589745686516,0.08425296402934208,0.07733713710319046,0.08699088042933761,0.02713995269185839,0.020153877640808483,0.03025627527583808,32.16120234468495,34.49704501357514,51.03228318482619,0.011563715972215999,-2.0655746459960938,-1.0,-0.8690910339355469,0.0,0.0,2.0,0.92615505360889,-0.37714296582955653,1.0,0.0,0.9988837186772398,-0.04723681362590811,0.9999983127204329,0.0018369965398226972,0.0,1.0
2025-07-17,49.73574652286507,50.407317658762594,49.36045588400213,49.6666145324707,5778900,0.0,0.0,0.0035429140458711323,0.007449988687922242,0.001952993482741222,0.02297530675636604,0.08190914086885656,0.07635590627197597,0.08739101444437201,0.027719785336904904,0.02734092377776474,0.02374687293285422,42.10285611346529,42.35994889703926,57.44018753417762,0.011380076784445286,-1.8680534362792969,1.0,0.19752120971679688,0.0987621583045808,0.002795133492033902,0.05165316462610534,0.9873858491583369,-0.15833251365992326,0.9999999998254502,1.8684209122801726e-05,0.9957151755736545,-0.09247318061106352,0.9588646716535412,0.2838635965648761,0.9486644470325012,0.05133555296749879
2025-07-18,49.923388374432335,50.13078433903439,49.45921699185784,49.478965759277344,4325900,0.0,0.0,0.0007481244311992576,-0.0020589608156754255,-0.0014167840758351914,0.022384607951030897,0.07985645452714571,0.07884396652797979,0.08816830619455296,0.019207974605883207,0.026830363886163305,0.021398731773438928,36.17887477689244,49.1457111085809,50.01314244763885,0.00848657676881565,-2.0557022094726562,1.0,0.0098724365234375,0.0,0.0,0.0001290381598255084,0.9741208360873843,-0.22602786708814326,1.0,0.0,0.9964655888897173,-0.08400196520718393,0.9823169643016263,0.18722548342903952,0.5,0.5
2025-07-21,49.65673661861765,49.903637661896234,48.43210955370599,48.57037353515625,6259400,0.0,0.0,-0.010492323215926401,-0.002270685156116013,-0.009266683800822673,0.023338598655315852,0.08169518138099935,0.08089498990328262,0.09277077095441653,0.02593672419547385,0.02673429596602863,0.024550848397405643,30.913732513015184,42.78278612478987,42.74732162570479,0.012054233621290598,-2.96429443359375,-1.0,-0.9085922241210938,0.9283463302961366,0.09807930348909286,2.0,0.9786800282403191,-0.2053908525799729,1.0,0.0,0.9875770178233342,-0.15713571798661763,6.123233995736766e-17,-1.0,0.0,1.0
2025-07-22,48.64937844094036,50.35793692415835,48.59999898725789,50.31843185424805,6098700,0.0,0.0,0.0016858248838751597,0.004414810591328169,0.017223180462803845,0.023456189324492352,0.0795423032538224,0.07872166957063526,0.08706761078588063,0.025356063458575297,0.025961302306263236,0.044117472394745665,40.30552987433388,50.549406066362685,50.43248525214565,0.01216745710558222,-1.2162361145019531,1.0,1.7480583190917969,0.2271525851239602,0.03488185538736702,2.0,0.9999030528764729,-0.013924253958812834,1.0,0.0,0.996352786591719,-0.08532950633231451,0.990062869867727,0.14062543763231608,0.9828580439227874,0.017141956077212545
2025-07-23,50.683843716998936,51.03938180705319,50.446820835236615,50.634464263916016,4628900,0.0,0.0,0.014152233838425904,0.0051008763002724075,0.00237603792422237,0.022661827020449086,0.07165036876492895,0.07505538553255427,0.08090775160760527,0.046521964073180926,0.022127883786376572,0.04408299323729032,47.208786967154886,56.36511405547601,55.88114454471678,0.009293075663180146,-0.9002037048339844,1.0,2.0640907287597656,0.0,0.0,2.0,0.9998876054717298,-0.014992545614750039,0.9907337310015919,0.13581853428625035,0.9993407072984521,-0.036306345674406486,0.7529705037733702,0.6580542686186887,0.5,0.5
2025-07-24,50.47644836647845,50.72334940230164,50.14066280706248,50.31843185424805,6056700,0.0,0.0,-0.003043699047715174,-0.0031055810019620794,-0.0031304937433202203,0.022002431230115506,0.07169066111688871,0.07347177237500785,0.07938240401875066,0.04789615295880689,0.02074989449613344,0.045447787933083204,42.89391587410612,51.02139982551499,50.65755501984311,0.012083663313719288,-1.2162361145019531,-1.0,-0.31603240966796875,0.0,0.0,0.02344259468611944,0.9622224578772163,-0.2722644698757602,0.9984025857736142,0.05650023646464739,0.9988604405928695,-0.047726514838386025,0.8908689199803608,0.4542604620842822,0.9882787026569403,0.01172129734305972
2025-07-25,50.3678110658938,50.60483771680582,50.002398589506456,50.43694305419922,4609600,0.0,0.0,-0.0010507904442741314,-0.0008901395142995117,0.0008951964479646834,0.021235994453836036,0.07027218688878284,0.07370520820358545,0.07625743418932006,0.048272557944648846,0.0196771447684137,0.04477807973420006,39.5207510354991,46.18833045569007,55.411000975773156,0.009218228147995826,-1.0977249145507812,-1.0,-0.19752120971679688,0.0,0.0,0.009157351976329173,0.9791400778044147,-0.20318638743076464,0.9995060762427179,0.03142616034271698,0.9985263669126213,-0.05426872561873105,0.9363466472040324,0.3510768523696306,0.9954213240118354,0.0045786759881645865
2025-07-28,50.01227144321901,50.03202397747496,49.182683841522504,49.23206329345703,5920800,0.0,0.0,-0.008264496312275209,-0.00569188793934156,-0.012088810803826386,0.022021481466516384,0.06950772728070304,0.07249869565415738,0.07658718153316899,0.04573817315323239,0.023321596550742736,0.048503818885413046,36.31597743602876,41.75088975584862,49.74899970839008,0.01155749950831309,-2.3026046752929688,-1.0,-1.4024009704589844,0.0,0.0,0.4616223642602551,0.9533060069896012,-0.3020060546372248,1.0,0.0,0.9999891464518129,-0.004659074862518941,0.9901193627242395,0.14022712846858765,0.7691888178698725,0.23081118213012755
2025-07-29,49.29132250595878,49.81475149489798,49.08392654061428,49.399959564208984,3874600,0.0,0.0,-0.000657672555321877,-0.0014240235304673332,0.00111395998991819,0.021435736973619668,0.07014076083736917,0.07514839594268974,0.07850072557253276,0.04600700357972701,0.020908419131243694,0.027664657113510367,33.054779969238474,37.5273052105295,55.163962539219945,0.007589076362007008,-2.1347084045410156,-1.0,-1.2345046997070312,0.0,0.0,0.3577074035658313,0.9582781544701937,-0.28583732902684267,1.0,0.0,0.9999298845085716,-0.01184170877342612,0.9944453939098834,0.10525378155399799,0.8211462982170843,0.17885370178291565
2025-07-30,49.40983356167775,49.54809753749315,48.402476894065884,48.599998474121094,7302500,0.0,0.0,-0.006990201941391683,-0.002683638402094411,-0.008162871761383889,0.02191599078195053,0.07347792181226535,0.07270657937152773,0.07851651538567009,0.014795490243310259,0.007543581045534316,0.026719236367654477,29.85641535039766,33.25198661442627,48.73532239487315,0.014071593361601438,-2.9346694946289062,-1.0,-2.034465789794922,0.0,0.0,0.97150092092776,0.9563685895915591,-0.29216283275367505,1.0,0.0,0.999990600007075,-0.004335884856658148,6.123233995736766e-17,-1.0,0.51424953953612,0.48575046046388
2025-07-31,48.14570001915137,48.86665056222066,47.98768351337469,48.37284851074219,7972400,0.0,0.0,-0.004303275136568554,-0.006924236340899273,-0.0023424079053218127,0.021744030326784448,0.06954371044791885,0.06935220272134235,0.0713212919698182,0.014542468555596778,0.010981441087301943,0.02690816835170835,26.487283968337703,29.052741728140962,42.91718721646257,0.015290658816527367,-3.1618194580078125,-1.0,-2.261615753173828,0.0,0.0,1.2005495099946146,0.9358295891235473,-0.3524528055227433,1.0,0.0,0.998335046033422,-0.05768133026764539,6.123233995736766e-17,-1.0,0.3997252450026927,0.6002747549973073
2025-08-01,48.96541329720607,49.37033082925325,48.1457000823192,48.333343505859375,5271200,0.0,0.0,0.0010867979568446359,0.003390005022025144,-0.0002700960614835143,0.022017186970175174,0.06171402555713334,0.06011007882170478,0.06737062089285593,0.018413273413175973,0.020984789659461264,0.025553171066780785,34.68114169544352,38.20952527690251,37.49775635746073,0.010101637708686838,-3.201324462890625,1.0,-0.0395050048828125,0.0,0.0,0.0003663082275541477,0.9716849387492713,-0.23628029923763197,1.0,0.0,0.9994737673615216,-0.0324374529851985,0.9872627283783888,0.15909841342659486,0.9998168458862229,0.00018315411377707385
2025-08-04,48.29384588365944,48.71851598222979,48.17533066958564,48.412357330322266,4490400,0.0,0.0,0.0002620563407210048,-0.0056608305435551735,0.0006957399519413447,0.021212589831964626,0.06218206038835326,0.05999406158431566,0.06983056927141407,0.015775965267195404,0.021787922269470808,0.017572517656989226,30.171964134112237,46.550037020288016,45.86714893463776,0.008619393630952484,-3.1223106384277344,1.0,0.039508819580078125,0.0,0.0,1.0001931340828871,0.9564178308647355,-0.2920015972627448,1.0,0.0,0.9996350731047821,-0.02701334149632498,0.9951606444486558,0.09826134408065068,0.5,0.5
2025-08-05,48.50123971188358,49.01479431458845,48.14570162021015,48.54074478149414,4670500,0.0,0.0,-0.0003076072657355927,0.003031497976062171,0.0013242222102785863,0.020924191747709417,0.0627958189745198,0.06085379252886541,0.07041535462456523,0.016070154517766534,0.02466599909488815,0.017221583214352524,39.75841489998266,40.0377229105693,53.32758537117496,0.008988873470167228,-2.9939231872558594,1.0,0.16789627075195312,0.0,0.0,2.0,0.9739634513756025,-0.22670508460227445,1.0,0.0,0.999637283339742,-0.02693142694215165,0.9985180822280311,0.05442094691986629,0.5,0.5
2025-08-06,48.59999831292271,49.11355291239856,48.35309728052532,48.698760986328125,3572600,0.0,0.0,0.001643988496600225,0.000769841729578672,0.0012430251092863064,0.020481955095022892,0.06381723490040876,0.06212696514117557,0.07169443108593182,0.011396598030940201,0.02497174454060034,0.0072487924029255866,48.1170257792578,48.43411927560626,59.78200850819011,0.006898231437060129,-2.835906982421875,1.0,0.3259124755859375,0.0,0.0,2.0,0.9799003429752016,-0.19948763830644337,1.0,0.0,0.9999757777987975,-0.006960159171302049,0.9953694996841647,0.09612262532045021,0.5,0.5
2025-08-07,48.83702715483762,49.706119882780285,48.7086375573503,49.528350830078125,5573000,0.0,0.0,0.003663032372323129,0.005996447403847654,0.008445630014049124,0.02015318286888514,0.06413699907659703,0.05925274577218347,0.06787748380110248,0.0070034728492496335,0.02259458822015787,0.015603958901249354,55.2270958395944,55.494460813040696,65.32278279856286,0.010944057484714269,-2.006317138671875,1.0,1.1555023193359375,0.0,0.0,2.0,0.9922829704559802,-0.12399397784995966,1.0,0.0,0.9998178193297165,-0.019087381977906496,0.9891306470825314,0.14703932467912334,0.5,0.5
2025-08-08,49.53822200293321,49.87400755100273,48.86665090679418,49.21231460571289,3781800,0.0,0.0,0.0010989133505304057,0.001144077998890192,-0.0021719525316960357,0.020295961641468168,0.061134107992811465,0.054843645584939794,0.06167605048174115,0.007000992785292492,0.020977541551711172,0.018761352973985106,61.337428557260715,61.510474024551165,56.557440167991665,0.007379174906313993,-2.3223533630371094,1.0,0.8394660949707031,0.0,0.0,2.0,0.9946697355763446,-0.10311215800517708,1.0,0.0,0.999962314017399,-0.008681621102577206,0.9879931357957366,0.15449777869117481,0.5,0.5
2025-08-11,49.26169492583513,49.54809725952713,48.32347025139443,48.73826217651367,4747800,0.0,0.0,-0.00558884636552364,-0.0032780465882983087,-0.004839710441452316,0.020824315460674692,0.05854691670074834,0.050764230202721056,0.05966823076472092,0.01604970736540124,0.015082213973053267,0.02314552950636322,53.1779209850044,53.116935065672735,49.31908214631989,0.009174827573534295,-2.796405792236328,-1.0,-0.47405242919921875,0.3851673059558678,0.018971359149816076,0.31889406191680475,0.9398363350613834,-0.34162503318461157,1.0,0.0,0.9999673758706239,-0.008077573547688508,0.9985718670345258,0.05342496015142516,0.8310672894666896,0.1689327105333104
2025-08-12,48.7382644694666,49.13330764594612,48.34322506039802,48.55062103271485,6276700,0.0,0.0,0.0002043600325827701,-0.004203320919258706,-0.0019287007683630392,0.02057398265604548,0.05877610302046506,0.051496877457356593,0.06105384855063371,0.015984205057520143,0.018430376354605683,0.023596408511320572,46.981698717299636,58.57558897223378,43.7166857617489,0.012082633892145561,-2.984046936035149,-1.0,-0.6616935729980398,0.0,0.0,0.6213088107567885,0.9249932056337046,-0.3799836437683642,1.0,0.0,0.9999810155592697,-0.006161860194103886,0.9997600131478832,0.02190698771041725,0.6893455946216058,0.3106544053783942
2025-08-13,48.49136044736352,49.311073669612554,48.353096474312046,49.11355209350586,4113800,0.0,0.0,6.690848732991483e-05,0.0011835037170878154,0.0037777371503424613,0.02027868052244828,0.059449849360536905,0.05215394253014414,0.06092476332776145,0.01538317645795373,0.01866410323110687,0.026300813919454182,52.36987398961517,62.601268271195664,49.341084463666625,0.00801087535251808,-2.4211158752441406,1.0,0.5629310607910085,0.0,0.0,0.7237633574114762,0.9801776247276435,-0.19812073082662232,1.0,0.0,0.9999874674345909,-0.005006493159201158,0.9998727207313747,0.0159543830102683,0.5,0.5
2025-08-14,48.925908763760845,49.212314861303945,48.580245063046874,49.05429458618164,4985500,0.0,0.0,0.002343348378713249,-0.0010023894811293376,-0.0006036345843213863,0.0197733149298601,0.058730681080061575,0.051598492864583644,0.060372641122834136,0.013973810356110313,0.012356694739881697,0.018214111994461202,48.007962170434304,65.19025787683964,45.716162239175546,0.009696638625319932,-2.4803733825683594,1.0,0.5036735534667898,0.0,0.0,0.579407967449875,0.984561196096039,-0.17504071281258293,1.0,0.0,0.9997639048290303,-0.021728658518405986,0.9957957666888372,0.091601261151749,0.5,0.5
2025-08-15,49.271568776682535,49.37033144879357,48.61975021039261,49.0345458984375,6920600,0.0,0.0,0.00040643157681851007,0.0016028844163157904,-0.00020133470481014938,0.019461701068240134,0.05737861952993678,0.0512929708234073,0.06016711758878339,0.013353209395670676,0.012267255703497218,0.017337385926662993,52.055089459161856,67.37996365592507,42.23677637818159,0.013454927480074999,-2.5001220703125,1.0,0.48392486572264914,0.0,0.0,0.5348623691525438,0.9937183093897677,-0.11191032831487008,1.0,0.0,0.9998085077388379,-0.01956905345278865,0.996589020098379,0.08252469339144859,0.5,0.5
2025-08-18,48.916031220825,49.22218985656355,48.62962888713299,48.73826217651367,6257200,0.0,0.0,9.184345763867618e-05,-0.0013585302820052312,-0.0027398449810603917,0.01904986841191259,0.05709954256969502,0.051704485939182504,0.059663877662638996,0.004315458570587744,0.011086711551311542,0.015253125457304124,48.09676621347568,69.20985502539304,39.11691684591898,0.012091648993874802,-2.796405792236328,1.0,0.18764114379882102,0.0,0.0,0.08041597102676443,0.992543491259922,-0.12189100851812315,1.0,0.0,0.9998299289952602,-0.018442155116275557,0.9976129567191793,0.06905351972214725,0.5,0.5
2025-08-19,48.82714566519191,49.567848745007744,48.82714566519191,49.29132080078125,9033100,0.0,0.0,0.002026711626423378,0.0034989245205001213,0.005641752290180348,0.01869285014230869,0.05702045494929165,0.049862778224568596,0.05557667789798804,0.004911409544861729,0.009343026840504585,0.01777345988849064,52.29910490088135,71.2538829239401,44.149121097855414,0.01765398400819396,-2.24334716796875,1.0,0.7406997680663991,0.0,0.0,1.2530563006287403,0.9987153728327955,-0.05067153113386477,1.0,0.0,0.9999630852667507,-0.00859232819444841,0.9952919540529116,0.09692226884228866,0.5,0.5
2025-08-20,49.19256431260607,49.99252126694463,48.81727367886317,49.0246696472168,6247200,0.0,0.0,-6.992069071305211e-05,0.002949960841115831,-0.0018757195280881163,0.019164383728094373,0.047033300592929074,0.04251068949376331,0.04737479299463146,0.005109156362130006,0.011586714492918943,0.015590033896306966,56.682668167737425,66.43129132292815,40.503256543758454,0.012143266907775691,-2.509998321533203,1.0,0.474048614501946,0.0,0.0,0.5132535128087582,0.9982484342787711,-0.05916133416330383,0.9998593574902003,0.01677096417275446,0.9999638907054361,-0.008498075384856757,0.9968253841282337,0.07961880153330203,0.5,0.5
2025-08-21,48.96541360993192,49.25181593876225,48.63950244508992,49.19256210327149,3830000,0.0,0.0,-0.001118311548811802,-0.0045756531619833675,0.0010479893207036735,0.018623855055793878,0.037732938654462624,0.03631925889909518,0.04068156410257345,0.006142619804093155,0.02132334767033164,0.015958608223305724,51.2286820695179,61.92513816673894,45.305752934400175,0.007470224810017468,-2.3421058654785085,-1.0,0.1678924560546946,0.18764322010198953,0.006418783253857504,0.06437963822940555,0.7498370477786903,-0.6616225523503095,1.0,0.0,0.9998598792918985,-0.016739826235368307,0.9988945783290604,0.04700661001187718,0.9093371982117578,0.09066280178824217
2025-08-22,49.478965629928275,49.903635709142776,49.15305822460714,49.55797576904297,3871500,0.0,0.0,0.0052514810533677075,0.006573715913221791,0.0037003713969027815,0.01824788354550693,0.028742503974171007,0.030501518612033346,0.031817851443506386,0.012058909796612336,0.025084165983784264,0.017225947050685624,55.78561940085261,65.00181340816955,49.987936268651964,0.007607260315620568,-1.9766921997070312,1.0,0.36541366577147727,0.0,0.0,0.30496902931598074,0.9986495024086779,-0.0519535498200073,0.9999939858084617,0.0034681907251756256,0.999994367359321,-0.003356374477212113,0.9942291516494163,0.10727718308420535,0.5,0.5
2025-08-25,49.370332063170856,49.75549707067017,48.54074444416819,48.71851348876953,4709900,0.0,0.0,-0.006267682941106962,-0.001486453216484505,-0.008541842373624518,0.019017438744735066,0.0261639964758137,0.028996970533286735,0.03151037008798721,0.019253732929815304,0.025075909615044793,0.025373151197221624,50.594901393274355,60.057318027211565,45.70489528815079,0.009097900232751647,-2.8161544799804688,-1.0,-0.8394622802734375,0.09875800092172682,0.0012297919103846184,2.0,0.9959844504307832,-0.08952638996458412,1.0,0.0,0.9998221911597527,-0.018856989805137423,0.999694619364684,0.02471169790402084,0.0,1.0
2025-08-26,48.590124025908395,48.66913039737906,48.33334484195448,48.639503479003906,10987700,0.0,0.0,-0.0021409192462305045,-0.011037549252028088,-0.0008115408697342118,0.01825336734820091,0.02412686855211305,0.03093506268469022,0.03038215008769572,0.018657234927059212,0.033497893717960976,0.021063674553981854,44.83701492671264,55.17852995141192,41.530409876608836,0.021190020720350207,-2.8951644897460938,-1.0,-0.9184722900390625,0.0,0.0,2.0,0.9322071826128245,-0.3619250871175691,1.0,0.0,0.9999900647994641,-0.004457611733175467,0.9999994451460694,0.0010534265771238367,0.0,1.0
2025-08-28,48.63950308526644,48.66913000340176,47.69140403082866,47.839542388916016,6716800,0.0,0.0,-0.007195735382348577,-0.002328170349601511,-0.008291552667125663,0.018173889896389985,0.026866623853016167,0.032982796152919304,0.03463348053553144,0.022815943725313738,0.029242149393911652,0.024205246139133017,44.89546655444017,52.00711009823018,35.851296542644384,0.01274045355066019,-3.6951255798339844,-1.0,-0.7999610900878906,0.0,0.0,2.0,0.954786701704663,-0.297291698922003,1.0,0.0,0.9980857415326208,-0.06184539230434721,6.123233995736766e-17,-1.0,0.0,1.0
2025-08-29,47.99755915932478,48.72838787239815,47.90867463702411,48.71851348876953,4881100,0.0,0.0,0.0016515739139815085,0.0004421335065104439,0.006615175511749791,0.017874464814519805,0.02825522007704027,0.03464675388364809,0.033313345061545686,0.018465900140681602,0.023114871678917053,0.03245417283057758,52.41419008850921,58.384384379370495,44.60274011759699,0.0094285995087123,-2.8161544799804688,1.0,0.8789710998535156,0.0,0.0,1.207289614691191,0.9700627213599295,-0.2428545174127253,1.0,0.0,0.999282051738048,-0.037886423349230855,0.9682526186396062,0.24997373161503447,0.5,0.5
2025-09-02,48.81727429875476,49.291323847044445,48.26421460871134,48.70863723754883,6253500,0.0,0.0,0.003696883544579526,0.005743089474263709,-0.00010137062561181127,0.018107282632637126,0.02796696278506127,0.03290934446174792,0.032319326599818676,0.019212616055815784,0.02842882291415434,0.027594346459048673,58.866388707527406,63.95498076343416,38.627092000802946,0.012077153563955887,-2.826030731201172,1.0,0.8690948486328125,0.0,0.0,1.1803114616210861,0.9927521863612616,-0.12017943449249091,1.0,0.0,0.9999869184590303,-0.005114969287547701,0.9449956402403604,0.32708292515310455,0.5,0.5
2025-09-03,48.32346952510541,49.16293151375028,48.313591374230604,49.133304595947266,5293700,0.0,0.0,0.000432794241875959,-0.001103928056445398,0.0036741762776239147,0.01790332594042687,0.027422088608869393,0.032549597715472056,0.0319437571266308,0.01885820958569806,0.01428285028841208,0.028755021628562322,50.889116258639945,68.79072353331668,46.860280117922535,0.010312661330579847,-2.4013633728027344,1.0,1.29376220703125,0.0,0.0,2.0,0.9923166369501372,-0.12372425805786733,1.0,0.0,0.9999996864802969,-0.0007918581362614963,0.9702878728828462,0.24195339166145544,0.5,0.5
2025-09-04,49.38020589676373,49.77524905090213,48.93578329021071,48.99504089355469,4170500,0.0,0.0,0.005040415594320838,0.004875751671484371,-0.0011100499090066095,0.017895266109845823,0.02850497971971109,0.03328478200293468,0.031714094452232874,0.022950927728023755,0.01773511356462095,0.029138033871930046,57.8008240679828,73.15686889239771,40.6013034906508,0.008101691561883383,-2.5396270751953125,1.0,1.1554985046386719,0.0,0.0,2.0,0.9995703037309287,-0.029312248280520814,1.0,0.0,0.9999969496293456,-0.002469965992507334,0.9354369874493039,0.3534934829834501,0.5,0.5
2025-09-05,48.94566153417846,50.12090908048754,48.817271943727825,49.95301818847656,5353100,0.0,0.0,-0.001212354398532779,0.0034601934253645317,0.009681617848892618,0.018162448909097496,0.028838817281313288,0.03556510965775366,0.03530366693804278,0.013091267348590114,0.014514236020321033,0.022803555942961046,64.2486950847863,62.81303489492019,50.03860822271221,0.010602359970396548,-1.5816497802734375,1.0,2.113475799560547,0.0,0.0,2.0,0.9993831007083612,-0.03512005151678494,0.9998914316730406,0.014735157509747085,0.9999810653429133,-0.006153775723249745,0.9681843023215254,0.25023819999788416,0.5,0.5
2025-09-08,49.60735531950897,49.76537183063726,49.05429564685456,49.49871826171875,4623400,0.0,0.0,0.0020916612312974407,-0.0030742230729704756,-0.00394535792391658,0.018316811044411532,0.029836859751785728,0.03509133313948694,0.036431584585715944,0.013091212590500466,0.019424109860175603,0.02478107995820032,54.463276636560934,68.29913043765006,42.05709669315534,0.00907383498810363,-2.03594970703125,1.0,1.6591758728027344,0.0,0.0,2.0,0.9274498807006275,-0.37394748132377076,1.0,0.0,0.999985848525006,-0.005320032868662732,0.9683861710130558,0.24945585539464218,0.5,0.5
2025-09-09,49.50859787053084,49.78512583129455,49.39008265813705,49.725868225097656,4362900,0.0,0.0,0.003218746413752607,0.00018725154883278595,0.0021602656677439497,0.01749823052638489,0.03345816970946912,0.03576078177911459,0.03870375936789876,0.01295734922701504,0.01727971716911279,0.024424525344729015,61.36878079220304,73.38146731487767,51.52261488157212,0.008601874238578078,-1.8087997436523438,1.0,1.8863258361816406,0.0,0.0,2.0,0.981789698732875,-0.18997101742637088,1.0,0.0,0.9991100986814827,-0.04217832041082194,0.9630453412836376,0.2693393224760951,0.5,0.5
2025-09-10,49.41971400018505,49.58760490218592,48.81727484846717,49.39008331298828,5180900,0.0,0.0,-0.005832636415569529,-0.0019876773804111524,-0.003387798905207983,0.01767284287247812,0.033384428118963555,0.035612005730359164,0.03823480999669428,0.02104113367863948,0.01778164115136186,0.025685757583976877,52.59027558375163,61.92599027099548,43.24288069331166,0.01014566279152845,-2.1445846557617188,-1.0,-0.335784912109375,0.2370207983873911,0.012214804620062232,0.03168756953888044,0.979905368784863,-0.19946294950842802,1.0,0.0,0.999984015197081,-0.005654144526279975,0.9872633131922058,0.15909478440460725,0.9780488129205287,0.021951187079471336
2025-09-11,49.56785123753022,50.34805942501429,49.47896671278633,49.98264694213867,4036600,0.0,0.0,0.005244805514047103,0.00592875152708464,0.004645990050523646,0.01758495659261853,0.0366022505421295,0.0394008158787376,0.04182859746422997,0.021472427433259323,0.019999057696122105,0.027108104451297153,59.9946748992107,68.30737799222102,52.82553618299078,0.007999639616731028,-1.5520210266113281,1.0,0.5925636291503906,0.562933593719741,0.13155856614160127,2.0,0.999719189584854,-0.023696876920868717,0.9978158877661022,0.06605644647985041,0.9992276075790459,-0.03929616077756365,0.7918016681403278,0.6107782890134473,0.9382805763673013,0.06171942363269869
2025-09-12,49.80487727510905,49.8246298100751,49.251817598292256,49.30119705200195,4340600,0.0,0.0,-0.0023006918873284686,-0.005225272665993656,-0.006863653367177599,0.017613429389127168,0.0381067475653493,0.03963963777577486,0.0419821986194975,0.022158781246591125,0.022373206124068713,0.023625129382525565,50.895867807515565,57.10328418786637,44.34131570586293,0.008484821016646068,-2.233470916748047,-1.0,-0.6814498901367188,0.0,0.0,1.3225066629412414,0.8558902416144547,-0.517157514021744,1.0,0.0,0.9990828039042474,-0.04281998298489966,0.9699568089199768,0.24327718518138036,0.3387466685293793,0.6612533314706207
2025-09-15,49.38020702108249,49.53822353285352,48.38272849691738,48.4024772644043,5071600,0.0,0.0,-0.008901450727566977,-0.00288242806628261,-0.009198423640519572,0.018364195874183965,0.03852517907522177,0.03958290423172902,0.043912139970056906,0.028809979801161224,0.02196156026790306,0.02818910187845982,43.386449329518534,47.9564866111006,37.207829350599546,0.009733029462130593,-3.132190704345703,-1.0,-1.580169677734375,0.0,0.0,2.0,0.9111271851998823,-0.4121252872485978,1.0,0.0,0.9871607710307444,-0.1597298097976274,0.9975446515028544,0.07003333676220716,0.0,1.0
2025-09-16,48.491362676000406,49.15305942125745,48.23458725244794,48.94566345214844,8132800,0.0,0.0,-0.0015332784120574774,-0.0039027166337999757,0.005579831147733252,0.018203590824219122,0.03940412951423661,0.03976745119375727,0.043511761959596086,0.02628680607624315,0.022862376696285755,0.031416013173845556,37.45816718829642,40.41850456018379,46.891942456309536,0.015783007658091094,-2.5890045166015625,-1.0,-1.0369834899902344,0.0,0.0,2.0,0.9099554638408394,-0.4147059847967026,1.0,0.0,0.9863938903104609,-0.16439918843532783,0.9986616346484677,0.05171981710379994,0.0,1.0
2025-09-17,48.10619836822101,49.00491801505862,47.819792253839225,48.57037353515625,15178800,0.0,0.0,-0.004318335100811959,-0.0015092141267371206,-0.0038484943460227504,0.018776811611174997,0.04219809154710939,0.04069950995812166,0.04431396945472146,0.025449784861901855,0.022808048134255767,0.03156163490270764,32.432720353744855,33.843631553545094,39.76659918562367,0.02923104471528353,-2.96429443359375,-1.0,-1.4122734069824219,0.0,0.0,2.0,0.9407056521099012,-0.3392239320691947,1.0,0.0,0.9778110035186188,-0.20948900066092146,0.9999437608169104,0.010605432727315196,0.0,1.0
2025-09-18,48.34322185640337,49.725865347623746,48.24445918512361,49.23206329345703,7310200,0.0,0.0,0.0021290137256259,0.0035167603706471244,0.0032583411806048047,0.019350577462093912,0.04254204257440118,0.039787125781011505,0.04442938915397081,0.02158177507933964,0.022216385658195243,0.032557686231357255,40.6057408323529,43.560160497400574,47.26848446889448,0.014269631283892439,-2.3026046752929688,1.0,0.6616897583007812,0.5728059263662928,0.06188369556700806,0.21951856871018813,0.991823927087806,-0.12761386153597276,1.0,0.0,0.9951632648886266,-0.09823480145146758,0.9156211336698178,0.4020422111883249,0.7800881392125213,0.21991186078747874
2025-09-19,49.666614386311664,50.14066393365413,49.26169682916013,49.725868225097656,15037000,0.0,0.0,0.010432547908949505,0.0041535296061214885,0.004990049044709834,0.019095114045994763,0.044314048425765536,0.04145349724349509,0.04600772715853203,0.033810175711041765,0.021724860832142673,0.03142922337654875,47.22949162936812,51.484738753594975,53.90066784672714,0.02964688233182025,-1.8087997436523438,1.0,1.1554946899414062,0.0,0.0,0.6694194785192372,0.9993637907796563,-0.03566530076300224,0.9999979199934526,0.0020396099549576615,0.9993853653254483,-0.03505554982196488,0.8021678880578786,0.5970985508010906,0.5,0.5
2025-09-22,49.844383997911635,49.89376345325879,49.054297642713365,49.4493408203125,8413800,0.0,0.0,-0.001180358295777617,-0.0013810310058143148,-0.0015601488593892379,0.0190429238347423,0.04392580560979507,0.041420603161930934,0.04566279047887382,0.02686414867258817,0.021403163607076912,0.02252809108314238,41.968376287420526,44.450015079026315,47.35629117022646,0.016496360782995004,-2.0853271484375,-1.0,-0.27652740478515625,0.0,0.0,0.0572717491952639,0.9681769854087885,-0.2502665077966896,0.9999997456570712,0.0007132221203899187,0.9999922810431376,-0.003929103478200492,0.9183950369758264,0.39566470155697553,0.971364125402368,0.02863587459763195
2025-09-23,49.63698143597266,49.98264513857532,49.49871746189589,49.93326568603515,5522500,0.0,0.0,0.0029598318755600646,0.000584107662620699,0.003196031827461571,0.018274225672863686,0.046790444771014045,0.0421056850787725,0.04757963711151802,0.026301920523582344,0.01812882972503471,0.02202478110889534,48.17546375067901,52.18252142786437,54.12253239899519,0.010933548858717963,-1.6014022827148509,1.0,0.48392486572264914,0.0,0.0,2.0,0.9964303643346035,-0.0844187717987493,0.9999924610743331,0.003883013584602835,0.9995098678824496,-0.0313053350981626,0.9118959824779256,0.41042138972112413,0.5,0.5
2025-09-24,49.9332665370611,50.69372217485472,49.88388331626854,50.47644805908203,6023600,0.0,0.0,0.0038755863839022215,0.007062998549258762,0.005409659611476549,0.017932311999448548,0.05134748547600013,0.04407438874920698,0.05226165536984914,0.019862751547821744,0.01870149634654799,0.016932144955234634,54.92765901504074,59.506233128833166,60.740415477983824,0.012055365070296172,-1.0582199096679688,1.0,1.0271072387695312,0.0,0.0,2.0,0.9999626830623052,-0.008639009366581617,0.9809319057974593,0.19435173317612706,0.9996990176502473,-0.024533122694238987,0.9140745229664543,0.4055462568729356,0.5,0.5
2025-09-25,50.60483700828952,50.68384337921349,48.49136101676469,48.8172721862793,7408800,0.0,0.0,-0.014155210581126383,-9.744557967274681e-05,-0.016709776496467262,0.0204253742507858,0.0511162642571588,0.0459069011819647,0.05164949938108884,0.04169805905358362,0.016707305815216334,0.04250531257784603,47.02868330973778,50.41948140199319,51.98323501126237,0.014340253697278638,-2.717395782470703,-1.0,-1.6591758728027344,1.007356445131201,0.13742335429630315,2.0,0.9999506129275726,-0.00993839553307749,0.9907960158585961,0.13536341809636931,0.9995560149339425,-0.02979551995478683,0.9937192812328813,0.11190169840536714,0.0,1.0
2025-09-26,48.96541685069323,49.48884585836171,48.88640670826202,49.469093322753906,5011400,0.0,0.0,0.0027440922827605793,-0.008069170065655497,0.004485866665779755,0.019686198366210553,0.04690630206137755,0.041825844172534224,0.04418328200534356,0.035618567935360175,0.0308661183237655,0.04374136066840787,40.221623949837316,57.83365084970477,58.82786308038145,0.00982943317442894,-2.0655746459960938,-1.0,-1.007354736328125,0.0,0.0,0.9619074434245544,0.8513632878367652,-0.5245765455334173,1.0,0.0,0.999997061595142,-0.0024242114350177786,0.927178086913373,0.37462086854266113,0.5190462782877228,0.4809537217122772
2025-09-29,49.508597307730014,49.557976761960646,48.89628001955545,49.0444221496582,4991100,0.0,0.0,0.00010056296432421083,0.000695134571549856,-0.004293328973779068,0.019402025394858045,0.043609620855446396,0.03743250245901266,0.043009579900686976,0.0354753629365387,0.03092084094894803,0.044239680070684795,48.860686129966034,63.89363148507276,50.54408229163268,0.009705576754959856,-2.490245819091797,1.0,-0.4246711730957031,0.0,0.0,0.1709519203330549,0.9348436642308828,-0.3550596054852993,1.0,0.0,0.9999977165166575,-0.00213704503246909,0.9799893469291355,0.19904994324391648,0.9145240398334725,0.08547596016652745
2025-09-30,49.153057748208774,49.86413392370599,48.9851630879227,49.79499816894531,4773800,0.0,0.0,0.0008685335991036605,0.0029452990214465413,0.0072632742682728615,0.019005445089571405,0.04214175865286851,0.03628784299873362,0.04196364452364713,0.03370989827150975,0.03177330103334587,0.04628091188320048,56.11007074462733,69.03333405969828,57.59060136363049,0.009425087614904253,-1.7396697998046875,1.0,0.32590484619140625,0.3752880653442858,0.04653672946134362,0.5889468092045427,0.9789457679164422,-0.20412051214536808,1.0,0.0,0.999999927059104,-0.0003819447430105054,0.9865824170417268,0.16326400210733658,0.9267695752449523,0.0732304247550477
2025-10-01,50.120908840699975,50.31843041719965,49.34070068560213,50.071529388427734,5067200,0.0,0.0,0.003615911257066031,0.0045346862149361405,0.0027690080575151215,0.01894521018012234,0.04137533615157671,0.03522638093708019,0.043340962176995,0.033523940402166816,0.02916381411839055,0.0449403988783967,62.25662214583418,73.33895855323843,63.64549963007197,0.010059916082374627,-1.4631385803222656,1.0,0.6024360656738281,0.0,0.0,2.0,0.9971728889122138,-0.07514139750144247,0.9997512590453201,0.022302915443889532,0.9995775295717471,-0.02906479615003542,0.9780249190537408,0.20848802773762307,0.5,0.5
2025-10-02,49.87400851605395,50.39743749886881,49.56784987978653,49.69623947143555,4289500,0.0,0.0,0.0019440883107648443,0.0006640591219563296,-0.00318430942551803,0.018917198891015376,0.04292759342995965,0.03642753186357916,0.04268828691515149,0.007595067315557037,0.029314378434630365,0.025112799305411753,67.69486548994794,77.14530924985647,54.56973866687171,0.008452119995583623,-1.8384284973144531,1.0,0.22714614868164062,0.0,0.0,0.2860916560010034,0.9987905515801564,-0.04916740865865194,0.9995957852728564,0.02843002048436641,0.9996806989673491,-0.025268559756190884,0.9777339834560832,0.20984817748815385,0.5,0.5
2025-10-03,49.62710741948004,50.051777495805766,49.478965293353106,49.73574447631836,3599500,0.0,0.0,-0.0007530458965350226,-0.0028876070142866733,0.0003333968718333543,0.018374668730255,0.043775187171614466,0.036305089766198874,0.04203433145794607,0.007978473419520344,0.013526581993812434,0.021998063425803786,58.18098792540956,66.24458794892098,60.33723844113782,0.007098167708542309,-1.7989234924316406,-1.0,0.0395050048828125,0.0,0.0,0.008653637046238203,0.9410375729998126,-0.33830206355064146,0.9999978899572939,0.002054283563650209,0.9996278783104584,-0.027278286319549372,0.9856612680022244,0.1687360801969964,0.5,0.5
2025-10-06,49.735744814640235,50.318431404673326,49.409833641908314,49.55797576904297,5989000,0.0,0.0,-0.0006990847516516981,0.0026567037349893145,-0.0017903318239674416,0.018432970012494092,0.04438753598524674,0.03698783518944763,0.042062709212024214,0.008663016852773505,0.013777941717870864,0.019675444393998008,63.59887055059573,57.36858965546109,52.94118304789134,0.011768018088661134,-1.9766921997070312,-1.0,-0.13826370239257812,0.15801623787821484,0.006390360201192215,2.0,0.9991558579902847,-0.041080061388684,0.9998585732439256,0.01681765473012028,0.999610463652569,-0.02790915542068699,0.9908036055978995,0.13530785318747046,0.0,1.0
2025-10-07,49.62710823254059,50.624586760250295,49.07404855567125,50.29867935180664,5050600,0.0,0.0,-0.002875311521183372,0.002557727284938273,0.006255414495604718,0.019066173780870877,0.043846186093527716,0.0389413023140425,0.044459685986824926,0.012470749478319654,0.013752011422191533,0.019382977367535324,67.68891069806726,51.22474136057195,58.29380307568394,0.01007244748815169,-1.2359886169433594,-1.0,0.6024398803710938,0.5728092644445297,0.2147786582175243,2.0,0.999969708569175,-0.007783440375523163,0.9970698392482162,0.07649663823682884,0.9999961109775369,-0.002788911938679323,0.9972876536382327,0.07360255362926187,0.9030247752204817,0.09697522477951827
2025-10-08,50.2690508322651,50.29867775006811,49.04442007512751,49.133304595947266,4995900,0.0,0.0,-0.0002986959821533205,-0.0031943010165149228,-0.011593385141725823,0.019947631810214615,0.043694537632768586,0.038700224522124946,0.04491907775734632,0.009074894372999484,0.013988293119435634,0.030985945739017917,60.17908292219572,46.55830404633695,51.42773929639521,0.009732516905273034,-2.4013633728027344,-1.0,-0.5629348754882812,0.36541356678080206,0.023155468398324067,0.8731500504490476,0.9479923809448989,-0.3182930185700303,0.9999216075655196,0.012521131082572703,0.9999946138859396,-0.0032821028488952304,0.9980020861421848,0.06318097859203492,0.5518472405763142,0.4481527594236858
2025-10-09,49.34070157377004,49.34070157377004,48.49136141672019,48.599998474121094,4472700,0.0,0.0,-0.00507648679064807,-0.008607553445411514,-0.004885286350310662,0.01997435404149934,0.043773837583708335,0.039829287649142675,0.04660682277152705,0.010261211067941613,0.023293444174479885,0.03167529156282181,52.43532594836387,41.60412742081477,44.381802236303514,0.008618694368837351,-2.9346694946289062,-1.0,-1.0962409973144531,0.0,0.0,2.0,0.8329849549673028,-0.5532956395979644,1.0,0.0,0.9998710861012589,-0.0160564995777073,0.9999999999999991,4.138429557591299e-08,0.0,1.0
2025-10-10,48.79999923706055,49.40999984741211,48.59000015258789,49.34000015258789,5867000,0.61,0.0,0.001016041949486691,0.0007017496852655701,0.0075556635577182125,0.019456535034541762,0.04394914007624279,0.040946648856593715,0.0465782329620501,0.01203242606232742,0.023589567463286675,0.037368672224960695,59.009052250069956,48.365906574203,52.00727248026187,0.0114775895505321,-2.1946678161621094,1.0,0.7400016784667969,0.0,0.0,0.4556730355280944,0.9221388337938765,-0.38685911028340714,1.0,0.0,0.9999427088105569,-0.010704162583116322,0.9999568328497789,0.009291525011499338,0.5,0.5
2025-10-13,49.04999923706055,49.209999084472656,48.130001068115234,48.150001525878906,4438700,0.0,0.0,-0.0035981592351143196,-0.0015342861470812247,-0.009234770082808113,0.02030827680031397,0.045293953840800184,0.042403245807720494,0.048661098271407036,0.012861721804674917,0.02143216043391143,0.04397407871700544,50.129826864452355,41.9921606415668,43.739339019850945,0.008473982321139575,-3.3846664428710938,-1.0,-1.1899986267089844,0.36136034860495414,0.011398540371800802,2.0,0.9441597192407908,-0.32948812507152847,1.0,0.0,0.99955878640562,-0.029702399218314444,0.9998554267604235,0.017003693061549478,0.0,1.0
2025-10-14,48.0099983215332,48.90999984741211,47.709999084472656,48.58000183105469,5846600,0.0,0.0,-0.004382324530194996,-0.00305747289366368,0.004445366383262499,0.02045516453651747,0.048978184713024,0.044068421041836635,0.050287004981536355,0.01329839914363314,0.016950766476637687,0.040778696193625424,42.265077186111526,35.987912366710425,52.055514389404145,0.01126150319207282,-2.9546661376953125,-1.0,-0.7599983215332031,0.0,0.0,1.0547750703634264,0.9498177355620101,-0.312803882987177,1.0,0.0,0.9983381612684299,-0.05762738719715119,0.9999998442781557,0.0005580713792624739,0.4726124648182868,0.5273875351817132
2025-10-15,48.31999969482422,48.52000045776367,47.720001220703125,47.7400016784668,5596800,0.0,0.0,0.00010033310343389563,-0.0038318423148354466,-0.008348323711812336,0.02061502068380789,0.049781037301969915,0.048084208772542554,0.05680557905237077,0.013702107806769672,0.016972015629757704,0.03809979211431237,35.22831394790075,46.1341392544819,43.23284037831132,0.010593944000585874,-3.794666290283203,-1.0,-1.5999984741210938,0.0,0.0,2.0,0.9376309726223863,-0.3476322182698231,1.0,0.0,0.998308507386824,-0.05813883451783067,0.9999995804982851,0.0009159712079579012,0.0,1.0
2025-10-16,47.900001525878906,48.65999984741211,47.47999954223633,47.709999084472656,5215000,0.0,0.0,-0.0023490477886633485,0.0013423438307393052,-0.00029288517787463136,0.02092118327984042,0.05500138643723342,0.0528075013303131,0.06416289714936661,0.011621418578397043,0.01058360803582593,0.03774513886966556,46.5059297708917,38.08773970335095,35.38245588220552,0.00986504739707989,-3.8246688842773438,-1.0,-1.6300010681152344,0.0,0.0,2.0,0.9615314639663611,-0.27469481939546353,1.0,0.0,0.9976530877612559,-0.06847128215852002,6.123233995736766e-17,-1.0,0.0,1.0
2025-10-17,48.0,48.56999969482422,47.849998474121094,48.38999938964844,5562700,0.0,0.0,0.0038812434656851505,-0.0009256418082033922,0.007075965826980731,0.020423266379596287,0.057378797107723145,0.057012818668605816,0.06550274421077258,0.016043620014385567,0.009411611751472057,0.037155115150570926,38.16093672108704,48.86380685592891,46.8134648133016,0.010672759192127202,-3.1446685791015625,-1.0,-0.9500007629394531,0.049999237060546875,0.0002527999550221699,1.648095974241839,0.9683603405032728,-0.24955610780020102,1.0,0.0,0.9991920138577066,-0.04019103684878794,0.9374718860628986,0.3480610044829381,0.1758256129015694,0.8241743870984306
2025-10-20,48.459999084472656,49.060001373291016,48.29999923706055,48.810001373291016,5357000,0.0,0.0,0.004507128907640923,0.004833372660400388,0.00416122386742694,0.01991346295070616,0.05780909579016351,0.05825389058150039,0.0657277490220798,0.01759527935434069,0.016283119177487138,0.0278741826148007,48.87919129904635,57.39301388836469,55.608990962808456,0.010367306098837225,-2.7246665954589844,1.0,0.4200019836425781,0.40000152587890625,0.021552445791927635,0.1954585960440392,0.9848723174350106,-0.17328161573055534,1.0,0.0,0.9999351108795933,-0.011391840510446062,0.9236376987713736,0.3832667496774555,0.900685026855829,0.09931497314417108
2025-10-21,48.81999969482422,48.939998626708984,48.52000045776367,48.56999969482422,4990600,0.0,0.0,0.002116855091213077,-0.0011407651005784633,-0.0022960197522654043,0.019200106256947753,0.05608335132286915,0.05958812076559558,0.06495769714691366,0.013101058467446991,0.015104041275194921,0.027474689688129755,40.89656261411286,64.00983116107427,47.203268376113364,0.009610728709237645,-2.9646682739257812,1.0,0.18000030517578125,0.0,0.0,0.03590034107784927,0.984582962710866,-0.17491823672645904,1.0,0.0,0.9999415709246244,-0.010809936946818484,0.9392008931502381,0.3433681439880453,0.5,0.5
2025-10-22,48.5099983215332,49.709999084472656,48.36000061035156,49.18000030517578,5553400,0.0,0.0,-0.0016515260698605411,0.007805377350519644,0.00624041545116688,0.01956825859240626,0.05145415829084406,0.056274182115638956,0.059491683981911916,0.01455004893607587,0.01749197188302453,0.018668552943686162,49.77227384012767,55.07733480444235,54.78450287359244,0.010828864967423569,-2.3546676635742188,1.0,0.7900009155273438,0.0,0.0,0.6915240377958931,0.9964591941713865,-0.08407778750247294,1.0,0.0,0.9999753876020633,-0.007015995303822931,0.9759719511583211,0.21789619214713124,0.5,0.5
2025-10-23,49.11000061035156,49.15999984741211,47.900001525878906,47.93000030517578,4809100,0.0,0.0,-0.00413824264882644,-0.004817285762221526,-0.011146817944449688,0.02055194959552823,0.053122356148201745,0.05288047468509853,0.06279585066775775,0.01786306855497497,0.023894939781232027,0.03731010241471069,42.63598420395445,48.082102286090176,47.08958572935749,0.009139168715843436,-3.6046676635742188,-1.0,-1.25,0.6199989318847656,0.029583627220622723,2.0,0.8832314622575035,-0.46893729226675085,1.0,0.0,0.9995928971005239,-0.028531387386201097,0.9967284490823858,0.08082325649107437,0.0,1.0
2025-10-24,47.869998931884766,48.060001373291016,47.27000045776367,47.40999984741211,5085600,0.0,0.0,-0.006619744194431312,-0.01131452849526243,-0.0054541688371243105,0.020483495516765513,0.05807806539794984,0.05919105328949278,0.06844070563641581,0.021097143505338103,0.03471458587008622,0.03451188552444321,36.44971394291503,42.181629898928975,40.267018959626505,0.009559773607671558,-4.124668121337891,-1.0,-1.7700004577636719,0.0,0.0,2.0,0.7797390983222696,-0.6261045747697216,1.0,0.0,0.9994202870951404,-0.03404540707154306,6.123233995736766e-17,-1.0,0.0,1.0
2025-10-27,47.43000030517578,48.31999969482422,47.31999969482422,48.290000915527344,7592300,0.0,0.0,0.0005285890366834823,0.0026976376701786185,0.009195413386621637,0.020152933900701546,0.061560918073394366,0.0626256956013794,0.06927071072990579,0.016404189285777856,0.032949113818912745,0.03995608171839047,44.344987994965884,49.10665254344212,47.01634797827991,0.01453670674002904,-3.2446670532226562,1.0,0.8800010681152344,0.0,0.0,0.24718359326087405,0.9054044903564846,-0.42455000746945504,1.0,0.0,0.9997325611345473,-0.023125877439754694,0.9987222394962298,0.050536010286086,0.5,0.5
2025-10-28,47.9900016784668,48.52000045776367,47.84000015258789,48.04999923706055,6617600,0.0,0.0,0.004762954641621853,0.0018001306367452644,-0.0021713747771062407,0.019817761366958564,0.061539468574823515,0.06389844636576013,0.06834745776554564,0.021162074633889583,0.033743901253963336,0.039960756419983076,50.03211971310536,54.412471549794965,41.84962602451759,0.01260751092141269,-3.484668731689453,1.0,0.6399993896484375,0.0,0.0,0.13074116852962175,0.9540395173888505,-0.29968082898385257,1.0,0.0,0.9995532353580351,-0.029888621334624974,0.9575835279498853,0.2881558380443667,0.5,0.5
2025-10-29,47.70000076293945,48.029998779296875,46.459999084472656,46.56999969482422,8082300,0.0,0.0,-0.014634157786640623,-0.00507510805115274,-0.015641508760761594,0.021425756442594084,0.06810998041459584,0.06513850311970068,0.07476035829670986,0.03396048153290283,0.026189211593173514,0.04371725644600401,44.43053873893484,47.11613255014581,35.929492174019835,0.014923705042231993,-4.964668273925781,-1.0,-1.4799995422363281,0.8600006103515625,0.030006617906421434,2.0,0.8979897060194865,-0.44001646319545384,1.0,0.0,0.9654289713425813,-0.2606662642008078,6.123233995736766e-17,-1.0,0.0,1.0
2025-10-30,46.61000061035156,47.2599983215332,46.529998779296875,47.04999923706055,5910700,0.0,0.0,0.0005505082850411846,-0.005909457588667035,0.0037495240352468243,0.020800617712645655,0.06994157002658588,0.07018319453694222,0.07681327234999893,0.03511521272094811,0.02765384320359904,0.04326256571835924,38.34243360951586,54.72196015074057,44.70088964442343,0.011026406344369038,-4.484668731689453,-1.0,-1.0,0.0,0.0,2.0,0.8445349536324462,-0.5355004314592491,1.0,0.0,0.9831033635192216,-0.1830512950983776,6.123233995736766e-17,-1.0,0.0,1.0
2025-10-31,46.65999984741211,46.84000015258789,46.209999084472656,46.61000061035156,6762000,0.0,0.0,-0.0034505035820065737,-0.004463317489434585,-0.004697828608005724,0.020784469293255562,0.07266072460976424,0.07836265976065955,0.0799898787918074,0.03399148136408572,0.02114982688363453,0.042973250915204854,32.09028916774264,45.92775332944415,37.90937127913579,0.012496538463107245,-4.9246673583984375,-1.0,-1.4399986267089844,0.0,0.0,2.0,0.8653970868178495,-0.5010867012076647,1.0,0.0,0.976807625974283,-0.21411880309418282,6.123233995736766e-17,-1.0,0.0,1.0
2025-11-03,46.45000076293945,46.650001525878906,45.939998626708984,46.43000030517578,7765500,0.0,0.0,-0.0029300104663042173,-0.0020322881944363686,-0.0019346550236946656,0.02046696479416601,0.07549616626590326,0.08366702022238544,0.08339326926263863,0.03326479883003924,0.01695842024236864,0.033605238572384656,26.29063453191323,37.80481257261234,31.852042652845505,0.014295638773476414,-5.104667663574219,-1.0,-1.6199989318847656,0.0,0.0,2.0,0.893878692672407,-0.4483089144621915,1.0,0.0,0.9728701089817252,-0.23135200679891682,6.123233995736766e-17,-1.0,0.0,1.0
2025-11-04,46.61000061035156,46.720001220703125,46.11000061035156,46.380001068115234,5281800,0.0,0.0,0.0012561535437237658,0.0005099191277682347,-0.0003664216504775507,0.01996497208327487,0.07675569127145003,0.08291195568146928,0.07851025920109285,0.029225587036393958,0.014868381405341975,0.03424341216593825,40.10114961488712,48.99721808425275,26.528642271173396,0.009712883098833362,-5.154666900634766,1.0,-0.049999237060546875,0.0,0.0,0.00610334100309973,0.9304685588633108,-0.36637175241390185,1.0,0.0,0.983968169654193,-0.17834416476963083,6.123233995736766e-17,-1.0,0.9969483294984501,0.003051670501549865
2025-11-05,46.33000183105469,46.540000915527344,45.79999923706055,46.38999938964844,5408300,0.0,0.0,-0.003372879706296118,-0.0019300911543283477,0.00010777537440840222,0.019674317728105867,0.07835458918584705,0.08317190129426726,0.08020986294274418,0.011315821298063808,0.01482945661562135,0.016070540584984527,32.4929995009403,39.94163219534598,39.03482873930163,0.00994765227852991,-5.1446685791015625,-1.0,0.009998321533203125,0.0,0.0,0.039987793713833646,0.9367024489851287,-0.35012643725554676,1.0,0.0,0.9790199206084906,-0.2037645578891107,6.123233995736766e-17,-1.0,0.5,0.5
2025-11-06,46.31999969482422,46.95000076293945,45.959999084472656,45.97999954223633,6110200,0.0,0.0,0.001743677532027182,0.004385494064083894,-0.004438668963441803,0.019969850933059335,0.08021569425092565,0.08457933235505857,0.08572831106236611,0.012394044168900593,0.01506756553806296,0.009837864839878583,44.84669142489658,50.75873189779665,32.335096221300816,0.011139349843941507,-5.554668426513672,1.0,-0.4099998474121094,0.15000152587890625,0.000729247710279619,2.0,0.9698219672023422,-0.24381417500174038,1.0,0.0,0.9869505259619805,-0.16102378489953004,0.9842958359205256,0.17652678943863942,0.0,1.0
2025-11-07,46.130001068115234,47.31999969482422,45.939998626708984,46.880001068115234,6267900,0.0,0.0,-0.00021763284289220806,0.003924885224229296,0.009692025844964066,0.02029007091448243,0.08005041567812961,0.08280857725294782,0.08051887763740811,0.011122732135595611,0.013758235147539696,0.024085254404577434,54.14252248360541,42.24747364039249,42.853984367190286,0.01165051509978799,-4.654666900634766,1.0,0.4900016784667969,0.779998779296875,0.028080874692626476,1.4283273266836236,0.9874124088200423,-0.1581667945815481,1.0,0.0,0.990063937232946,-0.14061792272252246,0.9972177428539806,0.07454376793007136,0.980719090522773,0.019280909477227003
2025-11-10,46.790000915527344,46.849998474121094,46.040000915527344,46.220001220703125,4784400,0.0,0.0,0.0008298927293040749,-0.003809709375156072,-0.005411274513364755,0.02040795713617946,0.08052719910821038,0.08310059956567278,0.08351065403758531,0.009700685636792007,0.01773700846118114,0.0285635583100651,45.53304315386316,50.760383329139444,36.56376784137388,0.008767845522228748,-5.314666748046875,1.0,-0.1699981689453125,0.0,0.0,0.12036309645759335,0.8992912497707534,-0.4373502579006402,1.0,0.0,0.9933729432358189,-0.11493561522437931,0.9965912817007915,0.08249737715814812,0.9398184517712034,0.06018154822879668
2025-11-11,46.61000061035156,46.90999984741211,46.36000061035156,46.650001525878906,5525600,0.0,0.0,0.003463200103244532,0.0006399463989456528,0.004630131285223924,0.019832068062703778,0.08060614998410452,0.08344602245801795,0.08188879890527578,0.011440761346574867,0.017728405165382398,0.030303991563750368,52.65435406909799,56.88961236857758,43.9249307878213,0.01022036863449449,-4.884666442871094,1.0,0.26000213623046875,0.0,0.0,2.0,0.9760262367979503,-0.21765290046776653,1.0,0.0,0.9966148408853429,-0.08221227966114698,0.9886014019621041,0.1505565277182034,0.5,0.5
2025-11-12,46.779998779296875,46.880001068115234,46.34000015258789,46.5,5622300,0.0,0.0,-0.00021575466665657095,-0.00031985050649368927,-0.0016103223126328438,0.019304391682874646,0.08027232008278665,0.08458485635171403,0.08318849886792351,0.006870447184815423,0.016942653415824585,0.03063103918439768,46.911531873969565,50.728530476156,39.08441565273068,0.010365790411143763,-5.03466796875,-1.0,-0.15000152587890625,0.0,0.0,0.33284153891772456,0.9859734462659783,-0.16690225660065267,1.0,0.0,0.9966086727814851,-0.08228701803277762,0.9923205942350619,0.12369251495936873,0.8335792305411377,0.16642076945886228
2025-11-13,46.560001373291016,47.7400016784668,46.470001220703125,47.33000183105469,7670600,0.0,0.0,0.0014007226181622088,0.009088993715788371,0.008845804272168136,0.01952779078426709,0.08000277260681635,0.08294123195348735,0.08282624050166515,0.006761169172259657,0.023400810209623993,0.03198537548049767,52.657635387062214,55.81758363693593,45.91003213901548,0.014394656725950443,-4.2046661376953125,1.0,0.8300018310546875,0.8300018310546875,0.03896682905782989,2.0,0.9974062479973068,-0.07197761079623849,0.993273658085323,0.11579050113805037,0.9979936354407977,-0.06331432396906947,0.9924024495082865,0.12303405305017351,0.9808889342864711,0.019111065713528927
2025-11-14,47.86000061035156,48.09000015258789,46.90999984741211,47.40999984741211,5811100,0.0,0.0,0.003569656766456734,0.0027669013002738292,0.0006396977793861021,0.01988015669408196,0.07766904932005463,0.08171048171647625,0.0799895496049707,0.008819726251811906,0.023275405606970324,0.027104934568160346,57.71844688350951,60.1976636529178,51.1071268061149,0.010923548924716885,-4.124668121337891,1.0,0.9099998474121094,0.0,0.0,2.0,0.9993452002535935,-0.03618246440065949,0.9860880109379252,0.16622404965734175,0.9996551075876587,-0.0262614903215056,0.985268243498237,0.171016047065469,0.5,0.5
2025-11-17,47.400001525878906,47.400001525878906,46.709999084472656,46.970001220703125,5385200,0.0,0.0,-0.0019797324814732164,-0.006696283213455175,-0.004320309212283862,0.019697584114692097,0.07194451971135772,0.07765229621818565,0.07376693061154768,0.012315026510820821,0.026633588807486664,0.023640697192164023,52.47403197504231,56.1981898861022,47.19260313745978,0.010029005368386317,-4.564666748046875,-1.0,-0.4399986267089844,0.0,0.0,0.2337868088765998,0.7984273630986085,-0.6020911441429802,0.9998938413471457,0.01457072530964256,0.9992692157847404,-0.038223479498209444,0.9923610921470847,0.12336718685552242,0.8831065955617001,0.1168934044382999
2025-11-18,47.09000015258789,47.84000015258789,46.81999969482422,47.689998626708984,6071400,0.0,0.0,0.0011760997731982378,0.0046198931011617725,0.0076061420575371285,0.019542196600574047,0.06267932791556814,0.07356284889247379,0.06910504323829343,0.011243629958451138,0.027417645128978943,0.026157333746348276,56.79229255009506,59.57426465694524,52.23646892821791,0.011480257026823907,-3.8446693420410156,1.0,0.7199974060058594,0.0,0.0,2.0,0.9899333268848435,-0.1415344775053257,0.9964097046856651,0.08466227263796801,0.9995419712087854,-0.030262977250357027,0.9917025117699549,0.12855398923861633,0.5,0.5
2025-11-19,47.29999923706055,47.95000076293945,47.25,47.630001068115234,5459600,0.0,0.0,0.004110452178996456,0.0010326351317458005,-0.0005660066386859563,0.019218943272730424,0.05415452857076868,0.061189240182535985,0.05656666810486014,0.012668251507420137,0.02695980418787579,0.025507484707558866,61.2488943501664,63.54629133671521,46.58814751435898,0.010310432219213739,-3.9046669006347656,1.0,0.6599998474121094,0.0,0.0,2.0,0.9985715257042105,-0.05343133961230331,0.9959481737762125,0.08992905621559293,0.9999991884256147,-0.0012740283010236318,0.9864593607446926,0.16400588281879522,0.5,0.5
2025-11-20,47.560001373291016,47.93000030517578,47.40999984741211,47.810001373291016,5786600,0.0,0.0,0.00169025826822335,-0.0002085988479439327,0.0018860048257677837,0.01855585778963445,0.050332493298799706,0.052583429185948466,0.055879041335444586,0.012619226352982451,0.02091309159507726,0.019895405151985197,54.46809239319777,67.8727779880248,53.097391043876215,0.010969268677258366,-3.7246665954589844,1.0,0.8400001525878906,0.0,0.0,2.0,0.9988927162353368,-0.04704616298903415,0.9968306614718606,0.07955270171133602,0.9999945653658859,-0.003296852846727222,0.9854727441078004,0.16983365573596323,0.5,0.5
2025-11-21,48.0,49.09000015258789,47.630001068115234,48.33000183105469,7435000,0.0,0.0,0.0023148276366144467,0.011956296041423948,0.005408783445309547,0.019202833518781187,0.05263572451860908,0.06010145045739964,0.06082977725116127,0.01082976216091426,0.03136148689365097,0.021717463192965157,60.869430378703484,72.18988674802249,59.68746440286019,0.01424732199526882,-3.2046661376953125,1.0,1.3600006103515625,0.0,0.0,2.0,0.9995131997928168,-0.031198773051590047,0.9763322619973192,0.21627601388780532,0.9997293819498108,-0.023262907519253168,0.9860331478809963,0.1665491857677286,0.5,0.5
2025-11-24,48.150001525878906,48.29999923706055,46.66999816894531,46.95000076293945,11542800,0.0,0.0,-0.010180306542278679,-0.008111725233374554,-0.014483638019991207,0.020880803541293264,0.05067604180764826,0.06000086854330126,0.0557020121355293,0.02589427419772851,0.03269450237673513,0.03878533154685791,52.35548538155215,62.69629619927318,51.60167305842963,0.021487318912733134,-4.584667205810547,-1.0,-1.3800010681152344,0.7400016784667969,0.02605252233398499,1.0296286973693163,0.7778662680674459,-0.6284298441376129,0.9993600680286019,0.035769462252991956,0.9995734128203799,-0.02920603332563876,0.9976662897943187,0.06827865118789629,0.4721593901483494,0.5278406098516506
2025-11-25,47.150001525878906,47.70000076293945,46.68000030517578,46.95000076293945,4795000,0.0,0.0,4.450982542812362e-05,-0.0025963088492850558,0.0,0.020941121075029615,0.0438766201760437,0.05668994188327682,0.05156786187576769,0.025721514482176213,0.03526795345045259,0.03396952491287188,45.65050299483135,67.25137938369384,51.60167305842964,0.00892605729862385,-4.584667205810547,-1.0,-1.3800010681152344,0.0,0.0,1.0296286973693163,0.8205821069979083,-0.5715286569148333,0.9994968332023338,0.03171877075969286,0.9996390422199423,-0.026866061668888445,0.9999497674159654,0.010023105544525231,0.48518565131534186,0.5148143486846581
2025-11-26,47.029998779296875,47.38999938964844,46.810001373291016,47.16999816894531,3880600,0.0,0.0,0.001125361415803401,-0.0026383902748249003,0.0018916723430181662,0.02023291436879715,0.044213320141826384,0.055547591347760335,0.05117139388583255,0.023391213637822705,0.035468603632082554,0.03488352272544356,39.98303893770089,71.02810925491832,57.94686367652265,0.007257719743427691,-4.3646697998046875,-1.0,-1.160003662109375,0.0,0.0,0.7275125910047119,0.8631317534304512,-0.5049787878912091,0.9999845473884846,0.005559225148118132,0.9997868792313275,-0.02064451784089299,0.9973984928871953,0.07208499418291824,0.6362437044976441,0.36375629550235594
