Date,Open,High,Low,Close,Volume,Dividends,Stock Splits,relative_volume,fast_trend_run,structural_direction,slow_trend_run,breaking_gap,fast_swing_ratio,slow_swing_ratio,p_up,p_down
2020-12-07,90.33183580370466,90.99579498873196,89.67533291775825,90.35567474365234,26418000,0.0,0.0,0.0006598844039197524,-0.42259979248045454,-1.0,-0.36202239990232954,0.8377630807359111,2.0,2.0,0.0,1.0
2020-12-08,89.88984981590424,90.47584362419694,89.199823977378,90.30947875976562,21926000,0.0,0.0,0.0005474005637121251,-0.4687957763671733,-1.0,-0.4082183837890483,0.0,0.0,2.0,0.0,1.0
2020-12-09,89.98470392933488,91.09013800396924,87.7897258786692,88.60017395019531,30152000,0.0,0.0,0.0007385215863070316,-2.178100585937486,-1.0,-2.117523193359361,0.0943430152372855,0.0018761330798963047,2.0,0.0,1.0
2020-12-10,87.88854470370597,88.4601336020262,86.42456422916642,88.16316986083984,27256000,0.0,0.0,0.0006642962671774697,-2.6151046752929545,-1.0,-2.5545272827148295,0.0,0.0,2.0,0.0,1.0
2020-12-11,87.55385129163841,88.61608599046409,87.40189130640314,88.48299407958984,24414000,0.0,0.0,0.0005971882373206384,0.31982421875,1.0,0.31982421875,0.0,0.0,0.01567478543327188,0.00783739271663594,0.992162607283364
2020-12-14,88.14679358743496,89.25868390270752,87.26358584840261,87.40486907958984,32004000,0.0,0.0,0.0007733077866755001,-1.078125,1.0,-0.75830078125,0.0,0.0,2.0,0.0,1.0
2020-12-15,87.62138531241226,87.96900493728994,86.90279966343624,87.7877426147461,29646000,0.0,0.0,0.0007194696539213687,0.38287353515625,-1.0,0.38287353515625,0.0,0.0,0.25493395854522477,0.12746697927261239,0.8725330207273876
2020-12-16,88.04150325893988,88.04746678228955,87.2072161931232,87.55086517333984,30270000,0.0,0.0,0.0007326311127212803,-0.23687744140625,1.0,-0.23687744140625,0.05636965527941129,0.05662958135534555,0.3827689584554251,0.7803007300946146,0.21969926990538532
2020-12-17,87.82449312778864,87.98708439196274,86.34213697110056,86.80099487304688,32494000,0.0,0.0,0.0007797230517412768,-0.9867477416992188,-1.0,-0.7498703002929688,0.01807945467280092,0.00033570543414101296,2.0,0.0,1.0
2020-12-18,87.11286109740938,87.1590461990516,85.42640396508894,85.96223449707031,80328000,0.0,0.0,0.0019089174365567207,-1.8255081176757812,-1.0,-1.5886306762695312,0.0,0.0,2.0,0.0,1.0
2020-12-21,85.0931845470445,86.45089776294904,84.37261358419228,86.37739562988281,36568000,0.0,0.0,0.0008732001640434656,0.4151611328125,-1.0,-1.1734695434570312,0.0,0.0,2.0,0.5,0.5
2020-12-22,86.13206591464636,86.2798051903184,85.04675017499646,85.58928680419922,18734000,0.0,0.0,0.0004432639562013568,-0.7881088256835938,-1.0,-1.961578369140625,0.0,0.0,2.0,0.0,1.0
2020-12-23,85.81822357899378,86.80546328080491,85.66576348918727,86.0302734375,20676000,0.0,0.0,0.0004917340949352859,0.44098663330078125,1.0,0.44098663330078125,0.35456551785587465,0.6464607223302155,0.05054049883154151,0.3485006105808785,0.6514993894191214
2020-12-24,86.16038884574894,86.70665370806366,85.86788822221988,86.35157775878906,6936000,0.0,0.0,0.00016557389160969094,0.7622909545898438,1.0,0.7622909545898438,0.0,0.0,0.15101851842609473,0.07550925921304737,0.9244907407869526
2020-12-28,86.98647541600869,88.92784097035323,86.72327716790329,88.20091247558594,27860000,0.0,0.0,0.0006793079310277838,2.6116256713867188,1.0,2.6116256713867188,0.0,0.0,1.7725991237240177,0.8862995618620089,0.11370043813799113
2020-12-29,88.78195297373625,89.01287093052557,87.20771901944804,87.33832550048828,25988000,0.0,0.0,0.0006274660232229742,-0.8625869750976562,1.0,1.7490386962890625,0.0,0.0,0.7950373073881075,0.5,0.5
2020-12-30,87.50171073870466,87.65491344135812,85.6935808891122,86.38484954833984,26122000,0.0,0.0,0.0006238159879186019,-1.8160629272460938,-1.0,-0.9534759521484375,1.0296962787910928,0.3214818809657572,0.29718073469387757,0.6906686921701826,0.3093313078298174
2020-12-31,86.18125279781867,87.34876232168682,86.18125279781867,86.9986572265625,20238000,0.0,0.0,0.00048673506673817957,0.6138076782226562,-1.0,-0.33966827392578125,0.0,0.0,0.037714741251223406,0.5,0.5
2021-01-04,87.27972330707433,87.43416872026468,84.81211267442745,85.8246841430664,38038000,0.0,0.0,0.0009024899674419224,-1.1739730834960938,-1.0,-1.513641357421875,0.0,0.0,0.7489401871780936,0.6255299064109532,0.3744700935890468
2021-01-05,85.66378116067315,86.78957620701044,85.31690413411205,86.4543685913086,22906000,0.0,0.0,0.0005474553377999345,0.6296844482421875,-1.0,-0.8839569091796875,0.0,0.0,0.25542497131488223,0.5,0.5
2021-01-06,84.55287777406056,86.80596048792144,84.37260812123313,86.1747817993164,52042000,0.0,0.0,0.0012397858223893161,-0.2795867919921875,-1.0,-1.163543701171875,0.0,0.0,0.4425542979204151,0.7787228510397924,0.22127714896020756
2021-01-07,86.41165925675016,88.8122312894058,86.26218471621473,88.755126953125,45300000,0.0,0.0,0.0011114863829218584,2.5803451538085938,1.0,2.5803451538085938,2.02265508239536,0.6144521323526233,2.0,1.0,0.0
2021-01-08,88.79137849204815,89.87694435913419,88.07403557290453,89.746337890625,41012000,0.0,0.0,0.001017513499429721,3.5715560913085938,1.0,3.5715560913085938,0.0,0.0,2.0,1.0,0.0
2021-01-11,88.69651857886376,89.10597089875891,87.42770513845433,87.735595703125,24194000,0.0,0.0,0.0005868079653910963,-2.0107421875,-1.0,-2.0107421875,0.0,0.0,0.31695516240475485,0.8415224187976226,0.15847758120237743
2021-01-12,87.09995053496378,88.29775491609885,85.6791770578104,86.73395538330078,27140000,0.0,0.0,0.000650745974788044,-3.0123825073242188,-1.0,-3.0123825073242188,0.0,0.0,0.7113859504584169,0.6443070247707916,0.35569297522920845
2021-01-13,86.33817038283914,87.65192634807305,86.30986069409443,87.12379455566406,21882000,0.0,0.0,0.0005270311573086056,0.38983917236328125,-1.0,-2.6225433349609375,0.0,0.0,0.5391758059873669,0.5,0.5
2021-01-14,87.0850474222712,88.14728197733925,86.08091743532361,86.41761779785156,23590000,0.0,0.0,0.0005635633292630652,-0.7061767578125,-1.0,-3.3287200927734375,0.0,0.0,0.8686395609105665,0.5656802195447168,0.43431978045528324
2021-01-15,86.31880123511579,87.20325167239845,85.49245537248255,86.219482421875,26844000,0.0,0.0,0.0006398307915462645,-0.9043121337890625,-1.0,-3.52685546875,0.0,0.0,0.9751251885626956,0.5124374057186523,0.4875625942813478
2021-01-19,87.0170197865356,89.84889015284965,86.48118168067656,88.93439483642578,34692000,0.0,0.0,0.0008529264584992931,2.7149124145507812,1.0,2.7149124145507812,1.701608175510401,0.39283256267333644,0.5925654442039939,0.4926990034386652,0.5073009965613349
2021-01-20,90.9506031893154,94.53855311547628,90.65611726122197,93.70376586914062,49806000,0.0,0.0,0.0012901826705761395,7.484283447265625,1.0,7.484283447265625,0.0,0.0,2.0,1.0,0.0
2021-01-21,94.25498450957228,96.08545271988396,93.71418312815636,93.9197769165039,41278000,0.0,0.0,0.0010717369250735239,7.700294494628906,1.0,7.700294494628906,0.0,0.0,2.0,1.0,0.0
2021-01-22,94.13977202265876,94.89808669345078,93.4485034198481,94.4064483642578,25442000,0.0,0.0,0.0006639959075179087,8.186965942382798,-1.0,0.48667144775389204,0.0,0.0,0.019041291872552425,0.009520645936276212,0.9904793540637238
2021-01-25,95.38079514923776,95.8232628796447,92.74185613608434,94.32452392578124,38546000,0.0,0.0,0.0010051165727276135,-0.0819244384765625,-1.0,0.40474700927732954,0.972326992072027,2.0,0.013170187916399463,0.006542014180147548,0.9934579858198525
2021-01-26,93.80009490964918,95.59580490343518,93.57190490571264,95.21044158935548,26262000,0.0,0.0,0.0006912336490399185,0.8859176635742472,-1.0,1.2906646728515767,0.0,0.0,0.13392187494115285,0.06696093747057642,0.9330390625294236
2021-01-27,93.48675031044844,93.8577087603916,89.83523249678757,90.91732788085938,54966000,0.0,0.0,0.0013815076414446664,-4.293113708496108,-1.0,-3.0024490356445312,2.906623639296768,0.4583875565282458,2.0,0.0,1.0
2021-01-28,91.57035749557768,94.29620299289358,91.50580443786548,92.52234649658205,35462000,0.0,0.0,0.0009070314772493181,1.6050186157226705,1.0,1.6050186157226705,0.0,0.0,0.28576488361634267,0.14288244180817133,0.8571175581918287
2021-01-29,91.68110976359064,92.23283044287376,89.89483355305028,91.16315460205078,32252000,0.0,0.0,0.000812808976185727,-1.3591918945312642,-1.0,-1.3591918945312642,0.0,0.0,0.7171358012469358,0.6414320993765321,0.3585679006234679
2021-02-01,92.04857859704587,95.4662911395345,91.91747959587173,94.4213409423828,32044000,0.0,0.0,0.0008364295775421488,3.258186340332017,1.0,3.258186340332017,1.1700881466409214,0.12896899704031045,2.0,1.0,0.0
2021-02-02,95.47463603844965,97.12335699570863,95.07388272809686,95.720458984375,45474000,0.0,0.0,0.0012033180319468836,4.557304382324219,1.0,4.557304382324219,0.0,0.0,2.0,1.0,0.0
2021-02-03,102.9455145881989,105.10572703089974,100.23307382376947,102.80001068115234,82364000,0.0,0.0,0.0023406856067012846,11.636856079101562,1.0,11.636856079101562,0.0,0.0,2.0,1.0,0.0
2021-02-04,102.74142132961344,103.2211326377597,101.43535658050055,102.41763305664062,37046000,0.0,0.0,0.001048886635963867,-0.38237762451171875,1.0,11.254478454589844,0.0,0.0,2.0,0.5,0.5
2021-02-05,102.79652579633532,104.410981029047,102.2666512501656,104.18701171875,30702000,0.0,0.0,0.0008842859892543008,1.769378662109375,1.0,13.023857116699219,0.0,0.0,2.0,1.0,0.0
2021-02-08,104.5798334997149,105.45569096544332,102.89585419269478,103.93424987792967,24838000,0.0,0.0,0.0007136541631132235,-0.2527618408203267,1.0,12.771095275878892,0.0,0.0,2.0,0.5,0.5
2021-02-09,103.22064494455836,104.54110708117632,103.22064494455836,103.46745300292967,17798000,0.0,0.0,0.0005090816649016256,-0.7195587158203267,1.0,12.304298400878892,0.0,0.0,2.0,0.5,0.5
2021-02-10,103.99882590963988,104.7020140898248,102.45340168122844,104.05692291259766,22710000,0.0,0.0,0.0006532818737645169,0.589469909667983,1.0,12.893768310546875,0.44245251146634246,0.5633911849821799,2.0,1.0,0.0
2021-02-11,104.26201442684354,104.38715749634916,103.16005070399416,104.08224487304688,18914000,0.0,0.0,0.0005442175341491262,0.6147918701172017,1.0,12.919090270996094,0.06059424056419971,0.009714187053384499,2.0,1.0,0.0
2021-02-12,103.80216489917272,104.72435914488769,103.4485892859953,104.4904556274414,17114000,0.0,0.0,0.0004943569514812055,1.023002624511733,1.0,13.327301025390625,0.0,0.0,2.0,1.0,0.0
2021-02-16,104.50286319697666,106.90244264335044,104.50286319697666,105.3739013671875,22676000,0.0,0.0,0.0006605595912926652,1.9064483642578267,1.0,14.210746765136719,0.0,0.0,2.0,1.0,0.0
2021-02-17,104.28634647663638,105.95790629651488,104.23271264976394,105.69222259521484,21418000,0.0,0.0,0.0006257983876342033,2.2247695922851705,-1.0,0.31832122802734375,0.0,0.0,0.054849118364883605,0.027424559182441802,0.9725754408175582
2021-02-18,104.80230971925384,105.91196458117122,104.47058020173796,105.14049530029295,22432000,0.0,0.0,0.0006520043747749958,-0.5517272949218892,-1.0,-0.23340606689454546,0.03228299523870248,0.003423723663442862,0.5376418634675366,0.7294672064345102,0.27053279356548976
2021-02-19,105.24329707724684,105.80246646416946,104.15772358505508,104.34295654296876,29148000,0.0,0.0,0.0008407839137033616,-1.3492660522460795,-1.0,-1.0309448242187358,0.0,0.0,2.0,0.0,1.0
2021-02-22,102.64754922531432,103.86025099958376,102.40620460612472,102.54227447509766,27350000,0.0,0.0,0.0007753053338360428,-3.1499481201171875,-1.0,-2.8316268920898438,0.0,0.0,2.0,0.0,1.0
2021-02-23,100.56232687286912,103.3929545549172,99.4206341861193,102.83924102783205,33348000,0.0,0.0,0.0009480716289621255,0.2969665527343892,-1.0,-2.5346603393554545,0.0,0.0,2.0,0.5,0.5
2021-02-24,101.39760547584478,104.32507407718936,101.2138653056676,104.04647827148438,24966000,0.0,0.0,0.0007181064804957314,1.5042037963867188,1.0,1.2072372436523295,0.46482307760560104,0.09549090356557144,0.22685361876504487,0.16117226116530814,0.8388277388346919
2021-02-25,102.66990237188516,104.03208635193012,100.37759056353808,100.87767028808594,36568000,0.0,0.0,0.0010197852991692335,-3.1688079833984375,-1.0,-3.1688079833984375,0.0,0.0,2.0,0.0,1.0
2021-02-26,101.8291514293757,102.84668609907402,100.1178627539614,101.15079498291016,41670000,0.0,0.0,0.0011652129314174205,0.27312469482421875,-1.0,-2.8956832885742188,0.0,0.0,2.0,0.5,0.5
2021-03-01,102.12711438606556,103.61691926949968,101.60965936958632,103.36812591552734,28090000,0.0,0.0,0.0008026955892650073,2.4904556274414062,1.0,2.2173309326171875,0.0,0.0,0.5863526762628082,0.2931763381314041,0.7068236618685959
2021-03-02,103.1039230957436,104.50334292658512,102.85910040073246,103.08654022216795,22692000,0.0,0.0,0.0006466767304651816,-0.2815856933593892,1.0,1.9357452392577983,0.0,0.0,0.4468834592514035,0.5,0.5
2021-03-03,102.65798194014774,103.71614744480856,99.81692747469612,100.6467514038086,29684000,0.0,0.0,0.0008259137177134518,-2.72137451171875,-1.0,-2.439788818359361,1.7927318948902098,0.43396436072326555,1.588576279822257,0.0,1.0
2021-03-04,100.4808856718216,103.75199578296944,100.32693280311364,101.75814056396484,42360000,0.0,0.0,0.0011916195199310998,1.11138916015625,1.0,1.11138916015625,0.0,0.0,0.20750465321542363,0.10375232660771182,0.8962476733922882
2021-03-05,102.95148242672272,105.18569737500091,101.62530683410024,104.71044921875,43904000,0.0,0.0,0.0012708860344275204,4.063697814941406,1.0,4.063697814941406,0.0,0.0,2.0,1.0,0.0
2021-03-08,104.34246029802236,105.71704868302214,100.3934786674873,100.52061462402344,32948000,0.0,0.0,0.0009155808226725046,-4.1898345947265625,1.0,-0.12613677978515625,0.0,0.0,0.0009634754833516463,0.9995182622583242,0.0004817377416758232
2021-03-09,102.7965347526403,103.19580287718117,101.69557133158328,101.93741607666016,33946000,0.0,0.0,0.0009566095729130308,1.4168014526367188,1.0,1.2906646728515625,0.0,0.0,2.0,1.0,0.0
2021-03-10,102.8839324499317,103.04483391737875,100.9774842066455,102.0531234741211,25372000,0.0,0.0,0.0007158029749452672,1.5325088500976562,-1.0,0.1157073974609375,0.0,0.0,0.8414702608807595,0.42073513044037975,0.5792648695596203
2021-03-11,102.99816391948156,105.56261554735316,102.91473520665971,105.01982879638672,24782000,0.0,0.0,0.0007194823648826213,4.499214172363281,1.0,2.966705322265625,0.0,0.0,2.0,1.0,0.0
2021-03-12,103.54144248438116,103.80265543335705,101.68167175761587,102.3952865600586,34516000,0.0,0.0,0.0009770412977319384,-2.624542236328125,-1.0,-2.624542236328125,0.0,0.0,0.7826332789201011,0.6086833605399494,0.3913166394600506
2021-03-15,102.41415890998138,102.65054027118828,101.4810454757214,102.62223815917967,25962000,0.0,0.0,0.0007365328520164627,0.22695159912107954,-1.0,-2.3975906372070455,0.0,0.0,0.6531324272440115,0.5,0.5
2021-03-16,103.24297844757092,105.4563321720482,102.79653257266412,103.91487884521484,29832000,0.0,0.0,0.0008569837773416857,1.51959228515625,1.0,1.2926406860351705,1.6536767386911606,1.184260038968641,0.29067359008028465,0.7374668145244628,0.26253318547553717
2021-03-17,103.09599584420609,104.77202649546656,102.0019809005104,103.8433837890625,25980000,0.0,0.0,0.0007458138996592523,-0.07149505615234375,-1.0,-0.07149505615234375,0.0,0.0,0.003059119064949074,0.9984704404675254,0.001529559532474537
2021-03-18,102.3495957268019,103.06966655194852,100.9864191429741,101.11901092529295,27228000,0.0,0.0,0.000761133872786398,-2.795867919921889,-1.0,-2.795867919921889,0.0,0.0,2.0,0.0,1.0
2021-03-19,101.40853292322431,101.95727558188295,100.19831655473304,101.46564483642578,46298000,0.0,0.0,0.001298654860248042,0.3466339111328267,-1.0,-2.4492340087890625,0.0,0.0,2.0,0.5,0.5
2021-03-22,101.3981111882897,102.20011797996682,100.6149648926867,101.23670959472656,39096000,0.0,0.0,0.0010941650595041894,-0.22893524169921875,1.0,-0.22893524169921875,0.0,0.0,0.03136676003262652,0.9843166199836867,0.01568338001631326
2021-03-23,101.88775731913692,102.91085399063236,101.26799792835692,101.95033264160156,27340000,0.0,0.0,0.0007705479195994878,0.713623046875,1.0,0.48468780517578125,0.9535784087494079,1.785562610808512,2.0,1.0,0.0
2021-03-24,102.56661476222142,103.20424957414686,101.38395782876545,101.55801391601562,23080000,0.0,0.0,0.0006479813383533704,-0.3923187255859375,1.0,0.09236907958984375,0.0,0.0,0.16279007687888564,0.5,0.5
2021-03-25,101.5456005588539,102.24381779153704,99.85317981861238,101.52325439453124,28378000,0.0,0.0,0.0007964523722341468,-0.4270782470703267,-1.0,-0.03475952148438921,1.4148181097445445,2.0,0.14161013799428987,0.0,1.0
2021-03-26,101.25011869726772,101.8524951893837,100.0165559083559,101.0857391357422,29870000,0.0,0.0,0.0008347138286042495,-0.8645935058593608,-1.0,-0.4722747802734233,0.0,0.0,2.0,0.0,1.0
2021-03-29,100.7048441790118,102.22196603304432,100.09601163763864,102.09880828857422,24596000,0.0,0.0,0.0006942208487695282,1.013069152832017,1.0,1.013069152832017,0.0,0.0,2.0,1.0,0.0
2021-03-30,102.1822426239804,102.83527498742784,101.50686409622791,102.07845306396484,20732000,0.0,0.0,0.000585042983288817,-0.020355224609375,1.0,0.992713928222642,0.0,0.0,2.0,0.5,0.5
2021-03-31,102.25623024270668,103.9549553773567,102.13828584684074,102.72850036621094,29198000,0.0,0.0,0.0008291947570721876,0.6500473022460938,1.0,1.6427612304687358,0.0,0.0,2.0,1.0,0.0
2021-04-01,104.18453837054176,106.41875317220656,104.13189720333584,106.1610107421875,33980000,0.0,0.0,0.000997242810804988,4.082557678222656,1.0,5.075271606445298,0.0,0.0,2.0,1.0,0.0
2021-04-05,106.91535394206188,111.105180115244,106.8498006480028,110.52117156982422,43298000,0.0,0.0,0.0013228963279045675,8.442718505859375,1.0,9.435432434082017,0.0,0.0,2.0,1.0,0.0
2021-04-06,110.36971454182618,111.12256584129652,109.98732915713552,110.48145294189452,27060000,0.0,0.0,0.0008264748915235721,-0.03971862792970171,1.0,9.395713806152315,0.0,0.0,2.0,0.5,0.5
2021-04-07,110.54998764451138,111.98367335089904,110.51025860275394,111.719482421875,25798000,0.0,0.0,0.000796759863094081,1.238029479980483,1.0,10.633743286132798,0.0,0.0,2.0,1.0,0.0
2021-04-08,113.12387332820624,113.42406514926948,112.11676523142576,112.50212860107422,27166000,0.0,0.0,0.0008448875895158133,2.0206756591797017,1.0,11.416389465332017,0.0,0.0,2.0,1.0,0.0
2021-04-09,112.0680905535152,113.67410461282402,111.91980568049868,113.51717376708984,20888000,0.0,0.0,0.0006554973248944491,3.0357208251953267,1.0,12.431434631347642,0.0,0.0,2.0,1.0,0.0
2021-04-12,112.5423472559571,112.99276379401618,111.16253789460286,111.9732437133789,31318000,0.0,0.0,0.0009694396401926191,-1.5439300537109375,-1.0,-1.5439300537109375,0.9542273368228962,0.3819868970487507,0.015424558464656008,0.8012942722432966,0.19870572775670337
2021-04-13,112.30497245933866,113.08661840783516,112.03779598848432,112.59300231933594,23310000,0.0,0.0,0.0007255480316618203,0.6197586059570312,1.0,0.6197586059570312,0.0,0.0,0.16113500240183498,0.08056750120091749,0.9194324987990825
2021-04-14,112.98481654728462,113.12534959135084,111.69514208912982,111.97571563720705,20220000,0.0,0.0,0.0006259180746030788,-0.617286682128892,1.0,0.002471923828139211,0.0,0.0,2.5633914153345147e-06,0.5,0.5
2021-04-15,113.07519237333476,114.54597757924776,112.52992780673908,114.05250549316406,27472000,0.0,0.0,0.0008661789055353852,2.076789855957017,1.0,2.0792617797851562,0.0,0.0,1.8136901688851021,0.9068450844425511,0.09315491555744893
2021-04-16,114.36735223204192,114.53818027600758,113.44615836773826,114.1071319580078,22596000,0.0,0.0,0.0007127822080291153,2.131416320800753,1.0,2.133888244628892,0.0,0.0,1.9102407245929625,0.9551203622964812,0.04487963770351877
2021-04-19,113.82009996228328,115.1346060592518,113.6147562178504,114.33756256103516,24688000,0.0,0.0,0.000780346224176851,2.361846923828111,1.0,2.36431884765625,0.0,0.0,2.0,1.0,0.0
2021-04-20,114.61018992543248,114.69511140758468,112.81348717611264,113.90203857421876,21774000,0.0,0.0,0.0006856179992815344,-0.43552398681639204,-1.0,-0.43552398681639204,0.6326711916256187,2.0,0.03393220402189803,0.0,1.0
2021-04-21,113.48587137651704,113.98595103948313,112.16093874420214,113.88513946533205,23930000,0.0,0.0,0.0007533941635637059,-0.4524230957031108,-1.0,-0.4524230957031108,0.0,0.0,0.03661655191699024,0.9816917240415048,0.01830827595849512
2021-04-22,113.88216865000672,114.40519313286548,112.05567104235782,112.62527465820312,21096000,0.0,0.0,0.0006568231855278726,-1.7122879028320312,-1.0,-1.7122879028320312,0.0,0.0,0.5244951640399335,0.7377524179800332,0.26224758201996673
2021-04-23,113.39748249044062,115.50059051157784,113.13626957107748,114.97816467285156,28670000,0.0,0.0,0.0009112878077107167,2.3528900146484375,1.0,2.3528900146484375,1.5146394720947143,0.4143957452927257,1.88820731779264,1.0,0.0
2021-04-26,115.20809433526924,116.26735095454649,114.90566717052828,115.54627990722656,20834000,0.0,0.0,0.0006654893692918935,2.9210052490234375,1.0,2.9210052490234375,0.0,0.0,2.0,1.0,0.0
2021-04-27,116.00614622918422,116.07814801121413,114.43042716309434,114.57196044921876,31972000,0.0,0.0,0.0010126529765046707,-0.9743194580077983,-1.0,-0.9743194580077983,0.0,0.0,0.11125974928417393,0.9443701253579131,0.05562987464208696
2021-04-28,119.53919871746145,121.78547675291748,117.9354277775777,118.18670654296876,59728000,0.0,0.0,0.001951457502624092,3.61474609375,1.0,3.61474609375,5.518125798370988,2.0,2.0,1.0,0.0
2021-04-29,119.69738206143543,120.99797577889495,119.29761381225978,120.66873168945312,39554000,0.0,0.0,0.0013194643238426966,6.096771240234361,1.0,6.096771240234361,0.0,0.0,2.0,1.0,0.0
2021-04-30,119.4073545578527,120.53215682122772,119.2916455422858,119.68693542480467,39142000,0.0,0.0,0.0012950968722396118,-0.9817962646484517,-1.0,-0.9817962646484517,0.0,0.0,0.0259324142776784,0.9870337928611608,0.0129662071388392
2021-05-03,119.31947096521988,120.16269958102548,118.41465968441923,118.9445343017578,33788000,0.0,0.0,0.0011110138442126795,-1.7241973876953267,-1.0,-1.7241973876953267,0.0,0.0,0.07997866775603973,0.9600106661219802,0.03998933387801987
2021-05-04,117.68167134481466,118.15443402408344,114.7993951294573,116.91243743896484,35120000,0.0,0.0,0.0011350832554020023,-3.7562942504882812,-1.0,-3.7562942504882812,0.0,0.0,0.37959406286164793,0.8102029685691761,0.18979703143082396
2021-05-05,117.61612502605117,118.30044506666133,116.77141120077286,117.03609466552734,21806000,0.0,0.0,0.0007055183666700856,0.1236572265625,1.0,0.1236572265625,0.0,0.0,0.0010837267476911795,0.0005418633738455898,0.9994581366261545
2021-05-06,116.73316133099752,118.32576309593809,116.3208825675592,118.25822448730467,20618000,0.0,0.0,0.0006740473171280042,1.3457870483398295,1.0,1.3457870483398295,0.0,0.0,0.12836111406823755,0.06418055703411878,0.9358194429658813
2021-05-07,119.18438453300575,119.99931097512678,118.6877829307849,119.11933135986328,23272000,0.0,0.0,0.0007663522734024898,2.2068939208984375,1.0,2.2068939208984375,0.0,0.0,0.3451784749919103,0.17258923749595514,0.8274107625040449
2021-05-10,117.9374301525018,118.09187557142882,115.94308226229272,116.28722381591795,26006000,0.0,0.0,0.0008360226728031958,-2.8321075439453267,-1.0,-2.8321075439453267,0.3778003052664758,0.017795292354260642,1.6468595590186212,0.1676725743135591,0.8323274256864409
2021-05-11,113.81414624829634,115.3108997784846,113.3741564053378,114.65340423583984,32110000,0.0,0.0,0.0010177468211496666,-4.4659271240234375,-1.0,-4.4659271240234375,0.0,0.0,2.0,0.0,1.0
2021-05-12,112.3168867877798,113.49184487851753,110.74464588842024,111.19307708740234,34934000,0.0,0.0,0.0010738374838690102,-7.9262542724609375,-1.0,-7.9262542724609375,0.0,0.0,2.0,0.0,1.0
2021-05-13,112.28608859184448,113.05636817448878,111.37383623652822,112.32979583740234,26670000,0.0,0.0,0.0008281909493092592,1.13671875,-1.0,-6.7895355224609375,0.0,0.0,2.0,0.5,0.5
2021-05-14,113.81265055541596,115.26818980983752,113.39004359937368,115.02088165283205,26624000,0.0,0.0,0.000846569254252845,3.8278045654297017,1.0,2.6910858154297017,1.776344931319997,0.21535506475313612,0.15709955847900453,0.1862273116160703,0.8137726883839297
2021-05-17,114.68121735951269,115.37744930669838,113.97008039126588,115.28160858154295,19842000,0.0,0.0,0.0006323506480148362,4.088531494140611,1.0,2.951812744140611,0.0,0.0,0.1890155251042828,0.0945077625521414,0.9054922374478586
2021-05-18,116.0511235163191,116.36120398929212,114.37529014856742,114.38870239257812,17302000,0.0,0.0,0.0005471317732258835,-0.8929061889648295,1.0,2.0589065551757812,0.0,0.0,0.09195876771670895,0.5,0.5
2021-05-19,112.45046784896128,115.0506700757916,112.4067681810586,114.65090942382812,19350000,0.0,0.0,0.0006132971805902451,0.26220703125,-1.0,0.26220703125,1.563312210207286,2.0,0.0014914494456919416,1.0,0.0
2021-05-20,115.61084317058364,117.21486427042537,115.26570140984182,117.0038070678711,23832000,0.0,0.0,0.0007708555048132918,2.6151046752929688,1.0,2.3528976440429688,0.0,0.0,0.12009528026838441,0.060047640134192205,0.9399523598658078
2021-05-21,117.49545670873584,117.64493126366465,116.32248381992106,116.4580535888672,22832000,0.0,0.0,0.0007350653953046344,-0.545753479003892,1.0,1.8071441650390767,0.0,0.0,0.0708443907674784,0.5,0.5
2021-05-24,117.54560867657942,120.10211905499315,117.20345244435792,119.51563262939452,21244000,0.0,0.0,0.000701897187637481,3.0575790405273153,1.0,4.864723205566392,0.0,0.0,0.513376683057331,0.2566883415286655,0.7433116584713345
2021-05-25,120.1775981514156,120.81771839959156,119.33287675236843,119.6348114013672,18838000,0.0,0.0,0.0006230241146735885,3.1767578125,1.0,4.983901977539077,0.0,0.0,0.5388387928128385,0.26941939640641926,0.7305806035935807
2021-05-26,119.82177598118606,121.3169988124976,119.8058858808062,120.84949493408205,21856000,0.0,0.0,0.0007301767775361238,4.391441345214844,1.0,6.1985855102539205,0.0,0.0,0.8334989627889972,0.4167494813944986,0.5832505186055015
2021-05-27,121.01884767130228,121.17080766130904,119.28371979697732,119.30905151367188,38962000,0.0,0.0,0.0012850710207087735,-1.5404434204101705,-1.0,-1.5404434204101705,0.04915695539111198,0.0010183063445043238,0.06175986096966099,0.9686109163429173,0.03138908365708266
2021-05-28,120.27492333979944,120.58182125613295,119.56627187105762,119.75846099853516,24108000,0.0,0.0,0.0007981414836335589,0.44940948486328125,-1.0,-1.0910339355468892,0.0,0.0,0.03098070702380901,0.5,0.5
2021-06-01,120.27690800906336,121.07003388087556,119.42673084469872,120.66475677490234,19166000,0.0,0.0,0.000639329023557911,1.3557052612304688,-1.0,-0.1847381591797017,0.0,0.0,0.0008882353027202144,0.5,0.5
2021-06-02,120.93789720317557,121.27011927588354,119.39296567819048,120.2411651611328,17158000,0.0,0.0,0.0005703380341568646,-0.42359161376954546,-1.0,-0.6083297729492472,0.6882980197505901,2.0,0.009631478313337476,0.0,1.0
2021-06-03,118.93708927187338,119.66833702895616,118.3317347629738,119.413330078125,18346000,0.0,0.0,0.0006056290431354868,-1.2514266967773438,-1.0,-1.4361648559570455,0.0,0.0,0.05368134597627827,0.9731593270118608,0.026840672988139136
2021-06-04,120.30273772114523,121.8590355229707,120.0668489154952,121.75479888916016,25948000,0.0,0.0,0.000873378449992095,2.3414688110351562,1.0,2.3414688110351562,0.5889162470871554,0.06326016454441755,2.0,1.0,0.0
2021-06-07,121.73294754995992,122.561278670413,121.2240779047724,122.46642303466795,23850000,0.0,0.0,0.0008074542253816493,3.0530929565429545,1.0,3.0530929565429545,0.0,0.0,2.0,1.0,0.0
2021-06-08,123.15223238152043,123.87701640865684,122.5731947393744,123.2987289428711,25060000,0.0,0.0,0.000854185433543724,3.8853988647460938,1.0,3.8853988647460938,0.0,0.0,2.0,1.0,0.0
2021-06-09,124.12557373759516,124.3987061448382,123.5212119286207,123.72332763671876,20126000,0.0,0.0,0.0006883693983592359,4.309997558593764,1.0,4.309997558593764,0.0,0.0,2.0,1.0,0.0
2021-06-10,123.85294301307565,125.30550428934926,123.85244289546972,125.22306823730467,31234000,0.0,0.0,0.0010812458201063806,5.809738159179673,1.0,5.809738159179673,0.0,0.0,2.0,1.0,0.0
2021-06-11,125.3879430603444,125.4907399632111,124.0654881083316,124.84217834472656,25240000,0.0,0.0,0.0008710903114845748,-0.3808898925781108,1.0,5.4288482666015625,0.0,0.0,2.0,0.5,0.5
2021-06-14,124.81534590702212,125.55229943383785,124.19707179141392,125.49320220947266,22550000,0.0,0.0,0.0007823106497459463,0.6510238647460938,1.0,6.079872131347656,0.0,0.0,2.0,1.0,0.0
2021-06-15,125.6620663690918,125.99975184122712,124.79449871188604,125.17638397216795,22182000,0.0,0.0,0.0007676011161582093,-0.3168182373047017,1.0,5.7630538940429545,0.0,0.0,2.0,0.5,0.5
2021-06-16,125.38942825811544,125.66355333242664,123.30613528265158,124.84217834472656,26316000,0.0,0.0,0.0009082255402942976,-0.6510238647460938,-1.0,-0.33420562744139204,0.8909365087623371,1.872835762573848,0.003362963508611643,0.06190063695877013,0.9380993630412299
2021-06-17,124.66984906368488,126.3319746952827,124.66190022513288,125.5120849609375,25756000,0.0,0.0,0.000893668510426436,0.6699066162109375,1.0,0.6699066162109375,0.3322228540555727,0.2459407400955168,2.0,1.0,0.0
2021-06-18,124.85111283074656,125.5299694558261,123.75610530384152,124.71405029296876,53306000,0.0,0.0,0.001837824233037792,-0.7980346679687358,-1.0,-0.7980346679687358,0.0,0.0,1.4191064775409838,0.2904467612295081,0.7095532387704919
2021-06-21,124.88536816229404,126.1733073208028,124.28373429375335,125.59551239013672,26256000,0.0,0.0,0.0009116228044870176,0.8814620971679545,1.0,0.8814620971679545,0.0,0.0,1.2200110614413868,0.6100055307206934,0.3899944692793066
2021-06-22,125.59054968356357,126.40497605682384,125.16992804070028,126.13631439208984,20984000,0.0,0.0,0.0007317132334091922,1.4222640991210795,1.0,1.4222640991210795,0.0,0.0,2.0,1.0,0.0
2021-06-23,125.68988157932702,126.92740750510792,125.39390287154755,125.60198211669922,19694000,0.0,0.0,0.0006838217679561635,-0.534332275390625,1.0,0.8879318237304545,0.0,0.0,1.2379859803713726,0.5,0.5
2021-06-24,126.1899533160822,126.66867955155674,126.09709056514848,126.41690063476562,18934000,0.0,0.0,0.0006616982806421272,0.8149185180664062,1.0,1.7028503417968608,0.0,0.0,2.0,1.0,0.0
2021-06-25,126.09409984468807,126.63837174489356,125.58458611628768,126.13184356689452,33484000,0.0,0.0,0.0011675475360043168,-0.28505706787110796,-1.0,-0.28505706787110796,0.0,0.0,0.02802274439972586,0.9859886278001371,0.01401137219986293
2021-06-28,126.13681184631469,126.47151933869633,125.11758733316614,125.9575424194336,28110000,0.0,0.0,0.0009788080195132255,-0.45935821533203125,-1.0,-0.45935821533203125,0.0,0.0,0.07276960441078174,0.9636151977946091,0.03638480220539087
2021-06-29,125.91086038644728,126.1368150392278,124.58443481532572,125.1619873046875,20950000,0.0,0.0,0.0007248847652516287,-1.254913330078125,-1.0,-1.254913330078125,0.0,0.0,0.5430933729260138,0.728453313536993,0.2715466864630069
2021-06-30,124.7995170032237,124.9449754545504,123.9095577026942,124.46426391601562,24006000,0.0,0.0,0.0008259941503297629,-1.95263671875,-1.0,-1.95263671875,0.0,0.0,1.314891572752372,0.342554213623814,0.657445786376186
2021-07-01,124.00117493171685,125.6029682717638,124.00117493171685,125.50960540771484,17120000,0.0,0.0,0.0005940092656953755,1.0453414916992188,1.0,1.0453414916992188,0.0,0.0,0.2865982101630303,0.14329910508151514,0.8567008949184849
2021-07-02,125.97741208620474,127.97226766989525,125.90738803973764,127.84413146972656,21160000,0.0,0.0,0.0007478404556024789,3.3798675537109375,1.0,3.3798675537109375,0.0,0.0,2.0,1.0,0.0
2021-07-06,128.56964431273406,129.00170041222006,127.53621958987632,128.8889617919922,21350000,0.0,0.0,0.0007607222162999879,4.4246978759765625,1.0,4.4246978759765625,0.0,0.0,2.0,1.0,0.0
2021-07-07,129.45511822895202,129.75197593719983,128.87805824544415,129.1934051513672,16680000,0.0,0.0,0.0005957291978826355,4.7291412353515625,1.0,4.7291412353515625,0.0,0.0,2.0,1.0,0.0
2021-07-08,127.37830992763304,129.14869583747404,127.16973058817216,128.29901123046875,19780000,0.0,0.0,0.0007015555933625395,-0.8943939208984375,-1.0,-0.8943939208984375,0.3664890017041671,0.167905226406754,0.03576787249158412,0.8981634505508309,0.10183654944916906
2021-07-09,128.0681093520482,128.96695714492856,128.06710911677033,128.69381713867188,15106000,0.0,0.0,0.000537427218313028,0.394805908203125,-1.0,-0.4995880126953125,0.0,0.0,0.011159878070506956,0.5,0.5
2021-07-12,128.95105568870275,129.88119869446976,128.71915266183112,129.6765899658203,16944000,0.0,0.0,0.0006074213031997723,1.3775787353515625,1.0,0.9827728271484375,0.7325028569957226,0.28273904402778455,2.0,1.0,0.0
2021-07-13,129.99194848273137,131.14456815895844,129.74910346673155,130.10418701171875,16618000,0.0,0.0,0.0005976989910977872,1.80517578125,1.0,1.410369873046875,0.0,0.0,2.0,1.0,0.0
2021-07-14,131.00501437412322,132.09207312234085,131.00152870567544,131.18478393554688,17912000,0.0,0.0,0.0006495910607321198,2.885772705078125,1.0,2.490966796875,0.0,0.0,2.0,1.0,0.0
2021-07-15,131.59940401137737,131.693759513452,129.7103389651042,130.37428283691406,16586000,0.0,0.0,0.0005977864798886339,-0.8105010986328125,-1.0,-0.8105010986328125,0.03876450162735523,0.0022875004806850578,0.10586961612670848,0.9459214416963032,0.05407855830369677
2021-07-16,130.74626299000448,131.28457134076675,129.93232924579308,130.94937133789062,14856000,0.0,0.0,0.0005377962918618542,0.5750885009765625,-1.0,-0.23541259765625,0.0,0.0,0.008931481886055713,0.5,0.5
2021-07-19,130.2640687115457,130.35493856285052,127.66336629276395,128.37548828125,25710000,0.0,0.0,0.0009124239574275638,-2.573883056640625,-1.0,-2.809295654296875,0.0,0.0,1.2719177187041604,0.3640411406479198,0.6359588593520802
2021-07-20,129.1204049151704,131.10417461249767,128.31035071959948,130.21044921875,19084000,0.0,0.0,0.0006869541317139316,1.8349609375,1.0,1.8349609375,0.0,0.0,0.4266372311723666,0.2133186155861833,0.7866813844138167
2021-07-21,129.89806814697903,131.71587428440154,129.71382786408205,131.69923400878906,14742000,0.0,0.0,0.0005367254029981519,3.3237457275390625,1.0,3.3237457275390625,0.0,0.0,1.3997829180972978,0.6998914590486489,0.3001085409513511
2021-07-22,131.748416553136,132.59711620003762,131.50011571895735,132.4223175048828,13608000,0.0,0.0,0.0004981589985138007,4.0468292236328125,1.0,4.0468292236328125,0.0,0.0,2.0,1.0,0.0
2021-07-23,134.34066056062528,137.86504978505846,133.7849693061165,136.87928771972656,26378000,0.0,0.0,0.0009981414601208962,8.503799438476562,1.0,8.503799438476562,0.0,0.0,2.0,1.0,0.0
2021-07-26,137.31033575356471,138.76338941877728,136.7154080354869,138.6953582763672,23052000,0.0,0.0,0.0008838590895728375,10.319869995117188,1.0,10.319869995117188,0.0,0.0,2.0,1.0,0.0
2021-07-27,139.0593897679991,139.0593897679991,134.1817728140853,135.86672973632812,42164000,0.0,0.0,0.0015836799621456908,-2.8286285400390625,1.0,7.491241455078125,0.0,0.0,2.0,0.5,0.5
2021-07-28,137.62023541491996,138.72666234133217,135.4232792410278,135.45455932617188,54688000,0.0,0.0,0.0020478500998891993,-3.2407989501953125,1.0,7.079071044921875,1.2921287944590745,0.15896716541152478,2.0,0.9263688823256264,0.07363111767437358
2021-07-29,135.4536472130092,136.21931206381885,135.21269662785772,135.61245727539062,19284000,0.0,0.0,0.0007229515664560858,0.15789794921875,-1.0,0.15789794921875,0.0,0.0,0.0031590615242454542,0.0015795307621227271,0.9984204692378773
2021-07-30,134.58996307973413,134.84853902782945,133.89789126835674,134.3019256591797,23954000,0.0,0.0,0.0008893501442569265,-1.3105316162109375,-1.0,-1.1526336669921875,1.5253879726710693,1.3547701845315303,2.0,0.0,1.0
2021-08-02,134.5636435707603,135.09599602984744,133.75418049265053,135.06521606445312,20140000,0.0,0.0,0.0007519959103916654,0.7632904052734375,-1.0,-0.38934326171875,0.0,0.0,2.0,0.5,0.5
2021-08-03,135.07564879525208,135.40886353152425,133.27149718319697,135.35374450683594,19064000,0.0,0.0,0.0007133403640339634,1.05181884765625,-1.0,-0.1008148193359375,0.560324503694801,0.28379015996636164,0.40765781607929624,0.41042879551016626,0.5895712044898338
2021-08-04,135.32344914788342,135.6099862380814,134.49461784397866,135.1039581298828,16528000,0.0,0.0,0.0006173065309931346,-0.249786376953125,1.0,-0.249786376953125,0.5139902082339631,2.0,2.0,0.0,1.0
2021-08-05,135.10395824854584,136.0191886621146,134.67837330254665,136.00926208496094,11866000,0.0,0.0,0.0004461545467637631,0.905303955078125,1.0,0.655517578125,0.6103251305903541,0.45449977233845146,2.0,1.0,0.0
2021-08-06,135.36865321856908,136.14836697640513,135.12183757083798,136.1046142578125,13560000,0.0,0.0,0.0005102053795309283,1.0006561279296875,1.0,0.7508697509765625,0.0,0.0,2.0,1.0,0.0
2021-08-09,136.0181891004856,137.3813580573663,135.50147671572054,137.06402587890625,12374000,0.0,0.0,0.0004688631386117943,1.9600677490234375,1.0,1.7102813720703125,0.0,0.0,2.0,1.0,0.0
2021-08-10,137.1409999333521,137.60979196627912,136.29380075368363,137.1578826904297,16034000,0.0,0.0,0.0006079601961078134,2.053924560546875,1.0,1.80413818359375,0.0,0.0,2.0,1.0,0.0
2021-08-11,137.3431187518154,137.90402333162834,136.41646152740478,136.75364685058594,15204000,0.0,0.0,0.0005747900908007539,-0.40423583984375,1.0,1.39990234375,0.0,0.0,2.0,0.5,0.5
2021-08-12,136.77698270251764,137.47719274112245,135.84934041818548,137.44888305664062,14646000,0.0,0.0,0.0005565097014972927,0.6952362060546875,-1.0,0.6952362060546875,0.44446033549814956,0.40869681914335076,2.0,1.0,0.0
2021-08-13,137.41712351554784,137.73147017710457,137.06702602115857,137.46530151367188,12580000,0.0,0.0,0.000478064202578441,0.7116546630859375,1.0,0.01641845703125,0.0,0.0,0.004320432096945669,0.0021602160484728346,0.9978397839515272
2021-08-16,137.06204251560223,138.04580410850207,135.24026571710425,137.97181701660156,18040000,0.0,0.0,0.0006880807560346973,1.218170166015625,1.0,0.5229339599609375,0.6090747010812265,0.24999147751406575,2.0,1.0,0.0
2021-08-17,137.25174482040944,137.7756710534001,135.85779581736506,136.3673095703125,21272000,0.0,0.0,0.0008019200858343393,-1.6045074462890625,1.0,-1.081573486328125,1.2092302037935099,0.5679819033924208,2.0,0.0,1.0
2021-08-18,136.18354830150682,137.3540507700762,135.4937800700772,135.6417694091797,14934000,0.0,0.0,0.0005599923423512543,-2.330047607421875,-1.0,-0.7255401611328125,0.0,0.0,1.9249932967940906,0.037503351602954704,0.9624966483970453
2021-08-19,134.54676952198167,136.51777860048685,134.43603135275737,135.98294067382812,18296000,0.0,0.0,0.0006877855941479498,0.3411712646484375,-1.0,-0.384368896484375,0.0,0.0,0.540259958693401,0.5,0.5
2021-08-20,136.15127737495007,137.67237752864176,135.53946682383835,137.49607849121094,15564000,0.0,0.0,0.0005915943653364948,1.85430908203125,1.0,1.5131378173828125,0.31832675856554715,0.02947012942377188,2.0,1.0,0.0
2021-08-23,138.0537696568132,141.21066359063633,137.80492325587718,140.14048767089844,21090000,0.0,0.0,0.0008170576471317285,4.49871826171875,1.0,4.1575469970703125,0.0,0.0,2.0,1.0,0.0
2021-08-24,140.58147945198533,142.03553362463057,140.39276839296426,141.4306640625,15126000,0.0,0.0,0.0005913984357287814,5.7888946533203125,1.0,5.447723388671875,0.0,0.0,2.0,1.0,0.0
2021-08-25,141.91186285867823,142.33894815864903,141.47138046828576,141.97840881347656,12838000,0.0,0.0,0.0005038858593630538,6.336639404296875,1.0,5.9954681396484375,0.0,0.0,2.0,1.0,0.0
2021-08-26,141.64917439256146,142.16196170308405,141.12576337046906,141.15704345703125,14922000,0.0,0.0,0.0005822936900892706,-0.8213653564453125,-1.0,-0.8213653564453125,0.0,0.0,0.018768370302976595,0.9906158148485117,0.009384185151488297
2021-08-27,141.14660579968208,144.02540408531675,141.05473570762118,143.5680389404297,24562000,0.0,0.0,0.0009748414569917138,2.4109954833984375,-1.0,1.589630126953125,1.686455926667719,0.4892797009680853,2.0,1.0,0.0
2021-08-30,143.72095888794283,145.49383009075032,143.61717692151356,144.4807586669922,16916000,0.0,0.0,0.0006756475165741318,3.3237152099609375,1.0,0.9127197265625,0.0,0.0,1.2348156116159201,0.6174078058079601,0.38259219419203994
2021-08-31,144.89295658963923,145.11890364656043,144.01446218702657,144.47332763671875,26756000,0.0,0.0,0.0010686152265933153,-0.0074310302734375,1.0,0.9052886962890625,0.0,0.0,1.2147906284752794,0.5,0.5
2021-09-01,144.66004217450092,145.82258823480043,144.62479146225667,144.85073852539062,15824000,0.0,0.0,0.000633650063803761,0.377410888671875,1.0,1.2826995849609375,0.0,0.0,2.0,1.0,0.0
2021-09-02,144.95752241988444,145.33047378513322,143.12706153982109,143.23878479003906,21844000,0.0,0.0,0.0008649784559760963,-1.6119537353515625,-1.0,-1.6119537353515625,0.8874006472054816,0.30306398975588134,1.579265825311627,0.05883509246624585,0.9411649075337541
2021-09-03,143.16626248612272,144.3888983959114,142.52962797359217,143.79098510742188,19104000,0.0,0.0,0.0007593962765405855,0.5522003173828125,-1.0,-1.05975341796875,0.0,0.0,0.6825897201252261,0.5,0.5
2021-09-07,143.76568231086588,144.8328879000874,143.55860329566937,144.5299530029297,15170000,0.0,0.0,0.0006061162632612978,1.291168212890625,1.0,0.7389678955078125,0.0,0.0,0.48622970764166223,0.24311485382083112,0.7568851461791689
2021-09-08,144.40528612114758,144.56171684076733,143.2199013510936,143.8987579345703,15486000,0.0,0.0,0.0006160398339567695,-0.631195068359375,-1.0,-0.631195068359375,0.0,0.0,0.7295852617103177,0.6352073691448412,0.36479263085515884
2021-09-09,143.89876346425862,144.67941673959078,143.4523251465258,143.92855834960938,14798000,0.0,0.0,0.0005887928034759452,0.0298004150390625,1.0,0.0298004150390625,0.0,0.0,0.002229037789924216,0.001114518894962108,0.9988854811050379
2021-09-10,144.45495565014875,145.0265446135277,140.7781212891025,140.95640563964844,32896000,0.0,0.0,0.0012818594359559914,-2.9721527099609375,1.0,-2.942352294921875,2.4417800619910963,0.6749488268865381,2.0,0.0,1.0
2021-09-13,142.2277006653746,143.2109621702205,141.3154407041508,142.48989868164062,20176000,0.0,0.0,0.0007947520224569653,1.5334930419921875,1.0,-1.4088592529296875,0.0,0.0,2.0,0.5,0.5
2021-09-14,143.18116304752004,143.74381048199004,141.9342032105274,142.43130493164062,18916000,0.0,0.0,0.0007448130089570738,-0.05859375,1.0,-1.4674530029296875,0.0,0.0,2.0,0.0,1.0
2021-09-15,142.78189914089353,144.5920064872075,141.2891088151266,144.21905517578125,20648000,0.0,0.0,0.0008232147293843679,1.787750244140625,1.0,0.3202972412109375,1.381044316986987,0.5967625185011359,0.04764068456846686,0.3222016015348014,0.6777983984651986
2021-09-16,144.13465947974922,144.213117327754,142.44159458739804,143.39224243164062,20292000,0.0,0.0,0.0008043832249636477,-0.826812744140625,1.0,-0.5065155029296875,0.0,0.0,2.0,0.0,1.0
2021-09-17,142.82111983780183,143.26905847253187,140.10272322147418,140.5019989013672,60040000,0.0,0.0,0.0023320383141613743,-3.7170562744140625,-1.0,-2.8902435302734375,0.0,0.0,2.0,0.0,1.0
2021-09-20,138.05544255479353,138.41528473171914,136.12147271475675,138.07212829589844,34918000,0.0,0.0,0.0013328088713584578,-6.1469268798828125,-1.0,-5.3201141357421875,0.0,0.0,2.0,0.0,1.0
2021-09-21,139.16466403487448,139.85453838038688,137.9613962373602,138.69735717773438,18130000,0.0,0.0,0.0006951499323210692,0.6252288818359375,1.0,0.6252288818359375,0.0,0.0,0.013811351049304539,0.0069056755246522696,0.9930943244753477
2021-09-22,139.09861063920525,140.6211807107844,138.52379368376833,139.98057556152344,22068000,0.0,0.0,0.0008539712404975352,1.908447265625,1.0,1.908447265625,0.0,0.0,0.12868218567315803,0.06434109283657902,0.9356589071634209
2021-09-23,140.64701329530078,141.28560285700897,140.13749954100814,140.862548828125,17272000,0.0,0.0,0.0006725904036850025,2.7904205322265625,1.0,2.7904205322265625,0.0,0.0,0.2751043252590986,0.1375521626295493,0.8624478373704507
2021-09-24,139.98802854389947,141.93222820638988,139.89317290234948,141.66355895996094,14950000,0.0,0.0,0.0005854796920775827,3.5914306640625,1.0,3.5914306640625,0.0,0.0,0.4557147375097676,0.2278573687548838,0.7721426312451162
2021-09-27,140.62317453651056,141.5314638843748,139.5450573737169,140.5392608642578,18844000,0.0,0.0,0.000732121659692884,-1.124298095703125,-1.0,-1.124298095703125,0.5924421672912388,0.27767000870926667,0.09800042912031215,0.8121647810852106,0.1878352189147894
2021-09-28,138.1431463436552,138.65763094362842,134.77767324858462,135.25839233398438,42190000,0.0,0.0,0.0015775612912236516,-6.4051666259765625,-1.0,-6.4051666259765625,0.0,0.0,2.0,0.0,1.0
2021-09-29,136.17779403129396,136.46463420712936,133.33753525421145,133.606689453125,26338000,0.0,0.0,0.0009727998416933111,-8.056869506835938,-1.0,-8.056869506835938,0.0,0.0,2.0,0.0,1.0
2021-09-30,133.4120341977011,134.66843580325542,132.09604281719243,132.3597412109375,35294000,0.0,0.0,0.0012914252859553405,-9.303817749023438,-1.0,-9.303817749023438,0.0,0.0,2.0,0.0,1.0
2021-10-01,132.64677879868594,136.13937310311758,132.47097986903137,135.53500366210938,28388000,0.0,0.0,0.0010636500461598103,3.175262451171875,1.0,3.175262451171875,0.0,0.0,0.11647611229123563,0.05823805614561781,0.9417619438543822
2021-10-04,134.77716526875167,134.7776653863082,130.27498578434896,132.85581970214844,31530000,0.0,0.0,0.0011580226365969766,-2.6791839599609375,-1.0,-2.6791839599609375,1.8210570328434699,0.46200005370313435,0.7119439659166955,0.41302799019008507,0.5869720098099149
2021-10-05,133.08924403125957,136.4283930868425,133.08924403125957,135.25144958496094,24126000,0.0,0.0,0.0009020689760093092,2.3956298828125,1.0,2.3956298828125,0.289019983724927,0.014555137111591784,0.7995292832179862,0.407042210164789,0.592957789835211
2021-10-06,133.71048529028317,136.91505697476907,133.5724225240494,136.42044067382812,19764000,0.0,0.0,0.0007453612111516882,3.5646209716796875,1.0,3.5646209716796875,0.0,0.0,1.7701971890294257,0.8850985945147128,0.11490140548528716
2021-10-07,137.91919933786892,139.20186468657073,137.6212353104949,138.239501953125,18250000,0.0,0.0,0.0006974410799189526,5.3836822509765625,1.0,5.3836822509765625,0.0,0.0,2.0,1.0,0.0
2021-10-08,138.95510576823614,139.36330783586791,138.48169139330832,139.1040802001953,18924000,0.0,0.0,0.0007277216627546463,6.248260498046875,1.0,6.248260498046875,0.0,0.0,2.0,1.0,0.0
2021-10-11,138.84980347081938,139.8069072270241,137.86305638327954,137.90377807617188,16584000,0.0,0.0,0.0006322341470413939,-1.2003021240234375,1.0,5.0479583740234375,0.0,0.0,2.0,0.5,0.5
2021-10-12,138.6884207411116,138.745540235479,135.3239476426631,135.78379821777344,22536000,0.0,0.0,0.0008459355603989916,-3.320281982421875,-1.0,-2.1199798583984375,3.1577437506452384,0.9044901281676511,0.1763729339964079,0.45956846891797054,0.5404315310820295
2021-10-13,136.81374835212816,137.60831398700387,136.0455070894087,136.9627227783203,16380000,0.0,0.0,0.0006201957321939598,1.178924560546875,-1.0,-0.9410552978515625,0.0,0.0,0.03475351675120599,0.5,0.5
2021-10-14,139.00078322234216,140.68874082788375,138.39195821145665,140.45086669921875,21426000,0.0,0.0,0.0008319132069668545,4.6670684814453125,1.0,3.4881439208984375,1.943200592404736,0.17335921087951034,2.0,1.0,0.0
2021-10-15,141.23349226932052,141.23349226932052,140.10571197349168,140.71206665039062,21250000,0.0,0.0,0.0008266140274159283,4.9282684326171875,1.0,3.7493438720703125,0.0,0.0,2.0,1.0,0.0
2021-10-18,140.25369532882482,142.02680908692588,140.25369532882482,141.9888153076172,16564000,0.0,0.0,0.0006501773743817699,6.20501708984375,1.0,5.026092529296875,0.0,0.0,2.0,1.0,0.0
2021-10-19,142.31760100252214,143.12754911615338,142.12341895814004,142.84449768066406,15316000,0.0,0.0,0.000604813349963217,7.060699462890625,1.0,5.88177490234375,0.0,0.0,2.0,1.0,0.0
2021-10-20,143.24226195551748,143.26734361153143,140.9474647136511,141.44703674316406,17940000,0.0,0.0,0.0007015017958803121,-1.3974609375,1.0,4.48431396484375,0.0,0.0,2.0,0.5,0.5
2021-10-21,141.22555751262792,141.87858986031384,140.6743218295836,141.81005859375,14850000,0.0,0.0,0.0005821648566625835,0.3630218505859375,-1.0,0.3630218505859375,1.4490971285564456,2.0,0.14881107183182543,1.0,0.0
2021-10-22,139.39706703841122,140.59636420413273,136.23818786571272,137.68280029296875,30182000,0.0,0.0,0.0011487888191573346,-4.12725830078125,-1.0,-3.7642364501953125,4.7092768479383835,1.3019225386175541,2.0,0.0,1.0
2021-10-25,137.86703939152696,138.25964686111496,135.81905782730348,137.8297882080078,21082000,0.0,0.0,0.0008032808112604591,0.1469879150390625,-1.0,-3.61724853515625,0.0,0.0,2.0,0.5,0.5
2021-10-26,139.65032897629283,139.88223197686045,138.06069771027956,138.72267150878906,28258000,0.0,0.0,0.001083680751629905,1.0398712158203125,1.0,0.89288330078125,0.0,0.0,0.06093021384339269,0.030465106921696346,0.9695348930783037
2021-10-27,138.95159171860365,148.10445467701908,138.95159171860365,145.4322509765625,51850000,0.0,0.0,0.0020845963917706604,7.74945068359375,1.0,7.6024627685546875,0.0,0.0,2.0,1.0,0.0
2021-10-28,146.29786464904376,146.42251519260307,143.77960541243874,145.1358184814453,32418000,0.0,0.0,0.0013006885562288808,-0.2964324951171875,1.0,7.3060302734375,0.0,0.0,2.0,0.5,0.5
2021-10-29,144.5309620531706,147.6029424525755,144.1798642898765,147.26275634765625,28954000,0.0,0.0,0.0011787290581515243,2.1269378662109375,1.0,9.432968139648438,0.0,0.0,2.0,1.0,0.0
2021-11-01,147.15797667046243,147.39089511556517,142.60364740180157,142.7968292236328,32272000,0.0,0.0,0.0012739633666659705,-4.4659271240234375,-1.0,-4.4659271240234375,1.1759580106371743,0.06933625263884614,0.22414369582609453,0.8532600257675297,0.14673997423247034
2021-11-02,143.82516950418773,145.9219201385942,143.6579180531797,144.87161254882812,21150000,0.0,0.0,0.0008470443711916484,2.0747833251953125,-1.0,-2.391143798828125,0.0,0.0,0.06425614308976012,0.5,0.5
2021-11-03,145.28081350462404,145.9120074468041,144.06761901113322,145.7923126220703,17886000,0.0,0.0,0.0007208756338350954,2.9954833984375,-1.0,-1.4704437255859375,0.0,0.0,0.024299653561234397,0.5,0.5
2021-11-04,146.1995023306453,148.9308110245622,145.63834011962814,147.67242431640625,24700000,0.0,0.0,0.0010083443120204472,4.8755950927734375,1.0,1.8801116943359375,3.008890885967986,0.3808532054020218,1.6348220412477865,1.0,0.0
2021-11-05,148.33839245728046,149.54737380602026,147.6416528111932,148.22665405273438,20408000,0.0,0.0,0.0008362559980917832,5.4298248291015625,1.0,2.4343414306640625,0.0,0.0,2.0,1.0,0.0
2021-11-08,148.9804861104016,150.00795498418364,148.1064624089287,148.33639526367188,18388000,0.0,0.0,0.0007540405663160863,5.5395660400390625,1.0,2.5440826416015625,0.0,0.0,2.0,1.0,0.0
2021-11-09,148.72821653544935,149.3564097124549,146.5044360276713,148.23410034179688,16876000,0.0,0.0,0.0006915604265387259,-0.102294921875,-1.0,-0.102294921875,1.1372167835219216,2.0,0.0016167606129155318,0.0,1.0
2021-11-10,147.00377876436102,147.6893339766813,144.33727269624433,145.6294403076172,22708000,0.0,0.0,0.0009141986188583915,-2.7069549560546875,-1.0,-2.7069549560546875,0.0,0.0,1.132138680631857,0.4339306596840715,0.5660693403159285
2021-11-11,146.10716393837728,147.49292937488664,145.69747663815355,145.7506103515625,12464000,0.0,0.0,0.0005022041732352643,0.1211700439453125,-1.0,-2.585784912109375,0.0,0.0,1.0330524322654235,0.5,0.5
2021-11-12,146.82672138828437,148.8409374295706,145.4585815059369,148.62838745117188,17048000,0.0,0.0,0.0007004670284435745,2.9989471435546875,-1.0,0.2919921875,1.1516034528893044,0.14745798464285217,0.012751394124523769,0.08010468938368798,0.919895310616312
2021-11-15,148.9805053822705,149.4542683602526,147.64216020503375,148.37266540527344,16248000,0.0,0.0,0.0006664480534342782,-0.2557220458984375,1.0,-0.2557220458984375,0.0,0.0,0.7669973744744536,0.6165013127627732,0.3834986872372268
2021-11-16,148.1566300636326,148.81413317433152,147.34171114537742,148.06277465820312,17254000,0.0,0.0,0.0007062332689317072,-0.56561279296875,-1.0,-0.3098907470703125,0.0,0.0,1.1263536080806211,0.43682319595968944,0.5631768040403106
2021-11-17,148.21473098023026,148.6090358208911,147.5532572551044,148.04885864257812,15290000,0.0,0.0,0.000625784848651092,-0.57952880859375,-1.0,-0.3238067626953125,0.0,0.0,1.2297854943290971,0.38510725283545144,0.6148927471645486
2021-11-18,148.1322968361644,150.57955427530771,147.98580783493972,149.68467712402344,26658000,0.0,0.0,0.0011031063977306385,1.6358184814453125,1.0,1.6358184814453125,1.765421100976198,1.1647330665930629,2.0,1.0,0.0
2021-11-19,149.97368480232643,150.81791359337743,148.86874319950553,148.9333038330078,19766000,0.0,0.0,0.0008138101639541138,-0.751373291015625,1.0,0.8844451904296875,0.0,0.0,2.0,0.5,0.5
2021-11-22,149.1212695387152,149.71992543024416,146.00632511481075,146.07884216308594,24608000,0.0,0.0,0.0009937476872562852,-3.6058349609375,-1.0,-2.854461669921875,1.9794827201289706,0.3013642552836175,2.0,0.0,1.0
2021-11-23,146.11311989749078,146.69016469557673,143.90472174702623,145.75953674316406,18126000,0.0,0.0,0.0007303843347144478,-3.925140380859375,-1.0,-3.17376708984375,0.0,0.0,2.0,0.0,1.0
2021-11-24,145.35529623148872,146.00087225767157,144.21211836381826,145.7202911376953,16464000,0.0,0.0,0.0006632356810662774,-3.964385986328125,-1.0,-3.2130126953125,0.0,0.0,2.0,0.0,1.0
2021-11-26,144.0298739957344,144.309454901125,141.51707089517092,141.83538818359375,16992000,0.0,0.0,0.0006662567099612139,-7.8492889404296875,-1.0,-7.0979156494140625,0.0,0.0,2.0,0.0,1.0
2021-11-29,143.3177289782317,145.86381249404158,143.3177289782317,145.1208953857422,26276000,0.0,0.0,0.001054148262725108,3.2855072021484375,1.0,3.2855072021484375,0.0,0.0,0.21426102548787107,0.10713051274393554,0.8928694872560645
2021-11-30,144.46164628589955,145.63187584201782,141.10038667362466,141.4837646484375,41590000,0.0,0.0,0.0016267020815280322,-3.6371307373046875,-1.0,-3.6371307373046875,0.4166842215462623,0.013124908568809287,1.2254990450402057,0.38068802319549255,0.6193119768045074
2021-12-01,143.23232011627715,145.503429967711,140.5382623158929,140.65545654296875,28476000,0.0,0.0,0.0011072560548946446,-4.4654388427734375,-1.0,-4.4654388427734375,0.0,0.0,1.847240511649008,0.07637974417549598,0.923620255824504
2021-12-02,140.86005722626084,143.69167751847058,140.02376969627727,142.79928588867188,21250000,0.0,0.0,0.0008388754115440029,2.143829345703125,-1.0,-2.3216094970703125,0.0,0.0,0.49931371612538694,0.5,0.5
2021-12-03,143.51340136241285,144.22602349422434,140.19063510360218,141.55181884765625,26688000,0.0,0.0,0.0010443449667065301,-1.247467041015625,1.0,-1.247467041015625,0.0,0.0,0.14416283460946255,0.9279185826952687,0.07208141730473128
2021-12-06,142.59816137902388,143.37037323007655,139.69105367175214,142.8191375732422,22198000,0.0,0.0,0.0008764209454554815,1.2673187255859375,-1.0,1.2673187255859375,0.0,0.0,1.0320804313717846,0.5160402156858923,0.4839597843141077
2021-12-07,144.9580137948666,147.2920475344647,144.7121984110845,147.03033447265625,23258000,0.0,0.0,0.0009453482100842198,5.478515625,1.0,4.2111968994140625,0.0,0.0,2.0,1.0,0.0
2021-12-08,147.32330748550442,148.1426970378316,146.19949789992967,147.7096710205078,18964000,0.0,0.0,0.0007743750868019015,6.1578521728515625,1.0,4.890533447265625,0.0,0.0,2.0,1.0,0.0
2021-12-09,147.1688968481326,148.58818530663652,146.52630627324257,147.09938049316406,18580000,0.0,0.0,0.0007555601571097928,-0.61029052734375,1.0,4.280242919921875,0.0,0.0,2.0,0.5,0.5
2021-12-10,148.08661944224747,148.38456831090036,146.3559547955763,147.6645050048828,21634000,0.0,0.0,0.0008831316188973674,0.56512451171875,-1.0,0.56512451171875,0.0,0.0,0.20522493626358942,0.10261246813179471,0.8973875318682053
2021-12-13,147.4350611682193,147.55275550901322,145.36522599147315,145.70738220214844,24104000,0.0,0.0,0.0009709193784771317,-1.957122802734375,-1.0,-1.391998291015625,1.161080281769415,0.3519559773244161,2.0,0.0,1.0
2021-12-14,143.7860459692288,144.453475676983,141.27571311088354,143.9851837158203,24778000,0.0,0.0,0.000986271646983497,-3.6793212890625,-1.0,-3.11419677734375,0.0,0.0,2.0,0.0,1.0
2021-12-15,143.38477200147105,146.51459876853517,141.73556607252738,146.3668670654297,27280000,0.0,0.0,0.0011038235052397876,2.381683349609375,1.0,2.381683349609375,0.0,0.0,0.5848923473260751,0.29244617366303755,0.7075538263369625
2021-12-16,147.0705484636645,147.54182593561418,143.11313316008903,143.85406494140625,27400000,0.0,0.0,0.001089645415885605,-2.5128021240234375,1.0,-0.1311187744140625,0.0,0.0,0.003030831004538959,0.9984845844977305,0.0015154155022694795
2021-12-17,141.74449800342808,143.4782390274072,140.8242967688565,141.8323974609375,43404000,0.0,0.0,0.001701835950659065,-4.5344696044921875,-1.0,-2.02166748046875,0.0,0.0,0.7205289079269683,0.6397355460365158,0.36026445396348417
2021-12-20,139.72341923536803,141.6412033642859,139.2967431830419,141.43362426757812,20264000,0.0,0.0,0.0007923012517499402,-4.9332427978515625,-1.0,-2.420440673828125,0.0,0.0,1.0328109735900177,0.48359451320499114,0.5164054867950089
2021-12-21,142.1770452365001,143.70861757420647,140.77166924607343,143.2402801513672,19548000,0.0,0.0,0.0007740695558095333,1.8066558837890625,1.0,1.8066558837890625,0.2303785467992725,0.016260473553444378,0.5571369917173002,0.2866987326353723,0.7133012673646277
2021-12-22,143.12059081144602,146.30180849641584,142.98451336151084,145.95022583007812,18438000,0.0,0.0,0.0007439282943090086,4.5166015625,1.0,4.5166015625,0.0,0.0,2.0,1.0,0.0
2021-12-23,146.08976153453503,147.56278972961212,145.9520624884691,146.1424102783203,13818000,0.0,0.0,0.0005582567063526502,4.7087860107421875,1.0,4.7087860107421875,0.0,0.0,2.0,1.0,0.0
2021-12-27,146.4612347049545,147.41768692965346,146.24918483206406,147.05764770507812,13256000,0.0,0.0,0.0005389054865323542,5.6240234375,1.0,5.6240234375,0.0,0.0,2.0,1.0,0.0
2021-12-28,147.36604132348995,147.36604132348995,144.94362305228609,145.45263671875,18624000,0.0,0.0,0.0007488710747929144,-1.605010986328125,-1.0,-1.605010986328125,1.0084394361830107,0.39476952840696466,0.08144450258463044,0.7618929845042024,0.23810701549579755
2021-12-29,145.43425607523488,146.18337160619822,144.51554006061764,145.5087432861328,17022000,0.0,0.0,0.0006847186717718753,0.0561065673828125,-1.0,-1.5489044189453125,0.0,0.0,0.07584989672441297,0.5,0.5
2021-12-30,145.45463066503817,146.0629707608466,144.7678327162614,145.0101776123047,12978000,0.0,0.0,0.0005202579785616583,-0.498565673828125,-1.0,-2.0474700927734375,0.0,0.0,0.13253814556317012,0.9337309272184149,0.06626907278158506
2021-12-31,144.55477786949103,145.37019687634756,143.69416641809505,143.69615173339844,17298000,0.0,0.0,0.0006871531240175599,-1.812591552734375,-1.0,-3.3614959716796875,0.0,0.0,0.35724893806539926,0.8213755309673003,0.17862446903269963
2022-01-03,143.49352743635552,144.56073291327203,142.52714869707975,144.0884552001953,25214000,0.0,0.0,0.0010043461719523852,0.392303466796875,-1.0,-2.9691925048828125,0.0,0.0,0.2787291994288462,0.5,0.5
2022-01-04,144.56123164081836,145.6135245103162,142.8386599633397,143.4349365234375,22928000,0.0,0.0,0.0009091459606268056,-0.6535186767578125,1.0,-0.6535186767578125,0.2433276339686472,0.13863307585395296,0.013502735596339093,0.923932094274854,0.07606790572514603
2022-01-05,143.20104152385736,143.31725067199832,136.58878949088935,136.71791076660156,49642000,0.0,0.0,0.001876234762718355,-7.37054443359375,-1.0,-6.7170257568359375,0.0,0.0,1.4264606094832744,0.2867696952583628,0.7132303047416372
2022-01-06,136.56295516304942,138.73658740768985,135.83395043682168,136.6160888671875,29050000,0.0,0.0,0.0010971360349871266,-7.4723663330078125,-1.0,-6.81884765625,0.0,0.0,1.470035191978214,0.264982404010893,0.735017595989107
2022-01-07,136.96768011925698,137.3150496498337,134.86606490686677,136.07330322265625,19408000,0.0,0.0,0.0007300728630812693,-8.015151977539062,-1.0,-7.36163330078125,0.0,0.0,1.7133816729102318,0.1433091635448841,0.8566908364551159
2022-01-10,134.18076891311077,137.6977020902201,132.23558416953537,137.6321563720703,34096000,0.0,0.0,0.001297286329287499,1.5588531494140625,-1.0,-5.8027801513671875,0.0,0.0,1.0645792327618468,0.5,0.5
2022-01-11,137.24132167763923,139.3757175812923,135.88362358821269,139.0658416748047,23502000,0.0,0.0,0.000903520031320518,2.9925384521484375,1.0,1.433685302734375,2.060667931458596,0.47417269978409304,0.06104293863237519,0.2676078192082341,0.7323921807917659
2022-01-12,140.59237128696324,141.84355924437068,140.1528740696421,140.6852264404297,23642000,0.0,0.0,0.000919486170872453,4.6119232177734375,1.0,3.053070068359375,0.0,0.0,0.2768224508391306,0.1384112254195653,0.8615887745804347
2022-01-13,140.87645123802994,142.2123108764727,137.9698433838269,138.18536376953125,26566000,0.0,0.0,0.0010148473203558026,-2.4998626708984375,1.0,0.5532073974609375,0.0,0.0,0.009088740923916871,0.5,0.5
2022-01-14,136.5654671823573,140.24081684047127,136.5654671823573,138.83642578125,23826000,0.0,0.0,0.0009144649344959388,0.65106201171875,-1.0,0.65106201171875,3.5874068872848,2.0,0.01258845633652039,1.0,0.0
2022-01-18,135.67155659072944,136.45766560995995,134.69523619519305,135.36415100097656,27382000,0.0,0.0,0.0010246636378918126,-3.4722747802734375,-1.0,-2.8212127685546875,3.2746071886338655,0.889385920009494,2.0,0.0,1.0
2022-01-19,136.0077658521999,137.45883429829988,134.57903599165317,134.72999572753906,20796000,0.0,0.0,0.0007745627365031793,-4.1064300537109375,-1.0,-3.4553680419921875,0.0,0.0,2.0,0.0,1.0
2022-01-20,135.58615663934722,136.97464981865753,132.23955148290565,132.59909057617188,21930000,0.0,0.0,0.0008038808296325763,-6.237335205078125,-1.0,-5.586273193359375,0.5169842086975791,0.006869994457663003,2.0,0.0,1.0
2022-01-21,132.10796150070644,133.84458221866362,129.117439700959,129.2078094482422,41920000,0.0,0.0,0.0014973472609564986,-9.628616333007812,-1.0,-8.977554321289062,0.0,0.0,2.0,0.0,1.0
2022-01-24,125.1709312392838,129.88964737519274,123.79480447593778,129.48590087890625,55148000,0.0,0.0,0.001974079981371501,0.2780914306640625,-1.0,-8.699462890625,0.0,0.0,2.0,0.5,0.5
2022-01-25,127.56256516846774,128.4594276386586,125.5190466245286,125.87411499023438,36008000,0.0,0.0,0.0012529909230895538,-3.611785888671875,-1.0,-12.311248779296875,0.0,0.0,2.0,0.0,1.0
2022-01-26,129.7049036078902,131.9048453287655,126.28928199088688,128.36160278320312,39630000,0.0,0.0,0.0014062796702520386,2.48748779296875,1.0,2.48748779296875,2.015197953572766,0.6563167839343913,0.040824201748726495,0.3485704928415589,0.6514295071584411
2022-01-27,130.46815841958804,131.70863187790096,128.0685942727313,128.24339294433594,30248000,0.0,0.0,0.0010723687727374957,-0.1182098388671875,1.0,2.3692779541015625,0.0,0.0,0.03703631864887511,0.5,0.5
2022-01-28,129.11642823265385,132.46401860176192,127.81980509066948,132.38357543945312,30518000,0.0,0.0,0.0011168701141029084,4.1401824951171875,1.0,6.50946044921875,0.0,0.0,0.2795669126647614,0.1397834563323807,0.8602165436676192
2022-01-31,133.28587918578657,134.9202027873915,131.37496025728166,134.77618408203125,34056000,0.0,0.0,0.0012688763068479869,6.5327911376953125,1.0,8.902069091796875,0.0,0.0,0.5228507153252984,0.2614253576626492,0.7385746423373508
2022-02-01,136.89816850136742,137.26067796683688,133.65361785494792,136.9413604736328,51204000,0.0,0.0,0.0019384340144411785,8.697967529296875,1.0,11.067245483398438,0.0,0.0,0.8081181697289288,0.4040590848644644,0.5959409151355356
2022-02-02,150.83131925347337,151.06622298026883,144.56817969394015,147.03033447265625,89750000,0.0,0.0,0.003647992168503686,18.786941528320312,1.0,21.156219482421875,0.0,0.0,2.0,1.0,0.0
2022-02-03,144.30744992062452,148.10417567833292,141.23845582306743,141.68092346191406,56930000,0.0,0.0,0.002229795617575351,-5.3494110107421875,-1.0,-5.3494110107421875,0.0,0.0,0.06393457855856524,0.9680327107207174,0.03196728927928262
2022-02-04,142.0449456514039,143.55287598104576,138.86719844155502,142.04396057128906,49224000,0.0,0.0,0.0019329123906808,0.363037109375,-1.0,-4.9863739013671875,0.0,0.0,0.05555121393161924,0.5,0.5
2022-02-07,142.73225190017172,142.86881432216353,137.75630885004662,137.99368286132812,44610000,0.0,0.0,0.0017017819917358806,-4.0502777099609375,-1.0,-9.036651611328125,0.0,0.0,0.1824479343991885,0.9087760328004058,0.09122396719959425
2022-02-08,138.0465815573427,138.8866731285126,135.94272298766495,138.26681518554688,34256000,0.0,0.0,0.0013093842247842798,0.27313232421875,-1.0,-8.763519287109375,0.0,0.0,0.171585650622751,0.5,0.5
2022-02-09,139.8924363199976,141.20918544454267,139.42290163188508,140.49159240722656,28628000,0.0,0.0,0.0011118695546126819,2.4979095458984375,1.0,2.2247772216796875,0.0,0.0,0.06444896764067769,0.032224483820338844,0.9677755161796612
2022-02-10,138.55186810566423,140.46974354283913,137.1117262710659,137.66046142578125,33018000,0.0,0.0,0.001256528892035506,-2.8311309814453125,-1.0,-2.8311309814453125,0.0,0.0,1.6193728955338709,0.19031355223306456,0.8096864477669354
2022-02-11,137.80696310064772,138.33658768929035,132.382581010914,133.21836853027344,38808000,0.0,0.0,0.0014292159926318905,-7.273223876953125,-1.0,-7.273223876953125,0.0,0.0,2.0,0.0,1.0
2022-02-14,132.4590407262818,135.24101306880664,132.39598044356626,134.38040161132812,26792000,0.0,0.0,0.0009952989916984564,1.1620330810546875,-1.0,-6.1111907958984375,0.0,0.0,2.0,0.5,0.5
2022-02-15,136.53712581045966,136.96271070032822,134.61826565695532,135.4982452392578,26578000,0.0,0.0,0.0009955623470930034,2.279876708984375,1.0,1.1178436279296875,0.0,0.0,0.033458804953175374,0.016729402476587687,0.9832705975234123
2022-02-16,135.50320174855534,137.0084040671566,133.90728113475527,136.5530242919922,25610000,0.0,0.0,0.0009667705145133105,3.33465576171875,1.0,2.1726226806640625,0.0,0.0,0.1263912276055838,0.0631956138027919,0.9368043861972081
2022-02-17,135.22462294717934,135.9094355299163,131.3034582669167,131.40924072265625,30968000,0.0,0.0,0.0011249975046783755,-5.1437835693359375,-1.0,-5.1437835693359375,3.3148073900386237,0.4152897604149086,2.0,0.0,1.0
2022-02-18,132.13328925103136,132.91444267162132,129.4213938501965,129.58074951171875,31858000,0.0,0.0,0.001141225561209219,-6.9722747802734375,-1.0,-6.9722747802734375,0.0,0.0,2.0,0.0,1.0
2022-02-22,129.1015401995207,131.00427573214853,126.87278857161776,128.5229949951172,38906000,0.0,0.0,0.0013823242114650665,-8.030029296875,-1.0,-8.030029296875,0.0,0.0,2.0,0.0,1.0
2022-02-23,130.18760516513512,130.85353451997378,126.63689882164768,126.71784210205078,26432000,0.0,0.0,0.0009259345492365927,-9.835182189941406,-1.0,-9.835182189941406,0.0,0.0,2.0,0.0,1.0
2022-02-24,124.15040615809976,132.13278321849418,123.91651024825588,131.77174377441406,43166000,0.0,0.0,0.0015724490931606377,5.053901672363281,-1.0,-4.781280517578125,1.1285074863456543,0.04986034884368832,2.0,0.024323778384129528,0.9756762216158704
2022-02-25,132.61794687073737,134.46879103459742,130.8694146358547,133.60519409179688,26236000,0.0,0.0,0.000969021603519278,6.887351989746094,1.0,1.8334503173828125,3.6152565146236384,0.2755330356062986,0.14704485824354266,0.21128894692492062,0.7887110530750794
2022-02-28,132.37859484962794,134.71858442717448,131.92247245359022,133.97418212890625,29676000,0.0,0.0,0.001099104464053192,7.256340026855469,1.0,2.2024383544921875,0.0,0.0,0.21218714727569077,0.10609357363784538,0.8939064263621546
2022-03-01,133.5659641440172,135.1858753146005,132.47194934752673,133.25608825683594,24640000,0.0,0.0,0.0009076956595728754,-0.7180938720703125,1.0,1.484344482421875,0.0,0.0,0.09637867601201322,0.5,0.5
2022-03-02,133.69335643385028,134.69375841500843,132.5255969050421,133.83563232421875,23966000,0.0,0.0,0.0008867063222329801,0.5795440673828125,1.0,2.0638885498046875,0.0,0.0,0.18633053644908873,0.09316526822454436,0.9068347317754556
2022-03-03,135.0543047870076,135.784612971644,132.52411859618385,133.39515686035156,19780000,0.0,0.0,0.0007294219770310155,-0.4404754638671875,1.0,1.6234130859375,0.0,0.0,0.11528415901902371,0.5,0.5
2022-03-04,132.47592958022818,133.28687778916031,129.52212915672018,131.22398376464844,24446000,0.0,0.0,0.0008868160007525984,-2.6116485595703125,-1.0,-2.171173095703125,3.003467748321924,1.32256332515761,1.788672428969632,0.0,1.0
2022-03-07,131.0074853919255,131.0074853919255,125.55082358816588,125.60494995117188,39178000,0.0,0.0,0.0013603839880635578,-8.230682373046875,-1.0,-7.7902069091796875,0.0,0.0,2.0,0.0,1.0
2022-03-08,125.3924012564027,130.35444651271112,125.00529510468871,126.41341400146484,35250000,0.0,0.0,0.001231869709659537,0.8084640502929688,-1.0,-6.981742858886719,0.0,0.0,2.0,0.5,0.5
2022-03-09,130.50690358230835,133.28639057084638,129.2038244083828,132.95614624023438,32258000,0.0,0.0,0.0011856550378617217,7.3511962890625,1.0,6.542732238769531,2.2789051789208656,0.0961028953564293,0.8781942624028745,0.4871485788796519,0.5128514211203481
2022-03-10,130.56895784011672,132.63085149826614,130.50788288078218,131.78018188476562,24266000,0.0,0.0,0.0008840173542190973,-1.17596435546875,1.0,5.366767883300781,0.0,0.0,0.5908781428309441,0.5,0.5
2022-03-11,133.08873436948377,133.28787210455567,129.4108998529499,129.58868408203125,26600000,0.0,0.0,0.0009529304646452638,-3.367462158203125,1.0,3.1752700805664062,0.0,0.0,0.20683957818867338,0.5,0.5
2022-03-14,129.68552557565718,130.13544955613244,125.55380401021073,125.87957000732422,30254000,0.0,0.0,0.0010528113255049863,-7.076576232910156,-1.0,-3.7091140747070312,4.9540788705714505,0.4900940769204899,1.3645172751398231,0.07269432396984343,0.9273056760301566
2022-03-15,126.87328755092427,129.63016340512107,125.70776335018442,128.7792510986328,30292000,0.0,0.0,0.0010784160385336626,2.8996810913085938,-1.0,-0.8094329833984375,0.0,0.0,0.06498310403335049,0.5,0.5
2022-03-16,130.10962580669317,132.86178813394216,128.3228571601054,132.78184509277344,32058000,0.0,0.0,0.0011767592440728959,6.902275085449219,1.0,4.002593994140625,2.726338577809713,0.15601812351055377,2.0,1.0,0.0
2022-03-17,132.41485480698876,133.82371646057518,131.81694145631218,133.68565368652344,23994000,0.0,0.0,0.00088674746044442,7.806083679199219,1.0,4.906402587890625,0.0,0.0,2.0,1.0,0.0
2022-03-18,132.97402268932734,135.9829271185476,132.02849734524702,135.87168884277344,45900000,0.0,0.0,0.0017240670587490424,9.992118835449219,1.0,7.092437744140625,0.0,0.0,2.0,1.0,0.0
2022-03-21,135.91736802866302,136.6473729303608,133.69655820720334,135.55087280273438,26632000,0.0,0.0,0.0009979725488333162,-0.3208160400390625,1.0,6.7716217041015625,0.0,0.0,2.0,0.5,0.5
2022-03-22,135.5722296503969,140.5382453885067,135.5722296503969,139.3240509033203,29776000,0.0,0.0,0.0011468455768040195,3.7731781005859375,1.0,10.5447998046875,0.0,0.0,2.0,1.0,0.0
2022-03-23,138.1927969548627,139.0732614618607,137.22740339649854,137.56210327148438,25302000,0.0,0.0,0.0009622017748826053,-1.7619476318359375,1.0,8.782852172851562,0.0,0.0,2.0,0.5,0.5
2022-03-24,138.32590416951496,140.43546080800826,137.10117679824126,140.35153198242188,20544000,0.0,0.0,0.0007971033947364302,2.7894287109375,1.0,11.572280883789062,0.0,0.0,2.0,1.0,0.0
2022-03-25,140.7905340303311,140.99464263672576,138.74999354923477,140.5596160888672,19270000,0.0,0.0,0.000748780924132934,2.9975128173828125,1.0,11.780364990234375,0.0,0.0,2.0,1.0,0.0
2022-03-28,139.72831246875776,141.01153860840063,138.87779419040578,140.98521423339844,23774000,0.0,0.0,0.0009265915211367783,3.4231109619140625,1.0,12.205963134765625,0.0,0.0,2.0,1.0,0.0
2022-03-29,142.18748264880705,143.18267122550785,141.5155670635571,142.2763671875,28678000,0.0,0.0,0.001127961101290467,4.714263916015625,1.0,13.497116088867188,0.0,0.0,2.0,1.0,0.0
2022-03-30,141.89893427546133,142.50528894244454,141.2017097613591,141.6749725341797,21046000,0.0,0.0,0.0008242808268195124,-0.6013946533203125,-1.0,-0.6013946533203125,0.0,0.0,0.001985350359551892,0.999007324820224,0.000992675179775946
2022-03-31,141.48031989766645,141.6749868930872,138.6700528965879,138.70034790039062,29516000,0.0,0.0,0.001131742296290716,-3.576019287109375,-1.0,-3.576019287109375,0.0,0.0,0.07019686847340353,0.9649015657632982,0.03509843423670177
2022-04-01,139.0583854337957,139.9919989395044,137.85363240418224,139.7436981201172,23480000,0.0,0.0,0.0009070742105971285,1.0433502197265625,-1.0,-2.5326690673828125,0.0,0.0,0.035210721624244073,0.5,0.5
2022-04-04,139.8673436245369,143.06471668231862,139.8673436245369,142.66619873046875,19076000,0.0,0.0,0.0007523516858659943,3.965850830078125,1.0,2.9225006103515625,1.38972978923141,0.12279706424005439,1.3315342095409324,0.7271656368904934,0.2728343631095066
2022-04-05,142.42485422983833,142.6140502336185,139.98553821089865,140.10423278808594,19256000,0.0,0.0,0.0007458127926885794,-2.5619659423828125,1.0,0.36053466796875,0.0,0.0,0.02026455964315296,0.5,0.5
2022-04-06,138.21564616094292,138.89797324343422,135.49089950949372,136.24363708496094,23574000,0.0,0.0,0.0008878958024715119,-6.4225616455078125,-1.0,-3.860595703125,4.376444115043171,0.46432943053103,2.0,0.0,1.0
2022-04-07,135.68942028348485,136.76556714091896,133.94064564684672,135.53746032714844,19448000,0.0,0.0,0.000728696669129489,-7.1287384033203125,-1.0,-4.5667724609375,0.0,0.0,2.0,0.0,1.0
2022-04-08,135.32395116568017,135.32395116568017,132.84342832050183,133.09967041015625,16434000,0.0,0.0,0.0006046899596175944,-9.5665283203125,-1.0,-7.0045623779296875,0.0,0.0,2.0,0.0,1.0
2022-04-11,131.99671346832326,132.03564686822963,128.73652239994706,128.914306640625,24188000,0.0,0.0,0.0008620125166309762,-13.75189208984375,-1.0,-11.189926147460938,0.0,0.0,2.0,0.0,1.0
2022-04-12,131.5234443825534,131.5234443825534,126.7088955200656,127.50196838378906,23004000,0.0,0.0,0.0008108354786615946,-15.164230346679688,-1.0,-12.602264404296875,0.0,0.0,2.0,0.0,1.0
2022-04-13,127.75224609635268,129.76770477005434,127.5656264653459,129.4004669189453,19542000,0.0,0.0,0.0006990646592822084,1.89849853515625,-1.0,-10.703765869140625,0.0,0.0,2.0,0.5,0.5
2022-04-14,129.76151410695084,129.82184647624504,126.24755899392568,126.38809204101562,23484000,0.0,0.0,0.0008205229341121106,-3.0123748779296875,-1.0,-13.716140747070312,0.0,0.0,2.0,0.0,1.0
2022-04-18,126.544028184169,127.83718073982732,125.71812943757428,127.09127807617188,14918000,0.0,0.0,0.0005241297904906371,0.70318603515625,-1.0,-13.012954711914062,0.0,0.0,2.0,0.5,0.5
2022-04-19,127.20648346666104,130.01402233925847,126.58523892006583,129.64381408691406,22720000,0.0,0.0,0.0008142778500447652,3.2557220458984375,1.0,2.5525360107421875,0.19217586301343204,0.003484199703376284,0.03847617743336549,0.020980188568370885,0.9790198114316291
2022-04-20,130.39169402041003,131.02684338606394,127.02478860174018,127.37384796142578,22610000,0.0,0.0,0.0007961471160398328,-2.2699661254882812,1.0,0.28256988525390625,0.0,0.0,0.0004715197777801781,0.5,0.5
2022-04-21,128.4708486061064,129.42182982228826,123.8027887062224,124.0883331298828,30158000,0.0,0.0,0.0010345368922600481,-5.555480957031264,-1.0,-3.285514831542983,2.7824502138434326,0.2508484824459136,2.0,0.0,1.0
2022-04-22,124.15040432972324,124.59933564713744,118.33073288613822,118.80101013183594,46410000,0.0,0.0,0.0015242078592398556,-10.842803955078125,-1.0,-8.572837829589844,0.0,0.0,2.0,0.0,1.0
2022-04-25,118.61775650149382,122.44010204839203,117.96199628130796,122.41229248046876,34522000,0.0,0.0,0.0011682437718029722,3.6112823486328267,-1.0,-4.961555480957017,0.0,0.0,2.0,0.5,0.5
2022-04-26,121.91570320335498,121.91570320335498,118.3519408129226,118.6937484741211,49394000,0.0,0.0,0.0016207444302730545,-3.7185440063476705,-1.0,-8.680099487304688,0.0,0.0,2.0,0.0,1.0
2022-04-27,113.59564079374664,116.7013863853642,112.3553793997809,114.23873901367188,62238000,0.0,0.0,0.0019655383588471726,-8.17355346679689,-1.0,-13.135108947753906,0.0,0.0,2.0,0.0,1.0
2022-04-28,116.31899919439246,119.61991184829957,114.36129636849266,118.59989166259766,36790000,0.0,0.0,0.0012062201386167988,4.361152648925781,1.0,4.361152648925781,0.0,0.0,0.11023898794299986,0.05511949397149993,0.9448805060285
2022-04-29,116.778858315771,118.15146143141592,113.91445738527396,114.1851043701172,33694000,0.0,0.0,0.00106359067153202,-4.4147872924804545,-1.0,-4.4147872924804545,0.0,0.0,1.024747792443389,0.4876261037783055,0.5123738962216945
2022-05-02,113.13230706125104,116.54197246397206,112.62874925812542,116.36071014404295,30280000,0.0,0.0,0.0009740353725344469,2.175605773925753,-1.0,-2.2391815185547017,0.0,0.0,0.2636185856823537,0.5,0.5
2022-05-03,115.97137141053472,118.48914516775888,115.83430888353642,117.32659912109376,21216000,0.0,0.0,0.0006881331560773904,3.1414947509765625,1.0,0.9658889770508097,0.337683736342953,0.011554405691005645,0.1860697686910611,0.09881208719103338,0.9011879128089666
2022-05-04,117.20145868947984,122.30602254431852,114.95185399011818,121.74188232421876,33232000,0.0,0.0,0.001118430460065426,7.5567779541015625,1.0,5.38117218017581,0.0,0.0,2.0,1.0,0.0
2022-05-05,119.40339009736124,120.409263007042,114.3996376326276,115.9530029296875,43090000,0.0,0.0,0.0013812458601247554,-5.788879394531264,-1.0,-5.788879394531264,1.4346712509088206,0.06142084516779943,1.1572714164032283,0.3906538692144862,0.6093461307855138
2022-05-06,114.73383803100742,116.69988358969378,113.3671909691171,114.87388610839844,35310000,0.0,0.0,0.001121325053635485,-6.867996215820327,-1.0,-6.867996215820327,0.0,0.0,1.628944613117187,0.18552769344140652,0.8144723065585935
2022-05-09,112.53340498595678,114.77744789119988,111.78651721177197,112.31539916992188,34520000,0.0,0.0,0.0010718218021038577,-9.42648315429689,-1.0,-9.42648315429689,0.0,0.0,2.0,0.0,1.0
2022-05-10,115.25179212660056,115.89787583603854,112.6126565266581,113.80569458007812,31158000,0.0,0.0,0.0009802707895483584,1.49029541015625,1.0,1.49029541015625,0.0,0.0,0.024994550814362474,0.012497275407181237,0.9875027245928187
2022-05-11,112.9376385371114,115.87801172984584,112.87754865050653,113.18643188476562,36502000,0.0,0.0,0.001142151001667058,-0.6192626953125,1.0,0.87103271484375,0.0,0.0,0.008538263278062378,0.5,0.5
2022-05-12,111.1771815216723,114.075840225044,109.36508128199884,112.3918685913086,41464000,0.0,0.0,0.0012883046739914988,-1.4138259887695312,-1.0,-0.7945632934570312,3.2475752446592594,2.0,0.8321240274226726,0.0,1.0
2022-05-13,114.06493169417672,117.28241586409368,113.22518111671616,115.7235870361328,29738000,0.0,0.0,0.0009513627410858128,3.3317184448242045,1.0,3.3317184448242045,1.4044041342478408,0.17768370943093031,2.0,1.0,0.0
2022-05-16,114.59975469099308,115.81493425661375,113.55788101218948,114.01227569580078,23282000,0.0,0.0,0.000733811298133408,-1.711311340332017,1.0,1.6204071044921875,0.0,0.0,2.0,0.5,0.5
2022-05-17,116.43073582008284,116.43073582008284,114.55358226893068,115.90830993652344,21576000,0.0,0.0,0.0006913500550014432,1.8960342407226562,1.0,3.5164413452148438,0.0,0.0,2.0,1.0,0.0
2022-05-18,114.45427007892953,114.90930135246086,111.37980448800576,111.63704681396484,27982000,0.0,0.0,0.0008635740559581941,-4.271263122558594,-1.0,-4.271263122558594,2.178076524183723,0.26003608333045486,1.4753868107427193,0.1322885529634129,0.8677114470365871
2022-05-19,111.08084141628032,112.81546890914696,109.7171723446462,109.99278259277344,29192000,0.0,0.0,0.0008876474998601034,-5.91552734375,-1.0,-5.91552734375,0.0,0.0,2.0,0.0,1.0
2022-05-20,111.32369313228835,111.78503649794904,105.65001766138406,108.57003784179688,37586000,0.0,0.0,0.0011281025826745885,-7.3382720947265625,-1.0,-7.3382720947265625,0.0,0.0,2.0,0.0,1.0
2022-05-23,109.35564407147166,111.24422448770753,108.41235409853408,110.90752410888672,31558000,0.0,0.0,0.0009675712979307264,2.3374862670898438,-1.0,-5.000785827636719,0.0,0.0,2.0,0.5,0.5
2022-05-24,105.65447825255532,105.67185355002356,101.51331517236112,105.20604705810548,60386000,0.0,0.0,0.0017562626304503358,-5.701477050781236,-1.0,-10.702262878417955,0.0,0.0,2.0,0.0,1.0
2022-05-25,104.4273786589379,105.82054723003904,103.50295669689451,105.1201400756836,37900000,0.0,0.0,0.0011013811410120799,-5.787384033203125,1.0,-0.08590698242188921,0.0,0.0,0.0005968293512999724,0.99970158532435,0.0002984146756499862
2022-05-26,105.32969996489848,108.21471170512068,104.77102313819856,107.5599365234375,30288000,0.0,0.0,0.0009006034965273737,2.4397964477539062,1.0,2.353889465332017,2.5428581550971217,1.0862682377307038,2.0,1.0,0.0
2022-05-27,109.04228944827187,112.10085706101376,108.80541557286358,112.03233337402344,29924000,0.0,0.0,0.0009267775870108205,6.912193298339844,1.0,6.8262863159179545,0.0,0.0,2.0,1.0,0.0
2022-05-31,112.31044172803831,115.64214211698204,111.80738399886378,113.263916015625,51302000,0.0,0.0,0.0016063432925080344,8.143775939941406,1.0,8.057868957519517,0.0,0.0,2.0,1.0,0.0
2022-06-01,114.1503464533685,116.6010743430476,112.77872841478492,113.36124420166016,28630000,0.0,0.0,0.0008972189688374246,8.241104125976562,1.0,8.155197143554673,0.0,0.0,2.0,1.0,0.0
2022-06-02,113.4118934841274,117.09667654320673,112.5378697956403,116.94570922851562,27472000,0.0,0.0,0.0008881515227448152,11.825569152832031,1.0,11.739662170410142,0.0,0.0,2.0,1.0,0.0
2022-06-03,115.20412752147398,115.5736007647939,112.89542555147902,113.78533935546876,25052000,0.0,0.0,0.0007880271979930701,-3.160369873046861,1.0,8.579292297363281,0.0,0.0,2.0,0.5,0.5
2022-06-06,115.94903372597987,118.58697986846538,115.7362867230286,116.2152099609375,23786000,0.0,0.0,0.0007641821350479765,2.429870605468736,1.0,11.009162902832017,0.0,0.0,2.0,1.0,0.0
2022-06-07,114.86197579662088,116.94834526478968,114.34302799093058,116.43272399902344,26414000,0.0,0.0,0.0008502012252076013,2.6473846435546733,-1.0,0.2175140380859375,0.0,0.0,2.0,1.0,0.0
2022-06-08,116.0821155279787,117.8395892989397,115.90358113204536,116.44115447998048,22544000,0.0,0.0,0.0007256880529653591,2.6558151245117188,1.0,0.00843048095704546,0.0,0.0,0.009630476481956534,0.004815238240978267,0.9951847617590217
2022-06-09,115.5507650089274,117.54561305646436,114.08628414697723,114.1369400024414,23142000,0.0,0.0,0.0007301962682540492,-2.3042144775390767,-1.0,-2.3042144775390767,0.2567438439533447,0.012415215899388344,2.0,0.0,1.0
2022-06-10,112.01470947285269,112.72559637027354,110.107510900143,110.67015838623048,31324000,0.0,0.0,0.0009583413817797985,-5.77099609375,-1.0,-5.77099609375,0.0,0.0,2.0,0.0,1.0
2022-06-13,106.71571085613064,108.47616263000432,105.8635938505246,106.15008544921876,36756000,0.0,0.0,0.0010786016636931287,-10.291069030761719,-1.0,-10.291069030761719,0.0,0.0,2.0,0.0,1.0
2022-06-14,106.1634813561016,107.7203245256142,105.62913607472848,106.46541595458984,25480000,0.0,0.0,0.0007499295620704329,0.31533050537107954,-1.0,-9.97573852539064,0.0,0.0,2.0,0.5,0.5
2022-06-15,108.15932691305473,111.30133066657424,107.38388705188927,109.64019775390624,33192000,0.0,0.0,0.0010060411080665946,3.4901123046874716,1.0,3.174781799316392,2.82516803656992,0.6552541261225526,0.10128325478292655,0.3782686904527396,0.6217313095472604
2022-06-16,107.41443392201762,108.5476776894181,105.0734591737636,105.91122436523438,35314000,0.0,0.0,0.0010339544249901205,-3.728973388671861,-1.0,-3.728973388671861,0.5556769009648832,0.022205784438765083,1.379592435550176,0.2991008900055294,0.7008991099944706
2022-06-17,105.81091527153718,108.50695842698342,104.91062020376842,107.1323699951172,43516000,0.0,0.0,0.0012887900529766766,1.2211456298828267,-1.0,-2.507827758789034,0.0,0.0,0.6239756565394946,0.5,0.5
2022-06-21,108.95637209620624,111.9071716542152,108.5506479549723,111.25364685058594,39010000,0.0,0.0,0.0011997829918432607,5.3424224853515625,1.0,4.121276855468736,3.3594939647971103,0.3954315083040549,2.0,1.0,0.0
2022-06-22,110.40743982567656,112.99622247078293,109.97171621198224,111.27251434326172,23922000,0.0,0.0,0.0007358645517927112,5.361289978027344,1.0,4.140144348144517,0.0,0.0,2.0,1.0,0.0
2022-06-23,112.18230040566988,112.42713069713687,110.27435938870345,111.91860961914062,24710000,0.0,0.0,0.0007645177033552977,6.00738525390625,1.0,4.786239624023423,0.0,0.0,2.0,1.0,0.0
2022-06-24,112.83085244592104,117.83113374379452,112.83085244592104,117.73231506347656,39122000,0.0,0.0,0.0012732955685197133,11.821090698242188,1.0,10.59994506835936,0.0,0.0,2.0,1.0,0.0
2022-06-27,118.12662409004317,118.43948553324545,115.21231762490288,115.82984161376952,32840000,0.0,0.0,0.0010515649590152939,-1.9024734497070455,1.0,8.697471618652315,0.0,0.0,2.0,0.5,0.5
2022-06-28,115.56019602922068,117.0554643974944,111.6797530083964,111.80638885498048,28232000,0.0,0.0,0.0008726111560441385,-5.9259262084960795,-1.0,-4.023452758789034,1.1510994375246355,0.037732293592415395,0.21399901402539845,0.8741343461910931,0.1258656538089069
2022-06-29,111.3862397498646,112.89193454288764,110.7957827927576,111.4935073852539,18628000,0.0,0.0,0.000574153877224437,-6.238807678222656,-1.0,-4.336334228515611,0.0,0.0,0.2485761496967468,0.8757119251516265,0.1242880748483734
2022-06-30,109.74845884295402,110.5731224594056,106.58063817299124,108.62911987304688,38046000,0.0,0.0,0.001142530386463955,-9.103195190429688,-1.0,-7.200721740722642,0.0,0.0,0.6854345898016238,0.6572827050991881,0.3427172949008119
2022-07-01,107.60065315455192,109.06001898117708,106.37703214586809,108.339599609375,31028000,0.0,0.0,0.000929294793320543,-9.392715454101562,-1.0,-7.490242004394517,0.0,0.0,0.7416613696845764,0.6291693151577118,0.3708306848422882
2022-07-05,106.78375273297814,113.27740841849858,105.52734366856436,113.1129379272461,36398000,0.0,0.0,0.0011381573260075353,4.773338317871094,-1.0,-2.7169036865234233,2.704285959092985,0.3209673030049007,0.09758036666184974,0.7668596106638375,0.23314038933616255
2022-07-06,113.31654439216727,115.56117820891916,111.48756133312514,114.430419921875,28852000,0.0,0.0,0.0009127039079248815,6.0908203125,1.0,1.3174819946289062,6.501159227742079,1.1392788398462033,0.2351477844119822,0.6872133121290928,0.31278668787090724
2022-07-07,115.2195211975183,119.04732267098473,114.74873626836842,118.49510192871094,32184000,0.0,0.0,0.001054272584798325,10.155502319335938,1.0,5.382164001464844,0.0,0.0,2.0,1.0,0.0
2022-07-08,116.75103571674696,119.61642140765092,116.71527731097514,119.35173797607422,29082000,0.0,0.0,0.0009595453661544678,11.012138366699219,1.0,6.238800048828125,0.0,0.0,2.0,1.0,0.0
2022-07-11,117.84357221556846,117.98709081883324,115.44448523633667,115.73052978515624,26718000,0.0,0.0,0.0008547997404191335,-3.621208190917983,-1.0,-3.621208190917983,0.0,0.0,0.3369029814529057,0.8315485092735472,0.16845149072645285
2022-07-12,116.04438078226042,117.04851086046862,113.83599022833464,114.06890106201172,24970000,0.0,0.0,0.0007874052295100099,-5.2828369140625,-1.0,-5.2828369140625,0.0,0.0,0.717021657923658,0.6414891710381709,0.358510828961829
2022-07-13,111.8734232163138,114.37430681051724,111.06296746769613,111.42449188232422,38958000,0.0,0.0,0.0012000236644839114,-7.92724609375,-1.0,-7.92724609375,0.0,0.0,1.614516722261932,0.19274163886903395,0.807258361130966
2022-07-14,110.07274620815696,111.22635845772392,108.58244870643873,110.68257904052734,32366000,0.0,0.0,0.000990331960046913,-8.669158935546875,-1.0,-8.669158935546875,0.0,0.0,1.9308644939491506,0.0345677530254247,0.9654322469745753
2022-07-15,112.19521630493216,113.22567073995222,111.06247266484746,112.00054931640624,34330000,0.0,0.0,0.0010629343719875237,1.317970275878892,1.0,1.317970275878892,0.0,0.0,0.02311305225746534,0.01155652612873267,0.9884434738712673
2022-07-18,112.66897771337736,114.019734722899,108.55711691536104,109.16297149658205,33354000,0.0,20.0,0.00100655096204832,-2.8375778198241903,1.0,-1.5196075439452983,0.025331791077690013,7.9695946630348e-05,1.3293876819765342,0.33526631103841775,0.6647336889615822
2022-07-19,110.97059345865088,114.02965346167932,109.74895022608952,113.84095001220705,30992300,0.0,0.0,0.0009753597136358711,4.677978515625,1.0,3.1583709716797017,0.8039827217270954,0.02953772107725437,2.0,1.0,0.0
2022-07-20,113.28475309332852,115.5393285714179,112.49019509018932,113.92040252685548,26780100,0.0,0.0,0.0008433856359515196,4.7574310302734375,1.0,3.237823486328139,0.0,0.0,2.0,1.0,0.0
2022-07-21,114.30775803280672,114.42694515033254,111.14937898253623,114.2581024169922,27267800,0.0,0.0,0.0008612903907268233,5.095130920410156,-1.0,0.33769989013671875,0.0,0.0,0.04938544334545301,0.024692721672726504,0.9753072783272735
2022-07-22,111.05005281577732,112.41074399445272,106.86866804792542,107.62350463867188,44455300,0.0,0.0,0.0013226446223158833,-6.634597778320327,-1.0,-6.296897888183608,5.621527042263892,0.7179255514615701,2.0,0.0,1.0
2022-07-25,108.13996215050174,109.82841214424514,106.28267700818483,107.47451782226562,28289900,0.0,0.0,0.0008405226334401277,-6.783584594726577,-1.0,-6.445884704589858,0.0,0.0,2.0,0.0,1.0
2022-07-26,106.69983059538612,107.00772119291918,104.04797960863031,104.72335815429688,36626600,0.0,0.0,0.0010603583499853293,-9.534744262695327,-1.0,-9.197044372558608,0.0,0.0,2.0,0.0,1.0
2022-07-27,108.85507546044992,113.62245412544924,107.68309531399404,112.82788848876952,41474600,0.0,0.0,0.0012936332263733692,8.104530334472642,1.0,8.104530334472642,3.794041981204103,0.21915357514870262,0.7765316127204324,0.4978425939345675,0.5021574060654326
2022-07-28,112.03333007032592,113.92041019069406,111.09077509027344,113.8111572265625,23303800,0.0,0.0,0.0007332027387424996,9.087799072265625,1.0,9.087799072265625,0.0,0.0,0.9763844836704361,0.48819224183521803,0.511807758164782
2022-07-29,112.62923769040243,116.10544868345474,112.46039497506344,115.8472137451172,31336200,0.0,0.0,0.0010035624850512814,11.123855590820327,1.0,11.123855590820327,0.0,0.0,1.4628982516389302,0.7314491258194651,0.2685508741805349
2022-08-01,114.74476211880084,116.32395911457525,113.91047508521356,114.69510650634766,22856200,0.0,0.0,0.0007247052567087624,-1.1521072387695455,1.0,9.971748352050781,0.0,0.0,1.175563400664308,0.5,0.5
2022-08-02,113.65223384683016,116.28422364242948,113.48339113426373,115.11224365234376,17911000,0.0,0.0,0.0005699724281212015,0.41713714599610796,-1.0,0.41713714599610796,0.0,0.0,0.0020571272976614386,0.0010285636488307193,0.9989714363511693
2022-08-03,115.54925334530247,118.60832093240212,115.3605498954272,117.97267150878906,25302800,0.0,0.0,0.0008252062180655314,3.2775650024414062,1.0,2.8604278564452983,0.0,0.0,0.09673094575432674,0.04836547287716337,0.9516345271228366
2022-08-04,117.4959472059536,118.6877880718941,116.90995334962962,118.06207275390624,15757700,0.0,0.0,0.0005142990552007057,3.3669662475585795,1.0,2.9498291015624716,0.0,0.0,0.10287199165101223,0.05143599582550611,0.9485640041744939
2022-08-05,116.13525555416687,118.05213811703544,115.916749628212,117.41648864746094,15615700,0.0,0.0,0.0005068775313973496,-0.6455841064452983,-1.0,-0.6455841064452983,0.0,0.0,0.0478974009862352,0.9760512995068824,0.0239487004931176
2022-08-08,118.310386384297,120.03855810041402,117.02915314694704,117.33704376220705,17061100,0.0,0.0,0.0005534197649963867,-0.7250289916991903,1.0,-0.07944488525389204,1.3507700285199178,2.0,0.0007253342288870481,0.0,1.0
2022-08-09,117.18804532273406,117.39661708876906,115.7677644208906,116.70137786865234,15424300,0.0,0.0,0.0004976155488489184,-1.360694885253892,-1.0,-0.6356658935547017,0.0,0.0,0.04643699503945196,0.9767815024802741,0.02321849751972598
2022-08-10,118.7771858608133,120.9523036380862,118.54875333205968,119.82998657226562,20497000,0.0,0.0,0.000678997705415751,3.1286087036132812,1.0,3.1286087036132812,0.9137455376721846,0.08529980529215284,2.0,1.0,0.0
2022-08-11,121.250248967822,121.50847634504426,118.73744607400684,119.00560760498048,16671600,0.0,0.0,0.0005484754620644035,-0.824378967285142,1.0,2.304229736328139,0.0,0.0,2.0,0.5,0.5
2022-08-12,120.33651260174194,121.8163833618164,119.58167598999256,121.8163833618164,16121100,0.0,0.0,0.0005428912828479495,2.8107757568359233,1.0,5.1150054931640625,0.0,0.0,2.0,1.0,0.0
2022-08-15,121.3793631035334,122.42222950263252,120.74371365680946,122.04480743408205,15525000,0.0,0.0,0.0005237974866487896,3.0391998291015625,1.0,5.343429565429702,0.0,0.0,2.0,1.0,0.0
2022-08-16,121.4886189782856,122.39044466336478,120.70895838185088,121.67733001708984,15626200,0.0,0.0,0.0005256244331563717,-0.3674774169922017,-1.0,-0.3674774169922017,0.0,0.0,0.004729564274680432,0.9976352178626597,0.002364782137340216
2022-08-17,120.10806710190032,121.31977625687284,119.3830254087065,119.50221252441406,17589200,0.0,0.0,0.0005810781271575525,-2.542594909667983,-1.0,-2.542594909667983,0.0,0.0,0.22641967786732747,0.8867901610663362,0.11320983893366374
2022-08-18,119.4128359800731,120.86291188739555,118.73745743361086,120.0385513305664,15652000,0.0,0.0,0.0005194013566648003,0.5363388061523438,-1.0,-2.006256103515639,0.0,0.0,0.14097190344646954,0.5,0.5
2022-08-19,119.05527485578985,119.18438854880354,116.8702231858715,117.31716918945312,20187000,0.0,0.0,0.0006547052944900053,-2.7213821411132812,-1.0,-4.7276382446289205,0.0,0.0,0.7827954565829309,0.6086022717085345,0.39139772829146546
2022-08-22,115.31090101329124,115.70818384672786,113.89061999859462,114.28790283203124,19316000,0.0,0.0,0.0006102811488902192,-5.7506484985351705,-1.0,-7.75690460205081,0.0,0.0,2.0,0.0,1.0
2022-08-23,113.54299838473824,115.14205626777331,113.523137653305,113.98993682861328,14390700,0.0,0.0,0.0004534829127607574,-6.048614501953125,-1.0,-8.054870605468764,0.0,0.0,2.0,0.0,1.0
2022-08-24,113.67210173008591,114.93049604828424,113.00665741335288,113.92040252685548,16051200,0.0,0.0,0.0005055004096244985,-6.118148803710923,-1.0,-8.124404907226562,0.0,0.0,2.0,0.0,1.0
2022-08-25,114.36735310238954,116.97947486143588,114.26803429519929,116.90001678466795,14874700,0.0,0.0,0.00048070128582877855,2.9796142578124716,1.0,2.9796142578124716,1.8374185936625622,0.3802735563231434,0.1345045475422734,0.2573890519327084,0.7426109480672916
2022-08-26,115.02286693555348,115.80749841902876,110.4640676165158,110.54352569580078,31698700,0.0,0.0,0.0009686954469571395,-6.356491088867173,-1.0,-6.356491088867173,2.5425897968370776,0.1599991644822866,2.0,0.0,1.0
2022-08-29,110.02705396566684,111.19903409464068,109.06364560826388,109.5900421142578,20386100,0.0,0.0,0.0006176148631552512,-7.309974670410156,-1.0,-7.309974670410156,0.0,0.0,2.0,0.0,1.0
2022-08-30,110.27535427321912,110.6130473143692,108.06051529649396,109.16297149658205,20548200,0.0,0.0,0.0006200998524423245,-7.737045288085909,-1.0,-7.737045288085909,0.0,0.0,2.0,0.0,1.0
2022-08-31,110.87127423629843,111.01032208279608,108.30881565259938,108.40813446044922,25898000,0.0,0.0,0.0007761409401293806,-8.491882324218736,1.0,-0.7548370361328267,0.0,0.0,0.06417801994733723,0.9679109900263314,0.03208900997366861
2022-09-01,108.45778414787527,110.46405881347069,107.45465439261648,109.79861450195312,22784400,0.0,0.0,0.0006915872073493131,1.3904800415039062,-1.0,1.3904800415039062,0.0,0.0,2.0,1.0,0.0
2022-09-02,110.58325448770336,110.91598426957113,107.39507272608124,107.94133758544922,20618100,0.0,0.0,0.0006152461886338277,-1.8572769165039062,-1.0,-0.466796875,0.9137429265181396,0.24204422987887997,0.11270063444384398,0.822627567838638,0.17737243216136198
2022-09-06,107.40003574804634,108.13996732096346,105.7860804639774,106.7494888305664,20565100,0.0,0.0,0.0006068888025974903,-3.0491256713867188,-1.0,-1.6586456298828125,0.0,0.0,1.4229108747921886,0.2885445626039057,0.7114554373960943
2022-09-07,107.0275814788406,110.2356236471069,106.88356276802084,109.72909545898438,22987200,0.0,0.0,0.0006973011291159101,2.9796066284179688,1.0,2.9796066284179688,0.0,0.0,2.0,1.0,0.0
2022-09-08,108.43793338559875,109.82841947992604,107.32554299462905,108.67630004882812,21660700,0.0,0.0,0.0006507584656113577,-1.05279541015625,1.0,1.9268112182617188,0.0,0.0,1.3494944873129684,0.5,0.5
2022-09-09,109.3020186948222,111.2387619658912,109.25235550221456,111.02025604248048,21732900,0.0,0.0,0.0006670100861951169,2.343955993652358,1.0,4.270767211914077,0.0,0.0,2.0,1.0,0.0
2022-09-12,111.22882919788368,111.87441282213103,110.17603618382878,111.10964965820312,19732900,0.0,0.0,0.0006061152179268857,2.433349609375,1.0,4.360160827636719,0.0,0.0,2.0,1.0,0.0
2022-09-13,108.14990006532268,108.6266409540578,104.28634007264408,104.59423065185548,33015000,0.0,0.0,0.0009546221922997369,-6.515419006347642,-1.0,-6.515419006347642,4.966015429570476,0.5809401979377566,2.0,0.0,1.0
2022-09-14,104.72335107963008,105.37886127163304,103.78973761787204,105.15042877197266,22115800,0.0,0.0,0.0006428744957005282,0.5561981201171733,-1.0,-5.959220886230469,0.0,0.0,1.867987428733783,0.5,0.5
2022-09-15,104.29627333045454,105.488114175741,102.60782329250289,103.19381713867188,26494900,0.0,0.0,0.0007558375378266456,-1.9566116333007812,-1.0,-7.91583251953125,0.0,0.0,2.0,0.0,1.0
2022-09-16,102.2701413361832,103.32293437151624,101.16272181821267,102.92565155029295,64540100,0.0,0.0,0.0018363935289703222,-2.2247772216797017,-1.0,-8.18399810791017,0.0,0.0,2.0,0.0,1.0
2022-09-19,101.84306355916064,103.313000145871,101.6742208229576,103.14415740966795,19738600,0.0,0.0,0.0005628251211791845,0.218505859375,-1.0,-7.9654922485351705,0.0,0.0,2.0,0.5,0.5
2022-09-20,102.18074488530593,102.46877472936796,100.43271266812418,101.13788604736328,24001700,0.0,0.0,0.0006710708432004941,-2.0062713623046733,-1.0,-9.971763610839844,0.0,0.0,2.0,0.0,1.0
2022-09-21,101.5450924813298,102.78659647442252,99.31038529376288,99.33025360107422,26596800,0.0,0.0,0.0007303372076138263,-3.813903808593736,-1.0,-11.779396057128906,0.0,0.0,2.0,0.0,1.0
2022-09-22,98.77405379579808,100.98890023422688,98.73433233660076,99.88644409179688,21272700,0.0,0.0,0.0005874104428887937,0.5561904907226562,-1.0,-11.22320556640625,0.0,0.0,2.0,0.5,0.5
2022-09-23,99.37991433269848,99.42957752599564,97.34385222568528,98.49596405029295,25657000,0.0,0.0,0.0006986132276345895,-1.3904800415039205,-1.0,-12.61368560791017,0.0,0.0,2.0,0.0,1.0
2022-09-26,97.9397824669756,99.7573464071268,97.71134236348384,98.13842010498048,22437900,0.0,0.0,0.0006087426985305984,-1.748023986816392,1.0,-0.3575439453124716,0.0,0.0,0.006724404629048653,0.9966377976854757,0.0033622023145243266
2022-09-27,99.23094663010733,99.77720390568412,96.678406841489,97.42330932617188,24225000,0.0,0.0,0.0006524378658048876,-2.463134765625,1.0,-1.0726547241210795,0.347626379688478,0.01991815478379047,0.06052222446647131,0.9597798103748691,0.040220189625130895
2022-09-28,97.35377625241256,100.7108079843318,97.1352779092305,100.05529022216795,24617000,0.0,0.0,0.0006809068081424705,2.6319808959960795,1.0,1.559326171875,0.9534615772049904,0.13123235654990295,2.0,1.0,0.0
2022-09-29,98.62509200302873,98.62509200302873,95.86398042800398,97.42330932617188,21921500,0.0,0.0,0.000590399037161686,-2.6319808959960795,-1.0,-2.6319808959960795,0.814426413485009,0.0957498793040328,2.0,0.0,1.0
2022-09-30,97.06576112897416,98.81777167666374,95.37731098487272,95.49649810791016,26277800,0.0,0.0,0.0006937275530918052,-4.558792114257798,-1.0,-4.558792114257798,0.0,0.0,2.0,0.0,1.0
2022-10-03,96.55923432228742,99.29054363160829,96.36058909872162,98.6250991821289,24840000,0.0,0.0,0.0006772539385584425,3.12860107421875,1.0,3.12860107421875,0.6654516285795609,0.04524104254522331,0.47097819769747223,0.25810962012134775,0.7418903798786523
2022-10-04,100.35325236776238,102.02183404903307,100.35325236776238,101.71394348144533,22580900,0.0,0.0,0.0006349422618232276,6.2174453735351705,1.0,6.2174453735351705,0.0,0.0,1.8600489768992594,0.9300244884496297,0.0699755115503703
2022-10-05,100.00563826788984,102.0417003960936,99.06209062819975,101.52523803710938,18475500,0.0,0.0,0.0005185405354090755,-0.1887054443359517,1.0,6.028739929199219,0.0,0.0,1.7488538691292579,0.5,0.5
2022-10-06,100.81013664780188,103.02498337822092,100.81013664780188,101.54510498046876,17156200,0.0,0.0,0.00048160677554443286,0.01986694335938921,1.0,6.048606872558608,0.0,0.0,1.760399110426047,0.8801995552130235,0.11980044478697649
2022-10-07,99.9659108643245,100.7306740498155,98.53569572751684,98.89324951171876,24249900,0.0,0.0,0.0006629626997850654,-2.65185546875,-1.0,-2.65185546875,0.5263949006829165,0.039402488054060415,0.19221575588336448,0.8841908780312876,0.11580912196871244
2022-10-10,99.17133641179646,99.31038425136023,97.20479835080104,98.0390853881836,16529900,0.0,0.0,0.0004480040831032572,-3.5060195922851705,-1.0,-3.5060195922851705,0.0,0.0,0.33598350796616155,0.8320082460169193,0.16799175398308078
2022-10-11,97.5822206906372,99.43951352228164,96.58901742661035,97.38358306884766,21617700,0.0,0.0,0.0005819795577336905,-4.161521911621108,-1.0,-4.161521911621108,0.0,0.0,0.47336228660590285,0.7633188566970486,0.23668114330295142
2022-10-12,97.60207925147586,98.97071925966216,97.00615882181884,97.6318817138672,17343400,0.0,0.0,0.00046809973497328447,0.24829864501954546,-1.0,-3.9132232666015625,0.0,0.0,0.4185607850547228,0.5,0.5
2022-10-13,95.27798081130295,99.8467138974602,94.62246307906278,99.03228759765624,32812200,0.0,0.0,0.0008983067355828849,1.6487045288085795,-1.0,-2.5128173828125284,0.40720037517856156,0.06100011828425541,0.17258821546864725,0.2611436851498899,0.7388563148501102
2022-10-14,99.94108593023618,100.60156705960168,96.37051871614828,96.51950073242188,22624800,0.0,0.0,0.0006036876765614067,-2.512786865234361,1.0,-2.512786865234361,1.6308477999395166,0.4212263759821772,0.17258402340725087,0.7030948003052859,0.2969051996947141
2022-10-17,98.84358586984254,101.07829322222308,98.8336592929938,100.09502410888672,23311600,0.0,0.0,0.000645055475245116,3.5755233764648438,1.0,1.062736511230483,1.2315793247628761,0.11864393316223162,0.17887098405718974,0.14875745860971068,0.8512425413902893
2022-10-18,103.2335534034506,103.51164911498128,99.9659136378853,100.7008819580078,21610500,0.0,0.0,0.0006016038187253137,4.181381225585923,1.0,1.6685943603515625,0.0,0.0,0.44095090293452854,0.22047545146726427,0.7795245485327358
2022-10-19,100.0155697049409,100.96805130997552,98.9578133386631,99.60836029052734,21573700,0.0,0.0,0.0005940635704180273,-1.0925216674804545,-1.0,-1.0925216674804545,0.0,0.0,0.42870502593882615,0.785647487030587,0.21435251296941307
2022-10-20,100.13474767567423,102.29993098406972,99.29052645976014,99.84671783447266,25125100,0.0,0.0,0.0006935121707964537,0.2383575439453125,1.0,0.2383575439453125,0.0,0.0,0.04759898432387101,0.023799492161935505,0.9762005078380644
2022-10-21,97.79078251927206,100.92930815155772,97.56235003520472,100.7902603149414,28988700,0.0,0.0,0.0008077180750134358,1.1819000244140625,-1.0,0.94354248046875,1.395463303458385,1.394040391588104,0.7458694134202337,1.0,0.0
2022-10-24,101.3961178770954,102.3992552983408,99.61829069764072,102.2701416015625,24680800,0.0,0.0,0.0006977833218424356,2.6617813110351562,1.0,1.4798812866210938,0.0,0.0,1.8348207341679619,0.9174103670839809,0.08258963291601906
2022-10-25,102.59790866661052,104.38567014277828,102.31980536461356,104.21682739257812,29910200,0.0,0.0,0.0008617269192890669,4.608467102050781,1.0,3.4265670776367188,0.0,0.0,2.0,1.0,0.0
2022-10-26,96.10234616105942,97.8702466889388,93.92722867376058,94.17552947998048,71504300,0.0,0.0,0.0018615843741852935,-10.041297912597642,-1.0,-10.041297912597642,5.691062023880136,0.3212232213738532,2.0,0.0,1.0
2022-10-27,93.66900361583868,94.52315908573566,91.27538753115718,91.97062683105467,54036500,0.0,0.0,0.0013738801628201608,-12.246200561523452,-1.0,-12.246200561523452,0.0,0.0,2.0,0.0,1.0
2022-10-28,91.90109996641328,96.20167206605912,91.69550615625016,95.92357635498048,35696900,0.0,0.0,0.0009466040535265282,3.9529495239258097,1.0,3.9529495239258097,0.0,0.0,0.10419330210814705,0.052096651054073524,0.9479033489459264
2022-10-31,95.12900725488336,95.69513281131776,93.73852117209412,94.0166244506836,29868700,0.0,0.0,0.0007763069424951177,-1.9069519042968892,1.0,2.0459976196289205,0.0,0.0,0.027913064082223396,0.5,0.5
2022-11-01,94.94029629746328,95.51139272035944,89.81537139938067,89.88489532470703,43220600,0.0,0.0,0.00107396469166094,-6.038681030273452,-1.0,-4.1317291259765625,1.880134756869495,0.09693793754834698,2.0,0.0,1.0
2022-11-02,90.29211503601825,90.67946371422306,86.41862067643025,86.47821044921875,43553600,0.0,0.0,0.0010412217871666818,-9.445365905761733,-1.0,-7.538414001464844,0.0,0.0,2.0,0.0,1.0
2022-11-03,85.75814531302198,85.96175382038753,82.88281734302252,82.92254638671875,48510400,0.0,0.0,0.0011120389026361825,-13.001029968261733,-1.0,-11.094078063964844,0.0,0.0,2.0,0.0,1.0
2022-11-04,84.92881107198549,86.14052023573473,83.30988494310704,86.1107177734375,40173300,0.0,0.0,0.0009563287499655326,3.18817138671875,1.0,3.18817138671875,0.0,0.0,0.08258494511988088,0.04129247255994044,0.9587075274400596
2022-11-07,86.74636867567865,88.33549994609857,86.36895416660064,88.04747009277344,26899900,0.0,0.0,0.000654756837088951,5.1249237060546875,1.0,5.1249237060546875,0.0,0.0,0.21339899708465068,0.10669949854232534,0.8933005014576747
2022-11-08,88.55401066611286,89.79054393617074,87.05427154783787,88.30570983886719,30172000,0.0,0.0,0.0007365553355296424,5.3831634521484375,1.0,5.3831634521484375,0.0,0.0,0.23544674919771957,0.11772337459885979,0.8822766254011403
2022-11-09,87.9431836735296,88.88176048138935,86.76624019729557,86.80596923828125,26743900,0.0,0.0,0.0006417809549904869,-1.4997406005859375,-1.0,-1.4997406005859375,0.0,0.0,0.07761705563511925,0.9611914721824404,0.03880852781755963
2022-11-10,91.71238914414369,93.90737510679946,91.02708401942718,93.52995300292967,42371200,0.0,0.0,0.0010955544692610464,6.723983764648423,1.0,6.723983764648423,4.116831170628728,0.37486319464850293,2.0,1.0,0.0
2022-11-11,94.06628069524211,96.69827087353168,93.52002344383008,96.0725555419922,30569100,0.0,0.0,0.0008118849495093542,9.266586303710952,1.0,9.266586303710952,0.0,0.0,2.0,1.0,0.0
2022-11-14,94.85090758255208,96.51948929652994,94.46653690557272,95.37730407714844,24170100,0.0,0.0,0.0006372883577362434,-0.6952514648437642,1.0,8.571334838867188,0.0,0.0,2.0,0.5,0.5
2022-11-15,97.99936329552077,99.7374689907648,96.36057641021137,98.0490264892578,31831000,0.0,0.0,0.0008627919083961049,2.671722412109361,1.0,11.243057250976548,0.0,0.0,2.0,1.0,0.0
2022-11-16,97.35377611417864,99.17133982210024,97.23658189289009,98.3171844482422,24660200,0.0,0.0,0.0006702526231674231,2.939880371093764,1.0,11.511215209960952,0.0,0.0,2.0,1.0,0.0
2022-11-17,96.51949263621844,98.8038631540234,96.44003455719891,97.8305206298828,21818700,0.0,0.0,0.0005900865700787266,-0.4866638183594034,-1.0,-0.4866638183594034,0.0,0.0,0.0017873753807818161,0.9991063123096091,0.0008936876903909081
2022-11-18,98.33705176706891,98.486033763809,96.08247624099918,97.1352767944336,24969900,0.0,0.0,0.0006705115758886098,-1.181907653808608,-1.0,-1.181907653808608,0.0,0.0,0.010542042028007268,0.9947289789859963,0.005271021014003634
2022-11-21,96.89691023323071,98.04902968311204,95.01975662742385,95.17867279052734,18696900,0.0,0.0,0.0004919508832382861,-3.138511657714858,-1.0,-3.138511657714858,0.0,0.0,0.07433701968928144,0.9628314901553593,0.03716850984464072
2022-11-22,95.50642632840014,96.88498532042568,93.7683206741825,96.66847229003906,18868900,0.0,0.0,0.0005042477081105949,1.4897994995117188,-1.0,-1.6487121582031392,0.0,0.0,0.020513857499572415,0.5,0.5
2022-11-23,96.678401786893,98.39565410483333,96.678401786893,98.14834594726562,17568900,0.0,0.0,0.0004766944008018648,2.9696731567382812,1.0,1.4798736572265625,0.3466244217212875,0.013623886265374818,0.805674462158982,0.4096491742121784,0.5903508257878216
2022-11-25,97.79576428441244,98.26754193800278,96.8671215763687,96.9366455078125,8567800,0.0,0.0,0.00022959889938345917,-1.211700439453125,1.0,0.2681732177734375,0.0,0.0,0.026457032142513305,0.5,0.5
2022-11-28,96.53935766931887,97.16508059755766,95.23826377193576,95.59581756591795,19974500,0.0,0.0,0.0005278703922892585,-2.5525283813476705,-1.0,-1.3408279418945455,1.4401380149572418,0.31832230408051576,2.0,0.0,1.0
2022-11-29,95.34751987127876,95.7348685645526,93.74846190056763,94.79132843017578,20220000,0.0,0.0,0.0005298613671942377,-3.3570175170898438,-1.0,-2.1453170776367188,0.0,0.0,2.0,0.0,1.0
2022-11-30,94.47350381618423,100.7604751586914,94.02655776955798,100.7604751586914,39888100,0.0,0.0,0.0011110818459000103,5.969146728515625,1.0,5.969146728515625,3.5953945611337446,0.3628011084483934,2.0,1.0,0.0
2022-12-01,100.71082379068876,101.8927306548002,99.98578199245974,100.59163665771484,21771500,0.0,0.0,0.0006054283046999789,-0.1688385009765625,1.0,5.8003082275390625,0.0,0.0,2.0,0.5,0.5
2022-12-02,98.694615545418,100.46251622307057,98.4959703370897,100.14469146728516,18821500,0.0,0.0,0.0005210683081743036,-0.61578369140625,-1.0,-0.4469451904296875,0.0,0.0,0.005937537853063146,0.9970312310734685,0.002968768926531573
2022-12-05,99.13658903096676,101.0584349764682,98.6797164258816,99.19121551513672,19955500,0.0,0.0,0.0005472028125797066,-1.5692596435546875,1.0,-0.9534759521484375,0.0,0.0,0.02702199088186282,0.9864890045590686,0.01351099544093141
2022-12-06,98.99255779667035,99.5288884159404,96.10234052217704,96.64859771728516,20877600,0.0,0.0,0.0005578129912828386,-4.11187744140625,-1.0,-2.5426177978515625,0.0,0.0,0.19215868596755575,0.9039206570162222,0.09607934298377788
2022-12-07,96.11227264212648,96.64860329233407,94.37913786605618,94.50328826904295,26647900,0.0,0.0,0.0006961813823690834,-6.257186889648452,-1.0,-4.687927246093764,0.0,0.0,0.6532201621126753,0.6733899189436623,0.32661008105633765
2022-12-08,95.0396185732732,95.21839545602492,93.16246509314972,93.31143951416016,25593200,0.0,0.0,0.0006601946106222033,-7.44903564453125,-1.0,-5.8797760009765625,0.0,0.0,1.0275889310947928,0.4862055344526036,0.5137944655473964
2022-12-09,93.26178420015135,93.84777046478492,92.38776051386506,92.43742370605467,21885300,0.0,0.0,0.0005592588070803607,-8.323051452636733,-1.0,-6.7537918090820455,0.0,0.0,1.3557923935197294,0.3221038032401353,0.6778961967598647
2022-12-12,92.45728840632368,93.23695660745052,91.27538167236226,92.9240951538086,27380900,0.0,0.0,0.0007033776345763781,0.48667144775392046,-1.0,-6.267120361328125,0.0,0.0,1.1674382701430395,0.5,0.5
2022-12-13,97.40343677461024,99.12168163156254,94.731717762268,95.19852447509766,34788500,0.0,0.0,0.0009155423019594554,2.761100769042983,1.0,2.2744293212890625,5.273911166777623,2.0,0.13170698861815971,1.0,0.0
2022-12-14,94.89063336539505,96.559215022131,93.30150978220338,94.66219329833984,26452900,0.0,0.0,0.0006922490171064629,-0.5363311767578125,-1.0,-0.5363311767578125,0.0,0.0,0.055605941075680634,0.9721970294621597,0.027802970537840317
2022-12-15,92.90423102891724,93.3908984898298,89.81536837789909,90.58013153076172,28298800,0.0,0.0,0.0007086200914323429,-4.6183929443359375,-1.0,-4.6183929443359375,0.0,0.0,2.0,0.0,1.0
2022-12-16,90.58013236344644,91.1263971758981,89.39822566179373,90.24244689941406,48485500,0.0,0.0,0.0012095817789359725,-4.956077575683594,-1.0,-4.956077575683594,0.0,0.0,2.0,0.0,1.0
2022-12-19,90.26231246423389,90.58013721462576,88.32060578697738,88.54407501220703,23020500,0.0,0.0,0.0005634906996133161,-6.654449462890625,-1.0,-6.654449462890625,0.0,0.0,2.0,0.0,1.0
2022-12-20,88.12692093520657,89.16977972105273,87.44160832055134,89.02079772949219,21976800,0.0,0.0,0.0005408395372360319,0.47672271728515625,-1.0,-6.177726745605469,0.0,0.0,2.0,0.5,0.5
2022-12-21,89.120134304404,90.29707777505313,88.30570791191177,89.6365966796875,20336400,0.0,0.0,0.0005039319907941236,1.0925216674804688,1.0,0.6157989501953125,0.0,0.0,0.009936203994884056,0.004968101997442028,0.995031898002558
2022-12-22,88.32555475286843,88.57385553564636,86.34908264366686,87.66011047363281,23656100,0.0,0.0,0.000573267941794296,-1.9764862060546875,-1.0,-1.9764862060546875,1.0925256768844775,0.3055453860138031,2.0,0.0,1.0
2022-12-23,87.02446746738481,89.48760717002418,87.02446746738481,89.19957733154297,17815000,0.0,0.0,0.00043929991380937,1.5394668579101562,1.0,1.5394668579101562,0.0,0.0,0.6066708276360964,0.3033354138180482,0.6966645861819518
2022-12-27,88.70298477684108,88.89169582967213,86.94005497185992,87.33236694335938,15470900,0.0,0.0,0.00037351092112017966,-1.8672103881835938,-1.0,-1.8672103881835938,0.0,0.0,1.471112285451212,0.264443857274394,0.735556142725606
2022-12-28,86.90529261675617,87.91835669371382,85.78297556573423,85.87236022949219,17879600,0.0,0.0,0.0004244472198258315,-3.3272171020507812,-1.0,-3.3272171020507812,0.0,0.0,2.0,0.0,1.0
2022-12-29,86.4384799933794,88.75760873609705,86.39875095299075,88.34542846679688,18280700,0.0,0.0,0.000446467034676031,2.4730682373046875,1.0,2.4730682373046875,0.0,0.0,0.5524715518144359,0.27623577590721793,0.7237642240927821
2022-12-30,86.77120230581392,88.22624904916005,86.43848011681591,88.1269302368164,19190300,0.0,0.0,0.0004675229142254626,-0.21849822998046875,1.0,2.2545700073242188,0.0,0.0,0.45916118834874314,0.5,0.5
2023-01-03,89.21945330850191,90.92776417873544,88.41495349133301,89.09033203125,20738500,0.0,0.0,0.0005107641575255318,0.9634017944335938,1.0,3.2179718017578125,0.0,0.0,0.9354103890028372,0.4677051945014186,0.5322948054985814
2023-01-04,90.39142607326262,90.61985856765916,87.20324468518812,88.1070556640625,27046500,0.0,0.0,0.0006587706708188198,-0.9832763671875,-1.0,-0.9832763671875,0.0,0.0,0.0933655659086875,0.9533172170456563,0.04668278295434375
2023-01-05,87.4714039847467,87.61045182410166,85.97166505737383,86.18023681640625,23136100,0.0,0.0,0.000551201423879503,-2.91009521484375,-1.0,-2.91009521484375,0.0,0.0,0.8178053160123573,0.5910973419938214,0.40890265800617864
2023-01-06,86.76623304587501,87.86868921535695,84.98839839038199,87.56079864501953,26612600,0.0,0.0,0.0006441833793797863,1.3805618286132812,-1.0,-1.5295333862304688,0.0,0.0,0.22591936247146865,0.5,0.5
2023-01-09,88.58876121895915,90.21265061112892,87.977943358204,88.19644927978516,22996700,0.0,0.0,0.0005606981404040259,2.0162124633789062,1.0,0.635650634765625,2.6021987870272625,1.6657443547374322,0.1727106218488991,0.9192274882931657,0.0807725117068343
2023-01-10,86.13057717100705,88.86684908292186,86.11070886486436,88.6334457397461,22855600,0.0,0.0,0.0005600189913524209,2.4532089233398438,-1.0,0.4369964599609375,0.0,0.0,0.0816277668777441,0.04081388343887205,0.959186116561128
2023-01-11,89.44788285939553,91.8216380363287,89.13005812040355,91.6329345703125,25998800,0.0,0.0,0.0006585934288657293,5.45269775390625,1.0,2.9994888305664062,0.0,0.0,2.0,1.0,0.0
2023-01-12,91.7719839493901,91.99048988187712,89.95442014101864,91.28531646728516,22754200,0.0,0.0,0.0005742156058222586,-0.34761810302734375,1.0,2.6518707275390625,0.0,0.0,2.0,0.5,0.5
2023-01-13,90.90590052069729,92.3480349931437,90.31196544351118,92.16925811767578,18630700,0.0,0.0,0.00047470932113411444,0.883941650390625,1.0,3.5358123779296875,0.0,0.0,2.0,1.0,0.0
2023-01-17,92.14939627737728,92.33810731959731,90.22257954851013,91.53361511230467,22935800,0.0,0.0,0.0005803727365202615,-0.635643005371108,-1.0,-0.635643005371108,0.0,0.0,0.03231827120360254,0.9838408643981987,0.01615913560180127
2023-01-18,92.30831604596712,92.95190680596517,90.7787820725718,91.15619659423828,19641600,0.0,0.0,0.0004949662120654642,-1.0130615234375,1.0,-0.37741851806639204,0.6038718128214668,0.35531854476983593,0.011393784116774174,0.816643835556695,0.18335616444330505
2023-01-19,90.76884445169443,93.75838835723602,90.75891029747898,93.27172088623048,28707700,0.0,0.0,0.0007402201168757506,2.1155242919922017,1.0,1.7381057739258097,1.420281037638702,0.4507259308967147,2.0,1.0,0.0
2023-01-20,95.29784835455546,98.7442648281179,95.25812689297854,98.60521697998048,53704800,0.0,0.0,0.0014639474635678136,7.449020385742202,1.0,7.07160186767581,0.0,0.0,2.0,1.0,0.0
2023-01-23,98.45623772940615,100.71081340264897,98.07882321356192,100.52210235595705,31791800,0.0,0.0,0.0008834646474400424,9.365905761718764,1.0,8.988487243652372,0.0,0.0,2.0,1.0,0.0
2023-01-24,98.87338334191756,100.40290962876882,98.02915454493623,98.5356903076172,27391400,0.0,0.0,0.0007461399407861715,-1.9864120483398438,-1.0,-1.9864120483398438,0.0,0.0,0.04883885443802572,0.9755805727809871,0.02441942721901286
2023-01-25,96.5393547132768,97.05582465656556,94.61453083956604,96.0725555419922,31000900,0.0,0.0,0.0008233531288537948,-4.449546813964844,-1.0,-4.449546813964844,0.0,0.0,0.2450520544730213,0.8774739727634894,0.12252602723651065
2023-01-26,97.61201449571318,98.5356938241358,96.1619386555892,98.4860382080078,24542100,0.0,0.0,0.000668188325917014,2.4134826660155966,1.0,2.4134826660155966,0.0,0.0,0.29420957811470144,0.14710478905735072,0.8528952109426493
2023-01-27,98.37677649405538,100.88957928832752,98.29731842227046,100.0254898071289,29020400,0.0,0.0,0.000802465880124769,3.9529342651367045,1.0,3.9529342651367045,0.0,0.0,0.7892373395951361,0.39461866979756804,0.605381330202432
2023-01-30,98.07386602092168,98.73334691256424,96.85718587378216,97.28426361083984,24365100,0.0,0.0,0.0006552745319774659,-2.7412261962890625,-1.0,-2.7412261962890625,0.0,0.0,0.4808953328581344,0.7595523335709328,0.2404476664290672
2023-01-31,97.19487477620002,99.23094455612755,97.12535084885096,99.19121551513672,22306800,0.0,0.0,0.0006116781689084714,1.906951904296875,1.0,1.906951904296875,0.0,0.0,0.48393800805714726,0.24196900402857363,0.7580309959714264
2023-02-01,99.06208475800965,101.4954371374518,97.7510568409264,100.7406005859375,26392600,0.0,0.0,0.000735020084328722,3.4563369750976562,1.0,3.4563369750976562,0.0,0.0,1.5897996893234998,0.7948998446617499,0.2051001553382501
2023-02-02,106.06417570826528,108.08037708825424,105.81587489639396,108.06051635742188,46622600,0.0,0.0,0.001392759156845039,10.776252746582031,1.0,10.776252746582031,0.0,0.0,2.0,1.0,0.0
2023-02-03,102.80647556355852,107.28581698457972,102.59790378014966,104.50485229492188,36823400,0.0,0.0,0.0010638314769337292,-3.5556640625,-1.0,-3.5556640625,0.0,0.0,0.10886941944245336,0.9455652902787733,0.05443470972122668
2023-02-06,101.98707072284536,103.98837461479222,101.51530070653128,102.76673889160156,25573000,0.0,0.0,0.0007265186189912106,-5.2937774658203125,-1.0,-5.2937774658203125,0.0,0.0,0.24132139340623288,0.8793393032968836,0.12066069670311644
2023-02-07,102.92564938087828,107.931394636688,102.84420598747944,107.30567932128906,33738800,0.0,0.0,0.0010008404165515552,4.5389404296875,1.0,4.5389404296875,0.6455776521082726,0.020229633285980243,0.7351527803559548,0.3776912068209675,0.6223087931790325
2023-02-08,101.99204700031318,102.87599731116325,97.78583051352528,99.32032775878906,73546000,0.0,0.0,0.00201934115447823,-7.9853515625,-1.0,-7.9853515625,3.7294701930059944,0.21812537893091377,2.0,0.0,1.0
2023-02-09,99.85666241378208,99.92618634287976,93.222063952237,94.81118774414062,97798600,0.0,0.0,0.0025633311781853864,-12.494491577148438,-1.0,-12.494491577148438,0.0,0.0,2.0,0.0,1.0
2023-02-10,95.08927952165692,96.36057850251892,93.8875044670127,94.21526336669922,49325300,0.0,0.0,0.001284705243508871,-13.090415954589844,-1.0,-13.090415954589844,0.0,0.0,2.0,0.0,1.0
2023-02-13,94.36424323627725,94.70192870524664,93.41076902222672,94.35430908203124,43116600,0.0,0.0,0.0011246535035715286,0.13904571533201704,-1.0,-12.951370239257827,0.0,0.0,2.0,0.5,0.5
2023-02-14,94.01663467325984,94.52813380277983,92.02029377717244,94.30465698242188,42513100,0.0,0.0,0.0011083282650120245,-0.04965209960936079,-1.0,-13.001022338867188,0.0,0.0,2.0,0.0,1.0
2023-02-15,94.09607270952888,96.67839961455326,93.71865820674988,96.44003295898438,36964500,0.0,0.0,0.0009854955807029721,2.1353759765625,1.0,2.1353759765625,1.976470909306613,0.8567066698720732,0.026977002736601478,0.4418418363043374,0.5581581636956626
2023-02-16,94.89063116516736,97.21472293090793,94.324505664984,95.12899780273438,35642100,0.0,0.0,0.0009373217628518577,-1.31103515625,1.0,0.8243408203125,0.0,0.0,0.004020301307480263,0.5,0.5
2023-02-17,94.4238233666543,95.09920181318104,92.81483153234502,93.94708251953124,31095100,0.0,0.0,0.0008075840827494595,-2.492950439453139,-1.0,-1.1819152832031392,0.9038266744048542,0.13144468180248517,2.0,0.0,1.0
2023-02-21,92.60627662527452,92.78009023952438,91.37470661435744,91.42436981201172,28367200,0.0,0.0,0.0007169534203111263,-5.015663146972656,-1.0,-3.7046279907226562,0.0,0.0,2.0,0.0,1.0
2023-02-22,91.30915550653064,91.73226262187588,90.2523917422516,91.1760711669922,29891100,0.0,0.0,0.0007534167419770193,-5.263961791992173,-1.0,-3.9529266357421733,0.0,0.0,2.0,0.0,1.0
2023-02-23,91.50382002098485,91.50382002098485,89.39823381202298,90.4510269165039,32423700,0.0,0.0,0.000810753009078398,-5.989006042480469,-1.0,-4.677970886230469,0.0,0.0,2.0,0.0,1.0
2023-02-24,89.02080964166122,89.51741129495574,88.2560464297052,88.74271392822266,31295600,0.0,0.0,0.0007677653062089516,-7.697319030761719,-1.0,-6.386283874511719,0.0,0.0,2.0,0.0,1.0
2023-02-27,89.47766808068317,89.83522182062413,89.00093481245433,89.48760223388672,22724300,0.0,0.0,0.0005621676889223413,0.7448883056640625,1.0,0.7448883056640625,0.0,0.0,0.013604603020344318,0.006802301510172159,0.9931976984898279
2023-02-28,88.93141981779948,90.8284340829204,88.91155150939896,89.6862564086914,30546900,0.0,0.0,0.0007573655289521995,0.94354248046875,1.0,0.94354248046875,0.0,0.0,0.021828629879994354,0.010914314939997177,0.9890856850600028
2023-03-01,89.5472091723947,90.58013389010252,89.2393110103965,89.89482879638672,26323900,0.0,0.0,0.0006541802626550118,1.1521148681640625,1.0,1.1521148681640625,0.0,0.0,0.032545812938199636,0.016272906469099818,0.9837270935309002
2023-03-02,89.24924181574528,91.85143697598744,89.15984958576476,91.68258666992188,23328600,0.0,0.0,0.0005912729747189748,2.9398727416992188,1.0,2.9398727416992188,0.0,0.0,0.21191447588953433,0.10595723794476716,0.8940427620552328
2023-03-03,92.10965971400655,93.47035078260345,92.03020921946552,93.3809585571289,30242500,0.0,0.0,0.0007807077882419184,4.63824462890625,1.0,4.63824462890625,0.0,0.0,0.5274859083452772,0.2637429541726386,0.7362570458273614
2023-03-06,93.71865736343752,95.64547405392447,93.65906759446636,94.93036651611328,28288200,0.0,0.0,0.000742374364237976,6.187652587890625,1.0,6.187652587890625,0.0,0.0,0.9387617912896823,0.46938089564484115,0.5306191043551589
2023-03-07,94.77145712873327,95.43690152155445,93.20617230351893,93.52995300292967,24101500,0.0,0.0,0.0006231710699931819,-1.400413513183608,-1.0,-1.400413513183608,0.0,0.0,0.05122249656607924,0.9743887517169604,0.02561124828303962
2023-03-08,93.76335345004838,95.58588054037928,93.76335345004838,94.0066909790039,25395200,0.0,0.0,0.0006599680301876247,0.47673797607423296,1.0,0.47673797607423296,0.0,0.0,0.11589025306221229,0.057945126531106145,0.9420548734688938
2023-03-09,93.84777628448488,95.26805728523551,91.72729272669056,92.03022003173828,24438900,0.0,0.0,0.0006217626208610734,-1.976470947265625,-1.0,-1.976470947265625,1.478879576828362,0.5598668494585652,2.0,0.0,1.0
2023-03-10,91.87130449901218,92.546683040593,90.18286193383004,90.39143371582033,32850100,0.0,0.0,0.0008208739347242245,-3.6152572631835795,-1.0,-3.6152572631835795,0.0,0.0,2.0,0.0,1.0
2023-03-13,89.94945899985898,92.44736468511762,89.32870693935652,91.03701782226562,31508600,0.0,0.0,0.0007929752353525674,0.6455841064452983,-1.0,-2.9696731567382812,0.0,0.0,2.0,0.5,0.5
2023-03-14,92.4374329233042,94.18547289264056,92.14940305047024,93.60941314697266,32303900,0.0,0.0,0.0008359628437276757,3.2179794311523295,1.0,2.5723953247070312,1.6387898520475659,0.25934626887153645,0.7503400303031232,0.5048431495873298,0.4951568504126702
2023-03-15,92.90422467157669,96.58900749284749,92.4076230906366,95.89376831054688,38367300,0.0,0.0,0.0010171010861812339,5.502334594726548,1.0,4.85675048828125,0.0,0.0,2.0,1.0,0.0
2023-03-16,95.91364181677253,101.27694112090344,95.21840254185582,100.383056640625,54499500,0.0,0.0,0.0015123956811060762,9.991622924804673,1.0,9.346038818359375,0.0,0.0,2.0,1.0,0.0
2023-03-17,100.1546112313736,102.78660133674433,100.0652265768613,101.76360321044922,76140300,0.0,0.0,0.002142000433769458,11.372169494628892,1.0,10.726585388183594,0.0,0.0,2.0,1.0,0.0
2023-03-20,100.37312353190232,101.88279679822398,100.10496197379432,101.23721313476562,26033900,0.0,0.0,0.0007286045995940761,-0.5263900756835938,1.0,10.2001953125,0.0,0.0,2.0,0.5,0.5
2023-03-21,101.28687078275374,105.23981547486385,101.16768366482349,105.1206283569336,33122800,0.0,0.0,0.0009625592799560063,3.8834152221679688,1.0,14.083610534667969,0.0,0.0,2.0,1.0,0.0
2023-03-22,104.42538761445692,106.77928201141202,103.50170830198483,103.51164245605467,32336900,0.0,0.0,0.0009253373201716547,-1.6089859008789205,1.0,12.474624633789048,0.0,0.0,2.0,0.5,0.5
2023-03-23,105.17030042962384,106.37306821219376,104.6935670727328,105.53778839111328,31385800,0.0,0.0,0.0009157009966348253,2.026145935058608,1.0,14.500770568847656,0.0,0.0,2.0,1.0,0.0
2023-03-24,105.02130187319727,105.43845296670092,104.02809869564,105.33912658691406,25236200,0.0,0.0,0.0007348964823086622,-0.19866180419921875,-1.0,-0.19866180419921875,0.0,0.0,0.00018769235704935158,0.9999061538214753,9.384617852467579e-05
2023-03-27,104.60415352847436,104.68361159762031,101.93243467936522,102.35951232910156,25393400,0.0,0.0,0.0007185575497098368,-3.1782760620117188,-1.0,-3.1782760620117188,0.0,0.0,0.04803978681046405,0.975980106594768,0.024019893405232026
2023-03-28,102.29993425894688,102.29993425894688,99.5984202195082,100.67108154296876,24913500,0.0,0.0,0.0006933491275875169,-4.866706848144517,-1.0,-4.866706848144517,0.0,0.0,0.11263885086895843,0.9436805745655208,0.056319425434479216
2023-03-29,102.02183139107106,102.12115019310482,100.34331559980669,101.20740509033205,26148300,0.0,0.0,0.0007315908140232316,0.5363235473632812,-1.0,-4.330383300781236,0.0,0.0,0.08918062594139767,0.5,0.5
2023-03-30,100.75055004471209,100.9193927952604,99.60836467901788,100.63136291503906,25009800,0.0,0.0,0.0006957545710319572,-0.576042175292983,-1.0,-4.906425476074219,0.0,0.0,0.11448491104693598,0.942757544476532,0.05724245552346799
2023-03-31,101.01870773717609,103.48185527976156,100.75054617762976,103.29314422607422,28108000,0.0,0.0,0.0008026273180771151,2.6617813110351562,1.0,2.6617813110351562,1.3607050866567363,0.26132639275298164,0.29431630973889034,0.277821351245936,0.722178648754064
2023-04-03,101.97217963109028,104.23668191245343,101.68414976863062,104.19696044921876,20719900,0.0,0.0,0.0005968362599008887,3.5655975341797017,1.0,3.5655975341797017,0.0,0.0,0.5281219620161168,0.2640609810080584,0.7359390189919416
2023-04-04,104.1274219408047,105.37886011963424,103.8890552897312,104.40552520751952,20377200,0.0,0.0,0.0005881396859558193,3.7741622924804545,1.0,3.7741622924804545,0.0,0.0,0.591712479931309,0.2958562399656545,0.7041437600343454
2023-04-05,105.39874807885442,105.81589169039351,103.39445827274118,104.2366943359375,21864200,0.0,0.0,0.0006300379595912311,-0.16883087158201704,1.0,3.6053314208984375,0.0,0.0,0.5399579919724073,0.5,0.5
2023-04-06,105.05109737241804,108.88486226648374,104.10259409121582,108.15982818603516,34684200,0.0,0.0,0.001037075000603172,3.9231338500976562,1.0,7.528465270996094,0.0,0.0,2.0,1.0,0.0
2023-04-10,106.6601030073264,107.23616274656032,104.88226817057756,106.22309112548828,19741500,0.0,0.0,0.0005797110497281227,-1.936737060546875,1.0,5.591728210449219,0.0,0.0,1.2988580631449869,0.5,0.5
2023-04-11,106.19328543879948,106.49124943293918,104.56443277992452,105.3987274169922,18721300,0.0,0.0,0.0005454863215333067,-2.7611007690429545,-1.0,-0.8243637084960795,0.0,0.0,0.021734298151216812,0.9891328509243916,0.010867149075608406
2023-04-12,106.66010163435315,106.8557612899172,104.2565514702628,104.50485229492188,22761600,0.0,0.0,0.000657584757121145,-3.6549758911132812,-1.0,-1.7182388305664062,0.0,0.0,0.09442238167844406,0.952788809160778,0.04721119083922203
2023-04-13,105.74634776207807,107.52914571858524,105.71655287796428,107.45465850830078,21650700,0.0,0.0,0.000643146166724414,2.9498062133789062,1.0,2.9498062133789062,1.037896285646056,0.12380008512839914,2.0,1.0,0.0
2023-04-14,106.95806740235778,108.83522106124477,106.8587410088396,108.71603393554688,20758700,0.0,0.0,0.0006238874478429478,4.211181640625,1.0,4.211181640625,0.0,0.0,2.0,1.0,0.0
2023-04-17,104.71341671620785,105.98471563667432,104.60416375483597,105.69668579101562,29043400,0.0,0.0,0.0008486357457634994,-3.01934814453125,-1.0,-3.01934814453125,1.1123891231283096,0.13573351108647821,0.5140654729922378,0.675100507960642,0.32489949203935803
2023-04-18,106.2727445330839,106.32240772509635,104.06783217242112,104.40552520751952,17641400,0.0,0.0,0.0005091772891182788,-4.310508728027358,-1.0,-4.310508728027358,0.0,0.0,1.0477293480838332,0.4761353259580834,0.5238646740419166
2023-04-19,103.50666165944556,105.0064005234484,103.09448902433438,104.30619049072266,16732000,0.0,0.0,0.0004824701343531739,-4.409843444824219,-1.0,-4.409843444824219,0.0,0.0,1.0965751376173885,0.4517124311913058,0.5482875688086942
2023-04-20,103.93871754390013,106.16150529951382,103.92878339007942,105.1802215576172,22515300,0.0,0.0,0.0006546728251935045,0.8740310668945455,1.0,0.8740310668945455,0.0,0.0,0.03928324864114277,0.019641624320571385,0.9803583756794286
2023-04-21,105.36893197403585,105.91519680716492,104.76804823513352,105.1901626586914,22379000,0.0,0.0,0.0006507711594317416,0.88397216796875,1.0,0.88397216796875,0.0,0.0,0.040181934309391217,0.020090967154695608,0.9799090328453044
2023-04-24,105.32920326711393,106.5905680074884,104.64389062860116,106.05423736572266,21410900,0.0,0.0,0.0006277336983039364,1.748046875,1.0,1.748046875,0.0,0.0,0.1571302513568643,0.07856512567843214,0.9214348743215679
2023-04-25,105.88539320604784,106.70975367635846,103.8493236256496,103.89898681640624,31408100,0.0,0.0,0.0009021224119468091,-2.1552505493164205,1.0,-0.40720367431642046,0.9187246094839168,0.18170846961074827,0.05426467765498222,0.8820134263671348,0.11798657363286524
2023-04-26,104.84253034725442,106.292606151167,102.56809404530064,103.74007415771484,37068200,0.0,0.0,0.0010630667789147624,-2.3141632080078125,-1.0,-0.15891265869139204,0.0,0.0,0.008264390669161908,0.995867804665419,0.004132195334580954
2023-04-27,104.5147879436502,108.4081431113503,103.71028810752745,107.6334457397461,38235200,0.0,0.0,0.00113768781048865,3.89337158203125,1.0,3.89337158203125,1.6983894349918387,0.19029301624248046,2.0,1.0,0.0
2023-04-28,107.06731536920316,107.5539828490293,105.31927549503187,107.48445892333984,23957900,0.0,0.0,0.000711880205729183,-0.14898681640625,1.0,3.744384765625,0.0,0.0,2.0,0.5,0.5
2023-05-01,106.98786231648342,107.94133658968804,106.76935637475196,106.9779281616211,20926300,0.0,0.0,0.0006188695640189308,-0.655517578125,1.0,3.23785400390625,0.0,0.0,2.0,0.5,0.5
2023-05-02,106.92827118232437,106.99779511039644,103.78974510926528,105.25968933105467,20343100,0.0,0.0,0.0005919591156612685,-2.3737564086914205,-1.0,-1.7182388305664205,1.5295303857665914,0.4151871634510096,0.2816128930656813,0.6515999717416545,0.3484000282583455
2023-05-03,105.49804622252572,107.3950604140951,104.90212581178544,105.3987274169922,17116300,0.0,0.0,0.0004987211104603065,0.13903808593752842,1.0,0.13903808593752842,0.0,0.0,0.006547876838213594,0.003273938419106797,0.9967260615808932
2023-05-04,105.43845881135304,105.57750665771565,103.98837542350432,104.49491119384766,19780600,0.0,0.0,0.0005714090268785817,-0.9038162231445455,-1.0,-0.9038162231445455,0.0,0.0,2.0,0.0,1.0
2023-05-05,104.60415899455307,105.71654928810872,104.02710667184996,105.49307250976562,20710600,0.0,0.0,0.000603989122356848,0.9981613159179688,1.0,0.9981613159179688,0.0,0.0,1.21966680575131,0.609833402875655,0.390166597124345
2023-05-08,105.07594403813356,107.68310276845116,105.0709807494188,107.50432586669922,17266000,0.0,0.0,0.0005131332673159787,3.0094146728515625,1.0,3.0094146728515625,0.0,0.0,2.0,1.0,0.0
2023-05-09,108.04064694542788,109.8433132460124,106.99281722693271,107.20635986328124,24782400,0.0,0.0,0.000734473967388383,-0.29796600341798296,1.0,2.7114486694335795,0.0,0.0,2.0,0.5,0.5
2023-05-10,107.81222441677718,112.73851202035468,107.74270048683408,111.5168685913086,47533500,0.0,0.0,0.0014653887541943471,4.310508728027358,1.0,7.0219573974609375,0.0,0.0,2.0,1.0,0.0
2023-05-11,115.07252883414677,117.63499503069592,114.14884951109016,116.10546112060548,57115100,0.0,0.0,0.0018332263206535494,8.899101257324247,1.0,11.610549926757827,0.0,0.0,2.0,1.0,0.0
2023-05-12,116.20476992445008,117.45620802996272,115.75783153267926,117.11851501464844,31293800,0.0,0.0,0.0010132027379433893,9.912155151367202,1.0,12.623603820800781,0.0,0.0,2.0,1.0,0.0
2023-05-15,115.69823997014691,117.9875736754438,115.68831339386146,116.16504669189452,22107900,0.0,0.0,0.0007099625779033569,-0.9534683227539205,1.0,11.67013549804686,0.0,0.0,2.0,0.5,0.5
2023-05-16,116.03594351615848,120.37623709346347,116.03594351615848,119.2737808227539,32370100,0.0,0.0,0.0010673368947041592,3.108734130859389,1.0,14.77886962890625,0.0,0.0,2.0,1.0,0.0
2023-05-17,119.3631602088131,121.4488854015928,118.64805269642255,120.65432739257812,26659600,0.0,0.0,0.0008892196000808501,4.489280700683608,1.0,16.15941619873047,0.0,0.0,2.0,1.0,0.0
2023-05-18,120.73378067221154,123.0578801410531,120.66425675010092,122.68045806884766,27014500,0.0,0.0,0.0009161884606353145,6.515411376953139,1.0,18.185546875,0.0,0.0,2.0,1.0,0.0
2023-05-19,123.3558324746576,125.61934186514036,121.88589600512935,122.41229248046876,30268900,0.0,0.0,0.0010243164910586579,-0.26816558837889204,1.0,17.917381286621108,0.0,0.0,2.0,0.5,0.5
2023-05-22,122.67052808623043,126.18646828720703,122.61093074211966,125.01448822021484,29760200,0.0,0.0,0.0010285104004623543,2.6021957397460795,1.0,20.519577026367188,0.0,0.0,2.0,1.0,0.0
2023-05-23,124.08087904795757,124.56754650589102,122.21365971519508,122.4520263671875,24477900,0.0,0.0,0.0008286146882094712,-2.5624618530273438,-1.0,-2.5624618530273438,0.0,0.0,0.015594735350462113,0.9922026323247689,0.007797367675231056
2023-05-24,121.051614348733,121.91570393960008,119.92929735809948,120.81324768066406,23087900,0.0,0.0,0.0007711013912447261,-4.201240539550781,-1.0,-4.201240539550781,0.0,0.0,0.041919711623385814,0.9790401441883071,0.020959855811692907
2023-05-25,124.35896949054616,125.123740183995,122.06467256527752,123.50481414794922,33812700,0.0,0.0,0.0011544529361679995,2.6915664672851562,1.0,2.6915664672851562,0.5561936781039805,0.042701376834813995,0.4104451450851766,0.2265732609599953,0.7734267390400047
2023-05-26,123.22177136072604,125.14361734514225,122.4520372782142,124.5774917602539,25154700,0.0,0.0,0.0008663057951843975,3.7642440795898438,1.0,3.7642440795898438,0.0,0.0,0.8027872327130131,0.40139361635650656,0.5986063836434934
2023-05-30,125.43162575059866,125.52101039618728,122.05473355126482,123.79283905029295,27230700,0.0,0.0,0.0009318946609528603,-0.7846527099609517,1.0,2.979591369628892,0.009939014012701364,0.0001604470172176933,0.5029888063963462,0.9996811144682634,0.0003188855317366709
2023-05-31,122.859245471475,124.05109398083634,122.26332500556428,122.531494140625,41548800,0.0,0.0,0.0014074037676675007,-2.0459976196289062,1.0,1.7182464599609375,0.18871227264992285,0.008507266572043844,0.16726913867921095,0.9516017718084315,0.04839822819156847
2023-06-01,122.66059918074647,124.19013306768964,122.46196156531563,123.52468872070312,25017700,0.0,0.0,0.0008543063675832464,0.993194580078125,1.0,2.7114410400390625,0.0,0.0,0.4165289919961037,0.20826449599805186,0.7917355040019481
2023-06-02,123.64386936061456,125.88354751888016,123.5048215130662,124.37884521484376,19367500,0.0,0.0,0.0006659361329096016,1.8473510742187642,1.0,3.5655975341797017,0.0,0.0,0.7202935841697564,0.3601467920848782,0.6398532079151218
2023-06-05,123.7630580184978,127.12008228724162,123.53461793608714,125.76932525634766,22672500,0.0,0.0,0.0007882911237934185,3.2378311157226562,1.0,4.956077575683594,0.0,0.0,1.3916213922340845,0.6958106961170423,0.30418930388295773
2023-06-06,125.7395251650048,128.0040348542417,125.1138098691533,127.0406265258789,19450100,0.0,0.0,0.0006830884785872402,4.509132385253906,1.0,6.227378845214844,0.0,0.0,2.0,1.0,0.0
2023-06-07,126.70789980739949,128.66948226061942,121.79651010825953,122.10440826416016,34179300,0.0,0.0,0.0011537374825925978,-4.93621826171875,1.0,1.2911605834960938,1.7381078278276192,0.12398373697138827,0.09445075282916132,0.4323985324634556,0.5676014675365444
2023-06-08,121.75182893168513,122.88905098452902,121.18074004967286,121.83625030517578,24815000,0.0,0.0,0.0008358017937615398,-5.204376220703125,-1.0,-0.268157958984375,3.933069819480437,0.571118126552061,0.043134112229413185,0.6928738806092629,0.3071261193907371
2023-06-09,121.72698344283192,123.4402650484475,121.58793559912095,122.03488159179688,20304500,0.0,0.0,0.0006849971718020074,0.19863128662109375,1.0,0.19863128662109375,0.0,0.0,0.5486734286825039,0.27433671434125195,0.725663285658748
2023-06-12,122.55630329067,123.90209693619832,121.51840778424264,123.50481414794922,22255700,0.0,0.0,0.0007598670976134453,1.6685638427734375,1.0,1.6685638427734375,0.0,0.0,2.0,1.0,0.0
2023-06-13,124.79599111076249,125.00456288601804,123.003258923702,123.58428192138672,19287700,0.0,0.0,0.0006589556344135185,1.7480316162109375,1.0,1.7480316162109375,0.0,0.0,2.0,1.0,0.0
2023-06-14,122.95857004446486,123.94183917754629,121.32971725889053,123.5346221923828,24659600,0.0,0.0,0.0008421456581917736,-0.04965972900392046,-1.0,-0.04965972900392046,0.18869052535211495,2.0,0.0008070679922167418,0.0,1.0
2023-06-15,123.0380214050874,125.30253128187114,122.30305308880676,124.93504333496094,24517100,0.0,0.0,0.0008467707837986046,1.4004211425781392,1.0,1.4004211425781392,0.2979683958531041,0.045271312755749214,2.0,1.0,0.0
2023-06-16,125.83884514439914,125.83884514439914,122.94862770989351,123.21678924560548,56699200,0.0,0.0,0.0019313425735672403,-1.7182540893554545,1.0,-0.31783294677731533,0.0,0.0,0.051508690772242696,0.9742456546138787,0.025754345386121348
2023-06-20,122.69535538742387,124.32420795538468,121.99514534455513,123.00820922851562,22698000,0.0,0.0,0.0007718522643615271,-1.9268341064453125,-1.0,-0.20858001708985796,0.0,0.0,0.022183398443173383,0.9889083007784133,0.011091699221586692
2023-06-21,122.39740408124572,122.5712176823766,120.03854634396956,120.43582916259766,22612000,0.0,0.0,0.0007528477878597341,-4.499214172363281,-1.0,-2.7809600830078267,0.0,0.0,2.0,0.0,1.0
2023-06-22,119.83990242071008,123.09263685690468,118.78710187008444,123.02808380126952,20781900,0.0,0.0,0.0007068088934375583,2.592254638671861,-1.0,-0.18870544433596592,0.0,0.0,0.018157311435802913,0.5,0.5
2023-06-23,121.21054097209264,122.60102721464024,121.03176406122878,122.18387603759766,29573100,0.0,0.0,0.0009989028329954607,-0.8442077636718608,-1.0,-1.0329132080078267,0.02980953226364136,0.0012468426219046794,0.5440143354646247,0.7273694109567352,0.2726305890432647
2023-06-26,120.64042114782464,121.8858957562198,118.18124455176024,118.2805633544922,23185000,0.0,0.0,0.0007581113164158601,-4.747520446777315,-1.0,-4.936225891113281,0.0,0.0,2.0,0.0,1.0
2023-06-27,117.03906493174688,119.08009787155268,116.11539320271264,118.20111846923828,27221700,0.0,0.0,0.0008895069063466996,-4.826965332031236,-1.0,-5.015670776367202,0.0,0.0,2.0,0.0,1.0
2023-06-28,117.15826017099177,120.445760663912,116.80070637736142,120.2570571899414,19753100,0.0,0.0,0.0006566868643958419,2.055938720703125,1.0,2.055938720703125,0.0,0.0,0.16802050576950345,0.08401025288475172,0.9159897471152483
2023-06-29,119.27377117746433,120.08820509315473,118.39975507086332,119.19432067871094,18517500,0.0,0.0,0.0006101693817809533,-1.0627365112304688,1.0,0.9932022094726562,0.0,0.0,0.039211847940835244,0.5,0.5
2023-06-30,120.27691032358172,121.2005896358522,120.05840439932904,120.14779663085938,23871800,0.0,0.0,0.000792890971937071,0.9534759521484375,1.0,1.9466781616210938,0.0,0.0,0.150636518428223,0.0753182592141115,0.9246817407858885
2023-07-03,119.5022110468254,120.19745026934154,118.89139318864773,119.7405776977539,13888300,0.0,0.0,0.00045973009337295264,-0.40721893310546875,-1.0,-0.40721893310546875,0.0,0.0,0.043759022268038475,0.9781204888659808,0.021879511134019237
2023-07-05,119.24398427267846,122.53149230703713,119.24398427267846,121.79651641845705,17830300,0.0,0.0,0.0006003520696799408,2.055938720703139,1.0,2.055938720703139,1.3309026711849299,0.41905619137143246,2.0,1.0,0.0
2023-07-06,119.8200405192174,120.32657630284793,118.43948859587532,120.10807037353516,17732500,0.0,0.0,0.0005887821744721928,-1.6884460449218892,-1.0,-1.6884460449218892,0.4519045927724079,0.07163398903125937,0.6744566519702604,0.6269546794992401,0.3730453205007599
2023-07-07,120.06834300613164,120.92249842668345,119.27377735711704,119.3234405517578,20997700,0.0,0.0,0.0006926438598848653,-2.473075866699247,1.0,-0.784629821777358,0.0,0.0,0.14564959763047788,0.927175201184761,0.07282479881523894
2023-07-10,118.2607124874439,118.2607124874439,115.8472282498414,116.07566833496094,32960100,0.0,0.0,0.0010576505716006898,-5.720848083496108,-1.0,-3.247772216796861,0.0,0.0,2.0,0.0,1.0
2023-07-11,115.96641022723789,117.42144930905464,115.04273092843452,116.90995025634766,18286600,0.0,0.0,0.0005910128667430997,0.8342819213867188,-1.0,-2.413490295410142,0.0,0.0,1.378068424387468,0.5,0.5
2023-07-12,118.48915157925278,120.13786504538716,118.1911875711668,118.80697631835938,22059600,0.0,0.0,0.0007245228239509896,2.7313079833984375,1.0,1.8970260620117188,1.877152557943262,0.47234333421493413,0.6178107788492848,0.5450770565321095,0.45492294346789053
2023-07-13,120.71392025078217,124.48312465153188,120.23717937113332,123.98155975341795,31535900,0.0,0.0,0.0010808733782680226,7.905891418457017,1.0,7.071609497070298,0.0,0.0,2.0,1.0,0.0
2023-07-14,124.27951655588176,126.22619396349738,124.05108405803249,124.84564208984376,20499800,0.0,0.0,0.0007075147628602082,8.769973754882827,1.0,7.935691833496108,0.0,0.0,2.0,1.0,0.0
2023-07-17,125.2032023589752,126.4149115662746,123.65380767556394,124.20999908447266,20675300,0.0,0.0,0.0007099387366136049,-0.635643005371108,1.0,7.300048828125,0.0,0.0,2.0,0.5,0.5
2023-07-18,124.05605348680996,124.14047485563204,122.46196647854292,123.23666381835938,21045800,0.0,0.0,0.0007169978719615287,-1.6089782714843892,-1.0,-0.9733352661132812,1.5891175794895673,0.975465032113309,0.017777610559683313,0.5033786786635038,0.49662132133649617
2023-07-19,123.94182853457328,124.61720701529472,121.63759740814824,121.94548797607422,22313800,0.0,0.0,0.0007522319351091276,-2.9001541137695455,-1.0,-2.2645111083984375,0.0,0.0,0.09622709627389175,0.9518864518630541,0.04811354813694588
2023-07-20,121.28999084308816,123.85244962180236,117.87833232338085,118.71759033203124,27541700,0.0,0.0,0.0009038956809190149,-6.128051757812528,-1.0,-5.4924087524414205,0.0,0.0,0.5660752552599545,0.7169623723700227,0.28303762762997725
2023-07-21,120.0484703534328,120.47554802129793,118.26070160945343,119.49227142333984,56514600,0.0,0.0,0.0018668652408684735,0.774681091308608,-1.0,-4.7177276611328125,0.0,0.0,0.41765165216127936,0.5,0.5
2023-07-24,121.09730541816155,122.5116228857852,120.55501121476073,121.0516128540039,22276100,0.0,0.0,0.0007454563764020196,2.3340225219726705,1.0,1.5593414306640625,0.0,0.0,0.10924880674558177,0.05462440337279088,0.9453755966272092
2023-07-25,121.05161804712743,122.84932121103634,120.70399840025225,121.95543670654295,31820800,0.0,0.0,0.0010728147958797994,3.2378463745117188,1.0,2.463165283203111,0.0,0.0,0.27259719073827815,0.13629859536913908,0.8637014046308609
2023-07-26,129.47398685940684,130.47711676807427,127.83520742498456,128.77874755859375,46216900,0.0,0.0,0.0016453470001227934,10.061157226562514,1.0,9.286476135253906,0.0,0.0,2.0,1.0,0.0
2023-07-27,130.90419489205476,132.6919638210211,128.3019920018063,128.9873046875,35931600,0.0,0.0,0.0012812563154354882,10.269714355468764,1.0,9.495033264160156,0.0,0.0,2.0,1.0,0.0
2023-07-28,130.0798441217842,133.1587805726006,130.03018092320707,132.10597229003906,26971000,0.0,0.0,0.0009849903953016396,13.388381958007827,1.0,12.613700866699219,0.0,0.0,2.0,1.0,0.0
2023-07-31,132.1059806034311,132.9204146771228,131.23197190481045,132.20530700683594,18381900,0.0,0.0,0.0006718182279336953,13.487716674804702,1.0,12.713035583496094,0.0,0.0,2.0,1.0,0.0
2023-08-01,129.96559190968367,132.01655880705084,129.86130982399231,130.99356079101562,22154300,0.0,0.0,0.0008022698566525028,-1.2117462158203125,-1.0,-1.2117462158203125,0.16887109921475485,0.01942170334862906,0.009084997646109328,0.9857466495026308,0.014253350497369196
2023-08-02,128.9574962936874,129.53355595240706,126.98102410191628,127.76565551757812,22705800,0.0,0.0,0.0008019798017524966,-4.4396514892578125,-1.0,-4.4396514892578125,0.0,0.0,0.12195489423561093,0.9390225528821945,0.060977447117805464
2023-08-03,127.49747742715688,128.88797086379947,126.90652794626052,127.89476776123048,15018100,0.0,0.0,0.0005309825689352785,0.12911224365235796,-1.0,-4.3105392456054545,0.0,0.0,0.11496474540204141,0.5,0.5
2023-08-04,128.71915190218343,131.033302221636,127.44288204270669,127.66634368896484,20521900,0.0,0.0,0.0007242799825441564,-0.2284240722656392,1.0,-0.2284240722656392,1.4997462692289503,2.0,0.0003228384208382078,0.0,1.0
2023-08-07,128.62973657534653,131.16240767971158,128.55027850345567,131.04322814941406,17621000,0.0,0.0,0.0006383481867989394,3.3768844604492188,1.0,3.1484603881835795,2.274436815912111,0.4536441868233393,2.0,1.0,0.0
2023-08-08,130.08976847653778,131.0432503456523,129.24555473547406,130.9439239501953,16836000,0.0,0.0,0.0006094481500168128,-0.09930419921875,1.0,3.0491561889648295,0.0,0.0,2.0,0.5,0.5
2023-08-09,131.29153922235432,131.56963491821122,128.62479093757165,129.26539611816406,17745200,0.0,0.0,0.0006341261672416356,-1.77783203125,1.0,1.3706283569335795,0.0,0.0,2.0,0.5,0.5
2023-08-10,131.07302914614883,131.74542966075936,129.1511833550654,129.3249969482422,17855700,0.0,0.0,0.0006383690930742154,0.059600830078125,1.0,1.4302291870117045,0.09437138040865989,2.0,2.0,1.0,0.0
2023-08-11,128.32385517342402,129.553447468379,127.87493138116484,129.2852783203125,15205500,0.0,0.0,0.0005434533561483031,-0.0397186279296875,-1.0,-0.0397186279296875,0.749859556406804,2.0,0.0007712180791481222,0.0,1.0
2023-08-14,128.96745222367028,131.01344855968142,128.7092096711116,130.93399047851562,17526200,0.0,0.0,0.000634384644647398,1.648712158203125,1.0,1.648712158203125,0.0,0.0,2.0,1.0,0.0
2023-08-15,130.6956028366682,131.09289320176865,128.93664388435008,129.38458251953125,14769200,0.0,0.0,0.0005282651918326832,-1.549407958984375,1.0,0.09930419921875,0.0,0.0,2.0,0.5,0.5
2023-08-16,128.40132565813073,130.00832489221827,127.58690680583736,128.23248291015625,17548400,0.0,0.0,0.0006220826249615908,-2.701507568359375,-1.0,-1.152099609375,1.12230286527425,0.17258687544382165,2.0,0.0,1.0
2023-08-17,129.56336149086283,131.59048969658667,128.96744863133736,129.57330322265625,23665600,0.0,0.0,0.0008477065620301508,1.3408203125,1.0,1.3408203125,0.49759649481802626,0.13772521647224586,1.3544441521092971,0.7460846842907715,0.25391531570922854
2023-08-18,128.182813158233,128.9475839288437,126.136816821996,127.23927307128906,23627200,0.0,0.0,0.0008310859333992217,-2.3340301513671875,-1.0,-2.3340301513671875,1.4500899838413517,0.38599082487574404,2.0,0.0,1.0
2023-08-21,126.98104186120908,128.38145459011923,126.29573672899345,128.05369567871094,21851100,0.0,0.0,0.0007735313440467543,0.814422607421875,-1.0,-1.5196075439453125,0.0,0.0,1.2844633609177492,0.5,0.5
2023-08-22,128.25232612331058,130.0599479547289,128.04871766131012,128.8085174560547,15557900,0.0,0.0,0.000553997815494289,1.569244384765625,1.0,0.75482177734375,1.1123640258851992,0.5024729695154182,0.24673227386492635,0.3746026216901723,0.6253973783098277
2023-08-23,129.96065093684385,133.1587666047098,129.62295031499127,132.3046112060547,26497000,0.0,0.0,0.0009691347841037652,5.065338134765625,1.0,4.25091552734375,0.0,0.0,2.0,1.0,0.0
2023-08-24,133.81128686909997,134.05263147808955,129.4143745477862,129.53355407714844,18680400,0.0,0.0,0.0006689304227512753,-2.77105712890625,1.0,1.4798583984375,0.0,0.0,0.9483692004805788,0.5,0.5
2023-08-25,129.2554625095367,130.50689307280985,127.1697297490035,129.80172729492188,20678100,0.0,0.0,0.0007419994747875471,0.2681732177734375,-1.0,0.2681732177734375,2.4532205659877775,2.0,0.031143536288562642,1.0,0.0
2023-08-28,131.18229403641834,132.33441350474482,129.96065821754578,130.89425659179688,16715500,0.0,0.0,0.0006048566470382809,1.3607025146484375,1.0,1.092529296875,0.0,0.0,0.5168961549320022,0.2584480774660011,0.7415519225339988
2023-08-29,132.0940552941573,136.36184701971675,132.0761722999378,134.56912231445312,30803300,0.0,0.0,0.0011459222717377607,5.0355682373046875,1.0,4.76739501953125,0.0,0.0,2.0,1.0,0.0
2023-08-30,134.64860170175513,136.3171762569084,134.10332184258695,135.9993438720703,21773400,0.0,0.0,0.0008186071980303395,6.465789794921875,1.0,6.1976165771484375,0.0,0.0,2.0,1.0,0.0
2023-08-31,136.11849415514433,137.45930930885152,135.89006167504502,136.4164581298828,28147900,0.0,0.0,0.0010615128694874355,6.882904052734375,1.0,6.6147308349609375,0.0,0.0,2.0,1.0,0.0
2023-09-01,137.48910430489772,137.63809386992924,135.0160381691942,135.8701934814453,16671600,0.0,0.0,0.0006262013080751401,-0.5462646484375,1.0,6.0684661865234375,0.0,0.0,2.0,0.5,0.5
2023-09-05,135.51265363342227,136.4363253799754,134.63862992522493,135.78082275390625,17730200,0.0,0.0,0.0006655252930785468,-0.6356353759765625,-1.0,-0.0893707275390625,1.2514317498200853,2.0,0.00021688659669419878,0.0,1.0
2023-09-06,136.0837288186092,136.5455646455554,133.77453452880073,134.4499053955078,15814300,0.0,0.0,0.0005877910500344252,-1.966552734375,-1.0,-1.4202880859375,0.0,0.0,0.054776592839055754,0.9726117035804721,0.027388296419527877
2023-09-07,133.6851606603438,135.65169880997274,133.04951120010622,135.27427673339844,16976000,0.0,0.0,0.000634838244474651,0.824371337890625,-1.0,-0.595916748046875,0.0,0.0,0.009643025380132713,0.5,0.5
2023-09-08,134.94652439525694,136.58034802933074,134.94652439525694,136.26748657226562,17810700,0.0,0.0,0.0006709431586610432,1.8175811767578125,1.0,0.9932098388671875,0.03478338377533419,0.000366231776931465,2.0,1.0,0.0
2023-09-11,136.4462639816068,137.3242583003249,135.62190348575507,136.80381774902344,17180800,0.0,0.0,0.0006497616791211443,2.353912353515625,1.0,1.529541015625,0.0,0.0,2.0,1.0,0.0
2023-09-12,136.1979651285559,136.70449332504472,135.00610911668778,135.14517211914062,15212900,0.0,0.0,0.0005683620095224213,-1.6586456298828125,-1.0,-1.6586456298828125,0.0,0.0,1.1759394572937163,0.41203027135314185,0.5879697286468581
2023-09-13,134.97631370670078,136.76408256246793,134.01290535540068,136.56544494628906,16394900,0.0,0.0,0.000618959297531922,1.4202728271484375,-1.0,-0.238372802734375,0.0,0.0,0.024287966263250724,0.5,0.5
2023-09-14,137.4494058127637,138.60152529250038,136.128443588509,138.0453338623047,19064600,0.0,0.0,0.0007275484569208028,2.9001617431640625,1.0,1.479888916015625,1.8970319674556606,0.42786312622207734,2.0,1.0,0.0
2023-09-15,137.8566175062994,138.41280891510462,136.247617896451,137.36001586914062,48958800,0.0,0.0,0.0018591035995320117,-0.6853179931640625,1.0,0.7945709228515625,0.0,0.0,2.0,0.5,0.5
2023-09-18,136.69455616317524,138.97891131384375,136.69455616317524,138.01551818847656,16233600,0.0,0.0,0.0006193772590921079,0.6555023193359375,1.0,1.4500732421875,0.0,0.0,2.0,1.0,0.0
2023-09-19,137.31035385156648,138.22906991920226,136.56545138944225,137.88641357421875,15479100,0.0,0.0,0.0005900375846763554,-0.1291046142578125,-1.0,-0.1291046142578125,0.0,0.0,0.007926904964062917,0.9960365475179686,0.003963452482031458
2023-09-20,137.88641948928324,137.89634606670882,133.60571558145466,133.67523193359375,21473500,0.0,0.0,0.0007935353490517374,-4.3402862548828125,-1.0,-4.3402862548828125,0.0,0.0,2.0,0.0,1.0
2023-09-21,131.49017647055624,132.28474209437664,130.19900922623293,130.46717834472656,22058400,0.0,0.0,0.0007955871730643055,-7.54833984375,-1.0,-7.54833984375,0.0,0.0,2.0,0.0,1.0
2023-09-22,130.7850108431209,132.10597312722533,129.62296473343812,130.35794067382812,17348700,0.0,0.0,0.0006251970542455166,-7.6575775146484375,-1.0,-7.6575775146484375,0.0,0.0,2.0,0.0,1.0
2023-09-25,129.88118903755412,131.32133067237535,129.1462132005402,131.27166748046875,14650000,0.0,0.0,0.0005316442504292922,0.913726806640625,-1.0,-6.7438507080078125,0.0,0.0,2.0,0.5,0.5
2023-09-26,130.0242139812398,130.51187411815656,127.3187292512261,128.57015991210938,20378800,0.0,0.0,0.0007243213490995126,-2.701507568359375,-1.0,-9.445358276367188,0.0,0.0,2.0,0.0,1.0
2023-09-27,128.5602231189376,130.82472517586547,128.5006333524518,130.56649780273438,18764200,0.0,0.0,0.0006772894383803563,1.996337890625,1.0,1.996337890625,0.0,0.0,0.044671571170183146,0.022335785585091573,0.9776642144149085
2023-09-28,129.8017402418512,133.26801002061293,129.8017402418512,132.22515869140625,18201400,0.0,0.0,0.0006653212361503992,3.654998779296875,1.0,3.654998779296875,0.0,0.0,0.14973992128539546,0.07486996064269773,0.9251300393573023
2023-09-29,133.1686964741104,133.97318869928992,130.42746090033583,130.953857421875,23237300,0.0,0.0,0.0008412332993260305,-1.27130126953125,1.0,2.383697509765625,0.0,0.0,0.0636891442436138,0.5,0.5
2023-10-02,131.25678945849825,134.44000806118913,131.1674047928885,134.2512969970703,19210400,0.0,0.0,0.000712963657621502,3.2974395751953125,1.0,5.6811370849609375,0.0,0.0,0.36177092950667655,0.18088546475333828,0.8191145352466618
2023-10-03,134.01290819587905,134.320813935823,131.91229300652276,132.3939971923828,19628700,0.0,0.0,0.0007184099302069958,-1.8572998046875,1.0,3.8238372802734375,0.0,0.0,0.16389357705621532,0.5,0.5
2023-10-04,132.75154994809577,135.64177504098322,132.52310228908374,135.34381103515625,22848000,0.0,0.0,0.0008548680504950949,2.9498138427734375,1.0,6.773651123046875,0.0,0.0,0.5142908256563352,0.2571454128281676,0.7428545871718324
2023-10-05,135.20476745759348,135.57224782184414,133.54114893132785,135.0657196044922,15922900,0.0,0.0,0.0005945382483605597,-0.2780914306640625,1.0,6.4955596923828125,0.0,0.0,0.47292936869783886,0.5,0.5
2023-10-06,134.0228601531263,138.2400036865355,134.0228601531263,137.78709411621094,20826700,0.0,0.0,0.0007933073850333183,2.72137451171875,1.0,9.216934204101562,0.0,0.0,0.9522173766890313,0.47610868834451564,0.5238913116554844
2023-10-09,137.05211795696582,139.01865609163104,135.77087731470144,138.55184936523438,16599100,0.0,0.0,0.0006357836616454007,3.4861297607421875,1.0,9.981689453125,0.0,0.0,1.1167892792545786,0.5583946396272893,0.4416053603727107
2023-10-10,138.561781577511,139.78343250100227,137.48912023631527,138.25389099121094,19554900,0.0,0.0,0.0007473868582483872,-0.2979583740234375,1.0,9.683731079101562,0.0,0.0,1.0511109704083155,0.5,0.5
2023-10-11,138.89947584332884,141.25336261602536,138.889534111917,140.7368927001953,20146300,0.0,0.0,0.0007838189333238,2.483001708984375,1.0,12.166732788085938,0.0,0.0,1.659247102531805,0.8296235512659025,0.17037644873409752
2023-10-12,141.19375640218746,141.4122622967003,138.50216933163898,139.33645629882812,18173100,0.0,0.0,0.000700013268995119,-1.4004364013671875,1.0,10.76629638671875,0.0,0.0,1.29925917024804,0.5,0.5
2023-10-13,139.69403013316338,140.37934279597587,137.0322527150799,137.6381072998047,19438700,0.0,0.0,0.000739636617898686,-3.098785400390625,-1.0,-1.6983489990234375,1.8572813968370951,0.35922984846732503,0.024884058658682352,0.8079430464369963,0.1920569535630037
2023-10-16,138.78028158651918,139.9472984001884,138.37307978447413,139.53512573242188,17345600,0.0,0.0,0.0006690912801126384,1.8970184326171875,-1.0,0.19866943359375,0.0,0.0,0.013683847577993376,0.006841923788996688,0.9931580762110033
2023-10-17,139.07825644802168,140.28996568260703,137.58746642254545,140.03173828125,17424000,0.0,0.0,0.000674507584156301,2.3936309814453125,-1.0,0.695281982421875,0.0,0.0,0.1675977064927541,0.08379885324637705,0.916201146753623
2023-10-18,139.79335345416348,141.02493090489875,137.76225468439802,138.33334350585938,18304900,0.0,0.0,0.000700014005886696,-1.698394775390625,1.0,-1.698394775390625,0.6108251000761129,0.1293470294487671,2.0,0.0,1.0
2023-10-19,138.84983443006533,140.04664631187856,137.65799341473772,138.035400390625,21831200,0.0,0.0,0.000833068249255965,-1.996337890625,-1.0,-0.297943115234375,0.0,0.0,0.18363047529093213,0.9081847623545339,0.09181523764546606
2023-10-20,137.64805562544203,138.09499412460977,135.3189924390768,135.81063842773438,24970300,0.0,0.0,0.0009374973434766044,-4.221099853515625,-1.0,-2.522705078125,0.0,0.0,2.0,0.0,1.0
2023-10-23,135.30407516137225,138.07512072917788,134.1916923655936,136.9627227783203,20780700,0.0,0.0,0.0007868193804641649,1.1520843505859375,-1.0,-1.3706207275390625,0.0,0.0,2.0,0.5,0.5
2023-10-24,138.21416643365018,139.75363448575294,137.8069494682728,139.16763305664062,26535200,0.0,0.0,0.0010208762516865596,3.35699462890625,1.0,2.2049102783203125,1.6586403611431706,0.2441198900621709,2.0,1.0,0.0
2023-10-25,128.88799540941807,129.21575431429392,125.23299941526156,125.8090591430664,58796100,0.0,0.0,0.0020449040226759667,-13.358573913574219,-1.0,-13.358573913574219,8.95869295033205,0.44974786272786915,2.0,0.0,1.0
2023-10-26,123.62401133186098,124.60728044031188,121.48862280135486,122.60101318359376,33907400,0.0,0.0,0.0011492143590429481,-16.56661987304686,-1.0,-16.56661987304686,0.0,0.0,2.0,0.0,1.0
2023-10-27,123.18699459977336,123.59421155863208,120.63446261844938,122.561279296875,37367700,0.0,0.0,0.0012660829141360624,-16.606353759765625,-1.0,-16.606353759765625,0.0,0.0,2.0,0.0,1.0
2023-10-30,123.6140763386334,125.6898750840977,123.03801663151516,124.8953094482422,24165600,0.0,0.0,0.0008343652455894428,2.3340301513672017,1.0,2.3340301513672017,1.0825946437858107,0.21513884070244296,0.019754423198834078,0.11744663195063852,0.8825533680493615
2023-10-31,125.41177268720156,125.6998025427816,123.08271740055687,124.44837188720705,21123400,0.0,0.0,0.0007267173639445318,-0.44693756103515625,1.0,1.8870925903320455,0.0,0.0,0.01291331806344566,0.5,0.5
2023-11-01,124.48809525006872,126.8717846332126,124.07592255785823,126.70294189453124,26536600,0.0,0.0,0.0009294894651398737,2.2545700073241903,1.0,4.141662597656236,0.0,0.0,0.06220150049769569,0.031100750248847845,0.9688992497511522
2023-11-02,128.67941253152986,129.20580904934013,127.23927082893424,127.7060775756836,24091700,0.0,0.0,0.0008505336635393579,3.2577056884765483,1.0,5.144798278808594,0.0,0.0,0.09598163240764862,0.04799081620382431,0.9520091837961757
2023-11-03,128.21260303853958,129.8414557513251,128.1331449604673,129.48390197753906,19529400,0.0,0.0,0.0006990643802777132,5.035530090332017,1.0,6.9226226806640625,0.0,0.0,0.17377718234225395,0.08688859117112697,0.913111408828873
2023-11-06,129.3349436915877,130.665832566441,129.04690622824918,130.55657958984375,15360400,0.0,0.0,0.000554387952261847,6.1082077026367045,1.0,7.99530029296875,0.0,0.0,0.23180403380603834,0.11590201690301917,0.8840979830969808
2023-11-07,131.08293283619858,132.37409981783887,130.24864592070512,131.5000762939453,19223800,0.0,0.0,0.0006988399744897718,7.051704406738267,1.0,8.938796997070312,0.0,0.0,0.2897407488263637,0.14487037441318185,0.8551296255868182
2023-11-08,131.46038641793334,132.63235901096158,131.26174879344643,132.35426330566406,15093600,0.0,0.0,0.0005522595902981822,7.905891418457017,1.0,9.792984008789062,0.0,0.0,0.34776151569667485,0.17388075784833742,0.8261192421516625
2023-11-09,132.45358472640288,133.04951273258644,130.6161526699025,130.79493713378906,17976500,0.0,0.0,0.0006499928321004282,-1.559326171875,1.0,8.233657836914062,0.0,0.0,0.2458312332153676,0.5,0.5
2023-11-10,130.63601607853604,133.35739831059152,129.9804983273355,133.14881896972656,20872900,0.0,0.0,0.0007683031361169614,2.3538818359375,1.0,10.587539672851562,1.2812504661109188,0.29627755876751016,0.4064821984269024,0.3513798785972063,0.6486201214027937
2023-11-13,132.45357851251777,133.1984809077617,131.8675922654779,132.73167419433594,16409900,0.0,0.0,0.0006021337934766442,-0.417144775390625,1.0,10.170394897460938,0.0,0.0,0.37508272415733895,0.5,0.5
2023-11-14,134.7280121486915,136.30721680296887,134.18176249600617,134.50950622558594,22317300,0.0,0.0,0.0008298643816521413,1.77783203125,1.0,11.948226928710938,0.0,0.0,0.5176763851327381,0.25883819256636903,0.741161807433631
2023-11-15,135.71130664166537,135.90994428285046,134.41021266356032,135.4530792236328,15840900,0.0,0.0,0.0005931728017119443,2.721405029296875,1.0,12.891799926757812,0.0,0.0,0.6026685702063421,0.30133428510317106,0.6986657148968289
2023-11-16,136.0291296706895,137.93607817454426,135.1551059232679,137.75729370117188,17615100,0.0,0.0,0.00067082958887106,5.0256195068359375,1.0,15.196014404296875,0.0,0.0,0.8373573224635915,0.41867866123179576,0.5813213387682042
2023-11-17,136.88328583703222,137.0620551562761,134.55917860130444,136.00926208496094,25565300,0.0,0.0,0.0009612400838007444,-1.7480316162109375,-1.0,-1.7480316162109375,0.0,0.0,0.013232416848224968,0.9933837915758875,0.006616208424112484
2023-11-20,134.57903968756656,137.4841622099929,134.56911311094566,136.9825897216797,19569400,0.0,0.0,0.0007410634222983051,0.97332763671875,1.0,0.97332763671875,0.0,0.0,0.3100412956885034,0.1550206478442517,0.8449793521557483
2023-11-21,137.00243982656912,138.0204669553228,136.76903648882035,137.6778106689453,17648100,0.0,0.0,0.0006716985366073651,1.668548583984375,1.0,1.668548583984375,0.0,0.0,0.911127483071753,0.4555637415358765,0.5444362584641236
2023-11-22,138.15455333250867,140.14095947586566,138.05522696331036,139.06829833984375,17306400,0.0,0.0,0.0006653457280022397,3.0590362548828125,1.0,3.0590362548828125,0.0,0.0,2.0,1.0,0.0
2023-11-24,138.59158384910427,138.72766131128793,136.53566086855264,137.2805633544922,8828600,0.0,0.0,0.0003350529053100332,-1.7877349853515625,-1.0,-1.7877349853515625,0.23337562026770797,0.01704137730343024,0.34153642653439115,0.8207110980810893,0.1792889019189107
2023-11-27,136.63497628544607,138.68097252431508,136.6051662457298,137.11170959472656,17886400,0.0,0.0,0.0006779692237369894,-1.9565887451171875,-1.0,-1.9565887451171875,0.0,0.0,0.40910035248877596,0.795449823755612,0.20455017624438798
2023-11-28,136.69454928636367,137.71754728030675,136.10854793185868,137.6778106689453,17046900,0.0,0.0,0.0006488164609046919,0.56610107421875,-1.0,-1.3904876708984375,0.0,0.0,0.20661651715692317,0.5,0.5
2023-11-29,138.04035268879304,138.72069448225272,135.36863355280897,135.47291564941406,21014700,0.0,0.0,0.0007870243460949979,-2.20489501953125,-1.0,-3.5953826904296875,0.03972195793764399,0.00032455287561818324,1.3814049190192823,0.30913526405254976,0.6908647359474502
2023-11-30,135.47292076448537,136.0291273292303,131.8874563324484,133.00978088378906,29913500,0.0,0.0,0.0010999255823599713,-4.66802978515625,-1.0,-6.0585174560546875,0.0,0.0,2.0,0.0,1.0
2023-12-01,132.4138641357422,132.59263344572554,131.2537883158629,132.4138641357422,24268000,0.0,0.0,0.0008883414782947225,-5.263946533203125,-1.0,-6.6544342041015625,0.0,0.0,2.0,0.0,1.0
2023-12-04,130.40163011784776,130.5565604849325,128.5204908490656,129.7421417236328,24117100,0.0,0.0,0.000865005047784931,-7.9356689453125,-1.0,-9.326156616210938,0.0,0.0,2.0,0.0,1.0
2023-12-05,129.48389859735832,132.63235097777428,128.84824914445224,131.49017333984375,19235100,0.0,0.0,0.0006991981028369644,1.7480316162109375,1.0,1.7480316162109375,0.03971753204874062,0.0005162569872272245,0.03513121402601079,0.017823735506619007,0.982176264493381
2023-12-06,131.9967073945423,132.40392436898622,130.4175178459377,130.5366973876953,16360600,0.0,0.0,0.000590397272290431,-0.9534759521484375,1.0,0.7945556640625,0.0,0.0,0.007258439262231794,0.5,0.5
2023-12-07,135.6715705006872,139.04845550081836,135.30407499140995,137.5089874267578,38419400,0.0,0.0,0.001460475100415848,6.9722900390625,1.0,7.766845703125,0.0,0.0,0.6935598535851483,0.34677992679257413,0.6532200732074258
2023-12-08,134.7379535322421,137.05211887182605,134.6485688789512,135.71128845214844,23016100,0.0,0.0,0.0008634957500771874,-1.797698974609375,-1.0,-1.797698974609375,0.0,0.0,0.0535728297152093,0.9732135851423953,0.02678641485760465
2023-12-11,132.91046108352194,133.87385425633943,131.98677421586547,133.7844696044922,24502900,0.0,0.0,0.0009062242588334211,-3.724517822265625,-1.0,-3.724517822265625,0.0,0.0,0.22995918379846364,0.8850204081007682,0.11497959189923182
2023-12-12,132.36419386230722,133.62555100659748,131.92718203228492,132.73167419433594,26584000,0.0,0.0,0.0009754553510858147,-4.777313232421875,-1.0,-4.777313232421875,0.0,0.0,0.37833635890119144,0.8108318205494043,0.18916817945059572
2023-12-13,133.6305371126579,133.86394049599028,132.04637662569377,133.0594482421875,25414500,0.0,0.0,0.0009348453733252717,0.3277740478515625,1.0,0.3277740478515625,0.0,0.0,0.004707406406646124,0.002353703203323062,0.9976462967966769
2023-12-14,133.85401420402098,134.1172124747159,130.1692232592123,132.294677734375,29619100,0.0,0.0,0.001083245080988493,-0.7647705078125,1.0,-0.4369964599609375,1.7579587730726303,2.0,1.7774881279119308,0.0,1.0
2023-12-15,132.0165831357041,133.9136051092364,131.72856084188126,132.93032836914062,58594000,0.0,0.0,0.002153226515266434,0.635650634765625,1.0,0.1986541748046875,0.04966461324613647,0.006104599062291526,0.20665197254388826,0.10637828580308989,0.89362171419691
2023-12-18,132.95016964853528,137.4394519740675,132.8607850053577,136.25753784179688,25699800,0.0,0.0,0.0009680611143833086,3.962860107421875,1.0,3.5258636474609375,0.0,0.0,2.0,1.0,0.0
2023-12-19,137.06205056459726,137.82682132203928,136.51578573785298,137.161376953125,20661000,0.0,0.0,0.000783421829867713,4.86669921875,1.0,4.4297027587890625,0.0,0.0,2.0,1.0,0.0
2023-12-20,139.37621401279182,142.10553763734032,138.46246884060355,138.7107696533203,33507300,0.0,0.0,0.0012848786428852046,6.4160919189453125,1.0,5.979095458984375,0.0,0.0,2.0,1.0,0.0
2023-12-21,139.81321410826092,141.06464464326694,139.51823567733925,140.83621215820312,18101500,0.0,0.0,0.0007047602412456191,8.541534423828125,1.0,8.104537963867188,0.0,0.0,2.0,1.0,0.0
2023-12-22,141.16396800465304,142.276350678659,141.0894656446338,141.7499542236328,18513500,0.0,0.0,0.000725477508123285,9.455276489257812,1.0,9.018280029296875,0.0,0.0,2.0,1.0,0.0
2023-12-26,142.0081899352895,142.96664254548668,141.53145664055373,141.8492889404297,11170100,0.0,0.0,0.00043802280212291295,9.554611206054688,1.0,9.11761474609375,0.0,0.0,2.0,1.0,0.0
2023-12-27,141.85922010559463,142.34589514736865,140.09230463692492,140.47866821289062,17288400,0.0,0.0,0.0006713943441453709,-1.3706207275390625,-1.0,-1.3706207275390625,0.9971610077088826,0.5292927985659368,0.022598109837402992,0.7240545457983301,0.2759454542016699
2023-12-28,140.88589634779512,141.3030399216425,139.87083940722655,140.31976318359375,12192500,0.0,0.0,0.00047295966221275757,-1.5295257568359375,-1.0,-1.5295257568359375,0.0,0.0,0.02814175088427453,0.9859291245578627,0.014070875442137264
2023-12-29,139.7238366196853,140.47370998040037,138.9491392378536,139.97213745117188,14881000,0.0,0.0,0.0005758192852764347,-1.8771514892578125,-1.0,-1.8771514892578125,0.0,0.0,0.04238734057370656,0.9788063297131467,0.02119367028685328
2024-01-02,138.65118681417778,139.65928755799916,136.80382806901335,138.6114501953125,20071900,0.0,0.0,0.0007691305939408126,-3.2378387451171875,-1.0,-3.2378387451171875,0.0,0.0,0.1261095442079608,0.9369452278960196,0.0630547721039804
2024-01-03,137.6579736317779,140.13103997328284,137.48911574634155,139.406005859375,18974300,0.0,0.0,0.0007312396668030129,0.7945556640625,1.0,0.7945556640625,0.0,0.0,0.06021964964211935,0.030109824821059675,0.9698901751789403
2024-01-04,138.89947135773542,139.6791243393909,137.07196598114118,137.1017608642578,18253300,0.0,0.0,0.000691826063237157,-2.3042449951171875,-1.0,-2.3042449951171875,0.0,0.0,2.0,0.0,1.0
2024-01-05,137.41165910690393,137.8665387934094,135.91986893728313,136.45619201660156,15439500,0.0,0.0,0.0005824236132234325,-2.9498138427734375,-1.0,-2.9498138427734375,0.0,0.0,2.0,0.0,1.0
2024-01-08,137.06202649489555,139.68408204772527,136.94284697365487,139.5748291015625,17645300,0.0,0.0,0.0006808456172166007,3.1186370849609375,1.0,3.1186370849609375,0.004957708334359268,2.5271572639594454e-06,1.1177391407926371,0.5588708339749505,0.4411291660250495
2024-01-09,139.10804113423583,141.8294234239338,138.83987202032304,141.59104919433594,19579700,0.0,0.0,0.0007663979387803628,5.134857177734375,1.0,5.134857177734375,0.0,0.0,2.0,1.0,0.0
2024-01-10,141.55134799836006,143.54271044219408,141.49175822119923,142.82264709472656,16641900,0.0,0.0,0.0006570712739764966,6.366455078125,1.0,6.366455078125,0.0,0.0,2.0,1.0,0.0
2024-01-11,143.91020741940042,145.66321077196457,141.24841449088498,142.6935272216797,17471100,0.0,0.0,0.0006891869062123071,-0.129119873046875,1.0,6.237335205078125,0.0,0.0,2.0,0.5,0.5
2024-01-12,143.35895478755444,143.75624518425926,142.38561983701592,143.2596435546875,13998700,0.0,0.0,0.0005544010799459436,0.5661163330078125,1.0,6.8034515380859375,0.0,0.0,2.0,1.0,0.0
2024-01-16,142.45514726369032,144.8487709416046,142.08369624783842,143.10073852539062,19198900,0.0,0.0,0.0007595051385879205,-0.158905029296875,1.0,6.6445465087890625,0.0,0.0,2.0,0.5,0.5
2024-01-17,141.93869155221338,142.43529321729977,139.5549944667506,141.9188232421875,17884500,0.0,0.0,0.0007016641686657297,-1.3408203125,-1.0,-1.181915283203125,2.8306253702653237,2.0,0.03164040294952982,0.0,1.0
2024-01-18,142.4650790244781,144.5955042753339,142.3756943676789,144.00454711914062,18876800,0.0,0.0,0.0007514793915314664,2.085723876953125,1.0,2.085723876953125,0.0,0.0,2.0,1.0,0.0
2024-01-19,145.3105873548029,147.03379551838088,144.8090300426916,146.9642791748047,27181000,0.0,0.0,0.001104306718333733,5.0454559326171875,1.0,5.0454559326171875,0.0,0.0,2.0,1.0,0.0
2024-01-22,147.69927327225247,148.9953963381963,146.5769486642882,146.70606994628906,21829200,0.0,0.0,0.0008853161727448185,-0.258209228515625,1.0,4.7872467041015625,0.0,0.0,2.0,0.5,0.5
2024-01-23,146.7159670790229,147.84821803718447,146.1895706343122,147.66943359375,14113600,0.0,0.0,0.0005761570875550515,0.9633636474609375,-1.0,0.9633636474609375,0.0,0.0,0.6643666313969042,0.3321833156984521,0.6678166843015478
2024-01-24,149.2685048179238,150.5398188783834,148.82156640127982,149.32810974121094,19245000,0.0,0.0,0.0007944598939113143,2.622039794921875,1.0,1.6586761474609375,0.0,0.0,1.9694751330634106,0.9847375665317053,0.0152624334682947
2024-01-25,150.7086838315605,153.70814707763748,150.19221383912398,152.59576416015625,21495100,0.0,0.0,0.0009067643623735792,5.8896942138671875,1.0,4.92633056640625,0.0,0.0,2.0,1.0,0.0
2024-01-26,151.83099045923157,153.06256806252554,151.76147410574225,152.74473571777344,19494500,0.0,0.0,0.0008231724879965731,6.038665771484375,1.0,5.0753021240234375,0.0,0.0,2.0,1.0,0.0
2024-01-29,152.59575670927472,154.14515145585057,151.8806491100736,153.78759765625,20909300,0.0,0.0,0.0008889417453294452,7.0815277099609375,1.0,6.1181640625,0.0,0.0,2.0,1.0,0.0
2024-01-30,152.96323229065618,153.98623046062033,151.73662562889228,152.009765625,26578900,0.0,0.0,0.0011169172219294909,-1.77783203125,-1.0,-1.77783203125,0.024848476849967938,0.00019535210359234606,0.08443824844316178,0.957683199726623,0.042316800273377066
2024-01-31,144.40180789169398,144.60044549414414,140.58791136637095,140.83621215820312,43908600,0.0,0.0,0.0017095287975448107,-12.951385498046875,-1.0,-12.951385498046875,0.0,0.0,2.0,0.0,1.0
2024-02-01,142.7133709079247,143.6370426138567,141.29308244456536,141.7400360107422,25526900,0.0,0.0,0.0010002374493404832,0.9038238525390625,-1.0,-12.047561645507812,0.0,0.0,2.0,0.5,0.5
2024-02-02,139.93239448377048,142.90207742784477,137.23088063991614,142.5643768310547,42136100,0.0,0.0,0.0016606490102282303,1.7281646728515625,-1.0,-11.223220825195312,0.0,0.0,2.0,0.5,0.5
2024-02-05,143.06099596259807,145.67312547842107,142.93188983968503,143.9449462890625,29254400,0.0,0.0,0.0011641263300080607,3.108734130859375,1.0,1.3805694580078125,2.036082864564378,0.4289668534130734,0.01513148343014053,0.22204916842160696,0.7779508315783931
2024-02-06,144.9679414104424,145.74263867089806,143.53772642034644,144.4216766357422,21517700,0.0,0.0,0.0008590940787576454,3.5854644775390625,1.0,1.8572998046875,0.0,0.0,0.027386025612402828,0.013693012806201414,0.9863069871937986
2024-02-07,145.12685304223172,146.00087674584566,144.22304960880777,145.68304443359375,21436100,0.0,0.0,0.00086331100654471,4.846832275390625,1.0,3.1186676025390625,0.0,0.0,0.0772152641259727,0.03860763206298635,0.9613923679370137
2024-02-08,145.97109004442805,146.60673954948905,145.4248251990445,146.21939086914062,18241300,0.0,0.0,0.00073734926407259,5.3831787109375,1.0,3.6550140380859375,0.0,0.0,0.10605791438264157,0.05302895719132079,0.9469710428086792
2024-02-09,146.94442932923687,149.67078276972947,146.4279593553154,149.19900512695312,21877700,0.0,0.0,0.0009023605179192219,8.36279296875,1.0,6.6346282958984375,0.0,0.0,0.34946056686834304,0.17473028343417152,0.8252697165658285
2024-02-12,148.5236084245168,149.56647487567028,147.5502734758104,147.7191162109375,17236100,0.0,0.0,0.0007038631043714611,-1.479888916015625,1.0,5.1547393798828125,0.0,0.0,0.21094945560773942,0.5,0.5
2024-02-13,145.07721896911178,147.03381560382212,144.12373709565372,145.3751678466797,18138500,0.0,0.0,0.0007289606635449861,-3.8238372802734375,-1.0,-2.3439483642578125,2.3042222596616853,0.3631197991300578,0.20676768023121964,0.7150562603193613,0.28494373968063874
2024-02-14,146.36837087850864,146.82525108162173,144.56570439760185,146.1399383544922,16651800,0.0,0.0,0.0006727327967962964,0.7647705078125,-1.0,-1.5791778564453125,0.0,0.0,0.09385310951574138,0.5,0.5
2024-02-15,143.4781551391971,143.77610400462038,140.91568881099957,142.96168518066406,26724300,0.0,0.0,0.0010561813442251022,-3.178253173828125,-1.0,-4.7574310302734375,0.0,0.0,0.8517881163657582,0.5741059418171208,0.4258940581828791
2024-02-16,143.22985372513244,143.49800770290975,140.55813443891583,140.79649353027344,21865100,0.0,0.0,0.0008510514222879963,-5.34344482421875,-1.0,-6.9226226806640625,0.0,0.0,1.8035487954898504,0.09822560225507482,0.9017743977449252
2024-02-20,139.9820594319501,142.35481420467525,139.84301159214073,141.23348999023438,18625600,0.0,0.0,0.0007272110305466886,0.4369964599609375,-1.0,-6.485626220703125,0.0,0.0,1.5830345975318458,0.5,0.5
2024-02-21,141.67050960638667,143.00139831132194,140.94547548430683,142.8623504638672,16440800,0.0,0.0,0.0006493117055719516,2.06585693359375,1.0,1.6288604736328125,0.0,0.0,0.06307596997982401,0.031537984989912005,0.968462015010088
2024-02-22,145.12687173983127,145.20632982813137,143.0312120205446,144.3323211669922,23024700,0.0,0.0,0.0009186922890690077,3.53582763671875,1.0,3.0988311767578125,0.0,0.0,0.22829268801843286,0.11414634400921643,0.8858536559907836
2024-02-23,143.98468830744434,144.96299419604122,143.80590382697437,144.30250549316406,14519400,0.0,0.0,0.0005792086466263976,-0.029815673828125,1.0,3.0690155029296875,0.0,0.0,0.2239207462718998,0.5,0.5
2024-02-26,142.47501364642804,142.86236233617606,137.79703448216958,137.8069610595703,33513000,0.0,0.0,0.0012767238081118873,-6.525360107421875,-1.0,-6.49554443359375,5.2341775383750075,0.6434101854470582,2.0,0.0,1.0
2024-02-27,138.46245352119294,139.53511473206024,137.55863502568292,139.14776611328125,22364000,0.0,0.0,0.0008602768119254767,1.3408050537109375,-1.0,-5.1547393798828125,0.0,0.0,2.0,0.5,0.5
2024-02-28,138.15458879525067,138.33335811960436,135.7113019435236,136.4959259033203,30628700,0.0,0.0,0.0011557416057346862,-2.6518402099609375,-1.0,-7.80657958984375,0.0,0.0,2.0,0.0,1.0
2024-02-29,137.40966750750945,138.998783519723,136.6349702311013,138.82994079589844,35485000,0.0,0.0,0.0013618850199766076,2.334014892578125,1.0,2.334014892578125,0.0,0.0,0.08938932586216078,0.04469466293108039,0.9553053370689196
2024-03-01,138.66110980787832,139.04845847886628,137.03722790932866,137.14151000976562,28551500,0.0,0.0,0.0010824562476928902,-1.6884307861328125,1.0,0.6455841064453125,0.0,0.0,0.006838865718330691,0.5,0.5
2024-03-04,135.6119797930569,135.7013796131117,131.95699871113436,133.2878875732422,43571500,0.0,0.0,0.0016054829257415894,-5.54205322265625,-1.0,-3.8536224365234375,4.677971519966945,0.7124817795828572,2.0,0.0,1.0
2024-03-05,131.8378028431057,133.10910177124268,130.65588856888178,132.8707275390625,28447600,0.0,0.0,0.001044930583828217,-5.9592132568359375,-1.0,-4.270782470703125,0.0,0.0,2.0,0.0,1.0
2024-03-06,133.327601073047,133.82420266578097,131.05315729148174,131.6590118408203,23175200,0.0,0.0,0.000843502893739556,-7.170928955078125,1.0,-1.2117156982421875,0.0,0.0,2.0,0.0,1.0
2024-03-07,132.97998556001946,134.89687575674708,131.7583497781638,134.32081604003906,24107300,0.0,0.0,0.0008951676703241976,2.66180419921875,1.0,1.4500885009765625,1.7877739855044013,0.45110019530163525,1.4321468383171423,0.9416235168093887,0.058376483190611284
2024-03-08,134.11718784246213,138.0403371616575,133.8837845014997,135.3636474609375,26495200,0.0,0.0,0.0009914749480883368,3.7046356201171875,1.0,2.492919921875,0.0,0.0,2.0,1.0,0.0
2024-03-11,136.1383962685625,139.02860662253937,136.1383962685625,137.9956817626953,22536400,0.0,0.0,0.0008597308949859834,6.336669921875,1.0,5.1249542236328125,0.0,0.0,2.0,1.0,0.0
2024-03-12,137.31035213574967,139.32655356229864,137.27063067316766,138.67103576660156,19019700,0.0,0.0,0.0007291248779898821,7.01202392578125,1.0,5.8003082275390625,0.0,0.0,2.0,1.0,0.0
2024-03-13,139.10805141246854,141.22357928560828,139.0583882165814,139.813232421875,19637000,0.0,0.0,0.0007589897511364179,8.154220581054688,1.0,6.9425048828125,0.0,0.0,2.0,1.0,0.0
2024-03-14,141.33281987289658,143.7462963997645,140.52335683159683,143.35894775390625,36117900,0.0,0.0,0.0014313959719280136,11.699935913085938,1.0,10.48822021484375,0.0,0.0,2.0,1.0,0.0
2024-03-15,142.43528232504678,143.35895407703438,140.1707801178293,141.20370483398438,41039500,0.0,0.0,0.0016019931233095096,-2.155242919921875,-1.0,-2.155242919921875,0.0,0.0,0.042226866903866504,0.9788865665480667,0.021113433451933252
2024-03-18,148.35476019656593,151.89056123673592,147.13312447877203,147.47080993652344,47676700,0.0,0.0,0.0019436799194926086,6.2671051025390625,1.0,6.2671051025390625,8.144264836971416,1.6887673317847856,2.0,1.0,0.0
2024-03-19,147.96742012514895,148.60306961691788,146.01080845492217,146.9146270751953,17748400,0.0,0.0,0.0007208364511835419,-0.556182861328125,-1.0,-0.556182861328125,0.0,0.0,0.007875919124743577,0.9960620404376282,0.0039379595623717885
2024-03-20,147.7787083842636,148.74211677188956,146.66135470166356,148.66265869140625,17730000,0.0,0.0,0.0007286569740918762,1.7480316162109375,1.0,1.7480316162109375,0.0,0.0,2.0,1.0,0.0
2024-03-21,149.29834340172894,150.27663420866105,147.00403080148968,147.7290802001953,19843900,0.0,0.0,0.0008104113569132147,-0.9335784912109375,1.0,0.814453125,0.0,0.0,2.0,0.5,0.5
2024-03-22,149.2188494615832,151.52307293140444,149.06985989329127,150.7384490966797,19252900,0.0,0.0,0.0008022924265862853,3.009368896484375,1.0,3.823822021484375,0.0,0.0,2.0,1.0,0.0
2024-03-25,149.92402778598515,150.4265853577574,147.7886468572479,150.12266540527344,15114700,0.0,0.0,0.000627275453576927,-0.61578369140625,-1.0,-0.61578369140625,0.0,0.0,0.02593349356007212,0.9870332532199639,0.01296674678003606
2024-03-26,150.21204983285332,152.1587195196345,150.00347050315952,150.66891479492188,19312700,0.0,0.0,0.0008044131275417131,0.5462493896484375,1.0,0.5462493896484375,0.6356465882300597,1.3540961745259603,0.7869109052978889,1.0,0.0
2024-03-27,151.11091133945175,151.65220528716614,149.1096074151183,150.9073028564453,16622000,0.0,0.0,0.000693435433926282,0.784637451171875,-1.0,0.2383880615234375,0.0,0.0,0.14986928618475273,0.07493464309237637,0.9250653569076236
2024-03-28,150.96688554033764,151.63232986193898,150.3014412187363,151.22511291503906,21105600,0.0,0.0,0.0008823362360385007,1.102447509765625,-1.0,0.5561981201171875,0.0,0.0,0.8158356290870701,0.40791781454353504,0.592082185456465
2024-04-01,150.798052420069,155.9329114432533,150.61926795305988,155.43630981445312,24469800,0.0,0.0,0.0010514663821058906,5.3136444091796875,1.0,4.2111968994140625,0.0,0.0,2.0,1.0,0.0
2024-04-02,153.69819466209617,154.9297720816141,152.41696920681449,154.81057739257812,17598100,0.0,0.0,0.0007531455363476499,-0.625732421875,1.0,3.5854644775390625,0.0,0.0,2.0,0.5,0.5
2024-04-03,153.8670331186225,155.48595913367262,153.08439459854063,155.3071746826172,17266200,0.0,0.0,0.0007413115748023577,0.4965972900390625,1.0,4.082061767578125,0.0,0.0,2.0,1.0,0.0
2024-04-04,154.02596042686008,155.11847489887006,150.84771308680024,150.9073028564453,24184800,0.0,0.0,0.0010089397955974219,-4.399871826171875,-1.0,-4.399871826171875,1.569256120014245,0.1272060045217605,1.1617720028820464,0.35551099629809657,0.6444890037019034
2024-04-05,150.64905828185488,153.78758411816315,150.0541305184715,152.89370727539062,16297300,0.0,0.0,0.000688839061344851,1.9864044189453125,-1.0,-2.4134674072265625,0.0,0.0,0.34956161134277824,0.5,0.5
2024-04-08,152.96819376178502,155.59024966391866,152.94336974324503,155.07875061035156,16641500,0.0,0.0,0.0007134396758249463,4.17144775390625,1.0,2.1850433349609375,0.4717747650485933,0.012790743708073106,0.8196665885278331,0.4162286661179531,0.5837713338820469
2024-04-09,156.28054634416415,158.8032760745094,155.5753653282944,157.06517028808594,21521500,0.0,0.0,0.0009344690496403363,6.157867431640625,1.0,4.1714630126953125,0.0,0.0,2.0,1.0,0.0
2024-04-10,156.80694588543082,157.08504160417482,155.1383564178868,156.58843994140625,16339200,0.0,0.0,0.0007072988973056192,-0.4767303466796875,-1.0,-0.4767303466796875,0.0,0.0,0.013060770615698257,0.9934696146921509,0.006530385307849129
2024-04-11,157.26381365474083,160.02491773519563,156.85659664699165,159.69715881347656,17841700,0.0,0.0,0.0007876729242676431,3.1087188720703125,1.0,3.1087188720703125,1.221641660686231,0.15442754597604358,2.0,1.0,0.0
2024-04-12,158.32155201468527,160.60095149877142,157.5220307276107,158.10801696777344,16989800,0.0,0.0,0.0007425995009465583,-1.589141845703125,1.0,1.5195770263671875,0.0,0.0,2.0,0.5,0.5
2024-04-15,159.1906056126344,159.7368703965435,155.08867160037272,155.2674560546875,21140900,0.0,0.0,0.0009074368348902025,-4.4297027587890625,-1.0,-2.8405609130859375,1.7679250466189274,0.1592863375639644,2.0,0.0,1.0
2024-04-16,154.58215873546226,156.16134832204972,153.9961724342877,154.93971252441406,15413200,0.0,0.0,0.0006601886513308117,-4.7574462890625,-1.0,-3.168304443359375,0.0,0.0,2.0,0.0,1.0
2024-04-17,156.12162655498005,157.60248998335425,155.0737892102677,155.81373596191406,16237800,0.0,0.0,0.0006994318801838523,0.8740234375,1.0,0.8740234375,0.0,0.0,0.07610134711167044,0.03805067355583522,0.9619493264441648
2024-04-18,155.85841840642055,157.4078130055725,155.14828174098898,156.38978576660156,14016100,0.0,0.0,0.0006059657346794841,1.4500732421875,1.0,1.4500732421875,0.0,0.0,0.209472041132676,0.104736020566338,0.895263979433662
2024-04-19,156.67780714877986,156.91618137618147,152.86391044082393,154.66160583496094,21479900,0.0,0.0,0.0009183902514966219,-1.728179931640625,-1.0,-1.728179931640625,2.209878769443776,1.635155215717287,1.420358706771802,0.0,1.0
2024-04-22,154.9496479353851,158.10307157736906,154.60203585872028,156.87646484375,17243900,0.0,0.0,0.0007478349958272585,2.2148590087890625,1.0,2.2148590087890625,0.6952585717965576,0.09853727156768198,1.6425335756649073,0.8705354236162947,0.12946457638370534
2024-04-23,157.51209151705658,159.38924495487626,156.89133951837178,158.8330535888672,16115400,0.0,0.0,0.0007076108278011394,4.17144775390625,1.0,4.17144775390625,0.0,0.0,2.0,1.0,0.0
2024-04-24,158.0087024146761,160.29307293528493,157.74054844711983,160.0050506591797,19485700,0.0,0.0,0.0008619105536016992,5.34344482421875,1.0,5.34344482421875,0.0,0.0,2.0,1.0,0.0
2024-04-25,152.3176651410188,157.2042237652319,151.72969349091787,156.87646484375,36197800,0.0,0.0,0.0015698294244315925,-3.1285858154296875,-1.0,-3.1285858154296875,5.161646027453912,2.0,0.3428100025501034,0.0,1.0
2024-04-26,174.79383076364803,175.22090085089246,170.23501671062854,172.50946044921875,56500800,0.0,0.0,0.0026945112972725856,15.63299560546875,1.0,15.63299560546875,14.927827915607537,0.9118194006213772,2.0,1.0,0.0
2024-04-29,169.60935425170206,170.2152089511597,165.92456285236162,166.75885009765625,35914600,0.0,0.0,0.0016556648183457814,-5.7506103515625,-1.0,-5.7506103515625,0.0,0.0,0.13531423043531393,0.9323428847823431,0.06765711521765697
2024-04-30,166.24236316851517,168.71542953697917,163.38193298755766,163.52098083496094,29420800,0.0,0.0,0.0013299657473723478,-8.988479614257812,-1.0,-8.988479614257812,0.0,0.0,0.3305887451326829,0.8347056274336586,0.16529437256634144
2024-05-01,165.05052638779222,167.66265606309898,163.7792273048102,164.44468688964844,25223200,0.0,0.0,0.0011466543544555428,0.9237060546875,-1.0,-8.064773559570312,0.0,0.0,0.2661337442923605,0.5,0.5
2024-05-02,165.537175485777,167.38453404353805,164.56384059343182,167.3150177001953,17041100,0.0,0.0,0.0007882156318872983,3.794036865234375,-1.0,-5.1944427490234375,0.0,0.0,0.11040621372702589,0.5,0.5
2024-05-03,168.3876803535057,168.695586105931,163.8586757426977,167.8414306640625,22767100,0.0,0.0,0.0010563780843130715,4.3204498291015625,-1.0,-4.66802978515625,1.032930042832021,0.057158903056556576,0.08916262078215278,0.3906390635977999,0.6093609364022001
2024-05-06,168.06985038462844,168.7452213009313,166.7488882811883,168.6757049560547,15147900,0.0,0.0,0.0007063459481005439,5.15472412109375,1.0,0.8342742919921875,1.3606872573932378,0.06967962127223129,0.03194114536141009,0.05081038331682069,0.9491896166831794
2024-05-07,168.96372892269463,172.29096581083274,168.84454938451893,171.80429077148438,21102400,0.0,0.0,0.0010022552776388861,8.283309936523438,1.0,3.962860107421875,0.0,0.0,0.7206929044988234,0.3603464522494117,0.6396535477505882
2024-05-08,169.58947183248637,170.7405911191765,169.36302462118348,169.99668884277344,14569900,0.0,0.0,0.0006847145053098939,-1.8076019287109375,1.0,2.1552581787109375,0.0,0.0,0.21317259239323014,0.5,0.5
2024-05-09,169.98674829449968,171.26798911041237,168.77503898793623,170.41383361816406,11937700,0.0,0.0,0.0005623905337554661,0.417144775390625,1.0,2.5724029541015625,0.0695103965827002,0.027766805333980262,0.30367620422248964,0.16572150477823494,0.834278495221765
2024-05-10,168.5366403199972,170.17541941046244,166.76873997395305,169.13255310058594,18740500,0.0,0.0,0.0008762355585998587,-1.281280517578125,-1.0,-1.281280517578125,2.594284647230438,2.0,0.24809067791654177,0.0,1.0
2024-05-13,164.71976905896994,169.78808176946214,164.63335480464102,169.73841857910156,19648600,0.0,0.0,0.00092198585456247,0.605865478515625,-1.0,-0.6754150390625,0.0,0.0,0.06893875783705879,0.5,0.5
2024-05-14,170.42375859120125,171.60567299836634,169.26171249438897,170.76144409179688,18729500,0.0,0.0,0.0008841551835626039,1.6288909912109375,1.0,1.0230255126953125,1.4302535879039056,0.7709781126823999,2.0,1.0,0.0
2024-05-15,171.1289182424168,172.8630532509762,170.86074912895955,172.69818115234375,20958200,0.0,0.0,0.0010005855781528518,3.5656280517578125,1.0,2.9597625732421875,0.0,0.0,2.0,1.0,0.0
2024-05-16,173.41331019929254,175.14147432134027,172.86704532821065,174.23765563964844,17247300,0.0,0.0,0.0008307601029406865,5.1051025390625,1.0,4.499237060546875,0.0,0.0,2.0,1.0,0.0
2024-05-17,174.35682755889388,176.28859993291974,173.79069445146914,176.08499145507812,16546400,0.0,0.0,0.0008054495707880549,6.9524383544921875,1.0,6.3465728759765625,0.0,0.0,2.0,1.0,0.0
2024-05-20,176.10489256734428,178.72694893919808,176.02047876512353,177.24708557128906,17495100,0.0,0.0,0.0008572510525030017,8.114532470703125,1.0,7.5086669921875,0.0,0.0,2.0,1.0,0.0
2024-05-21,177.18745106671037,178.59781299691733,176.10486317775027,178.3197021484375,14706000,0.0,0.0,0.0007249472163099642,9.187149047851562,1.0,8.581283569335938,0.0,0.0,2.0,1.0,0.0
2024-05-22,177.1874516248321,177.6363905213755,175.57846722864608,176.79017639160156,16189400,0.0,0.0,0.0007912275078354855,-1.5295257568359375,-1.0,-1.5295257568359375,0.4420115364774517,0.08351291050575621,0.03176940510516332,0.9423588421945402,0.05764115780545977
2024-05-23,177.5648803607011,178.6872049115101,173.35369301724543,173.8701629638672,14928400,0.0,0.0,0.0007175477704403012,-4.4495391845703125,-1.0,-4.4495391845703125,0.08939191459276685,0.0004036141716667296,0.2688596100448488,0.8653683878917422,0.13463161210825778
2024-05-24,175.32027235435393,176.0989404427279,174.00923656242995,175.13156127929688,11403600,0.0,0.0,0.0005521014523209807,1.2613983154296875,-1.0,-3.188140869140625,0.0,0.0,0.13802904976812586,0.5,0.5
2024-05-28,174.54554118185376,177.29670321864995,174.48593625775842,176.81004333496094,15655300,0.0,0.0,0.0007652103223142324,2.93988037109375,1.0,1.6784820556640625,0.0,0.0,0.27717777236503865,0.13858888618251933,0.8614111138174807
2024-05-29,175.60825812478257,177.01860487232003,175.0619933251889,176.19424438476562,15023800,0.0,0.0,0.0007317858471774318,-0.6157989501953125,1.0,1.06268310546875,0.0,0.0,0.11110472972434136,0.5,0.5
2024-05-30,175.48908689657685,175.48908689657685,172.0525969396879,172.38035583496094,18826300,0.0,0.0,0.0008971503743782745,-4.4296875,-1.0,-3.8138885498046875,2.433339318070523,0.3017582612184055,2.0,0.0,1.0
2024-05-31,172.22142715011307,173.234498647724,169.80795067192355,172.7776336669922,28085200,0.0,0.0,0.001341459413682215,0.39727783203125,-1.0,-3.4166107177734375,0.0,0.0,2.0,0.5,0.5
2024-06-03,172.69820444372203,174.66474284578092,171.2779157635658,173.23452758789062,20742800,0.0,0.0,0.0009933775272138706,0.8541717529296875,1.0,0.4568939208984375,0.0,0.0,0.01788297467544677,0.008941487337723385,0.9910585126622766
2024-06-04,173.26431114685838,173.99928703829391,172.04267534190697,173.939697265625,14066600,0.0,0.0,0.0006763949285705312,1.5593414306640625,1.0,1.1620635986328125,0.0,0.0,0.11568280128606123,0.057841400643030616,0.9421585993569694
2024-06-05,175.33513349634194,176.7603776874857,174.0985851861043,175.8665008544922,15233900,0.0,0.0,0.0007406392403352157,3.48614501953125,1.0,3.0888671875,0.0,0.0,0.8173488816244348,0.4086744408122174,0.5913255591877826
2024-06-06,176.22404181599816,177.4953558930094,176.00555104808095,177.13780212402344,14255800,0.0,0.0,0.0006980963069196211,4.7574462890625,1.0,4.36016845703125,0.0,0.0,1.628604159535943,0.8143020797679715,0.18569792023202847
2024-06-07,177.24706988766712,178.2005365812026,174.59520370576436,174.75411987304688,14716300,0.0,0.0,0.000710949168472732,-2.3836822509765625,1.0,1.9764862060546875,0.0,0.0,0.3346544294406274,0.5,0.5
2024-06-10,175.45011672149846,177.45867433844847,173.39185457486468,175.6291046142578,17099800,0.2,0.0,0.0008302330407774931,0.8749847412109375,-1.0,0.8749847412109375,2.6136964732162653,2.0,0.06558582125637445,1.0,0.0
2024-06-11,176.7129598688821,177.3791615272651,174.4458805867554,177.1802978515625,14402400,0.0,0.0,0.0007054444008211799,2.426177978515625,-1.0,2.426177978515625,0.14932311900895456,0.0037879897268097854,0.5042597627355351,0.25402387623117245,0.7459761237688276
2024-06-12,178.73143676848142,181.04823551639575,176.77259866771965,178.54251098632812,18600400,0.0,0.0,0.000918071312532048,3.78839111328125,1.0,1.362213134765625,0.0,0.0,0.15896412696339757,0.07948206348169878,0.9205179365183012
2024-06-13,176.83226789014032,177.49846952158737,175.658961630306,175.73851013183594,15956900,0.0,0.0,0.000775225336990938,-2.8040008544921875,-1.0,-2.8040008544921875,0.0,0.0,2.0,0.0,1.0
2024-06-14,174.85554617328688,177.71722886878834,174.85554617328688,177.35926818847656,12361600,0.0,0.0,0.0006060955138345672,1.620758056640625,-1.0,-1.1832427978515625,0.0,0.0,0.7544971650846266,0.5,0.5
2024-06-17,175.977133968316,178.9004768092494,175.48992027637692,177.76693725585938,15272900,0.0,0.0,0.0007505592698301382,2.0284271240234375,1.0,0.4076690673828125,1.4020072876620304,0.4777291300426859,0.11870466324194702,0.2982168966423165,0.7017831033576836
2024-06-18,177.7768709097724,177.89620124099332,174.62483569288585,175.45013427734375,15640300,0.0,0.0,0.0007585972760308284,-2.316802978515625,-1.0,-2.316802978515625,0.23071048040102937,0.009916454905851732,2.0,0.0,1.0
2024-06-20,175.70866948613414,177.7271651627615,175.46008612524582,176.7030029296875,16753200,0.0,0.0,0.0008183784750846145,1.25286865234375,-1.0,-1.063934326171875,0.0,0.0,2.0,0.5,0.5
2024-06-21,177.47858138255626,181.47777846659835,177.0510101132299,179.23854064941406,58903200,0.0,0.0,0.0029186551413665656,3.7884063720703125,1.0,2.5355377197265625,3.581577225605031,0.8937900647197983,2.0,1.0,0.0
2024-06-24,180.25277758828716,181.04824743123444,179.20872436768917,179.7655487060547,18198300,0.0,0.0,0.0009043775639317461,4.3154144287109375,1.0,3.0625457763671875,0.0,0.0,2.0,1.0,0.0
2024-06-25,180.1185452414668,184.69744673874425,180.0787634051556,184.5284118652344,18797000,0.0,0.0,0.0009588800440928529,9.078277587890653,1.0,7.825408935546903,0.0,0.0,2.0,1.0,0.0
2024-06-26,183.1562118045495,184.87640436233303,182.94741028413344,184.319580078125,13375700,0.0,0.0,0.0006815543385649103,-0.20883178710940342,1.0,7.6165771484375,0.0,0.0,2.0,0.5,0.5
2024-06-27,184.5930511306068,186.43753556757085,184.39914881090033,185.80116271972656,13025700,0.0,0.0,0.0006690552668505239,1.4815826416015625,1.0,9.098159790039062,0.0,0.0,2.0,1.0,0.0
2024-06-28,184.66760034870524,185.52272768000063,182.28616760633372,182.3806304931641,23032400,0.0,0.0,0.0011612625000955263,-3.4205322265624716,-1.0,-3.4205322265624716,0.66124267779972,0.03737097072317875,0.14134493580045562,0.9106420467381828,0.08935795326181718
2024-07-01,183.4346422914925,184.28976971985225,181.6945586431591,183.4445953369141,11815900,0.0,0.0,0.0005992171335355435,1.06396484375,-1.0,-2.3565673828124716,0.0,0.0,0.06708919867164508,0.5,0.5
2024-07-02,182.43036008846724,185.89063626145088,182.0226797308145,185.5525665283203,12555500,0.0,0.0,0.000644040936828043,3.1719360351562216,1.0,2.1079711914062216,0.3679085814502514,0.013453367136972113,0.8001466990614856,0.40680003309922885,0.5931999669007711
2024-07-03,185.2443356348651,186.55684797624113,184.33451197824832,186.32815551757812,7409100,0.0,0.0,0.0003816422399752707,3.947525024414034,1.0,2.883560180664034,0.0,0.0,1.497263765945947,0.7486318829729735,0.25136811702702655
2024-07-05,186.25856176289477,191.1705565941188,186.25856176289477,190.8722686767578,14303400,0.0,0.0,0.0007547352154908044,8.491638183593722,1.0,7.427673339843722,0.0,0.0,2.0,1.0,0.0
2024-07-08,190.28062959522865,190.59284569184211,188.2472194735337,189.400634765625,12097600,0.0,0.0,0.0006334220037504981,-1.4716339111328125,1.0,5.956039428710909,0.0,0.0,2.0,0.5,0.5
2024-07-09,190.6634294288226,191.76714010959296,189.15203841273987,189.36085510253903,10198500,0.0,0.0,0.0005338742830180381,-1.5114135742187784,1.0,5.916259765624943,0.0,0.0,2.0,0.5,0.5
2024-07-10,189.66911768782384,192.2146090546467,189.5398494759331,191.56829833984375,12052900,0.0,0.0,0.0006383041818589372,2.207443237304716,1.0,8.123703002929659,0.0,0.0,2.0,1.0,0.0
2024-07-11,190.2557632789729,191.31970737889765,185.7613869004445,186.23866271972656,16452000,0.0,0.0,0.000847034384158459,-5.3296356201171875,-1.0,-5.3296356201171875,3.3906515122953635,0.40473547845509,0.43041456660747607,0.5824249774687169,0.41757502253128304
2024-07-12,185.86082474199884,187.62079936803704,185.08524578930252,185.72161865234375,14449100,0.0,0.0,0.00074184940335673,-5.8466796875,-1.0,-5.8466796875,0.0,0.0,0.517977062040659,0.7410114689796705,0.2589885310203295
2024-07-15,185.4332476461541,188.82391312654403,185.4332476461541,187.1236114501953,12186000,0.0,0.0,0.0006303797582691865,1.4019927978515625,1.0,1.4019927978515625,0.0,0.0,0.05750067756209917,0.028750338781049586,0.9712496612189504
2024-07-16,187.88925290644931,189.26142273214708,184.0710009779088,184.4488525390625,12760100,0.0,0.0,0.0006506426537316306,-2.6747589111328125,1.0,-1.27276611328125,1.0142448113937235,0.1437859009932237,0.824148822761307,0.5160326381227347,0.4839673618772653
2024-07-17,183.63351452476908,184.18040101707552,180.59085625962464,181.5851898193359,17376600,0.0,0.0,0.000872283632029389,-5.538421630859403,-1.0,-2.863662719726591,0.0,0.0,2.0,0.0,1.0
2024-07-18,182.49996537952947,183.00708517888935,177.20018113362187,178.20445251464844,17877200,0.0,0.0,0.0008807051675055349,-8.919158935546875,-1.0,-6.2444000244140625,0.0,0.0,2.0,0.0,1.0
2024-07-19,179.34793198032472,180.93887167977408,177.84649382855935,178.3734893798828,14485900,0.0,0.0,0.000714312558882404,0.169036865234375,-1.0,-6.0753631591796875,0.0,0.0,2.0,0.5,0.5
2024-07-22,181.31671693074068,183.2556641906575,180.8692547249465,182.31105041503903,16303900,0.0,0.0,0.0008217070084252105,4.106597900390597,1.0,3.9375610351562216,0.24857901176815744,0.003664076671041938,0.4200588227225216,0.21186144969678178,0.7881385503032182
2024-07-23,182.79826167041253,184.17044671555993,182.29115706223075,182.55963134765625,23772600,0.0,0.0,0.0011997587552952421,4.3551788330078125,1.0,4.1861419677734375,0.0,0.0,0.4747701642621408,0.2373850821310704,0.7626149178689297
2024-07-24,174.39615190819515,176.9416432398946,172.58647282832214,173.38192749023438,31250700,0.0,0.0,0.001497876721112249,-9.177703857421875,-1.0,-9.177703857421875,8.282781896624357,0.8144874020797078,2.0,0.0,1.0
2024-07-25,173.2626000467253,174.20721377004753,168.09206924909273,168.20144653320312,28967900,0.0,0.0,0.0013469740652829914,-14.358184814453125,-1.0,-14.358184814453125,0.0,0.0,2.0,0.0,1.0
2024-07-26,167.8136531488181,168.87758200343924,164.9251158186913,167.72415161132812,25150100,0.0,0.0,0.0011661322733874438,-14.835479736328125,-1.0,-14.835479736328125,0.0,0.0,2.0,0.0,1.0
2024-07-29,169.53385863048427,171.1844558514704,168.75827972854137,170.16029357910156,13768900,0.0,0.0,0.0006476941385635938,2.4361419677734375,1.0,2.4361419677734375,0.0,0.0,0.026965097664049816,0.013482548832024908,0.9865174511679751
2024-07-30,170.8563406400204,171.96998939296338,169.15602354470616,170.88616943359375,13681400,0.0,0.0,0.0006463235047236513,3.162017822265625,1.0,3.162017822265625,0.0,0.0,0.045428190414273824,0.022714095207136912,0.977285904792863
2024-07-31,173.92881303446427,174.91320865604047,170.74694888658044,172.16883850097656,15650200,0.0,0.0,0.0007448810681541598,4.4446868896484375,1.0,4.4446868896484375,0.0,0.0,0.08975923752854112,0.04487961876427056,0.9551203812357294
2024-08-01,171.0054708796569,174.68450179084405,169.54379942259828,171.47280883789062,17177800,0.0,0.0,0.0008142828702190281,-0.6960296630859375,-1.0,-0.6960296630859375,0.0,0.0,0.02452297486429778,0.9877385125678511,0.01226148743214889
2024-08-02,167.23695346679165,169.24551138112997,165.4471501358132,167.4457550048828,18907800,0.0,0.0,0.000875240965881417,-4.72308349609375,-1.0,-4.72308349609375,0.0,0.0,1.1291948852149776,0.4354025573925112,0.5645974426074888
2024-08-05,156.478261463729,164.99970702790134,155.7126355760506,159.729736328125,34907800,0.0,0.0,0.001541419144685432,-12.439102172851562,-1.0,-12.439102172851562,0.0,0.0,2.0,0.0,1.0
2024-08-06,160.03299853205522,161.43003576435538,157.23394754524335,159.63027954101562,36146500,0.0,0.0,0.00159512242561955,-12.538558959960938,-1.0,-12.538558959960938,0.0,0.0,2.0,0.0,1.0
2024-08-07,162.3149917286518,163.8561963802638,159.3319914909659,159.83909606933594,19334200,0.0,0.0,0.0008543222484397063,0.2088165283203125,1.0,0.2088165283203125,0.0,0.0,0.000277354035538031,0.0001386770177690155,0.999861322982231
2024-08-08,161.42405041453682,164.5621723490694,161.11183434947526,162.9115753173828,15733600,0.0,0.0,0.0007085859599246178,3.2812957763671875,1.0,3.2812957763671875,0.0,0.0,0.06848500724888303,0.03424250362444151,0.9657574963755585
2024-08-09,160.72904565696422,164.5820880366157,160.0180856611064,164.45281982421875,13549200,0.0,0.0,0.0006159812218540324,4.822540283203125,1.0,4.822540283203125,0.0,0.0,0.14793007421722149,0.07396503710861074,0.9260349628913893
2024-08-12,165.05439110341254,165.75539806973325,162.62325348792436,163.02098083496094,12435000,0.0,0.0,0.0005604047223312283,-1.4318389892578125,1.0,3.3907012939453125,0.0,0.0,0.07312801938699003,0.5,0.5
2024-08-13,164.24897251060386,165.59629011991402,163.8363307946276,164.98974609375,12717600,0.0,0.0,0.0005800622599567995,1.9687652587890625,1.0,5.359466552734375,0.0,0.0,0.18270392482457415,0.09135196241228707,0.908648037587713
2024-08-14,163.27951718821842,164.02526734280278,158.62602833400268,161.1118621826172,22515900,0.0,0.0,0.001002834631791706,-3.8778839111328125,-1.0,-3.8778839111328125,3.9972251539216757,1.0624967632733433,0.5235359123687053,0.20698366217897568,0.7930163378210243
2024-08-15,161.2908402029654,162.59341463206414,160.5749188847497,162.24539184570312,18392500,0.0,0.0,0.0008249462073714155,1.1335296630859375,-1.0,-2.744354248046875,0.0,0.0,0.26220273114892784,0.5,0.5
2024-08-16,162.48403794408534,166.0039717947397,162.15590607432796,163.80650329589844,16853100,0.0,0.0,0.0007631737645967113,2.69464111328125,1.0,1.5611114501953125,1.9787044519369203,0.5392125582827241,0.3235843264096478,0.43139844234618596,0.568601557653814
2024-08-19,166.05369417652463,167.51536563246327,165.14884705192927,167.4457550048828,13100800,0.0,0.0,0.00060643527252347,6.333892822265625,1.0,5.2003631591796875,0.0,0.0,2.0,1.0,0.0
2024-08-20,167.78383941145057,169.44437452745237,167.7042909111701,168.00259399414062,12622500,0.0,0.0,0.0005862378590644903,6.8907318115234375,1.0,5.7572021484375,0.0,0.0,2.0,1.0,0.0
2024-08-21,166.04377237022814,167.68441673185333,165.6261540813113,166.68014526367188,15269600,0.0,0.0,0.0007035970755075862,-1.32244873046875,-1.0,-1.32244873046875,0.0,0.0,0.05276363780644489,0.9736181810967776,0.026381818903222446
2024-08-22,168.08211766029928,168.45996922183042,164.09484603651103,164.55224609375,19123800,0.0,0.0,0.0008699424085978076,-3.450347900390625,-1.0,-3.450347900390625,0.0,0.0,0.3591722847294893,0.8204138576352553,0.17958614236474466
2024-08-23,165.60625898332447,166.9983199112622,164.721302713637,166.48126220703125,14281600,0.0,0.0,0.0006572865113949141,1.92901611328125,-1.0,-1.521331787109375,0.0,0.0,0.06982724727911115,0.5,0.5
2024-08-26,167.20213990843885,168.4202044524346,165.37754652596405,166.97840881347656,11990300,0.0,0.0,0.0005534811854873569,2.4261627197265625,1.0,0.4971466064453125,0.0,0.0,0.10678766224985328,0.05339383112492664,0.9466061688750733
2024-08-27,166.6602360212593,167.29163232217277,165.21845550253033,165.4372100830078,13718200,0.0,0.0,0.0006273975561208793,-1.54119873046875,-1.0,-1.54119873046875,0.0,0.0,2.0,0.0,1.0
2024-08-28,165.83493493305164,166.44147895671864,162.35476778762694,163.56785583496094,15208700,0.0,0.0,0.0006877055810035178,-3.410552978515625,-1.0,-3.410552978515625,0.0,0.0,2.0,0.0,1.0
2024-08-29,165.11902137221767,166.68013227630968,161.06412637762125,162.47409057617188,17133800,0.0,0.0,0.0007695738513285496,-4.5043182373046875,-1.0,-4.5043182373046875,0.0,0.0,2.0,0.0,1.0
2024-08-30,163.2894365572667,164.3434275620666,162.48402890915824,164.1743927001953,18498800,0.0,0.0,0.0008395788127294363,1.7003021240234375,-1.0,-2.80401611328125,0.0,0.0,2.0,0.5,0.5
2024-09-03,162.38958378108373,162.45421788846468,156.96051600131915,157.71124267578125,26533100,0.0,0.0,0.001156812951977171,-6.4631500244140625,-1.0,-9.267166137695312,0.0,0.0,2.0,0.0,1.0
2024-09-04,157.17926926216398,159.49109167821072,156.5478729344915,156.915771484375,17410700,0.0,0.0,0.0007552579815954908,-7.2586212158203125,-1.0,-10.062637329101562,0.0,0.0,2.0,0.0,1.0
2024-09-05,156.88593321960403,160.10260259244973,156.62741198020422,157.7012939453125,14139500,0.0,0.0,0.0006164272142570871,0.7855224609375,1.0,0.7855224609375,0.0,0.0,0.006093875460584852,0.003046937730292426,0.9969530622697076
2024-09-06,157.79078490061713,158.31778043968708,151.07405728029937,151.26795959472656,24999100,0.0,0.0,0.0010454031816903714,-6.4333343505859375,-1.0,-6.4333343505859375,5.473815654192123,0.7239491934415482,2.0,0.0,1.0
2024-09-09,152.960540228326,153.96613354006942,147.55419432766988,148.8883514404297,28057700,0.2,0.0,0.001154849214896472,-8.812942504882812,-1.0,-8.812942504882812,0.0,0.0,2.0,0.0,1.0
2024-09-10,150.7900200363787,151.63632204999956,148.89133252055836,149.35629272460938,20401800,0.0,0.0,0.0008423731311284173,0.4679412841796875,-1.0,-8.345001220703125,0.0,0.0,2.0,0.5,0.5
2024-09-11,150.43160574548077,151.81554806620483,148.0520210302128,151.4869842529297,18991500,0.0,0.0,0.0007953294839119834,2.5986328125,-1.0,-6.2143096923828125,0.0,0.0,2.0,0.5,0.5
2024-09-12,154.1353984322752,154.93191539548397,152.83110931126586,154.86221313476562,20980800,0.0,0.0,0.0008982143729135188,5.9738616943359375,1.0,3.3752288818359375,3.2955933454844057,0.3043385079648919,0.2949990870414484,0.29966879750317016,0.7003312024968298
2024-09-13,155.68064025177955,158.58094104280494,155.42973945471823,157.6798858642578,16733900,0.0,0.0,0.0007294339304409562,8.791534423828125,1.0,6.192901611328125,0.0,0.0,0.9931219372497513,0.49656096862487564,0.5034390313751244
2024-09-16,157.64006778453728,158.5461060421012,156.92320401946452,158.2971954345703,14157600,0.0,0.0,0.0006195485619347698,9.408843994140625,1.0,6.810211181640625,0.0,0.0,1.2009788891885458,0.6004894445942729,0.3995105554057271
2024-09-17,159.3923837460219,160.88584730457185,158.7153542251151,159.58155822753906,12064800,0.0,0.0,0.000532249574871948,10.693206787109375,1.0,8.094573974609375,0.0,0.0,1.6966888558438566,0.8483444279219283,0.15165557207807168
2024-09-18,160.14907187104157,160.92567165857622,158.964255089668,160.10923767089844,16756500,0.0,0.0,0.0007416725325824339,11.22088623046875,1.0,8.62225341796875,0.0,0.0,1.9251110235866615,0.9625555117933308,0.037444488206669235
2024-09-19,164.1017880837837,164.2710454691448,161.81379771037444,162.52867126464844,17548200,0.0,0.0,0.0007884516297598022,13.64031982421875,1.0,11.04168701171875,0.0,0.0,2.0,1.0,0.0
2024-09-20,163.80308942085253,164.03208291554088,162.46891707891413,163.9225616455078,46362700,0.0,0.0,0.002100970463506774,15.034210205078125,1.0,12.435577392578125,0.0,0.0,2.0,1.0,0.0
2024-09-23,164.61951818775515,165.8839883465766,162.23993335222076,162.3594207763672,15648400,0.0,0.0,0.0007023602537411641,-1.563140869140625,1.0,10.8724365234375,0.0,0.0,2.0,0.5,0.5
2024-09-24,163.53425282985546,163.83294856754733,161.3239256401504,162.92691040039062,18774100,0.0,0.0,0.0008455989668783222,0.5674896240234375,-1.0,0.5674896240234375,1.144991438763725,2.0,0.00833930898084333,1.0,0.0
2024-09-25,162.25982228060042,163.50138223838456,162.06566474526178,162.2797393798828,13607900,0.0,0.0,0.0006104750309560993,-0.6471710205078125,-1.0,-0.079681396484375,0.17426860695897517,0.07251038239518744,0.019715056368384134,0.9538872806182143,0.04611271938178579
2024-09-26,164.31085665490733,164.77880977721125,162.78752506691262,163.1160888671875,18234500,0.0,0.0,0.0008222486207212097,0.8363494873046875,1.0,0.8363494873046875,0.9458612096639172,1.2790256094655115,2.0,1.0,0.0
2024-09-27,163.19575642587947,166.2424198697135,163.11610320738927,164.56973266601562,13604300,0.0,0.0,0.0006189259028967918,2.2899932861328125,1.0,2.2899932861328125,0.0,0.0,2.0,1.0,0.0
2024-09-30,164.06193941525086,166.63069841047735,163.92255009887248,166.46144104003906,14070100,0.0,0.0,0.0006474754839696848,4.18170166015625,1.0,4.18170166015625,0.0,0.0,2.0,1.0,0.0
2024-10-01,168.12418129125342,169.69729815329652,165.1770730146529,167.68609619140625,18629500,0.0,0.0,0.0008635962505506109,5.4063568115234375,1.0,5.4063568115234375,0.0,0.0,2.0,1.0,0.0
2024-10-02,167.02895337262652,168.14408312341,165.52553890950227,166.58091735839844,12745000,0.0,0.0,0.0005869182096500744,-1.1051788330078125,1.0,4.301177978515625,0.0,0.0,2.0,0.5,0.5
2024-10-03,165.09742671826152,167.17831564598703,164.64937549349344,166.4813690185547,11004300,0.0,0.0,0.0005064546407893863,-1.2047271728515625,-1.0,-0.09954833984375,0.5276975211594674,0.19186364730699612,0.0005356649327751059,0.9038003438801144,0.09619965611988561
2024-10-04,168.60206977853457,168.8111613540106,166.23245134615243,167.82546997070312,11422100,0.0,0.0,0.0005299273385149826,1.3441009521484375,1.0,1.3441009521484375,0.6670782306005947,0.2463143753520931,2.0,1.0,0.0
2024-10-07,168.4029461736727,169.15962888910855,163.41478347821553,163.67364501953125,14034700,0.0,0.0,0.0006350302050999791,-4.151824951171875,1.0,-2.8077239990234375,1.2345920152779115,0.08842373563638663,2.0,0.0,1.0
2024-10-08,164.70909286640992,165.37618655423185,163.59397838938577,164.97792053222656,11723900,0.0,0.0,0.0005347002972508771,1.3042755126953125,1.0,-1.503448486328125,0.0,0.0,1.2511613697141697,0.5,0.5
2024-10-09,164.13661774956313,165.5354940563339,160.41789291037858,162.3494415283203,19666400,0.0,0.0,0.0008826492612152373,-2.62847900390625,1.0,-4.131927490234375,0.0,0.0,2.0,0.0,1.0
2024-10-10,161.4035732310404,163.59498593555762,160.9356201364823,162.46890258789062,12900500,0.0,0.0,0.000579414400773468,0.1194610595703125,1.0,-4.0124664306640625,0.0,0.0,2.0,0.5,0.5
2024-10-11,162.6182684879368,164.54981709717626,161.7918835060304,163.80308532714844,10946000,0.0,0.0,0.000495667011996364,1.453643798828125,1.0,-2.67828369140625,0.0,0.0,2.0,0.5,0.5
2024-10-14,164.19137943300834,166.88956162559765,164.06194106924633,165.62510681152344,9981800,0.0,0.0,0.00045703296922058954,3.275665283203125,1.0,-0.85626220703125,3.294575690040034,1.011579322098608,0.4058352575889376,0.7136792132627845,0.2863207867372155
2024-10-15,166.411658603287,168.35315811036688,165.3264121085983,166.17269897460938,14829300,0.0,0.0,0.0006812285170216517,3.8232574462890625,1.0,-0.3086700439453125,3.803341013190618,0.9896085690271651,0.05273818630113957,0.9494043742818303,0.05059562571816967
2024-10-16,165.30651490961594,166.55106797325655,164.4960665730318,166.013427734375,9968500,0.0,0.0,0.0004574941285839085,-0.159271240234375,-1.0,-0.159271240234375,0.0,0.0,0.014041417295826291,0.9929792913520868,0.0070207086479131455
2024-10-17,166.65064080458777,167.1982320069964,163.65374725914504,163.7931365966797,15113400,0.0,0.0,0.0006843375510114073,-2.3795623779296875,-1.0,-2.3795623779296875,0.0,0.0,2.0,0.0,1.0
2024-10-18,164.1515412563863,165.64500470745008,164.03206904183588,164.3307647705078,13091300,0.0,0.0,0.0005947221948369475,0.537628173828125,-1.0,-1.8419342041015625,0.0,0.0,1.8779518280464318,0.5,0.5
2024-10-21,163.8628296926184,165.4956826376428,163.58901891443685,165.0775146484375,11384000,0.0,0.0,0.0005195116650707429,1.2843780517578125,-1.0,-1.095184326171875,0.0,0.0,0.663912219388576,0.5,0.5
2024-10-22,163.98229125145,166.74022480209356,163.95242319647124,166.0930633544922,11958600,0.0,0.0,0.0005490910052657271,2.2999267578125,1.0,1.0155487060546875,1.09522009464348,0.22676435814660642,0.8598586704144517,0.543311514280529,0.45668848571947096
2024-10-23,165.70474411550393,166.86965899975868,162.91993546186882,163.76324462890625,12754300,0.0,0.0,0.0005774116702260401,-2.3298187255859375,1.0,-1.31427001953125,0.6690834525680316,0.08247385891365276,1.674818262667949,0.12135393920919912,0.8786460607908009
2024-10-24,163.87278543199432,164.33078763866595,162.06072409253227,163.81304931640625,12764400,0.0,0.0,0.0005780446616919339,0.0498046875,-1.0,0.0498046875,0.0,0.0,0.0014360555399121292,0.0007180277699560646,0.9992819722300439
2024-10-25,164.64439509849527,166.67051564133874,164.50997366436278,166.26231384277344,14566400,0.0,0.0,0.0006695122794814716,2.4990692138671875,1.0,2.4492645263671875,0.0,0.0,2.0,1.0,0.0
2024-10-28,169.84662534790536,169.86256206708674,165.06753901516458,167.60643005371094,20858300,0.0,0.0,0.0009664559859062765,3.8431854248046875,1.0,3.7933807373046875,0.0,0.0,2.0,1.0,0.0
2024-10-29,168.64686894070343,171.11108976015856,167.9250373739239,170.39422607421875,28916100,0.0,0.0,0.001362094022895987,6.6309814453125,1.0,6.5811767578125,0.0,0.0,2.0,1.0,0.0
2024-10-30,181.6151338859891,182.98911006764936,174.9791687802624,175.37245178222656,49698300,0.0,0.0,0.002409436038260154,11.609207153320312,1.0,11.559402465820312,0.0,0.0,2.0,1.0,0.0
2024-10-31,173.95865299195611,177.64252708017523,171.80806161779742,171.9375,32801900,0.0,0.0,0.0015591291915034253,-3.4349517822265625,-1.0,-3.4349517822265625,0.0,0.0,0.0883019959494108,0.9558490020252945,0.0441509979747054
2024-11-01,170.79249559779987,173.06257431299005,169.567859663889,171.8976593017578,21752900,0.0,0.0,0.00103371215086252,-3.47479248046875,-1.0,-3.47479248046875,0.0,0.0,0.09036223751726699,0.9548188812413665,0.045181118758633496
2024-11-04,170.49379070399615,171.17082016688954,168.74643362868545,169.93621826171875,16194000,0.0,0.0,0.000760768599823946,-5.4362335205078125,-1.0,-5.4362335205078125,0.0,0.0,0.22116960305215982,0.88941519847392,0.11058480152607991
2024-11-05,170.08558104548533,171.34705817597293,169.6275788891059,170.66305541992188,12518300,0.0,0.0,0.0005906053363778356,0.726837158203125,1.0,0.726837158203125,0.0,0.0,0.0178763164949676,0.0089381582474838,0.9910618417525162
2024-11-06,174.58590727427162,177.8615642049402,174.27724535750224,177.55291748046875,27061500,0.0,0.0,0.0013282877679545685,7.61669921875,1.0,7.61669921875,0.0,0.0,1.9630773095475618,0.9815386547737809,0.018461345226219117
2024-11-07,178.32950281355292,181.78438300082175,178.11046028006697,181.48568725585935,16730400,0.0,0.0,0.0008393849916995595,11.549468994140597,1.0,11.549468994140597,0.0,0.0,2.0,1.0,0.0
2024-11-08,181.20692236266052,181.55540329027707,178.7875185486928,179.0762481689453,15021500,0.0,0.0,0.0007436417836846575,-2.409439086914034,1.0,9.140029907226562,0.0,0.0,2.0,0.5,0.5
2024-11-11,179.28531815752916,181.29153680564585,179.20566494960767,181.17703247070312,12503400,0.0,0.0,0.0006262442652763264,2.1007843017578125,1.0,11.240814208984375,0.0,0.0,2.0,1.0,0.0
2024-11-12,180.5896304369029,183.22309374945092,180.20133049340728,182.52117919921875,14065800,0.0,0.0,0.0007097251556567225,3.4449310302734375,1.0,12.5849609375,0.0,0.0,2.0,1.0,0.0
2024-11-13,181.3562613464338,181.8192466194637,179.33510844230398,179.70350646972656,13969700,0.0,0.0,0.0006939946555515397,-2.8176727294921875,-1.0,-2.8176727294921875,0.0,0.0,0.050127650979209036,0.9749361745103955,0.025063825489604518
2024-11-14,178.96673001193344,179.6587088055344,175.2629388903221,176.5771942138672,17925800,0.0,0.0,0.0008750354608508359,-5.9439849853515625,-1.0,-5.9439849853515625,0.0,0.0,0.22307539140939822,0.8884623042953009,0.11153769570469911
2024-11-15,174.87462204023322,175.11358167386166,171.99223317829555,173.1322479248047,21708900,0.0,0.0,0.0010390304634404395,-9.388931274414062,-1.0,-9.388931274414062,0.0,0.0,0.5565812559285068,0.7217093720357466,0.2782906279642534
2024-11-18,174.19262527103558,176.13910806830904,173.65995291839005,176.0295867919922,18662800,0.0,0.0,0.0009081863420065261,2.8973388671875,1.0,2.8973388671875,0.0,0.0,0.09522835113403551,0.047614175567017754,0.9523858244329823
2024-11-19,174.4713876127403,179.38488017366925,174.35290289168816,178.79745483398438,15392900,0.0,0.0,0.0007608416438547761,5.6652069091796875,1.0,5.6652069091796875,0.0,0.0,0.3640820200128596,0.1820410100064298,0.8179589899935702
2024-11-20,178.05071442736175,178.32949305612726,174.56596637549683,176.5572509765625,15729800,0.0,0.0,0.000767752525603508,-2.240203857421875,1.0,3.4250030517578125,0.0,0.0,0.13307289510237574,0.5,0.5
2024-11-21,174.69043129296793,174.8148865873952,164.58963534340768,168.5025177001953,38839400,0.0,0.0,0.0018092200891334982,-10.294937133789062,-1.0,-8.054733276367188,9.763267548280481,0.8993794984463471,2.0,0.0,1.0
2024-11-22,166.43160267043936,167.53178337066268,164.98792409496505,165.84417724609375,24497000,0.0,0.0,0.0011231186143135388,-12.953277587890625,-1.0,-10.71307373046875,0.0,0.0,2.0,0.0,1.0
2024-11-25,167.25798377370148,169.71722188659146,166.67054317106536,168.6916961669922,21395700,0.0,0.0,0.0009977751872904655,2.8475189208984375,1.0,2.8475189208984375,0.0,0.0,0.07064884225244142,0.03532442112622071,0.9646755788737793
2024-11-26,168.75142982025878,170.74768243022393,168.6916785168623,169.87649536132812,14937500,0.0,0.0,0.0007014935882367588,4.032318115234375,1.0,4.032318115234375,0.0,0.0,0.14167113916930718,0.07083556958465359,0.9291644304153464
2024-11-27,169.9362333002551,170.39423547744005,168.93063997056893,170.0756378173828,12433400,0.0,0.0,0.0005845807484111771,4.2314605712890625,1.0,4.2314605712890625,0.0,0.0,0.15600999007746108,0.07800499503873054,0.9219950049612695
2024-11-29,169.3189362005132,170.1254040760573,168.01464714823365,169.7470703125,9250700,0.0,0.0,0.00043409959371272153,-0.3285675048828125,-1.0,-0.3285675048828125,0.6770313686286613,2.0,0.006029324003600781,0.0,1.0
2024-12-02,169.57782943487248,172.84353545661656,169.5280442738957,172.22622680664062,16593400,0.0,0.0,0.0007900365144836579,2.479156494140625,1.0,2.479156494140625,2.4492999791765158,0.9760590073044237,2.0,1.0,0.0
2024-12-03,172.3656073706831,173.56039040413435,171.75826489918776,172.26605224609375,15721500,0.0,0.0,0.0007486971435318604,2.51898193359375,1.0,2.51898193359375,0.0,0.0,2.0,1.0,0.0
2024-12-04,172.02708851953844,175.66117711522332,171.99722046364053,175.32266235351562,18239800,0.0,0.0,0.0008840373698892562,5.575592041015625,1.0,5.575592041015625,0.0,0.0,2.0,1.0,0.0
2024-12-05,176.54730822598512,176.9356081335433,173.2517192965647,173.5504150390625,16145500,0.0,0.0,0.0007746216847247057,-1.772247314453125,1.0,3.8033447265625,0.0,0.0,2.0,0.5,0.5
2024-12-06,173.1223047445848,176.06841023086653,172.7937409307028,175.72093200683594,13319500,0.0,0.0,0.0006470292515176959,2.1705169677734375,-1.0,2.1705169677734375,0.0,0.0,2.0,1.0,0.0
2024-12-09,175.14778141291757,177.4652731794903,174.83379581179184,176.5283203125,19887800,0.2,0.0,0.0009705404211073161,2.9779052734375,1.0,0.8073883056640625,0.0,0.0,2.0,1.0,0.0
2024-12-10,183.9393165192724,187.4230296378457,182.08033134621863,185.92787170410156,34317400,0.0,0.0,0.001763889478560419,12.377456665039062,1.0,10.206939697265625,0.0,0.0,2.0,1.0,0.0
2024-12-11,186.0973299784576,196.25443912584225,185.65874786347015,196.0750274658203,41664500,0.0,0.0,0.0022584004609498384,22.524612426757812,1.0,20.354095458984375,0.0,0.0,2.0,1.0,0.0
2024-12-12,195.6663384093248,196.07002983557695,192.65608283731063,193.0049591064453,25197800,0.0,0.0,0.0013444466935434351,-3.070068359375,1.0,17.284027099609375,0.0,0.0,2.0,0.5,0.5
2024-12-13,192.08791545519404,193.71264327515175,190.64258406331268,190.76220703125,18883200,0.0,0.0,0.000995819041168438,-5.3128204345703125,-1.0,-2.2427520751953125,0.0,0.0,0.016837308033396933,0.9915813459833015,0.008418654016698467
2024-12-16,193.73759211233372,199.99233022704655,193.48341038940663,197.5203399658203,32248600,0.0,0.0,0.0017609019920579803,6.7581329345703125,1.0,6.7581329345703125,3.922300391469605,0.33684355493071855,2.0,1.0,0.0
2024-12-17,197.88912513239245,202.2250890040401,196.0550684770214,196.48367309570312,24129500,0.0,0.0,0.0013106516722013496,-1.0366668701171875,1.0,5.721466064453125,0.0,0.0,2.0,0.5,0.5
2024-12-18,196.19462306691972,198.04861948645635,188.6689918668289,189.5361785888672,27638400,0.0,0.0,0.0014481632191856429,-7.984161376953125,-1.0,-6.9474945068359375,4.814418522577739,0.3636043495582228,1.4744897959183672,0.080952927261705,0.919047072738295
2024-12-19,192.65607654402257,193.9718227862591,188.90821957957144,189.0876312255859,26981200,0.0,0.0,0.0014103823920619922,-8.432708740234403,-1.0,-7.396041870117216,0.0,0.0,1.6710293174868183,0.16448534125659087,0.8355146587434091
2024-12-20,186.4063074568899,193.5083072410875,185.76837404956785,192.3371124267578,45319700,0.0,0.0,0.002409697975932966,3.2494812011719034,-1.0,-4.1465606689453125,0.0,0.0,0.5252443570255814,0.5,0.5
2024-12-23,193.40365070441305,195.85571627268868,191.0114042261952,195.3573303222656,15235900,0.0,0.0,0.0008228303839656523,6.2696990966796875,1.0,3.020217895507784,1.8838934864295709,0.0902857672117208,0.5305184658738332,0.310402116542777,0.689597883457223
2024-12-24,195.53676105342177,197.03191905065805,194.56789854953635,196.9322509765625,6809800,0.0,0.0,0.0003707350926789853,7.844619750976591,1.0,4.5951385498046875,0.0,0.0,1.2280644879589242,0.6140322439794621,0.3859677560205379
2024-12-26,196.1049218602123,197.52033622530104,195.23771990822095,196.46376037597656,7907900,0.0,0.0,0.00042949302570672947,-0.4684906005859375,1.0,4.12664794921875,0.0,0.0,0.9904186102042181,0.5,0.5
2024-12-27,195.83578371138285,196.1647202757909,191.3523024429326,193.4136199951172,14693000,0.0,0.0,0.0007856154701438694,-3.5186309814453125,-1.0,-3.050140380859375,3.215596106603755,0.8351712652396135,0.5463171267888614,0.3092558039857626,0.6907441960142374
2024-12-30,190.24887224804684,193.1544556150159,189.74549757657897,192.06797790527344,12209500,0.0,0.0,0.0006482840524073187,-4.8642730712890625,-1.0,-4.395782470703125,0.0,0.0,1.1346908307545496,0.4326545846227252,0.5673454153772748
2024-12-31,191.82377359456456,192.62616766511687,188.96801665543023,189.8252410888672,14355200,0.0,0.0,0.0007533134170056458,-7.1070098876953125,-1.0,-6.638519287109375,0.0,0.0,2.0,0.0,1.0
2025-01-02,190.8668688990928,192.57632906643343,188.1008329456353,190.01463317871097,17545200,0.0,0.0,0.0009216326794070664,0.18939208984377842,-1.0,-6.449127197265597,0.0,0.0,2.0,0.5,0.5
2025-01-03,192.10288510468152,193.87214927777333,190.73232363806488,192.5065765380859,12875000,0.0,0.0,0.0006851809871033997,2.6813354492187216,1.0,2.491943359374943,1.2459816126564647,0.21593396872090023,0.14930503313853416,0.18261950092971718,0.8173804990702829
2025-01-06,194.5200419032114,198.9158098969417,194.43033607710257,197.32098388671875,19483300,0.0,0.0,0.0010627920201940122,7.4957427978515625,1.0,7.306350708007784,0.0,0.0,1.2835096670941692,0.6417548335470846,0.3582451664529154
2025-01-07,197.62998935747845,201.4874921432869,195.3075087645923,196.0750274658203,16966800,0.0,0.0,0.0009196757177175706,-1.2459564208984375,1.0,6.060394287109347,0.0,0.0,0.883079646015618,0.5,0.5
2025-01-08,193.32390810694315,197.00199887323063,193.12455676767007,194.75926208496097,14335300,0.0,0.0,0.0007718224403041214,-2.561721801757784,-1.0,-1.3157653808593466,1.305779309432495,0.2598218296595485,0.047136263254738124,0.8465209535428567,0.1534790464571433
2025-01-10,194.78916934463103,196.98206455558247,190.98150846908007,192.5464324951172,20753800,0.0,0.0,0.0011047031655837098,-4.7745513916015625,-1.0,-3.528594970703125,0.0,0.0,0.33900168847662376,0.8304991557616881,0.16950084423831188
2025-01-13,190.73231291855885,191.86863229863644,188.05099402103852,191.6692657470703,13169100,0.0,0.0,0.0006977841005145376,-5.6517181396484375,-1.0,-4.40576171875,0.0,0.0,0.5284942296855704,0.7357528851572148,0.2642471148427852
2025-01-14,191.8785895192527,192.6461081359987,189.0278212951568,190.4332733154297,13651200,0.0,0.0,0.000718664440942397,-6.8877105712890625,1.0,-1.235992431640625,0.0,0.0,0.041593921000404654,0.9792030394997977,0.020796960500202327
2025-01-15,193.72263162353136,197.16149175688608,192.7059199913067,196.34413146972656,12894900,0.0,0.0,0.00069991999203093,5.910858154296875,1.0,4.67486572265625,5.292859458249637,0.8018251045584589,2.0,1.0,0.0
2025-01-16,195.19285044538736,196.34412075053376,193.67277941152807,193.7824249267578,13449600,0.0,0.0,0.0007205037564560685,-2.56170654296875,1.0,2.1131591796875,0.0,0.0,2.0,0.5,0.5
2025-01-17,197.4106937293802,198.16823495893416,194.67953302807751,196.9123077392578,22109100,0.0,0.0,0.0012035286160735426,3.1298828125,1.0,5.2430419921875,0.0,0.0,2.0,1.0,0.0
2025-01-21,199.8627293790569,203.18198165088893,198.79619134868744,198.9855804443359,19005200,0.0,0.0,0.0010454578919437884,5.203155517578097,1.0,7.316314697265597,0.0,0.0,2.0,1.0,0.0
2025-01-22,199.90261827692612,201.4675423346555,198.5569700561532,199.38429260253903,15477400,0.0,0.0,0.0008531029493309538,5.601867675781222,-1.0,0.398712158203125,0.0,0.0,0.10406084192515971,0.05203042096257986,0.9479695790374202
2025-01-23,199.33444793070095,201.28812762165109,196.18466016542135,198.9357452392578,15170800,0.0,0.0,0.0008343222065659706,-0.4485473632812216,-1.0,-0.04983520507809658,2.611531183266095,2.0,0.015622608204799888,0.0,1.0
2025-01-24,199.2048900678887,201.91611112171265,199.139093625211,201.24826049804688,12732400,0.0,0.0,0.0007083614267420788,2.3125152587890625,1.0,2.3125152587890625,0.4485687870571553,0.037626072425610474,2.0,1.0,0.0
2025-01-27,193.56314311700584,198.0286770954344,192.077947468968,193.14450073242188,24970200,0.0,0.0,0.0013332661806814549,-8.103759765625,-1.0,-8.103759765625,4.106712696453343,0.25681212583190766,2.0,0.0,1.0
2025-01-28,194.0216516747315,196.59332510027124,191.98824361312455,196.4338531494141,15939200,0.0,0.0,0.0008655563574045436,3.289352416992216,-1.0,-4.814407348632784,0.0,0.0,2.0,0.5,0.5
2025-01-29,196.73287665453816,197.81936964894837,194.55992108478387,196.54348754882812,12287800,0.0,0.0,0.0006676445174081404,3.39898681640625,1.0,0.10963439941403408,0.0,0.0,0.0005185707504418253,0.00025928537522091266,0.9997407146247791
2025-01-30,199.11514547234088,202.5819301203944,198.82808076772176,201.97589111328125,14571500,0.0,0.0,0.0008136100198566625,8.831390380859375,1.0,5.542037963867159,0.0,0.0,1.3251142560463487,0.6625571280231743,0.33744287197682565
2025-01-31,203.05740015774455,206.4115433442633,202.9228414159413,204.9363250732422,17060300,0.0,0.0,0.0009665361519610933,11.791824340820312,1.0,8.502471923828097,0.0,0.0,2.0,1.0,0.0
2025-02-03,201.56222400754768,204.55752840288116,201.00902290938853,201.98585510253903,16719500,0.0,0.0,0.0009335911749265328,-2.9504699707031534,-1.0,-2.9504699707031534,0.0,0.0,0.12041815938296623,0.9397909203085169,0.06020907969148311
2025-02-04,203.83986040606993,208.02629948497267,203.6006296665919,207.0395050048828,28285400,0.0,0.0,0.0016189298856469337,5.053649902343778,1.0,5.053649902343778,1.6147561407093747,0.10209479110277389,2.0,1.0,0.0
2025-02-05,192.47667403796495,193.9219903566669,189.2969690111007,192.676025390625,43666400,0.0,0.0,0.0023258813832275726,-14.363479614257812,-1.0,-14.363479614257812,11.71205389828782,0.6648854052446667,2.0,0.0,1.0
2025-02-06,190.37347121526227,193.2042997692843,189.8750852637993,192.68597412109375,20816600,0.0,0.0,0.0011088489636600861,0.00994873046875,-1.0,-14.353530883789062,0.0,0.0,2.0,0.5,0.5
2025-02-07,192.11783298882085,192.39193919392628,184.50249582506203,186.5359039306641,29565700,0.0,0.0,0.001524625210379265,-6.150070190429659,-1.0,-20.50360107421872,0.0,0.0,2.0,0.0,1.0
2025-02-10,188.4496927028371,189.3766984774281,187.00437649187288,187.59246826171875,16606000,0.0,0.0,0.0008611779990685877,1.056564331054659,-1.0,-19.447036743164062,0.0,0.0,2.0,0.5,0.5
2025-02-11,186.2318987244594,188.1905520059208,185.47933101594776,186.4661407470703,13028100,0.0,0.0,0.0006715735154313636,-1.1263275146484375,-1.0,-20.5733642578125,0.0,0.0,2.0,0.0,1.0
2025-02-12,184.6320543020691,186.22689542176803,183.03722839190223,184.83140563964844,17632300,0.0,0.0,0.0009009428180724512,-2.7610626220703125,-1.0,-22.208099365234375,0.0,0.0,2.0,0.0,1.0
2025-02-13,185.32978127570237,187.3831440461535,184.28318300926568,187.27349853515625,12729300,0.0,0.0,0.0006590120270517412,2.4420928955078125,1.0,2.4420928955078125,0.0,0.0,0.012092095723854106,0.006046047861927053,0.9939539521380729
2025-02-14,186.2269052233785,187.5426362882782,185.509228202694,186.2667694091797,12714200,0.0,0.0,0.0006546918218802522,-1.0067291259765625,1.0,1.43536376953125,0.0,0.0,0.004177352997627094,0.5,0.5
2025-02-18,186.83493117095733,187.173829973565,182.98739095029217,185.20022583007812,19796000,0.0,0.0,0.0010135179668575188,-2.073272705078125,-1.0,-1.0665435791015625,1.2957920589735181,0.3906229611365831,0.5521197100074384,0.5286286644279892,0.4713713355720108
2025-02-19,185.58396796599052,186.75517795378096,184.90118166936188,186.5259246826172,13120500,0.0,0.0,0.0006765534018275116,1.3256988525390625,-1.0,0.2591552734375,0.0,0.0,0.05904224874442401,0.029521124372212004,0.970478875627788
2025-02-20,185.89797389376844,186.515967653067,184.0041132194147,186.0375213623047,12063800,0.0,0.0,0.0006204362555506576,-0.4884033203125,-1.0,-0.229248046875,0.0,0.0,0.7825123265830644,0.6087438367084679,0.3912561632915322
2025-02-21,186.68540996862492,186.86483682679943,180.5453063768706,180.9938507080078,19520800,0.0,0.0,0.0009767286495539187,-5.532073974609375,-1.0,-5.272918701171875,0.10965887301847488,0.0003929267524881169,2.0,0.0,1.0
2025-02-24,183.20667779988295,184.49250685544612,180.2961056843669,180.6051025390625,18734000,0.0,0.0,0.0009353475797123809,-5.9208221435546875,-1.0,-5.6616668701171875,0.0,0.0,2.0,0.0,1.0
2025-02-25,179.57343766549263,180.17648039704747,176.19937031132497,176.79742431640625,20832500,0.0,0.0,0.0010181923249820714,-9.728500366210938,-1.0,-9.469345092773438,0.0,0.0,2.0,0.0,1.0
2025-02-26,176.37381061451893,177.50514124217776,173.0296299492345,174.13604736328125,23637200,0.0,0.0,0.0011378819468261458,-12.389877319335938,-1.0,-12.130722045898438,0.0,0.0,2.0,0.0,1.0
2025-02-27,175.3720517468169,176.01994740253818,169.20402365784025,169.66055297851562,25930500,0.0,0.0,0.001216197941772251,-16.865371704101562,-1.0,-16.606216430664062,0.0,0.0,2.0,0.0,1.0
2025-02-28,169.75026222513335,171.94315742282225,167.84642419410588,171.6640625,30049800,0.0,0.0,0.0014260457767226557,2.003509521484375,-1.0,-14.602706909179688,0.0,0.0,2.0,0.5,0.5
2025-03-03,173.16919622639824,174.43510093183014,167.09885836425866,168.11557006835938,24122000,0.0,0.0,0.001121072619212086,-3.548492431640625,-1.0,-18.151199340820312,0.0,0.0,2.0,0.0,1.0
2025-03-04,167.39788738556237,174.5995557564392,166.99916947110347,172.0528106689453,30711400,0.0,0.0,0.0014607432261966227,3.9372406005859375,-1.0,-14.213958740234375,2.6563983336169485,0.4552002464408847,2.0,0.18540249297414887,0.8145975070258511
2025-03-05,171.76376092594464,175.18268163682967,170.37823322393749,174.42514038085938,18848000,0.0,0.0,0.0009088387781717425,6.3095703125,1.0,2.3723297119140625,0.7475807049995353,0.01403836722168756,0.027856079638124896,0.02094722342990623,0.9790527765700938
2025-03-06,171.99299899435542,176.15949834739462,171.95112715118205,173.64764404296875,19082400,0.0,0.0,0.0009160398890123707,-0.777496337890625,1.0,1.5948333740234375,0.0,0.0,0.012589269471353465,0.5,0.5
2025-03-07,172.68277843809483,176.32895993375635,171.69397623813677,175.18267822265625,16395300,0.0,0.0,0.0007940046105736152,1.5350341796875,1.0,3.1298675537109375,0.0,0.0,0.0484866097787765,0.02424330488938825,0.9757566951106118
2025-03-10,169.80395112078375,170.09333760834892,165.21856474391475,167.4588623046875,28990700,0.2,0.0,0.001342082869545544,-7.72381591796875,-1.0,-7.72381591796875,6.732562407267295,0.759795900920776,2.0,0.0,1.0
2025-03-11,166.3312226673931,168.30209616396394,162.8984334954026,165.6326904296875,23705900,0.0,0.0,0.0010854629373414886,-9.54998779296875,-1.0,-9.54998779296875,0.0,0.0,2.0,0.0,1.0
2025-03-12,168.11747256412926,169.17525204524574,165.13372374937688,168.6463623046875,19880100,0.0,0.0,0.0009268469762372364,3.013671875,1.0,3.013671875,0.0,0.0,0.09958325033210591,0.049791625166052955,0.950208374833947
2025-03-13,167.62849908664165,167.76820552881753,163.72669229913674,164.3852996826172,15206200,0.0,0.0,0.0006910288366362608,-4.2610626220703125,-1.0,-4.2610626220703125,0.0,0.0,1.9991431970712985,0.0004284014643507472,0.9995715985356493
2025-03-14,164.9690870263586,167.89794321312493,164.16576354056602,167.26925659179688,18611100,0.0,0.0,0.0008605986575059859,2.8839569091796875,1.0,2.8839569091796875,0.0,0.0,0.45808039011239043,0.22904019505619522,0.7709598049438048
2025-03-17,166.97486057411132,168.1074952719868,165.4630314005261,166.22145080566406,17839100,0.0,0.0,0.0008197331597383134,-1.0478057861328125,1.0,1.836151123046875,0.0,0.0,0.1856867913220036,0.5,0.5
2025-03-18,165.61272918130422,166.091720499798,158.46770809514285,162.32960510253906,24616800,0.0,0.0,0.001104693565166009,-4.9396514892578125,-1.0,-3.891845703125,5.698055445423165,1.3306404576920239,2.0,0.0,1.0
2025-03-19,163.571995968084,167.78117198389484,162.70881575318666,165.9320526123047,24955700,0.0,0.0,0.001144754967098964,3.602447509765625,1.0,3.602447509765625,0.0,0.0,0.8568091494615591,0.42840457473077953,0.5715954252692205
2025-03-20,163.48219284410166,166.6804882029944,162.79862864414542,164.7046356201172,19981500,0.0,0.0,0.0009098009894586156,-1.2274169921875,1.0,2.375030517578125,0.0,0.0,0.3724149966905205,0.5,0.5
2025-03-21,163.0381403320938,166.12167100602187,162.68886659897697,165.90213012695312,29882100,0.0,0.0,0.0013704890561906165,1.1974945068359375,-1.0,1.1974945068359375,0.019949154209683684,0.00027752487468316197,0.0946751130007158,0.04747631893769948,0.9525236810623006
2025-03-24,168.91081531503914,170.14323170803982,167.0896371412489,169.5744171142578,18742800,0.0,0.0,0.000878632571365289,4.869781494140625,1.0,3.6722869873046875,0.0,0.0,0.8903525356161054,0.4451762678080527,0.5548237321919474
2025-03-25,170.82180453881222,172.54819553776656,170.19313314600385,172.42843627929688,13841600,0.0,0.0,0.0006597929629258847,7.7238006591796875,1.0,6.52630615234375,0.0,0.0,2.0,1.0,0.0
2025-03-26,170.94155138430105,171.58021155127406,166.5118295600408,166.79025268554688,22498000,0.0,0.0,0.0010373542102973274,-5.63818359375,-1.0,-5.63818359375,0.5778075812080772,0.010502387654284127,0.746351725508564,0.6215729434185759,0.37842705658142406
2025-03-27,166.36116540619523,167.08963361496558,163.50714935773365,163.73666381835938,21571200,0.0,0.0,0.0009764111667709972,-8.6917724609375,-1.0,-8.6917724609375,0.0,0.0,1.7737067193892206,0.11314664030538968,0.8868533596946103
2025-03-28,162.02026459805788,163.46722744812823,155.01395983965068,155.7334442138672,34866500,0.0,0.0,0.0015010761936294502,-16.694992065429688,-1.0,-16.694992065429688,0.0,0.0,2.0,0.0,1.0
2025-03-31,154.4860645445433,156.8012173569281,151.89151406467764,155.90309143066406,33591600,0.0,0.0,0.0014477644625656395,0.169647216796875,-1.0,-16.525344848632812,0.0,0.0,2.0,0.5,0.5
2025-04-01,154.97503575649606,159.74503232559243,154.93013174681002,158.54754638671875,20111400,0.0,0.0,0.0008814837776850151,2.8141021728515625,1.0,2.6444549560546875,0.0,0.0,0.025607742008420115,0.012803871004210057,0.9871961289957899
2025-04-02,156.63156970946335,159.93962031962053,156.20246156153843,158.527587890625,17113300,0.0,0.0,0.0007499824661740426,-0.01995849609375,1.0,2.6244964599609375,0.0,0.0,0.025222662024232227,0.5,0.5
2025-04-03,152.5151960290634,154.3633104450107,151.86155262256625,152.3106231689453,28416100,0.0,0.0,0.0011964847354548503,-6.2369232177734375,-1.0,-6.2169647216796875,3.0685791242437688,0.24206603541199603,2.0,0.0,1.0
2025-04-04,149.58633109667096,152.7696585204793,147.23126874135036,147.4308624267578,39832200,0.0,0.0,0.0016234360841275556,-11.116683959960938,-1.0,-11.096725463867188,0.0,0.0,2.0,0.0,1.0
2025-04-07,143.08995421575065,154.60579993715052,142.3614860124179,148.92771911621094,47823000,0.0,0.0,0.0019689053975444812,1.496856689453125,-1.0,-9.599868774414062,0.24248949213981064,0.026243720439768536,2.0,0.012951907105268013,0.9870480928947319
2025-04-08,153.25364308480528,154.11683856421288,144.90615649348965,146.27328491210938,35304400,0.0,0.0,0.0014275993597871678,-2.6544342041015625,-1.0,-12.254302978515625,1.347180043733573,0.25757716088029886,2.0,0.0,1.0
2025-04-09,146.02381759510635,161.5312946445726,145.50490139145467,160.72299194335938,46479500,0.0,0.0,0.002065151660342932,14.44970703125,1.0,14.44970703125,6.925494707422075,0.22971191363574364,1.3904035123494913,0.8100577129926175,0.18994228700738247
2025-04-10,158.42779734691703,159.69514420046266,151.88152624733968,155.04489135742188,35270500,0.0,0.0,0.001511755552033971,-5.6781005859375,1.0,8.7716064453125,0.0,0.0,0.5123668798306874,0.5,0.5
2025-04-11,155.2594476417932,159.52549618373823,155.2594476417932,159.0664520263672,22582000,0.0,0.0,0.0009930097031265967,4.0215606689453125,1.0,12.793167114257812,0.0,0.0,1.0898805909584655,0.5449402954792327,0.45505970452076727
2025-04-14,161.97037984139416,163.68678212859385,159.5853812905667,161.13214111328125,18255900,0.0,0.0,0.0008132010318637294,6.087249755859375,1.0,14.858856201171875,0.0,0.0,1.4702579353323488,0.7351289676661744,0.2648710323338256
2025-04-15,161.2319288394032,161.7109201959518,157.3151386924203,158.34796142578125,15690800,0.0,0.0,0.0006868628986149472,-2.7841796875,-1.0,-2.7841796875,0.0,0.0,0.03510942862762122,0.9824452856861894,0.01755471431381061
2025-04-16,155.1446855741514,157.84900646503428,153.58795225695732,155.17462158203125,16921500,0.0,0.0,0.0007258920635382874,-5.95751953125,-1.0,-5.95751953125,0.0,0.0,0.1607534084757219,0.9196232957621391,0.08037670423786095
2025-04-17,156.28230793676562,156.74135212697948,150.58424891052354,153.0391082763672,19513400,0.0,0.0,0.0008255585289195748,-8.093032836914062,-1.0,-8.093032836914062,0.0,0.0,0.2966551180995634,0.8516724409502183,0.1483275590497817
2025-04-21,150.64910075055403,150.7439031803643,148.08946559939653,149.54641723632812,16147800,0.0,0.0,0.0006675777746997939,-11.585723876953125,-1.0,-11.585723876953125,0.0,0.0,0.6079608141481179,0.6960195929259411,0.30398040707405893
2025-04-22,150.75389234645476,154.28647817349793,150.55429866627406,153.5779571533203,15910300,0.0,0.0,0.0006754912845666197,4.0315399169921875,1.0,4.0315399169921875,0.0,0.0,0.12108645951606907,0.060543229758034535,0.9394567702419655
2025-04-23,157.57958900662848,159.68517460141064,156.0228556241092,157.38998413085938,18575700,0.0,0.0,0.0008082296434053606,7.84356689453125,1.0,7.84356689453125,0.0,0.0,0.4583327198955473,0.22916635994777365,0.7708336400522263
2025-04-24,158.19329592743742,161.3716444185399,157.7592085584811,161.13214111328125,30787500,0.0,0.0,0.0013714156392456449,11.585723876953125,1.0,11.585723876953125,0.0,0.0,1.0,0.5,0.5
2025-04-25,166.75034031269075,167.88795419202464,162.65891369346122,163.50714111328125,35148100,0.0,0.0,0.0015887335735858999,13.960723876953125,1.0,13.960723876953125,0.0,0.0,1.4520097328534998,0.7260048664267499,0.2739951335732501
2025-04-28,163.91628536051073,164.60484399235878,160.04441449921725,162.08013916015625,20871200,0.0,0.0,0.000935168167974611,-1.427001953125,-1.0,-1.427001953125,0.0,0.0,0.010448002314672038,0.994775998842664,0.005224001157336019
2025-04-29,161.70591822711566,162.3395840048771,159.05647504559602,161.72088623046875,15955200,0.0,0.0,0.0007133141841083713,-1.7862548828125,-1.0,-1.7862548828125,0.0,0.0,0.016370840718419672,0.9918145796407901,0.008185420359209836
2025-04-30,159.5254860095647,161.0363102187278,156.82614452258727,160.55332946777344,20639500,0.0,0.0,0.000916074898548915,-2.9538116455078125,-1.0,-2.9538116455078125,0.0,0.0,0.04476614755310392,0.9776169262234481,0.02238307377655196
2025-05-01,162.17993201602457,163.59695884625,160.59324751027046,162.44935607910156,21904300,0.0,0.0,0.0009836936501823883,1.896026611328125,1.0,1.896026611328125,1.2573748413728936,0.43978526650769056,0.412024707975215,0.42590498724145276,0.5740950127585472
2025-05-02,164.60983654805946,166.3511802953172,163.31754813877285,165.46304321289062,16844900,0.0,0.0,0.0007705164936670533,4.9097137451171875,1.0,4.9097137451171875,0.0,0.0,2.0,1.0,0.0
2025-05-05,164.1707534829321,166.75035109742606,164.12584947218224,165.70254516601562,15309300,0.0,0.0,0.0007012889688586446,5.1492156982421875,1.0,5.1492156982421875,0.0,0.0,2.0,1.0,0.0
2025-05-06,163.61692872306404,166.39111049603875,162.7886636287067,164.8543243408203,10691900,0.0,0.0,0.0004872678155451759,-0.8482208251953125,-1.0,-0.8482208251953125,0.528884510066149,0.3887799266221003,0.027135366554994645,0.7920423534114525,0.20795764658854748
2025-05-07,165.7225072906682,166.64058037151528,149.1771989680043,152.4802703857422,78729800,0.0,0.0,0.0033186793764843486,-13.222274780273438,-1.0,-13.222274780273438,0.0,0.0,2.0,0.0,1.0
2025-05-08,155.59374524152167,157.08063299058793,153.7775613966295,155.42410278320312,38387500,0.0,0.0,0.0016493798830903988,2.9438323974609375,-1.0,-10.2784423828125,0.0,0.0,2.0,0.5,0.5
2025-05-09,155.22451097958617,156.10265920444155,153.5081089022484,154.0569610595703,22871000,0.0,0.0,0.000974044897040477,-1.3671417236328125,-1.0,-11.645584106445312,0.0,0.0,2.0,0.0,1.0
2025-05-12,158.767087161307,160.10427953850458,157.55961240306388,159.24607849121094,31884900,0.0,0.0,0.00140367414524363,5.189117431640625,1.0,5.189117431640625,3.0236465479166554,0.3395275713473005,0.1985475102837815,0.269037540815541,0.730962459184459
2025-05-13,159.5853580204337,161.72087936029618,157.25025823538817,160.55332946777344,24944300,0.0,0.0,0.001107141504972199,6.496368408203125,1.0,6.496368408203125,0.0,0.0,0.3111850603793904,0.1555925301896952,0.8444074698103048
2025-05-14,160.9724465842897,167.98773466385796,160.59323688479117,166.4609375,31769200,0.0,0.0,0.0014619452542959902,12.403976440429688,1.0,12.403976440429688,0.0,0.0,1.1344864490832391,0.5672432245416196,0.4327567754583804
2025-05-15,166.79025857078503,167.15947947237044,163.49716078272107,165.05389404296875,22717600,0.0,0.0,0.001036574971005994,-1.40704345703125,1.0,10.996932983398438,0.0,0.0,0.8917037730621553,0.5,0.5
2025-05-16,168.5765121778473,170.2929143521152,166.6006595267661,167.07965087890625,36271400,0.0,0.0,0.0016753300281971881,2.0257568359375,1.0,13.022689819335938,0.0,0.0,1.2504860185481237,0.6252430092740618,0.37475699072593815
2025-05-19,165.36823314911408,167.59855695920197,165.06885786199535,167.5187225341797,21374700,0.0,0.0,0.0009898647875449449,2.4648284912109375,-1.0,0.4390716552734375,0.0,0.0,0.0014215045390536419,0.0007107522695268209,0.9992892477304732
2025-05-20,167.4089723124178,169.32495306366755,163.9162957370762,164.97409057617188,33563300,0.0,0.0,0.0015307099057402618,-2.5446319580078125,-1.0,-2.105560302734375,2.6843637896898827,1.1128401582013987,2.0,0.0,1.0
2025-05-21,164.60483939502217,174.1647950905629,164.54496738120503,169.7041473388672,45567600,0.0,0.0,0.002137770630221822,4.7300567626953125,1.0,4.7300567626953125,6.566238131360933,1.9270835875381214,2.0,1.0,0.0
2025-05-22,172.98727611426764,177.75727288119202,171.52035082957954,171.62013244628906,45024100,0.0,0.0,0.0021361205989573534,6.6460418701171875,1.0,6.6460418701171875,0.0,0.0,2.0,1.0,0.0
2025-05-23,169.92369658602146,170.84676411617667,168.90582662036127,169.23513793945312,24963600,0.0,0.0,0.00116791234689265,-2.3849945068359375,-1.0,-2.3849945068359375,0.0,0.0,0.12878005913578316,0.9356099704321084,0.06439002956789158
2025-05-27,170.9415515853457,173.9252851567611,170.8517435680547,173.61593627929688,24341300,0.0,0.0,0.0011682770640151373,4.38079833984375,1.0,4.38079833984375,0.0,0.0,2.0,1.0,0.0
2025-05-28,173.61594729418155,176.1107161118287,172.65297018501624,173.0172119140625,25999200,0.0,0.0,0.0012435458114340298,-0.598724365234375,1.0,3.782073974609375,0.0,0.0,2.0,0.5,0.5
2025-05-29,174.63382348309548,175.0329804174553,171.42055991285764,172.5980987548828,21174700,0.0,0.0,0.0010103358614389618,-1.0178375244140625,-1.0,-0.4191131591796875,0.0,0.0,0.012280118442452088,0.9938599407787739,0.006140059221226044
2025-05-30,172.04923004578563,173.0770735186819,168.17234979116824,172.48831176757812,36258300,0.0,0.0,0.001728938735383944,-1.12762451171875,-1.0,-0.528900146484375,0.0,0.0,0.01955632907097944,0.9902218354645103,0.00977816453548972
2025-06-02,168.65633401739595,170.70404207052297,168.29708672339368,170.01348876953125,24742900,0.0,0.0,0.001162910988369239,-3.602447509765625,-1.0,-3.00372314453125,0.0,0.0,0.6307536374366381,0.684623181281681,0.3153768187183191
2025-06-03,168.51166710695887,169.44470824759915,166.33122627831037,167.3590850830078,25386700,0.0,0.0,0.00117454061423878,-6.2568511962890625,-1.0,-5.6581268310546875,0.0,0.0,2.0,0.0,1.0
2025-06-04,167.92787503026992,169.225157842239,167.44388927750356,169.03555297851562,18508700,0.0,0.0,0.0008649011404028205,1.6764678955078125,-1.0,-3.981658935546875,0.0,0.0,1.1083274104383858,0.5,0.5
2025-06-05,171.26087623375113,171.999333247985,168.9956372255751,169.4546661376953,25375400,0.0,0.0,0.0011887182324390553,2.0955810546875,1.0,0.4191131591796875,2.5546250003858404,1.4860909485335714,0.01107986532390716,0.7485854069287393,0.2514145930712607
2025-06-06,171.93945767537895,175.4620697761154,171.93945767537895,174.55397033691406,22258100,0.0,0.0,0.0010740643841977138,7.19488525390625,1.0,5.5184173583984375,0.0,0.0,1.9208832698437557,0.9604416349218778,0.03955836507812216
2025-06-09,175.71293650196031,177.75610840952234,175.5031325772629,177.47137451171875,18817600,0.21,0.0,0.0009232196519051815,10.112289428710938,1.0,8.435821533203125,0.0,0.0,2.0,1.0,0.0
2025-06-10,177.6012524442818,182.2820814822952,176.3174115528641,179.8492431640625,32908000,0.0,0.0,0.001636148046228932,12.490158081054688,1.0,10.813690185546875,0.0,0.0,2.0,1.0,0.0
2025-06-11,181.06816418757248,181.587704115862,177.84105272420047,178.63034057617188,18994400,0.0,0.0,0.0009379794003576854,-1.218902587890625,1.0,9.59478759765625,0.0,0.0,2.0,0.5,0.5
2025-06-12,177.32150502104858,177.97093371422645,175.95273331776258,176.8119659423828,17345900,0.0,0.0,0.0008478538297830463,-3.0372772216796875,-1.0,-1.8183746337890625,0.36467823510150765,0.014416200783975038,0.035916664555421494,0.9748335673303017,0.025166432669698265
2025-06-13,173.4249969901244,178.18374417661255,173.41501140826213,175.7229461669922,20873200,0.0,0.0,0.0010139814390354893,-4.1262969970703125,-1.0,-2.9073944091796875,0.0,0.0,0.09181997533451314,0.9540900123327434,0.04590998766725657
2025-06-16,175.74791106095938,178.08581772153445,175.66299550545116,177.78109741210938,18132500,0.0,0.0,0.0008911601618688932,2.0581512451171875,-1.0,-0.8492431640625,0.11488400730800663,0.003115764175896906,0.007834177176886116,0.2845461976017805,0.7154538023982195
2025-06-17,176.84194122313968,178.5554060908411,175.78289022905207,177.0717315673828,17656100,0.0,0.0,0.0008642840712111417,-0.7093658447265625,1.0,-0.7093658447265625,0.37166191422855377,0.2745083574759815,0.005466002391804173,0.8600128200661071,0.13998717993389284
2025-06-18,177.12168687013792,177.66520741745524,172.68564937270733,173.8246307373047,32531800,0.0,0.0,0.0015632624783443647,-3.9564666748046875,-1.0,-3.247100830078125,0.0,0.0,0.1145304110003242,0.9427347944998379,0.0572652055001621
2025-06-20,174.70885376714864,175.2084072749372,166.1215277486504,167.58021545410156,55402600,0.0,0.0,0.002566642525572174,-10.200881958007812,-1.0,-9.49151611328125,0.0,0.0,0.978589267798578,0.510705366100711,0.489294633899289
2025-06-23,167.17059840849774,168.32955099660168,163.18415580302408,165.86175537109375,36975600,0.0,0.0,0.0016954070401187073,-11.919342041015625,-1.0,-11.209976196289062,0.0,0.0,1.365018855931779,0.31749057203411046,0.6825094279658895
2025-06-24,167.5352511496685,169.09885600930554,166.7609493398623,167.5902099609375,27310300,0.0,0.0,0.0012652828186371567,1.72845458984375,1.0,1.72845458984375,0.0,0.0,0.023774235895165207,0.011887117947582604,0.9881128820524174
2025-06-25,168.49939276403427,173.2051935344053,168.41048297188135,171.3368682861328,23627400,0.0,0.0,0.0011191266895966016,5.4751129150390625,1.0,5.4751129150390625,0.0,0.0,0.23854854919337412,0.11927427459668706,0.880725725403313
2025-06-26,173.23016594590123,174.4940357220232,170.70742680723183,174.27423095703125,25909100,0.0,0.0,0.0012482397170854006,8.4124755859375,1.0,8.4124755859375,0.0,0.0,0.5631683673771485,0.28158418368857424,0.7184158163114258
2025-06-27,174.47406045255778,178.6802923892228,172.55577684017305,178.11080932617188,74053100,0.0,0.0,0.00364624641848984,12.249053955078125,1.0,12.249053955078125,0.0,0.0,1.193976322546107,0.5969881612730535,0.40301183872694646
2025-06-30,180.6235705829387,181.41785885338717,175.34328619730314,177.23159790039062,43964600,0.0,0.0,0.0021540549309495313,-0.87921142578125,1.0,11.369842529296875,0.0,0.0,1.0287255321913205,0.5,0.5
2025-07-01,176.64711220363492,177.06175016091655,174.50403858767385,176.7520294189453,25778500,0.0,0.0,0.0012596054957838727,-1.3587799072265625,-1.0,-0.4795684814453125,0.0,0.0,0.0017790672501020908,0.9991104663749489,0.0008895336250510454
2025-07-02,176.38734664225254,179.77431882306013,175.93275111969743,179.59947204589844,19325900,0.0,0.0,0.0009595271739787269,2.847442626953125,1.0,2.847442626953125,0.0,0.0,2.0,1.0,0.0
2025-07-03,179.65943481772604,180.60858345440707,178.03088546799643,180.38877868652344,13287400,0.0,0.0,0.000662616158214608,3.636749267578125,1.0,3.636749267578125,0.0,0.0,2.0,1.0,0.0
2025-07-07,179.9741410589373,180.1789598314395,176.48226683459202,177.4014434814453,20991400,0.0,0.0,0.0010294637260722167,-2.987335205078125,-1.0,-2.987335205078125,0.0,0.0,0.6747473597371169,0.6626263201314415,0.33737367986855843
2025-07-08,178.62034827773374,178.63033385947716,173.76468764691197,175.0035858154297,24108600,0.0,0.0,0.0011663568215262187,-5.38519287109375,-1.0,-5.38519287109375,0.0,0.0,2.0,0.0,1.0
2025-07-09,175.95273909172283,180.11901356387378,173.72473469070374,177.50135803222656,31288000,0.0,0.0,0.0015352955033358245,2.497772216796875,-1.0,-2.887420654296875,0.0,0.0,0.6303668952637388,0.5,0.5
2025-07-10,176.512234511381,179.4296251657738,175.5830723051054,178.54042053222656,24693700,0.0,0.0,0.0012188077747359038,3.536834716796875,-1.0,-1.848358154296875,0.7992913062966522,0.051071739345748365,0.25831256713927647,0.16507540387547226,0.8349245961245277
2025-07-11,177.75112886809936,182.44692868840252,177.38245509455163,181.14808654785156,23975700,0.0,0.0,0.0012006530865080562,6.144500732421875,1.0,2.607666015625,2.3279151245287437,0.1435360806125122,1.990360199204457,1.0,0.0
2025-07-14,181.9074143693571,184.5650273381907,180.5496192082718,182.6467437744141,20990400,0.0,0.0,0.001059851804580609,7.643157958984403,1.0,4.106323242187528,0.0,0.0,2.0,1.0,0.0
2025-07-15,183.77573911870363,185.2444275891529,182.22712026096616,182.93649291992188,23911600,0.0,0.0,0.001209264993714064,7.9329071044921875,1.0,4.3960723876953125,0.0,0.0,2.0,1.0,0.0
2025-07-16,184.1554078901505,185.16950087616135,182.91650973311008,183.60589599609375,21152600,0.0,0.0,0.0010736503623460852,8.602310180664062,1.0,5.0654754638671875,0.0,0.0,2.0,1.0,0.0
2025-07-17,182.95148859796868,185.02162933119868,181.33792526233427,184.5350646972656,21654400,0.0,0.0,0.0011046826958330197,9.531478881835909,-1.0,0.9291687011718466,0.8891949986318934,0.00870308935864396,0.25270677706646905,0.1307049332125565,0.8692950667874435
2025-07-18,186.45334173485833,187.19268639627012,184.56503013215195,185.77395629882812,21033400,0.0,0.0,0.001080206549064259,10.770370483398438,1.0,1.2388916015625284,0.0,0.0,0.4492564925626597,0.22462824628132985,0.7753717537186702
2025-07-21,186.9329227356617,191.08919620124823,186.88296433744753,190.9792938232422,24665000,0.0,0.0,0.001302206616931669,15.9757080078125,1.0,6.444229125976591,0.0,0.0,2.0,1.0,0.0
2025-07-22,192.2481667751554,193.18732979274287,188.32666875796485,191.93844604492188,26212900,0.0,0.0,0.001390879608288561,16.934860229492188,1.0,7.403381347656278,0.0,0.0,2.0,1.0,0.0
2025-07-23,192.1882210378446,193.18732802696937,190.010159874068,191.33897399902344,34068100,0.0,0.0,0.0018020376028074255,-0.5994720458984375,1.0,6.803909301757841,0.0,0.0,2.0,0.5,0.5
2025-07-24,197.9330847594232,198.79231737351353,191.77858209315576,193.0274658203125,45252100,0.0,0.0,0.002414739810172292,1.6884918212890625,1.0,8.492401123046903,0.0,0.0,2.0,1.0,0.0
2025-07-25,192.75771028339912,195.10061746773783,191.95843686256575,193.9066925048828,31101800,0.0,0.0,0.0016672119626060993,2.567718505859375,1.0,9.371627807617216,0.0,0.0,2.0,1.0,0.0
2025-07-28,194.23639006720387,194.6460275845246,191.68366382649796,193.2472686767578,25553500,0.0,0.0,0.0013651370450668218,-0.659423828125,-1.0,-0.659423828125,0.09491826665779968,0.02071907321743655,0.004951071609274701,0.9871649275866444,0.012835072413355625
2025-07-29,193.1273831421187,196.4843832196581,192.817662416167,196.25457763671875,31891600,0.0,0.0,0.0017302489670791602,3.0073089599609375,1.0,3.0073089599609375,1.383765751920265,0.21172349714976135,2.0,1.0,0.0
2025-07-30,196.12470577159496,198.30275169861977,195.3853611085289,197.26368713378903,21150500,0.0,0.0,0.0011534008839376823,4.016418457031222,1.0,4.016418457031222,0.0,0.0,2.0,1.0,0.0
2025-07-31,196.4244402882278,196.65423062723093,191.90847242579005,192.68777465820312,27852000,0.0,0.0,0.0014836212410054086,-4.575912475585909,-1.0,-4.575912475585909,0.9091899903769445,0.039477884625416494,1.2980084201161903,0.3312568476291966,0.6687431523708034
2025-08-01,189.6105186355703,191.44687467641603,188.5314812837375,189.7803649902344,21236700,0.0,0.0,0.001114168316882565,-7.483322143554631,-1.0,-7.483322143554631,0.0,0.0,2.0,0.0,1.0
2025-08-04,191.00428383507187,195.9049024520249,190.74950667153828,195.5751953125,23386000,0.0,0.0,0.0012643933785947445,5.794830322265597,1.0,5.794830322265597,0.0,0.0,0.5996427200130222,0.2998213600065111,0.7001786399934888
2025-08-05,195.3703740315239,198.5225553573162,194.5011558308944,195.1455841064453,19010200,0.0,0.0,0.0010255525269064424,-0.4296112060546875,1.0,5.365219116210909,0.0,0.0,0.5140271333142055,0.5,0.5
2025-08-06,195.0756489615275,197.20375182865104,194.2933433951165,196.74415588378903,15383700,0.0,0.0,0.0008367103435141334,1.5985717773437216,-1.0,1.5985717773437216,0.0,0.0,0.045632619533028315,0.022816309766514158,0.9771836902334858
2025-08-07,197.53344472313984,198.19284373359991,195.04566289247063,197.10382080078125,14660600,0.0,0.0,0.0007988390426372551,1.9582366943359375,1.0,0.3596649169922159,0.0,0.0,0.002309974959197194,0.001154987479598597,0.9988450125204014
2025-08-08,197.80320024624655,203.24833036524188,197.7232698565624,201.90953063964844,24379900,0.0,0.0,0.001360821725050085,6.763946533203125,1.0,5.165374755859403,0.0,0.0,0.47644721097024934,0.23822360548512467,0.7617763945148753
2025-08-11,201.3750059500439,201.97947666721265,199.6215835153614,201.449951171875,16690200,0.0,0.0,0.0009294824674741866,-0.4595794677734375,1.0,4.705795288085966,0.0,0.0,0.39543688705386865,0.5,0.5
2025-08-12,201.91453322711988,204.9468266736469,201.2201465346662,203.97769165039065,19854000,0.0,0.0,0.0011195492030202448,2.5277404785156534,1.0,7.233535766601619,0.0,0.0,0.93435601113033,0.467178005565165,0.532821994434835
2025-08-13,204.79694945685728,205.24654455972473,198.46261470892657,202.84869384765625,19573000,0.0,0.0,0.0010975949661539376,-1.1289978027344034,1.0,6.104537963867216,1.1589688064348422,1.0537978321924217,0.6654519705381932,0.3870595008830495,0.6129404991169505
2025-08-14,202.37911588398708,205.2365625759638,202.14432512407217,203.63800048828125,17777100,0.0,0.0,0.001000765290589589,0.789306640625,1.0,6.893844604492216,0.0,0.0,0.8486607110720149,0.42433035553600745,0.5756696444639926
2025-08-15,204.5371874933008,207.14485738883576,201.9045460206804,204.72702026367188,21111400,0.0,0.0,0.0011948260833352575,1.878326416015625,1.0,7.982864379882841,0.0,0.0,1.1379642533097947,0.5689821266548973,0.43101787334510266
2025-08-18,204.88687667774633,205.95591322393057,203.22835542424343,204.10755920410156,13000200,0.0,0.0,0.0007335363127115397,-0.6194610595703125,1.0,7.363403320312528,0.0,0.0,0.968207172504596,0.5,0.5
2025-08-19,203.72291858829,204.10756930819693,200.75056906348905,202.30918884277344,13476600,0.0,0.0,0.0007537172274354128,-2.4178314208984375,-1.0,-1.798370361328125,1.153976957191361,0.22779397829658085,0.05964871535657885,0.8562786531734201,0.14372134682657986
2025-08-20,201.49989012472352,201.9894580373513,197.28367265876727,200.01123046875,13971700,0.0,0.0,0.0007725313782955479,-4.715789794921875,-1.0,-4.0963287353515625,0.0,0.0,0.3094798844444563,0.8452600577777718,0.15473994222222814
2025-08-21,200.54075847297617,203.17840034597592,200.22103691495775,200.4408416748047,11768900,0.0,0.0,0.0006521306092262711,0.4296112060546875,1.0,0.4296112060546875,0.0,0.0,0.010999212640492388,0.005499606320246194,0.9945003936797538
2025-08-22,203.7778705571345,209.0431534739571,201.94950291655513,206.535400390625,25723700,0.0,0.0,0.001468724812339817,6.524169921875,1.0,6.524169921875,0.0,0.0,2.0,1.0,0.0
2025-08-25,206.8151460768586,210.90148999026275,205.7660806926536,208.9732208251953,22788800,0.0,0.0,0.0013165112911148749,8.961990356445312,1.0,8.961990356445312,0.0,0.0,2.0,1.0,0.0
2025-08-26,208.18392059569848,208.2738518119723,206.2656369861855,207.76429748535156,23051000,0.0,0.0,0.0013239548822016806,-1.20892333984375,1.0,7.7530670166015625,0.0,0.0,2.0,0.5,0.5
2025-08-27,206.2756410923181,209.3828645197921,206.20569628356685,208.02407836914065,15249000,0.0,0.0,0.0008769351252170983,0.2597808837890909,1.0,8.012847900390653,0.0,0.0,2.0,1.0,0.0
2025-08-28,207.6543902459798,212.70986910562976,207.4146143286289,212.1803436279297,20915700,0.0,0.0,0.0012268459887142095,4.416046142578125,1.0,12.169113159179688,0.0,0.0,2.0,1.0,0.0
2025-08-29,211.08133343259135,215.14769086553312,210.78159829310977,213.3393096923828,24682200,0.0,0.0,0.0014556844656672954,5.57501220703125,1.0,13.328079223632812,0.0,0.0,2.0,1.0,0.0
2025-09-02,208.80338386353435,212.17936432543956,206.775197810542,211.8007049560547,28900100,0.0,0.0,0.0016921514937494845,-1.538604736328125,-1.0,-1.538604736328125,0.6394165180868754,0.1727084444006948,0.01332658884199236,0.9069824833786564,0.09301751662134358
2025-09-03,226.27774633104264,231.5930028238812,224.91896021781164,230.8936309814453,72250300,0.0,0.0,0.004611732442393119,19.092926025390625,1.0,19.092926025390625,16.44531195834807,0.7418895479875436,2.0,1.0,0.0
2025-09-04,229.949472058356,232.56214237085004,226.55749949973745,232.4522399902344,32196000,0.0,0.0,0.002068941205234642,20.651535034179716,1.0,20.651535034179716,0.0,0.0,2.0,1.0,0.0
2025-09-05,232.4522383723282,235.9191408833356,232.1724896318287,234.95999145507812,26127700,0.0,0.0,0.0016971006250718296,23.159286499023438,1.0,23.159286499023438,0.0,0.0,2.0,1.0,0.0
2025-09-08,235.7899932861328,238.3999938964844,233.72999572753903,234.16000366210935,23128800,0.21,0.0,0.0014971948059236925,-0.7999877929687784,1.0,22.35929870605466,0.0,0.0,2.0,0.5,0.5
2025-09-09,234.19000244140625,240.58999633789065,233.3800048828125,239.94000244140625,22854800,0.0,0.0,0.0015159768835554977,5.779998779296903,1.0,28.139297485351562,0.0,0.0,2.0,1.0,0.0
2025-09-10,239.25,242.0800018310547,238.11000061035156,239.55999755859375,19990100,0.0,0.0,0.0013238590892722254,-0.3800048828125,1.0,27.759292602539062,0.0,0.0,2.0,0.5,0.5
2025-09-11,240.13999938964844,242.57000732421875,236.5800018310547,240.77999877929688,21308600,0.0,0.0,0.0014183643920233418,1.220001220703125,1.0,28.979293823242188,0.0,0.0,2.0,1.0,0.0
2025-09-12,240.8000030517578,242.42300415039065,238.5,241.3800048828125,14536600,0.0,0.0,0.000970010927672085,1.82000732421875,1.0,29.579299926757812,0.0,0.0,2.0,1.0,0.0
2025-09-15,245.13999938964844,252.75,244.97999572753903,251.7599945068359,29935200,0.0,0.0,0.0020834418298190144,12.199996948242159,1.0,39.95928955078122,0.0,0.0,2.0,1.0,0.0
2025-09-16,252.3300018310547,253.22999572753903,249.71499633789065,251.4199981689453,24493500,0.0,0.0,0.0017024060807618506,-0.3399963378905966,1.0,39.619293212890625,0.0,0.0,2.0,0.5,0.5
2025-09-17,251.4600067138672,251.9499969482422,246.5800018310547,249.8500061035156,20491300,0.0,0.0,0.0014153419230600553,-1.9099884033203125,-1.0,-1.569992065429716,0.0,0.0,0.0015702957949183447,0.9992148521025408,0.0007851478974591723
2025-09-18,251.86000061035156,254.13999938964844,250.11000061035156,252.3300018310547,21166400,0.0,0.0,0.001476482775289724,2.479995727539091,1.0,2.479995727539091,0.9100036621094034,0.13464319691869364,2.0,1.0,0.0
2025-09-19,253.3999938964844,256.70001220703125,252.0679931640625,255.2400054931641,41616800,0.0,0.0,0.002936499448058898,5.389999389648494,1.0,5.389999389648494,0.0,0.0,2.0,1.0,0.0
2025-09-22,254.77999877929688,256.30999755859375,250.80999755859375,252.8800048828125,20079000,0.0,0.0,0.0014036830827760397,-2.360000610351591,-1.0,-2.360000610351591,0.0,0.0,0.1917108967075964,0.9041445516462018,0.0958554483537982
2025-09-23,253.65499877929688,254.77000427246097,251.08999633789065,252.33999633789065,17521100,0.0,0.0,0.001222249745819153,-2.9000091552734375,-1.0,-2.9000091552734375,0.0,0.0,0.28948182765931424,0.8552590861703429,0.14474091382965712
2025-09-24,252.1499938964844,252.9600067138672,247.22000122070312,247.8300018310547,16958500,0.0,0.0,0.0011618600279384391,-7.410003662109403,-1.0,-7.410003662109403,0.0,0.0,1.8899895948254772,0.05500520258726138,0.9449947974127386
2025-09-25,244.83999633789065,247.31500244140625,241.6499938964844,246.57000732421875,17379800,0.0,0.0,0.0011846703454918043,-8.669998168945341,-1.0,-8.669998168945341,0.0,0.0,2.0,0.0,1.0
2025-09-26,247.78500366210935,250.1199951171875,246.63999938964844,247.17999267578125,16594600,0.0,0.0,0.0011339465876618233,0.6099853515625,1.0,0.6099853515625,0.0,0.0,0.004949949863362811,0.0024749749316814056,0.9975250250683186
2025-09-29,248.2749938964844,251.6479949951172,243.1999969482422,244.36000061035156,23157200,0.0,0.0,0.0015643310259961403,-2.8199920654296875,1.0,-2.2100067138671875,0.0,0.0,2.0,0.0,1.0
2025-09-30,243.05999755859375,243.6750030517578,239.5709991455078,243.5500030517578,22541200,0.0,0.0,0.0015176711082496256,-3.6299896240234375,-1.0,-0.80999755859375,0.0,0.0,1.763309746904777,0.11834512654761153,0.8816548734523885
2025-10-01,241.17999267578125,247.1499938964844,239.1999969482422,245.5399932861328,23967700,0.0,0.0,0.0016269008818560401,1.989990234375,-1.0,1.17999267578125,0.0,0.0,2.0,1.0,0.0
2025-10-02,245.63999938964844,247.6349945068359,243.10499572753903,246.42999267578125,20657500,0.0,0.0,0.0014072907089643556,2.8799896240234375,1.0,0.8899993896484375,0.0,0.0,1.207291096628566,0.603645548314283,0.39635445168571704
2025-10-03,245.22999572753903,247.1179962158203,242.47000122070312,246.4499969482422,19941400,0.0,0.0,0.0013586167262312242,2.899993896484375,-1.0,0.0200042724609375,0.0,0.0,0.000609927341865683,0.0003049636709328415,0.9996950363290672
2025-10-06,245.77999877929688,252.1999969482422,245.69000244140625,251.5099945068359,18309000,0.0,0.0,0.0012730116182121777,7.959991455078097,1.0,5.059997558593722,0.0,0.0,2.0,1.0,0.0
2025-10-07,248.92999267578125,251.5500030517578,246.80999755859375,247.1300048828125,13811200,0.0,0.0,0.0009435597072274878,-4.379989624023409,1.0,0.6800079345703125,0.0,0.0,0.7047913101342401,0.5,0.5
2025-10-08,246.1999969482422,247.2599945068359,245.08999633789065,245.4600067138672,14136500,0.0,0.0,0.0009592573469775953,-6.049987792968722,-1.0,-1.6699981689453125,0.6000061035155966,0.009835633550373023,2.0,0.0,1.0
2025-10-09,245.05999755859375,245.55499267578125,239.67999267578125,242.2100067138672,19375700,0.0,0.0,0.001297364404506027,-9.299987792968722,-1.0,-4.9199981689453125,0.0,0.0,2.0,0.0,1.0
2025-10-10,242.16000366210935,244.83999633789065,236.68499755859375,237.4900054931641,22449100,0.0,0.0,0.0014738618139493577,-14.019989013671818,-1.0,-9.639999389648409,0.0,0.0,2.0,0.0,1.0
2025-10-13,241.02999877929688,244.9900054931641,240.75,244.63999938964844,12465000,0.0,0.0,0.0008430090650337552,7.149993896484347,1.0,7.149993896484347,0.0,0.0,0.5501198670105328,0.2750599335052664,0.7249400664947336
2025-10-14,241.7550048828125,248.0249938964844,241.1779937744141,246.19000244140625,17705400,0.0,0.0,0.0012050044487654581,8.699996948242159,1.0,8.699996948242159,0.0,0.0,0.8144870577723685,0.40724352888618426,0.5927564711138158
2025-10-15,248.0850067138672,252.7599945068359,246.7899932861328,251.7100067138672,16048100,0.0,0.0,0.0011167002104997092,14.220001220703097,1.0,14.220001220703097,0.0,0.0,2.0,1.0,0.0
2025-10-16,252.46499633789065,257.5799865722656,250.6699981689453,251.8800048828125,18946000,0.0,0.0,0.0013192397267215747,14.389999389648409,1.0,14.389999389648409,0.0,0.0,2.0,1.0,0.0
2025-10-17,251.3500061035156,254.8800048828125,248.58999633789065,253.7899932861328,17653800,0.0,0.0,0.0012385832179307168,16.29998779296872,-1.0,1.9099884033203125,0.0,0.0,0.03925612681823254,0.01962806340911627,0.9803719365908837
2025-10-20,255.22999572753903,257.8800048828125,254.6000061035156,257.0199890136719,13726800,0.0,0.0,0.000975323529472736,19.529983520507784,1.0,3.2299957275390625,0.0,0.0,0.1122664223350204,0.0561332111675102,0.9438667888324898
2025-10-21,255.25,255.3800048828125,244.6699981689453,251.33999633789065,27836400,0.0,0.0,0.0019341367095217425,-5.679992675781222,-1.0,-5.679992675781222,3.919998168945341,0.47629516941566485,2.0,0.0,1.0
2025-10-22,255.0099945068359,257.17999267578125,250.4510040283203,252.52999877929688,19650200,0.0,0.0,0.001371805205449428,1.1900024414062216,1.0,1.1900024414062216,0.0,0.0,0.04389349405581419,0.021946747027907096,0.9780532529720929
2025-10-23,253.6999969482422,255.86000061035156,252.76800537109375,253.72999572753903,13241300,0.0,0.0,0.0009287844426172386,2.3899993896483807,1.0,2.3899993896483807,0.0,0.0,0.17705167048212353,0.08852583524106176,0.9114741647589383
2025-10-24,257.29998779296875,262.510009765625,256.1000061035156,260.510009765625,18406000,0.0,0.0,0.0013255506522085814,9.170013427734347,1.0,9.170013427734347,0.0,0.0,2.0,1.0,0.0
2025-10-27,265.3599853515625,270.79998779296875,264.94000244140625,269.92999267578125,22987700,0.0,0.0,0.0017153753246521638,18.589996337890597,1.0,18.589996337890597,0.0,0.0,2.0,1.0,0.0
2025-10-28,270.20001220703125,271.3800048828125,267.1700134277344,268.42999267578125,20101200,0.0,0.0,0.0014916451455891054,-1.5,1.0,17.089996337890597,0.0,0.0,2.0,0.5,0.5
2025-10-29,268.6099853515625,275.9700012207031,268.42999267578125,275.1700134277344,26287900,0.0,0.0,0.0019997213986073983,6.740020751953125,1.0,23.83001708984372,0.0,0.0,2.0,1.0,0.0
2025-10-30,291.7200012207031,291.92999267578125,280.45001220703125,281.8999938964844,48570000,0.0,0.0,0.0037850852449876245,13.470001220703125,1.0,30.55999755859372,0.0,0.0,2.0,1.0,0.0
2025-10-31,283.2049865722656,286.2850036621094,277.52301025390625,281.82000732421875,29932800,0.0,0.0,0.0023320167239508837,-0.079986572265625,-1.0,-0.079986572265625,0.0,0.0,6.850583142851197e-06,0.9999965747084286,3.4252915714255986e-06
2025-11-03,282.4200134277344,285.94000244140625,280.3699951171875,284.1199951171875,19691800,0.0,0.0,0.0015466772929407441,2.29998779296875,-1.0,2.220001220703125,0.0,0.0,2.0,1.0,0.0
2025-11-04,277.06500244140625,281.8340148925781,276.864990234375,278.05999755859375,18123700,0.0,0.0,0.001393149983742737,-6.05999755859375,-1.0,-3.839996337890625,0.65802001953125,0.011790529658959542,2.0,0.0,1.0
2025-11-05,279.3800048828125,286.70001220703125,277.8800048828125,284.75,20063200,0.0,0.0,0.0015793428916594614,6.69000244140625,1.0,6.69000244140625,0.760009765625,0.012905825625186041,2.0,1.0,0.0
2025-11-06,285.7349853515625,288.80999755859375,281.6199951171875,285.3399963378906,23103800,0.0,0.0,0.001822462339734758,7.279998779296875,1.0,7.279998779296875,0.0,0.0,2.0,1.0,0.0
2025-11-07,284.2099914550781,284.5,275.739990234375,279.70001220703125,21991100,0.0,0.0,0.0017004032783822238,-5.639984130859375,-1.0,-5.639984130859375,2.1400146484375,0.143971897383898,0.6001960750492867,0.6279160137834077,0.3720839862165924
2025-11-10,285.2650146484375,291.4599914550781,283.5400085449219,290.5899963378906,19508200,0.0,0.0,0.0015671492303338099,10.889984130859375,1.0,10.889984130859375,2.649993896484375,0.05921547993524796,2.0,1.0,0.0
2025-11-11,288.20001220703125,292.3399963378906,287.8800048828125,291.739990234375,14156700,0.0,0.0,0.0011417486001715634,12.03997802734375,1.0,12.03997802734375,0.0,0.0,2.0,1.0,0.0
2025-11-12,292.0849914550781,292.3599853515625,284.3800048828125,287.42999267578125,16998800,0.0,0.0,0.0013507122633267122,-4.30999755859375,1.0,7.72998046875,0.0,0.0,1.8784560100644756,0.5,0.5
2025-11-13,282.9849853515625,283.510009765625,278.0,279.1199951171875,18060200,0.0,0.0,0.0013935610494190261,-12.6199951171875,-1.0,-8.30999755859375,9.8800048828125,0.61290892390654,1.1556996964252464,0.11569568983410683,0.8843043101658932
2025-11-14,271.8949890136719,279.1499938964844,271.4100036621094,276.9800109863281,18330500,0.0,0.0,0.0014035737404637938,-14.759979248046875,-1.0,-10.449981689453125,0.0,0.0,1.8275710325355399,0.08621448373223006,0.9137855162677699
2025-11-17,286.3999938964844,294.5199890136719,284.2300109863281,285.6000061035156,34286100,0.0,0.0,0.002707003359470948,8.6199951171875,1.0,8.6199951171875,11.009979248046875,1.631394377353869,0.6804292595304495,1.0,0.0
2025-11-18,288.4849853515625,289.43499755859375,279.010009765625,284.9599914550781,29702200,0.0,0.0,0.0023398337557559,-0.6400146484375,-1.0,-0.6400146484375,0.0,0.0,0.0055127181468841175,0.9972436409265579,0.0027563590734420588
2025-11-19,287.68499755859375,304.25,287.6700134277344,292.989990234375,43123600,0.0,0.0,0.0034928528298955024,8.029998779296875,1.0,8.029998779296875,9.730010986328125,1.4682354399221171,2.0,1.0,0.0
2025-11-20,304.739990234375,306.8900146484375,289.1700134277344,289.9800109863281,34801400,0.0,0.0,0.002789826993550675,-3.009979248046875,1.0,5.02001953125,0.0,0.0,2.0,0.5,0.5
2025-11-21,297.2900085449219,303.9599914550781,294.3599853515625,299.6499938964844,43507900,0.0,0.0,0.0036040838775639786,9.66998291015625,1.0,14.69000244140625,0.0,0.0,2.0,1.0,0.0
