Date,Open,High,Low,Close,Volume,Dividends,Stock Splits,relative_volume,ATRP,fast_trend_run,structural_direction,slow_trend_run,breaking_gap,fast_swing_ratio,slow_swing_ratio,p_up,p_down
2020-12-08,130.96462830526963,132.83305646952837,130.571737084836,132.31793212890625,8339800,0.0,0.0,0.002252372226824106,0.010933711792623604,2.25262451171875,1.0,2.25262451171875,1.5978057984141287,0.5031186016665349,2.0,1.0,0.0
2020-12-09,133.4354788409686,134.02045250729503,132.5012582170082,133.6712188720703,8440100,0.0,0.0,0.002302774030876818,0.010959705197930391,3.6059112548828125,1.0,3.6059112548828125,0.0,0.0,2.0,1.0,0.0
2020-12-10,133.42673373778393,133.5664191786154,132.43139004151297,132.92906188964844,7392900,0.0,0.0,0.0020058598908857354,0.010899901647817992,-0.742156982421875,-1.0,-0.742156982421875,0.0,0.0,0.042360539963376534,0.9788197300183117,0.021180269981688267
2020-12-11,132.30041055040118,133.9418374614851,132.03847873997637,133.5402069091797,5977400,0.0,0.0,0.0016292592177498577,0.011093093935133205,0.61114501953125,-1.0,-0.131011962890625,0.0,0.0,0.0013200544298520218,0.5,0.5
2020-12-14,133.80214297076233,134.00295159209247,130.0827537762545,130.15260314941406,8547300,0.0,0.0,0.002270636573911028,0.012720266181317216,-3.387603759765625,-1.0,-3.51861572265625,0.4365324134770674,0.01660534031867331,0.9521680612537107,0.515613299213808,0.484386700786192
2020-12-15,130.96460836688706,131.61943140872148,130.55425152821144,131.4622802734375,7612600,0.0,0.0,0.002042678389843773,0.01249098820413677,1.3096771240234375,-1.0,-2.2089385986328125,0.0,0.0,0.3752642734382988,0.5,0.5
2020-12-16,131.13920838668673,131.7678394921387,130.57170048540155,130.6764678955078,8486100,0.0,0.0,0.0022634523444786427,0.012322340088238262,-0.7858123779296875,1.0,-0.7858123779296875,0.0,0.0,0.04749060067297357,0.9762546996635132,0.023745300336486783
2020-12-17,131.04318097488078,134.3609536430575,130.92968737609746,134.12521362304688,9920300,0.0,0.0,0.00271582045652198,0.013110139776303657,3.4487457275390625,1.0,2.662933349609375,2.7415222343360313,0.6319186805120358,2.0,1.0,0.0
2020-12-18,134.151403198242,135.41740502027184,132.42267416649966,134.9022674560547,17137200,0.0,0.0,0.00471872792558831,0.013689240798933933,4.225799560546875,1.0,3.4399871826171875,0.0,0.0,2.0,1.0,0.0
2020-12-21,132.719527260103,133.9418715793073,131.00826386458914,133.6013641357422,7893400,0.0,0.0,0.0021524884342397957,0.014917099985052125,-1.3009033203125,-1.0,-1.3009033203125,0.0,0.0,0.1430132892950916,0.9284933553524541,0.0715066446475458
2020-12-22,133.0600646624368,134.36971102061986,132.588597835352,133.33946228027344,4699500,0.0,0.0,0.0012790165851455336,0.014832923696150652,-1.56280517578125,1.0,-0.26190185546875,0.0,0.0,0.005796468788067074,0.9971017656059664,0.002898234394033537
2020-12-23,133.4092810203809,134.1077615820139,132.62348539264048,132.65841674804688,4607300,0.0,0.0,0.0012475188724218884,0.014643332941638046,-2.2438507080078125,1.0,-0.9429473876953125,0.1658900027065897,0.005465784590679681,0.07513828436933932,0.9596979655199905,0.040302034480009505
2020-12-24,132.5798386882167,133.6188133498633,132.5536468333589,133.12115478515625,2114900,0.0,0.0,0.0005746491071394553,0.01412164960899103,0.462738037109375,-1.0,0.462738037109375,0.0,0.0,0.24082162170744298,0.12041081085372149,0.8795891891462785
2020-12-28,133.8632932966412,134.34348618551877,132.9727302613843,133.74978637695312,3855500,0.0,0.0,0.0010525424666364904,0.013783375749453498,1.09136962890625,1.0,0.628631591796875,0.0,0.0,0.4444444444444444,0.2222222222222222,0.7777777777777778
2020-12-29,134.5530012667317,135.26893399647994,134.282343283934,134.57919311523438,5212000,0.0,0.0,0.0014316872253817773,0.013526265165702742,1.9207763671875,1.0,1.458038330078125,0.0,0.0,2.0,1.0,0.0
2020-12-30,135.1030860564262,136.53496514914053,134.980852962746,136.24684143066406,5412800,0.0,0.0,0.001505269444976468,0.013431699112695213,3.5884246826171875,1.0,3.1256866455078125,0.0,0.0,2.0,1.0,0.0
2020-12-31,136.66591253987335,137.65251670321862,135.42611603391742,137.40805053710938,5099900,0.0,0.0,0.001430341242559514,0.013524236803436587,4.7496337890625,1.0,4.286895751953125,0.0,0.0,2.0,1.0,0.0
2021-01-04,137.28582151665742,137.4080546033292,134.5704884347848,136.6397247314453,11765900,0.0,0.0,0.0032814663422175146,0.014112175757774006,-0.7683258056640625,-1.0,-0.7683258056640625,0.4103645279612067,0.28526519457889543,0.03212217878716783,0.8413063133169684,0.15869368668303163
2021-01-05,136.4214909313605,138.61296096561384,135.39124222660425,138.2462615966797,9602300,0.0,0.0,0.002709533276812052,0.014616467720114792,1.606536865234375,1.0,1.606536865234375,0.9604442623952139,0.3574069072022934,2.0,1.0,0.0
2021-01-06,137.28583074162162,139.89638326575871,136.83181639387286,139.54714965820312,8230100,0.0,0.0,0.0023441851207956473,0.015014537689765045,2.9074249267578125,1.0,2.9074249267578125,0.0,0.0,2.0,1.0,0.0
2021-01-07,138.8224463768248,140.59483251949123,138.25493856022126,140.01858520507812,7747200,0.0,0.0,0.0022140951242579357,0.015088793447618553,3.3788604736328125,1.0,3.3788604736328125,0.0,0.0,2.0,1.0,0.0
2021-01-08,140.14082549604476,140.65596296436863,139.5907833243043,139.73046875,8228900,0.0,0.0,0.002346922363771138,0.014584419734305673,-0.288116455078125,1.0,3.0907440185546875,0.0,0.0,2.0,0.5,0.5
2021-01-11,140.18449569654825,140.84805814883163,138.6216574433578,139.1455078125,7066200,0.0,0.0,0.0020068778434414432,0.014742502616731235,-0.873077392578125,1.0,2.5057830810546875,0.0,0.0,2.0,0.5,0.5
2021-01-12,138.9534004166335,139.39868847128074,137.36437059620363,138.06285095214844,6903200,0.0,0.0,0.0019453292454170094,0.014849296558235789,-1.9557342529296875,-1.0,-1.0826568603515625,2.2264127281006836,1.2959602115279756,0.1866786790908469,0.2586805546905888,0.7413194453094112
2021-01-13,138.1501824049188,138.35100437657002,136.85800212786128,137.85333251953125,6643100,0.0,0.0,0.001869191864393767,0.014583187052780278,-2.165252685546875,-1.0,-1.29217529296875,0.0,0.0,0.26592301161125736,0.8670384941943713,0.13296150580562868
2021-01-14,140.08842950604364,141.3980751791866,139.35503112646072,140.26304626464844,10030800,0.0,0.0,0.0028717369802719146,0.015114038327985252,2.4097137451171875,1.0,2.4097137451171875,1.9993867079058703,0.6884346030499082,2.0,1.0,0.0
2021-01-15,139.95748901367188,140.92662747450078,138.91850117556447,139.95748901367188,7630800,0.0,0.0,0.0021798772347922293,0.015089969844964973,-0.3055572509765625,-1.0,-0.3055572509765625,0.0,0.0,0.016078823890865474,0.9919605880545672,0.008039411945432737
2021-01-19,141.44177259923416,142.34978799356705,140.65599030264625,142.12278747558594,9057600,0.0,0.0,0.0026274997116352825,0.015000964640892291,2.1652984619140625,1.0,2.1652984619140625,0.9517128143804428,0.19318628857412376,2.0,1.0,0.0
2021-01-20,142.48949250811037,143.3102061927732,141.2671614814267,141.7735595703125,6839900,0.0,0.0,0.0019792963262315424,0.014993109246161622,-0.3492279052734375,1.0,1.816070556640625,0.0,0.0,2.0,0.5,0.5
2021-01-21,140.84807961807635,141.8608624817576,139.7479683626161,141.20603942871094,6818000,0.0,0.0,0.0019650612498503415,0.015046927327208838,-0.916748046875,-1.0,-0.5675201416015625,0.908021940030153,0.9810535141963809,0.0976555935877874,0.4606454461079159,0.5393545538920841
2021-01-22,141.75610163107203,144.20077714031186,141.3282790871719,142.7950897216797,8137000,0.0,0.0,0.0023716107616332145,0.015314681711336318,1.58905029296875,1.0,1.58905029296875,0.890570947538663,0.3140955339137288,2.0,1.0,0.0
2021-01-25,144.06978155973664,145.01272824820356,142.8911081909587,144.91668701171875,9924400,0.0,0.0,0.002935543225571905,0.015105642862738524,3.7106475830078125,1.0,3.7106475830078125,0.0,0.0,2.0,1.0,0.0
2021-01-26,148.16461198977413,151.61334372649654,147.89395395316362,148.8456268310547,14205700,0.0,0.0,0.004315832100809354,0.016870034990649856,7.63958740234375,1.0,7.63958740234375,0.0,0.0,2.0,1.0,0.0
2021-01-27,147.6582242630927,149.22980220753706,146.20015324092756,146.57559204101562,14207300,0.0,0.0,0.004250490313875052,0.017384034017075452,-2.2700347900390625,-1.0,-2.2700347900390625,0.0,0.0,0.08829278552763045,0.9558536072361847,0.044146392763815226
2021-01-28,146.85501198002194,149.17745476690365,146.50577827297124,147.6931915283203,8944400,0.0,0.0,0.0026963577348221098,0.017312265543277663,1.1175994873046875,-1.0,-1.152435302734375,0.0,0.0,0.022755862422758576,0.5,0.5
2021-01-29,143.41495082782558,144.93414485307488,140.175767460633,142.42835998535156,22505900,0.0,0.0,0.006542725217727673,0.02043993647584397,-5.26483154296875,-1.0,-6.417266845703125,0.0,0.0,0.7056029528580751,0.6471985235709625,0.35280147642903753
2021-02-01,144.33170564484527,144.33170564484527,141.96561953528774,142.06166076660156,9971400,0.0,0.0,0.002891337895745262,0.02021860089713,-5.63153076171875,-1.0,-6.783966064453125,0.0,0.0,0.7885468945675176,0.6057265527162412,0.3942734472837588
2021-02-02,142.64662760528483,142.89109376030143,140.72580306957397,140.78692626953125,11443300,0.0,0.0,0.003288360582301474,0.020042970517427067,-6.9062652587890625,-1.0,-8.058700561523438,0.0,0.0,1.1127311092667331,0.44363444536663343,0.5563655546333666
2021-02-03,140.51629082331104,141.02268888926238,139.32015170691378,140.1321258544922,8601900,0.0,0.0,0.002460355835276648,0.019566118001775306,-7.561065673828125,-1.0,-8.7135009765625,0.0,0.0,1.3009049332543328,0.3495475333728336,0.6504524666271664
2021-02-04,140.56867326157052,141.52034617509383,139.4860277521846,141.43304443359375,7758100,0.0,0.0,0.002239608390605869,0.01902882274376035,1.3009185791015625,1.0,1.3009185791015625,0.0,0.0,0.022290246120923157,0.011145123060461578,0.9888548769395384
2021-02-05,143.93881413674023,144.4452121438376,143.06571688086348,143.58084106445312,9495300,0.0,0.0,0.00278272959171177,0.01890379750669531,3.4487152099609375,1.0,3.4487152099609375,0.0,0.0,0.15664960222635702,0.07832480111317851,0.9216751988868215
2021-02-08,144.08723690831175,144.86429292147955,143.0831804080905,143.99119567871094,6035300,0.0,0.0,0.0017737835519657966,0.018387043550961938,3.85906982421875,1.0,3.85906982421875,0.0,0.0,0.19614620266111954,0.09807310133055977,0.9019268986694402
2021-02-09,144.23568601511587,145.44929085307083,144.03487734589697,145.16990661621094,5544200,0.0,0.0,0.0016427871937642945,0.01765248588818931,5.03778076171875,1.0,5.03778076171875,0.0,0.0,0.33426673455340944,0.16713336727670472,0.8328666327232953
2021-02-10,146.5843194552852,146.6279769890231,144.672234050282,145.64137268066406,5921300,0.0,0.0,0.0017602228371157457,0.017297709117702592,5.509246826171875,1.0,5.509246826171875,0.0,0.0,0.3997597748845495,0.19987988744227475,0.8001201125577253
2021-02-11,145.80725537696358,146.13903662841707,144.58492443330556,144.98654174804688,4871300,0.0,0.0,0.0014415788113154439,0.016900346691909034,-0.6548309326171875,-1.0,-0.6548309326171875,0.0,0.0,0.014127779635906338,0.9929361101820469,0.007063889817953169
2021-02-12,143.5371625727677,145.67626119516387,143.18792905038725,145.44052124023438,4413100,0.0,0.0,0.0013100715445535393,0.016866260873989267,0.4539794921875,-1.0,-0.2008514404296875,0.0,0.0,0.0013291238192218533,0.5,0.5
2021-02-16,145.44054924563528,145.85090604077152,143.74673835888694,144.12217712402344,5656100,0.0,0.0,0.0016638482562711698,0.01684763947593454,-1.3183441162109375,1.0,-1.3183441162109375,0.0,0.0,0.05726286990776243,0.9713685650461188,0.028631434953881214
2021-02-17,144.03482893880783,145.0126934227911,143.50223917755173,144.63726806640625,6676700,0.0,0.0,0.0019710965403923458,0.01633445561346989,0.5150909423828125,-1.0,0.5150909423828125,0.0,0.0,0.15265472656036938,0.07632736328018469,0.9236726367198154
2021-02-18,144.02615366956687,145.07386789020416,143.44990618537318,144.70716857910156,5189100,0.0,0.0,0.0015326673604636458,0.01596198204032684,0.584991455078125,-1.0,0.584991455078125,0.29683217351376356,0.25746778658306146,0.1968980768538321,0.22718293171844678,0.7728170682815532
2021-02-19,144.58490227315062,144.8992177994038,142.23626866342636,142.29737854003906,8190900,0.0,0.0,0.002378999473530887,0.01640955893562985,-2.4097900390625,-1.0,-1.824798583984375,1.265970514125371,0.27598709261898163,2.0,0.0,1.0
2021-02-22,142.20953369140625,142.7981549927835,140.82143626505376,142.20953369140625,6447100,1.01,0.0,0.0018713668915377058,0.016239720232565737,-2.4976348876953125,-1.0,-1.9126434326171875,0.0,0.0,2.0,0.0,1.0
2021-02-23,141.86692463439306,143.36923699517504,140.91809789160718,140.9532470703125,7042800,0.0,0.0,0.0020262184390888397,0.016456266436216477,-3.7539215087890625,1.0,-1.25628662109375,0.0,0.0,2.0,0.0,1.0
2021-02-24,142.67514648899297,144.42344905008824,141.3749087108788,142.84207153320312,10286100,0.0,0.0,0.002998974028200087,0.016814042086465947,1.888824462890625,1.0,0.632537841796875,1.6252940573047283,0.7404243575417351,0.2535102685871686,0.49696731306445185,0.5030326869355481
2021-02-25,143.31650935850183,143.81727114808254,142.31497237385818,142.99143981933594,9719700,0.0,0.0,0.0028368000276592946,0.01634717367286139,2.0381927490234375,1.0,0.7819061279296875,0.0,0.0,0.38737515592961885,0.19368757796480943,0.8063124220351906
2021-02-26,142.32376171600222,142.6839670463031,138.78323958032058,139.21372985839844,14417500,0.0,0.0,0.004096734810771732,0.01775059778338881,-3.7777099609375,-1.0,-3.7777099609375,2.5916691305582162,0.4706541464321767,2.0,0.0,1.0
2021-03-01,141.84053802420232,141.91082296055544,139.76717932096852,139.96925354003906,10551400,0.0,0.0,0.0030144532748155733,0.017770098096446335,0.755523681640625,-1.0,-3.022186279296875,0.0,0.0,2.0,0.5,0.5
2021-03-02,140.3733905958713,141.25193228862577,139.33671783305255,139.70570373535156,7610900,0.0,0.0,0.0021702810372744873,0.01751114219618027,-0.2635498046875,-1.0,-3.285736083984375,0.0,0.0,2.0,0.0,1.0
2021-03-03,139.02921173635485,139.60025842868765,137.10520343853872,137.2457733154297,8499600,0.0,0.0,0.0023810213473910726,0.01790520092645167,-2.723480224609375,-1.0,-5.74566650390625,0.0,0.0,2.0,0.0,1.0
2021-03-04,137.04371833377422,137.1403584525684,133.07270627807085,134.47837829589844,11033200,0.0,0.0,0.0030284455989082384,0.01918494174773095,-5.490875244140625,-1.0,-8.5130615234375,0.0,0.0,2.0,0.0,1.0
2021-03-05,135.277863120622,137.6587173060136,134.53111063109623,137.140380859375,8331600,0.0,0.0,0.0023321666747219117,0.019125250075446316,2.6620025634765625,1.0,2.6620025634765625,0.0,0.0,0.0977789557157626,0.0488894778578813,0.9511105221421187
2021-03-08,137.93105935358955,139.9780633080684,137.03494298514548,138.282470703125,6546700,0.0,0.0,0.0018478018314515108,0.019132728396186145,3.8040924072265625,1.0,3.8040924072265625,0.0,0.0,0.1996781627667338,0.0998390813833669,0.900160918616633
2021-03-09,137.83440389059064,141.22557531780032,137.83440389059064,138.5460205078125,7461300,0.0,0.0,0.0021099607711916875,0.01948065636531475,4.0676422119140625,1.0,4.0676422119140625,0.0,0.0,0.22830422419503163,0.11415211209751581,0.8858478879024841
2021-03-10,139.53000878744822,140.47882209162424,138.24733191916326,139.81991577148438,6635600,0.0,0.0,0.001893716910533807,0.019064352670249425,5.3415374755859375,1.0,5.3415374755859375,0.0,0.0,0.39369601180015973,0.19684800590007986,0.8031519940999201
2021-03-11,140.1625380295743,141.12015867832466,139.61784646101512,139.81112670898438,6305600,0.0,0.0,0.0017994259358530224,0.018471247332054196,-0.0087890625,1.0,5.3327484130859375,0.0,0.0,0.3924014885973814,0.5,0.5
2021-03-12,139.9341464249765,140.8390434685745,139.8550808748722,140.2152862548828,5474800,0.0,0.0,0.0015668572961067572,0.017626075688702312,0.4041595458984375,1.0,5.736907958984375,0.0,0.0,0.4541342119572994,0.2270671059786497,0.7729328940213502
2021-03-15,140.34703237380134,141.1465085141853,139.24885528167457,140.93565368652344,5524100,0.0,0.0,0.0015890890266316048,0.017245175657728224,1.1245269775390625,1.0,6.457275390625,0.36899117934055425,0.10766937988655885,0.5753433175224772,0.34150634870451807,0.658493651295482
2021-03-16,140.9707857750778,142.04259415404832,140.77750555785022,141.77024841308594,6369100,0.0,0.0,0.001843015512981246,0.016556501159658753,1.9591217041015625,1.0,7.2918701171875,0.0,0.0,0.7336793653135742,0.3668396826567871,0.6331603173432129
2021-03-17,141.2958744238025,142.08655665430717,140.1537674421419,141.2431640625,6001400,0.0,0.0,0.0017301582761099319,0.01640870303193698,-0.5270843505859375,1.0,6.7647857666015625,0.0,0.0,0.6314464863491277,0.5,0.5
2021-03-18,140.7511829646441,141.87571535856068,140.5315475219966,140.97959899902344,4801800,0.0,0.0,0.0013817394615323246,0.01594617276295589,-0.7906494140625,1.0,6.501220703125,0.24595803585361864,0.09677298241585802,0.5832010206238509,0.8576813496056456,0.1423186503943544
2021-03-19,141.17285146356588,141.88446801274668,140.1010296420528,140.60179138183594,14891500,0.0,0.0,0.004273612318668501,0.015752971366824756,-1.16845703125,1.0,6.1234130859375,0.05273780008911899,0.002037128978015478,0.5173870709485305,0.9960781015241424,0.003921898475857608
2021-03-22,139.0819423496375,141.13772682809036,138.80959655191296,141.00595092773438,7544100,0.0,0.0,0.0021712543470874942,0.01576517971167939,0.4041595458984375,-1.0,0.4041595458984375,1.7219509700836397,2.0,0.0022538973750954898,1.0,0.0
2021-03-23,140.75119596115942,141.62094381484383,139.5827336897246,140.8741912841797,7178300,0.0,0.0,0.002064043582872849,0.015686237425951117,-0.1317596435546875,1.0,-0.1317596435546875,0.5182959523282022,2.0,0.10628185865286967,0.0,1.0
2021-03-24,140.65453160842165,142.74545173982676,140.40854100472694,142.24468994140625,6370100,0.0,0.0,0.0018494735971578019,0.015598939756374474,1.3704986572265625,1.0,1.238739013671875,1.6077249117363976,1.3761515185574484,2.0,1.0,0.0
2021-03-25,142.71027884549633,142.7190594342432,141.1289015149231,142.29736328125,6269800,0.0,0.0,0.0018210269078723928,0.015277574748745786,1.4231719970703125,1.0,1.291412353515625,0.0,0.0,2.0,1.0,0.0
2021-03-26,142.4028177695939,145.04723680730842,141.7790606835323,144.8978729248047,7619200,0.0,0.0,0.0022533943786708,0.015542788537079322,4.023681640625,1.0,3.8919219970703125,0.0,0.0,2.0,1.0,0.0
2021-03-29,143.93150748412842,146.74283861736046,143.7558018018297,145.87307739257812,8535100,0.0,0.0,0.0025412628145276986,0.015798743073040616,4.9988861083984375,1.0,4.86712646484375,0.0,0.0,2.0,1.0,0.0
2021-03-30,144.97694890336024,145.53921503115677,144.28289348289584,144.96815490722656,7236300,0.0,0.0,0.0021411889700685837,0.015545350264221559,-0.9049224853515625,1.0,3.9622039794921875,0.0,0.0,2.0,0.5,0.5
2021-03-31,144.92427779470552,145.3020443772609,143.81730642064258,144.38836669921875,8281500,0.0,0.0,0.0024406585900094554,0.015227427620467526,-1.484710693359375,-1.0,-0.5797882080078125,0.0,0.0,0.021412387627860782,0.9892938061860697,0.010706193813930391
2021-04-01,142.85091763310737,143.94030100449416,142.5522032003375,143.052978515625,7229700,0.0,0.0,0.0021109745809095187,0.015188572621070276,-2.820098876953125,-1.0,-1.9151763916015625,0.0,0.0,0.2336382256841755,0.8831808871579122,0.11681911284208775
2021-04-05,143.7645777990815,144.73975972097787,142.90361059949674,143.580078125,7387100,0.0,0.0,0.002164880787103221,0.014965350297551357,0.527099609375,1.0,0.527099609375,0.0,0.0,0.07574741730296515,0.037873708651482575,0.9621262913485175
2021-04-06,144.15114841419765,144.5377089732295,143.20232160716074,143.54495239257812,5074200,0.0,0.0,0.0014866931119230866,0.014564291544613379,-0.035125732421875,1.0,0.491973876953125,0.0,0.0,0.06598823721718373,0.5,0.5
2021-04-07,143.68550985326848,144.32684159490694,143.4834489987354,143.73822021484375,4608000,0.0,0.0,0.001351918640420555,0.013924912310095504,0.193267822265625,1.0,0.68524169921875,0.0,0.0,0.12801769626654128,0.06400884813327064,0.9359911518667293
2021-04-08,144.08081531013534,144.17745541759913,143.07049788204296,143.17591857910156,5039400,0.0,0.0,0.001472701172107728,0.013533303875440255,-0.5623016357421875,-1.0,-0.5623016357421875,0.1318237251177834,0.0549602204526303,0.6733659117928729,0.6358369338772485,0.36416306612275157
2021-04-09,142.42918298313785,143.14079964957958,140.3733985233099,141.66485595703125,8418300,0.0,0.0,0.0024341780706178704,0.014113734260736739,-2.0733642578125,-1.0,-2.0733642578125,0.0,0.0,2.0,0.0,1.0
2021-04-12,141.52426099403678,142.39402199090338,140.86535480396594,142.00746154785156,5022800,0.0,0.0,0.0014558709239181637,0.01384289881208808,0.3426055908203125,-1.0,-1.7307586669921875,0.0,0.0,2.0,0.5,0.5
2021-04-13,137.8080276813263,140.50514326138494,137.51810736198473,140.10980224609375,18424100,0.0,0.0,0.005268908115591642,0.015316909449492468,-1.8976593017578125,-1.0,-3.62841796875,0.0,0.0,2.0,0.0,1.0
2021-04-14,138.66024983496214,140.66332400776184,138.40546521336535,140.49639892578125,7718300,0.0,0.0,0.002213363127129343,0.015331606883488922,0.3865966796875,1.0,0.3865966796875,0.0,0.0,0.011352241501009034,0.005676120750504517,0.9943238792494955
2021-04-15,141.19923741566072,142.66640059479,140.76874711303037,140.90931701660156,7524600,0.0,0.0,0.00216415793245697,0.015294772830407746,0.7995147705078125,1.0,0.7995147705078125,0.0,0.0,0.04855325664193046,0.02427662832096523,0.9757233716790348
2021-04-16,141.74394172689787,142.7718341035175,141.05868014248475,142.53463745117188,9049400,0.0,0.0,0.0026327281880785176,0.014973706209326868,2.424835205078125,1.0,2.424835205078125,0.0,0.0,0.44661143596594427,0.22330571798297214,0.7766942820170278
2021-04-19,142.7630218366971,143.29893279334954,141.304639442465,142.92994689941406,8353500,0.0,0.0,0.0024370112387474144,0.014862339014940997,2.8201446533203125,1.0,2.8201446533203125,0.0,0.0,0.6040990492183416,0.3020495246091708,0.6979504753908292
2021-04-20,141.44520845323004,147.41050047654116,141.44520845323004,146.25961303710938,14050700,0.0,0.0,0.004194577316434474,0.016399823264694594,6.149810791015625,1.0,6.149810791015625,0.0,0.0,2.0,1.0,0.0
2021-04-21,146.16296671717217,146.63738670451912,145.21414014795974,146.3562469482422,6333200,0.0,0.0,0.0018919092040706638,0.01591296222932559,6.2464447021484375,1.0,6.2464447021484375,0.0,0.0,2.0,1.0,0.0
2021-04-22,145.6973486593547,146.0839091425443,144.6255267397771,145.1175079345703,7233000,0.0,0.0,0.0021424174625804763,0.015754335548131035,-1.238739013671875,-1.0,-1.238739013671875,0.0,0.0,0.03932727293446579,0.9803363635327671,0.019663636467232896
2021-04-23,144.5464984543193,145.89066649557364,144.0808723174396,145.416259765625,6015300,0.0,0.0,0.0017854022775065097,0.01548794332597877,0.2987518310546875,-1.0,-0.9399871826171875,0.0,0.0,0.022645299252275874,0.5,0.5
2021-04-26,145.1439000694291,145.3196057524397,143.8700037052621,144.186279296875,6027800,0.0,0.0,0.001773979480025324,0.015270345555622246,-1.22998046875,-1.0,-2.1699676513671875,0.0,0.0,0.12068150569657961,0.9396592471517102,0.060340752848289804
2021-04-27,143.8700295890571,144.0018189291387,142.73671633508124,143.3604736328125,6217700,0.0,0.0,0.0018193866916618336,0.014983522813853584,-2.0557861328125,-1.0,-2.9957733154296875,0.0,0.0,0.23001284870094219,0.8849935756495289,0.11500642435047109
2021-04-28,143.0793191999006,143.3780201969136,142.0162777151984,142.3061981201172,7448000,0.0,0.0,0.002163362547207047,0.014699854922121947,-3.1100616455078125,-1.0,-4.050048828125,0.0,0.0,0.42039226733924995,0.789803866330375,0.21019613366962497
2021-04-29,142.2358974075374,144.3092563782012,142.1568318709973,144.2565460205078,6394300,0.0,0.0,0.0018827573875469373,0.014531091302400904,1.950347900390625,1.0,1.950347900390625,0.3074374490625189,0.024847881180038243,0.2319015523932035,0.12837471678662088,0.8716252832133791
2021-04-30,144.21261550297555,144.3707599807149,142.78060163965876,142.965087890625,9079100,0.0,0.0,0.002649345620410055,0.01440952388251683,-1.2914581298828125,1.0,0.6588897705078125,0.0,0.0,0.02646701793655651,0.5,0.5
2021-05-03,143.72942249790182,145.24051524193828,143.3077128445786,145.1438751220703,6594100,0.0,0.0,0.0019535299126952357,0.014299206983964401,2.1787872314453125,1.0,2.837677001953125,0.0,0.0,0.4909139829859906,0.2454569914929953,0.7545430085070047
2021-05-04,144.81005958332392,147.46325981252252,144.6694896653101,147.39297485351562,10179500,0.0,0.0,0.0030624503314053385,0.014429123545178918,4.427886962890625,1.0,5.0867767333984375,0.0,0.0,1.5774835314508087,0.7887417657254043,0.21125823427459567
2021-05-05,147.15573585956838,147.94641803333718,146.53196534945278,146.77796936035156,7792300,0.0,0.0,0.002334491849954314,0.014142946452008111,-0.6150054931640625,1.0,4.471771240234375,0.0,0.0,1.2190980557400077,0.5,0.5
2021-05-06,146.5319670518508,147.4983683025581,146.04877983197989,147.36659240722656,5529900,0.0,0.0,0.0016633442524405624,0.013782895575997487,0.588623046875,-1.0,0.588623046875,0.0,0.0,0.021122922541146755,0.010561461270573377,0.9894385387294267
2021-05-07,147.85856558751448,148.63167314057844,147.4456499306076,148.03427124023438,5316200,0.0,0.0,0.001606310150965197,0.01335109725921913,1.2563018798828125,1.0,0.6676788330078125,0.0,0.0,0.027177825022999785,0.013588912511499893,0.9864110874885001
2021-05-10,149.26420967318558,150.6962367440322,148.6755884209033,149.5892791748047,8357500,0.0,0.0,0.002551776757631667,0.013539656742379542,2.811309814453125,1.0,2.222686767578125,0.0,0.0,0.30118685226616154,0.15059342613308077,0.8494065738669192
2021-05-11,149.92315819362435,150.11643846900648,147.84101834258078,148.36814880371094,8217900,0.0,0.0,0.002488670231362506,0.013771466333595463,-1.22113037109375,-1.0,-1.22113037109375,0.0,0.0,0.3018335680653386,0.8490832159673307,0.1509167840326693
2021-05-12,148.06940712716906,149.1763782106068,147.55107075931156,147.7707061767578,6758300,0.0,0.0,0.002038410452458777,0.013625123651535034,-1.818572998046875,-1.0,-1.818572998046875,0.0,0.0,0.6694296575693631,0.6652851712153185,0.33471482878468156
2021-05-13,146.6901110163368,149.96706785506817,146.6901110163368,149.31695556640625,8018600,0.0,0.0,0.002443844107468257,0.014088477855494346,1.5462493896484375,-1.0,-0.2723236083984375,0.0,0.0,0.015011153226103685,0.5,0.5
2021-05-14,150.6523374316231,150.7665521503145,149.50144986952262,149.54537963867188,5797700,0.0,0.0,0.0017696792613875942,0.013754558142819211,1.7746734619140625,1.0,0.228424072265625,1.5901739397077108,0.8028831686662249,0.7035794616768447,0.7532313151715349,0.24676868482846515
2021-05-17,149.70352851748498,151.0125607230413,149.6244629669072,149.6947479248047,5722600,0.0,0.0,0.0017485005631613902,0.013459427804817905,1.924041748046875,1.0,0.3777923583984375,0.0,0.0,1.9245790428933378,0.9622895214466689,0.037710478553331095
2021-05-18,149.33452083424245,150.55569331353675,148.93917973333822,149.7474365234375,5846000,0.0,0.0,0.0017868332703336052,0.01326470933217528,1.9767303466796875,-1.0,0.0526885986328125,0.5622701361843951,0.0809086911610211,0.03743369602567643,0.05917119359334877,0.9408288064066512
2021-05-19,149.2730280551038,149.49266348685853,147.63014590985,149.42237854003906,5533800,0.0,0.0,0.0016877376046666554,0.01335615652084619,-0.3250579833984375,-1.0,-0.272369384765625,1.9943170570572022,2.0,2.0,0.0,1.0
2021-05-20,149.29938830041905,150.74897683699376,149.07975286121174,150.29214477539062,4853200,0.0,0.0,0.0014887792043346386,0.013123695471587054,0.8697662353515625,1.0,0.8697662353515625,0.19328352345701205,0.04938380846814869,2.0,1.0,0.0
2021-05-21,150.52056703798775,151.75931418371897,150.11643191470185,150.1955108642578,6501800,0.0,0.0,0.001993225255207749,0.012975435688300115,-0.0966339111328125,1.0,0.77313232421875,0.0,0.0,2.0,0.5,0.5
2021-05-24,151.07946514093456,151.47728612380922,150.0805287213366,150.7700653076172,5195100,1.06,0.0,0.0015987290163985161,0.012664429413713396,0.574554443359375,-1.0,0.574554443359375,0.0,0.0,2.0,1.0,0.0
2021-05-25,150.876184523817,151.19443330274018,150.0540497135847,150.3546142578125,7444700,0.0,0.0,0.0022847031744149464,0.012334080412199843,-0.4154510498046875,-1.0,0.1591033935546875,0.06238220111714554,0.022546631537732318,0.3412261500678703,0.9380200150263659,0.06197998497363406
2021-05-26,150.28392700041118,150.354650467106,148.76340618927725,149.4617919921875,5726400,0.0,0.0,0.0017469387919754188,0.012281954504460067,-1.3082733154296875,-1.0,-0.7337188720703125,1.3171225320593578,1.0135738377672745,2.0,0.0,1.0
2021-05-27,149.6297106819764,150.43417475559107,148.8517797052597,149.23190307617188,8114700,0.0,0.0,0.002471723966766489,0.012179640549870273,-1.5381622314453125,1.0,-0.229888916015625,0.0,0.0,2.0,0.0,1.0
2021-05-28,149.85958537690072,151.17677103706734,149.55017192580186,149.6208953857422,6400800,0.0,0.0,0.0019547549857545244,0.012208736949806476,0.3889923095703125,1.0,0.1591033935546875,0.8221205699613279,2.0,0.47898600113216616,1.0,0.0
2021-06-01,150.4165343418219,150.46073819737126,146.19975360704507,146.3323516845703,10448400,0.0,0.0,0.0031207283433017465,0.013671350705318988,-3.288543701171875,-1.0,-3.288543701171875,2.652026098214634,0.6503518082439029,2.0,0.0,1.0
2021-06-02,146.12897591626125,147.39312208336224,145.96100942096967,146.92459106445312,6806000,0.0,0.0,0.002041043487388809,0.013339887078892873,0.5922393798828125,-1.0,-2.6963043212890625,0.0,0.0,2.0,0.5,0.5
2021-06-03,146.65057455341096,147.76443867446395,146.49145688859787,146.78317260742188,5808800,0.0,0.0,0.0017403176184439453,0.013018438894547815,-0.14141845703125,1.0,-0.14141845703125,0.0,0.0,0.7900476819255776,0.6049761590372111,0.3950238409627888
2021-06-04,147.64064549268076,148.13570959999194,146.6328600230389,146.7212677001953,6510300,0.0,0.0,0.00194966454987403,0.012825285714140057,-0.2033233642578125,1.0,-0.2033233642578125,0.7425875166296976,2.0,1.6331109408077527,0.0,1.0
2021-06-07,146.74779028032518,147.03068406166628,145.53668331561371,145.72232055664062,5362800,0.0,0.0,0.001595083791555617,0.012723146014305705,-1.2022705078125,-1.0,-0.9989471435546875,0.0,0.0,2.0,0.0,1.0
2021-06-08,146.11132421473906,146.4472572801183,143.27361786379848,144.44052124023438,7746800,0.0,0.0,0.0022839006787703777,0.013488617958414377,-2.48406982421875,-1.0,-2.2807464599609375,0.0,0.0,2.0,0.0,1.0
2021-06-09,144.9709018331298,146.55329668814272,144.67917269445022,146.3853302001953,5552600,0.0,0.0,0.0016590511203872593,0.013389668468920606,1.9448089599609375,1.0,1.9448089599609375,0.0,0.0,0.7271095929925467,0.36355479649627337,0.6364452035037267
2021-06-10,146.74782915234175,148.14458721718515,146.70362530115833,147.70257568359375,6463100,0.0,0.0,0.001948474681903139,0.013173152877444888,3.262054443359375,1.0,3.262054443359375,0.0,0.0,2.0,1.0,0.0
2021-06-11,147.69371911949003,147.70255449281055,145.17424834383726,145.82843017578125,7389900,0.0,0.0,0.002199614556020892,0.013627824362094488,-1.8741455078125,-1.0,-1.8741455078125,0.0,0.0,0.33008379394287324,0.8349581030285633,0.16504189697143662
2021-06-14,145.4217310001912,146.27039870902018,144.8913119960336,146.19082641601562,4931300,0.0,0.0,0.0014714562971657205,0.013296858249702226,0.362396240234375,-1.0,-1.511749267578125,0.0,0.0,0.21477173401735675,0.5,0.5
2021-06-15,146.06710167009743,146.62404042002134,145.32452566294492,145.41293334960938,5062900,0.0,0.0,0.0015026858868739431,0.013051471123559933,-0.77789306640625,1.0,-0.77789306640625,0.0,0.0,0.056866616741185386,0.9715666916294073,0.028433308370592693
2021-06-16,145.68697618466743,146.52679523934668,144.5200594853598,145.35987854003906,6988500,0.0,0.0,0.0020734537074942024,0.01310973895066615,-0.8309478759765625,-1.0,-0.0530548095703125,0.2563965303264979,0.09520871935750476,0.0002645252356382368,0.9522633777034285,0.047736622296571496
2021-06-17,145.14770042600475,146.48256994950907,144.5377225578688,146.05824279785156,5874700,0.0,0.0,0.0017513687158054534,0.013066234831159887,0.6983642578125,-1.0,0.6453094482421875,0.0,0.0,2.0,1.0,0.0
2021-06-18,144.33442789801165,145.14772737683293,143.02606424636403,143.19403076171875,12993000,0.0,0.0,0.0037975209230303483,0.01388814149379111,-2.8642120361328125,-1.0,-2.218902587890625,1.4939952389957796,0.2720746606330216,2.0,0.0,1.0
2021-06-21,143.89242032253276,145.20960589391282,143.4327246084673,144.83831787109375,6592300,0.0,0.0,0.0019488852016394276,0.013743729671188335,1.644287109375,1.0,1.644287109375,0.0,0.0,0.5491346279855814,0.2745673139927907,0.7254326860072093
2021-06-22,144.7233863949714,145.01510206441498,144.343249555954,144.64381408691406,5627800,0.0,0.0,0.001661515292920276,0.013110972734304345,-0.1945037841796875,1.0,1.4497833251953125,0.0,0.0,0.42690351177235497,0.5,0.5
2021-06-23,144.70572369920643,144.70572369920643,143.63604995860197,143.76866149902344,4493400,0.0,0.0,0.001318575898063697,0.012780029392472646,-1.0696563720703125,-1.0,-0.875152587890625,0.0,0.0,0.36438573093223364,0.8178071345338832,0.18219286546611682
2021-06-24,144.3344268458297,145.15656169189555,143.91893499165042,144.42282104492188,4549200,0.0,0.0,0.0013410243912713794,0.012499845130219853,0.6541595458984375,1.0,0.6541595458984375,0.14145962748057173,0.0467624927227588,0.5587271865811686,0.3027448396519637,0.6972551603480364
2021-06-25,144.0426772809884,145.66927599662478,143.99847344313704,145.16539001464844,10963800,0.0,0.0,0.0032485534182540433,0.012369743131931746,1.396728515625,1.0,1.396728515625,0.0,0.0,2.0,1.0,0.0
2021-06-28,145.3687551099866,145.92569395800385,144.55545550808043,144.99746704101562,5604000,0.0,0.0,0.0016585339463259042,0.012174498421013884,-0.1679229736328125,1.0,1.2288055419921875,0.0,0.0,1.9715089821169849,0.5,0.5
2021-06-29,144.9797517551375,145.54552585656842,144.4581814953581,145.0062713623047,3749500,0.0,0.0,0.0011097520758022754,0.011839819444380026,0.0088043212890625,-1.0,0.0088043212890625,0.0,0.0,0.00010121018118590218,5.060509059295109e-05,0.999949394909407
2021-06-30,144.9797446389774,145.8372478662764,144.68801548533895,145.63392639160156,6151700,0.0,0.0,0.0018286202690688353,0.011510395516266989,0.6364593505859375,1.0,0.627655029296875,0.0,0.0,0.5143686172558883,0.25718430862794417,0.7428156913720558
2021-07-01,145.633923943865,146.75662321094927,145.5366808942866,146.71243286132812,6320200,0.0,0.0,0.001892620601376783,0.011203595983880838,1.7149658203125,1.0,1.7061614990234375,0.0,0.0,2.0,1.0,0.0
2021-07-02,146.76548664160728,149.66508069436588,146.42955362078507,149.38218688964844,9059900,0.0,0.0,0.002762409378901113,0.011764510257951104,4.3847198486328125,1.0,4.37591552734375,0.0,0.0,2.0,1.0,0.0
2021-07-06,148.4362948883775,149.27611398239705,147.62299540339183,148.4893341064453,6098500,0.0,0.0,0.0018483495688980407,0.011836106971474334,-0.892852783203125,1.0,3.483062744140625,0.0,0.0,2.0,0.5,0.5
2021-07-07,148.05611256273258,149.8418421278755,148.05611256273258,149.7622833251953,6293500,0.0,0.0,0.0019238026210121912,0.011748949436059902,1.27294921875,1.0,4.756011962890625,0.0,0.0,2.0,1.0,0.0
2021-07-08,149.13467851324435,149.80654463128693,148.14457706238653,149.47061157226562,5755500,0.0,0.0,0.0017559198663811455,0.011725243767044325,-0.2916717529296875,1.0,4.4643402099609375,0.0,0.0,2.0,0.5,0.5
2021-07-09,149.7269789134653,150.6110019590459,149.6120650901422,150.0629119873047,6120900,0.0,0.0,0.0018747979791722412,0.011387567724084365,0.5923004150390625,1.0,5.056640625,0.0,0.0,2.0,1.0,0.0
2021-07-12,150.0451939440241,151.32702437349334,148.99320459853865,149.82418823242188,7840500,0.0,0.0,0.002397681625925925,0.011703665340427317,-0.2387237548828125,1.0,4.8179168701171875,0.0,0.0,2.0,0.5,0.5
2021-07-13,149.3733250232941,150.07169706000613,149.1081155006897,149.63853454589844,4691200,0.0,0.0,0.0014328252217497511,0.011341129331650374,-0.42437744140625,1.0,4.63226318359375,0.5039495894525032,1.410163960678713,2.0,0.5864820645169058,0.4135179354830942
2021-07-14,150.2838938832777,151.01763451328443,149.4352259590774,150.65518188476562,6162900,0.0,0.0,0.0018951125938314493,0.011210234197007935,1.0166473388671875,1.0,5.6489105224609375,0.0,0.0,2.0,1.0,0.0
2021-07-15,149.66505896421322,150.19546453736928,148.26830135673657,148.84291076660156,6656900,0.0,0.0,0.0020223951272594818,0.011681692145684647,-1.8122711181640625,-1.0,-1.8122711181640625,0.8398141439531344,0.21474350180426865,0.1029240689694801,0.8411662146131256,0.15883378538687437
2021-07-16,148.8164201806489,149.47943739321587,148.47165176967883,148.60426330566406,5834900,0.0,0.0,0.0017698257484517353,0.011349110766536106,-2.0509185791015625,-1.0,-2.0509185791015625,0.0,0.0,0.13181579320395978,0.9340921033980201,0.06590789660197989
2021-07-19,147.1721547783913,148.68384014134162,146.14669828382247,147.52577209472656,8219700,0.0,0.0,0.002475082537276832,0.011843927185662606,-3.1294097900390625,-1.0,-3.1294097900390625,0.0,0.0,0.30689900643446927,0.8465504967827654,0.15344950321723463
2021-07-20,147.54344259615618,150.9999759812263,147.49040337107522,148.91368103027344,9902800,0.0,0.0,0.003009944098883305,0.012578845756144357,1.387908935546875,1.0,1.387908935546875,1.5205385880104245,1.2002534100660975,0.19669669823787633,0.698475054151987,0.30152494584801304
2021-07-21,149.66507182961578,150.00984020299492,148.0561437611009,149.83303833007812,7585200,0.0,0.0,0.002319746057873925,0.012540055849421349,2.3072662353515625,1.0,2.3072662353515625,0.0,0.0,0.5435888594349045,0.27179442971745227,0.7282055702825477
2021-07-22,149.71809976370758,151.22978466486913,149.09043764965128,150.2661895751953,5281900,0.0,0.0,0.001620008417510132,0.012627704106786318,2.74041748046875,1.0,2.74041748046875,0.0,0.0,0.7668467555906092,0.3834233777953046,0.6165766222046953
2021-07-23,151.1678998908285,152.2110403275794,150.61981006739103,151.86627197265625,5014900,0.0,0.0,0.0015544953671214933,0.012516919907998051,4.3404998779296875,1.0,4.3404998779296875,0.0,0.0,1.9237765338975408,0.9618882669487704,0.03811173305122961
2021-07-26,151.8928518736856,152.1757322445574,151.0441837828269,151.93704223632812,4484900,0.0,0.0,0.0013908562757173487,0.012149403463647833,4.4112701416015625,1.0,4.4112701416015625,0.0,0.0,1.9870208989222078,0.9935104494611039,0.006489550538896105
2021-07-27,151.87511584846723,152.68841518494543,150.87616579353167,152.6353759765625,7089300,0.0,0.0,0.002208637178214646,0.012078049581473894,5.1096038818359375,1.0,5.1096038818359375,0.0,0.0,2.0,1.0,0.0
2021-07-28,152.69729018064348,153.27191322850962,152.12268062189793,152.21107482910156,5750700,0.0,0.0,0.0017866224527431091,0.011785899444910479,-0.4243011474609375,1.0,4.685302734375,0.0,0.0,2.0,0.5,0.5
2021-07-30,152.52927848516603,152.91825065121978,151.91046526149717,152.2287139892578,5346400,0.0,0.0,0.0016612073705717172,0.011500662082682902,0.01763916015625,-1.0,0.01763916015625,0.0,0.0,3.177100355555357e-05,1.5885501777776784e-05,0.9999841144982222
2021-08-02,152.46745132021712,152.79453552105915,151.43314600563585,152.2906494140625,3721500,0.0,0.0,0.0011567968162589618,0.011313372814024742,0.0795745849609375,-1.0,0.0795745849609375,0.0,0.0,0.000646582417275771,0.0003232912086378855,0.9996767087913622
2021-08-03,152.69728304427025,154.26200747006055,152.44092231950412,154.16476440429688,6033000,0.0,0.0,0.0018983849035140794,0.011290948429664455,1.9536895751953125,1.0,1.874114990234375,0.0,0.0,0.35864732426631923,0.17932366213315962,0.8206763378668404
2021-08-04,153.99677209623428,154.34154045546225,153.1657884896034,153.2541961669922,4793100,0.0,0.0,0.0014993212183252553,0.011094739431289281,1.043121337890625,1.0,0.9635467529296875,0.0,0.0,0.09480270095205391,0.047401350476026956,0.952598649523973
2021-08-05,153.68740639229694,153.68740639229694,152.4232464678293,153.54595947265625,4291000,0.0,0.0,0.0013448155736541089,0.010870760900069337,1.3348846435546875,-1.0,0.2917633056640625,0.01767585167482366,0.000175336859346865,0.00869233524889424,0.004433836054120552,0.9955661639458795
2021-08-06,153.76695907481152,153.76695907481152,152.44975998045263,153.03321838378906,4581100,0.0,0.0,0.0014309396131568046,0.010742904477689256,0.8221435546875,1.0,-0.5127410888671875,0.7160285091507603,0.758516995091467,2.0,0.27497274674804606,0.7250272532519539
2021-08-09,153.57244926394324,154.0409802912952,152.87406366452709,153.56361389160156,3950200,0.0,0.0,0.0012381499128373528,0.010483878991679392,1.3525390625,1.0,0.0176544189453125,0.3535738989982633,0.06833776355982878,0.0011855247196949292,0.034761644139761856,0.9652383558602381
2021-08-10,153.16577794471573,153.91720268343457,152.7414507985218,153.61663818359375,3678300,0.0,0.0,0.0011533237262247346,0.010278370623794105,1.4055633544921875,-1.0,0.0530242919921875,0.0,0.0,0.010694328343924416,0.005347164171962208,0.9946528358280378
2021-08-11,154.04099609864903,154.23548222306812,153.43101811652727,153.6431884765625,4221300,0.0,0.0,0.0013238090682874163,0.009916546602954152,1.4321136474609375,1.0,0.02655029296875,0.0,0.0,0.002681281382459754,0.001340640691229877,0.9986593593087701
2021-08-12,153.6608559974213,154.960357157783,153.4575210327525,154.88079833984375,4300400,0.0,0.0,0.0013594782207783237,0.009827725698571432,2.6697235107421875,1.0,1.26416015625,0.0,0.0,2.0,1.0,0.0
2021-08-13,154.9603835106398,155.8444064979514,154.8101012214913,155.80905151367188,5882100,0.0,0.0,0.0018706429868250002,0.00954554084033049,3.5979766845703125,1.0,2.192413330078125,0.0,0.0,2.0,1.0,0.0
2021-08-16,156.07424651515694,157.25883397000982,155.54382737671466,157.21463012695312,4782800,0.0,0.0,0.0015347618722463415,0.009563662934194344,5.0035552978515625,1.0,3.597991943359375,0.0,0.0,2.0,1.0,0.0
2021-08-17,156.74608606027604,158.69093359132154,156.74608606027604,158.65557861328125,6041900,0.0,0.0,0.0019565669036707076,0.009675481685387167,6.4445037841796875,1.0,5.0389404296875,0.0,0.0,2.0,1.0,0.0
2021-08-18,158.68210532189767,158.68210532189767,156.586975434444,156.6400146484375,7134100,0.0,0.0,0.0022809078002876217,0.010055371147837614,4.4289398193359375,-1.0,-2.01556396484375,0.0,0.0,0.15999806197442415,0.5,0.5
2021-08-19,156.1361147080134,158.531822616708,155.6499129216641,157.85997009277344,5615000,0.0,0.0,0.0018092042509366935,0.01056898038537504,5.648895263671875,-1.0,-0.7956085205078125,0.0,0.0,0.02492989232379116,0.5,0.5
2021-08-20,158.14287400740798,159.05341661872154,157.41798216139782,158.62908935546875,5428700,0.0,0.0,0.0017576989617444257,0.01050288380730492,6.4180145263671875,1.0,0.7691192626953125,0.3713112968238761,0.003347148135526274,0.9345198398224512,0.46893349397898876,0.5310665060210112
2021-08-23,158.63795491610134,159.11815801534246,157.88206484160563,157.94432067871094,6461700,1.06,0.0,0.0020831312209820536,0.01035397008299322,5.733245849609375,1.0,0.0843505859375,0.0,0.0,0.011240285865365013,0.005620142932682507,0.9943798570673175
2021-08-24,157.3929857732171,157.58862760566822,155.87231763357912,155.9701385498047,5734800,0.0,0.0,0.0018256837802815243,0.010684995440329264,3.759063720703125,-1.0,-1.97418212890625,1.5456645278187011,0.1690717723173874,2.0,0.07794660115684181,0.9220533988431582
2021-08-25,156.23690178002002,156.42364214023277,154.6362022746796,154.9385528564453,5700300,0.0,0.0,0.0018026982232016986,0.010811872689989623,2.72747802734375,-1.0,-3.005767822265625,0.0,0.0,2.0,0.5,0.5
2021-08-26,154.68956575122078,155.37431210720382,153.88922273616836,154.11154174804688,5031600,0.0,0.0,0.0015827309549905034,0.010781790121665361,1.9004669189453125,-1.0,-3.8327789306640625,0.0,0.0,2.0,0.5,0.5
2021-08-27,154.98304469700352,154.98304469700352,153.62245328743842,153.7825164794922,7046100,0.0,0.0,0.002211676424561293,0.010665047262436727,1.571441650390625,-1.0,-4.16180419921875,0.0,0.0,2.0,0.5,0.5
2021-08-30,153.6580221715535,154.9830485388224,153.649134294867,154.43170166015625,3252700,0.0,0.0,0.0010252889794720157,0.01047859691070227,2.2206268310546875,1.0,0.6491851806640625,0.0,0.0,0.024331781431459826,0.012165890715729913,0.9878341092842701
2021-08-31,154.28051285814786,155.16978894307036,153.38233532803932,153.9603729248047,7106800,0.0,0.0,0.002233309281147992,0.010589186664692028,1.749298095703125,1.0,0.1778564453125,0.2401179593991003,0.018841767528091927,0.0018263160178609284,0.010334041772976428,0.9896659582270235
2021-09-01,153.75585106555147,154.5028533935547,153.00886230682633,154.5028533935547,5327400,0.0,0.0,0.0016800323081009607,0.01048898231172798,2.291778564453125,-1.0,0.54248046875,0.6402719880406664,0.07805193919179629,0.016990451706981467,0.047521195449388876,0.9524788045506112
2021-09-02,155.03638081059106,155.79227086866223,154.6539986284842,155.56105041503906,4544300,0.0,0.0,0.001442891530215919,0.010265573487567098,3.3499755859375,1.0,1.058197021484375,0.0,0.0,0.06465018640935741,0.032325093204678704,0.9676749067953213
2021-09-03,155.71227300118807,155.81898180641372,154.56509906789884,155.65890502929688,4096900,0.0,0.0,0.0013016528012525905,0.010101705973838337,3.4478302001953125,1.0,1.1560516357421875,0.0,0.0,0.07715981486790943,0.038579907433954716,0.9614200925660453
2021-09-07,155.0452959547941,155.64999719926095,152.6620289124635,153.2400665283203,6859900,0.0,0.0,0.0021456354671219296,0.010925127867495547,1.02899169921875,-1.0,-2.4188385009765625,1.9919697160206908,2.0,2.0,0.5,0.5
2021-09-08,152.61755042392673,153.8269663872891,152.13734733034966,152.86654663085938,4661700,0.0,0.0,0.0014545297175908103,0.010959042730896302,0.6554718017578125,-1.0,-2.7923583984375,0.0,0.0,2.0,0.5,0.5
2021-09-09,152.23515371762613,152.49303777546777,149.1315757332223,149.4606170654297,7114600,0.0,0.0,0.00217041649661021,0.012193128012610176,-2.750457763671875,-1.0,-6.1982879638671875,0.0,0.0,2.0,0.0,1.0
2021-09-10,149.88746424703,150.36766729006416,148.39347359340596,148.48240661621094,6699300,0.0,0.0,0.0020303469013337474,0.012346482156631549,-3.728668212890625,-1.0,-7.1764984130859375,0.0,0.0,2.0,0.0,1.0
2021-09-13,149.32724715040848,149.5050996637788,146.84617270109143,147.44198608398438,6273500,0.0,0.0,0.0018879778611499162,0.012833612758709865,-4.7690887451171875,-1.0,-8.2169189453125,0.0,0.0,2.0,0.0,1.0
2021-09-14,147.97553747453142,148.10003558564446,146.29480618986716,146.55270385742188,5259600,0.0,0.0,0.0015733030148317238,0.012869091898534182,-5.6583709716796875,-1.0,-9.106201171875,0.0,0.0,2.0,0.0,1.0
2021-09-15,146.7305553518529,147.58426637165437,146.11695267657004,147.1040496826172,7935300,0.0,0.0,0.002382614616462687,0.012617559054340123,-5.107025146484375,-1.0,-8.554855346679688,0.0,0.0,2.0,0.0,1.0
2021-09-16,147.30856013530365,148.02888507473207,146.0102248079157,146.92617797851562,5665400,0.0,0.0,0.0016990086199682821,0.012711866145789863,-5.2848968505859375,-1.0,-8.73272705078125,0.0,0.0,2.0,0.0,1.0
2021-09-17,146.1080682087458,146.65052718092576,145.44999899960524,146.50823974609375,13419800,0.0,0.0,0.004013043955106265,0.012557243891259007,-5.7028350830078125,-1.0,-9.150665283203125,0.0,0.0,2.0,0.0,1.0
2021-09-20,145.3788699881241,146.88174894353028,144.21392033230833,145.67233276367188,7270800,0.0,0.0,0.0021618477057095747,0.013035343572741975,-6.5387420654296875,-1.0,-9.986572265625,0.0,0.0,2.0,0.0,1.0
2021-09-21,146.38375053326507,147.60205454105667,146.0547226933278,146.31260681152344,6663600,0.0,0.0,0.0019900156430847074,0.012993352356698625,-5.898468017578125,1.0,0.6402740478515625,0.9515273601309104,0.026023403944006387,0.0041105402004416305,0.1364089672675315,0.8635910327324685
2021-09-22,147.04180619946476,147.5753637093236,145.51225024650554,145.77902221679688,5657100,0.0,0.0,0.001683273597444661,0.013120298382592805,-6.4320526123046875,-1.0,-0.5335845947265625,0.0,0.0,0.6945040248553311,0.6527479875723344,0.34725201242766557
2021-09-23,146.19697563486093,147.4152930374897,145.97465662472928,146.60604858398438,4697900,0.0,0.0,0.0014057933330409663,0.012911621986242653,-5.6050262451171875,-1.0,0.2934417724609375,0.0,0.0,0.3024386630655486,0.5,0.5
2021-09-24,146.50823987139393,147.30858294677435,145.7434618701136,146.1614227294922,4399300,0.0,0.0,0.0013124481745683256,0.012790704292487848,-6.049652099609375,-1.0,-0.15118408203125,0.0,0.0,0.2654411560300317,0.8672794219849842,0.13272057801501586
2021-09-27,145.84126538819018,146.16140529400843,144.81860340616592,145.10316467285156,5775500,0.0,0.0,0.0017105363014310595,0.012624720863491298,-7.10791015625,-1.0,-1.209442138671875,0.0,0.0,2.0,0.0,1.0
2021-09-28,145.04093293829249,145.76124438635958,143.85819413285444,144.7830352783203,7610400,0.0,0.0,0.0022490079132672456,0.012687743698364671,-7.42803955078125,-1.0,-1.529571533203125,0.0,0.0,2.0,0.0,1.0
2021-09-29,144.95201956607994,146.42822130417713,144.7563777179332,145.8590850830078,5124100,0.0,0.0,0.0015255164829091486,0.012513278110158847,-6.35198974609375,1.0,1.0760498046875,0.2668160101686965,0.0017644290302318262,0.4949087831059697,0.9964475051460033,0.0035524948539966176
2021-09-30,146.41042968894328,147.0862747006026,143.53807142779416,143.61810302734375,6972300,0.0,0.0,0.00204385967030507,0.013565481525978642,-8.592971801757812,1.0,-1.1649322509765625,0.3201227050602711,0.0013878616740522882,1.1720242337610984,0.4132939522824246,0.5867060477175754
2021-10-01,143.64479436852338,143.97382224524847,141.05699717410573,142.70216369628906,8568300,0.0,0.0,0.0024956923324914045,0.014137366217831163,-9.5089111328125,-1.0,-0.9159393310546875,0.0,0.0,0.7245505169200903,0.6377247415399548,0.36227525846004516
2021-10-04,142.2753074022666,143.17347150002846,140.21218005745982,141.59056091308594,8620700,0.0,0.0,0.0024913953920333537,0.014724507149149711,-10.620513916015625,-1.0,-2.0275421142578125,0.0,0.0,2.0,0.0,1.0
2021-10-05,142.1596865452371,143.27128173792497,141.5282945053084,141.9106903076172,5129000,0.0,0.0,0.0014856401723768455,0.014519218849901091,-10.300384521484375,1.0,0.32012939453125,0.0,0.0,0.024929372041267255,0.5,0.5
2021-10-06,142.16858395031042,142.23972767572394,140.36335432193678,142.20416259765625,7312600,0.0,0.0,0.0021225110019620695,0.014396802876599961,-10.006912231445312,-1.0,0.2934722900390625,0.0,0.0,0.020950502038869487,0.5,0.5
2021-10-07,142.30194705644763,144.6051686031948,142.30194705644763,143.4757843017578,5309200,0.0,0.0,0.001554796362468593,0.014445302195918374,-8.73529052734375,1.0,1.2716217041015625,0.0,0.0,0.39334723007084715,0.5,0.5
2021-10-08,143.45800619239333,143.71589025356982,142.50647438992337,143.11117553710938,4343200,0.0,0.0,0.001268671548679804,0.014051303403228821,-9.099899291992188,1.0,0.907012939453125,0.0,0.0,0.20011848113931904,0.5,0.5
2021-10-11,143.04892859403364,143.9293166616824,142.2307963555856,142.5064697265625,4101600,0.0,0.0,0.0011930364393864248,0.013954354634743668,-9.704605102539062,1.0,0.30230712890625,0.07115070086203445,5.375299027951465e-05,0.022230898196389317,0.9975878917812422,0.0024121082187578
2021-10-12,142.28419104711926,142.4442542487939,139.91871311433422,140.22996520996094,6686400,0.0,0.0,0.0019138108076780381,0.01448608881320393,-11.981109619140625,-1.0,-2.2765045166015625,2.587761275589145,0.04665028870658217,2.0,0.0,1.0
2021-10-13,140.345546975833,142.35530588157596,140.2832911416306,141.57273864746094,6901100,0.0,0.0,0.0019941773381346086,0.014396097439866746,-10.638336181640625,-1.0,-0.9337310791015625,0.0,0.0,2.0,0.0,1.0
2021-10-14,142.02626831338856,143.29792641193558,141.92844741586384,142.38197326660156,4579200,0.0,0.0,0.001330792799297387,0.014157300826680843,-9.8291015625,1.0,0.809234619140625,0.853672163141681,0.007543182147183729,0.7511129994909616,0.9900571796160733,0.009942820383926675
2021-10-15,143.20013822067202,143.89377253635226,142.64879134648444,143.44024658203125,6918400,0.0,0.0,0.002025547881243998,0.013801902829129957,-8.770828247070312,1.0,1.8675079345703125,0.0,0.0,2.0,0.5,0.5
2021-10-18,142.50649463426555,143.07563079393398,141.57275201797046,142.39088439941406,7465500,0.0,0.0,0.002169736075775535,0.013847306491635444,-9.8201904296875,-1.0,-1.0493621826171875,0.3556953978933848,0.0013119481553669561,0.3157373112523178,0.8414753702961576,0.15852462970384237
2021-10-19,143.08449629045217,146.86391911395862,142.9333210058248,145.72564697265625,10081300,0.0,0.0,0.0029985987355840445,0.014756460990019461,-6.4854278564453125,1.0,3.3347625732421875,2.970146577606357,0.2097386650932663,2.0,0.9050844027818946,0.09491559721810537
2021-10-20,145.823482378346,146.50822873388944,145.18320253900487,145.6456298828125,6003200,0.0,0.0,0.001784621386503668,0.014359784940636458,-6.5654449462890625,1.0,3.2547454833984375,0.0,0.0,2.0,0.5,0.5
2021-10-21,146.1080500258147,146.18808160946912,144.31170870012338,145.3076934814453,4524100,0.0,0.0,0.0013417964167783787,0.014287460927891776,-6.90338134765625,-1.0,-0.3379364013671875,0.0,0.0,0.010780425038173209,0.9946097874809134,0.0053902125190866046
2021-10-22,145.00534447240182,145.89462048517922,144.91642501268913,145.59226989746094,4304300,0.0,0.0,0.001279106402709124,0.013720905749315246,-6.618804931640625,-1.0,-0.0533599853515625,0.0,0.0,0.0002687802399818943,0.999865609880009,0.00013439011999094716
2021-10-25,145.59227463299752,146.11694424097558,143.80483467411565,145.91241455078125,6715400,0.0,0.0,0.0019999998047115874,0.013844734588664717,-6.2986602783203125,-1.0,0.26678466796875,0.0,0.0,2.0,0.5,0.5
2021-10-26,146.33928118228104,147.64651820930015,145.88575523038187,147.39752197265625,6939100,0.0,0.0,0.002087657024784343,0.013579558330375326,-4.8135528564453125,1.0,1.485107421875,0.0,0.0,2.0,0.5,0.5
2021-10-27,147.33527662002604,147.40642034545834,145.22769633504709,145.61009216308594,7018800,0.0,0.0,0.002086028160289357,0.01383314449443391,-6.600982666015625,-1.0,-1.7874298095703125,0.0,0.0,1.4485792372227002,0.2757103813886499,0.7242896186113501
2021-10-28,145.63675116070922,146.90840947451076,144.34730352545355,144.81861877441406,6278800,0.0,0.0,0.0018559525698973874,0.014178473228862728,-7.3924560546875,-1.0,-2.5789031982421875,0.0,0.0,2.0,0.0,1.0
2021-10-29,144.3739759044651,145.17431894259445,142.8266306522356,144.8452911376953,8526800,0.0,0.0,0.002520903842677115,0.014321032700081013,-7.36578369140625,-1.0,-2.5522308349609375,0.0,0.0,2.0,0.0,1.0
2021-11-01,145.0942857037121,145.82348501938887,141.75059902231104,144.96978759765625,5846400,0.0,0.0,0.0017299432279216716,0.01529344762711471,-7.2412872314453125,-1.0,-2.427734375,0.0,0.0,2.0,0.0,1.0
2021-11-02,145.57448730679155,148.49131167798572,144.9342074624537,147.25521850585938,8450600,0.0,0.0,0.0025399435380314165,0.015706087240853255,-4.9558563232421875,1.0,2.285430908203125,3.316992735391267,0.44797278057355056,0.8862043095561309,0.6642328939031565,0.3357671060968434
2021-11-03,146.76611570861036,147.4152970055475,145.33438070205273,146.78390502929688,6717800,0.0,0.0,0.0020126642393810848,0.015643676672613,-5.4271697998046875,1.0,1.814117431640625,0.0,0.0,0.5583782040511438,0.5,0.5
2021-11-04,146.677182730757,146.7216492437388,144.65852245100083,146.3748321533203,8224400,0.0,0.0,0.0024571770886996427,0.015604020304375799,-5.83624267578125,-1.0,-0.4090728759765625,0.2756850114528788,0.002231308530987222,0.050847613605541166,0.9734605389317358,0.026539461068264193
2021-11-05,144.4895563837049,146.37483067474665,144.24056019665164,145.33436584472656,6215900,0.0,0.0,0.0018439033854170197,0.015642125787609207,-6.876708984375,-1.0,-1.4495391845703125,0.0,0.0,0.6384532865445215,0.6807733567277392,0.31922664327226075
2021-11-08,145.5567067395498,145.99245691709612,144.0716172685706,144.83639526367188,5578800,0.0,0.0,0.001649241757862432,0.015522065038921246,-7.3746795654296875,-1.0,-1.947509765625,0.0,0.0,1.1524669913836474,0.4237665043081763,0.5762334956918237
2021-11-09,144.60518364589862,145.47667040330018,144.08051401628882,144.51625061035156,6112800,0.0,0.0,0.0018031119635651446,0.01513533973435717,-7.69482421875,-1.0,-2.2676544189453125,0.0,0.0,1.5625105139381172,0.21874474303094138,0.7812552569690586
2021-11-10,144.53401487028182,146.5882400840375,144.3739517171821,146.08135986328125,6225100,0.0,0.0,0.0018561238794647518,0.01498637547261407,-6.1297149658203125,1.0,1.5651092529296875,0.5957831669413736,0.009447043106674807,0.4763603183217993,0.9805539317500324,0.019446068249967644
2021-11-11,145.38773630741443,145.6722975678341,144.49846031853144,145.00534057617188,4118800,0.0,0.0,0.001219047208917471,0.014798908605400937,-7.2057342529296875,1.0,0.4890899658203125,0.0,0.0,0.046518292446128595,0.5,0.5
2021-11-12,148.89148740094,149.06045202704237,146.38373591406193,146.73944091796875,18995200,0.0,0.0,0.005689270110958567,0.015553361320119988,-5.4716339111328125,1.0,2.2231903076171875,0.0,0.0,0.9611685225341798,0.5,0.5
2021-11-15,146.73055351274542,147.1396264808988,145.14764317251365,145.4144287109375,7496200,0.0,0.0,0.002224920457359683,0.015552481703345215,-6.7966461181640625,-1.0,-1.32501220703125,0.0,0.0,0.35521105854195223,0.8223944707290238,0.17760552927097611
2021-11-16,145.11206473582854,146.15252969408184,144.61407230034644,144.65853881835938,7594700,0.0,0.0,0.002242438391390822,0.015276702043870091,-7.5525360107421875,-1.0,-2.080902099609375,0.0,0.0,0.8760926080239285,0.5619536959880358,0.43804630401196426
2021-11-17,144.83639756189058,145.71678580708698,143.87597772238817,145.2010040283203,5414500,0.0,0.0,0.0016046998062326139,0.015038059251752068,-7.01007080078125,-1.0,-1.5384368896484375,0.0,0.0,0.4788572747063494,0.7605713626468253,0.2394286373531747
2021-11-18,145.3521537317717,146.25921901525868,144.1783165142659,144.4184112548828,6358700,0.0,0.0,0.0018743760285502347,0.015068784791036773,-7.79266357421875,1.0,-0.7825927734375,0.10668932117684449,0.00018744335514285257,0.12391343200812557,0.9379495623183658,0.062050437681634214
2021-11-19,144.98755772950685,145.12095727535933,143.8670748184328,144.8541717529297,7620700,0.0,0.0,0.0022531582496874225,0.014568647886757742,-7.356903076171875,-1.0,0.435760498046875,0.0,0.0,0.3100445136618715,0.5,0.5
2021-11-22,144.1381024595879,145.5792155111561,142.90285879877052,142.94761657714844,7634500,1.06,0.0,0.0022275288663819695,0.015045790866278452,-9.263458251953125,-1.0,-1.470794677734375,1.275457715495378,0.01895770816037636,2.0,0.0,1.0
2021-11-23,142.78648915423364,144.11123456696336,142.12410961879138,143.83375549316406,7734000,0.0,0.0,0.0022705486431850146,0.014871833962349684,-8.3773193359375,-1.0,-0.58465576171875,0.0,0.0,1.8001336515829645,0.09993317420851777,0.9000668257914822
2021-11-24,143.34143843818356,143.7710829885262,142.6611667619616,143.4309539794922,5230900,0.0,0.0,0.001531387603978139,0.01443229074713045,-8.780120849609375,-1.0,-0.987457275390625,0.0,0.0,2.0,0.0,1.0
2021-11-26,143.7531951013553,144.25444936808876,142.01669735006115,142.5000457763672,8523100,0.0,0.0,0.002479010752802456,0.014610639921871428,-9.711029052734375,-1.0,-1.918365478515625,0.14321480112539575,0.0002174930089632372,2.0,0.0,1.0
2021-11-29,142.76858014269428,143.59207125438206,141.80186962249874,142.9923553466797,9188500,0.0,0.0,0.0026817807078205014,0.014414567184316076,-9.218719482421875,-1.0,-1.426055908203125,0.0,0.0,2.0,0.0,1.0
2021-11-30,141.88243626142264,142.32104061169028,139.5014782892492,139.5730743408203,14981700,0.0,0.0,0.004268040813336764,0.01549936940063973,-12.63800048828125,-1.0,-4.8453369140625,0.0,0.0,2.0,0.0,1.0
2021-12-01,140.4234250516933,143.2877450264587,139.8595071482619,141.49754333496094,9835800,0.0,0.0,0.002840693723678206,0.016071708093676477,-10.713531494140625,1.0,1.924468994140625,0.0,0.0,0.15775163740188552,0.5,0.5
2021-12-02,140.76356994088366,142.5806237697711,140.3070733750686,140.6114044189453,11334700,0.0,0.0,0.0032530923970646966,0.016172709810791514,-11.59967041015625,1.0,1.038330078125,0.0,0.0,0.045922223554278316,0.5,0.5
2021-12-03,141.34539435789458,142.92076711368753,141.0589554978468,142.66119384765625,8750500,0.0,0.0,0.0025480300523229734,0.015958008397353417,-9.549880981445312,1.0,3.0881195068359375,0.0,0.0,0.40620029677033376,0.5,0.5
2021-12-06,143.3862352450904,146.3669232945137,143.0639983300674,145.84776306152344,9692000,0.0,0.0,0.0028852204430812045,0.016309266412939442,-6.363311767578125,1.0,6.274688720703125,0.0,0.0,1.6770129286237434,0.5,0.5
2021-12-07,146.7965119618874,147.0381929704976,145.37330515435983,146.22364807128906,8311300,0.0,0.0,0.0024805751922216284,0.015918667129571903,-5.9874267578125,1.0,6.65057373046875,0.0,0.0,1.8839538677968786,0.5,0.5
2021-12-08,146.32215763479584,147.30677417162784,145.57922218576024,147.10089111328125,6216400,0.0,0.0,0.0018664659784471559,0.015532325314435795,-5.1101837158203125,1.0,7.5278167724609375,0.0,0.0,2.0,0.5,0.5
2021-12-09,146.9576483732266,148.56883260609067,146.34004027060394,148.49722290039062,8574200,0.0,0.0,0.0025988293575098065,0.01535932425652126,-3.7138519287109375,1.0,8.924148559570312,0.0,0.0,2.0,0.5,0.5
2021-12-10,148.20187399872805,149.20438271343494,147.37836908803953,148.13026428222656,6572200,0.0,0.0,0.0019871030568759294,0.015178066774189486,-4.080810546875,1.0,8.55718994140625,0.0,0.0,2.0,0.5,0.5
2021-12-13,147.46786888021322,151.4510650348762,146.61752578218602,150.7797393798828,11142300,0.0,0.0,0.0034291276998147783,0.016136045743649994,-1.43133544921875,1.0,11.2066650390625,0.0,0.0,2.0,0.5,0.5
2021-12-14,150.67233716747862,153.0354030133299,149.62507074628775,152.42672729492188,10482400,0.0,0.0,0.0032612769115903184,0.016419686139842873,0.2156524658203125,1.0,12.853652954101562,0.0,0.0,2.0,1.0,0.0
2021-12-15,152.03290207609498,153.33079572414343,151.64800156470713,153.1875762939453,8552200,0.0,0.0,0.0026740357935146866,0.015955779866598237,0.97650146484375,1.0,13.614501953125,0.0,0.0,2.0,1.0,0.0
2021-12-16,153.2949929218204,155.30897017942408,152.91905213937994,154.86141967773438,8998600,0.0,0.0,0.0028443563566748803,0.015758269695259477,2.6503448486328125,1.0,15.288345336914062,0.0,0.0,2.0,1.0,0.0
2021-12-17,151.8449202885562,152.8653347961781,150.0726242822984,150.58282470703125,16726200,0.0,0.0,0.005140892798737198,0.01731999823410783,-1.6282501220703125,-1.0,-4.278594970703125,1.5753772824087378,0.9361100722384084,0.07832156998178795,0.4927841788899019,0.5072158211100981
2021-12-20,150.2068715903536,150.83343945429473,149.07904943525958,150.15316772460938,7954500,0.0,0.0,0.0024378849576449173,0.016963447540924607,-2.0579071044921875,-1.0,-4.708251953125,0.0,0.0,0.09484150177973072,0.9525792491101346,0.04742075088986536
2021-12-21,150.43064257037076,150.46645425196266,148.5688312140781,149.66981506347656,7954200,0.0,0.0,0.0024299456022269456,0.016708265940710527,-2.541259765625,-1.0,-5.1916046142578125,0.0,0.0,0.11531405685796564,0.9423429715710172,0.05765702842898282
2021-12-22,149.53553669812229,150.5290991273684,148.69413976511964,150.31427001953125,4178200,0.0,0.0,0.001281903282309021,0.01632026368663375,-1.8968048095703125,1.0,0.6444549560546875,0.0,0.0,0.015409264726416091,0.5,0.5
2021-12-23,150.26954031115702,151.22729115183003,149.80408402863492,150.60072326660156,3501500,0.0,0.0,0.0010763338802736758,0.015800719940669193,-1.6103515625,1.0,0.930908203125,0.0,0.0,0.03215218522381694,0.5,0.5
2021-12-27,151.3973931837655,152.03292094780926,151.00354653091117,151.87179565429688,3704800,0.0,0.0,0.0011484384346557416,0.015222894136905281,-0.3392791748046875,1.0,2.2019805908203125,0.0,0.0,0.1798969306835669,0.5,0.5
2021-12-28,151.9791702738025,152.74001147439242,151.8001528319447,152.48043823242188,3187000,0.0,0.0,0.0009918865874441844,0.014519392258207914,0.2693634033203125,1.0,2.8106231689453125,0.0,0.0,0.29309069074972116,0.14654534537486058,0.8534546546251394
2021-12-29,152.16714115229072,153.94839672153853,152.0865853555202,153.55455017089844,3662000,0.0,0.0,0.0011477488142969778,0.014254038320171705,1.343475341796875,1.0,3.884735107421875,0.0,0.0,0.559911775679472,0.279955887839736,0.720044112160264
2021-12-30,154.06477665057653,154.74506213811418,153.7335936578482,154.23484802246094,4231800,0.0,0.0,0.001332212385052098,0.013728856674532351,2.023773193359375,1.0,4.565032958984375,0.0,0.0,0.7731871281080132,0.3865935640540066,0.6134064359459934
2021-12-31,154.43176342429138,154.56602310145394,153.08911202004043,153.1249237060547,4409500,0.0,0.0,0.0013781644879404082,0.013529567873069834,0.913848876953125,-1.0,-1.10992431640625,0.0,0.0,0.05911516380359514,0.5,0.5
2022-01-03,152.35512115456405,153.59931078538088,151.36155866821716,153.54559326171875,6012200,0.0,0.0,0.0018842416472339561,0.013569740857668964,1.3345184326171875,-1.0,-0.6892547607421875,0.0,0.0,0.022796685831851585,0.5,0.5
2022-01-04,153.11594425695273,154.2169144425138,152.70420552785393,153.13385009765625,6748400,0.0,0.0,0.002109297515811625,0.013339949579871748,0.9227752685546875,1.0,-0.4117431640625,0.0,0.0,0.008135138670167373,0.5,0.5
2022-01-05,153.9573735603516,155.27317313633978,153.61723080629392,154.154296875,7016100,0.0,0.0,0.0022075839493142955,0.013296369533163729,1.9432220458984375,1.0,0.60870361328125,1.673862350958899,0.7419841438930896,2.0,1.0,0.0
2022-01-06,154.09161757024484,154.40490835480688,152.88323952584,153.6261749267578,7301600,0.0,0.0,0.0022895444400956376,0.013096573686683337,1.41510009765625,-1.0,-0.5281219482421875,0.0,0.0,0.7527602433167365,0.5,0.5
2022-01-07,153.47399694308663,156.01608006575427,153.17861202516218,155.70278930664062,6986000,0.0,0.0,0.0022201933460578352,0.013300597949378908,3.4917144775390625,1.0,2.0766143798828125,0.7429069294144881,0.04526800667192007,2.0,1.0,0.0
2022-01-10,155.47006461595964,155.47006461595964,154.10056144516045,154.93299865722656,7698400,0.0,0.0,0.002434502484120013,0.013150592611384161,2.721923828125,1.0,1.30682373046875,0.0,0.0,2.0,1.0,0.0
2022-01-11,154.84353727982617,155.20157224054782,152.26564185652393,153.2860565185547,8341100,0.0,0.0,0.002609707310830167,0.013710556574745068,1.074981689453125,-1.0,-1.646942138671875,0.9129701686382532,0.7212918759686276,1.5882638777108147,0.3123076266158588,0.6876923733841411
2022-01-12,151.81804490852286,152.23874337073025,150.6812630856548,151.97915649414062,8116200,0.0,0.0,0.0025176919593177245,0.014064934520091549,-0.2319183349609375,-1.0,-2.9538421630859375,0.0,0.0,2.0,0.0,1.0
2022-01-13,151.2720343078639,152.54307579738935,150.78868588830235,151.0572052001953,6159400,0.0,0.0,0.0018990905674752948,0.013969584459528242,-1.15386962890625,1.0,-0.9219512939453125,0.0,0.0,0.49771637799820234,0.7511418110008988,0.24885818899910117
2022-01-14,150.94084084027938,150.9587330210529,149.6160819227637,150.23370361328125,5847700,0.0,0.0,0.0017931568546779718,0.013728042949286494,-1.9773712158203125,-1.0,-0.8235015869140625,0.0,0.0,0.3970954002522443,0.8014522998738778,0.19854770012612216
2022-01-18,149.5713653564453,150.1263235419921,148.5956949984877,149.5713653564453,7815600,0.0,0.0,0.002386033874476771,0.013586156734436717,-2.63970947265625,-1.0,-1.48583984375,0.0,0.0,1.2927363946290178,0.3536318026854911,0.6463681973145089
2022-01-19,149.66085413299666,151.02141120150384,148.87317470020164,149.10589599609375,5926500,0.0,0.0,0.001803677668457984,0.013684203850934468,-3.1051788330078125,1.0,-0.4654693603515625,0.06267818045094486,0.0004074361193145991,0.12686685473927709,0.9363628545707041,0.06363714542929584
2022-01-20,149.74142031922355,150.2516343771253,147.62898169449457,147.91542053222656,6011300,0.0,0.0,0.0018148790094820798,0.014075511999734046,-4.295654296875,-1.0,-1.1904754638671875,0.12531083513320596,0.0008509785284678542,0.829863901267035,0.5846425601022486,0.4153574398977514
2022-01-21,148.75684203696542,150.3680266190873,147.21726717606649,147.57530212402344,10550300,0.0,0.0,0.0031779298973631446,0.014625254073456186,-4.635772705078125,-1.0,-1.5305938720703125,0.0,0.0,1.3717845781229492,0.3141077109385254,0.6858922890614746
2022-01-24,146.79651009390844,146.94867556905191,141.6586273236868,145.8745574951172,14054600,0.0,0.0,0.004184695522041298,0.016636072769174386,-6.336517333984375,-1.0,-3.2313385009765625,0.0,0.0,2.0,0.0,1.0
2022-01-25,145.32860532340217,150.74396934415245,144.6304276052263,150.04579162597656,14081200,0.0,0.0,0.004312501993467184,0.017928659419987968,-2.165283203125,1.0,4.171234130859375,0.37594272506515836,0.03014490755831301,1.6663423209012498,0.982230984676681,0.017769015323319034
2022-01-26,149.965191691317,151.4689682345122,148.7926117530204,150.7170867919922,9963200,0.0,0.0,0.003064976592697595,0.017842282197093506,-1.493988037109375,1.0,4.842529296875,0.0,0.0,2.0,0.5,0.5
2022-01-27,151.6211483227129,153.87680652535423,151.27205950096004,152.6952667236328,9066700,0.0,0.0,0.002825794943210338,0.017831265630901958,0.48419189453125,1.0,6.820709228515625,0.0,0.0,2.0,1.0,0.0
2022-01-28,152.93694137528203,153.81413643904926,151.54058614695495,153.76937866210938,9783100,0.0,0.0,0.003070521728459883,0.017498049360736446,1.5583038330078125,1.0,7.8948211669921875,0.0,0.0,2.0,1.0,0.0
2022-01-31,153.50979528565483,154.5123038638495,152.9011332655095,154.2169189453125,8054800,0.0,0.0,0.0025354357306837266,0.016947281216691833,2.0058441162109375,1.0,8.342361450195312,0.0,0.0,2.0,1.0,0.0
2022-02-01,153.72465191457715,153.93946741511388,151.6569571148089,152.95486450195312,8154700,0.0,0.0,0.0025458751672161857,0.01706208717569135,0.7437896728515625,-1.0,-1.262054443359375,0.0,0.0,0.02288643641604702,0.5,0.5
2022-02-02,151.8538819862795,154.8435297615955,151.8538819862795,154.6466064453125,7382800,0.0,0.0,0.0023303830917319715,0.017050915836381714,2.4355316162109375,1.0,1.691741943359375,0.33122589774600897,0.01849528502544559,1.7968509492717533,0.9076731171485994,0.09232688285140056
2022-02-03,154.1900685904015,155.40740630130438,153.0980444530553,154.6376190185547,6240400,0.0,0.0,0.0019696697044276424,0.016900629448532448,2.426544189453125,1.0,1.6827545166015625,0.0,0.0,1.7778100190878625,0.8889050095439313,0.11109499045606874
2022-02-04,153.06225697780857,154.83455297116265,152.27456379935958,153.6261749267578,6392200,0.0,0.0,0.002004386157825591,0.01698703244189459,1.41510009765625,-1.0,-1.011444091796875,0.0,0.0,0.3612785972067245,0.5,0.5
2022-02-07,153.42927288362,153.7246578664521,152.17612322995427,153.11598205566406,6065700,0.0,0.0,0.001895689802460866,0.01654862299550651,0.9049072265625,-1.0,-1.521636962890625,0.0,0.0,0.8176747164147076,0.5,0.5
2022-02-08,153.08016234452185,154.00211519454183,152.59680020173784,153.5187530517578,6296100,0.0,0.0,0.001972871841154264,0.015980121977281297,1.30767822265625,1.0,0.40277099609375,0.0,0.0,0.07006389537648423,0.03503194768824212,0.9649680523117579
2022-02-09,154.0200146404299,154.17218015071825,153.2860253645217,153.5008544921875,5387500,0.0,0.0,0.0016879668112362062,0.015252769433856625,1.2897796630859375,1.0,0.3848724365234375,0.0,0.0,0.06397518047767106,0.03198759023883553,0.9680124097611644
2022-02-10,153.2502332774647,153.2591793696558,151.54058725619996,151.6479949951172,10355300,0.0,0.0,0.0032052741468258667,0.015259651648322497,-0.563079833984375,-1.0,-1.8528594970703125,1.0562129455378795,2.0,2.0,0.0,1.0
2022-02-11,151.3794524325345,152.30140522178394,149.9651914407356,150.11737060546875,13125300,0.0,0.0,0.004021666099626962,0.01542576611344054,-2.0937042236328125,-1.0,-3.38348388671875,0.0,0.0,2.0,0.0,1.0
2022-02-14,150.1173928812445,150.35011422145794,146.62649082909985,148.22872924804688,8967600,0.0,0.0,0.002713153945249997,0.01630077496485244,-3.9823455810546875,-1.0,-5.272125244140625,0.0,0.0,2.0,0.0,1.0
2022-02-15,148.70311065827786,150.46646045006173,148.5956892672319,149.7593231201172,6631400,0.0,0.0,0.0020270521229554016,0.016049032906049643,-2.451751708984375,1.0,1.5305938720703125,0.0,0.0,0.08428465295789773,0.5,0.5
2022-02-16,149.0253413763693,150.2337192960794,148.3271638250289,149.66981506347656,8482400,0.0,0.0,0.002591306552051726,0.015821472189414647,-2.541259765625,-1.0,-0.089508056640625,0.0,0.0,0.003419828407577552,0.9982900857962113,0.001709914203788776
2022-02-17,149.66982742051832,149.88464289518654,147.62003871202026,148.75682067871094,6227600,0.0,0.0,0.001890877614768992,0.015868930363981015,-3.454254150390625,-1.0,-1.00250244140625,0.0,0.0,0.42899372271863495,0.7855031386406826,0.21449686135931748
2022-02-18,148.6216903082824,148.96401646582618,146.78396901931285,147.16232299804688,6423200,1.06,0.0,0.0019293628073086197,0.01595322864655442,-5.0487518310546875,-1.0,-2.5970001220703125,0.0,0.0,2.0,0.0,1.0
2022-02-22,147.35152531245822,147.5046676268971,144.53187028362595,145.16246032714844,6868900,0.0,0.0,0.0020352011382858168,0.016480589943396583,-7.048614501953125,-1.0,-4.59686279296875,0.0,0.0,2.0,0.0,1.0
2022-02-23,145.4957518351884,146.5137130486988,144.90120343441106,145.23451232910156,8016900,0.0,0.0,0.0023765235369871064,0.01608886988528965,-6.9765625,-1.0,-4.524810791015625,0.0,0.0,2.0,0.0,1.0
2022-02-24,143.93730339191157,144.2526052763504,140.2798675124124,142.4599151611328,12883400,0.0,0.0,0.003746183053591239,0.0177148648692011,-9.75115966796875,-1.0,-7.299407958984375,0.0,0.0,2.0,0.0,1.0
2022-02-25,144.13546274943525,150.4323857267996,143.86520600761426,149.54054260253906,11340400,0.0,0.0,0.0034614108300615827,0.019478724516821408,-2.6705322265625,1.0,7.08062744140625,3.9186726781007906,2.0,0.9409536132092011,0.31994847146957284,0.6800515285304272
2022-02-28,146.72091454904594,148.80186846667254,146.27950841247747,148.2523651123047,9373500,0.0,0.0,0.0028364114963001187,0.019815728978550048,-3.958709716796875,1.0,5.792449951171875,0.0,0.0,0.6297226386172093,0.5,0.5
2022-03-01,146.87402702098083,148.41448079085933,146.3065029969865,147.7388458251953,8737800,0.0,0.0,0.0026348908205975096,0.01948343883725273,-4.47222900390625,1.0,5.2789306640625,0.0,0.0,0.5230180077894123,0.5,0.5
2022-03-02,148.10822815974382,151.00895600383947,147.77490549101353,149.57659912109375,6793300,0.0,0.0,0.0020740072550264844,0.019431085755448163,-2.6344757080078125,1.0,7.1166839599609375,0.0,0.0,0.9505612068423233,0.5,0.5
2022-03-03,150.1711218756025,152.5493562928323,149.82880952296097,151.77462768554688,7333700,0.0,0.0,0.0022718943902409537,0.019180893507384646,-0.4364471435546875,1.0,9.314712524414062,0.0,0.0,1.6284095418687914,0.5,0.5
2022-03-04,151.01792164924765,153.01780217674707,150.30625889201187,152.67547607421875,6302500,0.0,0.0,0.0019640292887542093,0.018974322412223774,0.4644012451171875,1.0,10.215560913085938,0.0,0.0,1.9586153867486324,0.9793076933743162,0.020692306625683776
2022-03-07,151.61249761557283,155.95457142588822,150.76569954473436,155.1348114013672,11663400,0.0,0.0,0.0036931781282098465,0.019728808627443528,2.923736572265625,1.0,12.674896240234375,0.0,0.0,2.0,1.0,0.0
2022-03-08,154.98163283548445,155.95454874907546,151.80164564603604,151.99082946777344,11100300,0.0,0.0,0.0034436414301331473,0.02065022528455233,-0.220245361328125,1.0,9.530914306640625,0.0,0.0,1.7048801569534209,0.5,0.5
2022-03-09,153.15295824688005,153.35114564089972,151.24316744541542,152.56741333007812,7248200,0.0,0.0,0.0022571362424137023,0.020089649254958524,0.3563385009765625,-1.0,0.5765838623046875,0.0,0.0,0.0062394986123843485,0.0031197493061921743,0.9968802506938078
2022-03-10,151.84672482735823,153.27906784997995,151.41432223947498,152.83766174316406,6171400,0.0,0.0,0.0019252179565603562,0.0194931765297225,0.6265869140625,-1.0,0.846832275390625,0.3873234065610518,0.3821068686278716,0.013459208793748179,0.19778303871080988,0.8022169612891901
2022-03-11,152.36023848839477,154.4592133858641,152.26114478093203,152.5584259033203,5188000,0.0,0.0,0.0016154815006104912,0.019163083694623922,0.34735107421875,1.0,-0.27923583984375,0.0,0.0,0.10872953088903149,0.5,0.5
2022-03-14,153.75648747641293,156.85540190691466,153.4592202017282,154.66635131835938,7729500,0.0,0.0,0.002440130563110331,0.019536221094995792,2.4552764892578125,1.0,1.8286895751953125,3.576334056934712,2.0,2.0,1.0,0.0
2022-03-15,156.14376330225846,159.01746653241284,155.4411039617867,158.67514038085938,10554400,0.0,0.0,0.0034182849535075656,0.019641146580716144,6.4640655517578125,1.0,5.8374786376953125,0.0,0.0,2.0,1.0,0.0
2022-03-16,158.06255731728376,159.4048100119799,155.45009381684878,157.21575927734375,9603300,0.0,0.0,0.0030816435027442666,0.020204271406428848,5.0046844482421875,1.0,4.3780975341796875,0.0,0.0,2.0,1.0,0.0
2022-03-17,157.83735614458976,159.3057269164665,156.9274921814726,159.2696990966797,7472100,0.0,0.0,0.0024290791024880447,0.0195857463742224,7.058624267578125,1.0,6.432037353515625,0.0,0.0,2.0,1.0,0.0
2022-03-18,159.44989131908935,159.44989131908935,156.4410661604294,157.50405883789062,13809500,0.0,0.0,0.004439514993037918,0.019755151795066084,5.2929840087890625,1.0,4.6663970947265625,0.0,0.0,2.0,1.0,0.0
2022-03-21,157.34188505314802,159.59400176209894,157.03560047972977,158.3958740234375,7574900,0.0,0.0,0.00244898762879007,0.019394497320801198,6.1847991943359375,1.0,5.5582122802734375,0.0,0.0,2.0,1.0,0.0
2022-03-22,158.39588253764833,158.88233372476483,156.66625846170157,157.64817810058594,8442100,0.0,0.0,0.0027164722384756083,0.019098668393755444,5.437103271484375,-1.0,-0.7476959228515625,0.0,0.0,0.0180958824363838,0.5,0.5
2022-03-23,157.8553571072219,158.1346173737705,156.82839245994327,157.05360412597656,5254200,0.0,0.0,0.001684303418131396,0.018395693046705405,4.842529296875,-1.0,-1.3422698974609375,0.0,0.0,0.05831891590858128,0.5,0.5
2022-03-24,157.6481717273734,158.13462289482422,156.8103908984776,157.8643798828125,5012300,0.0,0.0,0.0016150539247721835,0.017593157511508858,5.6533050537109375,-1.0,-0.531494140625,0.0,0.0,0.009143799685044246,0.5,0.5
2022-03-25,158.2697396424193,160.0804363403473,157.84634064533003,159.37777709960938,4809500,0.0,0.0,0.00156456466275944,0.017182635452822087,7.1667022705078125,1.0,1.513397216796875,1.9458189665767804,0.07371674306559281,2.0,1.0,0.0
2022-03-28,159.13457970123437,160.5128741880685,158.86433666133053,160.1975860595703,5604200,0.0,0.0,0.001832463851189734,0.016608699831413637,7.98651123046875,1.0,2.3332061767578125,0.0,0.0,2.0,1.0,0.0
2022-03-29,160.90920595172847,161.61186515926923,159.26967238274253,160.11647033691406,5933400,0.0,0.0,0.0019391234474675193,0.01647503834747081,7.9053955078125,1.0,2.2520904541015625,0.0,0.0,2.0,1.0,0.0
2022-03-30,160.74708236256666,162.02628298739907,160.06243009446666,161.78305053710938,6277600,0.0,0.0,0.0020729674481378747,0.016007715106201175,9.571975708007812,1.0,3.918670654296875,0.0,0.0,2.0,1.0,0.0
2022-03-31,161.78305750326894,162.34159181116277,159.4318470381068,159.6570587158203,11490400,0.0,0.0,0.003744459127236255,0.016364023271141878,7.44598388671875,1.0,1.7926788330078125,0.0,0.0,2.0,1.0,0.0
2022-04-01,159.49490121943344,160.73806024215946,158.1886763335702,160.52186584472656,6525600,0.0,0.0,0.0021380628681931376,0.016247718665883783,8.310791015625,-1.0,0.86480712890625,1.8737537608964487,0.050832364524688194,2.0,1.0,0.0
2022-04-04,160.5218694732035,160.5218694732035,158.11661052659082,158.972412109375,6860600,0.0,0.0,0.00222612571080239,0.01631493431218412,6.7613372802734375,-1.0,-0.6846466064453125,1.315236511515991,0.03783924930018652,0.6267500794765162,0.05693628781225923,0.9430637121877408
2022-04-05,158.9724400780416,161.83712637940906,158.8102805019431,159.99940490722656,7446100,0.0,0.0,0.002431717132066912,0.016403616309855443,7.788330078125,1.0,1.0269927978515625,1.0990661372495936,0.019914020793223255,2.0,1.0,0.0
2022-04-06,161.60291418959795,164.49463859616512,160.909258273485,164.16131591796875,10330900,0.0,0.0,0.0034615834450455914,0.016801691371056082,11.950241088867188,1.0,5.18890380859375,0.0,0.0,2.0,1.0,0.0
2022-04-07,163.6568268720457,164.80990960849738,162.35960535707994,163.73789978027344,7385200,0.0,0.0,0.0024681826733967756,0.016710829253592276,11.526824951171875,1.0,4.7654876708984375,0.0,0.0,2.0,1.0,0.0
2022-04-08,163.3505016019098,165.0260766838748,162.53973148402713,164.06216430664062,7144500,0.0,0.0,0.0023924677910883954,0.0165690219022828,11.851089477539062,1.0,5.089752197265625,0.0,0.0,2.0,1.0,0.0
2022-04-11,164.85496471489802,165.93597812779666,161.79209108738,162.00828552246094,5932000,0.0,0.0,0.0019615717175910504,0.0174075892968834,9.797210693359375,1.0,3.0358734130859375,0.5675142696999558,0.003355433810388258,2.0,1.0,0.0
2022-04-12,161.43174214897817,162.88210603188068,160.5308953582519,162.0623321533203,5957500,0.0,0.0,0.001970661164267264,0.017195089699275908,9.85125732421875,-1.0,0.054046630859375,2.0088361257752183,0.04158203053138419,0.006231668359654123,0.023906849445519157,0.9760931505544809
2022-04-13,162.06232642567886,162.9091245783668,161.46777801164387,162.74697875976562,5643100,0.0,0.0,0.0018745477350490475,0.016532296790229797,10.535903930664062,1.0,0.6846466064453125,0.32431307573611434,0.0009475132986309029,1.0,0.5004737566493155,0.4995262433506845
2022-04-18,161.90916374327333,162.50372582828902,159.2156410706189,160.04441833496094,6318700,0.0,0.0,0.002064115958163509,0.01658655597773502,7.833343505859375,-1.0,-2.017913818359375,0.0,0.0,2.0,0.5,0.5
2022-04-19,162.80101842782645,167.5034393507166,162.1073626127331,164.92701721191406,14380800,0.0,0.0,0.004841062323223666,0.0181762800612024,12.7159423828125,1.0,4.882598876953125,4.089837011306912,0.10344628500329102,2.0,1.0,0.0
2022-04-20,164.1703161293852,166.0440790127317,163.86401778855983,165.65670776367188,8044900,0.0,0.0,0.002720166568983794,0.01774363781246888,13.445632934570312,1.0,5.6122894287109375,0.0,0.0,2.0,1.0,0.0
2022-04-21,165.69273575240578,166.53953389481146,164.4585801063803,165.17926025390625,6969200,0.0,0.0,0.002349655909015016,0.01742372751165482,12.968185424804688,1.0,5.1348419189453125,0.0,0.0,2.0,1.0,0.0
2022-04-22,164.3774979454071,164.99006710153336,163.39557834441248,163.53970336914062,8003600,0.0,0.0,0.002671618265084584,0.017120430337661113,11.328628540039062,-1.0,-1.639556884765625,0.46843944414735006,0.0017098272743839016,0.10195272132675068,0.016494165901350295,0.9835058340986497
2022-04-25,164.26040686146257,168.1790960506914,164.04421242067642,167.56651306152344,11176500,0.0,0.0,0.0038226001945137213,0.017493140578040283,15.355438232421875,1.0,4.0268096923828125,1.6395621558799576,0.011400695337470465,2.0,1.0,0.0
2022-04-26,166.74674543164588,168.07099130549912,165.91795429296633,166.36837768554688,10190000,0.0,0.0,0.003460276381201274,0.01728499686386641,14.157302856445312,1.0,2.82867431640625,0.0,0.0,2.0,1.0,0.0
2022-04-27,165.97200083993792,166.49449357507055,163.71988409151956,164.044189453125,11090100,0.0,0.0,0.003713317949999081,0.01748588472344083,11.833114624023438,-1.0,-2.324188232421875,0.32432832915685594,0.000751227757609316,0.6751133586386099,0.00111150631758196,0.998888493682418
2022-04-28,164.1793327045508,166.20623804658229,163.8820516048864,165.2693634033203,9403900,0.0,0.0,0.003172241038611886,0.01712102717311145,13.05828857421875,-1.0,-1.0990142822265625,0.0,0.0,0.15095266276263172,0.5,0.5
2022-04-29,164.4045550772845,164.44960017030778,162.33260451070566,162.56683349609375,8463100,0.0,0.0,0.002808194870979486,0.017452740794411753,10.355758666992188,-1.0,-3.801544189453125,0.0,0.0,1.8061515653942881,0.5,0.5
2022-05-02,162.57576629368825,163.42256418916045,159.4768521850778,160.92721557617188,7145400,0.0,0.0,0.002347047426251128,0.01812256302416936,8.716140747070312,-1.0,-5.441162109375,0.0,0.0,2.0,0.5,0.5
2022-05-03,161.07136374949985,162.71991456359984,160.0624062797401,160.61192321777344,5898700,0.0,0.0,0.0019337481637726572,0.018042996504789903,8.400848388671875,-1.0,-5.7564544677734375,0.0,0.0,2.0,0.5,0.5
2022-05-04,160.48584199150807,162.6028373388502,159.58499524724851,162.33258056640625,5923000,0.0,0.0,0.001962516188887798,0.01790451551016913,10.121505737304688,-1.0,-4.035797119140625,0.0,0.0,2.0,0.5,0.5
2022-05-05,161.62991335931895,161.89116660013687,157.8914050504577,159.23365783691406,7089200,0.0,0.0,0.0023040819575667047,0.018941390359835945,7.0225830078125,-1.0,-7.1347198486328125,0.0,0.0,2.0,0.5,0.5
2022-05-06,157.77427150113783,159.33273225575564,157.36889328408822,158.88230895996094,6434000,0.0,0.0,0.002086519375145475,0.01851020983971551,6.671234130859375,-1.0,-7.4860687255859375,0.0,0.0,2.0,0.5,0.5
2022-05-09,158.05355041553338,160.85518419615718,157.27882170541724,159.7471466064453,7855200,0.0,0.0,0.0025612748160872873,0.01869411701177638,7.53607177734375,-1.0,-6.6212310791015625,0.0,0.0,2.0,0.5,0.5
2022-05-10,160.5578941941241,161.41369576039796,158.99943334220822,159.5309295654297,8186700,0.0,0.0,0.0026657510843435908,0.01846331464776945,7.319854736328125,1.0,-0.216217041015625,2.0809635046423125,0.08082095958117405,0.0058427048069414145,0.9325818398264885,0.06741816017351154
2022-05-11,158.5129649138036,160.63896332066616,158.44089554033718,158.66610717773438,6138900,0.0,0.0,0.00198811063402846,0.01822748377194545,6.4550323486328125,-1.0,-0.8648223876953125,0.0,0.0,0.09347338127207859,0.5,0.5
2022-05-12,158.9724169305468,160.3056661866598,157.38693170019155,160.2335968017578,6898600,0.0,0.0,0.002256214408166021,0.018061053145344317,8.02252197265625,-1.0,0.702667236328125,0.0,0.0,0.6601544580485721,0.33007722902428605,0.669922770975714
2022-05-13,160.98130117535823,161.15246424623916,158.36885126584946,159.3147430419922,7732200,0.0,0.0,0.0025143450051698744,0.01811573466211765,7.103668212890625,1.0,-0.918853759765625,0.07204427448772321,0.00010285694159854691,1.7099892714452614,6.014701774902179e-05,0.999939852982251
2022-05-16,159.3147528761777,161.3686823618745,158.70216993972875,160.42279052734375,5516700,0.0,0.0,0.0018063889036173952,0.017892835040682502,8.211715698242188,1.0,0.1891937255859375,1.063016175214699,0.016757604480178365,0.04239558822337273,0.029576596351775546,0.9704234036482244
2022-05-17,160.9993263338899,161.8821522675639,159.08051842834823,161.08941650390625,5751100,0.0,0.0,0.0018909661310519705,0.01778829049001903,8.878341674804688,1.0,0.8558197021484375,0.0,0.0,0.8675045617714625,0.43375228088573126,0.5662477191142687
2022-05-18,161.10739599821022,161.58484357684597,157.80129076210926,158.09857177734375,8608800,0.0,0.0,0.002778026522539072,0.01853957390394799,5.8874969482421875,-1.0,-2.9908447265625,0.9008791776194869,0.02341378941579957,2.0,0.011571429204581828,0.9884285707954181
2022-05-19,157.39594243377266,157.4680118219784,155.56722466377198,156.6932830810547,6874500,0.0,0.0,0.0021986561712314967,0.01852362614631157,4.482208251953125,-1.0,-4.3961334228515625,0.0,0.0,2.0,0.5,0.5
2022-05-20,157.5130298640262,159.59398326254762,156.7923498515346,159.43182373046875,7522100,0.0,0.0,0.0024478225956868975,0.018204629312185364,7.2207489013671875,1.0,2.7385406494140625,0.0,0.0,0.3880580114550494,0.1940290057275247,0.8059709942724753
2022-05-23,161.01848513107188,163.13093386614275,160.8915567027737,162.6866912841797,7040800,1.13,0.0,0.0023379749695471267,0.018190211451035204,10.475616455078125,1.0,5.993408203125,0.0,0.0,1.8586858223072877,0.9293429111536439,0.07065708884635613
2022-05-24,162.5144231731721,164.77195068457846,162.37843337363708,164.46368408203125,6419800,0.0,0.0,0.0021550499246268807,0.017747941754914662,12.252609252929688,1.0,7.7704010009765625,0.0,0.0,2.0,1.0,0.0
2022-05-25,163.6748797511916,164.59965168809748,162.34212467081943,162.84983825683594,6558900,0.0,0.0,0.0021801388985703165,0.01763373896386588,10.638763427734375,-1.0,-1.6138458251953125,0.0,0.0,0.04313573702503468,0.5,0.5
2022-05-26,164.10101596867162,164.10101596867162,161.92509642871747,162.70480346679688,6897600,0.0,0.0,0.0022906788335057,0.01734402633034702,10.493728637695312,-1.0,-1.758880615234375,0.0,0.0,0.05123725583202793,0.5,0.5
2022-05-27,162.97679032846528,164.24608831205114,161.58963913867822,164.1826171875,5853600,0.0,0.0,0.00196162523184989,0.017115907269051364,11.971542358398438,-1.0,-0.28106689453125,0.0,0.0,0.0013083758735228078,0.5,0.5
2022-05-31,161.38112873733243,163.34852623094108,158.6702834484693,162.76828002929688,16391400,0.0,0.0,0.005445674080204473,0.018450454138191096,10.557205200195312,-1.0,-1.695404052734375,0.0,0.0,0.04760576742887342,0.5,0.5
2022-06-01,162.42375341147957,163.04027277986046,159.47718787102903,161.1182098388672,5175400,0.0,0.0,0.0017019796852199614,0.018887648598976552,8.907135009765625,-1.0,-3.3454742431640625,0.0,0.0,0.1853653339091074,0.5,0.5
2022-06-02,161.1453990929113,161.20885638428308,158.28948896134338,160.6104736328125,8666500,0.0,0.0,0.002841079764423117,0.018892310497038302,8.399398803710938,-1.0,-3.85321044921875,0.0,0.0,0.24590003771186522,0.5,0.5
2022-06-03,160.53792968236965,161.9885379564905,159.70381297790698,159.9486083984375,4234200,0.0,0.0,0.0013823488528909365,0.018635746094032988,7.7375335693359375,1.0,-0.661865234375,0.0,0.0,0.007255248229387049,0.5,0.5
2022-06-06,160.66488258944585,161.83443629412096,159.5678475505058,159.9304962158203,5386500,0.0,0.0,0.0017583437076834792,0.018318890848040833,7.71942138671875,-1.0,-0.0181121826171875,0.6255799098378816,0.006567439621102122,5.4331877560196825e-06,0.9991733922268057,0.0008266077731943211
2022-06-07,160.4563216740847,162.5597223435828,159.93047150671018,161.68934631347656,5447800,0.0,0.0,0.0017979118022338153,0.017986869225310707,9.478271484375,1.0,1.75885009765625,0.5711843870923019,0.003631569564491897,2.0,1.0,0.0
2022-06-08,161.47179556315407,162.6957452443524,160.29316659172716,160.7283477783203,4333100,0.0,0.0,0.0014215332256029786,0.01786967436622952,8.51727294921875,1.0,0.7978515625,0.0,0.0,2.0,1.0,0.0
2022-06-09,160.6648775845953,161.97042103955457,157.42818231914205,157.4916534423828,5509600,0.0,0.0,0.0017711014360745532,0.018994367490901852,5.28057861328125,-1.0,-3.2366943359375,2.502289187568124,0.22454943866529617,2.0,0.10094153663764975,0.8990584633623503
2022-06-10,156.09543075169057,157.72737740155222,154.69014297447197,156.43995666503906,6647300,0.0,0.0,0.0021225542010331355,0.01914296329490132,4.2288818359375,-1.0,-4.28839111328125,0.0,0.0,2.0,0.5,0.5
2022-06-13,154.20057144067496,156.16796886585237,154.20057144067496,154.86241149902344,7997000,0.0,0.0,0.002527778039337781,0.018989576135761407,2.651336669921875,-1.0,-5.865936279296875,0.0,0.0,2.0,0.5,0.5
2022-06-14,155.0890695397664,155.13440408251134,151.64385180355356,152.48703002929688,7116800,0.0,0.0,0.0022150497746302286,0.019542918535155916,0.2759552001953125,-1.0,-8.241317749023438,0.0,0.0,2.0,0.5,0.5
2022-06-15,153.80162959402875,155.43357609031878,152.89499418877415,154.11895751953125,7796100,0.0,0.0,0.0024524450574373645,0.019320459433159638,1.9078826904296875,1.0,1.631927490234375,0.0,0.0,0.03921104337292605,0.019605521686463026,0.980394478313537
2022-06-16,152.67740674871035,154.31842856080024,151.7798464923612,154.2005615234375,7056700,0.0,0.0,0.0022210249266334026,0.019106850903045723,1.9894866943359375,-1.0,0.08160400390625,0.0,0.0,9.80459407729048e-05,4.90229703864524e-05,0.9999509770296136
2022-06-17,154.69922012916635,156.12263067350617,153.4389973347855,153.63845825195312,12486600,0.0,0.0,0.003915704973721691,0.019054644168042135,1.4273834228515625,1.0,-0.562103271484375,0.0,0.0,2.0,0.5,0.5
2022-06-21,154.80803360585014,157.6276709645706,153.72913499419414,156.85702514648438,8219700,0.0,0.0,0.0026316356679697336,0.01914712397487878,4.6459503173828125,1.0,2.656463623046875,3.309242403770355,0.5073504369560589,2.0,1.0,0.0
2022-06-22,155.94131609178783,161.30859693903383,155.66026128206488,159.33213806152344,10593100,0.0,0.0,0.0034450242136617004,0.020035428592856973,7.121063232421875,1.0,5.1315765380859375,0.0,0.0,2.0,1.0,0.0
2022-06-23,160.47448514115356,163.03120391769755,160.03930397026778,162.88613891601562,10223500,0.0,0.0,0.0033989873858994296,0.019820508593913374,10.675064086914062,1.0,8.685577392578125,0.0,0.0,2.0,1.0,0.0
2022-06-24,163.90155430877317,165.48816633431326,163.17624318740877,165.27056884765625,9374400,0.0,0.0,0.0031623127952038637,0.019263799287202718,13.059494018554688,1.0,11.07000732421875,0.0,0.0,2.0,1.0,0.0
2022-06-27,164.68124346862675,166.23159599519363,164.5543150737268,165.11642456054688,5908600,0.0,0.0,0.001991318317340044,0.018630096438578103,12.905349731445312,1.0,10.915863037109375,0.0,0.0,2.0,1.0,0.0
2022-06-28,165.16177386650767,165.88708497401728,159.848889717676,160.42007446289062,9245700,0.0,0.0,0.00302736185066461,0.020494384278045345,8.208999633789062,-1.0,-4.69635009765625,3.3273534697327705,0.16429237415578318,0.18509929883434625,0.470224069021887,0.5297759309781129
2022-06-29,160.67393059869755,161.6530985145878,159.95768086816585,160.4654083251953,7097900,0.0,0.0,0.0023247546480762438,0.019779810928732294,8.25433349609375,-1.0,-4.6510162353515625,0.0,0.0,0.18154301980442664,0.5,0.5
2022-06-30,160.34755160231683,161.64403369877425,158.68840701323668,160.93685913085938,10777200,0.0,0.0,0.0035401958322419497,0.019624957979926277,8.725784301757812,-1.0,-4.1795654296875,0.0,0.0,0.14660409486641368,0.5,0.5
2022-07-01,160.88245901416084,162.9405253743011,160.1934210474108,162.7592010498047,5498400,0.0,0.0,0.001826617873611875,0.01922473389109138,10.548126220703125,1.0,1.8223419189453125,1.2874268597132925,0.014896851731169598,0.19010672219330535,0.10250178696223747,0.8974982130377626
2022-07-05,162.1336220669265,162.40561547359536,158.3076192931535,161.50804138183594,5676400,0.0,0.0,0.001871254960151877,0.01995858695382996,9.296966552734375,-1.0,-1.25115966796875,0.38078772008319106,0.001677580355741606,0.4713741277201943,0.0035462938344835546,0.9964537061655164
2022-07-06,161.44458440540583,162.6866705694675,160.8462016764082,161.65310668945312,5335600,0.0,0.0,0.001760488295355043,0.01932957797654662,9.442031860351562,1.0,0.1450653076171875,0.0,0.0,0.013443168873243625,0.0067215844366218126,0.9932784155633781
2022-07-07,161.25418074863782,162.39653642866918,160.9368528093274,161.8344268798828,5725800,0.0,0.0,0.0018913543867420733,0.018573041742373463,9.62335205078125,1.0,0.326385498046875,0.0,0.0,0.06805127015829916,0.03402563507914958,0.9659743649208504
2022-07-08,161.68029852776783,163.18531666768408,161.17258489843678,161.6349639892578,3828300,0.0,0.0,0.0012630108950462736,0.018157130606650227,9.42388916015625,1.0,0.126922607421875,0.0,0.0,0.01029087963301386,0.00514543981650693,0.994854560183493
2022-07-11,161.10910399643498,162.30586933647916,160.94591626869695,161.69842529296875,3645200,0.0,0.0,0.0012030757552464965,0.01745432053925444,9.487350463867188,-1.0,0.0634613037109375,0.0,0.0,0.002572719908253465,0.0012863599541267324,0.9987136400458733
2022-07-12,161.36294752062165,161.7890672202032,158.8425024824175,159.43182373046875,4708800,0.0,0.0,0.0015323256854562508,0.01775812099723444,7.2207489013671875,-1.0,-2.2031402587890625,2.3300824160192803,0.1041305301016888,2.0,0.04948862659041232,0.9505113734095877
2022-07-13,159.25958052719955,159.8670245959443,158.20788012422727,159.06011962890625,5291700,0.0,0.0,0.0017179967677473096,0.01727328436633966,6.8490447998046875,-1.0,-2.5748443603515625,0.0,0.0,2.0,0.5,0.5
2022-07-14,156.4217988285426,159.5768860334851,156.21327656760778,159.27769470214844,5359600,0.0,0.0,0.001742421264153499,0.01752598923398832,7.066619873046875,-1.0,-2.357269287109375,0.0,0.0,2.0,0.5,0.5
2022-07-15,161.11818966012078,161.84348694268098,160.06648923258606,161.58963012695312,5691100,0.0,0.0,0.0018770486387917923,0.01717546625598179,9.378555297851562,1.0,2.3119354248046875,1.976462346736696,0.0444124982393812,0.9619068189635677,0.5031596586014744,0.4968403413985256
2022-07-18,161.14538824057408,161.5533714221339,157.67297284194197,157.9630889892578,7605700,0.0,0.0,0.0024522267838941627,0.01808585322741256,5.75201416015625,-1.0,-3.6265411376953125,0.0,0.0,2.0,0.5,0.5
2022-07-19,159.86702020616187,160.24780541040445,154.01922469917676,155.6602325439453,13256400,0.0,0.0,0.004211813164412354,0.019900598410017196,3.44915771484375,-1.0,-5.9293975830078125,0.0,0.0,2.0,0.5,0.5
2022-07-20,156.12262174120835,156.43994968240864,153.91042902948726,154.77174377441406,7455800,0.0,0.0,0.0023553299149986573,0.019752605953141277,2.5606689453125,-1.0,-6.8178863525390625,0.0,0.0,2.0,0.5,0.5
2022-07-21,154.17337904317807,155.38826736785043,153.91952219426625,155.31573486328125,5729200,0.0,0.0,0.0018162484714689831,0.018952929144529087,3.1046600341796875,-1.0,-6.273895263671875,0.0,0.0,2.0,0.5,0.5
2022-07-22,155.57865411484107,156.38555913978033,155.0890632078409,156.0500946044922,4257000,0.0,0.0,0.0013559182594124132,0.01810977135480587,3.839019775390625,1.0,0.7343597412109375,0.0,0.0,0.013700713716323684,0.006850356858161842,0.9931496431418382
2022-07-25,156.05008610034852,156.82979312509218,155.68743746127842,156.3583526611328,4437300,0.0,0.0,0.0014161384046692033,0.01730492119566796,4.14727783203125,1.0,1.0426177978515625,0.0,0.0,0.02761695166201417,0.013808475831007085,0.9861915241689929
2022-07-26,156.44903484866546,158.64309131148195,156.38557755127056,157.46446228027344,4525500,0.0,0.0,0.0014545040886733255,0.016992376171739307,5.253387451171875,1.0,2.1487274169921875,0.0,0.0,0.11729732877291212,0.05864866438645606,0.9413513356135439
2022-07-27,156.5124913144597,157.845246610642,155.1525380599194,157.02926635742188,4648500,0.0,0.0,0.0014899073398960318,0.017047208240574426,4.8181915283203125,-1.0,-0.4351959228515625,0.5348994013590129,0.012324692836562545,0.04102107009549504,0.2310341470279385,0.7689658529720615
2022-07-28,157.21057148770365,159.6494229064024,155.4335738659633,157.93588256835938,5513000,0.0,0.0,0.0017771931344912363,0.01764535539492324,5.7248077392578125,1.0,0.9066162109375,1.0063315949204537,0.03090013694342366,2.0,1.0,0.0
2022-07-29,157.56417457888142,158.52521981201502,156.76634476068844,158.2260284423828,6451400,0.0,0.0,0.0020835202212483683,0.017148942620327814,6.01495361328125,1.0,1.1967620849609375,0.0,0.0,2.0,1.0,0.0
2022-08-01,157.90867858672303,158.80625257112126,157.33749388445526,157.67295837402344,5461400,0.0,0.0,0.0017576282526458314,0.016645247924194806,5.461883544921875,1.0,0.6436920166015625,0.0,0.0,2.0,1.0,0.0
2022-08-02,158.67023983449923,159.1054347417301,156.57591449226933,156.77537536621094,5794200,0.0,0.0,0.0018541170764264454,0.016697270329719432,4.564300537109375,1.0,-0.2538909912109375,0.1904302684191066,0.0017406982526951549,0.15557447231514043,0.011065037443064345,0.9889349625569357
2022-08-03,156.4399594000224,158.89693387529758,155.7327848117457,158.28948974609375,5010000,0.0,0.0,0.0016186599741190165,0.016784130243689865,6.0784149169921875,-1.0,1.5141143798828125,0.09068130417631437,0.0002225639554089501,2.0,1.0,0.0
2022-08-04,158.48895877034474,158.74281561839402,155.57866639300795,155.75091552734375,5651600,0.0,0.0,0.0017966680603716788,0.017290390261503575,3.5398406982421875,-1.0,-1.0244598388671875,0.9972480992613839,0.0793668233784703,0.45779654146601534,0.14775174290124535,0.8522482570987546
2022-08-05,155.30666237081326,155.51518466017274,153.93763392557912,155.1343994140625,5235500,0.0,0.0,0.0016577998474822447,0.01695405735310163,2.9233245849609375,-1.0,-1.6409759521484375,0.0,0.0,1.1745920720829266,0.5,0.5
2022-08-08,155.30664589862374,155.46983362929447,153.6203035109017,154.30934143066406,4629800,0.0,0.0,0.001458210667787062,0.016683360723244844,2.0982666015625,-1.0,-2.466033935546875,0.0,0.0,2.0,0.5,0.5
2022-08-09,154.61760330409248,155.14345352433494,153.88323080425425,154.2912139892578,5532500,0.0,0.0,0.001742322084446232,0.01607692784354899,2.08013916015625,-1.0,-2.484161376953125,0.0,0.0,2.0,0.5,0.5
2022-08-10,155.05283216037623,155.25229310936805,153.70194006659793,154.73550415039062,5603400,0.0,0.0,0.0017697316697248494,0.015601381260662746,2.5244293212890625,-1.0,-2.0398712158203125,0.0,0.0,1.8150480698379328,0.5,0.5
2022-08-11,152.7862107936637,154.08269285428642,151.38998444543705,151.53504943847656,9328700,0.0,0.0,0.0028853602509757155,0.016369932032314526,-0.676025390625,-1.0,-5.240325927734375,0.0,0.0,2.0,0.0,1.0
2022-08-12,151.89770648483616,152.26036898748532,149.7308481803372,149.86685180664062,14606900,0.0,0.0,0.004468167683189143,0.01657545651145967,-2.3442230224609375,-1.0,-6.9085235595703125,0.0,0.0,2.0,0.0,1.0
2022-08-15,150.50152073418582,151.18149748449088,149.7127521307639,150.58311462402344,10072000,0.0,0.0,0.0030956925039212473,0.016014978428651946,-1.627960205078125,-1.0,-6.1922607421875,0.0,0.0,2.0,0.0,1.0
2022-08-16,150.3745587669599,152.54141697478062,150.13883852637497,151.92491149902344,7453600,0.0,0.0,0.0023113243637004903,0.01586929990464452,-0.286163330078125,1.0,1.341796875,0.28104798729529534,0.9645683263695523,0.046954268786594824,0.04641939686907992,0.9535806031309201
2022-08-17,150.87322852173017,152.82248946353778,150.87322852173017,151.93399047851562,7406600,0.0,0.0,0.002296887149956531,0.015651301981912225,-0.2770843505859375,1.0,1.3508758544921875,0.0,0.0,0.047591830364253275,0.5,0.5
2022-08-18,152.0246279780867,152.58675137305036,150.43801591593055,151.19960021972656,8312100,0.0,0.0,0.0025652354029489367,0.01561903100788811,-1.011474609375,-1.0,-0.7343902587890625,0.0,0.0,0.2955445375344567,0.8522277312327716,0.14777226876722835
2022-08-19,151.4987999261874,154.2368292179286,151.4081308411215,153.50245666503906,8128500,0.0,0.0,0.0025467807767947477,0.015699104340991005,1.2913818359375,1.0,2.3028564453125,1.4143397543908236,1.1994941948521427,2.0,1.0,0.0
2022-08-22,154.159644605087,154.1779030517691,152.58063018138495,152.96397399902344,5462600,1.13,0.0,0.0017055104357238892,0.015374926012584243,0.752899169921875,1.0,1.764373779296875,0.0,0.0,2.0,1.0,0.0
2022-08-23,152.42544640200097,153.12825026404474,151.33017651866652,151.63137817382812,5566300,0.0,0.0,0.0017227470474164763,0.01524919997806591,-0.5796966552734375,-1.0,-1.3325958251953125,0.07795432245498546,0.0180833468828895,0.5704475335173746,0.7057345597998679,0.29426544020013207
2022-08-24,152.02383272608444,152.05121342656872,150.66387817832793,151.12936401367188,5684300,0.0,0.0,0.0017534430622671258,0.014862706324888154,-1.0817108154296875,-1.0,-1.8346099853515625,0.0,0.0,1.081200694129687,0.4593996529351565,0.5406003470648435
2022-08-25,151.46705743589385,152.64448317834456,150.32614857613703,152.54408264160156,5678700,0.0,0.0,0.0017681133944671787,0.014758648153011252,0.3330078125,-1.0,-0.419891357421875,0.0,0.0,0.05663601411872911,0.5,0.5
2022-08-26,152.84528699339643,152.88178994963494,149.86978772042903,149.93368530273438,5667100,0.0,0.0,0.0017343067514056993,0.015377979523764691,-2.2773895263671875,-1.0,-3.0302886962890625,0.8305765230662132,0.13301011363126164,2.0,0.0,1.0
2022-08-29,149.20350373549775,149.54120831393516,147.88005219412642,148.77452087402344,5259200,0.0,0.0,0.0015970336602782705,0.01537678618482372,-3.436553955078125,-1.0,-4.189453125,0.0,0.0,2.0,0.0,1.0
2022-08-30,149.04836993615956,149.26741557342663,147.88920237287255,148.25428771972656,6973300,0.0,0.0,0.00211014080040368,0.014992568147200291,-3.956787109375,-1.0,-4.709686279296875,0.0,0.0,2.0,0.0,1.0
2022-08-31,148.98443778419875,149.27651713562588,147.19550050159253,147.25938415527344,8741700,0.0,0.0,0.002627511955485018,0.015025129911563597,-4.951690673828125,-1.0,-5.70458984375,0.0,0.0,2.0,0.0,1.0
2022-09-01,147.39631754558775,151.05634852942887,147.3871813604219,150.91030883789062,7509600,0.0,0.0,0.002313137958715657,0.015411544083976516,-1.3007659912109375,1.0,3.6509246826171875,1.7889329560022418,1.891427862001101,0.4095971240314114,0.17800637825217602,0.821993621747824
2022-09-02,151.38493588913096,151.69525979860103,147.87093055325315,148.5372314453125,5803700,0.0,0.0,0.0017595681929651766,0.01637839517689697,-3.6738433837890625,1.0,1.2778472900390625,0.0,0.0,0.05017750510415677,0.5,0.5
2022-09-06,149.63249381533797,151.71351063955117,148.61024384614169,148.93881225585938,7394600,0.0,0.0,0.002247959048317456,0.016690793949602264,-3.2722625732421875,1.0,1.6794281005859375,0.0,0.0,0.08667103493311315,0.5,0.5
2022-09-07,148.69236246260596,150.0705752517523,148.00781719626212,149.75112915039062,4590600,0.0,0.0,0.001403154136141608,0.0163984212599623,-2.4599456787109375,-1.0,0.81231689453125,0.0,0.0,0.02027692630489726,0.5,0.5
2022-09-08,149.5777197272459,150.98331331567502,148.84753527098877,150.9559326171875,5838400,0.0,0.0,0.001798911732802397,0.016116172237297652,-1.2551422119140625,1.0,1.204803466796875,0.0,0.0,0.04460500252439715,0.5,0.5
2022-09-09,150.59086691293112,151.69525903433754,150.04322501782727,151.24803161621094,5500600,0.0,0.0,0.0016981092142052334,0.015716307272991316,-0.963043212890625,1.0,1.4969024658203125,0.0,0.0,0.06885542429491533,0.5,0.5
2022-09-12,151.6131259935615,152.03298666186063,150.8007992877572,151.18414306640625,6365300,0.0,0.0,0.001964223679526986,0.015182041172461394,-1.0269317626953125,1.0,1.433013916015625,0.0,0.0,0.06310328482731567,0.5,0.5
2022-09-13,149.29480398468232,150.0888722409164,146.775667844167,147.2502899169922,6726400,0.0,0.0,0.0020216439536985416,0.016612708365023637,-4.960784912109375,-1.0,-3.9338531494140625,3.267557173660265,0.43385598785303386,2.0,0.0,1.0
2022-09-14,148.20862573346488,150.92854849605442,148.20862573346488,150.28964233398438,9555700,0.0,0.0,0.002931280509190102,0.01686229604373251,-1.9214324951171875,1.0,3.0393524169921875,0.0,0.0,0.5969333356484459,0.5,0.5
2022-09-15,150.0979815718234,151.57660906998032,149.7785354159283,150.67300415039062,7174500,0.0,0.0,0.0022064440031121075,0.016470408687536846,-1.5380706787109375,1.0,3.4227142333984375,0.0,0.0,0.7570158878996338,0.5,0.5
2022-09-16,150.89208165628574,153.0004794593028,150.3718204180799,152.9730987548828,20201500,0.0,0.0,0.006307605232491537,0.016291406210902974,0.76202392578125,1.0,5.722808837890625,0.0,0.0,2.0,1.0,0.0
2022-09-19,151.78653847316818,151.90518354055163,149.7602829439253,151.76828002929688,7380900,0.0,0.0,0.002286420768815265,0.016759913481787674,-0.4427947998046875,-1.0,-1.2048187255859375,0.018252472003013054,0.0016991759723272055,0.04432257048035954,0.9769891267736566,0.023010873226343376
2022-09-20,150.80076782738476,151.42141555082736,149.97931903409668,150.5725860595703,7143400,0.0,0.0,0.00219541537610322,0.016535007211372403,-1.63848876953125,-1.0,-2.4005126953125,0.0,0.0,0.17595010724339985,0.9120249463783001,0.08797505362169993
2022-09-21,150.6182560337007,152.24290943897608,148.99360262842532,149.0301055908203,8071200,0.0,0.0,0.002455149490903405,0.01707020922366401,-3.18096923828125,-1.0,-3.9429931640625,0.337725898424452,0.011272228734263975,0.47471567245862134,0.7570060494035573,0.24299395059644266
2022-09-22,148.91143960494253,152.57148465163723,148.61937413814562,151.677001953125,7401100,0.0,0.0,0.0022912993439093564,0.017435446054313578,-0.5340728759765625,-1.0,-1.2960968017578125,1.1500691008098727,2.0,0.05129279909548033,0.0,1.0
2022-09-23,151.2754073645581,152.86354373955234,150.28966034191788,152.1698760986328,9598600,0.0,0.0,0.002981277507457547,0.017345799291219575,-0.04119873046875,1.0,0.4928741455078125,0.6206343005762562,2.0,0.14460962382572615,0.0674293457509344,0.9325706542490656
2022-09-26,151.33020042680266,152.27943076176155,150.0341292352653,151.23892211914062,8735500,0.0,0.0,0.002696603936985514,0.017266391997006043,-0.9721527099609375,-1.0,-0.9309539794921875,0.0,0.0,2.0,0.0,1.0
2022-09-27,151.84129800744023,153.03696841471162,150.05234656211078,150.54522705078125,8686700,0.0,0.0,0.0026692400770219065,0.01752305805124396,-1.6658477783203125,1.0,-0.693695068359375,0.17342467515928206,0.010838050030524208,1.9809118031578987,0.004125073405788493,0.9958749265942115
2022-09-28,151.74090803736257,152.77229430505955,150.69127725185902,151.84130859375,8660900,0.0,0.0,0.002684224183623922,0.01718017005519209,-0.3697662353515625,1.0,0.602386474609375,0.4928635432980002,1.7766377531051163,0.7540726861334093,0.2979687736856631,0.7020312263143369
2022-09-29,151.95082050534558,152.58060450230076,149.58686039753533,150.17100524902344,7008100,0.0,0.0,0.0021480886524957764,0.01755442431548086,-2.040069580078125,-1.0,-1.6703033447265625,0.4654861645754522,0.052062329237623356,2.0,0.0,1.0
2022-09-30,150.59997556501466,151.27539865100547,149.06660068063854,149.1031036376953,8985200,0.0,0.0,0.0027345146517518256,0.017475419538891927,-3.10797119140625,-1.0,-2.7382049560546875,0.0,0.0,2.0,0.0,1.0
2022-10-03,149.95194633701504,150.0341023700457,147.58798621927355,148.9570770263672,8657000,0.0,0.0,0.0026320514950333262,0.017416055902945066,-3.253997802734375,-1.0,-2.8842315673828125,0.0,0.0,2.0,0.0,1.0
2022-10-04,149.55036113786156,151.5127190974963,148.70151757792786,151.16587829589844,6236100,0.0,0.0,0.0019241222656187615,0.017264092399517737,-1.045196533203125,1.0,2.20880126953125,0.23732044649082695,0.0515554274974063,0.5864797682305144,0.9191965774888204,0.08080342251117953
2022-10-05,150.6182668189417,151.54923866136127,149.87895991526756,150.70040893554688,4539400,0.0,0.0,0.00139629989973198,0.01687213201663694,-1.5106658935546875,1.0,1.7433319091796875,0.0,0.0,0.3653422567411342,0.5,0.5
2022-10-06,150.40830793000393,150.59998676836554,147.57886198941074,147.7796630859375,5890700,0.0,0.0,0.0017768362279920395,0.017485409271524425,-4.4314117431640625,-1.0,-2.920745849609375,1.1226555885171194,0.06418135426336656,2.0,0.0,1.0
2022-10-07,147.6518756463234,148.062600080324,145.27877947436934,146.21888732910156,6363500,0.0,0.0,0.0018991765793437364,0.017769671920473566,-5.9921875,-1.0,-4.4815216064453125,0.0,0.0,2.0,0.0,1.0
2022-10-10,146.6113846079798,147.2046517576623,145.2879189358819,146.41058349609375,5315600,0.0,0.0,0.001588512318113327,0.017413912058055096,-5.8004913330078125,-1.0,-4.289825439453125,0.0,0.0,2.0,0.0,1.0
2022-10-11,146.37403967201016,149.78764401882017,146.37403967201016,148.528076171875,6212200,0.0,0.0,0.001883301307061517,0.017581167441226474,-3.6829986572265625,1.0,2.11749267578125,1.725043938496185,0.21938008572248865,0.24364897739210814,0.5262066613123301,0.47379333868766993
2022-10-12,148.7197742103166,150.4904672306334,148.3181720085402,148.49159240722656,4341700,0.0,0.0,0.0013159139741285304,0.0173743150496032,-3.719482421875,1.0,2.0810089111328125,0.0,0.0,0.23532530983315028,0.5,0.5
2022-10-13,146.84869467642622,151.50360947525903,146.720913411566,150.73690795898438,6465100,0.0,0.0,0.0019891185701188673,0.01815931801578129,-1.4741668701171875,1.0,4.326324462890625,0.0,0.0,1.017088944926551,0.5,0.5
2022-10-14,150.08885825620408,151.22063103510865,149.3221707749246,150.10711669921875,5684600,0.0,0.0,0.0017416745925551817,0.01783635480395339,-2.1039581298828125,1.0,3.696533203125,0.0,0.0,0.7425231224541812,0.5,0.5
2022-10-17,150.96507613819088,152.61712409992364,150.60911308060471,152.0512237548828,6710800,0.0,0.0,0.002082715928005489,0.017529683078313225,-0.15985107421875,1.0,5.6406402587890625,0.0,0.0,1.7289306158281204,0.5,0.5
2022-10-18,150.59998588187412,152.58060220676415,148.82017065232884,151.52183532714844,10883600,0.0,0.0,0.00336599616492715,0.018107130238598227,-0.689239501953125,-1.0,-0.529388427734375,0.5020001225957458,0.5304779377051151,0.008808299671125211,0.7303568813118799,0.26964311868812013
2022-10-19,151.51268678095423,151.74086853815447,149.58683219309992,150.3170166015625,10044600,0.0,0.0,0.0030818153719093847,0.017972097562069956,-1.8940582275390625,-1.0,-1.7342071533203125,0.0,0.0,0.09452466373344874,0.9527376681332757,0.04726233186672437
2022-10-20,150.6000083728804,151.2754316060106,149.98848273740782,150.70040893554688,5659900,0.0,0.0,0.00174096087643588,0.017255904453359592,-1.5106658935546875,-1.0,-1.3508148193359375,0.0,0.0,0.057350185565208475,0.9713249072173957,0.028675092782604238
2022-10-21,150.33529739659352,154.58859539866845,150.07972097758457,153.9862060546875,8487600,0.0,0.0,0.0026676727080955985,0.017772931722969055,1.7751312255859375,1.0,3.285797119140625,2.8477268605139727,2.0,2.0,1.0,0.0
2022-10-24,154.9902162290142,157.06211104138004,154.47909118371635,156.05810546875,6855500,0.0,0.0,0.0021836915230719883,0.017692186379162443,3.8470306396484375,1.0,5.357696533203125,0.0,0.0,2.0,1.0,0.0
2022-10-25,155.31878029736544,156.17674606246354,153.81278604304558,155.81166076660156,5661900,0.0,0.0,0.0018006444799728576,0.017538151039122037,3.6005859375,-1.0,-0.2464447021484375,0.0,0.0,0.002115839648517342,0.5,0.5
2022-10-26,156.36844415264548,157.50935325160964,155.63825954388582,157.18077087402344,6123800,0.0,0.0,0.001964654718140349,0.016993865099281025,4.969696044921875,1.0,1.369110107421875,0.44724221022960364,0.008098897739422444,2.0,1.0,0.0
2022-10-27,157.3085505813955,158.2942837772994,156.73352794452416,157.27203369140625,5390900,0.0,0.0,0.001730527883119858,0.01647971243327013,5.0609588623046875,1.0,1.4603729248046875,0.0,0.0,2.0,1.0,0.0
2022-10-28,157.90178634378915,160.08320352867966,157.52756489491884,159.60858154296875,6073900,0.0,0.0,0.0019787443972179427,0.016336636092480494,7.3975067138671875,1.0,3.7969207763671875,0.0,0.0,2.0,1.0,0.0
2022-10-31,159.2891425994127,159.87328740542642,158.2851371857435,158.78713989257812,7810000,0.0,0.0,0.0025312333436526366,0.015962621102352782,6.5760650634765625,1.0,2.9754791259765625,0.0,0.0,2.0,1.0,0.0
2022-11-01,158.8692942523465,159.3895554415196,155.54696780041286,157.98394775390625,6985000,0.0,0.0,0.0022523983217522603,0.016635123158583526,5.7728729248046875,-1.0,-0.803192138671875,1.9805970945059812,0.11770862316728913,0.07286602567198217,0.6176510038675889,0.38234899613241113
2022-11-02,157.80140636725278,158.75977272066956,155.4283100566123,155.55609130859375,6877300,0.0,0.0,0.0021835885792479137,0.01721773702893639,3.3450164794921875,-1.0,-3.231048583984375,0.0,0.0,1.1791611472971306,0.5,0.5
2022-11-03,154.99018526742805,156.5053155826862,154.19611715404668,155.82077026367188,4819900,0.0,0.0,0.0015329542628242433,0.017019282896085414,3.6096954345703125,-1.0,-2.96636962890625,0.0,0.0,0.9938863273987754,0.5,0.5
2022-11-04,156.58745465165643,157.4454203299077,154.46993508120062,156.51443481445312,5300900,0.0,0.0,0.0016934400687294061,0.01709150263988142,4.3033599853515625,1.0,0.69366455078125,0.0,0.0,0.05468251359252329,0.027341256796261645,0.9726587432037384
2022-11-07,156.68788967836775,158.67764238060616,156.4779663046419,157.88356018066406,6621000,0.0,0.0,0.002133665433688183,0.016728216586231418,5.6724853515625,1.0,2.0627899169921875,0.0,0.0,0.48357013118858,0.24178506559429,0.75821493440571
2022-11-08,158.0204590587051,159.44431121250304,157.15335710738205,158.66848754882812,5148400,0.0,0.0,0.0016673577263914847,0.01648783112077666,6.4574127197265625,1.0,2.84771728515625,0.0,0.0,0.9216015802150763,0.46080079010753816,0.5391992098924618
2022-11-09,159.06096564396142,159.72725256937397,157.2993949878128,157.39979553222656,6150000,0.0,0.0,0.0019758096505506652,0.01653530353253705,5.188720703125,1.0,1.5790252685546875,0.0,0.0,0.2833528778554335,0.14167643892771675,0.8583235610722832
2022-11-10,159.1339769594998,159.51732067386877,157.0255656398048,159.24349975585938,7877500,0.0,0.0,0.002560447929466615,0.016294116165251425,7.0324249267578125,-1.0,1.8437042236328125,0.12779146757725357,0.0003302124976203387,0.3863064586988806,0.19331833559825046,0.8066816644017496
2022-11-11,157.65538256203527,158.00222339256334,152.2611748059466,154.47909545898438,11074700,0.0,0.0,0.0034919459354801506,0.018825405245898857,2.2680206298828125,-1.0,-2.9207000732421875,5.038220181866194,2.0,2.0,0.5,0.5
2022-11-14,155.39180614761165,158.1391100119971,155.39180614761165,156.9069366455078,6581500,0.0,0.0,0.00210781675279146,0.01887639619016097,4.69586181640625,1.0,2.4278411865234375,0.0,0.0,0.6909818280936447,0.34549091404682236,0.6545090859531777
2022-11-15,157.16248909497165,157.90179585299765,155.63823643631451,157.34503173828125,9351000,0.0,0.0,0.0030031492350865176,0.018506847422539163,5.1339569091796875,1.0,2.865936279296875,0.0,0.0,0.9628511139397554,0.4814255569698777,0.5185744430301222
2022-11-16,158.4859394730443,159.71812667853894,158.02045364704745,158.3216552734375,5500900,0.0,0.0,0.0017776239569034548,0.01814957084259584,6.1105804443359375,1.0,3.842559814453125,0.0,0.0,1.730881555543251,0.8654407777716255,0.13455922222837446
2022-11-17,157.90181406459635,159.71814630372418,157.88355562002627,159.5994873046875,4464100,0.0,0.0,0.0014542237369352085,0.01753930713127256,7.3884124755859375,1.0,5.120391845703125,0.0,0.0,2.0,1.0,0.0
2022-11-18,159.72727035760212,161.22414250558313,159.38042954243525,160.82254028320312,6555700,0.0,0.0,0.0021519481932934185,0.016981517299225757,8.611465454101562,1.0,6.34344482421875,0.0,0.0,2.0,1.0,0.0
2022-11-21,161.5757703294318,162.1820617643947,160.60203718558384,161.64926147460938,5706600,1.13,0.0,0.0018828554490989337,0.016386078277283056,9.438186645507812,1.0,7.170166015625,0.0,0.0,2.0,1.0,0.0
2022-11-22,162.0442978996641,162.77001436466423,161.98000189346493,162.4301300048828,4707900,0.0,0.0,0.0015608445204793886,0.01563534679048477,10.21905517578125,1.0,7.9510345458984375,0.0,0.0,2.0,1.0,0.0
2022-11-23,162.0810547638694,162.96292069818344,161.68604150934888,162.6046600341797,5389200,0.0,0.0,0.0017886407114926727,0.01506385730522929,10.393585205078125,1.0,8.125564575195312,0.0,0.0,2.0,1.0,0.0
2022-11-25,162.94453924520124,163.62430790269926,162.46685374373976,162.81593322753906,3058600,0.0,0.0,0.001016448571277912,0.01447750038593028,10.6048583984375,1.0,8.336837768554688,0.0,0.0,2.0,1.0,0.0
2022-11-28,162.36578977462375,163.30278439567954,162.19125004926005,162.89859008789062,6183100,0.0,0.0,0.0020558405057139726,0.01392396288612589,10.687515258789062,-1.0,0.0826568603515625,0.0,0.0,0.0008009103146352996,0.0004004551573176498,0.9995995448426823
2022-11-29,162.6046641252306,162.83431876221633,160.44591894776906,161.75953674316406,6700500,0.0,0.0,0.0022122944444441183,0.014103470575079498,9.5484619140625,-1.0,-1.056396484375,2.020934795970703,0.044795848041361955,2.0,0.021907247163216962,0.978092752836783
2022-11-30,162.01674642459898,163.52328026031532,160.55614631900332,163.51409912109375,13288000,0.0,0.0,0.0044348674910538715,0.014251700348654462,11.303024291992188,1.0,1.7545623779296875,0.22049586463577953,0.0003805498679480617,2.0,1.0,0.0
2022-12-01,164.43271394125188,165.3145938818273,163.30281709423852,164.19387817382812,6282600,0.0,0.0,0.002105533683481032,0.014054107607335898,11.982803344726562,1.0,2.4343414306640625,0.0,0.0,2.0,1.0,0.0
2022-12-02,163.05475096988164,164.395939877735,162.55870324708843,164.32244873046875,5823900,0.0,0.0,0.00195333454243952,0.013838651860054575,12.111373901367188,-1.0,0.128570556640625,0.0,0.0,0.014812526962261085,0.007406263481130542,0.9925937365188695
2022-12-05,163.84477278753306,164.7633911561519,163.51406961415012,164.2305908203125,5120600,0.0,0.0,0.001716487834958792,0.013400729720565841,12.019515991210938,1.0,-0.09185791015625,0.0,0.0,0.5104463150211141,0.5,0.5
2022-12-06,165.27783789532293,165.35132905694448,161.61254505510522,161.7687225341797,7943500,0.0,0.0,0.0026228429001859165,0.01428375662651806,9.557647705078125,1.0,-2.5537261962890625,0.955389179209476,0.009992142051873017,2.0,0.004971234385858184,0.9950287656141418
2022-12-07,162.20048522560356,163.40387329172117,161.88814426351416,162.75164794921875,5702600,0.0,0.0,0.0018943670327890656,0.013901020783438701,10.540573120117188,1.0,-1.57080078125,0.0,0.0,2.0,0.5,0.5
2022-12-08,162.430124576477,163.02722097511202,161.98917761867946,162.77919006347656,4798500,0.0,0.0,0.0015943005836799153,0.013361406890880612,10.568115234375,1.0,-1.5432586669921875,0.0,0.0,2.0,0.5,0.5
2022-12-09,162.70568740736988,163.4130275039777,161.36451238559889,161.43800354003906,4561000,0.0,0.0,0.001502905497542335,0.013416464767071479,9.2269287109375,1.0,-2.8844451904296875,0.009154212256532901,9.843003189229338e-07,2.0,4.921499172498066e-07,0.9999995078500827
2022-12-12,161.63090769947502,163.39465337842066,161.30939966366472,163.36709594726562,4882400,0.0,0.0,0.0016280351177202996,0.01322276604140954,11.156021118164062,-1.0,1.9290924072265625,0.3674324033086407,0.0010847664667809353,0.4472820619635423,0.22418341421516164,0.7758165857848384
2022-12-13,164.52457701586343,165.53504894373907,163.79886055990156,164.62562561035156,9177500,0.0,0.0,0.003083810297224058,0.013125059807582206,12.41455078125,1.0,1.2585296630859375,0.0,0.0,0.1903716746602543,0.09518583733012714,0.9048141626698729
2022-12-14,164.0468659371291,166.30665921913086,164.0468659371291,165.13082885742188,9533600,0.0,0.0,0.0032132973054832593,0.013127759217147981,12.919754028320312,1.0,1.76373291015625,0.0,0.0,0.3738875942195396,0.1869437971097698,0.8130562028902302
2022-12-15,164.61640755132373,165.20432274191046,162.0442733361304,163.0455780029297,7602400,0.0,0.0,0.0025300293754198125,0.013730350160390155,10.834503173828125,-1.0,-2.0852508544921875,1.7545872237711535,0.02622599191955884,1.3978191255115378,0.01841654565472558,0.9815834543452744
2022-12-16,162.5954672353831,162.5954672353831,160.62962429389538,161.3737030029297,18841800,0.0,0.0,0.006206131550946074,0.013951069800629478,9.162628173828125,-1.0,-3.7571258544921875,0.0,0.0,2.0,0.5,0.5
2022-12-19,161.07976209833132,161.83302199125632,159.9039315213219,161.1991729736328,5736000,0.0,0.0,0.0018872862451865037,0.013823385258654158,8.98809814453125,-1.0,-3.9316558837890625,0.0,0.0,2.0,0.5,0.5
2022-12-20,161.6768487764261,162.08104314108803,160.9143937734512,161.3737030029297,6174700,0.0,0.0,0.0020338290655684023,0.013338510167462573,9.162628173828125,1.0,0.174530029296875,0.0,0.0,0.0019705584638865423,0.0009852792319432712,0.9990147207680568
2022-12-21,161.92488189910054,163.67943252677424,161.35532891519614,163.22012329101562,5472000,0.0,0.0,0.001822995568759431,0.013262722896610908,11.009048461914062,1.0,2.0209503173828125,0.0,0.0,0.26421670682684584,0.13210835341342292,0.8678916465865771
2022-12-22,162.38419585279928,163.0639645705886,161.0705641115203,162.62303161621094,5709100,0.0,0.0,0.0018950275395916223,0.013304749439381239,10.411956787109375,-1.0,-0.5970916748046875,0.0,0.0,0.08729125906984032,0.5,0.5
2022-12-23,162.29231353920372,163.07314479800112,161.50230114238684,163.03639221191406,3683400,0.0,0.0,0.0012257425515631625,0.013011295999683392,10.8253173828125,1.0,0.413360595703125,0.0,0.0,0.479265444453832,0.239632722226916,0.760367277773084
2022-12-27,163.61511576828326,163.83558921960267,162.58626769613355,162.99044799804688,3067300,0.0,0.0,0.0010204323794312813,0.01263282328539563,10.779373168945312,1.0,0.3674163818359375,0.0,0.0,0.3786474186116211,0.18932370930581055,0.8106762906941894
2022-12-28,163.29359864169265,163.92744756839502,162.27393167634622,162.2831268310547,2645400,0.0,0.0,0.0008762550601337567,0.012509398276861419,10.072052001953125,1.0,-0.33990478515625,0.0,0.0,0.8558497437731964,0.5,0.5
2022-12-29,163.1006974022913,163.78966119248656,162.65976450132752,163.10987854003906,2828800,0.0,0.0,0.0009417775430782922,0.012216729555039028,10.8988037109375,1.0,0.486846923828125,0.0,0.0,2.0,1.0,0.0
2022-12-30,163.04560651020591,163.30281857499642,161.12568314636823,162.27395629882812,4216600,0.0,0.0,0.001396616124001433,0.012360858597024722,10.062881469726562,-1.0,-0.8359222412109375,1.148248529977991,0.013020482609164349,2.0,0.006468132203149731,0.9935318677968503
2023-01-03,161.82381967289103,163.86315362920573,161.6860185035699,163.68861389160156,6344900,0.0,0.0,0.0021198692517071967,0.012328776927291918,11.4775390625,1.0,1.4146575927734375,0.07349243671916383,4.1000366152823834e-05,2.0,1.0,0.0
2023-01-04,164.33165695647352,165.52586376665138,163.95502002102415,165.4707489013672,9788800,0.0,0.0,0.0033061039958258965,0.012117935967590017,13.259674072265625,1.0,3.1967926025390625,0.0,0.0,2.0,1.0,0.0
2023-01-05,164.4510748365687,165.34213583271656,163.89071703504277,164.2489776611328,6255300,0.0,0.0,0.002097087930656118,0.012023194245390103,12.03790283203125,-1.0,-1.221771240234375,0.0,0.0,0.14606658396466024,0.5,0.5
2023-01-06,165.47077916040706,166.20566285458935,164.79099632457968,165.5810089111328,5706000,0.0,0.0,0.0019284488071741068,0.01191865932939121,13.36993408203125,1.0,1.33203125,0.6797990879379654,0.0025852504537317426,1.1886364162218557,0.5956108333377937,0.40438916666220626
2023-01-09,164.70830825831845,165.1308649403578,160.92359031362363,161.29104614257812,7925300,0.0,0.0,0.0026091064128739468,0.013424253236017463,9.079971313476562,-1.0,-4.2899627685546875,2.9671267214191346,0.10678327506509377,2.0,0.050685457934345174,0.9493145420656548
2023-01-10,161.40124489615127,161.80543922189867,160.1335610764027,160.9051971435547,5047500,0.0,0.0,0.001657723988608672,0.013237445180865321,8.694122314453125,-1.0,-4.675811767578125,0.0,0.0,2.0,0.5,0.5
2023-01-11,161.28184395245185,161.4196311096964,158.10341802763054,160.6479949951172,6494800,0.0,0.0,0.002129643525640844,0.013786073764017855,8.436920166015625,-1.0,-4.933013916015625,0.0,0.0,2.0,0.5,0.5
2023-01-12,160.07843534427897,160.49182483273418,158.73726034650429,159.839599609375,4269400,0.0,0.0,0.0013928907408789354,0.013719960126642707,7.6285247802734375,-1.0,-5.7414093017578125,0.0,0.0,2.0,0.5,0.5
2023-01-13,159.09551956346618,159.84877934664328,158.35144091797272,159.31597900390625,6088000,0.0,0.0,0.001979701914795264,0.01345315980999707,7.1049041748046875,-1.0,-6.2650299072265625,0.0,0.0,2.0,0.5,0.5
2023-01-17,159.83960247118725,160.37240282813175,158.08503795354315,158.33306884765625,6053300,0.0,0.0,0.001956273852172452,0.013601665477246196,6.1219940185546875,-1.0,-7.2479400634765625,0.0,0.0,2.0,0.5,0.5
2023-01-18,157.6808754651522,158.0023975786559,155.89876717372562,155.94468688964844,7047800,0.0,0.0,0.0022433135355035376,0.013938557755296347,3.733612060546875,-1.0,-9.636322021484375,0.0,0.0,2.0,0.5,0.5
2023-01-19,155.27405874443292,157.3409500341332,154.9801081609619,155.73336791992188,6939500,0.0,0.0,0.0022058484864054327,0.014043331425594857,3.5222930908203125,-1.0,-9.847640991210938,0.0,0.0,2.0,0.5,0.5
2023-01-20,156.25701214789797,156.26619328675767,153.8502221510919,155.0076904296875,8620600,0.0,0.0,0.00272744852079169,0.014214580463055236,2.7966156005859375,-1.0,-10.573318481445312,0.0,0.0,2.0,0.5,0.5
2023-01-23,155.33838733201085,155.82525399488674,154.28196769186093,154.6126708984375,8425400,0.0,0.0,0.002658896508028688,0.013945949519106061,2.4015960693359375,-1.0,-10.968338012695312,0.0,0.0,2.0,0.5,0.5
2023-01-24,155.26489617310435,157.07457566228655,152.499845635143,154.6126708984375,10541800,0.0,0.0,0.003326792224504098,0.015063262086479411,2.4015960693359375,-1.0,-10.968338012695312,0.808382375528879,0.11330100042126733,2.0,0.05361328102276098,0.946386718977239
2023-01-25,153.56543269566762,155.71499633789062,153.48276040565997,155.71499633789062,7099800,0.0,0.0,0.0022565365767429632,0.014912253652053748,3.5039215087890625,-1.0,-9.866012573242188,0.0,0.0,2.0,0.5,0.5
2023-01-26,155.75175354820308,156.0824567350592,154.92498857256058,155.1454620361328,6946100,0.0,0.0,0.002199611244718692,0.014430820298662151,2.93438720703125,1.0,-0.5695343017578125,0.0,0.0,0.18281462846991642,0.5,0.5
2023-01-27,154.8239387724421,155.12708452609868,154.11661269758105,154.53916931152344,6058100,0.0,0.0,0.0019109126440552146,0.013928156831488634,2.328094482421875,-1.0,-0.606292724609375,0.0,0.0,0.20717430293537983,0.5,0.5
2023-01-30,154.26357762637997,154.8239353981378,147.97105014169398,148.81617736816406,23259100,0.0,0.0,0.007064946431651689,0.016719899053903572,-3.3948974609375,-1.0,-6.32928466796875,0.0,0.0,2.0,0.0,1.0
2023-01-31,148.54059592153496,150.1298018656304,147.94349955448894,150.12062072753906,11612500,0.0,0.0,0.0035582126653641343,0.016430973575576706,-2.0904541015625,-1.0,-5.02484130859375,0.0,0.0,2.0,0.0,1.0
2023-02-01,149.72563864625002,152.4722990689753,149.1836430628137,151.49856567382812,9865300,0.0,0.0,0.003050595605920486,0.016669096704982882,-0.7125091552734375,1.0,1.3779449462890625,0.0,0.0,0.07520020617532475,0.5,0.5
2023-02-02,149.73480013372873,152.69275252153452,149.56945554885976,152.06808471679688,10099000,0.0,0.0,0.003134601022998951,0.016887535316881874,-0.1429901123046875,1.0,1.9474639892578125,0.0,0.0,0.1502083827749676,0.5,0.5
2023-02-03,152.51821208288243,152.8029815446327,150.5523692643114,151.21377563476562,6868500,0.0,0.0,0.0021199180988050337,0.016832994545381955,-0.9972991943359375,1.0,1.0931549072265625,0.0,0.0,0.047328061428012796,0.5,0.5
2023-02-06,151.15864877642449,151.4342370784086,149.82665500333846,150.06549072265625,7021000,0.0,0.0,0.0021505306096775405,0.016515422934816452,-2.1455841064453125,-1.0,-1.148284912109375,0.0,0.0,1.1034074185294735,0.4482962907352632,0.5517037092647368
2023-02-07,148.44877733026763,150.54322670104497,148.28341868678098,150.10227966308594,7310800,0.0,0.0,0.0022398452491411945,0.01640735699176251,-2.108795166015625,-1.0,-1.1114959716796875,0.0,0.0,1.0338377085539523,0.48308114572302385,0.5169188542769761
2023-02-08,150.01041176711217,151.16786609205084,149.6429559375237,150.29518127441406,6054700,0.0,0.0,0.0018573917352230581,0.015940570040875488,-1.9158935546875,1.0,0.192901611328125,0.0,0.0,0.03012006637868569,0.5,0.5
2023-02-09,150.31352844807515,151.3883102595034,147.9618676623515,148.26499938964844,7949500,0.0,0.0,0.002405715556301276,0.01665537284606817,-3.946075439453125,1.0,-1.8372802734375,0.3215510244294819,0.0066400145001500165,2.0,0.0,1.0
2023-02-10,148.60492922774043,149.54191007206612,148.2191111123698,148.95399475097656,7028000,0.0,0.0,0.002136730407575516,0.016028493514156857,-3.257080078125,1.0,-1.148284912109375,0.0,0.0,2.0,0.0,1.0
2023-02-13,148.2007057867907,149.56945222704894,148.03534718858975,149.50514221191406,6414700,0.0,0.0,0.001957484371828179,0.015561677277747803,-2.7059326171875,1.0,-0.597137451171875,0.0,0.0,2.0,0.0,1.0
2023-02-14,149.4959646308573,149.7072429397478,148.59570849957606,148.85292053222656,6316000,0.0,0.0,0.0019189572691460594,0.015046825318819994,-3.358154296875,1.0,-1.249359130859375,0.1653328676816841,0.002423913422944233,2.0,0.0,1.0
2023-02-15,148.77024463466975,148.79780206485708,146.326716366697,146.40020751953125,12621800,0.0,0.0,0.0037716276357898804,0.015438666045454269,-5.8108673095703125,-1.0,-2.4527130126953125,0.0,0.0,2.0,0.0,1.0
2023-02-16,146.12462224265815,146.65740853093305,145.06820276914033,145.36216735839844,11177000,0.0,0.0,0.0033162133503859795,0.015219187255855655,-6.848907470703125,-1.0,-3.490753173828125,0.0,0.0,2.0,0.0,1.0
2023-02-17,145.27890632480427,149.063075084666,144.9088076684751,148.39691162109375,12401900,1.13,0.0,0.003756461227166711,0.01584269108381343,-3.8141632080078125,-1.0,-0.4560089111328125,0.26527301980891593,0.0048371284198284415,2.0,0.0,1.0
2023-02-21,147.71225495405992,148.35992414008567,146.0838630514579,146.18563842773438,9423900,0.0,0.0,0.002811908603178079,0.01606378833256702,-6.0254364013671875,-1.0,-2.6672821044921875,1.7025156091526128,0.0798371804753866,2.0,0.0,1.0
2023-02-22,146.64824970721267,146.9720842969124,145.60274031778013,145.98208618164062,9820200,0.0,0.0,0.0029260768031790572,0.015607189407365071,-6.2289886474609375,-1.0,-2.8708343505859375,0.0,0.0,2.0,0.0,1.0
2023-02-23,145.91729667338927,146.73148538413542,144.95505440002768,145.935791015625,9385100,0.0,0.0,0.002795545361358516,0.015366465359361545,-6.2752838134765625,-1.0,-2.9171295166015625,0.0,0.0,2.0,0.0,1.0
2023-02-24,144.9365500459357,145.12160641608364,143.60423735847516,144.30740356445312,8689700,0.0,0.0,0.0025595240741751926,0.015583933763618092,-7.9036712646484375,-1.0,-4.5455169677734375,0.0,0.0,2.0,0.0,1.0
2023-02-27,144.75152116792248,145.16786980358611,143.48396679864294,143.9928436279297,7267100,0.0,0.0,0.0021358358286841313,0.01533771871159443,-8.218231201171875,-1.0,-4.860076904296875,0.0,0.0,2.0,0.0,1.0
2023-02-28,143.3914377477511,143.65976103696187,141.59649809762723,141.800048828125,9062300,0.0,0.0,0.002622893387065008,0.01566951306434742,-10.411026000976562,-1.0,-7.0528717041015625,0.0,0.0,2.0,0.0,1.0
2023-03-01,141.56873894438482,141.78155095959193,140.5509994350134,141.16165161132812,6767000,0.0,0.0,0.0019497491075283124,0.015248090893577072,-11.049423217773438,-1.0,-7.6912689208984375,0.0,0.0,2.0,0.0,1.0
2023-03-02,140.4029736172579,141.3374463164135,139.92185239058776,141.05062866210938,8762500,0.0,0.0,0.0025227190099141824,0.014886948361635486,-11.160446166992188,-1.0,-7.8022918701171875,0.0,0.0,2.0,0.0,1.0
2023-03-03,141.90184501451228,142.59576421089463,141.41147657849453,142.5032501220703,5747200,0.0,0.0,0.001671655967177116,0.014457169048312813,-9.70782470703125,1.0,1.4526214599609375,0.8142132513027036,0.0070344878038388365,0.034662551407665096,0.8312952685163778,0.1687047314836222
2023-03-06,143.09538797332954,144.08537197763326,143.01212106151195,143.92808532714844,8148200,0.0,0.0,0.002393718361110775,0.01407679114360888,-8.282989501953125,1.0,2.8774566650390625,0.0,0.0,0.1360107384809826,0.5,0.5
2023-03-07,144.41847506810203,144.56651456729662,141.88336570405707,142.56802368164062,7457700,0.0,0.0,0.002170165530303934,0.014540297963855456,-9.643051147460938,1.0,1.51739501953125,0.0,0.0,0.03782273444820135,0.5,0.5
2023-03-08,142.46622661252982,142.66977736349352,141.07838828386195,141.5225067138672,6230500,0.0,0.0,0.0017997585087729136,0.014404649338200466,-10.688568115234375,-1.0,-1.0455169677734375,1.9337327776499933,0.03273059189673353,0.4747498785213124,0.746259764790977,0.25374023520902295
2023-03-09,141.98510826079038,142.11463926317552,139.44073819279475,139.9311065673828,7439400,0.0,0.0,0.002124799725687072,0.014892771603760823,-12.27996826171875,-1.0,-2.6369171142578125,0.0,0.0,2.0,0.0,1.0
2023-03-10,140.50472858920332,142.01285049581574,139.80156237372137,140.27342224121094,8504300,0.0,0.0,0.002434892474200005,0.014921263766106993,-11.937652587890625,-1.0,-2.2946014404296875,0.0,0.0,2.0,0.0,1.0
2023-03-13,140.71755083694998,144.2519192226855,140.2364437146678,141.61502075195312,10799600,0.0,0.0,0.0031216399727669437,0.015749546535428902,-10.596054077148438,1.0,1.3415985107421875,2.137279959509982,0.04068501636243628,0.34184608559795254,0.893642592317502,0.10635740768249799
2023-03-14,141.81857701352843,142.51249620459848,140.5417611842565,142.4107208251953,8421200,0.0,0.0,0.00244783696698044,0.015531322518489746,-9.80035400390625,1.0,2.137298583984375,0.0,0.0,0.8675926663094417,0.5,0.5
2023-03-15,141.41146367577392,143.30817879638929,141.1246460262907,142.80856323242188,7757700,0.0,0.0,0.0022612732926416052,0.015473902828769665,-9.402511596679688,1.0,2.5351409912109375,0.0,0.0,1.22064594092061,0.5,0.5
2023-03-16,141.97586441020917,142.8270702615581,141.18943112691937,142.5124969482422,7605500,0.0,0.0,0.0022123128543992134,0.015219274290399308,-9.698577880859375,1.0,2.23907470703125,0.0,0.0,0.9521878696003848,0.5,0.5
2023-03-17,142.92883549787794,143.36369262511505,140.91185062500892,140.98587036132812,20540700,0.0,0.0,0.00591094137676424,0.015527402078765667,-11.225204467773438,1.0,0.7124481201171875,0.21279540128176677,0.00035936514757179403,0.09640331451869881,0.9962861182760624,0.0037138817239376334
2023-03-20,141.06913132986023,142.54949775826145,140.98586442419057,142.38294982910156,7129000,0.0,0.0,0.002071821920135271,0.015061248166567722,-9.828125,1.0,2.109527587890625,0.20356670272880706,0.0004290146685395658,0.8451930067008637,0.9994926637933993,0.000507336206600696
2023-03-21,142.4847251975269,142.6050090287079,140.79156085980742,142.38294982910156,8376800,0.0,0.0,0.0024344561454045645,0.014895188569864968,-9.828125,1.0,2.109527587890625,0.12028976520150536,0.00014980144802916672,0.8451930067008637,0.9998227920713525,0.00017720792864754783
2023-03-22,142.3459441980008,142.54023364070966,139.7368015962052,139.75531005859375,7943500,0.0,0.0,0.0022659276589948674,0.015524124455534364,-12.455764770507812,-1.0,-2.6276397705078125,1.2490628279853695,0.010056058060221593,1.5515337756573548,0.2192050831412118,0.7807949168587882
2023-03-23,139.87561095146535,140.3474850817347,138.8856268191988,139.82936096191406,9051500,0.0,0.0,0.0025833589324759597,0.015154380619544926,-12.3817138671875,-1.0,-2.5535888671875,0.0,0.0,1.4653168169151332,0.2673415915424334,0.7326584084575666
2023-03-24,140.15317495919237,141.33746264022068,139.55178394476272,141.23568725585938,5696200,0.0,0.0,0.0016420844925604302,0.014834896050527872,-10.975387573242188,1.0,1.4063262939453125,0.0,0.0,0.3032984850233885,0.5,0.5
2023-03-27,142.66976392201104,142.98433719192806,141.66127155313694,141.83706665039062,6772300,0.0,0.0,0.0019606124313925636,0.014597467476723254,-10.374008178710938,1.0,2.0077056884765625,0.0,0.0,0.618156081708721,0.5,0.5
2023-03-28,140.99511411640844,141.97585089267744,140.3844618949433,140.46774291992188,6115300,0.0,0.0,0.0017533159919425713,0.014496157105256672,-11.743331909179688,-1.0,-1.36932373046875,0.0,0.0,0.4651705055210724,0.7674147472394638,0.2325852527605362
2023-03-29,140.85632957239886,141.91108603552752,140.6990429378241,141.8463134765625,6012000,0.0,0.0,0.0017406155049395496,0.014056710159489377,-10.364761352539062,-1.0,0.009246826171875,0.0,0.0,4.560086889450935e-05,0.5,0.5
2023-03-30,142.096143990036,142.29969474379496,141.3837163518796,141.9573516845703,4555700,0.0,0.0,0.0013200148857891185,0.013503341862875514,-10.25372314453125,1.0,0.1110382080078125,0.0,0.0,0.006575558100167938,0.5,0.5
2023-03-31,142.29042877685728,143.58575299619545,141.7815660270036,143.4099578857422,9890000,0.0,0.0,0.002894952368702049,0.013310427278284128,-8.801116943359375,1.0,1.5636444091796875,0.0,0.0,1.3039583615723882,0.5,0.5
2023-04-03,143.36369085681667,145.26965316060864,142.42921816822746,145.1216278076172,6841900,0.0,0.0,0.0020266310220358485,0.01361195975041145,-7.089447021484375,1.0,3.2753143310546875,0.0,0.0,2.0,0.5,0.5
2023-04-04,145.23263050588127,147.08308128471106,144.8810403402015,146.63897705078125,8314500,0.0,0.0,0.0024885787175738957,0.013581512686797519,-5.5720977783203125,1.0,4.79266357421875,0.0,0.0,2.0,0.5,0.5
2023-04-05,152.07930833464616,153.2728571153566,150.58969474023033,153.22659301757812,16704200,0.0,0.0,0.005224270421964257,0.015161676609401186,1.0155181884765625,1.0,11.380279541015625,0.0,0.0,2.0,1.0,0.0
2023-04-06,153.57821040576127,154.72548117396286,152.4771896257048,152.80101013183594,9615400,0.0,0.0,0.0029988821800562095,0.015168901317690348,0.589935302734375,1.0,10.954696655273438,0.0,0.0,2.0,1.0,0.0
2023-04-10,152.31989873879002,152.5141882135202,151.40392029016556,152.0330810546875,5354000,0.0,0.0,0.0016614309116048769,0.014812939015866044,-0.1779937744140625,-1.0,-0.7679290771484375,0.0,0.0,0.004914071963960453,0.9975429640180198,0.0024570359819802265
2023-04-11,152.12556405654584,152.92125849393585,151.7739738741722,151.98678588867188,5903800,0.0,0.0,0.001831484680478194,0.014298246059737701,-0.2242889404296875,1.0,-0.046295166015625,0.0,0.0,1.7859552777416752e-05,0.9999910702236113,8.929776388708376e-06
2023-04-12,151.68145706972152,152.51415429760766,150.9042711079852,151.66294860839844,5764100,0.0,0.0,0.001784336767899638,0.014063497604230372,-0.548126220703125,-1.0,-0.3238372802734375,0.0,0.0,0.0008738823637376859,0.9995630588181311,0.00043694118186884295
2023-04-13,151.90353150246597,153.89277500361302,151.5612025498119,153.68922424316406,5640600,0.0,0.0,0.0017694347178293765,0.013970410691301083,1.4781494140625,1.0,2.026275634765625,0.9715165096771727,0.4319800589870913,2.0,1.0,0.0
2023-04-14,153.55967592141607,153.69845409798367,151.79249184474543,153.43939208984375,7225100,0.0,0.0,0.0022628020019516107,0.013880903168099458,1.2283172607421875,1.0,1.7764434814453125,0.0,0.0,2.0,1.0,0.0
2023-04-17,153.3469075832018,153.809520418066,152.60672422385443,153.28213500976562,8046400,0.0,0.0,0.002517439150234455,0.013463129682583634,1.0710601806640625,1.0,1.6191864013671875,0.0,0.0,2.0,1.0,0.0
2023-04-18,151.96828619655264,152.37538766956823,147.71224331043422,148.97055053710938,14571500,0.0,0.0,0.00443068123732233,0.015533960036348646,-3.2405242919921875,-1.0,-4.31158447265625,4.08024853431121,1.5854139385605885,2.0,0.0,1.0
2023-04-19,149.8772917640173,150.51568553385337,149.1186000372876,150.3769073486328,6752000,0.0,0.0,0.0020724277801316944,0.015023425887787432,-1.83416748046875,-1.0,-2.9052276611328125,0.0,0.0,2.0,0.0,1.0
2023-04-20,150.28437087837784,151.5704478738323,148.92430238457902,151.348388671875,9498800,0.0,0.0,0.0029343530676520383,0.01510962222724623,-0.8626861572265625,-1.0,-1.933746337890625,0.0,0.0,1.4262817096247544,0.2868591451876228,0.7131408548123772
2023-04-21,152.1440928447912,152.63446126055246,149.85878458968273,150.5249481201172,7014200,0.0,0.0,0.002155025700836197,0.015424257281295942,-1.686126708984375,1.0,-0.8234405517578125,2.1187757266990843,1.5790270215523035,0.2586251800278493,0.08117389920992357,0.9188261007900764
2023-04-24,150.5249385025042,151.5611865423828,149.76624681772114,151.44090270996094,5278900,0.0,0.0,0.0016317455895447106,0.015082498945698696,-0.770172119140625,-1.0,0.91595458984375,0.0,0.0,1.2373238520023493,0.5,0.5
2023-04-25,152.02377853724434,152.98602082961406,151.88500037864236,152.82872009277344,6263100,0.0,0.0,0.001953710203433436,0.014600150520349287,0.617645263671875,1.0,1.3878173828125,0.0,0.0,2.0,1.0,0.0
2023-04-26,151.82024185299258,152.0978123136605,150.1085832282105,150.4601593017578,5518200,0.0,0.0,0.0016946685776016751,0.015062044680241972,-1.75091552734375,-1.0,-2.368560791015625,0.0,0.0,2.0,0.0,1.0
2023-04-27,150.7192241247726,151.19109815209703,150.0068106743524,150.81175231933594,5739700,0.0,0.0,0.001766811438884903,0.014514488783173714,-1.399322509765625,-1.0,-2.0169677734375,0.0,0.0,2.0,0.0,1.0
2023-04-28,150.63596149029195,151.51492289227713,150.4046551151474,151.45941162109375,6024900,0.0,0.0,0.0018625671157353973,0.013943711669303678,-0.7516632080078125,1.0,0.6476593017578125,0.0,0.0,0.10310869640240652,0.5,0.5
2023-05-01,151.36691284179688,152.01456793410205,150.10860546910877,151.36691284179688,4893400,0.0,0.0,0.0015118457863673312,0.01385504960948289,-0.8441619873046875,1.0,0.5551605224609375,0.0,0.0,0.07575987216045121,0.5,0.5
2023-05-02,152.05153364325056,153.10628999843524,151.32985898537785,152.68994140625,7541700,0.0,0.0,0.0023504201619043035,0.013584943949693831,0.4788665771484375,1.0,1.8781890869140625,0.0,0.0,0.8671230025660569,0.43356150128302845,0.5664384987169715
2023-05-03,153.17109438773124,153.75397689081657,150.35840077740158,150.6914825439453,5937200,0.0,0.0,0.001826148988635874,0.014391405844946498,-1.51959228515625,1.0,-0.120269775390625,0.0,0.0,0.004100476943480835,0.9979497615282595,0.0020502384717404174
2023-05-04,150.51568342928556,150.7192341766439,149.1926176892775,150.00682067871094,5128000,0.0,0.0,0.0015700910779281511,0.014151368978503012,-2.204254150390625,-1.0,-0.684661865234375,0.0,0.0,0.1328842936544543,0.9335578531727728,0.06644214682722716
2023-05-05,150.66369496417192,150.9320182258505,149.5996914421437,150.51565551757812,5194500,0.0,0.0,0.0015958469858509967,0.013728401577489913,-1.6954193115234375,1.0,0.5088348388671875,0.0,0.0,0.5523335193778982,0.5,0.5
2023-05-08,149.87729027107716,150.41392277828706,149.27588519952857,150.17335510253906,4994900,0.0,0.0,0.001531036358468189,0.013366543720298203,-2.0377197265625,-1.0,-0.3423004150390625,0.0,0.0,0.4525443776376272,0.7737278111811864,0.2262721888188136
2023-05-09,149.6552387055355,150.00682894631802,148.7670159301246,149.00758361816406,5520500,0.0,0.0,0.0016790073950755646,0.01318304066931276,-3.2034912109375,-1.0,-1.5080718994140625,0.0,0.0,2.0,0.0,1.0
2023-05-10,149.14636492374356,149.8587925936409,148.09160829719136,149.56271362304688,6756600,0.0,0.0,0.0020626111819228203,0.013039935407311765,-2.6483612060546875,-1.0,-0.95294189453125,0.0,0.0,2.0,0.0,1.0
2023-05-11,149.72924290896134,150.06232465044818,147.47169045197518,148.95205688476562,5867600,0.0,0.0,0.0017839095374231782,0.0134004670494749,-3.2590179443359375,-1.0,-1.5635986328125,0.055495704130152035,0.0002899647655626006,2.0,0.0,1.0
2023-05-12,149.29438393709313,149.47942620942936,148.04532389263778,148.75775146484375,3904200,0.0,0.0,0.0011854342886127645,0.013148152780619735,-3.4533233642578125,-1.0,-1.757904052734375,0.0,0.0,2.0,0.0,1.0
2023-05-15,148.77626762700416,148.98906554531268,147.055347581356,147.61973571777344,5104500,0.0,0.0,0.0015380252108272569,0.013238785062569397,-4.591339111328125,-1.0,-2.8959197998046875,0.0,0.0,2.0,0.0,1.0
2023-05-16,147.1663682828558,148.26738890549836,146.67599988891226,147.42543029785156,5599200,0.0,0.0,0.0016848615028261821,0.013080398069787159,-4.78564453125,-1.0,-3.0902252197265625,0.0,0.0,2.0,0.0,1.0
2023-05-17,147.8417773868854,148.09159222648677,145.9728320296598,147.1016082763672,6840700,0.0,0.0,0.0020539212512795954,0.013201634471848609,-5.109466552734375,-1.0,-3.4140472412109375,0.0,0.0,2.0,0.0,1.0
2023-05-18,146.79627815239778,147.04607886734968,145.77852447652552,146.62973022460938,5173000,0.0,0.0,0.001548211669767372,0.01294263223137273,-5.5813446044921875,-1.0,-3.88592529296875,0.0,0.0,2.0,0.0,1.0
2023-05-19,146.73152418153373,147.97132309443268,146.31517548604643,147.02760314941406,6527100,0.0,0.0,0.001958776867817736,0.012790221401926836,-5.1834716796875,1.0,0.3978729248046875,0.0,0.0,0.010483345012862086,0.5,0.5
2023-05-22,147.28859665436912,148.35131127644604,146.15130382073633,146.23519897460938,5675900,1.19,0.0,0.001694152411791733,0.01301558350458608,-5.9758758544921875,1.0,-0.39453125,0.0,0.0,0.9832728417271147,0.5083635791364427,0.49163642086355736
2023-05-23,146.4496386069182,147.54031844368342,145.7691176586479,146.17929077148438,5793000,0.0,0.0,0.0017284435554612843,0.012955995149825898,-6.0317840576171875,-1.0,-0.055908203125,0.0,0.0,0.01974523449486096,0.9901273827525695,0.00987261724743048
2023-05-24,146.43098421278688,146.48691432134834,145.34962136612862,146.03945922851562,5015100,0.0,0.0,0.0014949120273060963,0.012598341307604751,-6.1716156005859375,-1.0,-0.19573974609375,0.0,0.0,0.2420300376247071,0.8789849811876465,0.12101501881235355
2023-05-25,145.47081935163442,145.69453979603162,143.29877661644835,143.94200134277344,6886100,0.0,0.0,0.0020231434844593197,0.013228937814230748,-8.269073486328125,-1.0,-2.2931976318359375,0.0,0.0,2.0,0.0,1.0
2023-05-26,144.20300938222914,144.75300774091784,143.74622312834796,143.8860626220703,6845400,0.0,0.0,0.002010404194545771,0.01278858193329555,-8.32501220703125,-1.0,-2.3491363525390625,0.0,0.0,2.0,0.0,1.0
2023-05-30,143.53183196238265,144.84624650477215,142.92590344392374,143.9047088623047,5593100,0.0,0.0,0.0016428329775879725,0.012826754978977251,-8.306365966796875,-1.0,-2.3304901123046875,0.0,0.0,2.0,0.0,1.0
2023-05-31,144.21233297012586,145.13522246358974,143.4199660332197,144.5479278564453,11324600,0.0,0.0,0.0033411853161533908,0.012705154290997672,-7.66314697265625,1.0,0.643218994140625,0.38221472267190393,0.0024877143624948725,0.07617688186674486,0.9683756800168996,0.031624319983100425
2023-06-01,144.0631561279297,144.5292592804683,142.76738993284587,144.0631561279297,7901300,0.0,0.0,0.0023233642330938967,0.012720158420856173,-8.147918701171875,-1.0,-0.484771728515625,0.15851351107787082,0.00037847674271405864,0.5680111321105491,0.7158051955733684,0.2841948044266316
2023-06-02,144.23095087288917,146.64536162537098,143.64365638875202,146.3284149169922,7659700,0.0,0.0,0.002287737817083087,0.013093973503301276,-5.882659912109375,1.0,2.2652587890625,1.5101391617812396,0.06590015813492864,2.0,0.968100995648104,0.03189900435189596
2023-06-05,146.12334328611385,147.88521269360442,146.12334328611385,147.5869140625,6430500,0.0,0.0,0.0019371284402326136,0.01290771350226578,-4.6241607666015625,1.0,3.5237579345703125,0.0,0.0,2.0,0.5,0.5
2023-06-06,148.76150317067663,148.78946822550984,146.72928576530265,147.45640563964844,5073600,0.0,0.0,0.00152702339519273,0.012994304117047677,-4.754669189453125,1.0,3.39324951171875,0.0,0.0,2.0,0.5,0.5
2023-06-07,147.38183622843255,148.03437785780278,146.76657659602316,147.7733612060547,6504300,0.0,0.0,0.0019618352726510813,0.012653070782410045,-4.437713623046875,1.0,3.710205078125,0.0,0.0,2.0,0.5,0.5
2023-06-08,147.75470767364013,149.5445421732391,147.12081417818098,149.3953857421875,5818400,0.0,0.0,0.00177421636696473,0.012780542169307232,-2.8156890869140625,1.0,5.3322296142578125,0.0,0.0,2.0,0.5,0.5
2023-06-09,149.54453098990658,149.8335126632457,148.65893786131733,149.16232299804688,6264400,0.0,0.0,0.001907236027352999,0.01244865164115878,-3.0487518310546875,1.0,5.0991668701171875,0.0,0.0,2.0,0.5,0.5
2023-06-12,149.15299498836077,149.38604654303006,147.969089107826,149.0597686767578,6510600,0.0,0.0,0.0019808303404644707,0.012246412976738244,-3.15130615234375,-1.0,-0.1025543212890625,0.0,0.0,0.0004044915752899429,0.9997977542123551,0.00020224578764497145
2023-06-13,148.90134256587754,149.93609236586013,148.36066108059143,149.84288024902344,6066800,0.0,0.0,0.0018555027962703936,0.012063230381162658,-2.368194580078125,1.0,0.783111572265625,0.10257970261443461,0.001876238769311973,2.0,0.9990627598584888,0.0009372401415111571
2023-06-14,150.64453498498634,151.09199000007823,150.06655744014006,150.60723876953125,6699100,0.0,0.0,0.0020593403532451282,0.011737137017411031,-1.6038360595703125,1.0,1.5474700927734375,0.0,0.0,2.0,0.5,0.5
2023-06-15,151.0640272641498,152.79793147656588,150.48604971045197,152.630126953125,7138300,0.0,0.0,0.002223826413116608,0.011836248300421667,0.4190521240234375,1.0,3.5703582763671875,0.0,0.0,2.0,1.0,0.0
2023-06-16,153.32928875840332,153.80472307658422,152.76064234451155,153.0962371826172,13426600,0.0,0.0,0.004195622349574179,0.01150535936784234,0.885162353515625,1.0,4.036468505859375,0.0,0.0,2.0,1.0,0.0
2023-06-20,153.12418311317197,154.10300245411662,152.70469317400642,153.0030059814453,7995800,0.0,0.0,0.002497052701946036,0.011342850549481719,0.79193115234375,1.0,3.9432373046875,0.0,0.0,2.0,1.0,0.0
2023-06-21,152.49029378776942,153.73944669736846,151.6606308284879,152.76995849609375,7177500,0.0,0.0,0.002238087102528318,0.011520677937479013,0.5588836669921875,-1.0,-0.2330474853515625,1.1000115160236419,2.0,0.0034928747664210286,0.9982566073428994,0.001743392657100551
2023-06-22,152.78861746478137,154.4852398759987,152.68607419570407,154.3920135498047,5485900,0.0,0.0,0.0017287752674198678,0.011417754291950629,2.180938720703125,1.0,1.6220550537109375,0.3822374218820812,0.030717048270391296,2.0,1.0,0.0
2023-06-23,154.8487843711618,154.99794078848487,153.84199989073946,154.26148986816406,9450700,0.0,0.0,0.002975687505790544,0.01114641300573635,2.0504150390625,1.0,1.4915313720703125,0.0,0.0,2.0,1.0,0.0
2023-06-26,153.7954116646092,153.7954116646092,150.39286391081856,152.5369415283203,6978800,0.0,0.0,0.0021728092894093493,0.01227882209805417,0.32586669921875,-1.0,-1.72454833984375,2.293210284885504,2.0,1.3368600943020077,0.5993658539700787,0.4006341460299213
2023-06-27,152.58353061559615,152.76998326760415,151.4276038294521,152.219970703125,4927500,0.0,0.0,0.0015309608665616291,0.012055411327614321,0.0088958740234375,-1.0,-2.0415191650390625,0.0,0.0,1.8734501324954653,0.5,0.5
2023-06-28,152.13604337420497,152.13604337420497,150.9335036793435,151.91232299804688,6780400,0.0,0.0,0.0021023941663055553,0.011821872547425746,-0.2987518310546875,-1.0,-2.3491668701171875,0.0,0.0,2.0,0.0,1.0
2023-06-29,151.61403961417648,153.18015367283337,151.23183159829915,152.97506713867188,4547500,0.0,0.0,0.0014199046548254914,0.01181091987216551,0.7639923095703125,1.0,1.062744140625,0.41017040522922343,0.2882376243497067,0.20465846077892616,0.2464480425643164,0.7535519574356836
2023-06-30,153.6835228103266,154.6903072663717,153.2081027440019,154.2987823486328,7580000,0.0,0.0,0.002387247939600177,0.011667220815473106,2.08770751953125,1.0,2.3864593505859375,0.0,0.0,1.0320015454805713,0.5160007727402857,0.48399922725971434
2023-07-03,153.1987538827745,153.24536703471762,151.91231908003252,152.27587890625,4033700,0.0,0.0,0.0012537199384011102,0.012097196315051064,0.0648040771484375,-1.0,-2.0229034423828125,0.0,0.0,0.7185255641265893,0.5,0.5
2023-07-05,151.9403112459463,152.8072562846136,151.6979285023142,151.7725067138672,7224600,0.0,0.0,0.0022380652114476376,0.011792448890451333,-0.438568115234375,-1.0,-2.526275634765625,0.0,0.0,1.1206071376099727,0.43969643119501367,0.5603035688049863
2023-07-06,151.25047492507048,151.36233513131577,150.08521702888348,150.64454650878906,6332500,0.0,0.0,0.0019471277018952187,0.011832154438326064,-1.5665283203125,-1.0,-3.65423583984375,0.0,0.0,2.0,0.0,1.0
2023-07-07,149.59113490190563,150.1224850564771,148.40722900670713,148.45384216308594,7022200,0.0,0.0,0.002127798308655938,0.012225618966059774,-3.757232666015625,-1.0,-5.844940185546875,0.0,0.0,2.0,0.0,1.0
2023-07-10,148.62166506443188,149.43269433521607,148.22082312517344,148.6962432861328,5739200,0.0,0.0,0.0017418757720027928,0.011915995450174174,-3.51483154296875,-1.0,-5.6025390625,0.0,0.0,2.0,0.0,1.0
2023-07-11,148.34198814428612,149.43266777214347,146.91571369060048,147.87588500976562,6606700,0.0,0.0,0.001994103823195634,0.012342002184456323,-4.3351898193359375,-1.0,-6.4228973388671875,0.0,0.0,2.0,0.0,1.0
2023-07-12,148.16485708815102,148.16485708815102,147.17672078281322,147.3631591796875,6940400,0.0,0.0,0.00208756134839335,0.011979265998638232,-4.8479156494140625,-1.0,-6.9356231689453125,0.0,0.0,2.0,0.0,1.0
2023-07-13,147.2886162379422,148.34201405776227,146.73861785697153,148.043701171875,6401700,0.0,0.0,0.00193442134197799,0.011846081487720874,-4.1673736572265625,-1.0,-6.2550811767578125,0.0,0.0,2.0,0.0,1.0
2023-07-14,148.388605154098,149.36742470069288,148.20216672244672,149.03182983398438,5362200,0.0,0.0,0.0016311273312638232,0.01156143924682062,-3.1792449951171875,1.0,0.988128662109375,1.2025676125418556,0.14307739158241342,0.0249552022057423,0.14851405696447295,0.851485943035527
2023-07-17,148.91994994729882,149.03181014664457,147.42841424244173,148.2860565185547,5486800,0.0,0.0,0.0016606773734696633,0.01156197109789078,-3.925018310546875,-1.0,-0.7457733154296875,0.0,0.0,0.5696219102864039,0.7151890448567981,0.2848109551432019
2023-07-18,148.2860645651151,149.98267265272418,147.46571846049477,148.2767333984375,6332500,0.0,0.0,0.0019165229796737793,0.011949270182490151,-3.9343414306640625,1.0,-0.0093231201171875,0.6152479520312966,0.02445435773232829,8.902163483285663e-05,0.9877283103164194,0.012271689683580575
2023-07-19,147.20470636298649,149.53522220981608,146.66402497960124,147.9784393310547,7522600,0.0,0.0,0.002272125077516452,0.012504032482382917,-4.232635498046875,-1.0,-0.2982940673828125,0.5034120631715098,0.014145734306121574,0.09113018214969039,0.947362041772094,0.052637958227905984
2023-07-20,150.96149380571703,157.67337646791793,150.36488232961784,156.96490478515625,21892900,0.0,0.0,0.0070140955370215936,0.015357933008837192,4.7538299560546875,1.0,8.986465454101562,7.690703815193757,2.0,2.0,1.0,0.0
2023-07-21,156.77843233243624,159.23947036277207,156.77843233243624,158.6521759033203,12080000,0.0,0.0,0.003911819342577298,0.015217283721209117,6.44110107421875,1.0,10.673736572265625,0.0,0.0,2.0,1.0,0.0
2023-07-24,159.87339753952477,162.03612321439024,159.39797739646727,159.48187255859375,15155400,0.0,0.0,0.004933379812011323,0.015572421228580921,7.2707977294921875,1.0,11.503433227539062,0.0,0.0,2.0,1.0,0.0
2023-07-25,158.89456614943896,160.97338228312313,158.2420245631188,160.7030487060547,13790100,0.0,0.0,0.00452332043023973,0.015564245301870635,8.491973876953125,-1.0,1.2211761474609375,0.0,0.0,2.0,1.0,0.0
2023-07-26,160.33947625037348,162.06406351605773,159.78014680627626,161.0106658935547,14288200,0.0,0.0,0.004695674555333561,0.015438106998026615,8.799591064453125,1.0,0.3076171875,0.0,0.0,1.0634864535340474,0.5317432267670237,0.4682567732329763
2023-07-27,160.50729148027668,162.47424755761247,160.37678315296088,161.91493225097656,12446400,0.0,0.0,0.0041133577157566464,0.01518061828993486,9.703857421875,1.0,1.211883544921875,0.0,0.0,2.0,1.0,0.0
2023-07-28,162.2039273192586,163.47172869946326,161.48612434773116,162.65138244628906,14138800,0.0,0.0,0.0046939248563869,0.014904444272397456,10.4403076171875,1.0,1.948333740234375,0.0,0.0,2.0,1.0,0.0
2023-07-31,158.18606937831615,158.6801375170754,155.40809893738606,156.17250061035156,22632700,0.0,0.0,0.0072145085717220045,0.017726851219424043,3.96142578125,-1.0,-6.4788818359375,4.968684215574825,1.573184811383275,2.0,0.44027524307488963,0.5597247569251104
2023-08-01,155.09115899570594,157.6267612928115,154.80217731596088,157.44032287597656,15810300,0.0,0.0,0.005080680735618503,0.017609570654786664,5.229248046875,-1.0,-5.2110595703125,0.0,0.0,2.0,0.5,0.5
2023-08-02,157.40306825103997,159.6310411468073,157.40306825103997,158.39120483398438,14595600,0.0,0.0,0.004718661653748964,0.017258311831067515,6.1801300048828125,1.0,0.9508819580078125,0.9509036297318971,0.023674334979915942,0.03329669582336396,0.028485515401639953,0.9715144845983601
2023-08-03,158.42847635175264,159.70560880453024,158.1674596952012,159.0717010498047,17424800,0.0,0.0,0.005657525889285649,0.016647700071664658,6.860626220703125,1.0,1.631378173828125,0.0,0.0,0.09800702795809413,0.049003513979047064,0.950996486020953
2023-08-04,158.7920562655011,160.97341612305524,156.50815312108708,157.58018493652344,23415100,0.0,0.0,0.00753118724497248,0.01762892814320032,5.369110107421875,1.0,0.139862060546875,0.8949151299528921,0.027781716831020188,0.00072035698034001,0.014251036905680099,0.9857489630943199
2023-08-07,157.9996785571251,161.5886649055809,157.87848716512846,161.3649444580078,17736400,0.0,0.0,0.005841716680951902,0.017760135903351564,9.15386962890625,1.0,3.92462158203125,0.2889725300727264,0.0009965605132390665,0.5672095049205405,0.28410303271688975,0.7158969672831103
2023-08-08,161.26239163230278,161.78442494486112,159.77085568984393,161.4394989013672,27378700,0.0,0.0,0.009021701356249716,0.017374838335811812,9.228424072265625,1.0,3.999176025390625,0.0,0.0,0.5889642916669386,0.2944821458334693,0.7055178541665307
2023-08-09,161.27168331406037,162.4369411414741,160.38609021009367,161.33694458007812,42974400,0.0,0.0,0.014151727993981733,0.01705200546912284,9.125869750976562,1.0,3.8966217041015625,0.0,0.0,0.5591449601460251,0.27957248007301255,0.7204275199269874
2023-08-10,162.20389454073543,164.04034207089663,160.00388712626682,160.49795532226562,48213800,0.0,0.0,0.015794529334441778,0.01771317400554006,8.286880493164062,1.0,3.0576324462890625,0.0,0.0,0.3442853007303335,0.17214265036516674,0.8278573496348333
2023-08-11,160.78692420757991,162.1572684835133,159.9852262925736,162.06405639648438,45905600,0.0,0.0,0.015185118863210287,0.017246315082813428,9.852981567382812,-1.0,1.56610107421875,0.4008639175200699,0.0016552309264232068,0.0903207425185857,0.045987986722504454,0.9540120132774955
2023-08-14,161.75641718912723,163.69540771272088,160.1064082998169,161.6818389892578,64036900,0.0,0.0,0.0211328155612755,0.01763785893387486,9.47076416015625,1.0,-0.3822174072265625,0.0,0.0,0.059563656354213596,0.5,0.5
2023-08-15,161.0852662111754,162.72594432840296,160.47000658308735,161.2157745361328,88958100,0.0,0.0,0.02927243533867345,0.017424879768337627,9.00469970703125,1.0,-0.8482818603515625,0.5686758448896683,0.003988330083665196,0.2933869453400574,0.013411774324487216,0.9865882256755127
2023-08-16,160.83355702331872,162.884408105042,160.46068018094712,160.7030487060547,85832700,0.0,0.0,0.028154168968509124,0.01730915658340219,8.491973876953125,1.0,-1.3610076904296875,0.0,0.0,0.7552340873133635,0.5,0.5
2023-08-17,161.14117951806992,163.49966028884205,161.04795319953115,162.2132110595703,70904200,0.0,0.0,0.023475994840828372,0.017154607975338618,10.00213623046875,1.0,0.1491546630859375,0.7737159604390911,0.005983807043127047,0.012010262856458427,0.008997034949792737,0.9910029650502072
2023-08-18,161.43015808441547,162.19457405357122,159.69625385307612,160.7962646484375,49631700,0.0,0.0,0.016289244027570093,0.01718772592892686,8.585189819335938,-1.0,-1.4169464111328125,0.7644263278710071,0.007928142889434572,2.0,0.003948419627221257,0.9960515803727787
2023-08-21,158.1860895559822,158.3352459780434,154.7089640346736,156.00473022460938,151319500,0.0,0.0,0.0481835159329147,0.01923736918861111,3.7936553955078125,-1.0,-6.2084808349609375,0.0,0.0,2.0,0.5,0.5
2023-08-22,155.5479424495508,156.4615006328809,154.1962461710407,154.764892578125,56834800,0.0,0.0,0.017953644000263405,0.019051857789254004,2.5538177490234375,-1.0,-7.4483184814453125,0.0,0.0,2.0,0.5,0.5
2023-08-23,154.65303372418086,155.21236324543216,152.3877790342283,153.37591552734375,119011400,0.0,0.0,0.03725731510817583,0.019166655936205115,1.1648406982421875,-1.0,-8.837295532226562,0.0,0.0,2.0,0.5,0.5
2023-08-24,152.90981272312263,155.37083701907142,152.7513393440447,153.89794921875,70755100,0.0,0.0,0.0222257489483896,0.018953024254010603,1.6868743896484375,1.0,0.52203369140625,0.0,0.0,0.003489460673010566,0.001744730336505283,0.9982552696634948
2023-08-25,154.27354023372405,157.54116805425767,154.0481811563155,156.1045379638672,18185500,1.19,0.0,0.005794374983024818,0.01901748922870557,3.893463134765625,1.0,2.7286224365234375,0.0,0.0,0.09533407001083069,0.047667035005415345,0.9523329649945846
2023-08-28,154.9308232288394,156.06698890333556,153.21249783371462,154.26414489746094,18458000,0.0,0.0,0.005811864233609781,0.019208867342610184,2.053070068359375,-1.0,-1.84039306640625,0.0,0.0,0.4549192192216529,0.5,0.5
2023-08-29,154.808736688094,155.5693038166198,152.83689863777073,154.2829132080078,12208600,0.0,0.0,0.0038445854523948197,0.0190996609303083,2.07183837890625,-1.0,-1.821624755859375,0.0,0.0,0.44568800684379695,0.5,0.5
2023-08-30,155.03408595112472,155.71014876211598,153.6913449165452,153.73829650878906,9939100,0.0,0.0,0.003118853299506772,0.018736186310628056,1.5272216796875,1.0,-0.54461669921875,0.0,0.0,0.03983776960867448,0.5,0.5
2023-08-31,153.4003004069233,153.58810681912055,151.43784661697356,151.8134307861328,15333000,0.0,0.0,0.004751198260391169,0.018700844775661665,-0.39764404296875,-1.0,-1.92486572265625,0.0,0.0,0.4976385155162807,0.7511807422418597,0.24881925775814034
2023-09-01,151.56926860951944,152.56457933003983,150.24531106877544,150.68663024902344,8610100,0.0,0.0,0.0026481875484960153,0.0185943032183205,-1.524444580078125,-1.0,-3.051666259765625,0.0,0.0,1.2507980061861135,0.37460099690694326,0.6253990030930567
2023-09-05,150.76177830236637,152.0857360922566,150.49886652775774,150.87445068359375,9019800,0.0,0.0,0.0027776558279892383,0.01799591695121202,-1.3366241455078125,-1.0,-2.8638458251953125,0.0,0.0,1.1015707013812057,0.44921464930939714,0.5507853506906029
2023-09-06,150.085695833719,150.2359352075542,147.7476582617252,148.36737060546875,9753800,0.0,0.0,0.002953779479475599,0.018498197781613372,-3.8437042236328125,-1.0,-5.3709259033203125,0.0,0.0,2.0,0.0,1.0
2023-09-07,149.42842750177067,151.23125713789068,149.2781881168566,150.2641143798828,9931800,0.0,0.0,0.003046134421628037,0.01832143700864624,-1.94696044921875,1.0,1.8967437744140625,0.0,0.0,0.12471509235847672,0.5,0.5
2023-09-08,149.85097315429783,150.8744521674918,149.47538899476783,150.76177978515625,6957000,0.0,0.0,0.002140814717973107,0.017619457951309238,-1.4492950439453125,1.0,2.3944091796875,0.0,0.0,0.19874600872484582,0.5,0.5
2023-09-11,151.23124696767195,152.76178015237195,150.6584718878701,152.73361206054688,6309300,0.0,0.0,0.001966897025269154,0.01713335052771349,0.5225372314453125,1.0,4.366241455078125,0.0,0.0,0.6608717315560731,0.3304358657780366,0.6695641342219634
2023-09-12,152.32045193064505,153.92609038012745,151.67255720177462,153.5974578857422,6045800,0.0,0.0,0.001895412004766564,0.01686804044434593,1.386383056640625,1.0,5.2300872802734375,0.0,0.0,0.9482427940862282,0.4741213970431141,0.5258786029568858
2023-09-13,153.76649315246271,154.88387534833393,153.05287753172928,153.9824676513672,7397500,0.0,0.0,0.0023249952593075696,0.01647337057783901,1.771392822265625,1.0,5.6150970458984375,0.0,0.0,1.0929900573327105,0.5464950286663552,0.45350497133364476
2023-09-14,154.63033529926045,155.18434122033582,153.4660159269205,153.74771118164062,7758400,0.0,0.0,0.002434706687854691,0.01611836239670719,1.5366363525390625,1.0,5.380340576171875,0.0,0.0,1.003508864017452,0.501754432008726,0.49824556799127395
2023-09-15,153.97304716111532,154.76179669496912,151.37209789809347,151.59744262695312,13392100,0.0,0.0,0.004143872470287096,0.01677647789917954,-0.6136322021484375,-1.0,-2.1502685546875,1.680779633635808,2.0,0.15972241677302731,0.0,1.0
2023-09-18,152.22655945370906,153.19370215748563,150.9401688206037,152.55520629882812,5789000,0.0,0.0,0.0018025877103411744,0.016535493276328146,0.3441314697265625,-1.0,-1.1925048828125,0.0,0.0,0.04912480020694556,0.5,0.5
2023-09-19,152.34864837888534,152.91203894214996,151.53174495700708,152.30169677734375,5550800,0.0,0.0,0.001725544421916983,0.01602729382935785,0.0906219482421875,-1.0,-1.446014404296875,0.0,0.0,0.07223134527218081,0.5,0.5
2023-09-20,152.29230561458414,153.55991283578916,151.7946501804818,152.96836853027344,3837400,0.0,0.0,0.0011981316169450292,0.015641915086125027,0.757293701171875,1.0,0.6666717529296875,0.36621067830353127,0.23384781602626284,0.21255869269957295,0.22320325436291788,0.7767967456370821
2023-09-21,152.64911759739024,153.52235715532987,151.72891211323602,151.79464721679688,4526700,0.0,0.0,0.0014025036272607232,0.01548086870447321,-0.4164276123046875,-1.0,-1.1737213134765625,0.0,0.0,2.0,0.0,1.0
2023-09-22,151.45661165146737,151.5505005184973,150.47068541814977,150.70542907714844,4976700,0.0,0.0,0.0015308624918235036,0.015106494760145979,-1.505645751953125,-1.0,-2.262939453125,0.0,0.0,2.0,0.0,1.0
2023-09-25,150.30167887345408,150.57397521738756,149.0434419553854,150.48007202148438,6722500,0.0,0.0,0.0020647887439129045,0.014837364354100406,-1.7310028076171875,-1.0,-2.4882965087890625,0.0,0.0,2.0,0.0,1.0
2023-09-26,150.05753377784367,150.3110609404363,149.16551074219203,149.3157501220703,4904800,0.0,0.0,0.001494833238978334,0.014513836230782692,-2.89532470703125,-1.0,-3.652618408203125,0.0,0.0,2.0,0.0,1.0
2023-09-27,148.9026022361373,149.0716107964716,145.78519950999862,147.52230834960938,10211600,0.0,0.0,0.0030748031459261445,0.015350427547475511,-4.6887664794921875,-1.0,-5.4460601806640625,0.0,0.0,2.0,0.0,1.0
2023-09-28,147.8885104181499,148.3204450701891,146.68662398762763,147.3063507080078,7861900,0.0,0.0,0.0023638222098586654,0.015067102145900109,-4.90472412109375,-1.0,-5.662017822265625,0.0,0.0,2.0,0.0,1.0
2023-09-29,147.76643462610664,147.98240910935698,145.86971616772502,146.24530029296875,7680700,0.0,0.0,0.002292706929843378,0.015124261725599903,-5.9657745361328125,-1.0,-6.7230682373046875,0.0,0.0,2.0,0.0,1.0
2023-10-02,145.9354271721693,145.9354271721693,143.9635891552258,145.68190002441406,7259700,0.0,0.0,0.0021586890770511685,0.01521700445753452,-6.5291748046875,-1.0,-7.286468505859375,0.0,0.0,2.0,0.0,1.0
2023-10-03,145.24059432729857,146.01056042997294,144.4988106459856,145.86032104492188,5740800,0.0,0.0,0.0017091312103251982,0.01485310307902773,-6.3507537841796875,1.0,0.1784210205078125,0.0,0.0,0.0005995947946862064,0.5,0.5
2023-10-04,146.07629424973496,146.41431137170403,145.1373195928443,146.0293426513672,4955200,0.0,0.0,0.0014769545836741333,0.014400829230314386,-6.181732177734375,1.0,0.347442626953125,0.0,0.0,0.0022736940002344545,0.5,0.5
2023-10-05,146.733557538436,148.39553218282904,146.54576549319333,147.5504608154297,5993300,0.0,0.0,0.001804980066704769,0.014379805344987949,-4.660614013671875,1.0,1.868560791015625,0.0,0.0,0.06576279742017778,0.5,0.5
2023-10-06,147.49415020599432,148.63970050648015,147.0340474369083,148.0199737548828,5802200,0.0,0.0,0.001752987584814293,0.014085146800171502,-4.19110107421875,1.0,2.33807373046875,0.0,0.0,0.10296324481029888,0.5,0.5
2023-10-09,147.58802990245238,149.18429828352683,147.50352562184008,148.8650360107422,4414100,0.0,0.0,0.0013412220887493798,0.013811288979351263,-3.346038818359375,1.0,3.183135986328125,0.0,0.0,0.19084298496060337,0.5,0.5
2023-10-10,148.71479790754603,149.55048470694558,148.26407979525646,148.69601440429688,5273500,0.0,0.0,0.0016005310399308833,0.013457291868907099,-3.5150604248046875,1.0,3.0141143798828125,0.0,0.0,0.1711138936557552,0.5,0.5
2023-10-11,148.78992314579824,149.3439147275957,146.5175919791425,146.6490478515625,6922900,0.0,0.0,0.0020722069628505003,0.014047101285848051,-5.5620269775390625,-1.0,-2.046966552734375,0.9859336426975744,0.03142166472641761,0.4612135255102309,0.7536824048816757,0.24631759511832427
2023-10-12,146.404933925453,147.00587716207545,145.60681402472937,146.7899169921875,5792400,0.0,0.0,0.0017354839134809212,0.013712009111448525,-5.4211578369140625,-1.0,-1.906097412109375,0.0,0.0,0.39991779163789193,0.800041104181054,0.19995889581894596
2023-10-13,147.165481032904,147.75703959960848,146.52698519957187,147.27816772460938,5359800,0.0,0.0,0.0016112123406821152,0.013286934539174386,-4.9329071044921875,1.0,0.488250732421875,0.0,0.0,0.06561386541141137,0.5,0.5
2023-10-16,148.1889671311747,148.5927193016273,147.26876177633136,147.91665649414062,6408100,0.0,0.0,0.0019346935536081497,0.012923946505954818,-4.2944183349609375,1.0,1.126739501953125,0.0,0.0,0.34942731996864373,0.5,0.5
2023-10-17,146.46128739272646,149.2500437349306,145.17489648311573,146.5645751953125,12244400,0.0,0.0,0.0036629614240341526,0.014097548878845715,-5.6464996337890625,1.0,-0.225341796875,1.3520887164561373,0.05733921835638789,0.039997833240795054,0.9513314742014085,0.048668525798591475
2023-10-18,145.92603561486172,146.4330755585408,142.77108061081867,143.40957641601562,9097300,0.0,0.0,0.0026629100232060153,0.015268013558478363,-8.801498413085938,-1.0,-3.154998779296875,0.0,0.0,2.0,0.0,1.0
2023-10-19,142.41427036375526,143.76639602796516,140.98702501513208,143.0246124267578,7733800,0.0,0.0,0.002257717187023691,0.015603659360973214,-9.18646240234375,-1.0,-3.5399627685546875,0.0,0.0,2.0,0.0,1.0
2023-10-20,143.4190034453675,144.48003513289288,143.03402037273491,143.6631317138672,7207000,0.0,0.0,0.002113322000146413,0.015148343243627384,-8.547943115234375,1.0,0.638519287109375,0.0,0.0,0.03253498804174498,0.5,0.5
2023-10-23,143.5316764324384,144.13261968080414,141.98237387375676,142.15138244628906,5874000,0.0,0.0,0.0017043188702261238,0.015296371717905826,-10.0596923828125,-1.0,-1.511749267578125,0.0,0.0,2.0,0.0,1.0
2023-10-24,141.55041012978597,142.68657561308746,140.9682505071236,142.00111389160156,6155300,0.0,0.0,0.001784049082536344,0.015083146333786563,-10.2099609375,-1.0,-1.662017822265625,0.0,0.0,2.0,0.0,1.0
2023-10-25,142.01051022715677,142.88374964528933,141.062136801203,142.32037353515625,5880800,0.0,0.0,0.0017083203225705514,0.014888601907823068,-9.890701293945312,1.0,0.3192596435546875,0.0,0.0,0.03689917836329335,0.5,0.5
2023-10-26,142.69598249321015,142.69598249321015,139.79455418634734,139.9072265625,7612500,0.0,0.0,0.002173868531540686,0.01554489104731846,-12.303848266601562,-1.0,-2.41314697265625,1.1736963207762585,0.00909975192786694,2.0,0.0,1.0
2023-10-27,139.42837354387092,139.58799754093903,136.10439472044376,136.71473693847656,11385800,0.0,0.0,0.003177201103358317,0.016758453340641515,-15.496337890625,-1.0,-5.6056365966796875,0.0,0.0,2.0,0.0,1.0
2023-10-30,137.17479566695386,138.2546250518824,137.0902913917099,138.05743408203125,8205300,0.0,0.0,0.0023121717161523705,0.016206788108146235,-14.153640747070312,-1.0,-4.262939453125,0.0,0.0,2.0,0.0,1.0
2023-10-31,138.53630828777375,139.47528290206088,137.69123686596154,139.28749084472656,7576900,0.0,0.0,0.0021541180169313274,0.015831144019805735,-12.923583984375,1.0,1.2300567626953125,0.0,0.0,0.08325915086176029,0.5,0.5
2023-11-01,140.08563725055117,140.62084537714688,139.40018973390104,139.61614990234375,5733000,0.0,0.0,0.0016337418048219658,0.01534789636430562,-12.594924926757812,1.0,1.5587158203125,0.0,0.0,0.13369512078233198,0.5,0.5
2023-11-02,138.6959438802276,141.22177350828744,138.53630559060508,141.07154846191406,5349100,0.0,0.0,0.0015402314005859142,0.015464317242854795,-11.1395263671875,1.0,3.0141143798828125,0.0,0.0,0.4999207107786712,0.5,0.5
2023-11-03,141.98237418112302,142.9776850951694,140.98704893945944,142.10443115234375,4926800,0.0,0.0,0.0014290202266621413,0.015255940015991952,-10.106643676757812,1.0,4.0469970703125,0.0,0.0,0.9012545105265575,0.5,0.5
2023-11-06,142.51757880174983,143.12790662562583,142.13259573617052,142.4424591064453,4851400,0.0,0.0,0.0014104976575432015,0.01464583988418235,-9.76861572265625,1.0,4.3850250244140625,0.0,0.0,1.058097829549199,0.5,0.5
2023-11-07,142.65841166396353,142.95889042914916,141.48469335173735,141.69126892089844,4840400,0.0,0.0,0.0013998779234954274,0.014414972238764177,-10.519805908203125,-1.0,-0.751190185546875,0.0,0.0,0.02934645576228365,0.9853267721188582,0.014673227881141825
2023-11-08,142.11382515447457,142.56452899423343,141.1654515472864,141.1748504638672,5460000,0.0,0.0,0.0015733154295077087,0.014142169676577887,-11.036224365234375,-1.0,-1.267608642578125,0.0,0.0,0.08356534891241336,0.9582173255437934,0.04178267445620668
2023-11-09,141.31568874098636,141.31568874098636,138.27340563274012,138.42364501953125,6973600,0.0,0.0,0.0019703035359587224,0.014962878253405433,-13.787429809570312,-1.0,-4.0188140869140625,0.0,0.0,0.8399466059148719,0.580026697042564,0.41997330295743596
2023-11-10,139.2030128776926,139.43775657563137,136.75228809810707,138.2640380859375,6930700,0.0,0.0,0.0019559248291758863,0.015297479688194051,-13.947036743164062,-1.0,-4.1784210205078125,0.0,0.0,0.9079882804165172,0.5460058597917414,0.4539941402082586
2023-11-13,138.2640193931213,138.8743471942006,137.70062886318937,138.62083435058594,5889300,0.0,0.0,0.0016663184730554184,0.014773034633996802,-13.590240478515625,-1.0,-3.821624755859375,0.0,0.0,0.7595422396949761,0.620228880152512,0.37977111984748807
2023-11-14,138.6302033134947,139.47527468552343,138.00109207829735,138.64898681640625,6713600,0.0,0.0,0.0018999316836431823,0.014474495363883844,-13.562088012695312,1.0,0.0281524658203125,0.03751810989206206,7.6529484043966e-06,5.4267122844671475e-05,0.8764060142370753,0.12359398576292464
2023-11-15,138.3579262114278,140.30159636808708,138.2828065169633,139.7194366455078,6729100,0.0,0.0,0.0019190205741885698,0.014369691783467992,-12.49163818359375,1.0,1.098602294921875,0.0,0.0,0.08263897477617413,0.5,0.5
2023-11-16,140.37671869767817,141.0058300320594,139.5691998765467,140.9401092529297,6875600,0.0,0.0,0.0019779305092698656,0.013955805377851,-11.270965576171875,1.0,2.31927490234375,0.0,0.0,0.3683056435396874,0.5,0.5
2023-11-17,141.36263195632074,141.5879766955261,139.97295352996358,140.6490020751953,7023300,0.0,0.0,0.002016246829726437,0.013805973083517692,-11.56207275390625,1.0,2.028167724609375,0.0,0.0,0.28165122947335575,0.5,0.5
2023-11-20,139.9959431107392,142.35270413140813,139.64573047965894,141.88893127441406,8851700,1.19,0.0,0.002563545480407771,0.014070525737513113,-10.3221435546875,1.0,3.268096923828125,0.0,0.0,0.7312969686417972,0.5,0.5
2023-11-21,142.0687206641545,143.19503611896252,141.6049335175756,143.0341339111328,5916300,0.0,0.0,0.001727251987711748,0.013754946868757988,-9.17694091796875,1.0,4.413299560546875,0.0,0.0,1.333615795756957,0.5,0.5
2023-11-22,143.51687135350858,143.9049228673315,142.34321374545397,142.75021362304688,4633500,0.0,0.0,0.0013500559179387241,0.013579293655611783,-9.460861206054688,1.0,4.1293792724609375,0.0,0.0,1.1675445578361139,0.5,0.5
2023-11-24,142.7880975755649,144.51070929221564,142.7880975755649,144.34034729003906,3351400,0.0,0.0,0.0009873697870719374,0.013341635183685039,-7.8707275390625,1.0,5.719512939453125,0.0,0.0,2.0,0.5,0.5
2023-11-27,144.1415616291816,144.16996973550005,142.89219708760152,143.18560791015625,6449700,0.0,0.0,0.0018849711380014603,0.013210985335125214,-9.025466918945312,1.0,4.5647735595703125,0.0,0.0,1.4267319746953038,0.5,0.5
2023-11-28,143.2991874585139,143.68725346910742,142.76915312324107,143.5168914794922,5909000,0.0,0.0,0.00173094325931228,0.0126959664293684,-8.694183349609375,-1.0,0.3312835693359375,0.018944452323836458,4.747954185613245e-06,0.007514562662464365,0.9993685652278947,0.0006314347721052871
2023-11-29,143.23294248121138,144.05638766109163,142.98685923405304,143.97120666503906,5190000,0.0,0.0,0.0015251368874144324,0.012282536146351618,-8.2398681640625,1.0,0.454315185546875,0.0,0.0,0.014132481436533808,0.5,0.5
2023-11-30,144.11317135774453,146.83907870151018,143.79136686364785,146.384765625,12481900,0.0,0.0,0.003729429512850258,0.012704299168292804,-5.8263092041015625,1.0,2.8678741455078125,0.0,0.0,0.5631500076007626,0.5,0.5
2023-12-01,148.06954551825538,149.98146772421578,147.1514450474026,149.90574645996094,10342900,0.0,0.0,0.0031646554238964177,0.013233557411632518,-2.305328369140625,1.0,6.38885498046875,0.0,0.0,2.0,0.5,0.5
2023-12-04,149.5460479660711,151.4579698383566,149.5460479660711,150.37896728515625,8920300,0.0,0.0,0.0027379933007510827,0.01315777840660721,-1.8321075439453125,1.0,6.8620758056640625,0.0,0.0,2.0,0.5,0.5
2023-12-05,150.30324336245806,151.08883508038542,149.75427513394192,150.06661987304688,7268200,0.0,0.0,0.002226264661307904,0.012878590017703927,-2.1444549560546875,1.0,6.5497283935546875,0.0,0.0,2.0,0.5,0.5
2023-12-06,150.03823066114217,150.17073924144972,147.81396401774526,148.23988342285156,6642900,0.0,0.0,0.0020099654963392655,0.013241654932197,-3.97119140625,-1.0,-1.8267364501953125,1.7320839483258226,0.1902375455349421,0.07778667492988954,0.8659878897675841,0.13401211023241583
2023-12-07,148.20202971263586,148.20202971263586,146.4320905845285,147.0851593017578,6532400,0.0,0.0,0.0019611348081844428,0.013270267060259385,-5.12591552734375,-1.0,-2.9814605712890625,0.0,0.0,0.2072104046778702,0.8963947976610649,0.1036052023389351
2023-12-08,147.10411743053186,147.51111742054815,145.60865495701367,146.15762329101562,6254700,0.0,0.0,0.0018659232620789592,0.01333034125775896,-6.0534515380859375,-1.0,-3.90899658203125,0.0,0.0,0.3561918675729248,0.8219040662135376,0.1780959337864624
2023-12-11,146.23331713247336,147.16087717139692,146.09134881511068,146.7633514404297,6090400,0.0,0.0,0.0018244386335448599,0.01284761733955661,-5.447723388671875,-1.0,-3.3032684326171875,0.0,0.0,0.25435551138914614,0.872822244305427,0.12717775569457307
2023-12-12,146.7065656380785,147.00945064140214,145.4287929991287,146.7728271484375,5324400,0.0,0.0,0.0015950788524598059,0.012698404190497812,-5.4382476806640625,-1.0,-3.293792724609375,0.0,0.0,0.2528983233495713,0.8735508383252144,0.12644916167478565
2023-12-13,145.4382623950637,147.5962674244855,143.64938942482323,147.45428466796875,10764600,0.0,0.0,0.0032398217445665407,0.013648795308310506,-4.7567901611328125,-1.0,-2.612335205078125,0.4353902530885705,0.008377788991135901,0.1590784038222614,0.9162719035933014,0.08372809640669865
2023-12-14,148.09790966140216,148.7509927983377,146.75388998412743,148.47650146484375,9240700,0.0,0.0,0.0028004538463041223,0.013547384877331214,-3.7345733642578125,1.0,1.022216796875,1.7415421569355658,0.2174633092746214,0.15311869512706835,0.41318437837876343,0.5868156216212366
2023-12-15,147.17037702158706,148.30616708563284,145.5329317832139,146.8580322265625,21727800,0.0,0.0,0.006512973070365938,0.014150039656928183,-5.3530426025390625,-1.0,-1.61846923828125,0.0,0.0,2.0,0.0,1.0
2023-12-18,146.90534203719102,148.0695256287266,146.479408177677,147.12303161621094,7231400,0.0,0.0,0.0021715451975934394,0.01388766155979892,-5.088043212890625,-1.0,-1.3534698486328125,0.0,0.0,1.7531179842458366,0.12344100787708168,0.8765589921229183
2023-12-19,146.99051871178327,148.12630860494826,146.64978029959858,148.0884552001953,6651500,0.0,0.0,0.0020105117745542046,0.013523800250250052,-4.12261962890625,1.0,0.965423583984375,0.0,0.0,0.5087900819847587,0.5,0.5
2023-12-20,148.16417809959864,148.2777672108968,144.91771031186946,145.06915283203125,7008300,0.0,0.0,0.002075169528810302,0.014473589842506244,-7.1419219970703125,1.0,-2.0538787841796875,1.5616978658075311,0.04781496348143419,2.0,0.0,1.0
2023-12-21,145.46665251771194,146.82960606993507,145.09752046751407,146.55511474609375,4598600,0.0,0.0,0.0013756008564120225,0.01416150879864368,-5.6559600830078125,1.0,-0.5679168701171875,0.0,0.0,0.3460459188943629,0.8269770405528185,0.17302295944718146
2023-12-22,146.94321291133383,148.1547242359874,146.7255233064355,147.14198303222656,3798900,0.0,0.0,0.001140933387033071,0.013874038536231656,-5.069091796875,1.0,0.018951416015625,0.0,0.0,0.001113560432548007,0.5,0.5
2023-12-26,146.70656568672223,147.98433832609572,146.5645973678371,147.7855682373047,4170000,0.0,0.0,0.001257864624648638,0.013513129359970935,-4.425506591796875,-1.0,0.643585205078125,0.0,0.0,1.2842292706499612,0.5,0.5
2023-12-27,147.1798339714991,148.14526200668251,147.10411270968532,147.98435974121094,5288100,0.0,0.0,0.0015972809048371596,0.013033588172462533,-4.226715087890625,1.0,0.19879150390625,0.0,0.0,0.12252539157330732,0.5,0.5
2023-12-28,147.65307333817532,148.826731171649,147.64361359682383,148.20204162597656,4377500,0.0,0.0,0.0013241773773149674,0.012655065292513491,-4.009033203125,1.0,0.416473388671875,0.0,0.0,0.5377804048740777,0.5,0.5
2023-12-29,148.13575060094806,148.5048826330686,147.63411000453684,148.35345458984375,4313700,0.0,0.0,0.0013062112653401319,0.012158394371033167,-3.8576202392578125,-1.0,0.1514129638671875,0.0,0.0,0.07108149969043835,0.5,0.5
2024-01-02,148.533279749001,152.99127234125118,148.40077118162787,151.41062927246094,9622100,0.0,0.0,0.0029736650820840487,0.013249888437289015,-0.800445556640625,1.0,3.0571746826171875,0.0,0.0,2.0,0.5,0.5
2024-01-03,152.04480244960715,152.80200057227745,151.24975091986215,152.35714721679688,8232000,0.0,0.0,0.0025599649352433993,0.0129547633196236,0.1460723876953125,1.0,4.003692626953125,0.0,0.0,2.0,1.0,0.0
2024-01-04,152.94396552875207,153.31309761958954,151.83656925623967,152.03533935546875,6766600,0.0,0.0,0.002099814232121409,0.012748581371932712,-0.1757354736328125,1.0,3.681884765625,0.0,0.0,2.0,0.5,0.5
2024-01-05,151.91227962684198,152.7073310820891,150.93739200954695,152.50857543945312,5602500,0.0,0.0,0.0017439818159074585,0.012630199708072892,0.2975006103515625,-1.0,0.473236083984375,0.31235891031519714,1.1023819053770578,0.6943623502116808,0.8983721277943693,0.10162787220563074
2024-01-08,152.48019102107878,153.0102253567128,151.06990974477563,152.88717651367188,6569800,0.0,0.0,0.002050166023251886,0.012605511356299445,0.6761016845703125,1.0,0.37860107421875,0.7666595114640415,1.285822497265944,0.4444205621008146,0.8651215296833793,0.1348784703166207
2024-01-09,152.98184204101562,154.54355148861248,152.00695429866187,152.98184204101562,6357000,0.0,0.0,0.0019849881573639028,0.012882234135453252,0.7707672119140625,1.0,0.4732666015625,0.0,0.0,0.6944519077971437,0.34722595389857186,0.6527740461014282
2024-01-10,153.1616712272709,153.9188548991701,152.57483510649038,153.208984375,4945100,0.0,0.0,0.0015464117278834611,0.012570944331861587,0.9979095458984375,1.0,0.700408935546875,0.0,0.0,1.5210161192962652,0.7605080596481326,0.23949194035186738
2024-01-11,153.39828349299103,153.5213178873636,152.17729819318512,152.52749633789062,4946000,0.0,0.0,0.0015398133348977193,0.012354578357505192,0.3164215087890625,-1.0,-0.681488037109375,0.0,0.0,0.9467016132432455,0.5,0.5
2024-01-12,153.18058203947987,153.77687786758565,153.0386137196223,153.70115661621094,4496900,0.0,0.0,0.0014107699107921907,0.011965124802602417,1.490081787109375,1.0,1.1736602783203125,0.0,0.0,2.0,1.0,0.0
2024-01-16,152.9250349180232,153.5686438737323,151.60939445870014,151.93121337890625,6923200,0.0,0.0,0.002146939008190687,0.012223321967842895,-0.2798614501953125,-1.0,-1.7699432373046875,0.567903734484986,2.0,2.0,0.0,1.0
2024-01-17,151.67566157406262,152.66948314991382,151.3159892370769,151.8460235595703,5072100,0.0,0.0,0.0015720163312170636,0.011993280669835467,-0.36505126953125,-1.0,-1.855133056640625,0.0,0.0,2.0,0.0,1.0
2024-01-18,151.43904070956916,152.7357328740921,151.14562987897074,152.5843048095703,5368500,0.0,0.0,0.001671970626858265,0.011827100507571617,0.37322998046875,-1.0,-1.116851806640625,0.0,0.0,0.9055371857078842,0.5,0.5
2024-01-19,152.52750361823792,153.25630804828515,151.7040584527984,153.02914428710938,7071300,0.0,0.0,0.0022087127340584167,0.011674918212100531,0.8180694580078125,1.0,0.4448394775390625,0.5868248983713329,0.5145608102873978,0.15864103764974957,0.33660092396857366,0.6633990760314263
2024-01-22,153.33203263748547,154.8274949357976,152.70734311242734,153.77688598632812,6824200,0.0,0.0,0.002141946559662758,0.011773080630912166,1.5658111572265625,1.0,1.1925811767578125,0.0,0.0,1.1402098764347817,0.5701049382173908,0.42989506178260917
2024-01-23,151.1172479738218,151.9217592747852,148.51438925907763,151.25921630859375,9149800,0.0,0.0,0.0028248752255493775,0.013599198043970933,-0.9518585205078125,-1.0,-2.517669677734375,3.1896691937207606,2.0,2.0,0.0,1.0
2024-01-24,151.20242058081882,152.00694627947317,149.6974985463669,150.45469665527344,7247900,0.0,0.0,0.0022257878368713655,0.013791764412503788,-1.756378173828125,1.0,-0.8045196533203125,0.0,0.0,0.4550901282155121,0.7724549358922439,0.22754506410775605
2024-01-25,150.492548669188,151.07937033804333,149.9909079956789,151.0225830078125,5478900,0.0,0.0,0.0016888889354484352,0.013273287764910895,-1.1884918212890625,1.0,-0.23663330078125,0.0,0.0,0.039370943523477336,0.9803145282382614,0.019685471761738668
2024-01-26,151.846022263905,152.13944752925138,150.8332812154292,150.96578979492188,5591900,0.0,0.0,0.0017230733380545831,0.012947837384413635,-1.2452850341796875,1.0,-0.293426513671875,0.13250124977821542,0.011321459354405152,0.06053726645085551,0.9640706370973696,0.03592936290263033
2024-01-29,150.50200379803843,151.50529955666357,150.454690652531,150.83328247070312,6483200,0.0,0.0,0.0019959627155242852,0.01253108016728769,-1.3777923583984375,-1.0,-0.13250732421875,0.42592921862024014,0.09556686151998657,0.012345363094384847,0.9460438876928143,0.05395611230718571
2024-01-30,150.82384013552024,151.21189173910557,149.6691161817795,150.27487182617188,7200500,0.0,0.0,0.0022085886890051056,0.012412552814977175,-1.9362030029296875,-1.0,-0.69091796875,0.0,0.0,0.335642598327966,0.832178700836017,0.167821299163983
2024-01-31,151.81762915867745,152.02585899041122,150.18019861127283,150.39788818359375,8256800,0.0,0.0,0.0025346577512984332,0.012393075118118874,-1.8131866455078125,1.0,0.123016357421875,0.5205594337476498,0.08242436673685774,0.03170098460774888,0.27777338018462117,0.7222266198153788
2024-02-01,149.69748388705483,150.00982861798025,148.6468750438879,149.88677978515625,8012000,0.0,0.0,0.0024511511483697327,0.012381542451671848,-2.3242950439453125,-1.0,-0.5111083984375,1.0222411378915979,0.19343016224266707,2.0,0.0,1.0
2024-02-02,149.517670757057,149.83947527762743,147.59628893282013,148.23043823242188,8295900,0.0,0.0,0.002509959556420606,0.01272934754082113,-3.9806365966796875,-1.0,-2.167449951171875,0.0,0.0,2.0,0.0,1.0
2024-02-05,148.23041816510326,148.49543531585445,147.02836680411306,147.46376037597656,9121600,0.0,0.0,0.002745504442248034,0.012592181671576996,-4.747314453125,-1.0,-2.9341278076171875,0.0,0.0,2.0,0.0,1.0
2024-02-06,147.49216659288027,150.2369935060079,147.27447700959564,149.60284423828125,9229900,0.0,0.0,0.002818400250970614,0.012940019681812472,-2.6082305908203125,1.0,2.1390838623046875,0.397518228380477,0.02322855146140148,0.5314930231461822,0.9581257471771607,0.04187425282283932
2024-02-07,149.35675288414814,150.84274092224433,149.25263796868774,149.52711486816406,8690300,0.0,0.0,0.002652287176130225,0.012781404569440503,-2.6839599609375,1.0,2.0633544921875,0.0,0.0,0.4945265820478015,0.5,0.5
2024-02-08,148.9213686951297,148.9213686951297,146.99998695050886,148.0316619873047,9755000,0.0,0.0,0.002947458585265474,0.013207740584582493,-4.179412841796875,-1.0,-1.495452880859375,0.27449005908678714,0.004313429416318495,0.5252883533345355,0.735199108624573,0.264800891375427
2024-02-09,147.9086179410961,148.78885040804042,147.34071577752744,148.3723907470703,6529200,0.0,0.0,0.001977328787766616,0.012933318737050541,-3.83868408203125,-1.0,-1.15472412109375,0.0,0.0,0.31319064423500154,0.8434046778824993,0.15659532211750077
2024-02-12,148.20203183151378,149.93411757966905,147.98434225599166,149.40408325195312,6701500,0.0,0.0,0.002043620787636436,0.012858747716396104,-2.8069915771484375,1.0,1.0316925048828125,1.0127488845393486,0.13017312417443816,0.7982594620676274,0.8597925944183752,0.14020740558162484
2024-02-13,149.20532725661104,149.971985156097,147.41645401035925,148.09793090820312,8621000,0.0,0.0,0.00260598828349124,0.013278122004078399,-4.1131439208984375,1.0,-0.2744598388671875,0.0,0.0,0.07077128108172515,0.9646143594591374,0.03538564054086257
2024-02-14,147.98435966463578,148.08847459428162,146.55514431746516,147.40699768066406,9098800,0.0,0.0,0.0027375877095213636,0.013135060534148717,-4.8040771484375,-1.0,-0.6909332275390625,0.0,0.0,0.4485094589162035,0.7757452705418982,0.22425472945810174
2024-02-15,147.63412109618534,150.00035595225734,147.54894010753108,149.47032165527344,7462500,0.0,0.0,0.0022766964793479675,0.013267782552861287,-2.740753173828125,1.0,2.063323974609375,0.028370796160345435,0.00010715271893153833,2.0,0.9999464265108068,5.357348919325431e-05
2024-02-16,149.34634720576673,149.97576517123542,148.4594169216859,149.2986602783203,8541000,1.19,0.0,0.0026027380142785573,0.013059711814479682,-2.91241455078125,1.0,1.89166259765625,0.0,0.0,2.0,0.5,0.5
2024-02-20,149.30821659132025,151.26326452462243,149.19377958808622,150.54800415039062,9501700,0.0,0.0,0.0029197262823795994,0.013008120518035663,-1.6630706787109375,1.0,3.1410064697265625,0.0,0.0,2.0,0.5,0.5
2024-02-21,150.70059900966,151.33956320827716,149.851823933645,151.33001708984375,7472500,0.0,0.0,0.0023081117269477883,0.0127187706120782,-0.8810577392578125,1.0,3.9230194091796875,0.0,0.0,2.0,0.5,0.5
2024-02-22,151.6161092469361,153.29459610108094,150.46216408671992,153.0180206298828,8065000,0.0,0.0,0.002518910717598719,0.013002177765375933,0.80694580078125,1.0,5.61102294921875,0.0,0.0,2.0,1.0,0.0
2024-02-23,153.42811808986485,154.73465567217966,152.74146698990154,154.34364318847656,6726000,0.0,0.0,0.002118904742412585,0.012892180849893672,2.132568359375,1.0,6.9366455078125,0.0,0.0,2.0,1.0,0.0
2024-02-26,154.30551179943703,154.5057765604888,153.13248882867526,153.34228515625,5465400,0.0,0.0,0.0017106048779905536,0.012689178981556038,1.1312103271484375,1.0,5.9352874755859375,0.0,0.0,2.0,1.0,0.0
2024-02-27,152.91312833661507,153.58070177821745,152.2455548950127,153.5234832763672,5078600,0.0,0.0,0.0015914193947652248,0.012390094726009023,1.312408447265625,-1.0,0.1811981201171875,0.4959120948888369,0.1427813115422274,0.068775731432856,0.10577852148754169,0.8942214785124583
2024-02-28,153.54255048552795,154.12429613466526,152.86543097180734,154.06707763671875,6071100,0.0,0.0,0.0019091631976401373,0.012048129604824105,1.8560028076171875,1.0,0.5435943603515625,0.26705785686792183,0.02070396196997987,0.618981582895704,0.319842772432842,0.680157227567158
2024-02-29,154.49623021501105,154.67743182568336,153.48533128390088,153.9049530029297,9849100,0.0,0.0,0.003093961935082122,0.011752597763999903,1.693878173828125,1.0,0.3814697265625,0.0,0.0,0.30482318640600997,0.15241159320300499,0.847588406796995
2024-03-01,154.33411106569832,155.03983984700574,153.62838228439088,154.6106719970703,5670100,0.0,0.0,0.0017893529302155156,0.011515392790695222,2.39959716796875,1.0,1.087188720703125,0.0,0.0,2.0,1.0,0.0
2024-03-04,153.84775223726095,154.12431319194627,150.9390236696589,152.43629455566406,8532900,0.0,0.0,0.002654916472251734,0.01256584990162365,0.2252197265625,-1.0,-2.17437744140625,2.5463076142419823,2.0,2.0,0.5,0.5
2024-03-05,153.1801280853785,153.7714197781535,151.8259037794859,152.56024169921875,8298200,0.0,0.0,0.0025839915469700646,0.01256969821042794,0.3491668701171875,-1.0,-2.0504302978515625,0.0,0.0,2.0,0.5,0.5
2024-03-06,152.07387841981108,153.475775177862,151.84498989196214,151.9594268798828,5773700,0.0,0.0,0.001790802466783415,0.012484561736146385,-0.25164794921875,-1.0,-2.6512451171875,0.0,0.0,2.0,0.0,1.0
2024-03-07,152.58886345597224,152.9321889808285,150.91039119667943,151.51119995117188,5188700,0.0,0.0,0.0016046086235944675,0.01258026129623044,-0.6998748779296875,-1.0,-3.0994720458984375,0.0,0.0,2.0,0.0,1.0
2024-03-08,151.5112177127487,152.9608161600783,151.09159596073147,152.13111877441406,5284000,0.0,0.0,0.0016407661615151367,0.01251170546406204,-0.0799560546875,1.0,0.6199188232421875,0.0,0.0,0.04000315080025281,0.5,0.5
2024-03-11,152.10250711046385,153.84774415939032,151.52076142748834,153.76190185546875,4620800,0.0,0.0,0.001450212807756287,0.012575769585283163,1.5508270263671875,1.0,2.250701904296875,0.0,0.0,0.5273033241555141,0.26365166207775703,0.736348337922243
2024-03-12,154.09567734143354,155.55480715672982,153.66652408140658,155.2019500732422,8018700,0.0,0.0,0.002540194446336686,0.012438194372857023,2.990875244140625,1.0,3.6907501220703125,0.0,0.0,1.4179268876477549,0.7089634438238774,0.29103655617612256
2024-03-13,155.00169562827327,155.14474188720138,152.40768341830295,153.637939453125,6260000,0.0,0.0,0.001963082853900838,0.012966422896100543,1.4268646240234375,-1.0,-1.5640106201171875,0.0,0.0,0.17957675103008086,0.5,0.5
2024-03-14,153.48532751226105,154.0575270270507,151.33954658978146,151.83546447753906,6988300,0.0,0.0,0.002165761282578908,0.013461813032560442,-0.3756103515625,-1.0,-3.366485595703125,0.0,0.0,0.8320017419634624,0.5839991290182688,0.4160008709817312
2024-03-15,150.73874292416707,151.81640658457667,149.82321776035846,150.85317993164062,13165500,0.0,0.0,0.004053756420239653,0.013534444067093832,-1.3578948974609375,-1.0,-4.3487701416015625,0.0,0.0,1.3883648851644568,0.3058175574177716,0.6941824425822284
2024-03-18,151.22510560496607,151.33954259450127,149.25098022343673,149.49893188476562,6602300,0.0,0.0,0.002014647952269185,0.013679430467100845,-2.7121429443359375,-1.0,-5.7030181884765625,0.0,0.0,2.0,0.0,1.0
2024-03-19,149.41309581417966,149.59429740551525,148.4498839179304,148.9744110107422,7840600,0.0,0.0,0.002384112792286549,0.013295762131491515,-3.236663818359375,-1.0,-6.2275390625,0.0,0.0,2.0,0.0,1.0
2024-03-20,148.48803907125426,149.19376782357023,148.02074497689026,148.54525756835938,5982300,0.0,0.0,0.0018138142187538251,0.012945785782540704,-3.6658172607421875,-1.0,-6.6566925048828125,0.0,0.0,2.0,0.0,1.0
2024-03-21,148.38312847022846,149.68013438343087,147.91583439215336,148.5357208251953,5915800,0.0,0.0,0.001793536477433753,0.012870283673175248,-3.67535400390625,-1.0,-6.666229248046875,0.08583697791561917,0.0005454443983075125,2.0,0.0,1.0
2024-03-22,148.47850958462627,149.11747373126033,147.92537318485157,148.03981018066406,7248600,0.0,0.0,0.00219027414705297,0.012566195021983272,-4.1712646484375,-1.0,-7.162139892578125,0.0,0.0,2.0,0.0,1.0
2024-03-25,148.2019289252149,148.75506530564306,147.72508872332938,148.0302734375,7498100,0.0,0.0,0.0022655183921152164,0.01216635269043616,-4.1808013916015625,-1.0,-7.1716766357421875,0.0,0.0,2.0,0.0,1.0
2024-03-26,148.40220196086668,148.99347912965226,147.5915678310092,148.55479431152344,6864100,0.0,0.0,0.002081306770550326,0.011931509906677504,-3.656280517578125,-1.0,-6.64715576171875,0.0,0.0,2.0,0.0,1.0
2024-03-27,148.76461991519315,150.8913232624431,148.2400927527748,150.64337158203125,8461600,0.0,0.0,0.0026017666422436035,0.012182750956779743,-1.5677032470703125,1.0,2.0885772705078125,2.1362579568000513,1.8568621807694938,0.09872550944061678,0.05048380593457791,0.9495161940654221
2024-03-28,150.87224824083177,151.76871021569028,150.78642049056043,150.8627166748047,6181500,0.0,0.0,0.0019034506448498629,0.01182891780917646,-1.348358154296875,1.0,2.30792236328125,0.0,0.0,0.12055096175012657,0.5,0.5
2024-04-01,150.41447644962227,150.82455204373986,149.50848296437854,150.47169494628906,4364700,0.0,0.0,0.0013405253598085993,0.011655390217784275,-1.7393798828125,-1.0,-0.391021728515625,0.0,0.0,0.028705121640831607,0.9856474391795842,0.014352560820415803
2024-04-02,149.3177529832443,150.51938509495764,148.72646121702877,150.42401123046875,6102300,0.0,0.0,0.0018735985546485627,0.011677659824033456,-1.7870635986328125,-1.0,-0.4387054443359375,0.0,0.0,0.03613296973305232,0.9819335151334738,0.01806648486652616
2024-04-03,150.4812214271863,150.7291876403751,147.10519926984128,147.11473083496094,8098200,0.0,0.0,0.0024317027307653306,0.012847015893682465,-5.096343994140625,-1.0,-3.74798583984375,0.0,0.0,2.0,0.0,1.0
2024-04-04,148.11611922969584,148.2973208568135,145.35045154255923,145.436279296875,6947400,0.0,0.0,0.002062342931285249,0.013514351515953277,-6.7747955322265625,-1.0,-5.4264373779296875,0.0,0.0,2.0,0.0,1.0
2024-04-05,144.98804954981014,145.92265239295892,144.58750547417495,145.3313751220703,6783000,0.0,0.0,0.002012088239423143,0.013214307114578263,-6.87969970703125,-1.0,-5.531341552734375,0.0,0.0,2.0,0.0,1.0
2024-04-08,144.9498860341487,145.95123879043183,144.53979590415955,144.5684051513672,5935400,0.0,0.0,0.0017514155652804566,0.013032553874442285,-7.642669677734375,-1.0,-6.2943115234375,0.0,0.0,2.0,0.0,1.0
2024-04-09,144.53027819684354,145.46488098325565,143.94853252782997,145.23599243164062,6135300,0.0,0.0,0.0018187620464276348,0.012791787004605098,-6.9750823974609375,-1.0,-5.6267242431640625,0.0,0.0,2.0,0.0,1.0
2024-04-10,144.51120996516536,144.7877854687918,142.82319134761497,143.24281311035156,6809500,0.0,0.0,0.001990920362083233,0.01324652024411795,-8.96826171875,-1.0,-7.619903564453125,0.0,0.0,2.0,0.0,1.0
2024-04-11,143.81500874410185,143.88175880576023,141.51663546342877,141.89810180664062,8374400,0.0,0.0,0.0024254711293783303,0.01360745981303142,-10.312973022460938,-1.0,-8.964614868164062,0.0,0.0,2.0,0.0,1.0
2024-04-12,141.20193174796063,142.16515836110517,140.33407900511082,140.68695068359375,7100200,0.0,0.0,0.002038873219821911,0.013673937854608322,-11.524124145507812,-1.0,-10.175765991210938,0.0,0.0,2.0,0.0,1.0
2024-04-15,141.49756220588586,142.56569419389874,140.5438817660225,140.75369262695312,8502300,0.0,0.0,0.0024426545112203896,0.013717220684900378,-11.457382202148438,1.0,0.066741943359375,0.0,0.0,4.301931333343067e-05,0.5,0.5
2024-04-16,138.2931987457803,139.47576775900723,136.74824105186187,137.75914001464844,12774900,0.0,0.0,0.0035920614276059404,0.015091140026673451,-14.451934814453125,-1.0,-2.9945526123046875,3.585837953248955,0.061564354620102756,2.0,0.0,1.0
2024-04-17,138.2836582136751,138.67467067076123,136.89127842464006,138.06431579589844,9378100,0.0,0.0,0.0026427867886614923,0.014904877698763412,-14.146759033203125,-1.0,-2.6893768310546875,0.0,0.0,2.0,0.0,1.0
2024-04-18,138.26457350125892,139.04659837567044,136.50027357944035,138.9893798828125,9887700,0.0,0.0,0.0028050636551206942,0.015056719472508123,-13.221694946289062,-1.0,-1.764312744140625,0.0,0.0,2.0,0.0,1.0
2024-04-19,139.3803967044118,141.26869453731473,137.84497054542007,141.0588836669922,9750800,0.0,0.0,0.0028074143399360713,0.015509803185352668,-11.152191162109375,1.0,2.0695037841796875,2.594023866553499,0.054103769571805044,1.3758823749993203,0.9621648295144625,0.03783517048553753
2024-04-22,141.63105351785012,143.30954012836372,140.47710852512827,142.21279907226562,10118700,0.0,0.0,0.002937170970615996,0.015707734972379327,-9.998275756835938,1.0,3.223419189453125,0.0,0.0,2.0,0.5,0.5
2024-04-23,142.91853804610133,143.5193613241392,141.33542517025995,142.63243103027344,10110400,0.0,0.0,0.0029434214139492693,0.01563653029375506,-9.578643798828125,1.0,3.6430511474609375,0.0,0.0,2.0,0.5,0.5
2024-04-24,141.27821171613598,142.08884586455815,140.05750198694088,141.650146484375,9756300,0.0,0.0,0.0028207720831220267,0.015918757838858787,-10.560928344726562,-1.0,-0.9822845458984375,0.419606538187395,0.0015786298164673857,0.07270161953725339,0.9628598753231397,0.03714012467686039
2024-04-25,142.45125230708877,142.65153161592724,139.55206997615937,140.01937866210938,7642700,0.0,0.0,0.002184242138814219,0.01653500133128689,-12.191696166992188,-1.0,-2.6130523681640625,0.0,0.0,0.5144766748783994,0.7427616625608002,0.2572383374391997
2024-04-26,139.90489297451822,140.3626554304593,139.1896327706076,139.37083435058594,6183000,0.0,0.0,0.0017588830721553116,0.016026560039907295,-12.840240478515625,-1.0,-3.2615966796875,0.0,0.0,0.8015488130459621,0.599225593477019,0.4007744065229811
2024-04-29,139.37086835197448,140.4008450431231,139.22782209709675,140.01937866210938,6149600,0.0,0.0,0.0017575222705132898,0.015411274197287167,-12.191696166992188,1.0,0.6485443115234375,0.0,0.0,0.039538373183577016,0.5,0.5
2024-04-30,140.0766063250953,140.0766063250953,137.8354511720412,137.89266967773438,8817700,0.0,0.0,0.0024817745207133543,0.015692099365239527,-14.318405151367188,-1.0,-2.126708984375,1.354181598566413,0.008944674110111163,2.0,0.0,1.0
2024-05-01,141.8504456967416,144.81639269420748,140.78231361962833,144.1774139404297,14470900,0.0,0.0,0.0042585190716244664,0.01736623017068369,-8.033660888671875,1.0,6.2847442626953125,4.415547651084381,0.30209404229507586,2.0,0.8687742391297348,0.13122576087026522
2024-05-02,144.9975669081585,145.274142383383,142.23189946796467,142.97576904296875,8459800,0.0,0.0,0.002468813933760616,0.017781174280890405,-9.235305786132812,1.0,5.083099365234375,0.0,0.0,2.0,0.5,0.5
2024-05-03,142.94715794259608,142.94715794259608,140.97304703511858,142.3558807373047,6532700,0.0,0.0,0.0018981649506170093,0.017587874889511898,-9.855194091796875,-1.0,-0.6198883056640625,0.0,0.0,0.014872010652508752,0.9925639946737457,0.007436005326254376
2024-05-06,142.92808685788688,143.0997569089018,141.0588812926697,141.69784545898438,5042800,0.0,0.0,0.0014584811269975938,0.01743622745120215,-10.513229370117188,1.0,-0.6580352783203125,0.0,0.0,0.01675873200392761,0.9916206339980362,0.008379366001963805
2024-05-07,142.46077713591038,142.79455653141457,141.5738468321834,141.8313446044922,7333500,0.0,0.0,0.0021229967982322262,0.01679031226851403,-10.379730224609375,1.0,-0.5245361328125,0.0,0.0,0.010648627156399092,0.9946756864218005,0.005324313578199546
2024-05-08,142.21279833942822,142.79454389084594,141.81225436907596,142.05067443847656,7735100,0.0,0.0,0.0022427199970071273,0.016060864495753318,-10.160400390625,1.0,-0.305206298828125,0.0,0.0,0.003605203514376328,0.9981973982428118,0.001802601757188164
2024-05-09,142.07930000860202,143.14743193761714,141.99347226623703,142.9090118408203,6546200,0.0,0.0,0.0019094782186043686,0.015400856167353733,-9.30206298828125,1.0,0.553131103515625,0.3528754062025712,0.0014390776562804022,2.0,0.9992809785357216,0.0007190214642783865
2024-05-10,143.05207531129824,143.1379030640027,142.27959643293875,142.96624755859375,5710600,0.0,0.0,0.0016664070031573556,0.01472389557837738,-9.244827270507812,1.0,0.6103668212890625,0.0,0.0,2.0,0.5,0.5
2024-05-13,143.09019525893424,144.95941517326222,142.77549354491677,144.21554565429688,5628500,0.0,0.0,0.0016568018492880887,0.014635425842215184,-7.9955291748046875,1.0,1.8596649169921875,0.0,0.0,2.0,0.5,0.5
2024-05-14,144.8163797720011,145.15970531043595,143.7196385413302,144.36814880371094,8254200,0.0,0.0,0.002432272323391902,0.014288170316523359,-7.842926025390625,1.0,2.01226806640625,0.0,0.0,2.0,0.5,0.5
2024-05-15,144.78776904220106,145.86541802659212,144.29185114686564,145.598388671875,5548000,0.0,0.0,0.001648765319456653,0.013927451992989549,-6.6126861572265625,1.0,3.2425079345703125,0.0,0.0,2.0,0.5,0.5
2024-05-16,145.91310976062056,147.22919344647687,145.27414560137396,147.13381958007812,7591000,0.0,0.0,0.00227969802771838,0.013746784737581655,-5.0772552490234375,1.0,4.7779388427734375,0.0,0.0,2.0,0.5,0.5
2024-05-17,147.68695319448193,147.68695319448193,146.59022651170628,147.47714233398438,6521800,0.0,0.0,0.0019631704702603335,0.013266340096263282,-4.7339324951171875,1.0,5.1212615966796875,0.0,0.0,2.0,0.5,0.5
2024-05-20,147.1887421744625,147.46753868212605,145.41977429918632,145.4293975830078,7742300,1.24,0.0,0.00229820107401846,0.013502690032738634,-6.78167724609375,-1.0,-2.0477447509765625,0.0,0.0,0.15988131881307047,0.9200593405934647,0.07994065940653523
2024-05-21,145.91968705237278,146.6984101464153,144.96790623207715,145.40054321289062,5492400,0.0,0.0,0.0016300240426013947,0.013390816998026555,-6.8105316162109375,-1.0,-2.07659912109375,0.0,0.0,0.16441877605327482,0.9177906119733625,0.08220938802663741
2024-05-22,145.0159733837428,148.13088031669818,144.5160614585425,147.57327270507812,6609800,0.0,0.0,0.0019909568612671313,0.014000907181532421,-4.6378021240234375,-1.0,0.09613037109375,0.6633416345721344,0.020457383325187414,0.0021429690853977438,0.09482016237915192,0.9051798376208481
2024-05-23,146.85223893429435,146.93876046434426,143.6123611722215,143.9199981689453,8000400,0.0,0.0,0.002350166701794532,0.015296686622542091,-8.29107666015625,-1.0,-3.5571441650390625,1.3555450598556433,0.026730436813387683,2.0,0.0,1.0
2024-05-24,143.75656482751737,144.02575270283478,141.09351191494244,141.29541015625,9520600,0.0,0.0,0.002745732322253605,0.01595023463465386,-10.915664672851562,-1.0,-6.181732177734375,0.0,0.0,2.0,0.0,1.0
2024-05-28,141.12234194140044,141.12234194140044,138.58427454150058,138.80540466308594,10499800,0.0,0.0,0.0029747688556433687,0.016471759755391426,-13.405670166015625,-1.0,-8.671737670898438,0.0,0.0,2.0,0.0,1.0
2024-05-29,138.2670261709018,139.80524036040808,138.1612727534652,138.8630828857422,8263800,0.0,0.0,0.0023422455544571293,0.016134478639877686,-13.347991943359375,-1.0,-8.614059448242188,0.0,0.0,2.0,0.0,1.0
2024-05-30,139.03614894600983,139.98792986049116,138.4593240305751,139.67066955566406,8490300,0.0,0.0,0.002420438620193499,0.015677128566780534,-12.5404052734375,1.0,0.807586669921875,0.0,0.0,0.008789467293104584,0.5,0.5
2024-05-31,139.9494537904153,141.78569628778197,139.58412114556043,141.00697326660156,14621200,0.0,0.0,0.00420813274359092,0.015534606956464834,-11.2041015625,1.0,2.143890380859375,0.0,0.0,0.06194259878807658,0.5,0.5
2024-06-03,141.56460417056337,143.15089098101944,141.10314131709902,142.0356903076172,7329200,0.0,0.0,0.0021248089253762285,0.015398675225183348,-10.175384521484375,1.0,3.172607421875,0.0,0.0,0.1356491080594716,0.5,0.5
2024-06-04,141.7857016285155,142.58365657412352,140.54551578318691,142.09335327148438,8876400,0.0,0.0,0.0025744025135686767,0.015317515432131055,-10.117721557617188,-1.0,0.0576629638671875,0.0,0.0,4.481033527091352e-05,0.5,0.5
2024-06-05,142.25679373369627,142.27602562960618,140.21865285639532,140.33401489257812,5891300,0.0,0.0,0.0016874849637031493,0.015448904685650118,-11.877059936523438,-1.0,-1.7016754150390625,0.8844884607036931,0.005545828643311704,2.0,0.0,1.0
2024-06-06,139.88215560567713,141.32423968408617,139.07459204248113,140.76663208007812,5016300,0.0,0.0,0.0014412822704506815,0.015442852296377171,-11.444442749023438,-1.0,-1.2690582275390625,0.0,0.0,2.0,0.0,1.0
2024-06-07,141.0166042230824,142.5740651818604,140.6897353151762,141.4011688232422,5111600,0.0,0.0,0.0014752841738640186,0.01522730788612319,-10.809906005859375,1.0,0.6345367431640625,0.29803955225420964,0.0007601581728222036,0.2500060118915213,0.9969686574045169,0.003031342595483101
2024-06-10,140.87239447282573,141.86262442950638,139.97830932868524,141.44923400878906,5749900,0.0,0.0,0.0016600711967085702,0.015086373587797134,-10.7618408203125,-1.0,0.048065185546875,0.0,0.0,0.0014344920582479658,0.5,0.5
2024-06-11,141.1415782642554,141.47807042877983,139.82447945443496,141.093505859375,5661200,0.0,0.0,0.0016303518685672426,0.014881224961338044,-11.117568969726562,-1.0,-0.3076629638671875,0.8652558607412288,0.0060571654234843455,2.0,0.0,1.0
2024-06-12,141.3819102807886,141.52612747978398,139.1899438167172,139.79562377929688,6180500,0.0,0.0,0.0017635306406335583,0.015140244164301143,-12.415451049804688,-1.0,-1.6055450439453125,0.0,0.0,2.0,0.0,1.0
2024-06-13,139.46878839341375,140.36287362921362,138.3247324872387,139.8341064453125,6840400,0.0,0.0,0.001952362388713067,0.015096030726178596,-12.376968383789062,-1.0,-1.5670623779296875,0.0,0.0,2.0,0.0,1.0
2024-06-14,139.53607384054587,140.33402889961206,138.90155323893083,139.92062377929688,4075300,0.0,0.0,0.0011638771443570077,0.014740344743749016,-12.290451049804688,-1.0,-1.4805450439453125,0.0,0.0,2.0,0.0,1.0
2024-06-17,139.4207036615701,140.7762516518752,139.15151578621595,140.31478881835938,6666600,0.0,0.0,0.0019092977802833012,0.014476100035809831,-11.896286010742188,1.0,0.3941650390625,0.41337802266158974,0.0012074578329022447,0.07087824459425114,0.9832496904067426,0.01675030959325739
2024-06-18,140.32441023877902,140.73780065985704,139.6514258896883,140.0263671875,6156600,0.0,0.0,0.0017596106522563331,0.014023948935504604,-12.184707641601562,1.0,0.105743408203125,0.0,0.0,0.005101094372732346,0.5,0.5
2024-06-20,139.66104503611862,142.3625469569563,139.41107439855548,142.07412719726562,8749700,0.0,0.0,0.0025373126349615277,0.014318414126501174,-10.136947631835938,1.0,2.15350341796875,0.0,0.0,2.0,0.5,0.5
2024-06-21,142.17988782043278,143.32394363437191,141.67996118962765,143.00668334960938,15172300,0.0,0.0,0.004428672633969884,0.01403009998011521,-9.204391479492188,1.0,3.0860595703125,0.0,0.0,2.0,0.5,0.5
2024-06-24,143.24700370254857,143.93920516246737,142.44904883431894,143.36236572265625,6914700,0.0,0.0,0.002023365423879208,0.013738080042840968,-8.848709106445312,1.0,3.441741943359375,0.0,0.0,2.0,0.5,0.5
2024-06-25,143.42008326937147,143.4393151675009,141.26658010735665,141.50692749023438,5912500,0.0,0.0,0.0017077121871207706,0.014020788882598167,-10.704147338867188,-1.0,-1.855438232421875,0.4133810822710018,0.0014914099601823685,0.290627290871828,0.8539406495839948,0.14605935041600518
2024-06-26,140.5551431293213,141.5069240232686,140.15136129633632,141.15121459960938,5267800,0.0,0.0,0.001517678284932192,0.013738088361407618,-11.059860229492188,-1.0,-2.211151123046875,0.0,0.0,0.41274350012152716,0.7936282499392364,0.20637175006076358
2024-06-27,141.13196740669514,141.67034312566167,139.24763772067408,140.1705780029297,5739200,0.0,0.0,0.0016420033779945588,0.014080613145492336,-12.040496826171875,-1.0,-3.1917877197265625,0.0,0.0,0.8600256220107719,0.569987188994614,0.43001281100538596
2024-06-28,140.40130115339383,141.3915457288656,140.026359875162,140.5166778564453,10495700,0.0,0.0,0.0030102676047287042,0.013736613306613023,-11.69439697265625,-1.0,-2.8456878662109375,0.0,0.0,0.683624966709238,0.658187516645381,0.341812483354619
2024-07-01,140.43014879061406,142.95859279486206,139.99751184926907,140.78585815429688,5144400,0.0,0.0,0.0014782898147609573,0.014233361109231292,-11.425216674804688,-1.0,-2.576507568359375,1.2882496692003826,0.012713677452595789,0.560410464331114,0.7134379291081452,0.28656207089185487
2024-07-02,140.77625830853034,141.46845992635454,140.11291187195187,140.39170837402344,5492000,0.0,0.0,0.0015737574901811319,0.013943474820856562,-11.819366455078125,-1.0,-2.9706573486328125,0.07691419748894646,4.2347193179462484e-05,0.7449866885033388,0.6274854821517408,0.3725145178482591
2024-07-03,140.55512263242505,140.98774491398902,139.15150237049406,140.0648193359375,3246200,0.0,0.0,0.0009280474068158799,0.01391415465092017,-12.146255493164062,-1.0,-3.29754638671875,0.0,0.0,0.917963087645106,0.5410184561774469,0.458981543822553
2024-07-05,140.14174725232004,140.89162986589966,138.92077851702442,140.82432556152344,4888500,0.0,0.0,0.0014051384639188697,0.013850254049356692,-11.386749267578125,-1.0,-2.5380401611328125,0.0,0.0,0.543801462156131,0.7280992689219346,0.2719007310780655
2024-07-08,140.7474068139104,141.53575318866373,139.64181483624648,139.86293029785156,5260200,0.0,0.0,0.0015016568538772004,0.01391659636434223,-12.34814453125,1.0,-0.961395263671875,0.5480082746747144,0.001969567295016829,0.07802743805175275,0.9600014973266152,0.039998502673384784
2024-07-09,140.0455923845022,141.44922736561716,139.57450629660212,141.372314453125,5890400,0.0,0.0,0.001699710581924814,0.013731789651071543,-10.838760375976562,-1.0,1.5093841552734375,0.5575974997175024,0.002646564028963945,2.0,0.9986784667467037,0.0013215332532963457
2024-07-10,141.57420234426093,143.69887944165606,141.0165947138602,143.66041564941406,6093200,0.0,0.0,0.0017866865774239737,0.013881504668397018,-8.5506591796875,1.0,2.2881011962890625,0.0,0.0,2.0,0.5,0.5
2024-07-11,143.80463612887874,144.76602558180377,142.90092769598704,143.9199981689453,6350400,0.0,0.0,0.001865469054431778,0.013792381549222174,-8.29107666015625,1.0,2.5476837158203125,0.0,0.0,2.0,0.5,0.5
2024-07-12,144.20841012952255,145.0544374965666,143.477759465936,144.09304809570312,5336400,0.0,0.0,0.0015694852067133617,0.013573407822000451,-8.118026733398438,1.0,2.720733642578125,0.0,0.0,2.0,0.5,0.5
2024-07-15,144.28533156806873,144.44876601551664,143.12204386964208,143.47776794433594,6711400,0.0,0.0,0.001965457051071895,0.013318419943932116,-8.733306884765625,-1.0,-0.6152801513671875,0.0,0.0,0.05114153472051952,0.9744292326397402,0.02557076736025976
2024-07-16,143.9103864197991,145.24671714346178,143.4008511944223,145.17941284179688,6469600,0.0,0.0,0.0019171155438759797,0.01313031952571003,-7.0316619873046875,1.0,1.7016448974609375,0.19227964689517307,0.0007477400795489448,2.0,0.9996262696867926,0.00037373031320740865
2024-07-17,145.69858977108362,151.4092460661819,145.57360443484006,150.5343780517578,13801400,0.0,0.0,0.004240574117780463,0.014714773678239366,-1.67669677734375,1.0,7.056610107421875,0.0,0.0,2.0,0.5,0.5
2024-07-18,149.59220140263218,151.0054450404457,148.65002919766417,149.4191436767578,10166200,0.0,0.0,0.0031004927145125813,0.014891688491647194,-2.79193115234375,1.0,5.941375732421875,0.0,0.0,2.0,0.5,0.5
2024-07-19,150.46706747777472,150.46706747777472,148.16934712728064,148.71734619140625,7398000,0.0,0.0,0.0022456484863832274,0.014996840170934358,-3.4937286376953125,-1.0,-0.7017974853515625,0.0,0.0,0.01395242123353641,0.9930237893832318,0.006976210616768205
2024-07-22,148.7942336677804,149.1211025257616,147.65978660763045,148.28469848632812,6840600,0.0,0.0,0.002070410002846863,0.014670182116962147,-3.9263763427734375,-1.0,-1.1344451904296875,0.0,0.0,0.03645801341729739,0.9817709932913513,0.018229006708648694
2024-07-23,147.39059214467088,147.57325845993904,145.7177841409237,146.46766662597656,6261900,0.0,0.0,0.0018720339192256645,0.015043125202685506,-5.743408203125,-1.0,-2.95147705078125,0.0,0.0,0.24677705970219815,0.876611470148901,0.12338852985109908
2024-07-24,146.86186112621888,150.37094175561893,146.4484706646668,150.24595642089844,7168200,0.0,0.0,0.002198258339582266,0.015482128048243901,-1.965118408203125,1.0,3.778289794921875,1.2498392298573435,0.40451148475683063,1.6387462432428928,0.802026205889928,0.19797379411007196
2024-07-25,150.4382323152227,154.37993532861282,149.9767694398302,153.47622680664062,10019600,0.0,0.0,0.0031387542977184485,0.01612293381480498,1.2651519775390625,1.0,7.0085601806640625,0.0,0.0,2.0,1.0,0.0
2024-07-26,153.58195557948395,155.34129992957733,153.31276772293134,154.43759155273438,8356900,0.0,0.0,0.002634292820664122,0.015816311982247325,2.2265167236328125,1.0,7.9699249267578125,0.0,0.0,2.0,1.0,0.0
2024-07-29,153.79347466046238,153.8223151709858,151.94760863876726,152.4379119873047,5625000,0.0,0.0,0.001750174455722851,0.01604597718073063,0.226837158203125,-1.0,-1.9996795654296875,0.0,0.0,0.06295240931950451,0.5,0.5
2024-07-30,152.41868252852822,155.3124742675411,152.2456394626196,155.10096740722656,6545700,0.0,0.0,0.002072222697717418,0.01605637638671019,2.889892578125,1.0,2.663055419921875,0.0,0.0,1.7735342985688374,0.8867671492844187,0.11323285071558131
2024-07-31,153.6781041510797,154.15879885950395,151.64957189474396,151.7553253173828,8293200,0.0,0.0,0.0025688095183452058,0.016862702735372805,-0.45574951171875,-1.0,-3.34564208984375,0.2980367440233067,0.4276487395419953,1.578332681744582,0.0,1.0
2024-08-01,152.36099647652284,154.60103566343662,151.62073715950018,154.55296325683594,7213400,0.0,0.0,0.002275533190700691,0.016752168850400255,2.341888427734375,-1.0,-0.548004150390625,0.0,0.0,0.04234550206611416,0.5,0.5
2024-08-02,155.64892707202597,158.48503733875876,154.7836825405856,157.8024444580078,11280400,0.0,0.0,0.0036333233425719282,0.017015099204550358,5.59136962890625,1.0,3.249481201171875,4.326238479254812,0.5986658777441322,2.0,1.0,0.0
2024-08-05,157.46597058478483,159.37914085949578,154.37991868441188,155.0240478515625,12032200,0.0,0.0,0.0038072372198417466,0.018386335143927922,2.8129730224609375,1.0,0.4710845947265625,0.0,0.0,0.7389756177170025,0.36948780885850124,0.6305121911414988
2024-08-06,154.83178423556208,155.24517468534702,152.80325177329402,152.83209228515625,7607100,0.0,0.0,0.0023730096633747615,0.01845916354098003,0.6210174560546875,-1.0,-2.19195556640625,1.9804307672915797,2.0,2.0,0.5,0.5
2024-08-07,152.73592999924844,154.41836145713023,152.08219224561208,152.7647705078125,5993000,0.0,0.0,0.0018686730075712992,0.01824053351402544,0.5536956787109375,-1.0,-2.25927734375,0.0,0.0,2.0,0.5,0.5
2024-08-08,152.44752680728178,154.49527628895788,151.92836830740345,154.0338134765625,5094800,0.0,0.0,0.0016018027333015543,0.017988420397887395,1.8227386474609375,-1.0,-0.990234375,0.0,0.0,2.0,0.5,0.5
2024-08-09,153.93765555245594,154.7163785662924,153.18777304508475,154.41835021972656,4579200,0.0,0.0,0.0014432924606755534,0.01736901751811505,2.207275390625,1.0,0.3845367431640625,0.29801710916217417,0.018229273158825658,0.15079942679376365,0.08451434997629466,0.9154856500237053
2024-08-12,154.75485060708326,155.4566607512245,152.58211587622682,153.70693969726562,7605400,0.0,0.0,0.002386059992676339,0.017538840164850317,1.4958648681640625,1.0,-0.326873779296875,0.0,0.0,0.7225775783690359,0.5,0.5
2024-08-13,154.08189196623675,154.1780221098947,150.3997685954791,152.27447509765625,9711400,0.0,0.0,0.0030183859897406013,0.01821156561814689,0.0634002685546875,-1.0,-1.432464599609375,0.0,0.0,2.0,0.5,0.5
2024-08-14,151.73611036754454,153.38970152276917,151.3227052439184,152.3610076904297,5141200,0.0,0.0,0.0015988368816873164,0.017870166480815342,0.149932861328125,-1.0,-1.3459320068359375,0.0,0.0,2.0,0.5,0.5
2024-08-15,152.25524713184984,153.34162193766772,151.74571188142747,152.94744873046875,7237800,0.0,0.0,0.0022595119261583914,0.017275413318780724,0.7363739013671875,-1.0,-0.759490966796875,0.0,0.0,2.0,0.5,0.5
2024-08-16,152.99550775375727,153.76462220378662,152.07256747979443,153.23585510253906,5012800,0.0,0.0,0.0015678575310537116,0.016799989144283194,1.0247802734375,1.0,0.2884063720703125,0.3749206810174428,0.1338496625924305,0.1441997399911521,0.13902470129179129,0.8609752987082087
2024-08-19,153.30317931149054,154.1011197037952,152.98591900953863,153.46661376953125,4408400,0.0,0.0,0.0013808952221614067,0.016095585396126287,1.2555389404296875,1.0,0.5191650390625,0.0,0.0,0.46726758288566106,0.23363379144283053,0.7663662085571694
2024-08-20,153.82229418022405,154.7163792237208,153.50503393812087,153.9761199951172,7275100,0.0,0.0,0.00228643132645927,0.015476203291046112,1.765045166015625,1.0,1.0286712646484375,0.0,0.0,1.834458919906437,0.9172294599532185,0.08277054004678153
2024-08-21,154.2068677807068,155.24517018657755,154.12034624762742,155.1970977783203,5019400,0.0,0.0,0.0015900150117899015,0.014841774569349006,2.98602294921875,1.0,2.2496490478515625,0.0,0.0,2.0,1.0,0.0
2024-08-22,155.74509655753835,156.21618268622083,154.58180882614013,156.0815887451172,6552100,0.0,0.0,0.002087363172487238,0.014451497780986306,3.870513916015625,1.0,3.1341400146484375,0.0,0.0,2.0,1.0,0.0
2024-08-23,156.225777265753,157.87936820484464,155.4566628129786,157.7928466796875,7093400,0.0,0.0,0.0022845863860808963,0.014370410135867092,5.5817718505859375,1.0,4.84539794921875,0.0,0.0,2.0,1.0,0.0
2024-08-26,157.83130453139796,159.31185250207156,157.22562448251887,158.2543182373047,6870600,0.0,0.0,0.002219300224448375,0.014246666547301154,6.043243408203125,1.0,5.3068695068359375,0.0,0.0,2.0,1.0,0.0
2024-08-27,158.3802537126053,158.90333795517913,157.08221726019505,157.84747314453125,4388700,1.24,0.0,0.0014139672526235403,0.014087231804756732,5.6363983154296875,-1.0,-0.4068450927734375,0.0,0.0,0.005877347195005709,0.5,0.5
2024-08-28,157.89590428293326,159.83327734161955,157.61499169305645,158.78709411621094,5187000,0.0,0.0,0.0016811144133741045,0.014001464887654172,6.576019287109375,1.0,0.9396209716796875,0.5214248395479899,0.006287199999801463,2.0,1.0,0.0
2024-08-29,159.47485527544646,159.5620335086649,158.24461934309576,159.08737182617188,7390100,0.0,0.0,0.0023996717844659878,0.01356832538718719,6.8762969970703125,1.0,1.239898681640625,0.0,0.0,2.0,1.0,0.0
2024-08-30,158.98081630627576,160.7825737042864,158.68052587010436,160.6663360595703,7971000,0.0,0.0,0.0026139875917065365,0.013409862109725508,8.45526123046875,1.0,2.8188629150390625,0.0,0.0,2.0,1.0,0.0
2024-09-03,160.06576755680211,162.55528425307764,159.61048370517096,161.92564392089844,6956500,0.0,0.0,0.002299176145703548,0.013654183734067632,9.714569091796875,1.0,4.0781707763671875,0.0,0.0,2.0,1.0,0.0
2024-09-04,162.555290765442,163.56273307446946,160.8407113997788,162.119384765625,6939100,0.0,0.0,0.002296169351628983,0.013863035095036296,9.908309936523438,1.0,4.27191162109375,0.0,0.0,2.0,1.0,0.0
2024-09-05,161.96438205654522,162.12905699007703,159.668599750095,159.82359313964844,4600400,0.0,0.0,0.0015007291133374032,0.014157361154697536,7.612518310546875,-1.0,-2.2957916259765625,0.0,0.0,0.2888154463532355,0.5,0.5
2024-09-06,160.00763393242556,160.7438451550637,158.98082857557074,159.23269653320312,6016900,0.0,0.0,0.0019555587423222406,0.013985758639869596,7.0216217041015625,-1.0,-2.886688232421875,0.0,0.0,0.45662033160848564,0.5,0.5
2024-09-09,159.67827359873382,162.16780491263995,159.31986433602455,161.39285278320312,7538200,0.0,0.0,0.0024832347480849577,0.014111962840238731,9.181777954101562,1.0,2.16015625,0.03874792256291926,1.7809153390965076e-05,0.5599774884245129,0.27999764878895195,0.720002351211048
2024-09-10,162.25500108665767,163.18494670099628,161.5284861564189,162.13876342773438,6559600,0.0,0.0,0.002170851102240357,0.013833170026269903,9.927688598632812,1.0,2.90606689453125,0.0,0.0,1.0134712903582066,0.5067356451791033,0.4932643548208967
2024-09-11,161.56721914553702,161.56721914553702,158.9517684818958,159.65892028808594,5920200,0.0,0.0,0.00192928056458376,0.014470403066541347,7.447845458984375,-1.0,-2.4798431396484375,0.3680958541287396,0.0024426460416383184,0.7281774193322992,0.0033432506954050754,0.9966567493045949
2024-09-12,159.05833364486895,159.93016043636422,157.61500009900098,159.48455810546875,4540900,0.0,0.0,0.0014781768623605663,0.014488387200182917,7.2734832763671875,-1.0,-2.654205322265625,0.0,0.0,0.83417624318359,0.5,0.5
2024-09-13,159.58143127118026,160.55979938822875,158.69024139821855,160.33700561523438,3693400,0.0,0.0,0.0012087206346086767,0.014214845368639581,8.125930786132812,1.0,0.852447509765625,0.0,0.0,0.10314929438356168,0.05157464719178084,0.9484253528082192
2024-09-16,161.15069381758542,162.0128242492569,160.58885384916144,161.76097106933594,5187800,0.0,0.0,0.0017128636497624674,0.013823294364105076,9.549896240234375,1.0,2.2764129638671875,0.0,0.0,0.7355853462762701,0.3677926731381351,0.6322073268618649
2024-09-17,161.03444365855128,162.46809549159988,160.73413843763794,161.8384552001953,5066500,0.0,0.0,0.0016736151324711324,0.013595065158450971,9.62738037109375,1.0,2.3538970947265625,0.0,0.0,0.7865130163869728,0.3932565081934864,0.6067434918065135
2024-09-18,161.41223051206163,163.07837241557064,160.5501001488143,160.94725036621094,4722800,0.0,0.0,0.0015514898504176578,0.013815941319988298,8.736175537109375,1.0,1.4626922607421875,0.03875370034714365,1.9678122063550714e-05,0.30369447820257905,0.1518570781623213,0.8481429218376787
2024-09-19,161.02475705600946,161.16037257839136,159.27143680914958,159.65892028808594,4956100,0.0,0.0,0.001615098713917363,0.013777686064599923,7.447845458984375,-1.0,-1.288330078125,1.462701628488361,0.03857004776562903,0.7757974815310633,0.04736196665274592,0.952638033347254
2024-09-20,159.1551925431143,159.70733615380513,158.42867767890135,159.0195770263672,11839000,0.0,0.0,0.003842655377765564,0.01341935165127461,6.808502197265625,-1.0,-1.92767333984375,0.0,0.0,1.736844569224301,0.5,0.5
2024-09-23,159.25205174305594,159.34892630365795,157.62466554801796,158.1090087890625,4671600,0.0,0.0,0.0015076068029337732,0.013311555510933099,5.8979339599609375,-1.0,-2.8382415771484375,0.0,0.0,2.0,0.5,0.5
2024-09-24,157.6924818376134,158.37057426832786,156.4913199383724,157.68280029296875,6041600,0.0,0.0,0.0019444738858673753,0.013245422043582483,5.4717254638671875,-1.0,-3.2644500732421875,0.0,0.0,2.0,0.5,0.5
2024-09-25,157.89590190366212,158.2058886832529,155.338570095971,155.57106018066406,5420000,0.0,0.0,0.0017210517156857432,0.013782767574438852,3.3599853515625,-1.0,-5.376190185546875,0.0,0.0,2.0,0.5,0.5
2024-09-26,155.2223353691693,156.48161603728326,155.00922314943043,156.33631896972656,6122000,0.0,0.0,0.0019535252544603397,0.013408359440532445,4.125244140625,-1.0,-4.610931396484375,0.0,0.0,2.0,0.5,0.5
2024-09-27,156.92721084640905,158.31242542752722,156.28787421774706,156.3459930419922,7553800,0.0,0.0,0.0024105606337752722,0.013374789967340013,4.134918212890625,1.0,0.009674072265625,0.10653674427430815,0.0006638424096919961,4.401911767403924e-06,0.0003341221607297,0.9996658778392703
2024-09-30,156.51068936499874,157.10157395711255,155.64854416565876,156.98533630371094,6010000,0.0,0.0,0.0019257476759440076,0.013029998813430973,4.774261474609375,-1.0,0.63934326171875,0.0,0.0,0.019226085238115625,0.009613042619057812,0.9903869573809422
2024-10-01,157.34373587493758,157.65372263951514,156.13287779014868,156.9175262451172,4408000,0.0,0.0,0.001411818477589458,0.012796798974138832,4.706451416015625,1.0,-0.06781005859375,0.15499642759837684,0.0010845665785393006,0.011249158981778414,0.08793503416589418,0.9120649658341058
2024-10-02,156.45254932130229,157.04344867009158,155.61947835056628,156.12319946289062,4684400,0.0,0.0,0.0014927505428850099,0.012594685716904697,3.9121246337890625,-1.0,-0.7943267822265625,0.0,0.0,1.5435838534754305,0.5,0.5
2024-10-03,155.74542844988045,156.384765145453,155.20296632551018,155.4741973876953,4791200,0.0,0.0,0.0015204370582440868,0.012286831174692646,3.26312255859375,-1.0,-1.443328857421875,0.0,0.0,2.0,0.5,0.5
2024-10-04,154.63143009925884,155.4741826209344,153.80804066519715,155.270751953125,5331100,0.0,0.0,0.00168955489913263,0.012190624712163223,3.0596771240234375,-1.0,-1.6467742919921875,0.0,0.0,2.0,0.5,0.5
2024-10-07,155.2320013145916,155.8229006315838,154.23425546833988,154.5345458984375,4266000,0.0,0.0,0.0013455884607608845,0.0121080934949408,2.3234710693359375,1.0,-0.7362060546875,0.0,0.0,1.3259604946428876,0.5,0.5
2024-10-08,154.495810340033,155.2320067356913,153.97271136915845,154.68954467773438,4766300,0.0,0.0,0.00150490178747685,0.011813449092044482,2.4784698486328125,-1.0,0.154998779296875,0.0,0.0,0.0443259228331727,0.02216296141658635,0.9778370385834136
2024-10-09,154.91233933018452,156.1716347040591,154.51517432794256,155.61947631835938,6047200,0.0,0.0,0.0019208086577333864,0.01166438746794384,3.4084014892578125,1.0,0.929931640625,0.0,0.0,1.5955237738274868,0.7977618869137434,0.2022381130862566
2024-10-10,156.3072455930612,156.3363050039766,154.98983143462758,155.48385620117188,4793900,0.0,0.0,0.0015213883850960649,0.011459228207332937,3.2727813720703125,1.0,0.7943115234375,0.0,0.0,1.164080345287259,0.5820401726436295,0.4179598273563705
2024-10-11,157.1015850376939,157.56656524606282,156.15227631233012,156.40414428710938,5253500,0.0,0.0,0.001677114894014541,0.01152925876736475,4.1930694580078125,1.0,1.714599609375,0.0,0.0,2.0,1.0,0.0
2024-10-14,156.3460000147395,157.06283336802537,155.86165674978554,156.5397491455078,5964000,0.0,0.0,0.0019055839709016034,0.01124455920977791,4.32867431640625,-1.0,0.1356048583984375,0.0,0.0,0.033927489863280584,0.016963744931640292,0.9830362550683597
2024-10-15,154.9898507205105,161.52848504778206,154.02116415350733,158.9614715576172,10548000,0.0,0.0,0.0034223767619096044,0.013655684168463635,6.750396728515625,-1.0,2.5573272705078125,2.1311121588227877,0.0996676041603611,2.0,1.0,0.0
2024-10-16,158.86458744146293,159.82359240631837,157.54717319827,159.1358184814453,5982100,0.0,0.0,0.0019430654677592078,0.013688163157080432,6.92474365234375,-1.0,2.7316741943359375,0.0,0.0,2.0,1.0,0.0
2024-10-17,159.1164393262834,159.83327265814654,158.506176881748,159.3198699951172,4798000,0.0,0.0,0.0015602565329749327,0.013290736336605347,7.108795166015625,1.0,0.184051513671875,0.0,0.0,0.0625,0.03125,0.96875
2024-10-18,159.72671491273323,160.11418359674732,158.79676937772342,159.9495086669922,5908000,0.0,0.0,0.0019288089816873113,0.012881133315198069,7.738433837890625,1.0,0.813690185546875,0.0,0.0,1.2215728893366697,0.6107864446683349,0.38921355533166513
2024-10-21,159.93015428239812,160.07545135156434,157.22751054803751,157.73123168945312,6082700,0.0,0.0,0.0019583031155627753,0.013418958117668368,5.5201568603515625,-1.0,-2.2182769775390625,1.2786663337104756,0.0536551760043229,2.0,0.026126672399169097,0.9738733276008309
2024-10-22,157.23719669566833,158.60303340037385,156.83033536637095,158.33180236816406,5680300,0.0,0.0,0.001835714978227441,0.013212918283221468,6.1207275390625,-1.0,-1.617706298828125,0.0,0.0,2.0,0.5,0.5
2024-10-23,157.72153573923214,160.8019515720665,157.3340522885414,160.6663360595703,7441600,0.0,0.0,0.002440377626702216,0.013632612423368665,8.45526123046875,1.0,2.33453369140625,0.7265002205021744,0.007382737739147199,2.0,1.0,0.0
2024-10-24,159.8332767277966,160.32730153471033,158.2252535478264,158.544921875,5386300,0.0,0.0,0.0017430453942709828,0.013928007056256367,6.3338470458984375,1.0,0.2131195068359375,0.0,0.0,0.017355896517940287,0.008677948258970144,0.9913220517410298
2024-10-25,158.55457994282227,158.78706999570232,155.58072043559355,155.84226989746094,6400400,0.0,0.0,0.0020359082605193616,0.014627033684680286,3.631195068359375,-1.0,-2.7026519775390625,1.7533318529478379,0.23314659957366338,2.0,0.10440272914378936,0.8955972708562107
2024-10-28,156.08446529397244,156.89815843165903,155.95853131516972,156.5397491455078,4842500,0.0,0.0,0.001547248554508889,0.014003526903574844,4.32867431640625,-1.0,-2.0051727294921875,0.0,0.0,2.0,0.5,0.5
2024-10-29,156.40412160345724,157.09188070948926,155.047951697213,155.07701110839844,5216900,0.0,0.0,0.00165129914773603,0.014067361226472749,2.865936279296875,-1.0,-3.4679107666015625,0.0,0.0,2.0,0.5,0.5
2024-10-30,154.45706955093502,156.22976773536524,154.0502229680962,155.58074951171875,5820500,0.0,0.0,0.0018483404828781517,0.014020905172808271,3.3696746826171875,-1.0,-2.96417236328125,0.0,0.0,2.0,0.5,0.5
2024-10-31,154.98016676975598,155.8326008844147,154.46676407969414,154.85423278808594,8613900,0.0,0.0,0.0027226306498233325,0.013710504403580447,2.643157958984375,-1.0,-3.6906890869140625,0.0,0.0,2.0,0.5,0.5
2024-11-01,155.55167438584564,156.01663975055715,154.87359681626998,155.1157684326172,5256400,0.0,0.0,0.0016642178582512064,0.013244988648669298,2.904693603515625,1.0,0.26153564453125,0.0,0.0,0.0050216547722366995,0.0025108273861183497,0.9974891726138817
2024-11-04,154.69923190581522,155.26107185248225,153.12028295359576,153.2849578857422,4644000,0.0,0.0,0.0014529730957157593,0.01344339093968738,1.073883056640625,-1.0,-1.830810546875,1.3464811260983822,1.5721231389878207,2.0,0.4401088870170612,0.5598911129829388
2024-11-05,152.73279551730027,153.6239853051206,151.45413704989986,153.39151000976562,6547100,0.0,0.0,0.0020498218577205455,0.013484892927063025,1.1804351806640625,-1.0,-1.7242584228515625,0.0,0.0,2.0,0.5,0.5
2024-11-06,154.89298511557757,155.81324923227646,152.42284605155163,152.93624877929688,8926600,0.0,0.0,0.002786521067185988,0.014142441970636986,0.7251739501953125,1.0,-0.45526123046875,0.552177379794216,0.5797928206511792,2.0,0.22474394688207194,0.775256053117928
2024-11-07,153.50773955591475,153.77897057350287,151.60910765181615,151.8222198486328,7522800,0.0,0.0,0.002331206126204989,0.014249494883023059,-0.38885498046875,-1.0,-1.1140289306640625,0.15498526838226212,0.15885668949900877,2.0,0.0,1.0
2024-11-08,152.08378907519,152.16128577327757,150.5435810007818,150.60169982910156,8926100,0.0,0.0,0.002743831542997814,0.014106165036391494,-1.609375,-1.0,-2.3345489501953125,0.0,0.0,2.0,0.0,1.0
2024-11-11,150.74699009652502,152.6456221615239,150.05923095113576,150.18515014648438,7146800,0.0,0.0,0.0021908086374998735,0.014365008222034055,-2.0259246826171875,-1.0,-2.7510986328125,0.0,0.0,2.0,0.0,1.0
2024-11-12,149.691138115451,150.18516295699607,147.5987715259936,147.86032104492188,7181400,0.0,0.0,0.0021673376973482816,0.014798103822089879,-4.3507537841796875,-1.0,-5.075927734375,0.0,0.0,2.0,0.0,1.0
2024-11-13,147.724694971102,148.70306303959268,146.67851175103127,148.4415283203125,7161900,0.0,0.0,0.0021699488289421446,0.014661488311838196,-3.7695465087890625,-1.0,-4.494720458984375,0.0,0.0,2.0,0.0,1.0
2024-11-14,148.3834027095756,148.7805677534201,146.0391829679081,147.1144256591797,7716400,0.0,0.0,0.0023170521878354837,0.015068078163565337,-5.096649169921875,-1.0,-5.8218231201171875,0.0,0.0,2.0,0.0,1.0
2024-11-15,146.17480004336926,149.5942625124733,146.17480004336926,149.177734375,11328500,0.0,0.0,0.0034493895137243965,0.0154355542241667,-3.0333404541015625,1.0,2.0633087158203125,0.8911994728806292,0.08631922405184562,0.125606007822323,0.592690198857029,0.40730980114297094
2024-11-18,147.81187023516128,150.46607657973948,147.56001706504134,149.92361450195312,7510600,0.0,0.0,0.0022983200178515743,0.0156462498431911,-2.2874603271484375,1.0,2.8091888427734375,0.0,0.0,0.2328326369427713,0.5,0.5
2024-11-19,149.12927934316934,149.1680350793827,147.288780959565,148.2090301513672,8233700,0.0,0.0,0.002490780902603287,0.015966582466643054,-4.002044677734375,-1.0,-1.7145843505859375,0.0,0.0,0.3725253584502532,0.8137373207748734,0.1862626792251266
2024-11-20,148.2381008368418,148.45121305927506,147.05630206916038,148.3155975341797,9061300,0.0,0.0,0.00274310958518548,0.0154872465267724,-3.895477294921875,-1.0,-1.6080169677734375,0.0,0.0,0.32765695013732904,0.8361715249313355,0.16382847506866452
2024-11-21,148.80960211732764,151.17319933131003,148.0249684873214,150.6307373046875,10141100,0.0,0.0,0.0031179165685492395,0.015652863766028976,-1.5803375244140625,1.0,2.3151397705078125,2.00516425192734,1.6099048253904247,2.0,0.5540312270652987,0.4459687729347013
2024-11-22,151.01821793189148,152.2000166325871,149.28427561781214,150.3110809326172,8266000,0.0,0.0,0.002536017356985412,0.0159512868420197,-1.899993896484375,1.0,1.9954833984375,0.0,0.0,1.539979656611599,0.5,0.5
2024-11-25,150.31107819945922,152.12251717354584,150.282018787756,150.9019775390625,12256200,0.0,0.0,0.003774996846284917,0.01562509844446049,-1.3090972900390625,1.0,2.5863800048828125,0.0,0.0,2.0,0.5,0.5
2024-11-26,151.50737944246438,151.59525717507208,149.55446147563578,150.8824462890625,5683500,1.24,0.0,0.001750331883375305,0.015477021923910674,-1.3286285400390625,-1.0,-0.01953125,0.0,0.0,5.702632827830205e-05,0.9999714868358609,2.8513164139151025e-05
2024-11-27,150.98988218204997,152.94280046975848,150.96058959970108,151.7417449951172,4140400,0.0,0.0,0.0012823695487278167,0.015259995226324163,-0.469329833984375,1.0,0.8592987060546875,0.8202832962126365,2.0,2.0,0.5,0.5
2024-11-29,151.2437305693636,152.00536738055396,150.54067891294454,151.36090087890625,5687800,0.0,0.0,0.0017572107179426397,0.01489684882748214,-0.8501739501953125,-1.0,-0.3808441162109375,0.0,0.0,0.19642926209810183,0.9017853689509491,0.09821463104905091
2024-12-02,151.10704259636768,151.35115736631334,150.306338999146,151.15586853027344,6946500,0.0,0.0,0.0021431712554336392,0.014349883684979055,-1.055206298828125,-1.0,-0.58587646484375,0.0,0.0,0.4648617246333888,0.7675691376833056,0.2324308623166944
2024-12-03,151.1558781194377,151.1558781194377,148.72448949268428,148.7733154296875,8674400,0.0,0.0,0.002634088176223945,0.01470563610269285,-3.4377593994140625,-1.0,-2.9684295654296875,0.0,0.0,2.0,0.0,1.0
2024-12-04,147.72848408863038,147.99213220574455,146.2247436975736,146.92779541015625,10333100,0.0,0.0,0.003098849019643106,0.015065734813146655,-5.2832794189453125,-1.0,-4.8139495849609375,0.0,0.0,2.0,0.0,1.0
2024-12-05,146.46887934749697,146.83993860971114,145.44359421214753,146.00018310546875,7898100,0.0,0.0,0.0023536498366701097,0.014804618824364575,-6.2108917236328125,-1.0,-5.7415618896484375,0.0,0.0,2.0,0.0,1.0
2024-12-06,145.8732234959598,146.51769007407336,144.8870051746042,145.79510498046875,8389600,0.0,0.0,0.002496606061793636,0.014565395276857173,-6.4159698486328125,-1.0,-5.9466400146484375,0.0,0.0,2.0,0.0,1.0
2024-12-09,145.77557799857644,147.3379185775207,144.9455966719243,146.0782928466797,8410300,0.0,0.0,0.002507627333805768,0.014668574862019201,-6.132781982421875,1.0,0.2831878662109375,0.497979967809556,0.006593388914622836,0.002267806441469934,0.25592556651068965,0.7440744334893103
2024-12-10,146.4004983361191,147.27932042159756,144.83817279457298,145.71697998046875,9398700,0.0,0.0,0.0027953987843076324,0.01485121191654866,-6.4940948486328125,-1.0,-0.3613128662109375,0.048832380031228695,5.654295856315407e-05,1.6278619482237713,0.18604075440883283,0.8139592455911672
2024-12-11,145.00417223410255,145.00417223410255,142.92430964227208,143.18795776367188,13446700,0.0,0.0,0.0039299591254173365,0.015427089961773534,-9.023117065429688,-1.0,-2.8903350830078125,0.0,0.0,2.0,0.0,1.0
2024-12-12,143.73478625441516,144.29137513083234,142.57279746294867,142.79739379882812,6176300,0.0,0.0,0.0018001740072554904,0.015223983952984925,-9.413681030273438,-1.0,-3.2808990478515625,0.0,0.0,2.0,0.0,1.0
2024-12-13,142.2310341342747,143.47112644659353,141.6256193688481,143.16842651367188,8324900,0.0,0.0,0.0024327198566221533,0.015020667726448222,-9.042648315429688,-1.0,-2.9098663330078125,0.0,0.0,2.0,0.0,1.0
2024-12-16,143.27583019797297,143.78359306863834,140.14140503579463,140.46363830566406,8732400,0.0,0.0,0.0025035908581185675,0.01606846854792701,-11.7474365234375,-1.0,-5.614654541015625,0.0,0.0,2.0,0.0,1.0
2024-12-17,140.4538718937916,143.2074936786876,140.3269423438407,142.96337890625,10343000,0.0,0.0,0.003018124504643488,0.016099034685120476,-9.247695922851562,-1.0,-3.1149139404296875,0.0,0.0,2.0,0.0,1.0
2024-12-18,142.25055280306566,143.28561195210492,141.26433448793145,141.3424530029297,9336100,0.0,0.0,0.0026934191388008687,0.01614201027859519,-10.868621826171875,1.0,-1.6209259033203125,0.0,0.0,2.0,0.0,1.0
2024-12-19,140.74681165087918,141.80138924864332,139.99493398496173,140.1999969482422,9516700,0.0,0.0,0.0027233295966742916,0.016031497466832068,-12.011077880859375,-1.0,-1.1424560546875,0.0,0.0,2.0,0.0,1.0
2024-12-20,139.68247589971185,142.04550511117398,139.38953519259533,141.0690460205078,17702800,0.0,0.0,0.005097292023826698,0.01613950122034454,-11.14202880859375,-1.0,-0.273406982421875,0.0,0.0,0.9321159102191617,0.5339420448904191,0.46605795510958087
2024-12-23,141.22528648930432,141.9088048894955,140.0730569864818,141.8502197265625,8720800,0.0,0.0,0.002524946393782173,0.015828537054697594,-10.360855102539062,-1.0,0.5077667236328125,0.10741564085219579,0.00010748400673313197,2.0,0.9999462608846812,5.3739115318849605e-05
2024-12-24,141.5865687509638,142.41656494140625,140.93234294537487,142.41656494140625,3164100,0.0,0.0,0.000919764260133927,0.015383885082728232,-9.794509887695312,1.0,0.56634521484375,0.0,0.0,2.0,0.5,0.5
2024-12-26,142.084549040839,142.92430440823344,141.67443803344858,142.1529083251953,4656300,0.0,0.0,0.0013510223254979492,0.014939560315336367,-10.05816650390625,1.0,0.3026885986328125,0.0,0.0,1.2256682103827259,0.5,0.5
2024-12-27,141.45962085477984,143.14890577539174,141.27409124734757,141.63539123535156,5588300,0.0,0.0,0.0016155385357886586,0.014868630338138927,-10.57568359375,1.0,-0.2148284912109375,0.0,0.0,0.5037228260349575,0.7481385869825212,0.2518614130174788
2024-12-30,141.43032578784886,141.46939249377033,139.58481877200197,139.96563720703125,6268700,0.0,0.0,0.001790872776770423,0.01501776161765598,-12.245437622070312,-1.0,-1.6697540283203125,0.0,0.0,2.0,0.0,1.0
2024-12-31,140.37575968581945,141.2643410733167,139.9363560556058,141.21551513671875,5811400,0.0,0.0,0.0016750547486617444,0.014493350037691585,-10.995559692382812,-1.0,-0.4198760986328125,0.0,0.0,1.924199870218685,0.03790006489065745,0.9620999351093426
2025-01-02,141.81114579641152,142.33844203512305,140.395283132494,140.629638671875,6051300,0.0,0.0,0.0017369662008876504,0.014501147311193709,-11.581436157226562,1.0,-0.58587646484375,0.869049541352723,0.005630723926542648,2.0,0.0,1.0
2025-01-03,140.6784687147639,141.1666982613835,140.23905020313964,140.79563903808594,5878800,0.0,0.0,0.0016894436527460776,0.0139200904601943,-11.415435791015625,-1.0,0.1660003662109375,0.0,0.0,0.08027974558740812,0.5,0.5
2025-01-06,140.13162889639017,141.4108027309781,139.56528087562768,140.27810668945312,7910500,0.0,0.0,0.002264955392904115,0.01391321187081172,-11.932968139648438,-1.0,-0.351531982421875,0.8300022568663223,0.004837952325329849,2.0,0.0,1.0
2025-01-07,140.37575769719055,143.71524609892302,140.20976143477623,142.78761291503906,8422000,0.0,0.0,0.002454548359768996,0.014445946937896482,-9.4234619140625,1.0,2.5095062255859375,2.5485478375395303,0.07314162763741339,2.0,0.9647194255026528,0.0352805744973472
2025-01-08,142.06503683007398,142.16267379826706,138.11037457846714,138.92083740234375,11175600,0.0,0.0,0.0031688673821962244,0.016192350241494364,-13.290237426757812,-1.0,-3.8667755126953125,1.4549062971605338,0.011984076372896002,2.0,0.0,1.0
2025-01-10,137.6807302951522,140.28787425108914,137.3682562377179,138.7157745361328,8821500,0.0,0.0,0.0024976645643443904,0.016561372776563565,-13.49530029296875,-1.0,-4.07183837890625,0.0,0.0,2.0,0.0,1.0
2025-01-13,139.61411661156524,141.6549274347408,138.9598908087689,141.0690460205078,10376400,0.0,0.0,0.0029877500144629863,0.016610083249038107,-11.14202880859375,1.0,2.353271484375,0.0,0.0,0.334012716587451,0.5,0.5
2025-01-14,141.0983382309039,141.40103816428257,139.49694592239808,141.3424530029297,8681700,0.0,0.0,0.0025046279428591702,0.01635606254357934,-10.868621826171875,1.0,2.626678466796875,0.0,0.0,0.4161335818745211,0.5,0.5
2025-01-15,141.8892587283954,142.61184377171045,140.86397377085905,141.55726623535156,7434600,0.0,0.0,0.002148105450130009,0.016046684984064415,-10.65380859375,1.0,2.84149169921875,0.0,0.0,0.4869806672736528,0.5,0.5
2025-01-16,140.92257073154812,144.58429199973034,140.66868185455502,144.29135131835938,8964000,0.0,0.0,0.0026400245852859516,0.01655649836245695,-7.9197235107421875,1.0,5.5755767822265625,0.0,0.0,1.874988200124714,0.5,0.5
2025-01-17,143.96913844567348,144.88701242414055,143.15867556893306,143.56878662109375,10773100,0.0,0.0,0.0031569415695457495,0.01631115121610739,-8.642288208007812,1.0,4.8530120849609375,0.0,0.0,1.420501454155072,0.5,0.5
2025-01-21,144.08630723838397,145.3557070908205,143.58831844455335,144.66241455078125,11111700,0.0,0.0,0.0032809683417418696,0.015913877353786753,-7.5486602783203125,1.0,5.9466400146484375,0.0,0.0,2.0,0.5,0.5
2025-01-22,140.61011247934044,142.04550856953375,138.76460534903245,141.8502197265625,16834700,0.0,0.0,0.004874176114049713,0.018039968127768504,-10.360855102539062,-1.0,-2.81219482421875,4.3940702199006125,0.17986339458833925,0.22363898444347452,0.7982488104840931,0.20175118951590687
2025-01-23,142.01620985684826,144.4280649573552,141.40103587344308,143.18795776367188,10506400,0.0,0.0,0.0030706212345991734,0.01810491628672924,-9.023117065429688,1.0,1.337738037109375,0.0,0.0,0.22628269509154464,0.5,0.5
2025-01-24,143.35396488647487,144.15466853825302,142.93409460536012,143.36373901367188,9887300,0.0,0.0,0.00289322929303681,0.01739922522782098,-8.847335815429688,1.0,1.513519287109375,0.0,0.0,0.2896577214778448,0.5,0.5
2025-01-27,144.9553368776995,149.8376319217418,144.5159333036521,149.2908172607422,15152300,0.0,0.0,0.004617187152415652,0.018612438758155863,-2.920257568359375,1.0,7.4405975341796875,0.0,0.0,2.0,0.5,0.5
2025-01-28,149.06626102671055,149.36896098661137,146.7618167808915,146.83993530273438,10320600,0.0,0.0,0.0030932495144909825,0.01883966113964254,-5.3711395263671875,1.0,4.989715576171875,0.0,0.0,2.0,0.5,0.5
2025-01-29,146.9571043773899,148.30462279336854,146.46887479474074,147.591796875,7156400,0.0,0.0,0.002155870400926279,0.01829328250343953,-4.6192779541015625,-1.0,0.751861572265625,0.0,0.0,0.07148006979820405,0.5,0.5
2025-01-30,148.33390885581858,150.5114085268304,147.79685335859585,149.27130126953125,8911000,0.0,0.0,0.0027149921933872574,0.018192575239564326,-2.9397735595703125,1.0,1.67950439453125,0.0,0.0,0.35667402266174686,0.5,0.5
2025-01-31,149.02718955239337,149.57400428823024,148.48037481655652,148.56825256347656,8457800,0.0,0.0,0.0025647748669941485,0.017498841093744857,-3.642822265625,1.0,0.9764556884765625,0.0,0.0,0.12056306227107953,0.5,0.5
2025-02-03,148.42179003776968,148.88072702787952,147.23050868892088,148.2948455810547,6687500,0.0,0.0,0.002024210502612497,0.017073735465245883,-3.916229248046875,-1.0,-0.273406982421875,0.5663446696749759,0.02091343744071964,0.07839964996210526,0.9503434562985875,0.04965654370141245
2025-02-04,147.796846384,150.5504532313688,147.3964945868191,149.876708984375,9645000,0.0,0.0,0.00295054473015891,0.01718997159398787,-2.3343658447265625,1.0,1.5818634033203125,0.9764489431385641,0.17496905207266328,2.0,0.9195533141467349,0.08044668585326507
2025-02-05,150.19894725733027,151.0875137225951,149.70094357614224,151.0484619140625,8947000,0.0,0.0,0.002758414755978294,0.01649397934704866,-1.1626129150390625,1.0,2.7536163330078125,0.0,0.0,2.0,0.5,0.5
2025-02-06,151.1461067667632,151.19493270466268,149.76931067533755,149.896240234375,7418100,0.0,0.0,0.002269599599142801,0.016112905225182446,-2.3148345947265625,1.0,1.6013946533203125,0.0,0.0,2.0,0.5,0.5
2025-02-07,149.9157478808667,150.85315506919696,149.20293698844182,149.51539611816406,6204900,0.0,0.0,0.0018935925015376453,0.01578845953631805,-2.6956787109375,-1.0,-0.3808441162109375,0.4980065877004165,0.03412981370895781,0.05655848301537237,0.954655851637835,0.04534414836216509
2025-02-10,149.99388057429417,150.7359841147051,148.70494743088318,150.6090545654297,6936200,0.0,0.0,0.002132251910429342,0.015517501795775986,-1.602020263671875,-1.0,0.7128143310546875,0.0,0.0,2.0,0.5,0.5
2025-02-11,150.48210783341645,152.70843332045408,150.31611157951082,152.45455932617188,7554500,0.0,0.0,0.002350779881186062,0.015355541938262282,0.2434844970703125,1.0,1.8455047607421875,0.0,0.0,2.0,1.0,0.0
2025-02-12,151.61480037131824,151.99561880359397,150.63834132450023,151.6050262451172,7746000,0.0,0.0,0.002396938633210373,0.015194327058170613,-0.606048583984375,1.0,0.9959716796875,0.0,0.0,2.0,0.5,0.5
2025-02-13,151.60504342740126,154.40749134110297,151.14610643141617,153.54820251464844,10704700,0.0,0.0,0.0033549423374103003,0.01544761884330282,1.337127685546875,1.0,2.93914794921875,0.0,0.0,2.0,1.0,0.0
2025-02-14,153.58723804292384,153.76300842042124,152.38619757842548,152.4740753173828,6411800,0.0,0.0,0.0019954543557348797,0.015090253474103072,0.26300048828125,1.0,1.865020751953125,0.0,0.0,2.0,1.0,0.0
2025-02-18,151.71618596030854,153.0055841307649,150.83034424561512,152.55282592773438,9670700,1.24,0.0,0.003011230431592338,0.015023639690529111,0.3417510986328125,-1.0,0.0787506103515625,0.31576218580104864,0.8536904058958488,0.04275760353875664,0.4482240047173027,0.5517759952826973
2025-02-19,152.56267154540734,155.81078304014392,152.31660272033412,155.4072265625,7974700,0.0,0.0,0.0025295972882411755,0.015300292028502934,3.1961517333984375,1.0,2.854400634765625,0.06959485809136368,0.00047413228621928974,2.0,1.0,0.0
2025-02-20,154.48200010991016,157.43482591010795,154.48200010991016,157.1690673828125,7224000,0.0,0.0,0.0023174514051771443,0.015390120838297175,4.9579925537109375,1.0,4.616241455078125,0.0,0.0,2.0,1.0,0.0
2025-02-21,157.36593468160245,160.93884369225492,156.77536351315888,159.7478790283203,12546900,0.0,0.0,0.0040910742349037155,0.015921759517702593,7.53680419921875,1.0,7.1950531005859375,0.0,0.0,2.0,1.0,0.0
2025-02-24,160.12189302919066,162.2774582642801,159.50180982456192,161.1652374267578,10201900,0.0,0.0,0.0033559714478517645,0.01588463939492165,8.95416259765625,1.0,8.612411499023438,0.0,0.0,2.0,1.0,0.0
2025-02-25,161.51957336311918,163.81292146242848,161.3620857197358,163.478271484375,12303700,0.0,0.0,0.004105457806330658,0.01569817878687905,11.267196655273438,1.0,10.925445556640625,0.0,0.0,2.0,1.0,0.0
2025-02-26,162.48417568920453,162.53339246020462,160.00379761552887,160.515625,11396400,0.0,0.0,0.003733798018528305,0.016392048439769314,8.304550170898438,-1.0,-2.962646484375,0.0,0.0,0.0735328419102684,0.5,0.5
2025-02-27,159.75772634206254,161.37193728182936,159.18684484864082,161.1553955078125,8364600,0.0,0.0,0.002751413416307281,0.016129255254770724,8.944320678710938,-1.0,-2.3228759765625,0.0,0.0,0.04520367361910015,0.5,0.5
2025-02-28,161.72626781069508,163.33064131277897,160.1415840193619,162.42510986328125,12037200,0.0,0.0,0.003990657614878452,0.016262515406252703,10.214035034179688,1.0,1.26971435546875,0.7972488525743415,0.006092466073092178,0.29878584203099356,0.15243915405204286,0.8475608459479571
2025-03-03,162.36605582427373,164.6987834178655,162.24793257856425,164.64956665039062,9191500,0.0,0.0,0.0030889637109613346,0.015960122657308937,12.438491821289062,1.0,3.494171142578125,0.0,0.0,2.0,1.0,0.0
2025-03-04,165.43699302213946,167.31696243598003,162.72039862069772,162.81881713867188,11999700,0.0,0.0,0.003987868294006067,0.017003263911110397,10.607742309570312,1.0,1.663421630859375,0.0,0.0,0.5128054644633401,0.25640273223167004,0.74359726776833
2025-03-05,161.92312053256515,163.8424693392176,160.9585349656675,162.52352905273438,8744800,0.0,0.0,0.0029008945898493063,0.017084911479619064,10.312454223632812,-1.0,-0.2952880859375,1.2893976128967495,0.015633263794309685,0.03151281211353576,0.33159204649115237,0.6684079535088476
2025-03-06,162.40541607413067,163.2617307346719,160.9388405464334,163.2223663330078,8037900,0.0,0.0,0.0026778613762440287,0.01681316828484947,11.01129150390625,-1.0,0.4035491943359375,0.0,0.0,1.867674201059341,0.9338371005296705,0.0661628994703295
2025-03-07,162.5333806334151,165.81101909470436,162.11013445623186,164.06884765625,9637600,0.0,0.0,0.0032274598468257647,0.017142886603520494,11.857772827148438,1.0,0.8464813232421875,0.0,0.0,2.0,1.0,0.0
2025-03-10,164.8464160054029,167.2283603275132,164.42318485350802,165.06295776367188,17559000,0.0,0.0,0.005915823721690214,0.01718975711124677,12.851882934570312,1.0,1.8405914306640625,0.0,0.0,2.0,1.0,0.0
2025-03-11,164.57081730839613,164.66925084004558,162.4546315475673,163.25189208984375,9890300,0.0,0.0,0.0032955925415266785,0.017280230344304304,11.040817260742188,-1.0,-1.811065673828125,0.0,0.0,0.9681744265886332,0.5,0.5
2025-03-12,161.15538235319616,161.6278452864034,159.67896947933244,160.2892303466797,8010700,0.0,0.0,0.002620840757864748,0.01793468523671382,8.078155517578125,-1.0,-4.7737274169921875,0.0,0.0,2.0,0.5,0.5
2025-03-13,160.86010097584764,161.95264713179483,160.10221982770813,160.42703247070312,5286700,0.0,0.0,0.00173112344991364,0.017463216013613087,8.215957641601562,1.0,0.1378021240234375,0.0,0.0,0.0008332908049142934,0.0004166454024571467,0.9995833545975429
2025-03-14,159.57069510200913,160.58449738498982,158.5667451833678,160.24984741210938,6235800,0.0,0.0,0.002039649884085833,0.017133150788475722,8.038772583007812,-1.0,-0.17718505859375,1.1122242959646371,0.01914279155205758,1.6532646118432042,0.011446248990045468,0.9885537510099546
2025-03-17,159.85615725202484,160.92901373909496,159.18684222911867,160.27938842773438,6669800,0.0,0.0,0.0021820078604412796,0.016682821465352517,8.068313598632812,1.0,0.029541015625,0.0,0.0,0.02779691836482601,0.013898459182413005,0.9861015408175869
2025-03-18,160.8699604643387,162.26762961439613,160.40734986311938,161.66722106933594,7348800,0.0,0.0,0.002424958016296909,0.016236661257388863,9.456146240234375,1.0,1.4173736572265625,0.0,0.0,2.0,1.0,0.0
2025-03-19,161.39161803487536,161.77548479135146,159.6592989577509,160.42703247070312,5936400,0.0,0.0,0.0019438669203978535,0.016135663511633907,8.215957641601562,-1.0,-1.2401885986328125,0.0,0.0,0.7656085153596482,0.5,0.5
2025-03-20,160.43686851692192,160.6337205665472,159.38368677221132,160.45655822753906,7485900,0.0,0.0,0.0024516999400498955,0.015536822001364484,8.2454833984375,-1.0,-1.210662841796875,0.0,0.0,0.7295880505998743,0.5,0.5
2025-03-21,160.43686285721958,161.54909867569677,159.9250355311706,161.0569610595703,17047100,0.0,0.0,0.00560397038770661,0.015093536612475457,8.84588623046875,1.0,0.60040283203125,0.0,0.0,0.24594558906734135,0.12297279453367067,0.8770272054663293
2025-03-24,160.2793844216669,161.80501412305765,159.94473442800285,160.72230529785156,8046400,0.0,0.0,0.002639633272637861,0.014871359477920164,8.51123046875,1.0,0.2657470703125,0.0,0.0,0.048182634756387156,0.024091317378193578,0.9759086826218064
2025-03-25,160.94869474212788,161.60815736415475,158.0352333638426,158.48800659179688,7456200,0.0,0.0,0.00241201372355034,0.015614067165077171,6.2769317626953125,-1.0,-2.2342987060546875,1.889802167328014,0.09064375131960012,2.0,0.04335686137936527,0.9566431386206348
2025-03-26,158.67501174865177,159.93488280432192,158.11396767508032,159.17698669433594,7223500,0.0,0.0,0.002346895643819296,0.015253131916837371,6.965911865234375,-1.0,-1.545318603515625,0.0,0.0,2.0,0.5,0.5
2025-03-27,159.7971010617578,161.4900557803169,158.78329870363626,160.56483459472656,6752500,0.0,0.0,0.0022129971357252418,0.01524532159656157,8.353759765625,1.0,1.387847900390625,0.0,0.0,0.806580428157057,0.4032902140785285,0.5967097859214715
2025-03-28,161.0175884242576,161.93297223862385,160.34828844717157,161.13571166992188,5760300,0.0,0.0,0.0018945354084952475,0.014808678292566801,8.924636840820312,1.0,1.9587249755859375,0.0,0.0,1.60661144405779,0.803305722028895,0.19669427797110495
2025-03-31,161.785322393975,164.00979413095163,161.6475244560175,163.23220825195312,12481400,0.0,0.0,0.004158483476557287,0.014831969711971864,11.021133422851562,1.0,4.0552215576171875,0.0,0.0,2.0,1.0,0.0
2025-04-01,158.20256998380086,159.2655891451383,150.72208646828307,150.84019470214844,23303100,0.0,0.0,0.007174582037471923,0.020828021273520424,-1.370880126953125,-1.0,-12.392013549804688,9.626201978888503,2.0,2.0,0.0,1.0
2025-04-02,151.58822981644346,153.340238605828,151.0370380650212,152.91700744628906,10356900,0.0,0.0,0.003232595738515757,0.02024542631772766,0.7059326171875,-1.0,-10.315200805664062,0.0,0.0,2.0,0.5,0.5
2025-04-03,156.25370299153215,158.12382004341873,155.00366916232215,157.306884765625,13249300,0.0,0.0,0.004254088172625052,0.020638967108150066,5.0958099365234375,1.0,4.3898773193359375,0.0,0.0,0.1811129036835197,0.09055645184175985,0.9094435481582401
2025-04-04,156.65726077256477,157.30688607683038,150.52521482355166,150.83035278320312,16601700,0.0,0.0,0.005111014714177497,0.02319926300198761,-1.3807220458984375,-1.0,-6.476531982421875,0.5118232414695285,0.13741289436979276,2.0,0.0,1.0
2025-04-07,148.90116644134844,150.3086879325969,145.0821734646776,148.2515411376953,18083000,0.0,0.0,0.005471866860546332,0.02468640615953339,-3.95953369140625,-1.0,-9.055343627929688,0.0,0.0,2.0,0.0,1.0
2025-04-08,151.1748411423837,151.1748411423837,145.67274576822916,147.64129638671875,12018400,0.0,0.0,0.0036217654953374966,0.025679742307448305,-4.5697784423828125,1.0,-0.6102447509765625,0.0,0.0,0.01932428073155025,0.9903378596342248,0.009662140365775125
2025-04-09,139.963940489085,150.78113112081058,139.2749508033681,148.59603881835938,18773700,0.0,0.0,0.0056940716643652505,0.029223167044891536,-3.6150360107421875,-1.0,0.954742431640625,0.47244318821367415,0.01707945182311595,2.0,0.9915325835044927,0.008467416495507337
2025-04-10,148.00547350450657,148.82242381376955,142.8478804940575,146.35189819335938,13830500,0.0,0.0,0.004131445835000708,0.030467832927792204,-5.8591766357421875,-1.0,-1.289398193359375,2.824865274171657,0.232446118328583,1.8239026990745275,0.0,1.0
2025-04-11,146.9818310025748,149.95434658657717,145.85975777162477,149.34408569335938,9943900,0.0,0.0,0.0030311721310040713,0.029683090516146256,-2.8669891357421875,1.0,2.9921875,0.0,0.0,2.0,0.5,0.5
2025-04-14,149.20627742646687,152.23784691508953,148.79288363513396,151.93272399902344,10685300,0.0,0.0,0.0033136288824029705,0.02871284259918333,-0.278350830078125,1.0,5.5808258056640625,0.0,0.0,2.0,0.5,0.5
2025-04-15,153.2516707747918,153.8422419992049,149.70828848486343,151.20437622070312,10847700,0.0,0.0,0.0033478643254874706,0.028743224474992335,-1.0066986083984375,1.0,4.85247802734375,0.0,0.0,2.0,0.5,0.5
2025-04-16,152.92684058142436,153.1827617581442,149.846069265872,151.48980712890625,7986900,0.0,0.0,0.0024696049232486544,0.028213123887613666,-0.7212677001953125,1.0,5.137908935546875,0.0,0.0,2.0,0.5,0.5
2025-04-17,151.73588655128893,156.93285902621403,151.73588655128893,154.99383544921875,10981100,0.0,0.0,0.003473970246885917,0.02811404944479505,2.7827606201171875,1.0,8.641937255859375,0.0,0.0,2.0,1.0,0.0
2025-04-21,155.47612353231503,155.74186703356756,153.04496248779415,154.4524688720703,6285400,0.0,0.0,0.001981497819070317,0.02744462495443367,2.24139404296875,1.0,8.100570678710938,0.0,0.0,2.0,1.0,0.0
2025-04-22,155.07257238749074,156.22417265554913,153.8028488737618,155.26942443847656,7136300,0.0,0.0,0.0022616472288600397,0.02646408932136338,3.058349609375,1.0,8.917526245117188,0.0,0.0,2.0,1.0,0.0
2025-04-23,154.02923739909724,154.62964589502218,151.90319928052554,152.9366912841797,9099400,0.0,0.0,0.0028404704100894727,0.02652080394693347,0.725616455078125,-1.0,-2.332733154296875,1.1417632072686104,2.0,0.06842917930658204,0.9669173206454561,0.0330826793545439
2025-04-24,153.35008884615775,153.4485073610632,151.02719862673862,152.49375915527344,8310400,0.0,0.0,0.002586662822422294,0.02583213949014108,0.282684326171875,-1.0,-2.775665283203125,0.0,0.0,0.09688251284388331,0.5,0.5
2025-04-25,151.89337056377,152.46423701764508,150.0527655513587,152.14927673339844,8643600,0.0,0.0,0.0026842958239839225,0.02518725383582111,-0.061798095703125,-1.0,-3.120147705078125,0.0,0.0,0.1224225763566152,0.9387887118216924,0.0612112881783076
2025-04-28,153.05480080675625,153.35992373010768,151.40122560194268,152.90716552734375,5815200,0.0,0.0,0.0018149234679190518,0.024187220233487215,0.6960906982421875,1.0,0.7578887939453125,0.0,0.0,0.05900117547210848,0.02950058773605424,0.9704994122639458
2025-04-29,153.00558553860344,154.5509048995422,151.8638226371409,153.45835876464844,5246700,0.0,0.0,0.0016433974331248522,0.023629617745733196,1.247283935546875,1.0,1.30908203125,0.0,0.0,0.17602867343118492,0.08801433671559246,0.9119856632844076
2025-04-30,155.71234571154775,155.71234571154775,152.58235754186757,153.85206604003906,9598200,0.0,0.0,0.003014108977709806,0.023338791844019394,1.6409912109375,1.0,1.702789306640625,0.0,0.0,0.2978321119436284,0.1489160559718142,0.8510839440281858
2025-05-01,152.5626757746532,152.65125694961137,150.9484648381786,152.0311737060547,7325800,0.0,0.0,0.002273283129556979,0.02329549425678843,-0.179901123046875,-1.0,-1.820892333984375,0.9153577989623045,2.0,1.1435277462383868,0.0,1.0
2025-05-02,153.61585257159533,154.2556255061051,152.60203519992965,153.66505432128906,5974500,0.0,0.0,0.0018738831325774512,0.02243552629740256,1.4539794921875,1.0,1.633880615234375,0.0,0.0,0.80514130169498,0.40257065084749,0.59742934915251
2025-05-05,154.20640575605626,154.32451398319623,152.29690931676586,152.5626678466797,5464100,0.0,0.0,0.0017015030666382568,0.02193283122903342,0.351593017578125,1.0,0.531494140625,0.0,0.0,0.08519780915386926,0.04259890457693463,0.9574010954230654
2025-05-06,152.38550271418956,153.44850677667245,151.27326686616857,152.04100036621094,8644200,0.0,0.0,0.002682571755795406,0.02145800239738422,-0.170074462890625,-1.0,-0.52166748046875,1.3287683337610758,2.0,0.9633643417665244,0.0,1.0
2025-05-07,152.30676520541624,155.45644315909516,152.0705337268219,154.82650756835938,7853100,0.0,0.0,0.002481717070010278,0.02114250952211103,2.6154327392578125,1.0,2.7855072021484375,1.1319291758989323,0.18730587376002533,2.0,1.0,0.0
2025-05-08,153.3697831834446,154.5607478760147,152.34612846937628,153.21229553222656,7606100,0.0,0.0,0.0023786003210576672,0.020995541223909394,1.001220703125,1.0,1.171295166015625,0.0,0.0,2.0,1.0,0.0
2025-05-09,152.976064483532,153.60600007131816,151.39138065848175,151.79493713378906,6520400,0.0,0.0,0.0020202138682198557,0.02072000937270266,-0.4161376953125,-1.0,-1.4173583984375,0.6791530683401561,2.0,1.4642885316414465,0.0,1.0
2025-05-12,149.6295277982423,152.91700353065133,148.8027251734314,151.7161865234375,9023800,0.0,0.0,0.0027943911798971512,0.021187013796834155,-0.4948883056640625,-1.0,-1.4961090087890625,0.0,0.0,1.631525155148527,0.18423742242573649,0.8157625775742635
2025-05-13,149.314551592555,149.314551592555,145.75148001336103,146.10581970214844,10549600,0.0,0.0,0.0031460768789656098,0.023345151376975886,-6.105255126953125,-1.0,-7.106475830078125,0.0,0.0,2.0,0.0,1.0
2025-05-14,146.33220624229762,146.47985654779342,143.82230123735994,144.05853271484375,10216000,0.0,0.0,0.0030039015431880213,0.023303408412623933,-8.152542114257812,-1.0,-9.153762817382812,0.0,0.0,2.0,0.0,1.0
2025-05-15,145.67273207184084,147.29678017185935,145.0132694789125,147.25741577148438,7945800,0.0,0.0,0.0023882546219245178,0.022739558243596844,-4.9536590576171875,1.0,3.198883056640625,0.0,0.0,0.12212298660522586,0.5,0.5
2025-05-16,147.31647786517257,149.11770341161431,146.87355699742267,148.95037841796875,8051200,0.0,0.0,0.002447755576820243,0.02195148021584032,-3.2606964111328125,1.0,4.891845703125,0.0,0.0,0.2855921000177609,0.5,0.5
2025-05-19,149.50157663204087,150.25947282803074,148.67478897396975,150.09214782714844,12639900,0.0,0.0,0.003872286063985689,0.020982605494187505,-2.118927001953125,1.0,6.0336151123046875,0.0,0.0,0.4344660996539907,0.5,0.5
2025-05-20,149.93465596518237,151.61775829196426,149.7279515470404,151.24374389648438,7351500,0.0,0.0,0.002269442604465701,0.020228002199198847,-0.9673309326171875,1.0,7.185211181640625,0.0,0.0,0.6161405098716101,0.5,0.5
2025-05-21,150.78113837598642,152.00163015831197,150.5941236625399,150.7712860107422,7032200,0.0,0.0,0.0021640917815218346,0.019508816385458896,-1.439788818359375,1.0,6.7127532958984375,0.0,0.0,0.5377767998390847,0.5,0.5
2025-05-22,150.24961525733917,150.9090929105293,148.98974410235155,150.2102508544922,7535300,0.0,0.0,0.0023102870381294153,0.019095686562438857,-2.000823974609375,-1.0,-0.56103515625,0.7382074446888396,0.136125370894157,0.006985198946054595,0.9284447150798942,0.0715552849201058
2025-05-23,150.59411881143075,151.06656674360067,149.81654794350845,150.53506469726562,6727300,0.0,0.0,0.0020670181567105064,0.018286580022198504,-1.6760101318359375,1.0,0.3248138427734375,0.0,0.0,0.3351883427989848,0.5,0.5
2025-05-27,151.4086547450635,152.91756823405225,150.8229423163012,152.13333129882812,6990700,1.3,0.0,0.0021707552651732123,0.01792062115066118,-0.0777435302734375,1.0,1.9230804443359375,0.0,0.0,2.0,0.5,0.5
2025-05-28,152.1631025759913,152.52047999141797,150.82293348124043,151.3192901611328,8459300,0.0,0.0,0.002612730078864241,0.017531404621482057,-0.89178466796875,-1.0,-0.8140411376953125,0.0,0.0,0.17918341194196588,0.910408294029017,0.08959170597098294
2025-05-29,150.64425494378102,152.91756191192428,150.4556369785544,152.46092224121094,6810600,0.0,0.0,0.002119384429005576,0.017310684566279502,0.249847412109375,-1.0,0.3275909423828125,0.0,0.0,0.16194631323084382,0.08097315661542191,0.9190268433845781
2025-05-30,152.7785884886719,154.57541249356527,152.10355063741395,154.0790557861328,15529700,0.0,0.0,0.004883964485906318,0.017051311653576002,1.86798095703125,1.0,1.618133544921875,0.0,0.0,2.0,1.0,0.0
2025-06-02,153.35435991979972,154.40663368734565,151.1902520050512,154.2676544189453,6669300,0.0,0.0,0.002100008015523385,0.01730324379428506,2.05657958984375,-1.0,0.1885986328125,0.0,0.0,0.053676522911092886,0.026838261455546443,0.9731617385444535
2025-06-03,153.67203573996977,154.52576986093197,152.9572808876477,153.2947998046875,8209800,0.0,0.0,0.002568773561208953,0.016900111913814513,1.0837249755859375,1.0,-0.9728546142578125,0.0,0.0,2.0,0.5,0.5
2025-06-04,153.80107754917458,153.80107754917458,152.0142055733055,152.10354614257812,6983900,0.0,0.0,0.002168219142065282,0.01665498998068314,-0.1075286865234375,-1.0,-1.191253662109375,0.0,0.0,2.0,0.0,1.0
2025-06-05,152.5601875999487,152.9672037281967,151.52777233188036,152.54034423828125,5295400,0.0,0.0,0.0016487291480315478,0.016095091362484458,0.3292694091796875,-1.0,-0.75445556640625,0.0,0.0,2.0,0.5,0.5
2025-06-06,152.87786649784854,154.89307352623908,152.87786649784854,153.90036010742188,5391500,0.0,0.0,0.0016936164694042425,0.01590532312352582,1.6892852783203125,1.0,1.360015869140625,1.0919959770644994,0.41786508242631565,2.0,1.0,0.0
2025-06-09,153.72167143161585,154.85336406771836,153.32457699498096,154.09889221191406,5319000,0.0,0.0,0.001672997645286275,0.015458830655704638,1.8878173828125,1.0,1.5585479736328125,0.0,0.0,2.0,1.0,0.0
2025-06-10,154.29744087925678,156.29280456447026,153.8904398858613,155.3100128173828,6791600,0.0,0.0,0.002152967023637983,0.01534756052446018,3.09893798828125,1.0,2.7696685791015625,0.0,0.0,2.0,1.0,0.0
2025-06-11,155.16110778908194,155.45892483925456,153.602540476821,154.12867736816406,6016000,0.0,0.0,0.0018925924440507886,0.015220849694396165,1.9176025390625,-1.0,-1.18133544921875,0.0,0.0,0.18192436364191142,0.5,0.5
2025-06-12,155.10154060065554,155.53832175445197,154.03933003610473,155.5184783935547,7075500,0.0,0.0,0.0022459751997843,0.014695816518525353,3.307403564453125,1.0,1.389801025390625,0.0,0.0,1.384072318449271,0.6920361592246355,0.30796384077536454
2025-06-13,154.83350553390144,156.52111523341546,154.83350553390144,155.9552764892578,6587500,0.0,0.0,0.002096942509744734,0.014380832081475354,3.74420166015625,1.0,1.82659912109375,0.0,0.0,2.0,1.0,0.0
2025-06-16,155.28022704052862,155.35964592964285,153.32458044545257,154.08897399902344,7024000,0.0,0.0,0.002209133131469324,0.014734836811306783,1.877899169921875,-1.0,-1.866302490234375,0.7147495906521613,0.14486493992774685,1.043944913096579,0.12185711580301191,0.878142884196988
2025-06-17,153.84079257896693,154.148531300887,150.99171004655418,151.26966857910156,6407100,0.0,0.0,0.001978240917539164,0.015427985607756087,-0.94140625,-1.0,-4.68560791015625,0.0,0.0,2.0,0.0,1.0
2025-06-18,151.45828747883434,151.53769121924913,149.6118399883077,149.63168334960938,8325200,0.0,0.0,0.002542635229252663,0.015402139447214972,-2.5793914794921875,-1.0,-6.3235931396484375,0.0,0.0,2.0,0.0,1.0
2025-06-20,150.15782200039877,150.2968012691706,147.95399706158494,148.6985321044922,22605500,0.0,0.0,0.006860987395751651,0.015517123536145306,-3.512542724609375,-1.0,-7.256744384765625,0.0,0.0,2.0,0.0,1.0
2025-06-23,148.64890305105794,150.32657589499183,148.64890305105794,150.21739196777344,7397900,0.0,0.0,0.0022682686836479685,0.01506080517662803,-1.993682861328125,1.0,1.51885986328125,0.0,0.0,0.04380783195115741,0.5,0.5
2025-06-24,150.3960800182556,151.60719157740567,149.87986480920696,151.0810546875,9544200,0.0,0.0,0.002943170095395024,0.014721738133966643,-1.1300201416015625,1.0,2.3825225830078125,0.0,0.0,0.10779296068425395,0.5,0.5
2025-06-25,150.27695889911928,151.95464696382257,149.63168610244648,151.17039489746094,7153700,0.0,0.0,0.0022073098116165376,0.01475971407536114,-1.040679931640625,1.0,2.47186279296875,0.0,0.0,0.11602860474607662,0.5,0.5
2025-06-26,151.58733368080212,152.10354889193732,150.4258608164513,150.90235900878906,7156900,0.0,0.0,0.00220438171920926,0.014523914549083802,-1.3087158203125,1.0,2.203826904296875,0.0,0.0,0.09222980919343295,0.5,0.5
2025-06-27,150.90235928467374,152.2127482505039,149.90964587938586,151.29945373535156,10010800,0.0,0.0,0.003091519339668151,0.01453839209420155,-0.91162109375,1.0,2.600921630859375,0.0,0.0,0.12846087681691418,0.5,0.5
2025-06-30,151.05128085450764,151.85537631829527,150.41594485801824,151.63697814941406,9039300,0.0,0.0,0.002797729640686213,0.014147930327410012,-0.5740966796875,1.0,2.938446044921875,0.009915958433055039,0.00029833164643525015,0.16396524048437286,0.9981838234578408,0.0018161765421592045
2025-07-01,151.88515314522186,156.60054188665848,151.69653517194763,154.78387451171875,10896700,0.0,0.0,0.0034425997327879316,0.015160819777070534,2.5727996826171875,1.0,6.0853424072265625,0.0,0.0,0.7032121872003012,0.3516060936001506,0.6483939063998494
2025-07-02,154.8632947449577,155.16111180283434,153.94007852790537,154.42649841308594,5544000,0.0,0.0,0.0017474745857647214,0.014675261202514542,2.215423583984375,1.0,5.72796630859375,0.0,0.0,0.623041906193803,0.3115209530969015,0.6884790469030986
2025-07-03,154.29743912214934,155.14125158557934,153.7514588609231,154.8732147216797,3482500,0.0,0.0,0.0011008629635554008,0.014228704238828382,2.662139892578125,-1.0,0.44671630859375,0.0,0.0,0.0037894830132820558,0.0018947415066410279,0.998105258493359
2025-07-07,154.88314587525875,155.21074310855383,153.7613749080002,154.13861083984375,6270900,0.0,0.0,0.001972909384518245,0.013946980765677212,1.9275360107421875,1.0,-0.7346038818359375,0.17870361990517836,0.008595313053461945,2.0,0.004279265712511979,0.995720734287488
2025-07-08,153.35436352870622,155.61774889454983,153.08634181394373,154.65481567382812,6438200,0.0,0.0,0.002032327689009583,0.014076691684557495,2.4437408447265625,1.0,-0.2183990478515625,0.4764973089704938,0.038019868392092024,0.23902199426442333,0.13723510240483106,0.862764897595169
2025-07-09,154.6548155859773,155.5482667441583,153.94007586607887,155.14125061035156,6147400,0.0,0.0,0.0019466352505552974,0.013770656837583892,2.93017578125,1.0,0.268035888671875,0.3375236356044695,0.01326847565087018,1.5062061421463737,0.7597373088986219,0.2402626911013781
2025-07-10,154.9625592649837,158.07967856341432,154.6846007400997,156.5409698486328,6732900,0.0,0.0,0.0021512753801739507,0.014221853258089794,4.32989501953125,1.0,1.667755126953125,0.0,0.0,2.0,1.0,0.0
2025-07-11,155.9453470988932,156.0346876710312,154.04926083629547,155.75672912597656,7872000,0.0,0.0,0.002502636225199835,0.014415173638123386,3.545654296875,-1.0,-0.78424072265625,0.0,0.0,0.22112314915563633,0.5,0.5
2025-07-14,155.7269459395254,156.3225800375297,154.38679194042226,155.6773223876953,10185600,0.0,0.0,0.0032365162574793313,0.014280532992990109,3.46624755859375,1.0,-0.07940673828125,0.0,0.0,0.002266992825524095,0.5,0.5
2025-07-15,155.22066853317216,156.04462247661783,153.67203804577238,154.03933715820312,6873200,0.0,0.0,0.0021610083515850656,0.014501676654171984,1.8282623291015625,-1.0,-1.6379852294921875,0.009934805586624407,2.9528522981324614e-05,0.9646180707607059,3.061068415372768e-05,0.9999693893158462
2025-07-16,159.1319633311112,164.90954752519434,158.63560662399456,163.57931518554688,22134800,0.0,0.0,0.007390431749879337,0.017427099899130077,11.368240356445312,1.0,9.53997802734375,8.586967487664651,0.5705492550755289,2.0,1.0,0.0
2025-07-17,161.99095907639466,163.49988762736834,161.1173816185499,161.79241943359375,11295700,0.0,0.0,0.0037302431515525308,0.017447931817537364,9.581344604492188,1.0,7.753082275390625,0.0,0.0,2.0,1.0,0.0
2025-07-18,162.73549145899824,163.89697940313886,162.16965272881,162.50717163085938,9792600,0.0,0.0,0.003248152189374041,0.017055432040966788,10.296096801757812,1.0,8.46783447265625,0.0,0.0,2.0,1.0,0.0
2025-07-21,162.5766715262942,163.71828583348403,161.59387984483593,163.16236877441406,8254000,0.0,0.0,0.00274884523517092,0.016703604846514012,10.9512939453125,-1.0,0.6551971435546875,0.0,0.0,0.1600014904969177,0.08000074524845885,0.9199992547515412
2025-07-22,163.79771676967616,166.83541745706063,163.50983653848166,166.70635986328125,9288000,0.0,0.0,0.0031603864998496012,0.01675454341843644,14.495285034179688,1.0,3.5439910888671875,0.0,0.0,2.0,1.0,0.0
2025-07-23,167.37148692311334,167.88768698984708,165.37612327528475,167.8678436279297,10617600,0.0,0.0,0.0036379748668415777,0.016518827784625583,15.656768798828125,1.0,4.705474853515625,0.0,0.0,2.0,1.0,0.0
2025-07-24,168.26491777028016,168.75135277921373,167.64944032242454,168.32447814941406,6636900,0.0,0.0,0.0022802285208734017,0.015764896830849855,16.1134033203125,1.0,5.162109375,0.0,0.0,2.0,1.0,0.0
2025-07-25,168.51310084427433,168.64215843442236,166.21993529763907,167.07366943359375,6254900,0.0,0.0,0.002133016449321556,0.015783994176112093,14.862594604492188,-1.0,-1.2508087158203125,0.0,0.0,0.058712070111420746,0.5,0.5
2025-07-28,166.63686892077462,166.716287809053,163.84734674076452,165.00881958007812,8014600,0.0,0.0,0.002699322857634989,0.016236573863775583,12.797744750976562,-1.0,-3.3156585693359375,0.0,0.0,0.41255817847863613,0.5,0.5
2025-07-29,165.45554577730132,167.5501717232516,165.1577287183899,166.8850555419922,7663400,0.0,0.0,0.0026103862006786895,0.015995040314479368,14.673980712890625,1.0,1.8762359619140625,0.0,0.0,0.32021030663508615,0.16010515331754308,0.839894846682457
2025-07-30,166.4780255450852,167.3813983278141,165.56473108200672,166.04122924804688,6189200,0.0,0.0,0.002097569113723681,0.0157095228257484,13.830154418945312,1.0,1.03240966796875,0.0,0.0,0.09695372967341816,0.04847686483670908,0.9515231351632909
2025-07-31,164.72092804453877,165.8526358681021,163.03331828531643,163.53961181640625,11036200,0.0,0.0,0.0036839043669245567,0.01612430722188957,11.328536987304688,-1.0,-2.501617431640625,2.1244104330734785,0.03516650410006932,2.0,0.017279423589776306,0.9827205764102237
2025-08-01,164.27420720537964,166.39861324980154,163.589232544041,166.11073303222656,8927800,0.0,0.0,0.0030269689781466562,0.01597020726812476,13.899658203125,1.0,2.5711212158203125,0.0,0.0,1.0563390019749572,0.5281695009874786,0.4718304990125214
2025-08-04,165.81291080472943,169.9426020051953,165.425753201411,169.79368591308594,12679100,0.0,0.0,0.004394159186890878,0.016407957298226968,17.582611083984375,1.0,6.2540740966796875,0.0,0.0,2.0,1.0,0.0
2025-08-05,169.29734058295347,170.30991251627796,168.41382624192067,169.4958953857422,7934400,0.0,0.0,0.0027449794606961074,0.016061773022051917,17.284820556640625,1.0,5.9562835693359375,0.0,0.0,2.0,1.0,0.0
2025-08-06,168.67193178592797,170.925380222256,168.44359680529257,169.3469696044922,8957200,0.0,0.0,0.003096103880202508,0.015974406739157097,17.135894775390625,1.0,5.8073577880859375,0.0,0.0,2.0,1.0,0.0
2025-08-07,169.9227434353212,170.36946141628047,168.68185173954336,170.28012084960938,9315900,0.0,0.0,0.003237834083897487,0.015460002585077983,18.069046020507812,1.0,6.740509033203125,0.0,0.0,2.0,1.0,0.0
2025-08-08,169.77385105569505,172.6924308950189,169.14843676223865,172.0670166015625,7686800,0.0,0.0,0.0026996597583182694,0.015677819395809547,19.855941772460938,1.0,8.52740478515625,0.0,0.0,2.0,1.0,0.0
2025-08-11,172.13649857758625,173.32776678312055,171.78905797397582,172.55345153808594,7256800,0.0,0.0,0.002555845677188075,0.015153884788472722,20.342376708984375,1.0,9.013839721679688,0.0,0.0,2.0,1.0,0.0
2025-08-12,172.73212285100382,173.4865795436525,170.5580781915039,171.52101135253906,7916700,0.0,0.0,0.0027715794931744745,0.015375716395576618,19.3099365234375,1.0,7.9813995361328125,0.0,0.0,2.0,1.0,0.0
2025-08-13,171.7394119513535,173.26818386678403,171.4415949126685,173.14906311035156,5878700,0.0,0.0,0.0020776254982667543,0.01489672203704858,20.93798828125,1.0,9.609451293945312,0.34746306130730886,0.0002753895006315361,2.0,1.0,0.0
2025-08-14,173.03986803125628,174.43959754208356,171.4614573816532,173.44688415527344,8241700,0.0,0.0,0.002917757050910027,0.015035370862108599,21.235809326171875,1.0,9.907272338867188,0.0,0.0,2.0,1.0,0.0
2025-08-15,174.2906945797857,175.97830428834766,173.68513881492242,175.35289001464844,9477600,0.0,0.0,0.003392166228389529,0.014840814956466645,23.141815185546875,1.0,11.813278198242188,0.0,0.0,2.0,1.0,0.0
2025-08-18,175.21390709843195,176.2761176587736,174.8168278156073,174.96572875976562,9284000,0.0,0.0,0.0033155375014901197,0.014406995750203112,22.754653930664062,1.0,11.426116943359375,0.0,0.0,2.0,1.0,0.0
2025-08-19,174.75725508103903,176.88166108804336,174.69769470242457,176.5044403076172,9274200,0.0,0.0,0.003341164938754798,0.014145116836499005,24.293365478515625,1.0,12.964828491210938,0.0,0.0,2.0,1.0,0.0
2025-08-20,177.19934630540888,179.2939722373882,176.7029895930688,177.536865234375,9030000,0.0,0.0,0.003272217178762911,0.014180684178827578,25.325790405273438,1.0,13.99725341796875,0.0,0.0,2.0,1.0,0.0
2025-08-21,177.24898464409927,178.767834968949,176.86182701516904,177.62620544433594,8859600,0.0,0.0,0.003212084601538192,0.01392761544831948,25.415130615234375,1.0,14.086593627929688,0.0,0.0,2.0,1.0,0.0
2025-08-22,178.72811660435497,179.83996592972952,176.17685100409255,177.98358154296875,9524000,0.0,0.0,0.003459912782439163,0.014376903232839603,25.772506713867188,1.0,14.4439697265625,0.526138588976238,0.00041676092054833945,2.0,1.0,0.0
2025-08-25,178.21191308578193,178.94651130433263,176.99086470246428,177.11000061035156,6229100,0.0,0.0,0.0022518227902155984,0.014204542760309925,24.89892578125,1.0,13.570388793945312,0.0,0.0,2.0,1.0,0.0
2025-08-26,176.75,177.16000366210938,175.77000427246094,176.49000549316406,9145000,1.3,0.0,0.003294349327394911,0.013798824631418556,24.2789306640625,-1.0,-0.6199951171875,0.40684673163161733,0.00028080352367228456,0.002087334049154427,0.11857568027059565,0.8814243197294044
2025-08-27,176.97000122070312,177.69000244140625,176.16000366210938,176.7899932861328,5951100,0.0,0.0,0.0021474385744537114,0.013409618471754191,24.57891845703125,1.0,0.29998779296875,0.0,0.0,0.23411574771688637,0.11705787385844318,0.8829421261415569
2025-08-28,176.3699951171875,176.49000549316406,174.6300048828125,175.4499969482422,6424700,0.0,0.0,0.0023007638280258345,0.013426255608694043,23.238922119140625,-1.0,-1.339996337890625,1.1399993896484375,0.0024064524053308703,2.0,0.0012017801892518832,0.9987982198107481
2025-08-29,175.97000122070312,177.41000366210938,175.4499969482422,177.1699981689453,6942300,0.0,0.0,0.002510495113886093,0.013136407172710581,24.95892333984375,1.0,1.720001220703125,0.0,0.0,1.6475943247022797,0.8237971623511399,0.17620283764886013
2025-09-02,177.47000122070312,179.1999969482422,176.88999938964844,178.05999755859375,9049000,0.0,0.0,0.0032887644858429687,0.013063775475631414,25.848922729492188,1.0,2.6100006103515625,0.0,0.0,2.0,1.0,0.0
2025-09-03,177.6699981689453,178.2899932861328,176.52999877929688,178.0,7111700,0.0,0.0,0.0025838021369773327,0.012840995300038622,25.788925170898438,-1.0,-0.05999755859375,0.0,0.0,0.0005284281431011914,0.5,0.5
2025-09-04,178.0,178.89999389648438,177.5500030517578,178.75999450683594,7854800,0.0,0.0,0.0028659676689754094,0.012412514354278531,26.548919677734375,1.0,0.7599945068359375,0.0,0.0,2.0,1.0,0.0
2025-09-05,178.0,179.50999450683594,176.55999755859375,178.42999267578125,9733800,0.0,0.0,0.003544998852476447,0.012728157190336578,26.218917846679688,1.0,0.42999267578125,0.0,0.0,2.0,1.0,0.0
2025-09-08,177.36000061035156,179.4499969482422,176.6999969482422,178.1300048828125,8382500,0.0,0.0,0.0030477298219368973,0.012941633333817742,25.918930053710938,1.0,0.1300048828125,0.850006103515625,0.0010754988467876602,2.0,1.0,0.0
2025-09-09,178.0,178.08999633789062,176.4499969482422,176.9600067138672,6005700,0.0,0.0,0.002169224910753073,0.012774807240575791,24.748931884765625,-1.0,-1.1699981689453125,0.1100006103515625,1.9755010690759133e-05,2.0,9.877407781231408e-06,0.9999901225922188
2025-09-10,176.3000030517578,176.61000061035156,174.3300018310547,175.7899932861328,6891600,0.0,0.0,0.002472748998244997,0.013009920839580219,23.57891845703125,-1.0,-2.3400115966796875,0.0,0.0,2.0,0.5,0.5
2025-09-11,175.75,178.85000610351562,175.6300048828125,178.5,5792500,0.0,0.0,0.002110425790908062,0.013185747051725155,26.288925170898438,1.0,2.7100067138671875,0.760009765625,0.0008357813674896488,1.3412344942888745,0.6710351378281821,0.32896486217181786
2025-09-12,177.7100067138672,178.8000030517578,176.72000122070312,178.05999755859375,7220200,0.0,0.0,0.002624106237228799,0.013108554224350219,25.848922729492188,1.0,2.2700042724609375,0.0,0.0,0.9410600341917612,0.4705300170958806,0.5294699829041194
2025-09-15,177.75999450683594,178.99000549316406,176.92999267578125,177.39999389648438,4768100,0.0,0.0,0.0017264928273470217,0.013046961130469426,25.188919067382812,1.0,1.6100006103515625,0.0,0.0,0.47338671075443295,0.23669335537721647,0.7633066446227835
2025-09-16,177.57000732421875,177.6199951171875,175.64999389648438,176.4600067138672,7959300,0.0,0.0,0.0028667313014566725,0.012977000341967188,24.248931884765625,-1.0,-0.9399871826171875,1.07000732421875,0.0019471000759820603,0.34087235583392284,0.005679666198682057,0.9943203338013179
2025-09-17,176.7100067138672,178.50999450683594,176.58999633789062,177.1999969482422,6714900,0.0,0.0,0.0024286732097141325,0.01282609187280738,24.988922119140625,1.0,0.739990234375,0.0,0.0,0.6197379815484214,0.3098689907742107,0.6901310092257893
2025-09-18,176.60000610351562,177.02000427246094,173.8699951171875,174.16000366210938,8200900,0.0,0.0,0.002915249732102652,0.01348357252325845,21.948928833007812,-1.0,-3.0399932861328125,1.779998779296875,0.006576771424744816,2.0,0.0032776076741260498,0.9967223923258739
2025-09-19,174.69000244140625,177.16000366210938,173.3300018310547,176.19000244140625,25621000,0.0,0.0,0.009213892919966058,0.013928911514090293,23.978927612304688,-1.0,-1.0099945068359375,0.0,0.0,1.8628850039644504,0.5,0.5
2025-09-22,176.08999633789062,176.63999938964844,174.1199951171875,174.2100067138672,7193900,0.0,0.0,0.0025580163542751593,0.01411422886318,21.998931884765625,-1.0,-2.989990234375,0.0,0.0,2.0,0.5,0.5
2025-09-23,174.88999938964844,176.97000122070312,174.8300018310547,176.5800018310547,8350400,0.0,0.0,0.0030096404776163636,0.014046612992879676,24.368927001953125,1.0,2.3699951171875,0.0,0.0,0.6282830780620733,0.31414153903103664,0.6858584609689633
2025-09-24,176.13999938964844,176.9499969482422,175.74000549316406,176.69000244140625,6676800,0.0,0.0,0.0024079428036459273,0.013524313493712897,24.478927612304688,1.0,2.4799957275390625,0.0,0.0,0.6879586340483539,0.34397931702417694,0.656020682975823
2025-09-25,177.1999969482422,178.39999389648438,175.91000366210938,177.72999572753906,8475000,0.0,0.0,0.0030744416859352125,0.013485517291837548,25.5189208984375,1.0,3.519989013671875,0.0,0.0,1.385935682231389,0.6929678411156945,0.30703215888430546
2025-09-26,178.60000610351562,179.91000366210938,177.32000732421875,179.7100067138672,8634400,0.0,0.0,0.003167161774809844,0.013413732909244087,27.498931884765625,1.0,5.5,0.0,0.0,2.0,1.0,0.0
2025-09-29,179.8300018310547,181.8699951171875,179.8000030517578,181.6199951171875,8597100,0.0,0.0,0.0031869955772616046,0.013174113812674852,29.408920288085938,1.0,7.4099884033203125,0.0,0.0,2.0,1.0,0.0
2025-09-30,181.6999969482422,185.9900054931641,181.07000732421875,185.4199981689453,11569000,0.0,0.0,0.0043784280381699075,0.013877710389927045,33.20892333984375,1.0,11.209991455078125,0.0,0.0,2.0,1.0,0.0
2025-10-01,186.0,186.55999755859375,183.91000366210935,186.0500030517578,13063800,0.0,0.0,0.004960952024412055,0.013860198395391172,33.83892822265625,1.0,11.839996337890625,0.0,0.0,2.0,1.0,0.0
2025-10-02,184.19000244140625,186.58999633789065,184.08999633789065,185.97999572753903,7728100,0.0,0.0,0.002933626291956436,0.013835193579352232,33.76892089843747,1.0,11.769989013671847,0.0,0.0,2.0,1.0,0.0
2025-10-03,187.05999755859375,189.77999877929688,186.91000366210935,188.63999938964844,8675100,0.0,0.0,0.0033402125140384025,0.014104682891217628,36.428924560546875,1.0,14.42999267578125,0.0,0.0,2.0,1.0,0.0
2025-10-06,188.0,189.9199981689453,187.3699951171875,188.16000366210935,5806100,0.0,0.0,0.0022298602568382344,0.01409863875911209,35.948928833007784,1.0,13.949996948242159,0.0,0.0,2.0,1.0,0.0
2025-10-07,183.77000427246097,189.22999572753903,182.94000244140625,188.88999938964844,8776800,0.0,0.0,0.003383849116943139,0.015419553475938527,36.678924560546875,-1.0,0.7299957275390909,3.9700012207030966,0.011715156472183677,0.059607526001501515,0.03566134123684259,0.9643386587631574
2025-10-08,188.8699951171875,190.22000122070312,188.27000427246097,189.69000244140625,5751200,0.0,0.0,0.002226736025387043,0.014992050654971417,37.47892761230469,1.0,0.8000030517578125,0.0,0.0,0.0715885799349221,0.03579428996746105,0.964205710032539
2025-10-09,190.0,192.1000061035156,189.72999572753903,191.0800018310547,7484800,0.0,0.0,0.0029191825858463924,0.01472081660419213,38.868927001953125,1.0,2.19000244140625,0.0,0.0,0.5364752097435354,0.2682376048717677,0.7317623951282324
2025-10-10,192.0099945068359,192.07000732421875,189.8500061035156,190.72000122070312,9598000,0.0,0.0,0.0037363091988174392,0.014526567968125997,38.50892639160156,1.0,1.8300018310546875,0.0,0.0,0.3745963219055354,0.1872981609527677,0.8127018390472323
2025-10-13,189.8300018310547,191.3000030517578,189.27999877929688,190.8999938964844,7979500,0.0,0.0,0.003109191102934748,0.01423205765043634,38.68891906738284,-1.0,0.17999267578127842,0.4499969482421591,0.00013528384707552082,0.0036238492815174987,0.0018795665642965097,0.9981204334357034
2025-10-14,192.9199981689453,194.3999938964844,185.8800048828125,190.8500061035156,13613300,0.0,0.0,0.005302997424264852,0.016407681407793556,38.638931274414034,-1.0,0.13000488281247158,3.9700012207030966,0.010556770234379849,0.0018905135242268053,0.0062236418793033274,0.9937763581206966
2025-10-15,191.47999572753903,193.57000732421875,189.3000030517578,191.1699981689453,9473000,0.0,0.0,0.0036963500769398665,0.016805641934984884,38.95892333984375,-1.0,0.4499969482421875,0.0,0.0,0.022650594085572302,0.011325297042786151,0.9886747029572138
2025-10-16,191.33999633789065,193.0500030517578,190.42999267578125,192.1199951171875,10611800,0.0,0.0,0.0041612848556406784,0.016502171446886555,39.90892028808594,-1.0,1.399993896484375,0.0,0.0,0.2192364417890447,0.10961822089452235,0.8903817791054777
2025-10-17,192.5,193.6000061035156,191.67999267578125,193.22000122070312,7764400,0.0,0.0,0.0030621453694844973,0.015945988816081138,41.00892639160156,1.0,1.100006103515625,0.0,0.0,0.135347628309385,0.0676738141546925,0.9323261858453075
2025-10-20,193.5,194.47999572753903,192.3300018310547,193.72000122070312,8034700,0.0,0.0,0.0031769468670696803,0.015561519332450043,41.50892639160156,1.0,1.600006103515625,0.0,0.0,0.2863543197396884,0.1431771598698442,0.8568228401301559
2025-10-21,193.0099945068359,193.5500030517578,191.77000427246097,191.8800048828125,6716000,0.0,0.0,0.002630305729839991,0.015314446519540857,39.66893005371094,-1.0,-1.839996337890625,0.0,0.0,1.322484645946642,0.5,0.5
2025-10-22,192.0,193.4499969482422,191.77999877929688,192.94000244140625,6343100,0.0,0.0,0.0024979840474619298,0.014760683044596285,40.72892761230469,-1.0,-0.779998779296875,0.0,0.0,0.23765369297737146,0.5,0.5
2025-10-23,192.55999755859375,194.0,191.5399932861328,192.47000122070312,8882500,0.0,0.0,0.0034895071131153224,0.014652764942235795,40.25892639160156,-1.0,-1.25,0.4499969482421875,0.00012493806020756924,0.6103469059137722,0.00020465818602584808,0.9997953418139741
2025-10-24,192.1999969482422,192.30999755859375,189.4199981689453,190.3999938964844,6903400,0.0,0.0,0.002682846289820404,0.014898272151466056,38.18891906738284,-1.0,-3.3200073242187216,0.0,0.0,2.0,0.5,0.5
2025-10-27,189.9900054931641,190.8000030517578,189.52999877929688,190.3000030517578,7126000,0.0,0.0,0.0027679002568935037,0.01431807135647543,38.08892822265625,-1.0,-3.4199981689453125,0.0,0.0,2.0,0.5,0.5
2025-10-28,189.2599945068359,189.5099945068359,186.6199951171875,186.92999267578125,8329500,0.0,0.0,0.0031780720890451715,0.01494122580777101,34.71891784667969,-1.0,-6.790008544921875,0.0,0.0,2.0,0.5,0.5
2025-10-29,186.6999969482422,187.1000061035156,184.66000366210935,186.6000061035156,10551100,0.0,0.0,0.004018604030530231,0.014832538345795902,34.388931274414034,-1.0,-7.119995117187528,0.0,0.0,2.0,0.5,0.5
2025-10-30,187.0800018310547,189.3800048828125,186.91000366210935,189.0500030517578,7072500,0.0,0.0,0.0027290749780439928,0.014644943079958934,36.83892822265625,1.0,2.449996948242216,0.0,0.0,0.11840545068631432,0.05920272534315716,0.9407972746568428
2025-10-31,187.4600067138672,189.5,186.7599945068359,188.8699951171875,8791700,0.0,0.0,0.0033892347609234806,0.014648076695219382,36.65892028808594,1.0,2.2699890136719034,0.0,0.0,0.1016454912125745,0.05082274560628725,0.9491772543937127
2025-11-03,189.0,189.02999877929688,185.52000427246097,186.2599945068359,7542600,0.0,0.0,0.0028675201957918586,0.01513842552337571,34.04891967773435,-1.0,-2.610000610351591,1.3899993896483807,0.0016665661066426751,1.3220068553321271,0.0012590462871356874,0.9987409537128643
2025-11-04,186.8300018310547,187.82000732421875,185.6199951171875,186.86000061035156,7209400,0.0,0.0,0.002749674529971735,0.014852942536373056,34.64892578125,-1.0,-2.0099945068359375,0.0,0.0,0.7840472402082376,0.5,0.5
2025-11-05,186.63999938964844,187.8300018310547,185.3999938964844,186.0,5049400,0.0,0.0,0.001916984240832698,0.014788970431232222,33.78892517089844,-1.0,-2.8699951171875,0.0,0.0,1.598507966922495,0.5,0.5
2025-11-06,186.7599945068359,187.52000427246097,185.3699951171875,186.97000122070312,6767400,0.0,0.0,0.0025826145927436207,0.014482743377656142,34.75892639160156,-1.0,-1.899993896484375,0.0,0.0,0.7005786547392944,0.5,0.5
2025-11-07,187.7400054931641,188.3500061035156,185.6999969482422,186.57000732421875,6959200,0.0,0.0,0.002650128722844952,0.014491653374185997,34.35893249511719,1.0,-0.399993896484375,0.5200042724609091,0.00022905221687456522,0.031049829401348542,0.0073229030267220035,0.992677096973278
2025-11-10,186.0,188.4199981689453,185.1199951171875,188.41000366210935,5323800,0.0,0.0,0.0020473472648454834,0.014576192003210423,36.198928833007784,1.0,1.4400024414062216,0.8999938964843466,0.0006181411979098914,2.0,1.0,0.0
2025-11-11,189.38999938964844,193.9199981689453,189.0500030517578,193.8300018310547,7465600,0.0,0.0,0.002953599050205218,0.015187056098745457,41.618927001953125,1.0,6.8600006103515625,0.0,0.0,2.0,1.0,0.0
2025-11-12,193.36000061035156,195.5500030517578,193.07000732421875,194.38999938964844,8803000,0.0,0.0,0.003492773657834822,0.014972914650241986,42.178924560546875,1.0,7.4199981689453125,0.0,0.0,2.0,1.0,0.0
2025-11-13,194.2100067138672,196.0,193.4499969482422,195.25,8631600,0.0,0.0,0.0034399186457815473,0.014775052627818249,43.03892517089844,1.0,8.279998779296875,0.0,0.0,2.0,1.0,0.0
2025-11-14,195.0,197.17999267578125,193.5500030517578,195.92999267578125,8824800,0.0,0.0,0.0035291621803519454,0.014995431493099065,43.71891784667969,1.0,8.959991455078125,0.0,0.0,2.0,1.0,0.0
2025-11-17,196.9600067138672,200.27999877929688,195.8999938964844,199.5800018310547,13257000,0.0,0.0,0.005400427017032311,0.015237254185997404,47.368927001953125,1.0,12.610000610351562,0.0,0.0,2.0,1.0,0.0
2025-11-18,199.0099945068359,200.3000030517578,198.52999877929688,200.0,12468600,0.0,0.0,0.005089949940873754,0.014751310753893512,47.78892517089844,1.0,13.029998779296875,0.0,0.0,2.0,1.0,0.0
2025-11-19,200.0,203.47999572753903,199.3800048828125,202.5099945068359,14690800,0.0,0.0,0.006072363077397731,0.014974004795676751,50.29891967773435,1.0,15.539993286132784,0.0,0.0,2.0,1.0,0.0
2025-11-20,202.0,204.5099945068359,201.57000732421875,203.07000732421875,10612600,0.0,0.0,0.004398791758721759,0.014900209931373221,50.85893249511719,1.0,16.100006103515625,0.0,0.0,2.0,1.0,0.0
2025-11-21,203.9600067138672,206.94000244140625,202.9900054931641,203.8999938964844,13175700,0.0,0.0,0.005483485927157136,0.015163319856578376,51.68891906738284,1.0,16.92999267578128,0.0,0.0,2.0,1.0,0.0
2025-11-24,203.7100067138672,204.25,203.1000061035156,203.3500061035156,756298,0.0,0.0,0.00031390841958578734,0.014522253467370554,51.138931274414034,1.0,16.38000488281247,0.0,0.0,2.0,1.0,0.0
