Date,Open,High,Low,Close,Volume,Dividends,Stock Splits,relative_volume,Atr_Close,Atr_Low,Atr_High,fast_trend_run,structural_direction,slow_trend_run,breaking_gap,fast_swing_ratio,slow_swing_ratio,p_up,p_down
2020-12-03,31.456240511785317,31.46088026386496,31.112707600936066,31.200912475585938,1114200,0.0,0.0,0.00016425804916415476,0.3815442963437871,0.3815442963437871,0.3815442963437871,-0.431732177734375,-1.0,-0.431732177734375,0.0,0.0,2.0,0.0,1.0
2020-12-04,31.460878685707947,31.669784398063335,31.40053003554055,31.479448318481445,1125000,0.0,0.0,0.00016733078418460496,0.3877819839247593,0.3877819839247593,0.3877819839247593,0.2785358428955078,1.0,0.2785358428955078,0.0,0.0,0.41622996444864213,0.20811498222432107,0.7918850177756789
2020-12-07,31.887976038303577,31.952967987987876,31.59550872292859,31.665143966674805,1319400,0.0,0.0,0.00019740318607070072,0.39390610432345013,0.39390610432345013,0.39390610432345013,0.4642314910888672,1.0,0.4642314910888672,0.0,0.0,1.1562196813488779,0.5781098406744389,0.42189015932556106
2020-12-08,31.46552275936822,31.89261369836021,31.43302678665786,31.8369083404541,996800,0.0,0.0,0.00014994608380436544,0.3985975905648003,0.3985975905648003,0.3985975905648003,0.6359958648681641,-1.0,0.17176437377929688,0.0,0.0,0.15828411910639445,0.07914205955319722,0.9208579404468028
2020-12-09,32.70502344641944,32.70966674115474,32.375420356135784,32.612178802490234,3013800,0.0,0.0,0.0004643981216959648,0.43246621986021744,0.43246621986021744,0.43246621986021744,1.4112663269042969,1.0,0.7752704620361328,0.0,0.0,2.0,1.0,0.0
2020-12-10,32.56575447779553,32.621459844008825,32.02260590644037,32.16187286376953,1974200,0.0,0.0,0.00030000513589371994,0.4443510568393774,0.4443510568393774,0.4443510568393774,-0.4503059387207031,-1.0,-0.4503059387207031,0.0,0.0,0.3373718743445089,0.8313140628277456,0.16868593717225444
2020-12-11,32.20828373824063,32.35219748067828,32.10615608920685,32.282562255859375,1234800,0.0,0.0,0.0001883479203337194,0.43018608074166687,0.43018608074166687,0.43018608074166687,0.12068939208984375,-1.0,-0.3296165466308594,0.0,0.0,0.18076383013031272,0.5,0.5
2020-12-14,32.356848745839244,32.48219290347581,31.89261847091015,31.901905059814453,2130600,0.0,0.0,0.00032115504754364784,0.4415709630148094,0.4415709630148094,0.4415709630148094,-0.3806571960449219,-1.0,-0.7102737426757812,0.0,0.0,0.8393537689500544,0.5803231155249728,0.4196768844750272
2020-12-15,32.14330097231718,32.29185450812204,32.045813046488576,32.25471878051758,2290600,0.0,0.0,0.00034909106033001827,0.43788371196429376,0.43788371196429376,0.43788371196429376,0.352813720703125,-1.0,-0.35746002197265625,0.0,0.0,0.21259276492967102,0.5,0.5
2020-12-16,33.54527539716426,33.62883697521835,33.322443341754905,33.35029602050781,3293600,0.0,0.0,0.0005189992835375731,0.5047576035883278,0.5047576035883278,0.5047576035883278,1.4483909606933594,1.0,1.0955772399902344,1.1466440717425357,0.6267374533682945,2.0,1.0,0.0
2020-12-17,33.382801705805676,33.471003052092925,33.21103522422142,33.29924011230469,2730600,0.0,0.0,0.0004296240849423113,0.48727261960855484,0.48727261960855484,0.48727261960855484,-0.051055908203125,-1.0,-0.051055908203125,0.0,0.0,0.0021717308922578385,0.9989141345538711,0.0010858654461289193
2020-12-18,33.94915214080305,34.31589441182587,33.721680341944165,34.260189056396484,3340800,0.0,0.0,0.0005407997017091986,0.5250855967451713,0.5250855967451713,0.5250855967451713,0.9609489440917969,1.0,0.9609489440917969,0.6870574366075246,0.5111936631879825,2.0,1.0,0.0
2020-12-21,33.44314288236165,33.46171251473818,33.19245815797133,33.378150939941406,2277000,0.0,0.0,0.0003591050529402743,0.5638459754365986,0.5638459754365986,0.5638459754365986,-0.8820381164550781,-1.0,-0.8820381164550781,0.018577066250088592,0.0004435877593649597,0.8425080875728815,0.5785241623338768,0.42147583766612323
2020-12-22,33.03462410500636,33.07640312468096,32.67716485274468,32.783939361572266,1729600,0.0,0.0,0.00026791869898411193,0.5736416977051791,0.5736416977051791,0.5736416977051791,-1.4762496948242188,-1.0,-1.4762496948242188,0.0,0.0,2.0,0.0,1.0
2020-12-23,32.61680914114923,32.62609218513628,32.282562888899854,32.3197021484375,1773000,0.0,0.0,0.00027075238852425815,0.5684798959171243,0.5684798959171243,0.5684798959171243,-1.9404869079589844,-1.0,-1.9404869079589844,0.0,0.0,2.0,0.0,1.0
2020-12-24,32.393982392610155,32.44040470368259,32.18508022188655,32.231502532958984,555000,0.0,0.0,8.452199626446581e-05,0.5461116520513325,0.5461116520513325,0.5461116520513325,-2.0286865234375,-1.0,-2.0286865234375,0.0,0.0,2.0,0.0,1.0
2020-12-28,33.17389704439304,33.17389704439304,32.46826854186113,32.612178802490234,2513200,0.0,0.0,0.0003872603886941067,0.5744175705786697,0.5744175705786697,0.5744175705786697,0.38067626953125,1.0,0.38067626953125,0.5478048592567575,2.0,0.03521127256494642,1.0,0.0
2020-12-29,33.0485462820287,33.0485462820287,32.67716073665605,32.76536560058594,2548800,0.0,0.0,0.00039459082960462865,0.5645568497900839,0.5645568497900839,0.5645568497900839,0.5338630676269531,1.0,0.5338630676269531,0.0,0.0,0.0692516087708508,0.0346258043854254,0.9653741956145746
2020-12-30,32.98820085844081,33.04390976420806,32.486834873718685,32.58896255493164,1491600,0.0,0.0,0.00022967785372949329,0.5640224241257475,0.5640224241257475,0.5640224241257475,-0.17640304565429688,-1.0,-0.17640304565429688,0.0,0.0,0.10918234126785896,0.9454088293660705,0.05459117063392948
2020-12-31,32.42183604581415,32.53789359788272,32.12472899586224,32.42647933959961,1027600,0.0,0.0,0.00015744182131781167,0.5568946480502941,0.5568946480502941,0.5568946480502941,-0.3388862609863281,-1.0,-0.3388862609863281,0.0,0.0,0.40294722486251555,0.7985263875687423,0.20147361243125778
2021-01-04,33.04855505337,33.206391649877645,32.75608770768255,33.159969329833984,4629600,0.0,0.0,0.0007253603307763564,0.5728244810665614,0.5728244810665614,0.5728244810665614,0.733489990234375,1.0,0.733489990234375,0.16248188566958532,0.04907061693967516,2.0,1.0,0.0
2021-01-05,32.876778139617535,32.918560693654115,32.37540874194779,32.85356521606445,1751000,0.0,0.0,0.00027180964459255275,0.5879484886965354,0.5879484886965354,0.5879484886965354,-0.30640411376953125,-1.0,-0.30640411376953125,0.0,0.0,0.1745021574182197,0.9127489212908901,0.08725107870910985
2021-01-06,32.17579969515561,32.398631788788876,31.93440150703256,31.99939346313477,2121400,0.0,0.0,0.0003207454632354882,0.6116067187204894,0.6116067187204894,0.6116067187204894,-1.1605758666992152,-1.0,-1.1605758666992152,0.0,0.0,2.0,0.0,1.0
2021-01-07,32.39398496434864,32.602890693452444,32.096877899743546,32.53789520263672,1414000,0.0,0.0,0.0002173877545997516,0.6110274695488599,0.6110274695488599,0.6110274695488599,0.5385017395019496,1.0,0.5385017395019496,0.0,0.0,0.2152916320733759,0.10764581603668795,0.892354183963312
2021-01-08,32.56110476264395,32.653949382555425,32.375411981025785,32.61681365966797,1129800,0.0,0.0,0.00017411625363910306,0.5872781789760585,0.5872781789760585,0.5872781789760585,0.6174201965331996,1.0,0.6174201965331996,0.0,0.0,0.2830183484528006,0.1415091742264003,0.8584908257735997
2021-01-11,32.68645750656025,32.78858519864974,32.57039993019859,32.691097259521484,1079000,0.0,0.0,0.00016666605417135373,0.5609143996528508,0.5609143996528508,0.5609143996528508,0.6917037963867152,1.0,0.6917037963867152,0.0,0.0,0.35521659553400786,0.17760829776700393,0.8223917022329961
2021-01-12,32.393979821378586,32.486827977949055,31.91118003259723,32.18507766723633,3116000,0.0,0.0,0.0004738580050378854,0.5765574587436654,0.5765574587436654,0.5765574587436654,-0.5060195922851562,-1.0,-0.5060195922851562,0.4642319484285551,0.8416574768606211,0.5351731865888976,0.3115846682752407,0.6884153317247593
2021-01-13,32.57038445569314,33.150672061801174,32.55181482728234,32.91391372680664,2552000,0.0,0.0,0.00039687743545476655,0.6043458113023211,0.6043458113023211,0.6043458113023211,0.7288360595703125,1.0,0.7288360595703125,0.3620868631514327,0.24681175153682572,2.0,1.0,0.0
2021-01-14,32.8489292738891,33.10425375360564,32.81179000861551,32.97426986694336,1676000,0.0,0.0,0.0002611231724572514,0.5820685208514503,0.5820685208514503,0.5820685208514503,0.7891921997070312,1.0,0.7891921997070312,0.0,0.0,2.0,1.0,0.0
2021-01-15,33.29923631993733,33.55920411820174,33.14139619827992,33.43850326538086,2023400,0.0,0.0,0.00031968686055307375,0.5822732158805168,0.5822732158805168,0.5822732158805168,1.2534255981445312,1.0,1.2534255981445312,0.0,0.0,2.0,1.0,0.0
2021-01-19,34.060569946025964,34.060569946025964,33.675258042473054,33.89808654785156,2002400,0.0,0.0,0.0003207171854708937,0.5851156062208446,0.5851156062208446,0.5851156062208446,1.7130088806152344,1.0,1.7130088806152344,0.0,0.0,2.0,1.0,0.0
2021-01-20,33.58705373708796,33.67525860708491,33.30387303616697,33.41529083251953,2082400,0.0,0.0,0.0003287801669934997,0.5857654566111123,0.5857654566111123,0.5857654566111123,-0.48279571533203125,-1.0,-0.48279571533203125,0.0,0.0,0.07943421088206927,0.9602828945589653,0.039717105441034635
2021-01-21,33.74025219785791,33.76346512534673,33.41993221584868,33.66597366333008,1923200,0.0,0.0,0.0003059227967102875,0.5687946591979754,0.5687946591979754,0.5687946591979754,0.2506828308105469,1.0,0.2506828308105469,0.0,0.0,0.26960153846610985,0.13480076923305492,0.865199230766945
2021-01-22,33.48492366137187,33.98629313654254,33.38279599061821,33.80988693237305,1595000,0.0,0.0,0.00025480070013307317,0.571273408249858,0.571273408249858,0.571273408249858,0.3945960998535156,1.0,0.3945960998535156,0.0,0.0,0.6680035376089904,0.3340017688044952,0.6659982311955048
2021-01-25,33.74025123194648,34.03271498423742,33.73096818629399,33.97236633300781,1112800,0.0,0.0,0.00017862371878860187,0.5520215075136845,0.5520215075136845,0.5520215075136845,0.5570755004882812,1.0,0.5570755004882812,0.0,0.0,1.3313777778974658,0.6656888889487329,0.3343111110512671
2021-01-26,34.04200493545895,34.18127188477984,33.91202103270784,34.0141487121582,1559200,0.0,0.0,0.00025058648453453035,0.5318236035535641,0.5318236035535641,0.5318236035535641,0.5988578796386719,1.0,0.5988578796386719,0.0,0.0,1.5385822651988228,0.7692911325994114,0.2307088674005886
2021-01-27,33.23423987085848,33.34101438023764,32.47290259062747,32.4821891784668,2322200,0.0,0.0,0.00035640281313903285,0.6039252119805048,0.6039252119805048,0.6039252119805048,-1.5319595336914062,-1.0,-1.5319595336914062,1.2580655956665225,0.6743913393505051,2.0,0.0,1.0
2021-01-28,32.85356885568198,33.37815123501963,32.76072423477376,32.77465057373047,2082000,0.0,0.0,0.0003224148276820833,0.6247849865928139,0.6247849865928139,0.6247849865928139,0.2924613952636719,1.0,0.2924613952636719,0.0,0.0,0.036445382100044686,0.018222691050022343,0.9817773089499776
2021-01-29,32.45897834353543,32.53789663628057,32.02260431542975,32.3104248046875,2329200,0.0,0.0,0.00035558682440828455,0.6338750774290927,0.6338750774290927,0.6338750774290927,-0.46422576904296875,-1.0,-0.46422576904296875,0.45029827519771715,0.9408969878872275,2.0,0.0,1.0
2021-02-01,32.86286483450413,32.9000041101993,32.6214630842818,32.686458587646484,1787200,0.0,0.0,0.0002760178931098577,0.6307110937207144,0.6307110937207144,0.6307110937207144,0.3760337829589844,1.0,0.3760337829589844,0.0,0.0,0.6561380730949307,0.32806903654746533,0.6719309634525347
2021-02-02,32.98819778128848,33.05783302155299,32.72358670171968,32.94641876220703,2501200,0.0,0.0,0.0003893613557218203,0.6121870465911279,0.6121870465911279,0.6121870465911279,0.6359939575195312,1.0,0.6359939575195312,0.0,0.0,1.876927468997902,0.938463734498951,0.06153626550104896
2021-02-03,33.87023460794868,34.03735776152075,33.559201227276624,33.61491012573242,2839400,0.0,0.0,0.0004509773638638607,0.6463836146427417,0.6463836146427417,0.6463836146427417,1.3044853210449219,1.0,1.3044853210449219,0.0,0.0,2.0,1.0,0.0
2021-02-04,33.559197396327775,33.57312373390314,33.14138956009245,33.252803802490234,2882000,0.0,0.0,0.0004528125526262619,0.6340362539996869,0.6340362539996869,0.6340362539996869,-0.3621063232421875,-1.0,-0.3621063232421875,0.0,0.0,0.07705375796843535,0.9614731210157823,0.03852687898421767
2021-02-05,33.06712357452496,33.15996821148101,32.85357453429349,33.14604187011719,2322600,0.0,0.0,0.00036374941835402126,0.6172643264423336,0.6172643264423336,0.6172643264423336,-0.4688682556152344,-1.0,-0.4688682556152344,0.0,0.0,0.1291883249740914,0.9354058375129543,0.0645941624870457
2021-02-08,33.13211092588073,33.146037265309836,32.70501644654769,32.909278869628906,2433000,0.0,0.0,0.0003783177220323513,0.6046758333799883,0.6046758333799883,0.6046758333799883,-0.7056312561035156,-1.0,-0.7056312561035156,0.0,0.0,0.29260195700177594,0.853699021499112,0.14630097850088797
2021-02-09,33.26209547771147,33.31780083653562,32.90463623021109,33.08568572998047,1609400,0.0,0.0,0.00025159403971394064,0.5909964600188841,0.5909964600188841,0.5909964600188841,0.1764068603515625,1.0,0.1764068603515625,0.15783262505460982,0.8005023630985599,0.06249932424213756,0.43150084367034874,0.5684991563296513
2021-02-10,33.220317208952316,33.22496050338607,32.71895120577991,33.04391098022461,1604000,0.0,0.0,0.00025043326676361786,0.5849259484179754,0.5849259484179754,0.5849259484179754,-0.041774749755859375,-1.0,-0.041774749755859375,0.0,0.0,0.05607854963387887,0.9719607251830605,0.028039274816939436
2021-02-11,34.195196976132166,34.385529509408,33.92594261999052,34.32053756713867,5004000,0.0,0.0,0.0008114608917144045,0.638975418472648,0.638975418472648,0.638975418472648,1.2766265869140625,1.0,1.2766265869140625,1.0677286728723843,0.6995101835525958,2.0,1.0,0.0
2021-02-12,34.30661207382246,35.21650282981254,34.30661207382246,35.197933197021484,3841200,0.0,0.0,0.0006388226324794691,0.6583265140096077,0.6583265140096077,0.6583265140096077,2.154022216796875,1.0,2.154022216796875,0.0,0.0,2.0,1.0,0.0
2021-02-16,34.845123291015625,35.02617281483305,34.56658583451158,34.845123291015625,3971400,0.0,0.0,0.0006538556008359522,0.6563994317596291,0.6563994317596291,0.6563994317596291,-0.3528099060058594,1.0,1.8012123107910156,0.0,0.0,2.0,0.5,0.5
2021-02-17,34.654787696611955,35.11901793088192,34.61300513379394,35.081878662109375,2645000,0.0,0.0,0.0004384345087529667,0.6456575292830825,0.6456575292830825,0.6456575292830825,0.23675537109375,1.0,2.0379676818847656,0.0,0.0,2.0,1.0,0.0
2021-02-18,34.79405117835316,34.93332165148916,34.53408340641423,34.85904312133789,2330200,0.0,0.0,0.00038379991191139984,0.6386673668839439,0.6386673668839439,0.6386673668839439,-0.22283554077148438,-1.0,-0.22283554077148438,0.03250242809734516,0.021274663238116484,0.011955681387314843,0.9833848276872843,0.016615172312715663
2021-02-19,34.49694583080006,34.622289971120146,34.292686946471164,34.390174865722656,3125400,0.0,0.0,0.0005078508727672387,0.6335022817398569,0.6335022817398569,0.6335022817398569,-0.6917037963867188,-1.0,-0.6917037963867188,0.0,0.0,0.11519821062203547,0.9424008946889822,0.05759910531101774
2021-02-22,33.98164921301366,34.060571038754276,33.74489436117785,33.77274703979492,1677400,0.0,0.0,0.0002676697153191484,0.6343435833687819,0.6343435833687819,0.6343435833687819,-1.3091316223144531,-1.0,-1.3091316223144531,0.0,0.0,0.41264068101254103,0.7936796594937294,0.20632034050627052
2021-02-23,33.266737004669665,33.36422491922956,33.04854824940908,33.27602005004883,2121400,0.0,0.0,0.0003335417115915774,0.640761812441429,0.640761812441429,0.640761812441429,-1.8058586120605469,-1.0,-1.8058586120605469,0.0,0.0,0.7851866445051782,0.607406677747411,0.3925933222525891
2021-02-24,33.42457816921593,33.74489817671222,33.26674158347881,33.51278305053711,1729800,0.0,0.0,0.00027390666433944595,0.6291471539265704,0.6291471539265704,0.6291471539265704,0.23676300048828125,1.0,0.23676300048828125,0.0,0.0,0.017189378752279834,0.008594689376139917,0.9914053106238601
2021-02-25,33.77738826881652,33.88880251826984,33.51277721274293,33.5824089050293,2143400,0.0,0.0,0.00034010364228209336,0.6110670218980232,0.6110670218980232,0.6110670218980232,0.30638885498046875,1.0,0.30638885498046875,0.0,0.0,0.028785808900421248,0.014392904450210624,0.9856070955497894
2021-02-26,33.49885578963154,33.53599151703488,32.964990305731874,33.0764045715332,1746400,0.0,0.0,0.0002729343702686236,0.6115207059979804,0.6115207059979804,0.6115207059979804,-0.5060043334960938,-1.0,-0.5060043334960938,0.3017512777469378,0.35562293596033445,2.0,0.0,1.0
2021-03-01,33.670616453116054,33.95844045740931,33.605624507274904,33.80988693237305,1633400,0.0,0.0,0.00026093508689489764,0.630843218846418,0.630843218846418,0.630843218846418,0.7334823608398438,1.0,0.7334823608398438,0.06963793913946859,0.009013894526040605,2.0,1.0,0.0
2021-03-02,33.81452462087695,33.88880314976004,33.60562245653487,33.74024963378906,985200,0.0,0.0,0.00015706119803968354,0.6060101813020432,0.6060101813020432,0.6060101813020432,-0.06963729858398438,-1.0,-0.06963729858398438,0.0,0.0,0.009013728700541204,0.9954931356497294,0.004506864350270602
2021-03-03,33.28530724226027,33.3410161468615,32.94642114587431,33.173892974853516,1504000,0.0,0.0,0.00023574391233985152,0.6194257746315224,0.6194257746315224,0.6194257746315224,-0.6359939575195312,-1.0,-0.6359939575195312,0.0,0.0,0.7518420825910301,0.6240789587044849,0.37592104129551507
2021-03-04,32.49611696670621,32.81643696732407,31.832267578428816,32.13401794433594,3482400,0.0,0.0,0.0005287372370085855,0.6710114619024636,0.6710114619024636,0.6710114619024636,-1.6758689880371094,-1.0,-1.6758689880371094,0.0,0.0,2.0,0.0,1.0
2021-03-05,32.14330082740527,32.39398558203251,31.530517052248342,32.315067291259766,2645800,0.0,0.0,0.00040397853317236096,0.6847583953225856,0.6847583953225856,0.6847583953225856,0.18104934692382812,-1.0,-1.4948196411132812,0.0,0.0,2.0,0.5,0.5
2021-03-08,32.050454610629984,32.39862727342273,31.929753762492435,31.952966690063477,2133000,0.0,0.0,0.0003220314246540903,0.6693380464374222,0.6693380464374222,0.6693380464374222,-0.36210060119628906,1.0,-0.36210060119628906,0.0,0.0,0.2437132512510184,0.8781433743744909,0.1218566256255092
2021-03-09,32.75608188030532,33.09032819203012,32.74215554094934,32.830360412597656,2942600,0.0,0.0,0.0004564603850844583,0.7027682932609381,0.7027682932609381,0.7027682932609381,0.8773937225341797,1.0,0.5152931213378906,0.6963426099976076,0.6298786619359805,2.0,1.0,0.0
2021-03-10,33.52206866710997,33.5777775767093,33.22496156617225,33.29924011230469,1646200,0.0,0.0,0.00025900797210577636,0.705957498321703,0.705957498321703,0.705957498321703,1.346273422241211,1.0,0.9841728210449219,0.0,0.0,2.0,1.0,0.0
2021-03-11,33.37815363487987,33.503494236297364,33.19246083791704,33.364227294921875,1285400,0.0,0.0,0.00020263552128456272,0.6777486340401759,0.6777486340401759,0.6777486340401759,1.4112606048583984,-1.0,0.0649871826171875,0.0,0.0,0.0322104600065952,0.0161052300032976,0.9838947699967024
2021-03-12,32.95570212074848,32.98355834219584,32.74215664589455,32.964988708496094,1419600,0.0,0.0,0.00022111343592268046,0.6737716351106864,0.6737716351106864,0.6737716351106864,-0.39923858642578125,-1.0,-0.33425140380859375,0.48280492027769384,1.4624410071294474,2.0,0.0,1.0
2021-03-15,33.1367475666277,33.46635055541992,33.0763989208359,33.46635055541992,1223400,0.0,0.0,0.00019345191949672393,0.6614566502401965,0.6614566502401965,0.6614566502401965,0.5013618469238281,1.0,0.5013618469238281,0.0,0.0,2.0,1.0,0.0
2021-03-16,33.46635087341762,33.7866708204375,33.46635087341762,33.726322174072266,1048200,0.0,0.0,0.00016703571903854252,0.637089765581438,0.637089765581438,0.637089765581438,0.7613334655761719,1.0,0.7613334655761719,0.0,0.0,2.0,1.0,0.0
2021-03-17,33.19710051331897,33.40600267350943,33.00676444318511,33.32244110107422,1053400,0.0,0.0,0.00016585414669178952,0.6429803345318463,0.6429803345318463,0.6429803345318463,-0.4038810729980469,-1.0,-0.4038810729980469,0.06963447765078712,0.02972635374161844,0.2814214278508699,0.8444261092037558,0.15557389079624415
2021-03-18,32.844285313733685,33.169245023794595,32.78393666523529,32.91856384277344,1455000,0.0,0.0,0.00022630809260801093,0.6355177703394952,0.6355177703394952,0.6355177703394952,-0.8077583312988281,-1.0,-0.8077583312988281,0.0,0.0,1.1256750792140733,0.43716246039296336,0.5628375396070366
2021-03-19,32.89070731248271,32.98819522457917,32.63073954689215,32.658592224121094,1589800,0.0,0.0,0.0002453218121268033,0.6156561922928899,0.6156561922928899,0.6156561922928899,-1.0677299499511719,-1.0,-1.0677299499511719,0.0,0.0,1.9668580120587447,0.016570993970627668,0.9834290060293723
2021-03-22,32.88606338806672,33.215669923996195,32.88606338806672,32.98355484008789,1564600,0.0,0.0,0.0002438355352258778,0.6114720142630479,0.6114720142630479,0.6114720142630479,0.3249626159667969,1.0,0.3249626159667969,0.046424900201600394,0.020409631020261984,0.09262835566191814,0.05651899334109006,0.9434810066589099
2021-03-23,32.208292828078875,32.36613295166708,31.45624210481566,31.563013076782227,2566000,0.0,0.0,0.00038267608172504896,0.6768892086208466,0.6768892086208466,0.6768892086208466,-1.420541763305664,-1.0,-1.420541763305664,1.1744974420764898,0.6835906877847396,2.0,0.0,1.0
2021-03-24,31.70692510104009,31.725491192859977,31.057002091684645,31.131277084350582,2926800,0.0,0.0,0.00043051292497892286,0.676289200946167,0.676289200946167,0.676289200946167,-1.8522777557373082,-1.0,-1.8522777557373082,0.0,0.0,2.0,0.0,1.0
2021-03-25,31.335537449866,31.41909902473745,31.015217489226227,31.31232452392578,1425200,0.0,0.0,0.00021085666551346068,0.6568315105579565,0.6568315105579565,0.6568315105579565,0.18104743957519887,-1.0,-1.6712303161621094,0.0,0.0,2.0,0.5,0.5
2021-03-26,31.556696209570777,31.914546966552734,31.35422844352891,31.914546966552734,1656800,0.4745,0.0,0.0002498359787216184,0.6529308628485991,0.6529308628485991,0.6529308628485991,0.783269882202152,1.0,0.6022224426269531,0.1890557736927576,0.05825819634611522,0.12984979304172647,0.09405399469392084,0.9059460053060792
2021-03-29,31.989889813681835,32.385406288915874,31.95693010741233,32.22060775756836,1602000,0.0,0.0,0.0002438891336343379,0.6399257528139235,0.6399257528139235,0.6399257528139235,1.089330673217777,1.0,0.9082832336425781,0.0,0.0,0.2953724495007409,0.14768622475037044,0.8523137752496296
2021-03-30,32.04168792829018,32.06993808204048,31.796841287991015,31.9804744720459,1523000,0.0,0.0,0.00023013412254400153,0.6244858040113107,0.6244858040113107,0.6244858040113107,-0.24013328552246094,-1.0,-0.24013328552246094,0.0,0.0,0.06989757858267177,0.9650512107086641,0.03494878929133589
2021-03-31,32.300647955486546,32.30535751071059,31.697954210979866,31.745038986206055,2059400,0.0,0.0,0.00030889635554761237,0.6232656251341262,0.6232656251341262,0.6232656251341262,-0.4755687713623047,-1.0,-0.4755687713623047,0.0,0.0,0.27414735631965254,0.8629263218401737,0.13707367815982627
2021-04-01,32.074644170842774,32.25827733504501,31.749753068482555,31.858051300048828,967800,0.0,0.0,0.0001456803701479838,0.6154065339701853,0.6154065339701853,0.6154065339701853,0.11301231384277344,-1.0,-0.36255645751953125,0.18833925300452847,2.0,0.1593340864538632,0.9262114707245106,0.0737885292754894
2021-04-05,31.82978967137631,32.17822128221531,31.806249082407746,32.17351531982422,1140400,0.0,0.0,0.00017336121214857152,0.5980183672442839,0.5980183672442839,0.5980183672442839,0.42847633361816406,-1.0,-0.047092437744140625,0.0,0.0,0.0026881886910930406,0.5,0.5
2021-04-06,32.149978458128565,32.258276687520954,31.999305003542545,32.032264709472656,1225400,0.0,0.0,0.0001854649009691433,0.5738007470110071,0.5738007470110071,0.5738007470110071,-0.1412506103515625,1.0,-0.1412506103515625,0.0,0.0,0.024184553363213783,0.9879077233183932,0.012092276681606891
2021-04-07,32.225316513591466,32.25356666331029,31.79212719465152,31.966344833374023,1615400,0.0,0.0,0.00024398845098489477,0.5657749414144186,0.5657749414144186,0.5657749414144186,-0.2071704864501953,-1.0,-0.06591987609863281,0.07534538109497646,0.13226882518343608,0.005267325657963398,0.9312319245793003,0.06876807542069974
2021-04-08,32.479575458286995,32.67733367163493,32.46074082953889,32.60670471191406,1780800,0.0,0.0,0.0002743584045652572,0.5761473626177395,0.5761473626177395,0.5761473626177395,0.6403598785400391,1.0,0.6403598785400391,0.41905698411397907,0.42825055955227875,2.0,1.0,0.0
2021-04-09,32.97397478952887,33.05872883248807,32.813885815238436,33.016353607177734,1801800,0.0,0.0,0.0002810812660448575,0.567281416757473,0.567281416757473,0.567281416757473,1.050008773803711,1.0,1.050008773803711,0.0,0.0,2.0,1.0,0.0
2021-04-12,32.719710553930305,32.83271833215871,32.62554099774493,32.70558547973633,1147400,0.0,0.0,0.00017730989998590647,0.5546765019485683,0.5546765019485683,0.5546765019485683,-0.31076812744140625,-1.0,-0.31076812744140625,0.0,0.0,0.08759656694876937,0.9562017165256154,0.043798283474384685
2021-04-13,33.20468921757927,33.38361639618957,33.1011041470037,33.32240295410156,1627200,0.0,0.0,0.00025619665705830245,0.5634875315560453,0.5634875315560453,0.5634875315560453,0.6168174743652344,1.0,0.6168174743652344,0.32488756370150185,0.2774296265987036,2.0,1.0,0.0
2021-04-14,33.534298325535836,33.55313295922858,33.07285878091133,33.21882629394531,1913000,0.0,0.0,0.0003002586066322127,0.5575437206104167,0.5575437206104167,0.5575437206104167,-0.10357666015625,1.0,0.5132408142089844,0.0,0.0,2.0,0.5,0.5
2021-04-15,33.51546200584403,33.849768654309955,33.51546200584403,33.67084503173828,1944200,0.0,0.0,0.00030930800935434954,0.5627864805928614,0.5627864805928614,0.5627864805928614,0.45201873779296875,1.0,0.9652595520019531,0.0,0.0,2.0,1.0,0.0
2021-04-16,33.99102082602893,34.09460949235071,33.85918201156057,33.98160171508789,2641200,0.0,0.0,0.0004240737056441571,0.552856336308545,0.552856336308545,0.552856336308545,0.7627754211425781,1.0,1.2760162353515625,0.0,0.0,2.0,1.0,0.0
2021-04-19,34.259405319075825,34.28765546500311,34.08518770373558,34.23115158081055,1491200,0.0,0.0,0.00024118684464502163,0.5352275801375934,0.5352275801375934,0.5352275801375934,1.0123252868652344,1.0,1.5255661010742188,0.0,0.0,2.0,1.0,0.0
2021-04-20,34.33004313419483,34.56076110092034,34.25941415881468,34.50425720214844,1373200,0.0,0.0,0.00022387349971424698,0.5205405758498933,0.5205405758498933,0.5205405758498933,1.285430908203125,1.0,1.7986717224121094,0.0,0.0,2.0,1.0,0.0
2021-04-21,34.64080257587766,35.02219398039826,34.54192345590337,34.951568603515625,1442400,0.0,0.0,0.000238203751141888,0.5203545903070309,0.5203545903070309,0.5203545903070309,1.7327423095703125,1.0,2.245983123779297,0.0,0.0,2.0,1.0,0.0
2021-04-22,34.93272928207309,35.083402719757224,34.777346289116245,34.91389465332031,1310800,0.0,0.0,0.00021623746485562105,0.5050475789023129,0.5050475789023129,0.5050475789023129,-0.0376739501953125,1.0,2.2083091735839844,0.0,0.0,2.0,0.5,0.5
2021-04-23,34.86681121828092,34.91389599580429,34.67846851584922,34.871517181396484,1066400,0.0,0.0,0.00017570624217006352,0.4857890004060813,0.4857890004060813,0.4857890004060813,-0.08005142211914062,-1.0,-0.042377471923828125,0.0,0.0,0.00036825642817875837,0.9998158717859106,0.00018412821408937918
2021-04-26,34.72555562791411,34.932732973751,34.52779739361808,34.89035415649414,1256000,0.0,0.0,0.00020705762508493625,0.4800137561008556,0.4800137561008556,0.4800137561008556,0.01883697509765625,-1.0,-0.023540496826171875,0.0,0.0,0.00011363483764541098,0.5,0.5
2021-04-27,34.68317710254323,34.734967841735546,34.49012485004999,34.69259262084961,1991400,0.0,0.0,0.00032643105635888064,0.4743148668396626,0.4743148668396626,0.4743148668396626,-0.19776153564453125,-1.0,-0.22130203247070312,0.0,0.0,0.010042713008712593,0.9949786434956437,0.005021356504356297
2021-04-28,34.659635596783616,34.94214786820368,34.617256780284464,34.89977264404297,1117600,0.0,0.0,0.00018429145636326318,0.4636417397739167,0.4636417397739167,0.4636417397739167,0.20718002319335938,1.0,0.20718002319335938,0.009414894452682177,0.002065071802141373,0.8764455686573018,0.4392553202297216,0.5607446797702784
2021-04-29,34.88564316095663,34.99394138517592,34.71142912036424,34.95627212524414,1207600,0.0,0.0,0.0001994547700538934,0.4507039201337574,0.4507039201337574,0.4507039201337574,0.26367950439453125,1.0,0.26367950439453125,0.0,0.0,1.4196521428797042,0.7098260714398521,0.2901739285601479
2021-04-30,34.84798259657391,35.13520445902302,34.79147869840168,34.81972885131836,1611600,0.0,0.0,0.00026514219956961426,0.4430626230257275,0.4430626230257275,0.4430626230257275,-0.13654327392578125,1.0,0.12713623046875,0.0,0.0,0.33004097099845725,0.5,0.5
2021-05-03,35.35179673908806,35.535429914567246,35.26704268945621,35.47421646118164,2921600,0.0,0.0,0.0004896996332966308,0.46253679732738173,0.46253679732738173,0.46253679732738173,0.6544876098632812,1.0,0.7816238403320312,0.0,0.0,2.0,1.0,0.0
2021-05-04,34.91389146075838,35.06456488466477,34.68787952872989,34.90447235107422,2285400,0.0,0.0,0.0003769116067296755,0.485665378407694,0.485665378407694,0.485665378407694,-0.5697441101074219,-1.0,-0.5697441101074219,0.10359916967179572,0.03306380727283306,0.5313297014910683,0.7178032456180493,0.2821967543819507
2021-05-05,34.843268627511364,35.05986148789907,34.67847010247055,34.87622833251953,2976200,0.0,0.0,0.000490442204483683,0.47821723605203886,0.47821723605203886,0.47821723605203886,-0.5979881286621094,-1.0,-0.5979881286621094,0.0,0.0,0.5853148330208545,0.7073425834895728,0.29265741651042726
2021-05-06,34.76793088035909,34.94685807639207,34.62196698240672,34.93743896484375,1556800,0.0,0.0,0.00025699229376798416,0.4672653687615611,0.4672653687615611,0.4672653687615611,0.06121063232421875,-1.0,-0.5367774963378906,0.0,0.0,0.47162086012199583,0.5,0.5
2021-05-07,35.332957994062944,35.681389672064896,35.332957994062944,35.6248893737793,1492400,0.0,0.0,0.00025120887349083055,0.48702860722296,0.48702860722296,0.48702860722296,0.7486610412597656,1.0,0.6874504089355469,0.6215281841658253,0.6892093911070953,1.6401899579624308,1.0,0.0
2021-05-10,36.0062726573107,36.10044219482979,35.80851447311805,35.91680908203125,1923400,0.0,0.0,0.0003264100853935803,0.48620890821064083,0.48620890821064083,0.48620890821064083,1.0405807495117188,1.0,0.9793701171875,0.0,0.0,2.0,1.0,0.0
2021-05-11,35.596637807464,36.17579104664982,35.521302874367,36.07691192626953,2232200,0.0,0.0,0.0003805035133886053,0.4982288556443678,0.4982288556443678,0.4982288556443678,1.20068359375,1.0,1.1394729614257812,0.0,0.0,2.0,1.0,0.0
2021-05-12,36.34058221936784,36.81143713094693,36.30762251925082,36.74551773071289,3556600,0.0,0.0,0.0006174980723281213,0.5151071662895842,0.5151071662895842,0.5151071662895842,1.8692893981933594,1.0,1.8080787658691406,0.0,0.0,2.0,1.0,0.0
2021-05-13,36.65606230503165,37.18813077261337,36.5006792874721,37.145751953125,2579000,0.0,0.0,0.0004526439371674865,0.5274174747789901,0.5274174747789901,0.5274174747789901,2.2695236206054688,1.0,2.20831298828125,0.0,0.0,2.0,1.0,0.0
2021-05-14,37.19754412582424,37.418846545397614,37.19754412582424,37.24462890625,1588400,0.0,0.0,0.00027952441103006953,0.5092515545999633,0.5092515545999633,0.5092515545999633,2.3684005737304688,1.0,2.30718994140625,0.0,0.0,2.0,1.0,0.0
2021-05-17,37.59777206267848,38.00741721715518,37.59306250669452,37.941497802734375,1882000,0.0,0.0,0.0003373885203962231,0.5273613229074787,0.5273613229074787,0.5273613229074787,3.0652694702148438,1.0,3.004058837890625,0.0,0.0,2.0,1.0,0.0
2021-05-18,37.6731075570944,37.80023681972055,37.48947440422422,37.4988899230957,1974200,0.0,0.0,0.0003497886959162437,0.5219800425933844,0.5219800425933844,0.5219800425933844,-0.4426078796386719,-1.0,-0.4426078796386719,0.0,0.0,0.021708080003316404,0.9891459599983418,0.010854040001658202
2021-05-19,37.51301692352454,37.80023876041919,37.35292794812151,37.69194412231445,2395200,0.0,0.0,0.0004265662910726534,0.5166465261436912,0.5166465261436912,0.5166465261436912,0.19305419921875,-1.0,-0.24955368041992188,0.0,0.0,0.006900985093830265,0.5,0.5
2021-05-20,37.71548220907527,38.23342195528048,37.67781294948332,38.059207916259766,1414800,0.0,0.0,0.0002544198591909549,0.5194295604046532,0.5194295604046532,0.5194295604046532,0.5603179931640625,1.0,0.3672637939453125,0.4331851355599241,0.5976927027253622,2.0,1.0,0.0
2021-05-21,38.37468332852547,38.4311872229873,38.19105016194784,38.280513763427734,1650600,0.0,0.0,0.0002985491299072063,0.508897399427716,0.508897399427716,0.508897399427716,0.7816238403320312,1.0,0.5885696411132812,0.0,0.0,2.0,1.0,0.0
2021-05-24,38.43118351512699,38.718405331004014,38.4170548486207,38.468849182128906,1010400,0.0,0.0,0.00018365330281823854,0.5038255542954705,0.5038255542954705,0.5038255542954705,0.9699592590332031,1.0,0.7769050598144531,0.0,0.0,2.0,1.0,0.0
2021-05-25,38.172211630005975,38.21459044460671,37.83319548255313,37.847320556640625,2254400,0.0,0.0,0.00040314597256284774,0.5132418503869209,0.5132418503869209,0.5132418503869209,-0.6215286254882812,-1.0,-0.6215286254882812,0.3578546793947126,0.33150579904055105,0.6400094274655952,0.5142423867469269,0.4857576132530731
2021-05-26,37.88028173146477,37.94149517800563,37.74844291174355,37.828487396240234,1622000,0.0,0.0,0.00028991189660863967,0.4903711658065751,0.4903711658065751,0.4903711658065751,-0.6403617858886719,-1.0,-0.6403617858886719,0.0,0.0,0.6793833738655659,0.660308313067217,0.33969168693278295
2021-05-27,37.230502898336375,37.48947457269574,37.065704374806955,37.112789154052734,1963800,0.0,0.0,0.00034436345878036557,0.5098291554941968,0.5098291554941968,0.5098291554941968,-1.3560600280761719,-1.0,-1.3560600280761719,0.0,0.0,2.0,0.0,1.0
2021-05-28,37.10808047259438,37.451806194628766,37.06099569223941,37.15045928955078,1494800,0.0,0.0,0.0002623877090735094,0.5013278231295654,0.5013278231295654,0.5013278231295654,0.037670135498046875,-1.0,-1.318389892578125,0.0,0.0,2.0,0.5,0.5
2021-06-01,37.76256345000834,37.76256345000834,37.1928294233183,37.28700256347656,1721800,0.0,0.0,0.00030334468315823624,0.5092404186529932,0.5092404186529932,0.5092404186529932,0.17421340942382812,1.0,0.13654327392578125,0.27308887731259546,2.0,0.01072637297086599,1.0,0.0
2021-06-02,37.12691116333008,37.28700371035427,37.07511683273444,37.12691116333008,818200,0.0,0.0,0.00014353060162154526,0.4880008800077674,0.4880008800077674,0.4880008800077674,-0.16009140014648438,-1.0,-0.16009140014648438,0.0,0.0,1.3746602739973313,0.31266986300133437,0.6873301369986656
2021-06-03,37.1080779780351,37.517723083496094,37.06099320084537,37.517723083496094,882800,0.0,0.0,0.0001564930335628506,0.4857672373394074,0.4857672373394074,0.4857672373394074,0.3908119201660156,-1.0,0.23072052001953125,0.0,0.0,2.0,1.0,0.0
2021-06-04,37.739021809620894,38.261671047864816,37.59305434451975,38.11570358276367,1820400,0.0,0.0,0.0003278438030107119,0.5042087178415013,0.5042087178415013,0.5042087178415013,0.9887924194335938,1.0,0.5979804992675781,0.0,0.0,2.0,1.0,0.0
2021-06-07,38.341723372645106,38.5677353566868,38.00270719275186,38.23342514038086,4839600,0.0,0.0,0.0008742766616756922,0.5085529639910327,0.5085529639910327,0.5085529639910327,1.1065139770507812,1.0,0.7157020568847656,0.0,0.0,2.0,1.0,0.0
2021-06-08,38.80316062056008,38.82199165849958,38.48768505382811,38.741947174072266,2248800,0.0,0.0,0.0004116503494625297,0.5142682178572959,0.5142682178572959,0.5142682178572959,1.6150360107421875,1.0,1.2242240905761719,0.0,0.0,2.0,1.0,0.0
2021-06-09,39.1327524501226,39.35405483594812,39.12804289509668,39.311676025390625,2828200,0.0,0.0,0.0005253247822891803,0.5212567495729072,0.5212567495729072,0.5212567495729072,2.184764862060547,1.0,1.7939529418945312,0.0,0.0,2.0,1.0,0.0
2021-06-10,39.43409967746096,39.9944181836202,39.38230534870652,39.909664154052734,2307800,0.0,0.0,0.00043518353273706465,0.532791421619812,0.532791421619812,0.532791421619812,2.7827529907226562,1.0,2.3919410705566406,0.0,0.0,2.0,1.0,0.0
2021-06-11,39.67424619355424,39.7825408397269,39.48590346137796,39.76370620727539,1577800,0.0,0.0,0.0002964387814068698,0.5250035124094523,0.5250035124094523,0.5250035124094523,-0.14595794677734375,1.0,2.245983123779297,0.0,0.0,2.0,0.5,0.5
2021-06-14,39.57065076037892,39.75899346042342,39.55652568653477,39.7542839050293,1698600,0.0,0.0,0.0003190591955566178,0.502301870147393,0.502301870147393,0.502301870147393,-0.1553802490234375,1.0,2.236560821533203,0.0,0.0,2.0,0.5,0.5
2021-06-15,39.82962883868721,39.89555185375649,39.57537026092181,39.820213317871094,1252400,0.0,0.0,0.00023563665681446767,0.4892932789107706,0.4892932789107706,0.4892932789107706,0.06592941284179688,1.0,2.302490234375,0.0,0.0,2.0,1.0,0.0
2021-06-16,39.74015812867354,39.93320678836131,39.274012738365855,39.37759780883789,2288000,0.0,0.0,0.00042569784361158564,0.5014290482739624,0.5014290482739624,0.5014290482739624,-0.4426155090332031,1.0,1.8598747253417969,0.2825129481689146,0.4074022843880534,2.0,0.8307709986693759,0.16922900133062413
2021-06-17,38.68073988626178,39.03388114464091,38.66190525473426,38.9726676940918,1992000,0.0,0.0,0.0003668138115942774,0.5167335844046532,0.5167335844046532,0.5167335844046532,-0.8475456237792969,-1.0,-0.40493011474609375,0.9134650061875504,1.161602820284083,0.04740157453118108,0.395497802592368,0.604502197407632
2021-06-18,38.70898746917053,38.840826288777485,38.58656416853332,38.741947174072266,1799600,0.0,0.0,0.0003294227894400429,0.5074028659156405,0.5074028659156405,0.5074028659156405,-1.0782661437988281,-1.0,-0.635650634765625,0.0,0.0,0.11680719225761338,0.9415964038711933,0.05840359612880669
2021-06-21,38.71369661527076,39.0715474020885,38.65719272503479,38.91616439819336,1402200,0.0,0.0,0.00025783163543215365,0.5007565667112168,0.5007565667112168,0.5007565667112168,0.17421722412109375,1.0,0.17421722412109375,0.03766625744759011,0.04674366508462601,0.07511820632391666,0.06093093570427134,0.9390690642957287
2021-06-22,38.765488356399175,38.86907701873228,38.628939991718106,38.68544387817383,1629600,0.0,0.0,0.00029786865989926806,0.48550426955150516,0.48550426955150516,0.48550426955150516,-0.23072052001953125,-1.0,-0.23072052001953125,0.0,0.0,1.7538411857726497,0.12307940711367515,0.8769205928863248
2021-06-23,38.87849824946162,38.87849824946162,38.4453125,38.4453125,1172600,0.0,0.0,0.00021300485209085177,0.4817672324022278,0.4817672324022278,0.4817672324022278,-0.4708518981933594,-1.0,-0.4708518981933594,0.0,0.0,2.0,0.0,1.0
2021-06-24,38.746655853826105,39.02916811693151,38.68073644551279,38.70427703857422,877400,0.0,0.0,0.0001604548322877676,0.489059259868605,0.489059259868605,0.489059259868605,0.25896453857421875,1.0,0.25896453857421875,0.1600910981992314,0.3821675181390727,0.30249064261759295,0.3423290803783328,0.6576709196216672
2021-06-25,38.77961617871501,39.02445918603525,38.6619024345087,38.986793518066406,1577200,0.0,0.0,0.00029053636430453086,0.4800233664156014,0.4800233664156014,0.4800233664156014,0.5414810180664062,-1.0,0.2825164794921875,0.0,0.0,0.36001361097195456,0.18000680548597728,0.8199931945140227
2021-06-28,39.0621340784586,39.35877146338691,38.99621465958564,39.203392028808594,1147000,0.0,0.0,0.0002124629829423876,0.47230583633738005,0.47230583633738005,0.47230583633738005,0.7580795288085938,1.0,0.2165985107421875,0.0,0.0,0.21161296938798752,0.10580648469399376,0.8941935153060062
2021-06-29,39.485899380545256,39.57536297735925,39.283431593039914,39.45764923095703,1323000,0.0,0.0,0.0002466534890196438,0.4651390586383282,0.4651390586383282,0.4651390586383282,1.0123367309570312,1.0,0.470855712890625,0.0,0.0,1.0000162034505247,0.5000081017252623,0.49999189827473767
2021-06-30,39.4906156020596,39.829628231357184,39.34935764559798,39.44352722167969,1506600,0.0,0.0,0.0002807824239630007,0.4662198820041048,0.4662198820041048,0.4662198820041048,-0.01412200927734375,1.0,0.45673370361328125,0.0,0.0,0.94093033460134,0.5,0.5
2021-07-01,39.64128193486081,39.834330608737915,39.52356818980406,39.74957656860352,1330400,0.0,0.0,0.00024986818037521096,0.4608329895079707,0.4608329895079707,0.4608329895079707,0.30604934692383523,1.0,0.7627830505371165,0.0,0.0,2.0,1.0,0.0
2021-07-02,39.50944187059158,39.93320846557617,39.485897685386526,39.93320846557617,931000,0.0,0.0,0.00017566291995611483,0.45986711741380465,0.45986711741380465,0.45986711741380465,0.4896812438964844,1.0,0.9464149475097656,0.0,0.0,2.0,1.0,0.0
2021-07-06,40.140388434394474,40.15451350950924,39.81079137392137,40.04621887207031,1543200,0.0,0.0,0.00029199804417242415,0.4515710472833811,0.4515710472833811,0.4515710472833811,0.602691650390625,1.0,1.0594253540039062,0.0,0.0,2.0,1.0,0.0
2021-07-07,40.40406843670157,40.63478998481305,40.22514482092621,40.6159553527832,1386400,0.0,0.0,0.0002660611316303327,0.46135676624476346,0.46135676624476346,0.46135676624476346,1.1724281311035156,1.0,1.6291618347167969,0.0,0.0,2.0,1.0,0.0
2021-07-08,40.86549928837943,41.02088227547324,40.54531779633975,41.0114631652832,1968000,0.0,0.0,0.00038135247488118326,0.46237160287967244,0.46237160287967244,0.46237160287967244,1.5679359436035156,1.0,2.024669647216797,0.0,0.0,2.0,1.0,0.0
2021-07-09,40.38993671061612,41.067968982698275,40.366396118708806,40.74778747558594,2095000,0.0,0.0,0.0004033520521900026,0.4794574072446579,0.4794574072446579,0.4794574072446579,-0.2636756896972656,1.0,1.7609939575195312,0.0,0.0,2.0,0.5,0.5
2021-07-12,40.8749182347966,41.03972034590396,40.705410160537475,40.77603912353515,1105800,0.0,0.0,0.0002130481827365268,0.46908974853907404,0.46908974853907404,0.46908974853907404,0.028251647949211645,1.0,1.789245605468743,0.0,0.0,2.0,1.0,0.0
2021-07-13,40.66304045571622,40.94084319757372,40.648915379667706,40.804298400878906,815000,0.0,0.0,0.00015713022589106343,0.45643532492242694,0.45643532492242694,0.45643532492242694,0.05651092529296875,-1.0,0.028259277343757105,0.0,0.0,0.003602080815214446,0.001801040407607223,0.9981989595923928
2021-07-14,40.74307826975965,40.983215300238314,40.564154681909024,40.93613052368164,1166600,0.0,0.0,0.0002256446141978502,0.4537657030229172,0.4537657030229172,0.4537657030229172,0.18834304809570312,-1.0,0.16009140014649148,0.14125547862845167,0.5624856052683085,0.11560253422329549,0.339044069745802,0.6609559302541981
2021-07-15,41.32694091798077,41.34577554867338,41.06326327296122,41.25160598754883,1518000,0.0,0.0,0.00029587539023526394,0.45061422602069023,0.45061422602069023,0.45061422602069023,0.5038185119628906,1.0,0.3154754638671875,0.0,0.0,0.44891335330878823,0.22445667665439412,0.7755433233456059
2021-07-16,41.33635709157788,41.80721204841234,41.23747798172323,41.746002197265625,1773600,0.0,0.0,0.0003498378400588455,0.4591227860684344,0.4591227860684344,0.4591227860684344,0.9982147216796875,1.0,0.8098716735839844,0.0,0.0,2.0,1.0,0.0
2021-07-19,41.39756208487712,41.70361848937261,41.36460238545994,41.590614318847656,2057400,0.0,0.0,0.00040430608891275276,0.4535711450496666,0.4535711450496666,0.4535711450496666,-0.15538787841796875,1.0,0.6544837951660156,0.0,0.0,1.9320979729570822,0.5,0.5
2021-07-20,41.077392123121825,41.435242954492765,41.05385152684643,41.20452499389648,2616000,0.0,0.0,0.0005093060824548763,0.4595134055462066,0.4595134055462066,0.4595134055462066,-0.5414772033691477,-1.0,-0.386089324951179,0.1836264548768014,0.11500325830556635,0.34799883639357715,0.7684989526504282,0.23150104734957175
2021-07-21,41.57649406130963,41.87784094583196,41.3646071756579,41.816627502441406,1315000,0.0,0.0,0.00025981903668306175,0.4747850160025837,0.4747850160025837,0.4747850160025837,0.612102508544929,1.0,0.612102508544929,0.1742224564593542,0.08101397598862727,2.0,1.0,0.0
2021-07-22,41.66124163482824,41.90608459339704,41.53410880468974,41.538818359375,2893200,0.0,0.0,0.0005678436921148838,0.46744149976720656,0.46744149976720656,0.46744149976720656,-0.27780914306640625,1.0,0.33429336547852273,0.0,0.0,0.7496869088091278,0.5,0.5
2021-07-23,42.19802624014297,42.78188543216987,42.042643228545465,42.7300910949707,3307200,0.0,0.0,0.0006677140107190862,0.5228433264120398,0.5228433264120398,0.5228433264120398,1.1912727355957031,1.0,1.5255661010742259,0.0,0.0,2.0,1.0,0.0
2021-07-26,42.037935569233774,42.25923800318901,41.86842747481439,42.033226013183594,2154800,0.0,0.0,0.00042795282846172863,0.5470447759652023,0.5470447759652023,0.5470447759652023,-0.6968650817871094,-1.0,-0.6968650817871094,0.0,0.0,0.20865814757789636,0.8956709262110518,0.10432907378894818
2021-07-27,42.10384854048662,42.2121467590332,41.84488047478175,42.2121467590332,1398400,0.0,0.0,0.00027891062950741814,0.5342034551285058,0.5342034551285058,0.5342034551285058,0.17892074584960938,-1.0,-0.5179443359375,0.0,0.0,0.11526676813084664,0.5,0.5
2021-07-28,42.60296077841921,43.27628355311231,42.522912700500775,43.078521728515625,2398000,0.0,0.0,0.0004880970487469165,0.57205583648212,0.57205583648212,0.57205583648212,1.0452957153320312,1.0,0.8663749694824219,1.0170455499232958,0.9466783983349871,2.0,1.0,0.0
2021-07-29,43.29040945115097,43.40341364425621,42.89488938677485,43.02202224731445,1729600,0.0,0.0,0.0003515869188581009,0.5675178665534945,0.5675178665534945,0.5675178665534945,-0.056499481201171875,1.0,0.80987548828125,0.0,0.0,2.0,0.5,0.5
2021-07-30,43.63412929045059,43.728302440032095,43.455205694753225,43.60116958618164,1448600,0.0,0.0,0.00029843024214652833,0.577429461279505,0.577429461279505,0.577429461279505,0.5791473388671875,1.0,1.3890228271484375,0.0,0.0,2.0,1.0,0.0
2021-08-02,43.408121254430306,43.79422218987771,43.16327465594851,43.789512634277344,1524000,0.0,0.0,0.0003153198344370859,0.5812521807544829,0.5812521807544829,0.5812521807544829,0.7674903869628906,1.0,1.5773658752441406,0.0,0.0,2.0,1.0,0.0
2021-08-03,43.70005224924767,43.94960482932061,43.6200077598542,43.84601974487305,2904200,0.0,0.0,0.0006016624493907824,0.5632768156624782,0.5632768156624782,0.5632768156624782,0.8239974975585938,1.0,1.6338729858398438,0.0,0.0,2.0,1.0,0.0
2021-08-04,44.06731316886032,46.388628222516346,44.0531880950951,46.2426643371582,6307400,0.0,0.0,0.0013781276099060422,0.7046576486611082,0.7046576486611082,0.7046576486611082,3.22064208984375,1.0,4.030517578125,0.0,0.0,2.0,1.0,0.0
2021-08-05,47.70231985882229,48.59694509526361,47.59402521835617,48.54515075683594,4177200,0.0,0.0,0.000958136389343952,0.8224878707642722,0.8224878707642722,0.8224878707642722,5.523128509521484,1.0,6.333003997802734,0.0,0.0,2.0,1.0,0.0
2021-08-06,46.36508417983619,47.118451327399875,46.30858029664219,46.84064865112305,3494000,0.0,0.0,0.0007732893205579515,0.9234937700092347,0.9234937700092347,0.9234937700092347,-1.7045021057128906,-1.0,-1.7045021057128906,0.0,0.0,0.07243951931347123,0.9637802403432644,0.036219759656735614
2021-08-09,47.1184628206184,47.53752351092928,46.88303530505773,47.39155960083008,2070600,0.0,0.0,0.00046365337129515355,0.9073067049947349,0.9073067049947349,0.9073067049947349,0.5509109497070312,1.0,0.5509109497070312,0.0,0.0,0.10446425815639265,0.05223212907819633,0.9477678709218037
2021-08-10,47.127871843556214,47.45747247530563,46.87831928623947,47.13729095458984,2808400,0.0,0.0,0.0006254891706577394,0.883867168142694,0.883867168142694,0.883867168142694,-0.2542686462402415,-1.0,-0.2542686462402415,0.0,0.0,0.21302119317928225,0.8934894034103589,0.10651059658964113
2021-08-11,47.189085069425786,47.60343614452658,47.09020595806099,47.429222106933594,1999200,0.0,0.0,0.00044802108773877024,0.857393098022901,0.857393098022901,0.857393098022901,0.2919311523437571,1.0,0.2919311523437571,0.06591263359729993,0.05097725499840828,1.3181816496080405,0.6845794523032244,0.31542054769677563
2021-08-12,47.476309730303754,48.074293989826955,47.3209267207014,47.91891098022461,1402400,0.0,0.0,0.00031752290107779646,0.8499626816730905,0.8499626816730905,0.8499626816730905,0.7816200256347727,1.0,0.7816200256347727,0.0,0.0,2.0,1.0,0.0
2021-08-13,48.02249900583878,48.51689817796662,47.99895841194698,48.38505935668945,1527400,0.0,0.0,0.0003491887759571646,0.8319644328208703,0.8319644328208703,0.8319644328208703,1.2477684020996165,1.0,1.2477684020996165,0.0,0.0,2.0,1.0,0.0
2021-08-16,48.57300405540859,48.890195325011824,48.41677422581308,48.88546371459961,1501000,0.2785,0.0,0.00034670223602243847,0.8086195424995489,0.8086195424995489,0.8086195424995489,1.7481727600097727,1.0,1.7481727600097727,0.0,0.0,2.0,1.0,0.0
2021-08-17,49.31627773000909,49.69028085223169,49.23579700560989,49.67607879638672,1935000,0.0,0.0,0.00045417632082125865,0.8083479421518724,0.8083479421518724,0.8083479421518724,2.538787841796882,1.0,2.538787841796882,0.0,0.0,2.0,1.0,0.0
2021-08-18,49.69501961508313,50.05482070709293,49.240535736083984,49.240535736083984,2025800,0.0,0.0,0.00047131965099076134,0.8087720156416633,0.8087720156416633,0.8087720156416633,-0.4355430603027344,1.0,2.1032447814941477,0.0,0.0,2.0,0.5,0.5
2021-08-19,49.55771934490512,50.26785097272938,49.51984479122794,49.99800109863281,2016800,0.0,0.0,0.0004764438063922358,0.8243822457133583,0.8243822457133583,0.8243822457133583,0.7574653625488281,1.0,2.860710144042976,0.0,0.0,2.0,1.0,0.0
2021-08-20,50.192102597285,50.76967690757762,50.12582393334155,50.47615814208984,1864400,0.0,0.0,0.0004446533798850622,0.8206175002298903,0.8206175002298903,0.8206175002298903,1.2356224060058523,1.0,3.3388671875,0.0,0.0,2.0,1.0,0.0
2021-08-23,50.47141945352524,50.47141945352524,50.06901227524354,50.15422821044922,2794200,0.0,0.0,0.0006621574218924123,0.7910838121310624,0.7910838121310624,0.7910838121310624,-0.3219299316406179,-1.0,-0.3219299316406179,0.0,0.0,0.009296606020025706,0.9953516969899872,0.004648303010012853
2021-08-24,49.38729009154052,49.78023048002522,49.01328698090145,49.0558967590332,2827000,0.0,0.0,0.0006552593684165102,0.8160736276608272,0.8160736276608272,0.8160736276608272,-1.4202613830566335,-1.0,-1.4202613830566335,0.0,0.0,0.1809415345229686,0.9095292327385157,0.0904707672614843
2021-08-25,48.85232795555867,49.07956807712297,48.63455466742763,49.06063079833984,1629000,0.0,0.0,0.00037761603116422647,0.7895693263775784,0.7895693263775784,0.7895693263775784,0.00473403930663352,-1.0,-1.41552734375,0.0,0.0,0.17973731006664836,0.5,0.5
2021-08-26,49.15531706832167,49.4204317467838,49.027491339837006,49.0322265625,1410200,0.0,0.0,0.00032670707290297194,0.7612386892753794,0.7612386892753794,0.7612386892753794,-0.028404235839836645,1.0,-0.028404235839836645,0.0,0.0,7.237155956955809e-05,0.9999638142202152,3.6185779784779045e-05
2021-08-27,48.596679694706545,48.89019848354599,48.1563978995308,48.23214340209961,2760200,0.0,0.0,0.0006290328480253962,0.7694236873963665,0.7694236873963665,0.7694236873963665,-0.8284873962402273,-1.0,-0.8000831604003906,0.0,0.0,0.057421161261024846,0.9712894193694875,0.028710580630512423
2021-08-30,48.01436915476063,48.71976922459919,47.97649459827604,48.46885299682617,2537200,0.0,0.0,0.0005810502017541199,0.7675558973197081,0.7675558973197081,0.7675558973197081,0.2367095947265625,-1.0,-0.5633735656738281,0.0,0.0,0.02847047037832792,0.5,0.5
2021-08-31,48.14692791667204,48.15639836203196,46.897096410992155,47.327911376953125,4786400,0.0,0.0,0.00107034193284858,0.8249988036421587,0.8249988036421587,0.8249988036421587,-1.1409416198730469,-1.0,-1.704315185546875,0.0,0.0,0.2605562762666248,0.8697218618666875,0.1302781381333124
2021-09-01,47.308969054598585,47.7539860292401,47.261627668595835,47.72557830810547,2497400,0.0,0.0,0.0005631648211639153,0.8012387719994523,0.8012387719994523,0.8012387719994523,0.39766693115234375,-1.0,-1.3066482543945312,0.0,0.0,0.1531507390492282,0.5,0.5
2021-09-02,48.000158637757195,48.1705904999782,47.76344811932979,48.137451171875,1285000,0.0,0.0,0.000292268782199833,0.7757940162761153,0.7757940162761153,0.7757940162761153,0.809539794921875,1.0,0.41187286376953125,0.014192137946245964,0.00030734011027409316,0.09935940305690205,0.049833371583588075,0.950166628416412
2021-09-03,47.50781040438804,47.91021764869884,47.28530189195639,47.763458251953125,1978400,0.0,0.0,0.0004464841830430386,0.781247963679151,0.781247963679151,0.781247963679151,-0.373992919921875,-1.0,-0.373992919921875,0.0,0.0,0.8245184960380385,0.5877407519809807,0.41225924801901925
2021-09-07,48.09011776886977,48.146925991090846,47.86287404423605,47.990699768066406,1365400,0.0,0.0,0.0003096087259867081,0.7528350904976203,0.7528350904976203,0.7528350904976203,0.22724151611328125,1.0,0.22724151611328125,0.0,0.0,0.3691888659505167,0.18459443297525835,0.8154055670247417
2021-09-08,47.63563293235154,47.93862215089693,47.5125424335936,47.67350387573242,1544400,0.0,0.0,0.0003478828959979945,0.733215250781562,0.733215250781562,0.733215250781562,-0.3171958923339844,-1.0,-0.3171958923339844,0.0,0.0,1.9484073217467617,0.02579633912661916,0.9742036608733808
2021-09-09,47.597757820222895,47.72557992796035,46.93023233560413,47.0059814453125,2361200,0.0,0.0,0.0005244234588382778,0.7376532751797515,0.7376532751797515,0.7376532751797515,-0.9847183227539062,-1.0,-0.9847183227539062,0.0,0.0,2.0,0.0,1.0
2021-09-10,47.24742555279411,47.47940087224849,46.9870425122419,47.12907028198242,1744400,0.0,0.0,0.00038844645439402444,0.7201322098102401,0.7201322098102401,0.7201322098102401,0.12308883666992188,-1.0,-0.8616294860839844,0.0,0.0,2.0,0.5,0.5
2021-09-13,47.76345691762117,47.82973558603647,46.98704656311347,47.185882568359375,1964200,0.0,0.0,0.00043791921388999707,0.7288862678897227,0.7288862678897227,0.7288862678897227,0.179901123046875,1.0,0.056812286376953125,0.10415565807612381,0.33519535019619245,0.004347538431425179,0.1697714443138088,0.8302285556861912
2021-09-14,47.35157657578482,47.86287222787,47.285297911097814,47.3563117980957,1933400,0.0,0.0,0.0004326092455882578,0.7251793672912157,0.7251793672912157,0.7251793672912157,0.3503303527832031,1.0,0.22724151611328125,0.0,0.0,0.06955594428927774,0.03477797214463887,0.9652220278553612
2021-09-15,47.981230117021134,48.00490261794927,47.62616427459831,47.943355560302734,1274200,0.0,0.0,0.0002886438037540523,0.719708756759955,0.719708756759955,0.719708756759955,0.9373741149902344,1.0,0.8142852783203125,0.0,0.0,0.8931246191519838,0.4465623095759919,0.5534376904240081
2021-09-16,48.274752215696545,48.57300622120054,48.123257601674695,48.46885299682617,1922800,0.0,0.0,0.00044034499760871104,0.7132760356269442,0.7132760356269442,0.7132760356269442,1.4628715515136719,1.0,1.33978271484375,0.0,0.0,2.0,1.0,0.0
2021-09-17,48.099579657171056,48.426241349026455,47.78712363132701,48.0096321105957,3016600,0.0,0.0,0.0006842933444387069,0.7110227020463881,0.7110227020463881,0.7110227020463881,-0.45922088623046875,-1.0,-0.45922088623046875,0.0,0.0,0.1174828636223953,0.9412585681888024,0.05874143181119765
2021-09-20,46.69825320903901,47.58355189417515,46.665113879216584,47.18114471435547,2209800,0.0,0.0,0.0004926263681670684,0.7562723827130118,0.7562723827130118,0.7562723827130118,-1.2877082824707031,-1.0,-1.2877082824707031,0.0,0.0,0.9237750689044915,0.5381124655477543,0.46188753445224573
2021-09-21,47.758716871426216,48.49252098437428,47.758716871426216,48.18006134033203,1961600,0.0,0.0,0.00044655402954692236,0.7959226603777118,0.7959226603777118,0.7959226603777118,0.9989166259765625,1.0,0.9989166259765625,0.06627963534782566,0.004402524054998939,0.601760261847566,0.3030813929512825,0.6969186070487174
2021-09-22,47.78712569026472,48.142191505608864,47.58355447832408,47.75398635864258,1176000,0.0,0.0,0.0002653463780821835,0.7816786747798716,0.7816786747798716,0.7816786747798716,-0.4260749816894531,-1.0,-0.4260749816894531,0.0,0.0,0.18193388136811797,0.909033059315941,0.09096694068405899
2021-09-23,48.393104097583226,48.53986347875985,48.227407439494094,48.3362922668457,1048000,0.0,0.0,0.00023934856485641507,0.7819785637325429,0.7819785637325429,0.7819785637325429,0.582305908203125,1.0,0.582305908203125,0.04734249438556759,0.006609975952983851,1.867799802499578,0.937204889226281,0.06279511077371902
2021-09-24,47.64983498760892,48.09484837064449,47.52674448885098,47.67350387573242,1983400,0.0,0.0,0.0004467695777793462,0.7839477933226987,0.7839477933226987,0.7839477933226987,-0.6627883911132812,-1.0,-0.6627883911132812,0.05680998947310201,0.007346823923298189,1.2955297576117215,0.3485617092324902,0.6514382907675098
2021-09-27,47.26163246883106,47.29003658093439,46.79767817028262,46.90656661987305,1439200,0.0,0.0,0.0003189708582766959,0.7905105013317772,0.7905105013317772,0.7905105013317772,-1.4297256469726562,-1.0,-1.4297256469726562,0.0,0.0,2.0,0.0,1.0
2021-09-28,45.74194817896916,45.74194817896916,44.89452397289548,45.154903411865234,3058400,0.0,0.0,0.0006525223834785909,0.8777627974493338,0.8777627974493338,0.8777627974493338,-3.1813888549804688,-1.0,-3.1813888549804688,0.0,0.0,2.0,0.0,1.0
2021-09-29,45.6425325059425,45.90291195817565,45.225919603302984,45.49576950073242,1665600,0.0,0.0,0.00035804526796327215,0.8684946366536969,0.8684946366536969,0.8684946366536969,0.3408660888671875,1.0,0.3408660888671875,0.0,0.0,0.011479793721292368,0.005739896860646184,0.9942601031393539
2021-09-30,45.80349376755323,46.00706499544124,45.434225868574174,45.453163146972656,2239000,0.0,0.0,0.00048085531033371644,0.8473763859546518,0.8473763859546518,0.8473763859546518,-0.042606353759765625,1.0,0.2982597351074219,0.0,0.0,0.008789329481710483,0.5,0.5
2021-10-01,45.28273198363733,45.49103482554714,44.92293091209626,45.39161682128906,1645800,0.0,0.0,0.00035297904317615185,0.8274283522043822,0.8274283522043822,0.8274283522043822,-0.10415267944335938,-1.0,-0.06154632568359375,0.30298869120672123,2.0,0.042580916582737736,0.0,1.0
2021-10-04,46.17749600800349,46.30058650928668,45.54784505795528,45.8934440612793,1987600,0.0,0.0,0.0004309985903406972,0.8332527333324705,0.8332527333324705,0.8332527333324705,0.5018272399902344,1.0,0.5018272399902344,0.293521513845441,0.3421144465535171,2.0,1.0,0.0
2021-10-05,46.489944598194896,46.54202120145291,46.111209934037205,46.12541198730469,2098400,0.0,0.0,0.00045732479361519196,0.8200616195354093,0.8200616195354093,0.8200616195354093,0.733795166015625,1.0,0.733795166015625,0.0,0.0,2.0,1.0,0.0
2021-10-06,45.93604900549131,45.95025106066211,45.277993961857554,45.70880889892578,1576000,0.0,0.0,0.00034037082614035247,0.8220156485291039,0.8220156485291039,0.8220156485291039,-0.41660308837890625,-1.0,-0.41660308837890625,0.2698510960977245,0.41956900954665016,0.3223259544977898,0.6290525179777801,0.37094748202221994
2021-10-07,46.22009898305555,46.86868716635454,46.18695965175801,46.575164794921875,1664600,0.0,0.0,0.0003663198913704672,0.8461486927362222,0.8461486927362222,0.8461486927362222,0.8663558959960938,1.0,0.8663558959960938,0.326665964901629,0.1421723379788242,2.0,1.0,0.0
2021-10-11,46.54203072249474,46.72193306579422,46.44261271736869,46.58464050292969,843800,0.0,0.0,0.0001857284697940932,0.7815671267551771,0.7815671267551771,0.7815671267551771,0.0094757080078125,-1.0,0.0094757080078125,0.0,0.0,0.0005173427517892211,0.00025867137589461055,0.9997413286241054
2021-10-12,46.565698201184006,46.64144369657395,45.98338867749552,46.22483444213867,1344600,0.0,0.0,0.00029367344815758986,0.7727448333496953,0.7727448333496953,0.7727448333496953,-0.3503303527832031,-1.0,-0.3503303527832031,0.46395401439761486,1.7538576477004193,2.0,0.0,1.0
2021-10-13,47.00597921233699,47.74925015943939,47.00597921233699,47.62615966796875,1804400,0.0,0.0,0.0004060453985385831,0.8264356107747686,0.8264356107747686,0.8264356107747686,1.050994873046875,1.0,1.4013252258300781,1.0273170936451734,0.9554497122616293,2.0,1.0,0.0
2021-10-14,47.80132763676445,47.8818083545337,47.507805263121206,47.5504150390625,1288000,0.0,0.0,0.0002893785833517874,0.7941190022488921,0.7941190022488921,0.7941190022488921,0.975250244140625,1.0,1.3255805969238281,0.0,0.0,2.0,1.0,0.0
2021-10-15,47.919683711263424,48.63928218488038,47.84393460250568,48.449913024902344,1877800,0.0,0.0,0.00042987139594236794,0.8151724410752483,0.8151724410752483,0.8151724410752483,1.8747482299804688,1.0,2.225078582763672,0.0,0.0,2.0,1.0,0.0
2021-10-18,48.951744141929105,49.302074756612456,48.82865364036926,48.965946197509766,2803400,0.0,0.0,0.000648597740307889,0.8178145332634529,0.8178145332634529,0.8178145332634529,2.3907814025878906,1.0,2.7411117553710938,0.0,0.0,2.0,1.0,0.0
2021-10-19,48.92806543390747,49.7423502284451,48.92806543390747,49.543514251708984,1751000,0.0,0.0,0.0004098917396653927,0.8175624090687511,0.8175624090687511,0.8175624090687511,2.9683494567871094,1.0,3.3186798095703125,0.0,0.0,2.0,1.0,0.0
2021-10-20,49.543519061170414,49.8701771655428,49.13637662437805,49.49617767333984,1277400,0.0,0.0,0.00029874096877380985,0.8115794185041795,0.8115794185041795,0.8115794185041795,2.9210128784179616,1.0,3.2713432312011648,0.0,0.0,2.0,1.0,0.0
2021-10-21,49.34468136841818,49.51037802608589,49.15057698949583,49.42989730834961,1571200,0.0,0.0,0.00036695887007834105,0.7793095340817421,0.7793095340817421,0.7793095340817421,2.8547325134277344,1.0,3.2050628662109375,0.0,0.0,2.0,1.0,0.0
2021-10-22,49.91278520376044,50.22524124208802,49.8938479269048,50.18737030029297,1240000,0.0,0.0,0.0002940440099203872,0.7804548483429326,0.7804548483429326,0.7804548483429326,3.6122055053710938,1.0,3.962535858154297,0.0,0.0,2.0,1.0,0.0
2021-10-25,50.36253674428264,50.395676077744696,50.07374957614913,50.26311874389648,1313800,0.0,0.0,0.00031201458908305745,0.7477028235752633,0.7477028235752633,0.7477028235752633,3.6879539489746023,1.0,4.038284301757805,0.0,0.0,2.0,1.0,0.0
2021-10-26,49.922253641538006,50.992186340831424,49.922253641538006,50.821754455566406,1564400,0.0,0.0,0.0003756588910045347,0.7707192432694172,0.7707192432694172,0.7707192432694172,4.246589660644531,1.0,4.596920013427734,0.0,0.0,2.0,1.0,0.0
2021-10-27,50.53769592646788,50.69392573623856,49.94591962756311,50.03113555908203,1412400,0.0,0.0,0.0003338829794315651,0.7782274993218373,0.7782274993218373,0.7782274993218373,3.4559707641601562,1.0,3.8063011169433594,0.12782994858602592,0.0013681228886394529,2.0,1.0,0.0
2021-10-28,50.438285542588424,51.2857097637544,50.438285542588424,50.96378326416016,1797400,0.0,0.0,0.0004328153040009151,0.8122522639897323,0.8122522639897323,0.8122522639897323,4.388618469238288,1.0,4.7389488220214915,0.0,0.0,2.0,1.0,0.0
2021-10-29,51.787536354205834,52.23728497627349,51.52715329179833,52.13786697387695,2138600,0.0,0.0,0.0005268403545692719,0.8451986531414178,0.8451986531414178,0.8451986531414178,5.562702178955078,1.0,5.913032531738281,0.0,0.0,2.0,1.0,0.0
2021-11-01,51.87748548328488,52.033715314585585,51.60763559827292,51.81120681762695,1694600,0.0,0.0,0.0004148462050081713,0.822700990460176,0.822700990460176,0.822700990460176,5.236042022705078,1.0,5.586372375488281,0.0,0.0,2.0,1.0,0.0
2021-11-02,52.15207127053627,52.65863171433479,52.00057304772448,52.09999465942383,2353800,0.0,0.0,0.0005794332973968697,0.8244669837635802,0.8244669837635802,0.8244669837635802,5.524829864501953,1.0,5.875160217285156,0.0,0.0,2.0,1.0,0.0
2021-11-03,52.93795163571543,54.89317964013115,52.89534546691157,54.70854568481445,4348400,0.0,0.0,0.0011240376760842242,0.9650896978309904,0.9650896978309904,0.9650896978309904,8.133380889892578,1.0,8.483711242675781,0.0,0.0,2.0,1.0,0.0
2021-11-04,54.74167579903348,54.88370356162224,54.23511540994379,54.845829010009766,2075400,0.0,0.0,0.0005378257963762227,0.9424824445343807,0.9424824445343807,0.9424824445343807,8.27066421508789,1.0,8.620994567871094,0.0,0.0,2.0,1.0,0.0
2021-11-05,53.16992161119643,53.70015453377327,53.04209950578112,53.69541931152344,2355200,0.0,0.0,0.0005975321014821178,1.0040000916554,1.0040000916554,1.0040000916554,7.1202545166015625,-1.0,-1.1504096984863281,0.0,0.0,0.017806982251461424,0.5,0.5
2021-11-08,54.53810978316158,54.713276892082845,53.941601792185914,54.30139923095703,1904800,0.0,0.0,0.0004887160637221153,1.0049899122914006,1.0049899122914006,1.0049899122914006,7.726234436035156,1.0,0.6059799194335938,0.0,0.0,0.27746703756894264,0.13873351878447132,0.8612664812155286
2021-11-09,54.24932603554393,54.301402649260496,53.89899540756428,54.02682113647461,1381800,0.0,0.0,0.0003527368356272105,0.9619482929631732,0.9619482929631732,0.9619482929631732,7.451656341552734,-1.0,-0.2745780944824219,0.0,0.0,0.20531246040390913,0.5,0.5
2021-11-10,53.794841462158736,53.96527335715344,53.20306505229285,53.35929489135742,1934400,0.0,0.0,0.0004876997991785319,0.9520774209073579,0.9520774209073579,0.9520774209073579,6.784130096435547,-1.0,-0.9421043395996094,0.0,0.0,2.0,0.5,0.5
2021-11-11,53.842183695572245,53.908462361115426,53.401901924797464,53.69068908691406,2071400,0.0,0.0,0.0005254835933480107,0.9232981386824041,0.9232981386824041,0.9232981386824041,7.1155242919921875,-1.0,-0.6107101440429688,0.0,0.0,1.0156727518865631,0.5,0.5
2021-11-12,53.51551831586076,53.68595019042689,53.03736202266601,53.543922424316406,1100000,0.0,0.0,0.00027829094731914554,0.9040144905085219,0.9040144905085219,0.9040144905085219,6.968757629394531,-1.0,-0.757476806640625,0.0,0.0,1.5625078688706218,0.5,0.5
2021-11-15,53.657547511639585,53.998411292798906,53.638613845500934,53.72856140136719,1118000,0.0,0.0,0.0002838201512322003,0.8719055175066632,0.8719055175066632,0.8719055175066632,7.1533966064453125,1.0,0.18463897705078125,0.08994893168348028,0.00015811293869938322,0.0594166403602406,0.029787376649469993,0.97021262335053
2021-11-16,53.82797844158163,54.27773066055232,53.73329566491222,53.96527099609375,1143600,0.0,0.0,0.0002915981203589003,0.8488529276265541,0.8488529276265541,0.8488529276265541,7.390106201171875,1.0,0.42134857177734375,0.0,0.0,0.30941714394576875,0.15470857197288437,0.8452914280271157
2021-11-17,54.25405582675922,54.486031147962635,54.08835916875678,54.16410827636719,1118200,0.0,0.0,0.00028617210412284935,0.8254177293581492,0.8254177293581492,0.8254177293581492,7.5889434814453125,1.0,0.6201858520507812,0.0,0.0,0.6703552734505047,0.33517763672525236,0.6648223632747476
2021-11-18,54.56651860291786,54.770089826384456,54.168842989020035,54.4576301574707,1773200,0.0,0.0,0.00045626028979852686,0.8097437165480863,0.8097437165480863,0.8097437165480863,7.882465362548828,1.0,0.9137077331542969,0.0,0.0,1.4550433148247295,0.7275216574123647,0.27247834258763526
2021-11-19,54.26353219297201,54.42449364633553,53.85165450220362,53.90846633911133,1449800,0.0,0.0,0.0003692846733591665,0.7951888550280145,0.7951888550280145,0.7951888550280145,7.333301544189453,-1.0,-0.549163818359375,0.23670466655315892,0.0010418724470530494,0.36123450801438545,0.002875904980959554,0.9971240950190404
2021-11-22,53.43504455455897,53.4729155001229,52.63969690705075,52.658634185791016,1343000,0.0,0.0,0.0003341502685151744,0.8290160391017692,0.8290160391017692,0.8290160391017692,6.083469390869141,-1.0,-1.7989959716796875,0.0,0.0,2.0,0.5,0.5
2021-11-23,51.380386658496874,51.97689820072683,51.25729617253158,51.80173110961914,2005800,0.0,0.0,0.0004909396531380682,0.869896180113031,0.869896180113031,0.869896180113031,5.226566314697266,-1.0,-2.6558990478515625,0.0,0.0,2.0,0.5,0.5
2021-11-24,51.4372036743516,51.63130444880402,51.07740262395845,51.6218376159668,1139600,0.0,0.0,0.00027795987783430686,0.8594984876521498,0.8594984876521498,0.8594984876521498,5.046672821044922,-1.0,-2.8357925415039062,0.0,0.0,2.0,0.5,0.5
2021-11-26,51.45140671651917,51.62657382865723,51.129480215132425,51.2099609375,1688600,0.0,0.0,0.0004085803166914372,0.8336124252144822,0.8336124252144822,0.8336124252144822,4.634796142578125,-1.0,-3.247669219970703,0.0,0.0,2.0,0.5,0.5
2021-11-29,50.86436221181607,51.59343111161091,50.68919511116584,51.26676940917969,1329400,0.0,0.0,0.0003220237008087742,0.8386569663023816,0.8386569663023816,0.8386569663023816,4.6916046142578125,-1.0,-3.1908607482910156,0.0,0.0,2.0,0.5,0.5
2021-11-30,51.3614539269591,51.64550586346584,50.277319178765595,50.57557678222656,2255400,0.0,0.0,0.0005389650847721359,0.876480517616515,0.876480517616515,0.876480517616515,4.0004119873046875,-1.0,-3.8820533752441406,0.018932034808614162,2.239675754718078e-05,2.0,1.1198253371307535e-05,0.9999888017466287
2021-12-01,50.755480659354184,51.484549658056906,50.665529485747456,50.78861999511719,1421000,0.0,0.0,0.0003410018237415285,0.8788014003460742,0.8788014003460742,0.8788014003460742,4.2134552001953125,-1.0,-3.6690101623535156,0.0,0.0,2.0,0.5,0.5
2021-12-02,50.433549610331376,50.755476105394735,50.28679022396538,50.485626220703125,1583000,0.0,0.0,0.000377611205758212,0.8518748554036264,0.8518748554036264,0.8518748554036264,3.91046142578125,-1.0,-3.972003936767578,0.0,0.0,2.0,0.5,0.5
2021-12-03,51.73071742596088,51.80646652897162,50.21103626298918,50.69392776489258,1523200,0.0,0.0,0.00036484557550611773,0.9049859561592557,0.9049859561592557,0.9049859561592557,4.118762969970703,-1.0,-3.763702392578125,0.32191687091471266,0.006108771439190979,2.0,0.0030450848558966825,0.9969549151441033
2021-12-06,51.19576142625635,51.36145810169366,50.594518171979075,51.01112747192383,1814600,0.0,0.0,0.0004373630005364235,0.8951255256989219,0.8951255256989219,0.8951255256989219,4.435962677001953,-1.0,-3.446502685546875,0.6059819962989224,0.018661376545134462,2.0,0.009244431365241024,0.990755568634759
2021-12-07,51.54608706161492,52.171002756940936,51.541355451287046,52.152069091796875,1346000,0.0,0.0,0.00033167505856772974,0.9140362227930781,0.9140362227930781,0.9140362227930781,5.576904296875,1.0,1.1409416198730469,0.3645362279693174,0.004272627262073531,0.10958966597364235,0.05693114661785794,0.9430688533821421
2021-12-08,53.28827825936654,53.71435797494156,52.59234865924675,53.69068908691406,2400000,0.0,0.0,0.0006088445611833666,0.960339984246764,0.960339984246764,0.960339984246764,7.1155242919921875,1.0,2.6795616149902344,0.0,0.0,0.6044637390149941,0.30223186950749703,0.697768130492503
2021-12-09,53.89425575935145,54.064687642625785,53.662280433973294,53.75223159790039,2564200,0.0,0.0,0.0006512453064843219,0.9204876431328874,0.9204876431328874,0.9204876431328874,7.177066802978516,1.0,2.7411041259765625,0.0,0.0,0.6325484912733519,0.31627424563667594,0.6837257543633241
2021-12-10,53.70488891764371,54.23038660976725,53.70488891764371,54.13570022583008,1186200,0.0,0.0,0.00030341558840073376,0.8922740752036487,0.8922740752036487,0.8922740752036487,7.560535430908203,1.0,3.12457275390625,0.0,0.0,0.8219095759340993,0.41095478796704965,0.5890452120329503
2021-12-13,54.571247208154546,54.97838963266577,54.44342510367602,54.77481842041016,1269000,0.0,0.0,0.0003284269444686683,0.8887323131773658,0.8887323131773658,0.8887323131773658,8.199653625488288,1.0,3.7636909484863352,0.0,0.0,1.192533716519022,0.596266858259511,0.403733141740489
2021-12-14,53.643344655590305,53.68595443355761,53.132052603397504,53.41136932373047,2097000,0.0,0.0,0.0005292103800381901,0.942591849165601,0.942591849165601,0.942591849165601,6.836204528808594,-1.0,-1.3634490966796946,0.572836314246203,0.0070215175893552926,0.13123508228461833,0.05078612952839636,0.9492138704716037
2021-12-15,53.55339963742784,55.144094926494176,53.53919396948833,55.13462448120117,1635600,0.0,0.0,0.00042608646046916627,0.9990299744226087,0.9990299744226087,0.9990299744226087,8.559459686279297,1.0,1.7232551574707031,0.1657052938284096,0.00037478315657472737,1.5974280893474986,0.7989014362520367,0.2010985637479633
2021-12-16,55.068345294796735,55.55596847722753,54.91685067878021,55.42814636230469,1533200,0.0,0.0,0.0004015368215186981,0.9733219618529454,0.9733219618529454,0.9733219618529454,8.852981567382812,1.0,2.0167770385742188,0.0,0.0,2.0,1.0,0.0
2021-12-17,54.77955407666066,55.16302400505083,50.45248558830666,50.86909484863281,11551400,0.0,0.0,0.0027764179529752102,1.2592033055775942,1.2592033055775942,1.2592033055775942,4.2939300537109375,-1.0,-4.559051513671875,3.0867083811816727,0.5167509348167871,2.0,0.20532462218173578,0.7946753778182643
2021-12-20,49.297338532165554,49.55298636317091,48.33155904122854,49.01328659057617,5956600,0.0,0.0,0.0013794579725598525,1.3505127699937858,1.3505127699937858,1.3505127699937858,2.438121795654297,-1.0,-6.414859771728516,0.0,0.0,2.0,0.5,0.5
2021-12-21,49.600327357194224,50.40514539920272,49.23105947487157,50.28205490112305,5111600,0.0,0.0,0.0012144121135523214,1.3534660584675549,1.3534660584675549,1.3534660584675549,3.706890106201172,1.0,1.268768310546875,0.0,0.0,0.03911923123503709,0.019559615617518546,0.9804403843824815
2021-12-22,51.441939095211474,52.15680236446281,51.35198792928703,52.02898025512695,3649800,0.0,0.0,0.0008972440604119887,1.3907004445298556,1.3907004445298556,1.3907004445298556,5.453815460205078,1.0,3.0156936645507812,0.0,0.0,0.22100398918140565,0.11050199459070283,0.8894980054092971
2021-12-23,51.43720681602005,52.27042902132633,51.29991425403824,51.33305358886719,2411200,0.0,0.0,0.0005848258296323391,1.3606871818697293,1.3606871818697293,1.3606871818697293,4.7578887939453125,1.0,2.3197669982910156,0.0,0.0,0.13077188898656805,0.06538594449328403,0.934614055506716
2021-12-27,52.44085332568151,53.108378806174336,52.23728210949395,52.84799575805664,2262200,0.0,0.0,0.0005648793916321962,1.3903041844009736,1.3903041844009736,1.3903041844009736,6.272830963134766,1.0,3.8347091674804688,0.0,0.0,0.35734731976117945,0.17867365988058972,0.8213263401194103
2021-12-28,53.02789668132797,53.06103601276329,52.24201594741011,52.445587158203125,1675400,0.0,0.0,0.00041516781106429475,1.3494981758975597,1.3494981758975597,1.3494981758975597,5.87042236328125,1.0,3.432300567626953,0.0,0.0,0.2862834814335614,0.1431417407167807,0.8568582592832192
2021-12-29,52.02897671710772,52.64442194571,51.77332890390388,52.62548828125,1343800,0.0,0.0,0.00033413885987023143,1.315326380605314,1.315326380605314,1.315326380605314,6.050323486328125,-1.0,0.179901123046875,0.4639532055900659,0.005880187424986975,0.0007864903794507704,0.0033333389022188725,0.9966666610977811
2021-12-30,52.83379694182392,53.26934351090544,52.72491210551181,52.76278305053711,1623200,0.0,0.0,0.00040466527664430405,1.2673641555374662,1.2673641555374662,1.2673641555374662,6.187618255615234,1.0,0.13729476928710938,0.0,0.0,0.0004580718975681451,0.00022903594878407254,0.9997709640512159
2021-12-31,52.956884177197935,53.45397777360631,52.871668235296966,53.023162841796875,1514600,0.0,0.0,0.00037945457520941145,1.2262091960754473,1.2262091960754473,1.2262091960754473,6.447998046875,1.0,0.397674560546875,0.0,0.0,0.0038430964609035903,0.0019215482304517952,0.9980784517695482
2022-01-03,51.910629105652305,51.943768441219675,50.99692615424714,51.50348663330078,2312600,0.0,0.0,0.000562773142245038,1.2833540168950393,1.2833540168950393,1.2833540168950393,4.928321838378906,-1.0,-1.5196762084960938,1.727985951264671,0.12293690977816894,2.0,0.05790888519198384,0.9420911148080162
2022-01-04,49.17424855600076,50.32939352748932,49.01328351166455,50.2489128112793,5726400,0.0,0.0,0.0013595793574059946,1.3695575243765532,1.3695575243765532,1.3695575243765532,3.673748016357422,-1.0,-2.774250030517578,0.0,0.0,2.0,0.5,0.5
2022-01-05,49.6097950480328,49.841770364219464,48.54459762573242,48.54459762573242,2874400,0.0,0.0,0.0006593018905615778,1.3934687858887191,1.3934687858887191,1.3934687858887191,1.9694328308105469,-1.0,-4.478565216064453,0.0,0.0,2.0,0.5,0.5
2022-01-06,47.682977385763856,49.216860854743494,47.46993570745884,48.69609832763672,6665800,0.0,0.0,0.0015337079045671046,1.4187156688455718,1.4187156688455718,1.4187156688455718,2.1209335327148438,-1.0,-4.327064514160156,0.0,0.0,2.0,0.5,0.5
2022-01-07,47.602498624431554,48.26528535251654,47.59776340154044,48.04751205444336,7812400,0.0,0.0,0.0017735832842814098,1.3958313300777652,1.3958313300777652,1.3958313300777652,1.4723472595214844,-1.0,-4.975650787353516,0.0,0.0,2.0,0.5,0.5
2022-01-10,47.403656242208555,48.25108049468451,47.17168090084546,48.18953704833984,2980200,0.0,0.0,0.0006785695631251494,1.3732290632035713,1.3732290632035713,1.3732290632035713,1.6143722534179616,-1.0,-4.833625793457038,0.0,0.0,2.0,0.5,0.5
2022-01-11,47.673508158833435,47.96229534806677,47.18115334340014,47.9196891784668,2404400,0.0,0.0,0.0005443985038044346,1.3471686804704375,1.3471686804704375,1.3471686804704375,1.3445243835449219,-1.0,-5.103473663330078,0.0,0.0,2.0,0.5,0.5
2022-01-12,47.40365549198394,47.86287455674273,47.370516158027975,47.69717788696289,2445200,0.0,0.0,0.0005510655757081584,1.2901689904681792,1.2901689904681792,1.2901689904681792,1.1220130920410156,-1.0,-5.325984954833984,0.0,0.0,2.0,0.5,0.5
2022-01-13,47.71137478907987,47.75871617362956,46.95390180053654,47.1338005065918,1931200,0.0,0.0,0.00043008661153074774,1.2555008035128106,1.2555008035128106,1.2555008035128106,0.5586357116699219,-1.0,-5.889362335205078,0.0,0.0,2.0,0.5,0.5
2022-01-14,45.945521187369586,46.44261119672389,45.145438337944775,45.59992218017578,4927600,0.0,0.0,0.0010616851901897012,1.30784804387954,1.30784804387954,1.30784804387954,-0.9752426147460938,-1.0,-7.423240661621094,0.0,0.0,2.0,0.0,1.0
2022-01-18,45.29219667857884,45.87450623250159,45.19277867901475,45.633060455322266,2290000,0.0,0.0,0.0004937547537927849,1.2631251517086326,1.2631251517086326,1.2631251517086326,-0.9421043395996094,-1.0,-7.390102386474609,0.0,0.0,2.0,0.0,1.0
2022-01-19,46.253240024509445,46.67931973688604,45.90764464418801,46.059139251708984,2052800,0.0,0.0,0.00044674393775004704,1.2476347324125716,1.2476347324125716,1.2476347324125716,-0.5160255432128906,1.0,0.42607879638671875,0.23670854016215515,0.21041924340411422,0.0033241371485718744,0.015552000440792635,0.9844479995592074
2022-01-20,45.4389643807994,46.111221558990515,45.159644019095495,45.19278335571289,4022400,0.0,0.0,0.0008589157310571327,1.2264877900898894,1.2264877900898894,1.2264877900898894,-1.3823814392089844,-1.0,-0.8663558959960938,0.03313465991925568,0.0005745254174460551,2.0,0.0,1.0
2022-01-21,45.42948726425145,45.86976902147136,45.036546893545406,45.14543533325195,2700400,0.0,0.0,0.0005760207864455277,1.1983973856496086,1.1983973856496086,1.1983973856496086,-1.4297294616699219,-1.0,-0.9137039184570312,0.0,0.0,2.0,0.0,1.0
2022-01-24,43.93348374207772,45.28746850700422,43.32277003102345,45.18331527709961,5764800,0.0,0.0,0.0012307179919972286,1.25313317781612,1.25313317781612,1.25313317781612,-1.3918495178222656,-1.0,-0.875823974609375,0.0,0.0,2.0,0.0,1.0
2022-01-25,44.59153926846991,45.38688694484235,44.49685287133228,45.050758361816406,5165000,0.0,0.0,0.0010994326829687712,1.2271975275085454,1.2271975275085454,1.2271975275085454,-1.5244064331054688,1.0,-0.13255691528320312,0.0,0.0,0.09678876171640603,0.951605619141797,0.048394380858203016
2022-01-26,44.75249662990703,44.99867762801725,43.881403527465075,44.07550430297851,3709000,0.0,0.0,0.0007724143519621805,1.2230659065687444,1.2230659065687444,1.2230659065687444,-2.4996604919433665,-1.0,-0.9752540588378977,0.0,0.0,2.0,0.0,1.0
2022-01-27,45.19751733355629,45.77509170890606,44.975008817290394,45.18331527709961,2640600,0.0,0.0,0.000563737498207723,1.257103156522945,1.257103156522945,1.257103156522945,-1.3918495178222656,1.0,1.1078109741211009,0.3882047640637083,0.07779239724349804,1.290315140004593,0.9431386823582778,0.056861317641722246
2022-01-28,45.40108509618355,45.88397303834049,45.01287993110321,45.8082275390625,1981400,0.0,0.0,0.0004288563626471324,1.2295310101453978,1.2295310101453978,1.2295310101453978,-0.766937255859375,1.0,1.7327232360839915,0.0,0.0,2.0,0.5,0.5
2022-01-31,46.50416059614937,47.37525376798476,46.42841147933758,47.28057098388672,2890000,0.0,0.0,0.0006456196895286952,1.2536378114866022,1.2536378114866022,1.2536378114866022,0.7054061889648438,1.0,3.2050666809082102,0.0,0.0,2.0,1.0,0.0
2022-02-01,47.985960736416544,48.65821780005585,47.65456742671159,48.573001861572266,4038200,0.0,0.0,0.0009267849652004966,1.2624955975353545,1.2624955975353545,1.2624955975353545,1.9978370666503906,1.0,4.497497558593757,0.0,0.0,2.0,1.0,0.0
2022-02-02,50.33413390955139,50.73654114377008,49.950663953779255,50.46195602416992,4395600,0.0,0.0,0.0010480414437196045,1.3268558607255303,1.3268558607255303,1.3268558607255303,3.886791229248047,1.0,6.386451721191413,0.0,0.0,2.0,1.0,0.0
2022-02-03,49.273670541558104,49.851244880063625,49.18845459633735,49.53404998779297,3937800,0.0,0.0,0.0009216238477635626,1.3230448298046047,1.3230448298046047,1.3230448298046047,2.9588851928710938,-1.0,-0.9279060363769531,0.0,0.0,0.021110024292216045,0.5,0.5
2022-02-04,48.11852276066737,48.35996854527541,46.95390722890582,47.185882568359375,5665000,0.0,0.0,0.0012630141262024404,1.4128375390247865,1.4128375390247865,1.4128375390247865,0.6107177734375,-1.0,-3.276073455810547,0.0,0.0,0.2631406813797137,0.5,0.5
2022-02-07,47.70664163617928,48.65348381590385,47.57881953115962,48.175331115722656,2094800,0.0,0.0,0.00047682990481317616,1.4167492324904785,1.4167492324904785,1.4167492324904785,1.6001663208007812,1.0,0.9894485473632812,0.0,0.0,0.09121771073283977,0.045608855366419884,0.9543911446335801
2022-02-08,47.94335534237137,48.15166179145917,47.64036611383448,48.0759162902832,1945800,0.0,0.0,0.00044199970611423885,1.353764644590314,1.353764644590314,1.353764644590314,1.5007514953613281,1.0,0.8900337219238281,0.0,0.0,0.07380837801064785,0.036904189005323926,0.9630958109946761
2022-02-09,49.37782404707878,50.21104261409306,49.349416323898495,50.1447639465332,2559600,0.0,0.0,0.000606448468936694,1.4095761931059956,1.4095761931059956,1.4095761931059956,3.569599151611328,1.0,2.958881378173828,0.0,0.0,0.81573265364595,0.407866326822975,0.592133673177025
2022-02-10,49.51984612957862,50.36253510613177,49.12690575136948,49.264198303222656,1889800,0.0,0.0,0.0004398893784030286,1.3971514189385885,1.3971514189385885,1.3971514189385885,2.6890335083007812,1.0,2.0783157348632812,0.0,0.0,0.40245357490949485,0.20122678745474742,0.7987732125452526
2022-02-11,48.16586706886984,48.25108302084048,46.48522414377757,46.82608795166016,3747400,0.0,0.0,0.0008291137932412365,1.495853043260481,1.495853043260481,1.495853043260481,0.25092315673828836,-1.0,-2.438110351562493,2.8641921801209236,2.0,1.376206692346283,0.5923807936682061,0.40761920633179394
2022-02-14,46.19643318346412,46.707728853582246,46.05440540445915,46.4615478515625,3157800,0.0,0.0,0.0006932254617490165,1.4441265792562332,1.4441265792562332,1.4441265792562332,-0.113616943359375,-1.0,-2.8026504516601562,0.0,0.0,1.8185063420787395,0.09074682896063024,0.9092531710393698
2022-02-15,47.659303995268225,48.37417090848043,47.659303995268225,47.985965728759766,1900000,0.0,0.0,0.00043078845088954156,1.477590613374926,1.477590613374926,1.477590613374926,1.4108009338378906,1.0,1.5244178771972656,0.12308788763994727,0.007612006673664231,0.2958490609255209,0.15173053379959256,0.8482694662004074
2022-02-16,48.08537676033925,48.9280656664395,48.08064153841845,48.84284973144531,2010600,0.0,0.0,0.0004640052392103247,1.439341279396698,1.439341279396698,1.439341279396698,2.2676849365234375,1.0,2.3813018798828125,0.0,0.0,0.7219232658769288,0.3609616329384644,0.6390383670615356
2022-02-17,48.94227304872425,49.00382010464726,48.4499146609223,48.501991271972656,1578200,0.0,0.0,0.00036167444141824926,1.3760958625630022,1.3760958625630022,1.3760958625630022,1.9268264770507812,1.0,2.0404434204101562,0.0,0.0,0.5300431692767115,0.26502158463835573,0.7349784153616443
2022-02-18,48.232138723358936,48.34102716188986,47.44152638017276,47.72557830810547,1177000,0.0,0.0,0.00026541402839350055,1.3535507932227804,1.3535507932227804,1.3535507932227804,1.1504135131835938,-1.0,-0.7764129638671875,0.6391151582456871,0.30863863334098685,0.1447892915421926,0.6806784858266153,0.3193215141733847
2022-02-22,47.25216114449073,47.886547327690906,46.49942329242283,46.9823112487793,1595200,0.0,0.0,0.0003541161467239374,1.3559488819403014,1.3559488819403014,1.3559488819403014,0.4071464538574219,-1.0,-1.5196800231933594,0.0,0.0,0.554696206329499,0.5,0.5
2022-02-23,46.939704027352946,47.0296515826259,46.163293691796426,46.2437744140625,1413000,0.0,0.0,0.00030873910938151777,1.3209780968609568,1.3209780968609568,1.3209780968609568,-0.331390380859375,-1.0,-2.2582168579101562,0.0,0.0,1.2248479422347485,0.38757602888262577,0.6124239711173742
2022-02-24,45.249593366197296,46.90183213120178,44.856652953674505,46.84502029418945,2918600,0.0,0.0,0.0006460025328526323,1.3727067454799795,1.3727067454799795,1.3727067454799795,0.2698554992675781,-1.0,-1.6569709777832031,0.0,0.0,0.6594482043823303,0.5,0.5
2022-02-25,47.720850341322254,48.87126380741231,47.654571673474805,48.644020080566406,2675200,0.0,0.0,0.0006148680491497673,1.4193879431758996,1.4193879431758996,1.4193879431758996,2.0688552856445312,1.0,1.7989997863769531,1.8416122247864095,0.7923848287986677,1.1787790809834557,0.9855819548910617,0.014418045108938293
2022-02-28,48.43571544222214,48.86653041124867,48.12799459225078,48.73870468139648,2163000,0.0,0.0,0.0004981116663214931,1.370755648591756,1.370755648591756,1.370755648591756,2.1635398864746023,1.0,1.8936843872070241,0.0,0.0,1.306126959438217,0.6530634797191085,0.3469365202808915
2022-03-01,49.21212152708299,49.728152400366696,48.861790927075944,49.046424865722656,2104600,0.0,0.0,0.00048772288397656426,1.3435193679045034,1.3435193679045034,1.3435193679045034,2.4712600708007812,1.0,2.201404571533203,0.0,0.0,1.7651024777666566,0.8825512388833283,0.11744876111667168
2022-03-02,48.61087915832765,49.70448075399469,48.28895266276589,49.55298614501953,2701400,0.0,0.0,0.0006324918556762039,1.3486628481419534,1.3486628481419534,1.3486628481419534,2.9778213500976562,-1.0,0.506561279296875,0.0,0.0,0.09346180765491646,0.04673090382745823,0.9532690961725417
2022-03-03,50.30572365375145,50.81228405159914,49.055892324259645,49.36361312866211,1861400,0.0,0.0,0.0004341530544440143,1.3777863395132066,1.3777863395132066,1.3777863395132066,2.7884483337402344,1.0,-0.18937301635742188,0.0,0.0,0.1397565636114833,0.5,0.5
2022-03-04,48.18006130397922,49.31154099831677,48.18006130397922,49.28786849975586,2401400,0.0,0.0,0.0005592432547478477,1.3639124455967553,1.3639124455967553,1.3639124455967553,2.7127037048339844,-1.0,-0.07574462890625,0.0,0.0,0.02235834763675132,0.5,0.5
2022-03-07,48.63455227955403,48.84759033455033,47.6451002802366,47.7445182800293,5455600,0.0,0.0,0.0012307284720023206,1.3838307151626486,1.3838307151626486,1.3838307151626486,1.1693534851074219,-1.0,-1.6190948486328125,0.0,0.0,2.0,0.5,0.5
2022-03-08,48.30315738300245,50.026410009639726,47.56935679763443,48.43571472167969,7352800,0.0,0.0,0.0016827309277712447,1.4604894649371236,1.4604894649371236,1.4604894649371236,1.8605499267578125,-1.0,-0.9278984069824219,0.7148690113229534,0.147628526697163,2.0,0.06874025226522804,0.9312597477347719
2022-03-09,48.677159018523696,50.002739588522736,48.454650516024465,49.73762130737305,5377200,0.0,0.0,0.0012636808743741034,1.4680991365018325,1.4680991365018325,1.4680991365018325,3.162456512451172,-1.0,0.3740081787109375,1.1551492539724038,0.13342188730287138,0.1624655706888061,0.14794372899583874,0.8520562710041613
2022-03-10,48.980150184667096,49.704483943177294,48.81445350983088,49.45357131958008,4426000,0.0,0.0,0.0010342017795217306,1.4291754694332852,1.4291754694332852,1.4291754694332852,2.878406524658203,-1.0,0.08995819091796875,0.0,0.0,0.009398976589993164,0.004699488294996582,0.9953005117050034
2022-03-11,48.038039518407814,48.786045722076565,47.611959806703055,47.938621520996094,5354200,0.0,0.0,0.0012127641281175596,1.4586351868221237,1.4586351868221237,1.4586351868221237,1.3634567260742188,-1.0,-1.4249916076660156,0.8426907093214098,0.3819914957163692,2.0,0.1603664397640881,0.839633560235912
2022-03-14,48.32682809376545,48.99908520753056,48.137458926135665,48.165863037109375,1393000,0.0,0.0,0.0003170200090500753,1.4301943653730056,1.4301943653730056,1.4301943653730056,1.5906982421875,1.0,0.22724151611328125,0.0,0.0,0.02543025663941476,0.01271512831970738,0.9872848716802927
2022-03-15,48.74343704939551,48.85705710445245,48.01436810660704,48.501991271972656,2286200,0.0,0.0,0.0005239260600496778,1.388229696263892,1.388229696263892,1.388229696263892,1.9268264770507812,-1.0,0.33612823486328125,0.0,0.0,0.055639776457499,0.0278198882287495,0.9721801117712505
2022-03-16,49.945926413827586,50.58030895872886,49.2736693137905,50.29625701904297,2457800,0.0,0.0,0.000584088180122223,1.4375216955847712,1.4375216955847712,1.4375216955847712,3.7210922241210938,1.0,1.7942657470703125,0.0,0.0,1.5854367456891167,0.7927183728445584,0.20728162715544163
2022-03-17,51.08213655908407,52.047916020381216,51.04426200485682,52.00530624389648,1684200,0.0,0.0,0.00041384482837005524,1.4599600745671624,1.4599600745671624,1.4599600745671624,5.430141448974602,1.0,3.503314971923821,0.0,0.0,2.0,1.0,0.0
2022-03-18,51.47980992382307,52.77225112915039,51.399329202868245,52.77225112915039,2721400,0.0,0.0,0.0006785693075598461,1.4537430639753754,1.4537430639753754,1.4537430639753754,6.197086334228516,1.0,4.270259857177734,0.0,0.0,2.0,1.0,0.0
2022-03-21,52.12365762171903,52.76277532589839,51.7827938829791,52.16626739501953,2305600,0.0,0.0,0.0005682899003747518,1.4205797912750837,1.4205797912750837,1.4205797912750837,5.591102600097656,1.0,3.664276123046875,0.0,0.0,2.0,1.0,0.0
2022-03-22,52.01004840404534,52.24675898166728,51.5271568030232,51.891693115234375,1954200,0.0,0.0,0.00047914069798798113,1.3705099618014402,1.3705099618014402,1.3705099618014402,5.3165283203125,-1.0,-0.27457427978515625,0.0,0.0,0.0056149167414188145,0.5,0.5
2022-03-23,51.89169242158077,52.30830173233639,51.65024662429719,51.778072357177734,1622600,0.0,0.0,0.00039696622828583474,1.3196203293898516,1.3196203293898516,1.3196203293898516,5.202907562255859,1.0,-0.11362075805664062,0.0,0.0,0.0009614771769252599,0.5,0.5
2022-03-24,51.12000849756232,51.62183367368858,50.88802957372771,51.59342956542969,1413000,0.0,0.0,0.0003444552200982307,1.2889362189655786,1.2889362189655786,1.2889362189655786,5.0182647705078125,-1.0,-0.18464279174804688,0.0,0.0,0.0025391498421847097,0.5,0.5
2022-03-25,51.43857653357687,51.5102683411124,50.58301904669091,50.90803527832031,1527200,0.518,0.0,0.0003673486625543413,1.2690415260922359,1.2690415260922359,1.2690415260922359,4.3328704833984375,-1.0,-0.8700370788574219,0.0,0.0,0.05637663339326353,0.5,0.5
2022-03-28,50.9797305466389,51.60586330738236,50.936711815692085,51.577186584472656,1057800,0.0,0.0,0.0002577848691661766,1.2282405620186507,1.2282405620186507,1.2282405620186507,5.002021789550781,1.0,0.6691513061523438,0.0,0.0,0.5915250444781178,0.2957625222390589,0.704237477760941
2022-03-29,53.05409188948261,53.30263197672106,52.41839784121274,52.67171859741211,2005000,0.0,0.0,0.000498985674028493,1.2637551927493473,1.2637551927493473,1.2637551927493473,6.096553802490234,1.0,1.7636833190917969,0.0,0.0,2.0,1.0,0.0
2022-03-30,53.38866878889129,54.354159764728415,53.33609236710896,53.7901611328125,2362400,0.0,0.0,0.0006004163228669793,1.2936613337898444,1.2936613337898444,1.2936613337898444,7.214996337890625,1.0,2.8821258544921875,0.0,0.0,2.0,1.0,0.0
2022-03-31,53.94789113634612,54.06260167335802,53.07799530029297,53.07799530029297,1668000,0.0,0.0,0.0004183182087647736,1.271585979452359,1.271585979452359,1.271585979452359,6.502830505371094,-1.0,-0.7121658325195312,0.0,0.0,0.061057129785303754,0.5,0.5
2022-04-01,53.32175506276339,54.08650170508719,53.235721247831066,53.967010498046875,1883000,0.0,0.0,0.00048014774353639917,1.2527945812624919,1.2527945812624919,1.2527945812624919,7.391845703125,1.0,0.8890151977539062,0.0,0.0,1.558318057170151,0.7791590285850755,0.22084097141492454
2022-04-04,53.92399068585805,54.49754700951613,53.65155088513313,54.39717483520508,2961200,0.0,0.0,0.0007610975023595347,1.2237375486282425,1.2237375486282425,1.2237375486282425,7.822010040283203,1.0,1.3191795349121094,0.0,0.0,2.0,1.0,0.0
2022-04-05,54.70785418207141,55.26707215980975,54.6791774590845,54.87514114379883,2003800,0.0,0.0,0.0005195486656715033,1.1984632469122731,1.1984632469122731,1.1984632469122731,8.299976348876953,1.0,1.7971458435058594,0.0,0.0,2.0,1.0,0.0
2022-04-06,55.01852911475646,56.041373507951135,54.908595604871614,55.98401641845703,2827400,0.0,0.0,0.000747906861171743,1.196161041000847,1.196161041000847,1.196161041000847,9.408851623535156,1.0,2.9060211181640625,0.0,0.0,2.0,1.0,0.0
2022-04-07,56.72486527825812,58.388184464998425,56.72486527825812,58.22089385986328,4647800,0.0,0.0,0.0012785641167181868,1.2824472556823145,1.2824472556823145,1.2824472556823145,11.645729064941406,1.0,5.1428985595703125,0.0,0.0,2.0,1.0,0.0
2022-04-08,57.35577684906505,58.053605029805496,57.31276176678766,57.623435974121094,2578400,0.0,0.0,0.0007020138082790475,1.2557104583532652,1.2557104583532652,1.2557104583532652,11.048271179199219,1.0,4.545440673828125,0.0,0.0,2.0,1.0,0.0
2022-04-11,57.68079226437998,58.29258662550509,57.331876355554115,57.80984115600586,5004400,0.0,0.0,0.0013669417326782536,1.23463901632453,1.23463901632453,1.23463901632453,11.234676361083984,1.0,4.731845855712891,0.0,0.0,2.0,1.0,0.0
2022-04-12,55.8406278398381,56.51933697313069,55.34354401576153,56.113067626953125,5920600,0.0,0.0,0.0015697335613071824,1.3226145966045157,1.3226145966045157,1.3226145966045157,9.53790283203125,-1.0,-1.6967735290527344,1.9692177510261288,0.042626698428460424,0.12858389681860485,0.24897231603539494,0.7510276839646051
2022-04-13,56.48588353741932,56.93039097346832,55.96968064783037,56.820457458496094,2903200,0.0,0.0,0.0007794313902987959,1.2967642915354751,1.2967642915354751,1.2967642915354751,10.245292663574219,1.0,0.7073898315429688,0.0,0.0,0.17380804111832843,0.08690402055916421,0.9130959794408358
2022-04-14,56.9112683087841,57.1741504061173,56.409403812632355,56.49543762207031,1771600,0.0,0.0,0.0004729064745097306,1.2587630273890087,1.2587630273890087,1.2587630273890087,9.920272827148438,1.0,0.3823699951171875,0.0,0.0,0.0507831750864798,0.0253915875432399,0.9746084124567601
2022-04-18,56.02703504108134,56.67706746778806,55.39134097507546,55.62076568603515,1188200,0.0,0.0,0.0003122645779655394,1.260688989197837,1.260688989197837,1.260688989197837,9.045600891113274,-1.0,-0.8746719360351634,0.5783396727549146,0.004087813992828767,2.0,0.0020397379617235647,0.9979602620382765
2022-04-19,54.50232338099383,55.08066032827623,54.21076457292673,54.68395233154297,2391000,0.0,0.0,0.000617782616018811,1.2713541409057358,1.2713541409057358,1.2713541409057358,8.108787536621094,-1.0,-1.8114852905273438,0.0,0.0,2.0,0.5,0.5
2022-04-20,55.05198481258969,55.67811752234096,54.88947488731092,55.22405242919922,1594000,0.0,0.0,0.00041592286977876333,1.2515549301837543,1.2515549301837543,1.2515549301837543,8.648887634277344,1.0,0.54010009765625,0.0,0.0,0.08889531800750382,0.04444765900375191,0.9555523409962481
2022-04-21,54.70784977469677,54.779545222970384,52.729075823204155,52.934600830078125,4305200,0.0,0.0,0.0010767854668012138,1.3403707641702765,1.3403707641702765,1.3403707641702765,6.35943603515625,-1.0,-2.2894515991210938,1.4816887497225721,0.05428461472257477,2.0,0.026425069989586502,0.9735749300104135
2022-04-22,54.043483533641485,54.043483533641485,52.73386091196901,52.91070556640625,2365800,0.0,0.0,0.0005914496669594383,1.3381744682775762,1.3381744682775762,1.3381744682775762,6.335540771484375,-1.0,-2.3133468627929688,0.0,0.0,2.0,0.5,0.5
2022-04-25,53.08755279731718,54.36371800081118,53.05887607481509,54.35416030883789,2668600,0.0,0.0,0.0006853501052917741,1.346377180143816,1.346377180143816,1.346377180143816,7.778995513916016,1.0,1.4434547424316406,0.0,0.0,0.389336241504391,0.1946681207521955,0.8053318792478045
2022-04-26,53.35521197808338,53.65155148166485,52.423182030130555,52.470977783203125,2829000,0.0,0.0,0.0007013718252955011,1.3881344014697818,1.3881344014697818,1.3881344014697818,5.89581298828125,-1.0,-1.8831825256347656,0.3106788818384558,0.0027767454431619184,1.7020741964180248,0.0016287320932178058,0.9983712679067822
2022-04-27,53.03975316599912,53.818834458524286,52.80077077173694,53.32175064086914,2137200,0.0,0.0,0.0005384504897460639,1.3852574210305946,1.3852574210305946,1.3852574210305946,6.746585845947266,1.0,0.8507728576660156,0.0,0.0,0.20409972564335477,0.10204986282167738,0.8979501371783226
2022-04-28,51.610637085479475,53.001512659618705,51.58195671981703,52.66693878173828,3558200,0.0,0.0,0.0008854512241142151,1.4105814567464172,1.4105814567464172,1.4105814567464172,6.091773986816406,-1.0,-0.6548118591308594,0.8412253103135257,0.01906940304486914,0.5923874104673562,0.031186835477936607,0.9688131645220633
2022-04-29,54.71741605890617,55.50605512146017,54.33504273126968,54.48799133300781,6458800,0.0,0.0,0.0016628338088062382,1.5126196626732367,1.5126196626732367,1.5126196626732367,7.9128265380859375,1.0,1.8210525512695312,1.6872206629358857,0.04546534386530861,2.0,1.0,0.0
2022-05-02,54.35893769497813,54.64571584242502,53.54161468721059,54.4115104675293,3401200,0.0,0.0,0.0008744181504140819,1.4834397692833219,1.4834397692833219,1.4834397692833219,7.836345672607422,-1.0,-0.07648086547851562,0.0,0.0,0.0017638458613666336,0.5,0.5
2022-05-03,54.11517692203001,54.63615681986921,53.71846525051556,54.0960578918457,2393200,0.0,0.0,0.0006117033002183412,1.4430291835740596,1.4430291835740596,1.4430291835740596,7.520893096923828,-1.0,-0.3919334411621094,0.0,0.0,0.04632118742842678,0.5,0.5
2022-05-04,53.69934917475852,54.583583401583915,53.02542064494889,54.444976806640625,3267600,0.0,0.0,0.0008405874772053958,1.4512530102212717,1.4512530102212717,1.4512530102212717,7.86981201171875,-1.0,-0.0430145263671875,0.0,0.0,0.0005579372186552252,0.5,0.5
2022-05-05,53.93354876311117,54.43541328483466,53.55595976273057,53.90965270996094,4392600,0.0,0.0,0.0011188822971490752,1.411093298341899,1.411093298341899,1.411093298341899,7.3344879150390625,-1.0,-0.578338623046875,0.0,0.0,0.10086010964248819,0.5,0.5
2022-05-06,52.925046285615906,53.78538077630847,52.6526064832426,53.22138214111328,5187400,0.0,0.0,0.0013044639988481679,1.4000899360830732,1.4000899360830732,1.4000899360830732,6.646217346191406,-1.0,-1.2666091918945312,0.0,0.0,0.48377153774252607,0.5,0.5
2022-05-09,51.67277489176677,51.98822976398391,50.63559214950046,50.78376007080078,4423000,0.0,0.0,0.001061299608032663,1.4847827971923409,1.4847827971923409,1.4847827971923409,4.208595275878906,-1.0,-3.7042312622070312,0.0,0.0,2.0,0.5,0.5
2022-05-10,51.357316084940805,52.16985842946587,50.774202094527034,51.3525390625,2776400,0.0,0.0,0.0006736590811063952,1.4784166213170904,1.4784166213170904,1.4784166213170904,4.777374267578125,1.0,0.5687789916992188,0.0,0.0,0.023577128399708065,0.011788564199854032,0.9882114358001459
2022-05-11,50.04290771313301,51.20436219793984,49.58884266065605,49.61751937866211,3516800,0.0,0.0,0.0008244777310484865,1.4987937484975806,1.4987937484975806,1.4987937484975806,3.0423545837402344,-1.0,-1.7350196838378906,1.0467494888444122,0.11837659844787035,2.0,0.05588080916991087,0.9441191908300891
2022-05-12,49.94732105889125,50.38227077253856,49.26861192542379,49.87562561035156,4213000,0.0,0.0,0.0009928325946839153,1.4712841126845229,1.4712841126845229,1.4712841126845229,3.3004608154296875,-1.0,-1.4769134521484375,0.0,0.0,2.0,0.5,0.5
2022-05-13,50.66426491352718,51.094433929845174,50.07158962803447,50.68338394165039,2968800,0.0,0.0,0.0007109560527849167,1.4532501274566005,1.4532501274566005,1.4532501274566005,4.108219146728516,1.0,0.8077583312988281,0.0,0.0,0.29912506070699857,0.14956253035349928,0.8504374696465007
2022-05-16,49.33552745249779,49.83738830671575,48.82888592921622,49.34508514404297,3786400,0.0,0.0,0.000882808701854925,1.481910690669284,1.481910690669284,1.481910690669284,2.7699203491210938,-1.0,-1.3382987976074219,0.4397259962075708,0.025201693261730943,2.0,0.012444041176531818,0.9875559588234681
2022-05-17,51.108779558564905,51.11833725069504,50.415732011788506,50.826778411865234,2363800,0.0,0.0,0.0005676746788365135,1.5027207918109118,1.5027207918109118,1.5027207918109118,4.251613616943359,1.0,1.4816932678222656,0.023903320849868237,3.160886512094906e-05,1.2257740973192592,0.6129028530921901,0.38709714690780994
2022-05-18,50.009455445222834,50.22454179202798,49.287731226600854,49.469356536865234,1984400,0.0,0.0,0.00046383305034335554,1.5053155342004452,1.5053155342004452,1.5053155342004452,2.8941917419433594,-1.0,-1.357421875,0.0,0.0,0.83929197767243,0.5,0.5
2022-05-19,49.32596577332029,50.20542289925992,49.25905099322055,49.73223876953125,4347200,0.0,0.0,0.0010215128693068039,1.4653909893317973,1.4653909893317973,1.4653909893317973,3.157073974609375,-1.0,-1.0945396423339844,0.0,0.0,0.5456904783064902,0.5,0.5
2022-05-20,50.91759186781502,51.725353583324,50.831558054053225,51.500709533691406,4591400,0.0,0.0,0.0011172607796136984,1.5030855482218655,1.5030855482218655,1.5030855482218655,4.925544738769531,1.0,1.7684707641601562,1.500811791296023,0.09284188083423,2.0,1.0,0.0
2022-05-23,51.60586182001504,51.82572519801116,51.27128426052186,51.543724060058594,1647400,0.0,0.0,0.0004012093691327433,1.4353252188838255,1.4353252188838255,1.4353252188838255,4.968559265136719,1.0,1.8114852905273438,0.0,0.0,2.0,1.0,0.0
2022-05-24,51.854400905594574,52.08860628663236,51.2808445956592,51.61064147949219,1733200,0.0,0.0,0.0004226531875036099,1.3904992526044926,1.3904992526044926,1.3904992526044926,5.0354766845703125,1.0,1.8784027099609375,0.0,0.0,2.0,1.0,0.0
2022-05-25,50.86501554414716,51.06098287176582,50.10983024928564,50.3057975769043,4474200,0.0,0.0,0.001063480775626973,1.3983786795760678,1.3983786795760678,1.3983786795760678,3.730632781982422,-1.0,-1.3048439025878906,1.1614540112362164,0.09692571917823424,0.48254709864068834,0.16726534221752265,0.8327346577824773
2022-05-26,50.65949096862938,51.051421980719965,50.29145965651034,50.9510498046875,1896000,0.0,0.0,0.000456444187424385,1.3527775113356075,1.3527775113356075,1.3527775113356075,4.375885009765625,-1.0,-0.6595916748046875,0.0,0.0,0.12330279428112632,0.5,0.5
2022-05-27,50.52087728561444,51.53894463101865,50.47308153551339,51.49592590332031,1824400,0.0,0.0,0.0004439040894952399,1.3322836244905831,1.3322836244905831,1.3322836244905831,4.9207611083984375,1.0,0.5448760986328125,0.47796175925282824,0.009434561914020876,0.6824096891078243,0.3459221255109226,0.6540778744890774
2022-05-31,53.29307546417851,53.3456518841657,52.44229869941426,52.76731491088867,4559000,0.0,0.0,0.001136660580513341,1.3692437928016403,1.3692437928016403,1.3692437928016403,6.192150115966797,1.0,1.8162651062011719,0.0,0.0,2.0,1.0,0.0
2022-06-01,52.95372339777277,53.073214604019235,52.571350079151195,52.73386001586914,3973400,0.0,0.0,0.0009900293294045728,1.3072881308063833,1.3072881308063833,1.3072881308063833,6.158695220947266,1.0,1.7828102111816406,0.0,0.0,2.0,1.0,0.0
2022-06-02,53.29307504283196,53.89531171009885,52.791210545679206,53.842735290527344,2167200,0.0,0.0,0.0005513435748326691,1.2968712424794782,1.2968712424794782,1.2968712424794782,7.267570495605469,1.0,2.8916854858398438,0.0,0.0,2.0,1.0,0.0
2022-06-03,53.64199353000298,53.98134811573228,53.37911141950315,53.72802734375,1410400,0.0,0.0,0.0003580464779502594,1.247254489175882,1.247254489175882,1.247254489175882,7.152862548828125,1.0,2.7769775390625,0.0,0.0,2.0,1.0,0.0
2022-06-06,53.852296055885304,53.928772178384385,53.34565450736667,53.603755950927734,2822400,0.0,0.0,0.0007148418925125785,1.1998161450217275,1.1998161450217275,1.1998161450217275,7.028591156005859,-1.0,-0.12427139282226562,0.0,0.0,0.002002615612576875,0.5,0.5
2022-06-07,54.59314364503357,55.420020761558376,54.57880528353973,55.38178634643555,2156400,0.0,0.0,0.0005642771890472438,1.2438481925652214,1.2438481925652214,1.2438481925652214,8.806621551513672,1.0,1.7780303955078125,1.4386726458260952,0.02668734100627995,2.0,1.0,0.0
2022-06-08,55.17626076738684,55.81673188487772,55.10934598336787,55.424800872802734,2908200,0.0,0.0,0.000761595944573378,1.2055294574898379,1.2055294574898379,1.2055294574898379,8.84963607788086,1.0,1.821044921875,0.0,0.0,2.0,1.0,0.0
2022-06-09,54.927714557663506,55.08544381861451,53.91443150409675,53.91920852661133,1787200,0.0,0.0,0.00045531596198344616,1.22730373686242,1.22730373686242,1.22730373686242,7.344043731689453,-1.0,-1.5055923461914062,0.6643737794429825,0.008183789675160704,0.6835550218441151,0.011830751056437805,0.9881692489435622
2022-06-10,53.05887088043117,53.71368029067213,52.7290740176149,53.288291931152344,2074600,0.0,0.0,0.0005223509448894601,1.2246487920148492,1.2246487920148492,1.2246487920148492,6.713127136230469,-1.0,-2.1365089416503906,0.0,0.0,1.3764743126665908,0.5,0.5
2022-06-13,52.0408085632609,52.18898013791815,51.31908430679416,51.419456481933594,2128600,0.0,0.0,0.0005171514548169939,1.2778315657536587,1.2778315657536587,1.2778315657536587,4.844291687011719,-1.0,-4.005344390869141,0.0,0.0,2.0,0.5,0.5
2022-06-14,51.05142616682896,51.10400259381173,50.32970184476105,50.726409912109375,2646400,0.0,0.0,0.0006342870226525531,1.2643974994264364,1.2643974994264364,1.2643974994264364,4.1512451171875,-1.0,-4.698390960693359,0.0,0.0,2.0,0.5,0.5
2022-06-15,50.64036963645972,51.24738698095972,49.995117878958055,50.821998596191406,2834400,0.0,0.0,0.0006806268701471555,1.263531185324667,1.263531185324667,1.263531185324667,4.246833801269531,-1.0,-4.602802276611328,0.0,0.0,2.0,0.5,0.5
2022-06-16,49.82305067606234,50.74552290342421,49.82305067606234,50.5161018371582,2571000,0.0,0.0,0.0006136604270365112,1.2446323806678385,1.2446323806678385,1.2446323806678385,3.940937042236328,-1.0,-4.908699035644531,0.0,0.0,2.0,0.5,0.5
2022-06-17,50.55433851756256,50.96538856351973,50.13373077949156,50.46352767944336,2408000,0.0,0.0,0.0005741565195858375,1.2151341951935768,1.2151341951935768,1.2151341951935768,3.8883628845214844,1.0,-0.05257415771484375,0.0,0.0,0.000833495633286653,0.5,0.5
2022-06-21,51.65364930810007,51.9356504009343,51.47202401966183,51.5676155090332,1761400,0.0,0.0,0.00042917187476040344,1.2334905185005314,1.2334905185005314,1.2334905185005314,4.992450714111328,1.0,1.051513671875,1.1901274975100904,0.05682761202086336,2.0,1.0,0.0
2022-06-22,51.31908291317691,51.978673037573806,51.26650649240084,51.30474090576172,3375600,0.0,0.0,0.0008182851845809673,1.1962530918342764,1.1962530918342764,1.1962530918342764,4.729576110839844,1.0,0.7886390686035156,0.0,0.0,2.0,1.0,0.0
2022-06-23,51.15657407840101,51.8400639165604,51.15657407840101,51.82572555541992,4412800,0.0,0.0,0.0010805773165640474,1.1596271451432136,1.1596271451432136,1.1596271451432136,5.250560760498047,-1.0,0.5209846496582031,0.31544994126082315,0.003609520598728843,2.0,1.0,0.0
2022-06-24,53.441248735361576,53.62765473521789,52.853354011686264,53.58942031860352,2870800,0.0,0.0,0.0007269059237407231,1.2055058619042673,1.2055058619042673,1.2055058619042673,7.014255523681648,1.0,1.7636947631836009,0.0,0.0,2.0,1.0,0.0
2022-06-27,53.857071071997034,54.37805092715324,53.57029293589203,53.95744323730469,1984800,0.0,0.0,0.0005060160882698907,1.1770952997154778,1.1770952997154778,1.1770952997154778,7.3822784423828125,1.0,2.1317176818847656,0.0,0.0,2.0,1.0,0.0
2022-06-28,52.21765688937125,52.56179214523032,51.73013437462569,51.76359176635742,2969400,0.0,0.0,0.0007262553069108475,1.2521105542128719,1.2521105542128719,1.2521105542128719,5.188426971435547,-1.0,-2.1938514709472656,1.123219637060572,0.046866007588136825,1.0591441402566992,0.042373939949339176,0.9576260600506609
2022-06-29,52.10771947016736,53.15446352052169,52.03602766938852,52.61436462402344,2324600,0.0,0.0,0.0005778947843610394,1.2620220684951142,1.2620220684951142,1.2620220684951142,6.0391998291015625,1.0,0.8507728576660156,0.0,0.0,0.15038787034141401,0.07519393517070701,0.924806064829293
2022-06-30,52.37060204807205,53.34565066012231,52.083823902547145,53.25961685180664,2464400,0.0,0.0,0.0006201624248678382,1.262008117715118,1.262008117715118,1.262008117715118,6.684452056884766,1.0,1.4960250854492188,0.0,0.0,0.46501108827325144,0.23250554413662572,0.7674944558633743
2022-07-01,52.44708205784241,53.46036515701159,51.959555892340575,53.35999298095703,1869200,0.0,0.0,0.0004712677786529486,1.279065342497682,1.279065342497682,1.279065342497682,6.784828186035156,1.0,1.5964012145996094,0.07647177704794217,0.0001270353697779117,0.5295045010592362,0.26481576821450703,0.735184231785493
2022-07-05,51.79227055171653,53.16880798339844,51.79227055171653,53.16880798339844,5036800,0.0,0.0,0.0012653417601772548,1.299683705836455,1.299683705836455,1.299683705836455,6.5936431884765625,-1.0,-0.19118499755859375,0.2915533508306183,0.001955172997434485,0.014342455814275767,0.11996671540522781,0.8800332845947721
2022-07-06,52.222431006380006,53.09232672884287,52.16985459074365,52.810325622558594,3215000,0.0,0.0,0.0008022247079034259,1.2782029691806218,1.2782029691806218,1.2782029691806218,6.235160827636719,-1.0,-0.5496673583984375,0.0,0.0,0.1185538865054175,0.5,0.5
2022-07-07,52.42795981987748,52.743414690096266,52.33236467240056,52.54745101928711,2254000,0.0,0.0,0.0005596310171820731,1.2210428249647227,1.2210428249647227,1.2210428249647227,5.972286224365234,-1.0,-0.8125419616699219,0.0,0.0,0.2590642568734682,0.5,0.5
2022-07-08,51.491154751140456,52.36582765279416,51.36688286944457,52.11250686645508,1934000,0.0,0.0,0.0004762057623750068,1.2181517767417098,1.2181517767417098,1.2181517767417098,5.537342071533203,-1.0,-1.2474861145019531,0.0,0.0,0.6106429416297279,0.5,0.5
2022-07-11,52.12206808217736,52.76731989703131,51.988234861738725,52.35626983642578,1063400,0.0,0.0,0.00026306408787008385,1.1867898666382006,1.1867898666382006,1.1867898666382006,5.781105041503906,1.0,0.24376296997070312,0.023905206935040724,1.7098707931194648e-05,0.038182470481459084,0.01909978459469514,0.9809002154053048
2022-07-12,52.4136222159242,52.48053699683287,51.83050457093552,52.01691055297851,1890400,0.0,0.0,0.0004646163346639536,1.1484500494424257,1.1484500494424257,1.1484500494424257,5.4417457580566335,-1.0,-0.33935928344727273,0.0,0.0,1.938134904994193,0.5,0.5
2022-07-13,51.44334893636015,52.91070069298529,51.44334893636015,52.63348388671875,2439400,0.0,0.0,0.0006066543949903521,1.1712287428126191,1.1712287428126191,1.1712287428126191,6.058319091796875,-1.0,0.27721405029296875,0.14338079595398057,0.0005601156226924637,0.6672844557191925,0.33392228567094245,0.6660777143290575
2022-07-14,51.60108488825044,52.475761440961605,51.44335561220434,52.31325149536133,1804800,0.0,0.0,0.0004461049145151596,1.1725787093627469,1.1725787093627469,1.1725787093627469,5.738086700439453,-1.0,-0.043018341064453125,0.3871489587311743,0.004552206756857905,0.024081128795352656,0.15898276149341126,0.8410172385065887
2022-07-15,53.947883289919965,54.62181169925062,53.70412024346425,54.59791564941406,3067600,0.0,0.0,0.0007913543674388208,1.2537202446860716,1.2537202446860716,1.2537202446860716,8.022750854492188,1.0,2.2846641540527344,1.7111110062653339,0.0454893528756104,2.0,1.0,0.0
2022-07-18,54.70307059484451,55.31008794062568,53.957446664298395,54.000465393066406,3267600,0.0,0.0,0.0008337245717613845,1.2607860326604439,1.2607860326604439,1.2607860326604439,7.425300598144531,1.0,1.6872138977050781,0.0,0.0,2.0,1.0,0.0
2022-07-19,54.96117179086979,55.36744114495303,54.61703654853695,55.35788345336914,1944400,0.0,0.0,0.0005085823692222964,1.2683710126051708,1.2683710126051708,1.2683710126051708,8.782718658447266,1.0,3.0446319580078125,0.0,0.0,2.0,1.0,0.0
2022-07-20,54.65049632372042,54.76521050722515,53.943110425019,54.292022705078125,1732600,0.0,0.0,0.00044445781134395084,1.2788282994440971,1.2788282994440971,1.2788282994440971,7.71685791015625,-1.0,-1.0658607482910156,0.014336239279394647,3.451353746393339e-06,0.12255508479967978,2.8160859738669906e-05,0.9999718391402613
2022-07-21,54.38284182828199,55.23361870565572,54.28246964408894,55.13802719116211,1531800,0.0,0.0,0.0003990703846618308,1.2554226395957175,1.2554226395957175,1.2554226395957175,8.562862396240234,1.0,0.8460044860839844,0.0,0.0,0.6300055768076835,0.31500278840384177,0.6849972115961582
2022-07-22,54.81300284012648,55.262290914362744,54.55968208221267,54.755645751953125,1154200,0.0,0.0,0.0002986112643157578,1.215935939063886,1.215935939063886,1.215935939063886,8.18048095703125,1.0,0.463623046875,0.0,0.0,0.18920346927313375,0.09460173463656688,0.9053982653634332
2022-07-25,55.23361313057771,55.60642510468806,54.8369051035472,55.41046142578125,1378000,0.0,0.0,0.0003607756314725625,1.189853325754675,1.189853325754675,1.189853325754675,8.835296630859375,1.0,1.118438720703125,0.0,0.0,1.1010916014033783,0.5505458007016891,0.4494541992983109
2022-07-26,55.42479972772022,56.03659410987243,55.37222330613694,55.83584976196289,1611200,0.0,0.0,0.00042506837470872473,1.1523188598961622,1.1523188598961622,1.1523188598961622,9.260684967041016,1.0,1.5438270568847656,0.0,0.0,2.0,1.0,0.0
2022-07-27,54.88470232039312,56.02225730336162,54.822564558662,55.888427734375,2052800,0.0,0.0,0.0005420816951065192,1.1557027088106948,1.1557027088106948,1.1557027088106948,9.313262939453125,-1.0,0.052577972412109375,0.014340544885200757,2.370978290024151e-06,0.0024333620481675,0.0012178665132287622,0.9987821334867713
2022-07-28,54.84645954041403,55.835846507828805,54.11517399666162,55.63032150268555,1539800,0.0,0.0,0.0004047362433493648,1.1998134965894582,1.1998134965894582,1.1998134965894582,9.055156707763672,-1.0,-0.20552825927734375,1.2570493094753203,0.019271374293734832,2.0,0.009543726781386793,0.9904562732186132
2022-07-29,55.99357875897364,56.036593841927655,55.33398498102171,55.47259521484375,2416000,0.0,0.0,0.0006332447901507605,1.1642988797549219,1.1642988797549219,1.1642988797549219,8.897430419921875,1.0,-0.15772628784179688,0.014336538566034562,2.5963271441424487e-06,2.0,1.2981618868447522e-06,0.9999987018381131
2022-08-01,55.893207679487546,56.122628752896965,55.38178546372554,55.486934661865234,2372400,0.0,0.0,0.0006219777654579978,1.1340520518561006,1.1340520518561006,1.1340520518561006,8.91176986694336,1.0,-0.1433868408203125,0.2867822450681601,0.0010355631660897706,2.0,0.0005175136240213922,0.9994824863759786
2022-08-02,55.74981483576451,56.03659299084877,54.70785140991211,54.70785140991211,1791600,0.0,0.0,0.00046311294824725026,1.147958446790426,1.147958446790426,1.147958446790426,8.132686614990234,-1.0,-0.779083251953125,0.0,0.0,2.0,0.5,0.5
2022-08-03,54.43541379133646,54.51666693665124,47.49536611594788,47.75346755981445,12639200,0.0,0.0,0.0028518108049122703,1.5811389358742691,1.5811389358742691,1.5811389358742691,1.1783027648925781,-1.0,-7.733467102050781,0.0,0.0,2.0,0.5,0.5
2022-08-04,50.58301195587637,51.09921477726361,49.24470915522391,49.932979583740234,10237600,0.0,0.0,0.0024153598901450754,1.70718238455819,1.70718238455819,1.70718238455819,3.3578147888183594,-1.0,-5.553955078125,0.0,0.0,2.0,0.5,0.5
2022-08-05,49.77525396007156,49.83261104881781,48.809766668959504,49.325965881347656,5171000,0.0,0.0,0.0012051645466511277,1.6654702795740857,1.6654702795740857,1.6654702795740857,2.7508010864257812,-1.0,-6.160968780517578,0.0,0.0,2.0,0.5,0.5
2022-08-08,49.05830453752682,49.5697267042834,48.75240737123776,48.95315170288086,3112200,0.0,0.0,0.0007198539091033048,1.604888069107768,1.604888069107768,1.604888069107768,2.3779869079589844,-1.0,-6.533782958984375,0.0,0.0,2.0,0.5,0.5
2022-08-09,50.10027384933048,50.616476746212285,49.713123499960275,49.995121002197266,4215600,0.0,0.0,0.0009958254721980054,1.6090621386951722,1.6090621386951722,1.6090621386951722,3.4199562072753906,1.0,1.0419692993164062,0.7838656973944751,0.0525342128917094,0.025431995519027424,0.03898310420536841,0.9610168957946316
2022-08-10,51.18046895850134,52.05514537152632,50.73118090330301,51.38599395751953,4549400,0.0,0.0,0.0011045747111609382,1.6412737265975925,1.6412737265975925,1.6412737265975925,4.810829162597656,1.0,2.432842254638672,0.0,0.0,0.13864317414128224,0.06932158707064112,0.9306784129293588
2022-08-11,52.37060709474694,52.77687647727239,51.586745053037355,51.99779510498047,3960600,0.0,0.0,0.0009730656070624003,1.6233886403943971,1.6233886403943971,1.6233886403943971,5.422630310058594,1.0,3.0446434020996094,0.0,0.0,0.2171418133929083,0.10857090669645415,0.8914290933035458
2022-08-12,51.629692068462106,51.80749115197984,50.83198659601513,51.65852355957031,4438000,0.292,0.0,0.0010832420207236987,1.5907043452923217,1.5907043452923217,1.5907043452923217,5.0833587646484375,-1.0,-0.33927154541015625,0.0,0.0,0.012417152244764078,0.5,0.5
2022-08-15,51.27409355155108,51.485534291840125,50.870437956013845,51.115516662597656,2694600,0.0,0.0,0.0006507935972817845,1.5333744351683323,1.5333744351683323,1.5333744351683323,4.540351867675781,-1.0,-0.8822784423828125,0.0,0.0,0.08397276768530165,0.5,0.5
2022-08-16,50.88965567410777,51.04823621529968,50.33702884848516,50.610939025878906,3732200,0.0,0.0,0.0008924944311735288,1.4794539622357725,1.4794539622357725,1.4794539622357725,4.035774230957031,-1.0,-1.3868560791015625,0.0,0.0,0.20748653636822628,0.5,0.5
2022-08-17,50.7695192086024,51.11551178102797,50.34183496387162,50.36585998535156,3575600,0.0,0.0,0.0008509056231137167,1.4290413090158138,1.4290413090158138,1.4290413090158138,3.7906951904296875,1.0,-0.24507904052734375,0.0,0.0,0.006479469870373602,0.5,0.5
2022-08-18,50.04870524152236,50.08234320639923,49.053978375862584,49.3807487487793,3756800,0.0,0.0,0.0008765404394646749,1.4206727590496113,1.4206727590496113,1.4206727590496113,2.805583953857422,-1.0,-0.9851112365722656,0.0,0.0,0.10468818672047757,0.5,0.5
2022-08-19,50.16883862361963,50.577300650968674,49.837261797691774,50.24092102050781,3302800,0.0,0.0,0.0007840361356609447,1.4046641264167374,1.4046641264167374,1.4046641264167374,3.6657562255859375,1.0,0.8601722717285156,0.0,0.0,0.7624306233949892,0.3812153116974946,0.6187846883025054
2022-08-22,52.13906805689293,52.39375600549966,51.245255168330885,51.68255233764648,4738400,0.0,0.0,0.001157102638672834,1.4581049020292454,1.4581049020292454,1.4581049020292454,5.107387542724602,1.0,2.3018035888671804,0.0,0.0,2.0,1.0,0.0
2022-08-23,51.23564901908431,51.442283272944266,50.89446290992265,51.21162033081055,3100200,0.0,0.0,0.0007501609279730621,1.4102466538645726,1.4102466538645726,1.4102466538645726,4.636455535888672,-1.0,-0.4709320068359304,0.0,0.0,0.04185813657897758,0.5,0.5
2022-08-24,51.73060373212755,53.03768504475782,51.668130615725424,52.86949157714844,5108000,0.0,0.0,0.0012760045817669496,1.4399479438704799,1.4399479438704799,1.4399479438704799,6.2943267822265625,1.0,1.6578712463378906,0.6439290392581611,0.010465920922205541,2.0,1.0,0.0
2022-08-25,52.77338515742366,53.537452649688696,52.61961109812532,53.53264617919922,3072400,0.0,0.0,0.0007771282188855771,1.4026546301342584,1.4026546301342584,1.4026546301342584,6.957481384277344,1.0,2.321025848388672,0.0,0.0,2.0,1.0,0.0
2022-08-26,53.527841830179334,53.72966960358319,52.17751320387741,52.23037338256836,2673600,0.0,0.0,0.0006598052612835334,1.4133333279607956,1.4133333279607956,1.4133333279607956,5.655208587646484,1.0,1.0187530517578125,0.0,0.0,2.0,1.0,0.0
2022-08-29,51.90840504634555,52.07659852120758,51.54799674237753,51.62969207763672,2557000,0.0,0.0,0.0006237728588739326,1.3611221359772268,1.3611221359772268,1.3611221359772268,5.054527282714844,-1.0,-0.6006813049316406,1.0716143557477906,0.044948577883605775,0.34765652566811295,0.11448801219591023,0.8855119878040898
2022-08-30,51.54319300360208,51.66332910274679,50.81756993821442,50.95692825317383,7175400,0.0,0.0,0.0017276094373857493,1.3243104951597373,1.3243104951597373,1.3243104951597373,4.381763458251953,-1.0,-1.2734451293945312,0.0,0.0,1.5625093612062624,0.5,0.5
2022-08-31,51.44708191579326,51.61527538757754,50.97134398981455,50.98575973510742,13259800,0.0,0.0,0.00319434691436302,1.2767416836771641,1.2767416836771641,1.2767416836771641,4.410594940185547,-1.0,-1.2446136474609375,0.0,0.0,1.492558191114298,0.5,0.5
2022-09-01,50.47638666584704,50.68302091452664,49.61140523735963,50.23130798339844,3738000,0.0,0.0,0.0008871764300968853,1.2837140275393522,1.2837140275393522,1.2837140275393522,3.6561431884765625,-1.0,-1.9990653991699219,0.0,0.0,2.0,0.5,0.5
2022-09-02,49.85167598887256,50.33222039812093,48.82331124638208,49.130859375,6920600,0.0,0.0,0.0016065502731968883,1.2997993935536019,1.2997993935536019,1.2997993935536019,2.555694580078125,-1.0,-3.0995140075683594,0.0,0.0,2.0,0.5,0.5
2022-09-06,49.59217859163123,50.16402757752115,49.25579899185049,49.77959060668945,1904800,0.0,0.0,0.0004480194970948428,1.2807543084798556,1.2807543084798556,1.2807543084798556,3.204425811767578,-1.0,-2.4507827758789062,0.0,0.0,2.0,0.5,0.5
2022-09-07,49.54893602371348,50.47158044108892,49.409577700318806,50.37547302246094,1837400,0.0,0.0,0.000437339858828744,1.2651291965005882,1.2651291965005882,1.2651291965005882,3.8003082275390625,1.0,0.5958824157714844,0.13936004296798643,0.0013447417833281651,0.05911687936579738,0.030230810574562773,0.9697691894254372
2022-09-08,50.015065238525814,50.82238002893581,49.9093448771457,50.78874206542969,2178000,0.0,0.0,0.000522662742569497,1.2399796218784114,1.2399796218784114,1.2399796218784114,4.2135772705078125,1.0,1.0091514587402344,0.0,0.0,0.16955205807684492,0.08477602903842246,0.9152239709615775
2022-09-09,51.72580011195036,52.35531211721966,51.52397233921312,52.15348434448242,3074200,0.0,0.0,0.000757550620308596,1.2633075097292372,1.2633075097292372,1.2633075097292372,5.578319549560547,1.0,2.3738937377929688,0.0,0.0,0.9382377670910712,0.4691188835455356,0.5308811164544645
2022-09-12,52.39375711414563,52.994437634423846,52.38895064342977,52.53792190551758,2154600,0.0,0.0,0.0005348546271727161,1.233139351172965,1.233139351172965,1.233139351172965,5.962757110595703,1.0,2.758331298828125,0.0,0.0,1.266727549428661,0.6333637747143305,0.3666362252856695
2022-09-13,51.94204206640281,52.04295961599563,50.87043011513912,50.95692825317383,1862600,0.0,0.0,0.00044845518550529537,1.2641645254019287,1.2641645254019287,1.2641645254019287,4.381763458251953,-1.0,-1.58099365234375,0.6535422240739948,0.02224587256208373,0.3285242236785214,0.06342009424550413,0.9365799057544959
2022-09-14,50.80796385157532,51.173174976182594,50.00064906801432,50.47638702392578,2354000,0.0,0.0,0.0005614239447149562,1.2576189098852393,1.2576189098852393,1.2576189098852393,3.9012222290039062,-1.0,-2.061534881591797,0.0,0.0,0.5585840368234446,0.5,0.5
2022-09-15,50.03428585583836,50.26013865143597,49.428798865825854,49.59698867797851,2098600,0.0,0.0,0.0004917916927983786,1.2426167133291457,1.2426167133291457,1.2426167133291457,3.0218238830566335,-1.0,-2.9409332275390696,0.0,0.0,1.1367827467013591,0.5,0.5
2022-09-16,48.722400659598456,48.991504373795614,48.054444178813995,48.73681640625,2869800,0.0,0.0,0.0006608532029040402,1.2640401266031005,1.2640401266031005,1.2640401266031005,2.161651611328125,-1.0,-3.801105499267578,0.0,0.0,1.8990088659128048,0.5,0.5
2022-09-19,48.213020830800346,48.67914948829217,47.88144401954063,48.65031433105469,2408600,0.0,0.0,0.000553664328706177,1.2348495737535483,1.2348495737535483,1.2348495737535483,2.0751495361328125,-1.0,-3.8876075744628906,0.0,0.0,1.9864241404462324,0.5,0.5
2022-09-20,47.47779116047107,47.91989115626074,47.400902291848666,47.79494857788086,2028800,0.0,0.0,0.0004581602911727359,1.2358897498572965,1.2358897498572965,1.2358897498572965,1.2197837829589844,-1.0,-4.742973327636719,0.0,0.0,2.0,0.5,0.5
2022-09-21,48.49654289830341,48.61667900556214,47.62195218411033,47.67961883544922,2941800,0.0,0.0,0.0006627383920095857,1.218663826399762,1.218663826399762,1.218663826399762,1.1044540405273438,1.0,-0.11532974243164062,0.0,0.0,0.001748194660432529,0.5,0.5
2022-09-22,47.46817747963699,47.650786706640275,47.030883961511066,47.2423210144043,2648200,0.0,0.0,0.0005911234915708865,1.1779546155096472,1.1779546155096472,1.1779546155096472,0.6671562194824219,-1.0,-0.4372978210449219,0.0,0.0,0.025134009327860692,0.5,0.5
2022-09-23,46.99243934539171,47.37206987773817,46.747360664254025,47.059715270996094,3278600,0.0,0.0,0.0007290107642509233,1.13843708679354,1.13843708679354,1.13843708679354,0.48455047607421875,-1.0,-0.619903564453125,0.0,0.0,0.050507446480573044,0.5,0.5
2022-09-26,45.89680079137808,46.47345265664739,45.66133137452732,45.78627395629883,3529400,0.0,0.0,0.0007635410574142561,1.1570047160560566,1.1570047160560566,1.1570047160560566,-0.7888908386230469,-1.0,-1.8933448791503906,0.0,0.0,0.47115803726947847,0.7644209813652607,0.23557901863473923
2022-09-27,46.31967517541149,46.61280755747603,45.771854843810225,46.08420944213867,3288600,0.0,0.0,0.0007160764736129026,1.1344295730281817,1.1344295730281817,1.1344295730281817,-0.4909553527832031,1.0,0.29793548583984375,0.0,0.0,0.024761959435823683,0.5,0.5
2022-09-28,46.76177728886777,47.86222447301977,46.69450136199936,47.74689483642578,2757800,0.0,0.0,0.0006221629017437597,1.1803999628748187,1.1803999628748187,1.1803999628748187,1.1717300415039062,1.0,1.9606208801269531,0.0,0.0,1.0723283505787646,0.5361641752893823,0.4638358247106177
2022-09-29,48.24666590732736,48.49654742057106,47.86703533303791,48.24185943603515,3213000,0.0,0.0,0.0007323707245484641,1.149632292965566,1.149632292965566,1.149632292965566,1.6666946411132741,1.0,2.455585479736321,0.0,0.0,1.6820955216980633,0.8410477608490317,0.15895223915096834
2022-09-30,48.15054666220262,48.400431799410846,47.84780501478091,47.87663650512695,2198400,0.0,0.0,0.0004973092746526094,1.1069890423701638,1.1069890423701638,1.1069890423701638,1.3014717102050781,-1.0,-0.365222930908196,0.0,0.0,0.022121061409460484,0.5,0.5
2022-10-03,48.82331532067435,49.45283104238139,48.65031902560741,49.27983474731445,2737000,0.0,0.0,0.0006372946188788315,1.1405037205761834,1.1405037205761834,1.1405037205761834,2.704669952392578,1.0,1.4031982421875,0.9562836218103286,0.12501003677600098,2.0,1.0,0.0
2022-10-04,50.05350561472107,50.759902791077295,49.933369516759,50.639766693115234,2297600,0.0,0.0,0.0005497463187879873,1.1647583150895162,1.1647583150895162,1.1647583150895162,4.064601898193359,1.0,2.7631301879882812,0.0,0.0,2.0,1.0,0.0
2022-10-05,50.54366351528117,51.14434405541036,50.365860755548226,50.952125549316406,1512600,0.0,0.0,0.0003641519276830931,1.1371672425732744,1.1371672425732744,1.1371672425732744,4.376960754394531,1.0,3.075489044189453,0.0,0.0,2.0,1.0,0.0
2022-10-06,50.36105784132868,50.995376343674025,50.35144489960022,50.85121154785156,2169000,0.0,0.0,0.0005211431909651408,1.1019361141090267,1.1019361141090267,1.1019361141090267,4.2760467529296875,-1.0,-0.10091400146484375,0.0,0.0,0.0010766498543052548,0.5,0.5
2022-10-07,50.48599562268468,50.64938263204075,49.64984935793005,50.00545120239258,2062200,0.0,0.0,0.0004872415813536993,1.1090379766670613,1.1090379766670613,1.1090379766670613,3.430286407470703,-1.0,-0.9466743469238281,0.0,0.0,0.09474861032248602,0.5,0.5
2022-10-10,50.01025755975436,50.05350846393932,49.59698906593916,49.904537200927734,1597200,0.0,0.0,0.00037661320654021704,1.0624295067622826,1.0624295067622826,1.0624295067622826,3.3293724060058594,-1.0,-1.0475883483886719,0.0,0.0,0.1160253668596115,0.5,0.5
2022-10-11,49.77959876329574,50.75510709502655,49.47205060274232,50.16403579711914,2220600,0.0,0.0,0.0005263310797570947,1.0781885771567077,1.0781885771567077,1.0781885771567077,3.5888710021972656,-1.0,-0.7880897521972656,0.10572446298580473,0.0008678312384850079,0.06566334338695572,0.013043978907192774,0.9869560210928072
2022-10-12,50.28416790938227,50.55327161188056,49.90934384768454,49.967010498046875,1533600,0.0,0.0,0.0003620692794119422,1.0471699476595158,1.0471699476595158,1.0471699476595158,3.391845703125,-1.0,-0.9851150512695312,0.49976314794123766,0.02170982294289523,0.10259956999138875,0.17464346362283423,0.8253565363771658
2022-10-13,48.78967495125821,50.61574523529389,48.75603698811212,50.37547302246094,1827000,0.0,0.0,0.00043486444001312465,1.1052083976253912,1.1052083976253912,1.1052083976253912,3.8003082275390625,-1.0,-0.5766525268554688,0.0,0.0,0.03515604650460284,0.5,0.5
2022-10-14,50.38989200294248,50.56769477170596,49.80362717939813,49.880516052246094,1962000,0.0,0.0,0.0004624088657464221,1.0808411972455656,1.0808411972455656,1.0808411972455656,3.3053512573242188,-1.0,-1.0716094970703125,0.014423159825398102,1.9040817705841166e-05,0.12140728275380566,0.00015680963687109798,0.9998431903631289
2022-10-17,50.4667784311119,51.10109698240874,50.4427534074628,50.937713623046875,1898800,0.0,0.0,0.0004569986127076264,1.090822606739643,1.090822606739643,1.090822606739643,4.362548828125,1.0,1.0571975708007812,0.48535174711484785,0.012377490248404894,0.973283151524566,0.49283032088648543,0.5071696791135145
2022-10-18,51.54319719023371,51.54319719023371,51.009792573404,51.27408981323242,1665400,0.0,0.0,0.00040347137775518756,1.0561555324858711,1.0561555324858711,1.0561555324858711,4.698925018310547,1.0,1.3935737609863281,0.0,0.0,1.6911682378172488,0.8455841189086244,0.1544158810913756
2022-10-19,51.0770672816448,51.0962894985619,50.08234047032839,50.269752502441406,1299400,0.0,0.0,0.00030863545912392494,1.065840804658597,1.065840804658597,1.065840804658597,3.6945877075195312,-1.0,-1.0043373107910156,0.3604129371344129,0.009516314394589286,0.519396803550572,0.01799220717300484,0.9820077928269951
2022-10-20,50.09194934469568,50.73107430358729,49.84206785929948,50.00545120239258,1976400,0.0,0.0,0.0004669693828859719,1.0532097789178263,1.0532097789178263,1.0532097789178263,3.430286407470703,-1.0,-1.2686386108398438,0.0,0.0,0.8287354730821925,0.5,0.5
2022-10-21,48.78967828851094,50.36106072102958,48.48213012834926,50.08234405517578,3712000,0.0,0.0,0.0008783929190736374,1.1121898370437187,1.1121898370437187,1.1121898370437187,3.5071792602539062,-1.0,-1.1917457580566406,0.0,0.0,0.7313197604476892,0.5,0.5
2022-10-24,50.68302219059241,51.60566662670009,50.55327313992106,51.19720458984375,3527800,0.0,0.0,0.0008533877724585209,1.1415564609351896,1.1415564609351896,1.1415564609351896,4.622039794921875,1.0,1.1148605346679688,0.8745923231128003,0.03580502333874051,0.8751325842919289,0.45546880381533467,0.5445311961846653
2022-10-25,51.83152403371741,52.01412960261993,51.437477736207526,51.980491638183594,2881600,0.0,0.0,0.0007077343741560779,1.1183685003524033,1.1183685003524033,1.1183685003524033,5.405326843261719,1.0,1.8981475830078125,0.0,0.0,2.0,1.0,0.0
2022-10-26,51.90360238356823,52.51389216679632,51.70177094643587,51.807491302490234,4622800,0.0,0.0,0.0011316024487452515,1.096493694638692,1.096493694638692,1.096493694638692,5.232326507568359,1.0,1.7251472473144531,0.0,0.0,2.0,1.0,0.0
2022-10-27,51.75943688236501,52.0525692596565,51.230838775634766,51.230838775634766,2208400,0.0,0.0,0.0005345710260041254,1.0768677510231952,1.0768677510231952,1.0768677510231952,4.655673980712891,-1.0,-0.5766525268554688,0.20663896057276077,0.001969968563464603,0.1117316107663271,0.017325780126155543,0.9826742198738445
2022-10-28,51.97087906415447,52.41778551545352,51.76905129034533,52.3601188659668,2778800,0.0,0.0,0.0006874705922852465,1.0847305359371635,1.0847305359371635,1.0847305359371635,5.784954071044922,1.0,1.1292800903320312,0.0,0.0,2.0,1.0,0.0
2022-10-31,51.92282522790615,52.470645564757795,51.91801875722839,52.302452087402344,2969200,0.0,0.0,0.000733766218146902,1.0467231267651809,1.0467231267651809,1.0467231267651809,5.727287292480469,1.0,1.0716133117675781,0.0,0.0,2.0,1.0,0.0
2022-11-01,52.10543708557947,52.43701394344537,50.908882380528176,51.14434814453125,2655600,0.0,0.0,0.0006417361713483903,1.0811094436331818,1.0811094436331818,1.0811094436331818,4.569183349609375,-1.0,-1.1581039428710938,0.8601689098171548,0.03543972240277826,1.1679355577578692,0.029450266252807812,0.9705497337471922
2022-11-02,53.619149283717014,55.85848445883192,53.52303819633805,54.41204833984375,4391400,0.0,0.0,0.0011290008892043768,1.3406113629665737,1.3406113629665737,1.3406113629665737,7.836883544921875,1.0,3.2677001953125,3.3878388940741218,0.18687823028989708,2.0,1.0,0.0
2022-11-03,53.643174674333345,55.171306144655986,53.54706725255733,54.71959686279297,4578800,0.0,0.0,0.0011838339063454497,1.3608704721902936,1.3608704721902936,1.3608704721902936,8.144432067871094,1.0,3.5752487182617188,0.0,0.0,2.0,1.0,0.0
2022-11-04,54.580237663967864,54.64270712049922,53.25874047118588,54.01800155639648,3034600,0.0,0.0,0.0007745263149705011,1.3680123235772075,1.3680123235772075,1.3680123235772075,7.442836761474602,-1.0,-0.7015953063964915,0.26429772515216854,0.001260984830778066,0.03850887494729475,0.03170704744283037,0.9682929525571696
2022-11-07,54.508156842208315,55.50288370216808,54.34957629458467,55.28664016723633,2465000,0.0,0.0,0.000643922103354781,1.3763601680196642,1.3763601680196642,1.3763601680196642,8.711475372314453,1.0,1.2686386108398509,0.33157755751209095,0.001448727919485452,2.0,1.0,0.0
2022-11-08,55.007919497994735,55.647044446668275,54.810894529018704,55.19052505493164,4111400,0.0,0.0,0.0010721374555039162,1.3377737215646577,1.3377737215646577,1.3377737215646577,8.615360260009766,1.0,1.1725234985351634,0.0,0.0,2.0,1.0,0.0
2022-11-09,55.04636732160623,55.54132751047994,54.61868306134081,54.8637580871582,2372600,0.0,0.0,0.0006150441472412355,1.30812163067712,1.30812163067712,1.30812163067712,8.288593292236328,-1.0,-0.3267669677734375,0.0,0.0,0.07766640191707039,0.5,0.5
2022-11-10,55.98342455612462,56.07953197297759,54.902199618345385,55.52210235595703,2568600,0.0,0.0,0.0006738427992976169,1.301525363187282,1.301525363187282,1.301525363187282,8.946937561035156,1.0,0.6583442687988281,0.4324875263093162,0.00233667525435886,2.0,1.0,0.0
2022-11-11,54.18138427583652,54.200606492914766,52.71572230342176,53.566287994384766,3202400,0.0,0.0,0.0008105192618571166,1.409014983854996,1.409014983854996,1.409014983854996,6.991123199462891,-1.0,-1.9558143615722656,1.902960757919054,0.07409105078971458,2.0,0.03572217852321587,0.9642778214767841
2022-11-14,55.24338117065414,55.55092927880395,54.64750716939669,54.98869323730469,2807000,0.0,0.0,0.0007293097556994257,1.4501311481810093,1.4501311481810093,1.4501311481810093,8.413528442382812,1.0,1.4224052429199219,0.0,0.0,0.5289217512017785,0.26446087560088927,0.7355391243991107
2022-11-15,54.661922369097546,54.868556595912544,53.77291601327023,54.60906219482422,2861800,0.0,0.0,0.0007384144877491831,1.4333915821705412,1.4333915821705412,1.4333915821705412,8.033897399902344,-1.0,-0.37963104248046875,0.0,0.0,0.07123226372350908,0.5,0.5
2022-11-16,54.44568256441651,54.87336679165512,54.09007706493272,54.47932052612305,1804400,0.0,0.0,0.00046447325523116874,1.386955735352817,1.386955735352817,1.386955735352817,7.904155731201172,1.0,-0.12974166870117188,0.0,0.0,0.008319788191190464,0.5,0.5
2022-11-17,53.8353926278926,54.35438149915212,53.80175466399225,54.25827407836914,1603800,0.0,0.0,0.0004111614560580945,1.336285030122673,1.336285030122673,1.336285030122673,7.683109283447266,-1.0,-0.22104644775390625,0.0,0.0,0.024150181076833987,0.5,0.5
2022-11-18,53.89305957495668,54.71959659675923,53.88825310401231,54.512962341308594,2007200,0.0,0.0,0.0005169953567409397,1.3002177774529766,1.3002177774529766,1.3002177774529766,7.937797546386719,1.0,0.2546882629394531,0.0,0.0,1.3275496804588363,0.6637748402294181,0.33622515977058187
2022-11-21,54.407238175398625,54.825309461760696,54.26787985785699,54.49854278564453,2056000,0.0,0.0,0.0005294247150645023,1.2471614793423145,1.2471614793423145,1.2471614793423145,7.923377990722656,1.0,0.24026870727539062,0.0,0.0,1.181482635858398,0.590741317929199,0.40925868207080096
2022-11-22,54.65712077007427,55.49807349685552,54.65712077007427,55.445213317871094,1428600,0.0,0.0,0.00037425784770793365,1.229473567332934,1.229473567332934,1.229473567332934,8.870048522949219,1.0,1.1869392395019531,0.0,0.0,2.0,1.0,0.0
2022-11-23,56.35825006182846,56.646575986054174,56.03628617421412,56.62255096435547,2094800,0.0,0.0,0.0005604388171563859,1.2274656459650872,1.2274656459650872,1.2274656459650872,10.047386169433594,1.0,2.364276885986328,0.0,0.0,2.0,1.0,0.0
2022-11-25,56.88684496952301,57.22803105487522,56.79554402623284,57.08386993408203,1021000,0.0,0.0,0.0002753818804735364,1.1830381062904203,1.1830381062904203,1.1830381062904203,10.508705139160156,1.0,2.8255958557128906,0.0,0.0,2.0,1.0,0.0
2022-11-28,57.66533737020574,58.5687596691508,57.44428735023823,58.25640869140625,3711000,0.0,0.0,0.0010214823663991532,1.2045989369174452,1.2045989369174452,1.2045989369174452,11.681243896484375,1.0,3.9981346130371094,0.0,0.0,2.0,1.0,0.0
2022-11-29,58.23717882593711,58.87149730707442,58.213150138682394,58.314064025878906,4888000,0.0,0.0,0.0013467925885886616,1.165580953451344,1.165580953451344,1.165580953451344,11.738899230957031,1.0,4.055789947509766,0.0,0.0,2.0,1.0,0.0
2022-11-30,59.53945198996266,59.875831604003906,58.78019095682631,59.875831604003906,2583800,0.0,0.0,0.0007309819672974267,1.1938799980708907,1.1938799980708907,1.1938799980708907,13.300666809082031,1.0,5.617557525634766,0.0,0.0,2.0,1.0,0.0
2022-12-01,60.62548432280131,60.74562042489983,60.14493991440725,60.61106491088867,1976400,0.0,0.0,0.0005660085230096884,1.170730628272679,1.170730628272679,1.170730628272679,14.035900115966797,1.0,6.352790832519531,0.0,0.0,2.0,1.0,0.0
2022-12-02,60.274682086875856,61.06758105182234,60.245850597109225,60.981082916259766,1674600,0.0,0.0,0.00048250568035371476,1.1458020444469956,1.1458020444469956,1.1458020444469956,14.40591812133789,1.0,6.722808837890625,0.0,0.0,2.0,1.0,0.0
2022-12-05,61.11564251728612,61.408774921344275,60.846538801926435,61.067588806152344,1989000,0.0,0.0,0.0005739073238588089,1.1041187640877703,1.1041187640877703,1.1041187640877703,14.492424011230469,1.0,6.809314727783203,0.0,0.0,2.0,1.0,0.0
2022-12-06,60.54859149150568,60.82730811002041,60.00557766544435,60.44767761230469,2450000,0.0,0.0,0.0006997484023918245,1.1011110767035006,1.1011110767035006,1.1011110767035006,13.872512817382812,-1.0,-0.6199111938476562,0.24027293166487595,0.0002999849211702259,0.008288045783820214,0.03493058321227321,0.9650694167877268
2022-12-07,60.47170603608401,60.82731153473286,59.98155235718779,60.183380126953125,1800200,0.0,0.0,0.0005119099185042069,1.0828716553350413,1.0828716553350413,1.0828716553350413,13.60821533203125,-1.0,-0.8842086791992188,0.0,0.0,0.016861753318399578,0.5,0.5
2022-12-08,60.78887255293247,61.476051258877014,60.69276513002599,61.40877532958984,1790000,0.0,0.0,0.0005193733705082161,1.0978573322342446,1.0978573322342446,1.0978573322342446,14.833610534667962,1.0,1.2253952026367116,0.6487431488566031,0.0019127218742858811,1.920626003235496,0.9612693625548909,0.03873063744510907
2022-12-09,62.61974259668606,62.87924069135692,61.93737039583372,61.946983337402344,3686000,0.0,0.0,0.001078876427572226,1.1244721914865903,1.1244721914865903,1.1244721914865903,15.371818542480469,1.0,1.7636032104492188,0.0,0.0,2.0,1.0,0.0
2022-12-12,62.24971797018189,62.44194012852538,61.94697998614497,62.37946701049805,1927000,0.0,0.0,0.0005679623998389168,1.0795070451218634,1.0795070451218634,1.0795070451218634,15.804302215576172,1.0,2.196086883544922,0.0,0.0,2.0,1.0,0.0
2022-12-13,63.51836440329653,64.13346806964266,63.422256975985995,63.83552551269531,3082200,0.0,0.0,0.0009296499821658758,1.1276851889806312,1.1276851889806312,1.1276851889806312,17.260360717773438,1.0,3.6521453857421875,0.0,0.0,2.0,1.0,0.0
2022-12-14,64.23437189858507,64.96480147187863,63.821103403073366,64.73894500732422,4122400,0.0,0.0,0.0012609909174497692,1.128828966110962,1.128828966110962,1.128828966110962,18.163780212402344,1.0,4.555564880371094,0.0,0.0,2.0,1.0,0.0
2022-12-15,64.61400527885148,64.62361088773459,63.69616368622992,64.23917388916016,3221600,0.0,0.0,0.000977839946814332,1.1226827057526287,1.1226827057526287,1.1226827057526287,17.66400909423828,-1.0,-0.4997711181640625,0.0,0.0,0.012035325396119631,0.5,0.5
2022-12-16,63.53759041158549,64.22957562160701,63.38381266156884,63.99890899658203,4170400,0.0,0.0,0.0012610911956872947,1.1035883144553922,1.1035883144553922,1.1035883144553922,17.423744201660156,-1.0,-0.7400360107421875,0.0,0.0,0.026388896770844373,0.5,0.5
2022-12-19,62.83118431322657,62.980151913537505,62.36985843344895,62.76390838623047,3688200,0.0,0.0,0.0010937565190461153,1.1411213322180844,1.1411213322180844,1.1411213322180844,16.188743591308594,-1.0,-1.97503662109375,0.0,0.0,0.187960171646717,0.5,0.5
2022-12-20,63.37420286852469,63.710582508824736,63.04742883757163,63.523170471191406,2851600,0.0,0.0,0.0008558880900216684,1.1272322458163833,1.1272322458163833,1.1272322458163833,16.94800567626953,1.0,0.7592620849609375,0.0,0.0,0.14778594090280056,0.07389297045140028,0.9261070295485997
2022-12-21,63.42705948989641,63.907603901216866,63.20600583437764,63.66733169555664,3527200,0.0,0.0,0.0010610673374156984,1.096829804460872,1.096829804460872,1.096829804460872,17.092166900634766,1.0,0.9034233093261719,0.0,0.0,0.20923400971870387,0.10461700485935194,0.895382995140648
2022-12-22,63.710587011785194,64.21516017416077,63.527977765918834,64.2103500366211,2557400,0.0,0.0,0.0007758895622333248,1.0675692761595197,1.0675692761595197,1.0675692761595197,17.63518524169922,1.0,1.446441650390625,0.0,0.0,0.5363540104155049,0.26817700520775245,0.7318229947922475
2022-12-23,64.18151124836112,64.39295196533203,63.87396311436505,64.39295196533203,2450600,0.0,0.0,0.0007456018472082085,1.0283849600743387,1.0283849600743387,1.0283849600743387,17.817787170410156,1.0,1.6290435791015625,0.0,0.0,0.6803229151049102,0.3401614575524551,0.6598385424475449
2022-12-27,64.3400874810938,64.38814485265382,63.86434589974114,64.03253936767578,2297400,0.0,0.0,0.0006950780165045241,0.9926864676112354,0.9926864676112354,0.9926864676112354,17.457374572753906,-1.0,-0.36041259765625,0.0,0.0,0.04894795143402136,0.5,0.5
2022-12-28,63.8883824363924,64.45061855661253,63.80669076072208,64.17671203613281,2210000,0.0,0.0,0.0006701406275817706,0.9677751339168934,0.9677751339168934,0.9677751339168934,17.601547241210938,-1.0,-0.21623992919921875,0.05766659128049412,1.0733636167881891e-05,0.017620019152455018,0.0006088019210846341,0.9993911980789154
2022-12-29,64.55633599530306,65.06090910571822,64.4265942805735,64.9696044921875,2666800,0.0,0.0,0.0008186473882895096,0.9618052721789304,0.9618052721789304,0.9618052721789304,18.394439697265625,1.0,0.7928924560546875,0.6727642530644005,0.0013376813978683588,2.0,1.0,0.0
2022-12-30,65.00324619644474,65.28676564640097,64.44101010105618,65.03688049316406,1968600,0.0,0.0,0.0006049415211663899,0.9535160059764916,0.9535160059764916,0.9535160059764916,18.461715698242188,1.0,0.86016845703125,0.0,0.0,2.0,1.0,0.0
2023-01-03,65.96433625310328,66.51695941705499,65.41651589376359,65.81536865234375,3541400,0.0,0.0,0.001101281927757969,0.9911276429703799,0.9911276429703799,0.9911276429703799,19.240203857421875,1.0,1.6386566162109375,0.0,0.0,2.0,1.0,0.0
2023-01-04,66.6322886870619,66.63709149138317,65.3828703061152,65.72406005859375,2777400,0.0,0.0,0.0008624998460366242,1.00992003884878,1.00992003884878,1.00992003884878,19.148895263671875,1.0,1.5473480224609375,0.0,0.0,2.0,1.0,0.0
2023-01-05,65.13779488601935,65.90666152649824,65.05610321792304,65.47417449951172,3049400,0.0,0.0,0.0009433669101381917,0.998537058114953,0.998537058114953,0.998537058114953,18.899009704589844,-1.0,-0.24988555908203125,0.3604126758405499,0.0003636821766617988,0.02607992327464832,0.01375312369303939,0.9862468763069606
2023-01-06,65.83938334316039,66.81969799170767,65.59911115141209,66.62267303466797,2308000,0.0,0.0,0.0007265308652289995,1.0233218034064528,1.0233218034064528,1.0233218034064528,20.047508239746094,1.0,1.14849853515625,0.18260650032449632,8.296819943601213e-05,2.0,1.0,0.0
2023-01-09,66.67074867587706,66.8197163023787,65.81056988748831,65.94512176513672,2418800,0.0,0.0,0.0007536658649716066,1.022309275655305,1.022309275655305,1.022309275655305,19.369956970214844,1.0,0.470947265625,0.0,0.0,2.0,1.0,0.0
2023-01-10,64.3689231359455,64.86388329843282,63.931625957040886,64.22956848144531,2906800,0.0,0.0,0.0008821579798105136,1.0931083136867712,1.0931083136867712,1.0931083136867712,17.654403686523438,-1.0,-1.7155532836914062,1.6674851943712028,0.008921088897201272,2.0,0.00444073634674148,0.9955592636532585
2023-01-11,62.946515064435346,63.72979746859418,62.81676602030074,63.71057891845703,3378000,0.0,0.0,0.001016874619688464,1.115943609933757,1.115943609933757,1.115943609933757,17.135414123535156,-1.0,-2.2345428466796875,0.0,0.0,2.0,0.5,0.5
2023-01-12,63.11470922647643,64.23437872673931,62.518838773694405,64.2103500366211,2387200,0.0,0.0,0.0007242525858150437,1.1587719201559816,1.1587719201559816,1.1587719201559816,17.63518524169922,-1.0,-1.734771728515625,0.0,0.0,2.0,0.5,0.5
2023-01-13,65.18104610451903,65.75769795324076,65.08012854804284,65.50782012939453,2179400,0.0,0.0,0.0006745688857782038,1.1865273484748167,1.1865273484748167,1.1865273484748167,18.932655334472656,1.0,1.2974700927734375,2.0279004846465867,0.011472821075407232,0.5593840001019388,0.285428410588673,0.7145715894113269
2023-01-17,67.0984224331369,67.27141872465626,66.37760577389396,66.78606414794922,3541000,0.0,0.0,0.001117398253581408,1.2277467232453103,1.2277467232453103,1.2277467232453103,20.210899353027344,1.0,2.575714111328125,0.0,0.0,2.0,1.0,0.0
2023-01-18,67.16569880911881,67.73273773189078,67.12725437379976,67.160888671875,4857800,0.0,0.0,0.0015415310464427948,1.2076700704378998,1.2076700704378998,1.2076700704378998,20.585723876953125,1.0,2.9505386352539062,0.0,0.0,2.0,1.0,0.0
2023-01-19,67.24739120003565,67.68468840735103,66.74281806332763,67.5933837890625,3523000,0.0,0.0,0.0011251567827806656,1.1886843756940069,1.1886843756940069,1.1886843756940069,21.018218994140625,-1.0,0.4324951171875,0.0,0.0,0.062155239706364274,0.031077619853182137,0.9689223801468179
2023-01-20,67.43481113724798,67.80963526382708,67.16089725031013,67.8048324584961,2698600,0.0,0.0,0.0008645604697587856,1.1501167783956454,1.1501167783956454,1.1501167783956454,21.22966766357422,1.0,0.21144866943359375,0.0,0.0,0.014856798788086985,0.007428399394043493,0.9925716006059565
2023-01-23,67.89131157514372,67.99703192870204,67.54531902395746,67.79520416259766,2606600,0.0,0.0,0.0008349675069145885,1.1002307874205695,1.1002307874205695,1.1002307874205695,21.22003936767578,1.0,0.20182037353515625,0.0,0.0,0.01353459733106774,0.00676729866553387,0.9932327013344662
2023-01-24,69.5732239021521,69.5732239021521,66.8533405937455,67.22816467285156,3892200,0.0,0.0,0.0012363533636384186,1.2159202532052855,1.2159202532052855,1.2159202532052855,20.652999877929688,1.0,-0.3652191162109375,0.3075566565646284,0.00022176039024016507,2.0,0.00011086790206546895,0.9998891320979345
2023-01-25,65.9018603890873,67.05036124082717,65.8778317019746,66.74281311035156,3220000,0.0,0.0,0.0010154454325435594,1.2255211616104054,1.2255211616104054,1.2255211616104054,20.167648315429688,-1.0,-0.4853515625,0.0,0.0,2.0,0.5,0.5
2023-01-26,66.59384069322971,66.70917398350309,65.48858715881693,66.09407043457031,2598400,0.0,0.0,0.0008114555177162609,1.2275715037478505,1.2275715037478505,1.2275715037478505,19.518905639648438,-1.0,-1.13409423828125,0.0,0.0,2.0,0.5,0.5
2023-01-27,66.29109962548891,66.70436810972228,66.10849773654331,66.3583755493164,2217400,0.0,0.0,0.0006952420002382584,1.1834805159910018,1.1834805159910018,1.1834805159910018,19.78321075439453,-1.0,-0.8697891235351562,0.0,0.0,2.0,0.5,0.5
2023-01-30,67.61260125545385,67.64624288587339,66.71398549887672,66.82450866699219,2889200,0.0,0.0,0.0009122410089703289,1.1909367174600007,1.1909367174600007,1.1909367174600007,20.249343872070312,1.0,0.46613311767578125,0.9370689023702994,0.0021415150952260034,0.2872049852367424,0.1446732501659842,0.8553267498340158
2023-01-31,66.16616498627864,66.75242978852422,65.54145574900575,66.68995666503906,3040800,0.0,0.0,0.0009581742667498374,1.197516446069032,1.197516446069032,1.197516446069032,20.114791870117188,-1.0,-0.134552001953125,0.5670419875375643,0.000794692930790482,0.08332213862764797,0.009447490069075953,0.990552509930924
2023-02-01,67.1801066191769,67.35790569556195,65.9162725377793,66.83411407470703,4587000,0.0,0.0,0.0014485155005634434,1.214953354048576,1.214953354048576,1.214953354048576,20.258949279785156,1.0,0.14415740966796875,0.0,0.0,1.1478723962321449,0.5739361981160724,0.42606380188392756
2023-02-02,64.83984973214496,64.89752004391408,63.03300550142788,63.59524154663086,8126000,0.0,0.0,0.00244173006334079,1.39967872685076,1.39967872685076,1.39967872685076,17.020076751708984,-1.0,-3.238872528076172,2.508450247577869,0.02172140709031532,2.0,0.01074401597279272,0.9892559840272073
2023-02-03,65.23391008636237,66.04122125511125,64.99844066254735,65.73367309570312,3559000,0.0,0.0,0.0011053812659938404,1.4744145112528768,1.4744145112528768,1.4744145112528768,19.15850830078125,1.0,2.1384315490722656,0.0,0.0,0.4359161853623427,0.21795809268117136,0.7820419073188286
2023-02-06,66.13252689582637,66.71398892451495,65.81537312179559,66.3487777709961,3365400,0.0,0.0,0.001055032476827545,1.4391217482213732,1.4391217482213732,1.4391217482213732,19.77361297607422,1.0,2.7535362243652344,0.0,0.0,0.7227596131416624,0.3613798065708312,0.6386201934291689
2023-02-07,66.47371735270596,67.14647667706478,66.38241273028726,67.0792007446289,2132000,0.0,0.0,0.0006757270288085296,1.393305830924753,1.393305830924753,1.393305830924753,20.50403594970703,1.0,3.483959197998047,0.0,0.0,1.1570667364865244,0.5785333682432622,0.4214666317567378
2023-02-08,67.64623559194254,67.70870137630224,66.69475242372053,67.07438659667969,2460200,0.0,0.0,0.0007796924611914493,1.3662089110431075,1.3662089110431075,1.3662089110431075,20.499221801757812,1.0,3.479145050048828,0.0,0.0,1.1538712674146752,0.5769356337073376,0.4230643662926624
2023-02-09,67.08400326196066,67.35310696113626,66.7476163054653,67.05036163330078,2564600,0.0,0.0,0.0008124880342088445,1.31187189280224,1.31187189280224,1.31187189280224,20.475196838378906,1.0,3.455120086669922,0.0,0.0,1.1379903544423122,0.5689951772211561,0.4310048227788439
2023-02-10,66.73800679982274,67.2714113625887,66.48812166552484,67.05516052246094,2482800,0.0,0.0,0.0007866293645912296,1.2741160216780694,1.2741160216780694,1.2741160216780694,20.479995727539062,-1.0,0.00479888916015625,0.20663075819568633,0.00010179588329029538,2.1952992376073955e-06,5.1995591263951387e-05,0.9999480044087361
2023-02-13,67.6029870471289,68.94371011610446,67.57415555446725,68.71305084228516,3212600,0.0,0.0,0.001043018707044886,1.3180041339613158,1.3180041339613158,1.3180041339613158,22.13788604736328,1.0,1.6578903198242188,0.0,0.0,0.2620136274760861,0.13100681373804304,0.868993186261957
2023-02-14,68.62174603661245,68.99657010522523,68.35744513373777,68.6938247680664,1768200,0.0,0.0,0.0005739119865206076,1.2695127652131835,1.2695127652131835,1.2695127652131835,22.11865997314453,1.0,1.6386642456054688,0.0,0.0,0.25597187162348317,0.12798593581174159,0.8720140641882584
2023-02-15,67.78079606877385,68.2228960824126,67.61260257843757,67.737548828125,1721600,0.0,0.0,0.0005510080481260013,1.2560634383857299,1.2560634383857299,1.2560634383857299,21.162384033203125,-1.0,-0.9562759399414062,0.0,0.0,0.34055440510923435,0.5,0.5
2023-02-16,67.12725772351436,67.32908551961611,66.53619008260736,66.64671325683594,1765200,0.0,0.0,0.0005558644074804577,1.2521559603237233,1.2521559603237233,1.2521559603237233,20.071548461914062,-1.0,-2.0471115112304688,0.0,0.0,1.5606411183282114,0.5,0.5
2023-02-17,67.30986869270743,68.30939475639734,67.16089374489584,68.05951690673828,2378800,0.0,0.0,0.0007649675331300717,1.2814792131264146,1.2814792131264146,1.2814792131264146,21.484352111816406,1.0,1.4128036499023438,0.08649867398473532,1.6209677582765524e-05,0.47630003740582666,0.2381581235417047,0.7618418764582953
2023-02-21,68.43432624623027,68.95811785550084,68.13158094338341,68.53043365478516,1729600,0.0,0.0,0.0005600481511117124,1.2541307656718539,1.2541307656718539,1.2541307656718539,21.95526885986328,1.0,1.8837203979492188,0.0,0.0,0.8467396179146278,0.4233698089573139,0.5766301910426861
2023-02-22,68.51602530404877,68.81396050247821,68.28536603212035,68.3574447631836,1382000,0.0,0.0,0.00044636493908067155,1.2023067445779971,1.2023067445779971,1.2023067445779971,21.78227996826172,1.0,1.7107315063476562,0.0,0.0,0.6983621716613903,0.3491810858306951,0.6508189141693048
2023-02-23,68.7851293935921,69.11190341879495,68.14600442200553,68.66499328613281,1611000,0.0,0.0,0.000522669470719486,1.185420476878813,1.185420476878813,1.185420476878813,22.089828491210938,1.0,2.018280029296875,0.0,0.0,0.9720303943010118,0.4860151971505059,0.5139848028494941
2023-02-24,67.9778137992292,68.12678138947487,67.57415093200068,68.04508972167969,1707800,0.0,0.0,0.0005490729028618653,1.1786648966826219,1.1786648966826219,1.1786648966826219,21.469924926757812,-1.0,-0.619903564453125,0.7112151001196736,0.0010973391800997339,0.09433772987797234,0.011498280358889926,0.9885017196411101
2023-02-27,68.83798607454561,69.15514714192038,68.62174255861763,68.8908462524414,1682400,0.0,0.0,0.0005476296962540809,1.1737643626510557,1.1737643626510557,1.1737643626510557,22.31568145751953,1.0,0.8457565307617188,0.043243723125428346,3.755137544284525e-06,1.861411758009259,0.9307077565734017,0.06929224342659834
2023-02-28,68.70342892110834,68.70342892110834,67.58856246706209,67.751953125,2326400,0.0,0.0,0.0007447361233858308,1.18294432141736,1.18294432141736,1.18294432141736,21.176788330078125,-1.0,-1.1388931274414062,0.0,0.0,1.8133232268933408,0.5,0.5
2023-03-01,68.53044524571908,69.12151287420113,68.33823039609895,68.65058135986328,2567600,0.0,0.0,0.0008328519321281314,1.1962739948304866,1.1962739948304866,1.1962739948304866,22.075416564941406,1.0,0.8986282348632812,0.0,0.0,0.6225785813069443,0.31128929065347216,0.6887107093465279
2023-03-02,68.28536319874273,69.15514740260389,68.13638827318341,69.00617980957031,1622600,0.0,0.0,0.0005290487204400895,1.1835943615869142,1.1835943615869142,1.1835943615869142,22.431015014648438,1.0,1.2542266845703125,0.0,0.0,1.2127914551716514,0.6063957275858257,0.3936042724141743
2023-03-03,68.92929152891189,69.71258126572592,68.84759985889536,69.6308822631836,2011200,0.0,0.0,0.0006616881690212953,1.1608362933900311,1.1608362933900311,1.1608362933900311,23.05571746826172,1.0,1.8789291381835938,0.0,0.0,2.0,1.0,0.0
2023-03-06,69.98168488568757,70.13065247981969,69.15514791257476,69.56360626220703,2333400,0.0,0.0,0.0007669507792125018,1.1475983129510952,1.1475983129510952,1.1475983129510952,22.988441467285156,1.0,1.8116531372070312,0.0,0.0,2.0,1.0,0.0
2023-03-07,69.8423224351819,69.96726867396437,69.06864564570685,69.15995025634766,2189600,0.0,0.0,0.000715509934094492,1.1298143640444112,1.1298143640444112,1.1298143640444112,22.58478546142578,-1.0,-0.403656005859375,0.0,0.0,0.04964468236843183,0.5,0.5
2023-03-08,67.79040169891287,68.12678131077672,67.29543422338926,67.97781372070312,8839400,0.0,0.0,0.0028391359641593873,1.1822930546811241,1.1822930546811241,1.1822930546811241,21.40264892578125,-1.0,-1.5857925415039062,0.0,0.0,0.766200870383551,0.5,0.5
2023-03-09,68.49198879992869,69.05422483563811,68.12196758013653,68.25171661376953,2522600,0.0,0.0,0.0008135011692733683,1.1747300589849714,1.1747300589849714,1.1747300589849714,21.676551818847656,1.0,0.27390289306640625,0.0,0.0,0.029833245167851092,0.014916622583925546,0.9850833774160744
2023-03-10,68.74188103967379,69.26086989538273,67.75196070347054,67.8961181640625,2718200,0.0,0.0,0.0008720122066810125,1.1985999970512007,1.1985999970512007,1.1985999970512007,21.320953369140625,1.0,-0.081695556640625,0.0,0.0,0.08896181473820033,0.5,0.5
2023-03-13,67.88170578342694,68.85721042193433,67.4780502087052,67.53571319580078,2504400,0.0,0.0,0.0007991593718022154,1.211497155349624,1.211497155349624,1.211497155349624,20.960548400878906,-1.0,-0.36040496826171875,0.0,0.0,1.7313636667603163,0.5,0.5
2023-03-14,68.30938775775107,68.75149508575566,67.78559608911603,68.6938247680664,2400400,0.0,0.0,0.0007791077550300115,1.2118032078214283,1.2118032078214283,1.2118032078214283,22.11865997314453,-1.0,0.7977066040039062,0.0,0.0,2.0,1.0,0.0
2023-03-15,67.4444162196735,68.07392827344134,67.16088942259199,67.74715423583984,3189600,0.0,0.0,0.0010209947077866259,1.2347412176537844,1.2347412176537844,1.2347412176537844,21.17198944091797,-1.0,-0.14896392822265625,0.317160786113206,0.00022440660414932558,0.03487191982969266,0.006394019743699991,0.9936059802563
2023-03-16,66.7956732889892,66.81489183916388,65.02727337188591,66.74281311035156,5974000,0.0,0.0,0.001883935097520256,1.340822620960938,1.340822620960938,1.340822620960938,20.167648315429688,-1.0,-1.1533050537109375,0.0,0.0,2.0,0.5,0.5
2023-03-17,67.15127537852167,67.41076612157472,66.8437272636873,67.00711059570312,3454400,0.0,0.0,0.0010936786328280058,1.2927605059796683,1.2927605059796683,1.2927605059796683,20.43194580078125,1.0,0.2642974853515625,0.0,0.0,0.052516729449070765,0.026258364724535382,0.9737416352754646
2023-03-20,68.30458533051555,69.08787510176435,68.13639184615899,69.00137329101562,2484800,0.0,0.0,0.000810112594291846,1.3490465059854941,1.3490465059854941,1.3490465059854941,22.42620849609375,1.0,2.2585601806640625,0.0,0.0,2.0,1.0,0.0
2023-03-21,69.75582622187656,70.84665672041972,69.57321700514882,70.77938079833984,2744600,0.0,0.0,0.000917871804357793,1.384492000515394,1.384492000515394,1.384492000515394,24.20421600341797,1.0,4.036567687988281,0.0,0.0,2.0,1.0,0.0
2023-03-22,70.77457778234587,71.27434805846585,70.46222685916506,70.49105834960938,2098000,0.0,0.0,0.0006987723729941015,1.343608371857208,1.343608371857208,1.343608371857208,23.9158935546875,1.0,3.7482452392578125,0.0,0.0,2.0,1.0,0.0
2023-03-23,71.94231015871652,72.80248146589648,71.67319911740843,71.87983703613281,2573200,0.0,0.0,0.0008739303820052642,1.4127379964593434,1.4127379964593434,1.4127379964593434,25.304672241210938,1.0,5.13702392578125,0.0,0.0,2.0,1.0,0.0
2023-03-24,72.6446930864954,74.4224212217288,72.25233445766362,73.9913101196289,3204600,0.5945,0.0,0.0011203423596179009,1.4934412956833891,1.4934412956833891,1.4934412956833891,27.41614532470703,1.0,7.248497009277344,0.0,0.0,2.0,1.0,0.0
2023-03-27,74.37398276281654,75.2943374218151,74.16085523535307,74.93588256835938,2329000,0.0,0.0,0.000824623156880412,1.4798402961478752,1.4798402961478752,1.4798402961478752,28.3607177734375,1.0,8.193069458007812,0.0,0.0,2.0,1.0,0.0
2023-03-28,75.40090616362814,75.49778365799177,74.85353760311892,75.23621368408203,1832600,0.0,0.0,0.0006514646047694277,1.4201549931996593,1.4201549931996593,1.4201549931996593,28.661048889160156,1.0,8.493400573730469,0.0,0.0,2.0,1.0,0.0
2023-03-29,75.68185750512643,76.14203115553197,75.53653756518806,75.84654998779297,1644800,0.0,0.0,0.0005894475127359196,1.3834165987889648,1.3834165987889648,1.3834165987889648,29.271385192871094,1.0,9.103736877441406,0.0,0.0,2.0,1.0,0.0
2023-03-30,76.16139258707642,76.58766237769939,76.07904635775664,76.57797241210938,2066400,0.0,0.0,0.0007476777685838555,1.3375377267259259,1.3375377267259259,1.3375377267259259,30.0028076171875,1.0,9.835159301757812,0.0,0.0,2.0,1.0,0.0
2023-03-31,76.80564373710747,77.37723348499503,76.55860503249696,77.08659362792969,2285600,0.0,0.0,0.0008324828468042486,1.3004727785667938,1.3004727785667938,1.3004727785667938,30.511428833007812,1.0,10.343780517578125,0.0,0.0,2.0,1.0,0.0
2023-04-03,76.70393175753232,77.33363918483937,76.36484943048484,77.3094253540039,2086400,0.0,0.0,0.0007621250392814128,1.2767811339802038,1.2767811339802038,1.2767811339802038,30.73426055908203,-1.0,0.22283172607421875,0.0,0.0,0.03733065916893552,0.01866532958446776,0.9813346704155322
2023-04-04,76.97518168097425,77.55161269234605,76.46172436064319,76.8153305053711,3156000,0.0,0.0,0.0011454631154976598,1.263431648103251,1.263431648103251,1.263431648103251,30.24016571044922,1.0,-0.4940948486328125,0.09688067185376781,1.0263747289711704e-05,2.0,5.131847308863898e-06,0.9999948681526911
2023-04-05,76.84924280605773,77.04784647572679,75.7109193017011,76.48594665527344,2676400,0.0,0.0,0.000967228040941812,1.2686813285262823,1.2686813285262823,1.2686813285262823,29.910781860351562,-1.0,-0.32938385009765625,0.0,0.0,2.0,0.5,0.5
2023-04-06,77.21253355193178,77.94397448139495,77.1156560634266,77.19316101074219,2050200,0.0,0.0,0.0007477755583409814,1.2822060783545128,1.2822060783545128,1.2822060783545128,30.617996215820312,1.0,0.70721435546875,0.3923617890488913,0.00016421766859885895,2.0,1.0,0.0
2023-04-10,77.30942284599845,77.33848535508159,76.44235190486353,76.97518920898438,1477200,0.0,0.0,0.0005372621866141822,1.254629462059052,1.254629462059052,1.254629462059052,30.4000244140625,-1.0,-0.2179718017578125,0.0,0.0,0.09499450692417255,0.5,0.5
2023-04-11,76.36484291497287,77.01877889987952,76.02576800813479,76.71360778808594,1931400,0.0,0.0,0.0007000689986342555,1.2359424213223147,1.2359424213223147,1.2359424213223147,30.138442993164062,-1.0,-0.47955322265625,0.0,0.0,0.459802673749636,0.5,0.5
2023-04-12,78.113507282314,79.89123541366301,78.03600972722562,79.20824432373047,3520800,0.0,0.0,0.001317673930996894,1.3746342216262262,1.3746342216262262,1.3746342216262262,32.633079528808594,1.0,2.4946365356445312,2.552750058581424,0.006119282046838977,2.0,1.0,0.0
2023-04-13,80.64689787683302,81.20879026204726,79.64903831873926,81.20394897460938,7045200,0.0,0.0,0.002703128473944904,1.419342201389838,1.419342201389838,1.419342201389838,34.6287841796875,1.0,4.4903411865234375,0.0,0.0,2.0,1.0,0.0
2023-04-14,81.7222519256162,82.2889929682932,81.27660219457344,81.6689682006836,3314000,0.0,0.0,0.0012788092944445964,1.3954637579822657,1.3954637579822657,1.3954637579822657,35.09380340576172,1.0,4.955360412597656,0.0,0.0,2.0,1.0,0.0
2023-04-17,82.85574277244226,83.17059647679717,82.38103787638622,82.86543273925781,3189200,0.0,0.0,0.0012486806141227338,1.4030469378487882,1.4030469378487882,1.4030469378487882,36.29026794433594,1.0,6.151824951171875,0.0,0.0,2.0,1.0,0.0
2023-04-18,82.31805975737363,82.90417337084952,82.01773732373405,82.24055480957031,3221200,0.0,0.0,0.0012516990803007235,1.3661461599392652,1.3661461599392652,1.3661461599392652,35.66539001464844,-1.0,-0.6248779296875,0.0,0.0,0.010317689008412047,0.5,0.5
2023-04-19,79.35356837376678,80.36595184272544,79.3099672196207,79.93968200683594,3980200,0.0,0.0,0.0015033618421609876,1.4778919763685756,1.4778919763685756,1.4778919763685756,33.36451721191406,-1.0,-2.925750732421875,0.0,0.0,0.2261865135579705,0.5,0.5
2023-04-20,80.20610392202889,80.49673641092997,79.62967284081485,80.10437774658203,2386800,0.0,0.0,0.0009033758815894389,1.4342613759219003,1.4342613759219003,1.4342613759219003,33.529212951660156,1.0,0.16469573974609375,0.0,0.0,0.003168765387608014,0.001584382693804007,0.998415617306196
2023-04-21,81.73678212119479,83.78577007840718,81.70287093700446,83.6307601928711,3453400,0.0,0.0,0.0013646118565779702,1.5947707299149896,1.5947707299149896,1.5947707299149896,37.05559539794922,1.0,3.6910781860351562,0.0,0.0,1.5915923556139278,0.7957961778069639,0.20420382219303612
2023-04-24,82.77823929133042,83.03496798191176,82.21633946650822,82.57963562011719,2376400,0.0,0.0,0.000927232653035492,1.5818885868041244,1.5818885868041244,1.5818885868041244,36.00447082519531,1.0,2.63995361328125,0.0,0.0,0.8141753452973528,0.4070876726486764,0.5929123273513236
2023-04-25,82.60868856872662,82.768539744767,81.47520647456211,81.6592788696289,2234600,0.0,0.0,0.0008621871503038242,1.5612774927613216,1.5612774927613216,1.5612774927613216,35.08411407470703,-1.0,-0.9203567504882812,0.22766446244234828,4.210846978459959e-05,0.12154016238410899,0.00034633725368727225,0.9996536627463127
2023-04-26,80.24484698446078,80.2981307098666,79.18402115492209,79.92030334472656,2242800,0.0,0.0,0.0008469229123446487,1.6265617943288568,1.6265617943288568,1.6265617943288568,33.34513854980469,-1.0,-2.659332275390625,0.0,0.0,1.0147349459849122,0.5,0.5
2023-04-27,80.2303215332606,80.52580268801042,79.65873176563753,80.41923522949219,2307600,0.0,0.0,0.0008768325839403726,1.572312446332002,1.572312446332002,1.572312446332002,33.84407043457031,1.0,0.498931884765625,0.0,0.0,0.03519956599883906,0.01759978299941953,0.9824002170005804
2023-04-28,80.59845561421889,81.4219253484566,80.20125569636339,80.93753051757812,2238400,0.0,0.0,0.0008560198940625103,1.5471951038863738,1.5471951038863738,1.5471951038863738,34.36236572265625,1.0,1.0172271728515625,0.0,0.0,0.14631562159978834,0.07315781079989417,0.9268421892001059
2023-05-01,80.75346540144258,81.13129277772737,80.30781565329684,81.09738159179688,2014200,0.0,0.0,0.0007718015299296214,1.4955009624966704,1.4955009624966704,1.4955009624966704,34.522216796875,1.0,1.1770782470703125,0.0,0.0,0.19591399410128185,0.09795699705064093,0.9020430029493591
2023-05-02,80.34172690979972,81.06831915579768,80.29328447022176,80.99081420898438,2233800,0.0,0.0,0.0008548231259170941,1.4461149738594163,1.4461149738594163,1.4461149738594163,34.4156494140625,-1.0,-0.1065673828125,0.0,0.0,0.00819667909461334,0.5,0.5
2023-05-03,80.77767849257576,81.74646814421207,80.27875241328533,81.26692199707031,3333800,0.0,0.0,0.0012801167036824612,1.4476578850785111,1.4476578850785111,1.4476578850785111,34.69175720214844,-1.0,0.1695404052734375,0.6151753664847064,0.00031444542245401524,2.0,1.0,0.0
2023-05-04,78.24914251907049,78.58337615544602,76.78142668294407,77.71146392822266,5459000,0.0,0.0,0.0020044461615292483,1.6646462728676346,1.6646462728676346,1.6646462728676346,31.13629913330078,-1.0,-3.3859176635742188,3.511857787277691,0.01272154503565759,2.0,0.006320568817398045,0.9936794311826019
2023-05-05,78.57369048176992,79.31965528542132,77.9245957768716,79.07261657714844,2568200,0.0,0.0,0.0009595136625475575,1.6606137788912796,1.6606137788912796,1.6606137788912796,32.49745178222656,1.0,1.3611526489257812,0.0,0.0,0.16160726457544256,0.08080363228772128,0.9191963677122788
2023-05-08,81.93538501160194,82.22602487488771,81.25239389805425,81.59146881103516,3668600,0.0,0.0,0.0014142992931565428,1.7672419588089936,1.7672419588089936,1.7672419588089936,35.01630401611328,1.0,3.8800048828125,0.0,0.0,1.3131421996625443,0.6565710998312722,0.34342890016872785
2023-05-09,80.36595103438123,82.05164303646713,80.36595103438123,81.63506317138672,3160200,0.0,0.0,0.0012189545509003125,1.7614169619002014,1.7614169619002014,1.7614169619002014,35.059898376464844,-1.0,0.0435943603515625,0.0,0.0,0.00016577072370155138,8.288536185077569e-05,0.9999171146381493
2023-05-10,80.97627805732327,82.2357074973849,80.87940057530578,82.06132507324219,2451600,0.0,0.0,0.0009505705372489107,1.7324805304844095,1.7324805304844095,1.7324805304844095,35.48616027832031,1.0,0.42626190185546875,0.37299332274847075,0.00011048010922052978,0.015848941068502796,0.007979710588861662,0.9920202894111383
2023-05-11,82.21633472185614,82.41977966918299,81.50427371057282,81.8578872680664,2044800,0.0,0.0,0.000790874511320259,1.6741252039219638,1.6741252039219638,1.6741252039219638,35.28272247314453,1.0,0.2228240966796875,0.0,0.0,0.004330833855323992,0.002165416927661996,0.997834583072338
2023-05-12,82.46822595800862,83.47576816650488,82.46822595800862,82.96231079101562,2185600,0.0,0.0,0.0008567374145867652,1.670107753530286,1.670107753530286,1.670107753530286,36.38714599609375,1.0,1.3272476196289062,0.0,0.0,0.1536565663823021,0.07682828319115105,0.9231717168088489
2023-05-15,82.38103419832112,82.57478917830757,81.78522322186932,82.07101440429688,1525400,0.0,0.0,0.0005915204377737571,1.6348920260742876,1.6348920260742876,1.6348920260742876,35.495849609375,-1.0,-0.89129638671875,0.0,0.0,0.45096245033082405,0.5,0.5
2023-05-16,80.855191069264,81.71741334928964,80.6808086198611,81.2136459350586,1982800,0.0,0.0,0.0007608589072916742,1.6174144373858228,1.6174144373858228,1.6174144373858228,34.63848114013672,-1.0,-1.7486648559570312,0.0,0.0,1.7358382476038436,0.5,0.5
2023-05-17,81.61085037530873,81.63023031035237,80.67597176964125,80.94239044189453,1538000,0.0,0.0,0.0005882048116162952,1.5700461590519157,1.5700461590519157,1.5700461590519157,34.367225646972656,-1.0,-2.0199203491210938,0.0,0.0,2.0,0.5,0.5
2023-05-18,81.29598762316868,81.71256748500673,80.96659528550946,81.6447525024414,1400000,0.0,0.0,0.0005400730717769879,1.5129126507705073,1.5129126507705073,1.5129126507705073,35.06958770751953,1.0,0.702362060546875,0.0,0.0,0.12090759977717894,0.06045379988858947,0.9395462001114105
2023-05-19,82.34227711972744,83.14636689385966,82.01773348119438,82.60868835449219,2729200,0.0,0.0,0.0010652641223142135,1.5121056322453466,1.5121056322453466,1.5121056322453466,36.03352355957031,1.0,1.6662979125976562,0.0,0.0,0.6805136043958947,0.34025680219794735,0.6597431978020527
2023-05-22,82.57963434854949,83.29169538996103,81.14582969016695,82.59901428222656,6278600,0.0,0.0,0.002450382552537953,1.557374208498828,1.557374208498828,1.557374208498828,36.02384948730469,1.0,1.6566238403320312,0.0,0.0,0.6726347884853205,0.3363173942426603,0.6636826057573397
2023-05-23,81.45098865712794,81.49943109720385,78.52524710199715,79.1888656616211,4778800,0.0,0.0,0.0017880480617447749,1.737116563622441,1.737116563622441,1.737116563622441,32.61370086669922,-1.0,-3.4101486206054688,3.4924863791972314,0.011467513894145472,2.0,0.005701068406491279,0.9942989315935087
2023-05-24,78.71900074675993,78.91760439991805,78.21523337838266,78.36539459228516,3533400,0.0,0.0,0.0013083180727332664,1.6825819721664403,1.6825819721664403,1.6825819721664403,31.79022979736328,-1.0,-4.233619689941406,0.0,0.0,2.0,0.5,0.5
2023-05-25,78.68509674072266,78.83525795422138,77.9633457889144,78.68509674072266,3114600,0.0,0.0,0.0011579531102771598,1.6246769859621932,1.6246769859621932,1.6246769859621932,32.10993194580078,-1.0,-3.9139175415039062,0.0,0.0,2.0,0.5,0.5
2023-05-26,79.26637717590842,79.77014459454989,78.83526603212125,78.94183349609375,1926200,0.0,0.0,0.0007184636475262918,1.5861320479525534,1.5861320479525534,1.5861320479525534,32.366668701171875,1.0,0.25673675537109375,0.8525401946318425,0.0006937990847665853,0.004302815785474163,0.002498307435120374,0.9975016925648796
2023-05-30,78.3750888622991,78.38962011661806,77.2270680321492,77.41114044189453,2514000,0.0,0.0,0.0009195279830586485,1.5953201490948385,1.5953201490948385,1.5953201490948385,30.835975646972656,-1.0,-1.5306930541992188,0.7362777567651904,0.0005701222270242711,2.0,0.0002849798768311175,0.9997150201231689
2023-05-31,77.46442057664453,78.04085160880939,77.14471821390592,77.72599792480469,1683600,0.0,0.0,0.0006183031156902502,1.5453782380811696,1.5453782380811696,1.5453782380811696,31.150833129882812,-1.0,-1.2158355712890625,0.0,0.0,2.0,0.5,0.5
2023-06-01,76.36969384152891,77.06722360828535,76.11296516227534,76.52469635009766,2829000,0.0,0.0,0.0010228943356270634,1.550210704113182,1.550210704113182,1.550210704113182,29.94953155517578,-1.0,-2.4171371459960938,0.0,0.0,2.0,0.5,0.5
2023-06-02,75.11995328504685,76.34063036133172,74.76634711852927,76.11780548095703,3199400,0.0,0.0,0.0011506705831945457,1.565077741788554,1.565077741788554,1.565077741788554,29.542640686035156,-1.0,-2.8240280151367188,0.0,0.0,2.0,0.5,0.5
2023-06-05,76.80080587789085,76.86862086206277,76.14686986594246,76.46173095703125,1934000,0.0,0.0,0.0006987097545741728,1.5069161445969244,1.5069161445969244,1.5069161445969244,29.886566162109375,1.0,0.34392547607421875,0.0,0.0,0.014831691815771372,0.007415845907885686,0.9925841540921143
2023-06-06,78.29758484428483,78.49133983169784,77.55162001233782,77.8713150024414,3250400,0.0,0.0,0.0011959431321535102,1.5442513396019006,1.5442513396019006,1.5442513396019006,31.29615020751953,1.0,1.753509521484375,0.0,0.0,0.38554782316554836,0.19277391158277418,0.8072260884172258
2023-06-07,77.06237937549737,77.22223057220829,75.88530336964337,76.30672454833984,2429200,0.0,0.0,0.0008758349983780453,1.5758056462587677,1.5758056462587677,1.5758056462587677,29.73155975341797,-1.0,-1.5645904541015625,0.26156649629909623,7.739784045279908e-05,0.7961320276635147,9.72078927649085e-05,0.9999027921072351
2023-06-08,76.5876680626668,77.43535902840127,76.36969186401937,77.23675537109375,1909000,0.0,0.0,0.0006966684785243267,1.5438648486732431,1.5438648486732431,1.5438648486732431,30.661590576171875,1.0,0.9300308227539062,0.0,0.0,0.3533404287328984,0.1766702143664492,0.8233297856335509
2023-06-09,76.31156290006889,76.65064521468254,76.04030296140115,76.55860900878906,2360400,0.0,0.0,0.0008538387317565042,1.51904967446034,1.51904967446034,1.51904967446034,29.983444213867188,-1.0,-0.6781463623046875,0.0,0.0,0.5316822831371542,0.5,0.5
2023-06-12,77.5903555772788,77.76473800106723,75.4057376884188,76.89767456054688,3825000,0.0,0.0,0.0013897633589517921,1.5790461486166323,1.5790461486166323,1.5790461486166323,30.322509765625,-1.0,-0.339080810546875,0.32937897266596394,0.0001179944151816516,0.13292655247167193,0.0008868790036317594,0.9991131209963683
2023-06-13,77.0865894439921,77.52254181464986,76.19530477124219,76.35515594482422,1836200,0.0,0.0,0.0006624522244491359,1.561059783958849,1.561059783958849,1.561059783958849,29.779991149902344,-1.0,-0.8815994262695312,0.8718965999673145,0.0008571973889487411,0.8985617212533705,0.0009530568805942931,0.9990469431194057
2023-06-14,76.79111125320868,77.36270099193952,76.6506400056872,77.05268859863281,1985000,0.0,0.0,0.0007226774766388644,1.5215230170414527,1.5215230170414527,1.5215230170414527,30.477523803710938,-1.0,-0.1840667724609375,0.0,0.0,0.03917022898037058,0.5,0.5
2023-06-15,77.7405364340165,78.88370863884985,77.5322427935393,78.72869873046875,2221200,0.0,0.0,0.0008262604196969773,1.5436299472682804,1.5436299472682804,1.5436299472682804,32.153533935546875,1.0,1.6760101318359375,1.361166824199998,0.0017921125705933779,2.0,1.0,0.0
2023-06-16,78.73353770660462,78.81104265851948,78.0941403315046,78.12804412841797,2103400,0.0,0.0,0.0007764706297389209,1.4845779743930374,1.4845779743930374,1.4845779743930374,31.552879333496094,1.0,1.0753555297851562,0.0,0.0,2.0,1.0,0.0
2023-06-20,77.34332878057063,78.81104466006805,77.22707134974577,78.31211853027344,3804400,0.0,0.0,0.001407704040160652,1.491677641245126,1.491677641245126,1.491677641245126,31.736953735351562,1.0,1.259429931640625,0.305171443793526,9.246072771487697e-05,2.0,1.0,0.0
2023-06-21,78.20070742866199,78.58822479515395,77.41599012019304,77.7647476196289,3826800,0.0,0.0,0.0014060952572574296,1.468860286510539,1.468860286510539,1.468860286510539,31.18958282470703,1.0,0.7120590209960938,0.6781502113115607,0.0004727512338782518,2.0,1.0,0.0
2023-06-22,77.41113699220135,78.10382544607839,77.38207448485855,77.51286315917969,1804800,0.0,0.0,0.0006609963671731868,1.4154953347040604,1.4154953347040604,1.4154953347040604,30.937698364257812,-1.0,-0.25188446044921875,0.0,0.0,0.12513268544637052,0.5,0.5
2023-06-23,76.76689003362816,77.40629475241738,76.62157010742347,77.05268859863281,1433400,0.0,0.0,0.0005218568740625432,1.3780523144935006,1.3780523144935006,1.3780523144935006,30.477523803710938,-1.0,-0.7120590209960938,0.0,0.0,1.0,0.5,0.5
2023-06-26,77.24644353486455,77.46926101582787,76.04029775661878,76.15655517578125,2410400,0.0,0.0,0.0008673464815161053,1.3816888105446137,1.3816888105446137,1.3816888105446137,29.581390380859375,-1.0,-1.6081924438476562,0.0,0.0,2.0,0.5,0.5
2023-06-27,75.34761435274922,75.75934550746038,74.81477710397213,75.55590057373047,2751000,0.0,0.0,0.0009820988173010175,1.3788380434920782,1.3788380434920782,1.3788380434920782,28.980735778808594,-1.0,-2.2088470458984375,0.0,0.0,2.0,0.5,0.5
2023-06-28,76.67001606110863,76.67001606110863,75.39121395618885,75.9482650756836,2303400,0.0,0.0,0.0008265772181441932,1.3716926193083423,1.3716926193083423,1.3716926193083423,29.37310028076172,1.0,0.392364501953125,0.0,0.0,0.03155354294674054,0.01577677147337027,0.9842232285266297
2023-06-29,75.04244837268968,76.09843297645686,74.89712844118132,76.06452178955078,2319600,0.0,0.0,0.0008336647730491965,1.3595220418774279,1.3595220418774279,1.3595220418774279,29.489356994628906,-1.0,0.1162567138671875,0.0,0.0,0.002770159646327678,0.001385079823163839,0.9986149201768362
2023-06-30,77.75990314905748,78.51071663003893,77.75021318269009,78.38961791992188,2179800,0.0,0.0,0.0008073677675203157,1.4371415274924793,1.4371415274924793,1.4371415274924793,31.814453125,1.0,2.3250961303710938,0.0,0.0,1.1080275002567277,0.5540137501283638,0.44598624987163615
2023-07-03,77.56615600503805,77.56615600503805,76.62642873699484,77.2270736694336,1679000,0.0,0.0,0.0006126557106452725,1.4604306457378047,1.4604306457378047,1.4604306457378047,30.65190887451172,-1.0,-1.1625442504882812,0.0,0.0,0.24999835934052053,0.5,0.5
2023-07-05,77.1447189883096,77.71630873875692,77.04300021177623,77.503173828125,1944000,0.0,0.0,0.0007118884707269499,1.4042076372551537,1.4042076372551537,1.4042076372551537,30.928009033203125,1.0,0.27610015869140625,0.0,0.0,0.05640457448070244,0.02820228724035122,0.9717977127596488
2023-07-06,76.61187952240651,76.94126442217149,76.0209173045668,76.68938446044922,2552400,0.0,0.0,0.0009248689493967495,1.4097825577053718,1.4097825577053718,1.4097825577053718,30.114219665527344,-1.0,-0.8137893676757812,0.6055114324280453,0.00040429788238175736,2.0,0.00020210808525543815,0.9997978919147446
2023-07-07,76.62641945928672,76.80080189400863,76.01607724212074,76.04029846191406,2180000,0.0,0.0,0.0007832429918007317,1.3651355644326941,1.3651355644326941,1.3651355644326941,29.465133666992188,-1.0,-1.4628753662109375,0.0,0.0,2.0,0.5,0.5
2023-07-10,75.74481055798518,76.24373659781992,75.62856053940023,76.08389282226562,1533000,0.0,0.0,0.0005511008630996525,1.3115670282889083,1.3115670282889083,1.3115670282889083,29.50872802734375,-1.0,-1.419281005859375,0.0,0.0,2.0,0.5,0.5
2023-07-11,74.45149373775043,74.67431864117796,73.20175402413912,73.7491226196289,4445600,0.0,0.0,0.001549114264274999,1.4237507261344509,1.4237507261344509,1.4237507261344509,27.17395782470703,-1.0,-3.7540512084960938,0.0,0.0,2.0,0.5,0.5
2023-07-12,73.71036624838561,75.28949085874288,73.59410881909191,74.9601058959961,3407600,0.0,0.0,0.0012069103515252877,1.443152962814202,1.443152962814202,1.443152962814202,28.38494110107422,1.0,1.2109832763671875,0.0,0.0,0.10405810344983703,0.052029051724918514,0.9479709482750814
2023-07-13,76.23407214615521,76.24375472248711,75.57044610343812,75.99187469482422,2361400,0.0,0.0,0.0008478771447959229,1.4317598102196887,1.4317598102196887,1.4317598102196887,29.416709899902344,1.0,2.2427520751953125,0.0,0.0,0.3569128214135103,0.17845641070675514,0.8215435892932449
2023-07-14,77.55161134665374,77.9052174852458,76.63125678108565,77.57098388671875,2348800,0.0,0.0,0.0008608778809888998,1.4661585945198239,1.4661585945198239,1.4661585945198239,30.995819091796875,1.0,3.8218612670898438,0.0,0.0,1.0364526145448245,0.5182263072724123,0.48177369272758774
2023-07-17,78.27820947092903,78.39930818150208,77.77443469582907,77.96334838867188,2234000,0.0,0.0,0.0008229432038472662,1.4205990016815029,1.4205990016815029,1.4205990016815029,31.38818359375,1.0,4.214225769042969,0.0,0.0,1.2601876287068419,0.6300938143534209,0.36990618564657907
2023-07-18,77.59036401998944,77.90038382159416,77.22706788017265,77.62427520751953,1745800,0.0,0.0,0.0006403070130061768,1.37171910931134,1.37171910931134,1.37171910931134,31.049110412597656,-1.0,-0.33907318115234375,0.0,0.0,0.006473680846805627,0.5,0.5
2023-07-19,77.6872419032533,77.97303306691634,77.28034464595196,77.61457824707031,1408000,0.0,0.0,0.0005163476061537156,1.3232169172865575,1.3232169172865575,1.3232169172865575,31.039413452148438,1.0,-0.00969696044921875,0.0,0.0,5.294630434938361e-06,0.5,0.5
2023-07-20,79.28089730868177,80.67110804191152,79.28089730868177,79.67325592041016,3570800,0.0,0.0,0.001344232225770943,1.447024979969033,1.447024979969033,1.447024979969033,33.09809112548828,1.0,2.048980712890625,2.770724220317362,0.007007784006729057,2.0,1.0,0.0
2023-07-21,79.54732041352442,80.48219889747836,79.50372665227113,80.2448501586914,2419200,0.0,0.0,0.0009172445827064869,1.4135569274860469,1.4135569274860469,1.4135569274860469,33.66968536376953,1.0,2.620574951171875,0.0,0.0,2.0,1.0,0.0
2023-07-24,79.32934437689545,79.41169061207823,78.50102595500978,78.50587463378906,2218000,0.0,0.0,0.000822734879571253,1.4371474472143027,1.4371474472143027,1.4371474472143027,31.930709838867188,-1.0,-1.7389755249023438,0.779871353671993,0.0005965251925732052,0.4403457085384824,0.0013528420435612988,0.9986471579564387
2023-07-25,77.78412273145535,78.94666736758813,77.7356802919171,78.62212371826172,2374600,0.0,0.0,0.0008821276708361754,1.4209931349612117,1.4209931349612117,1.4209931349612117,32.046958923339844,-1.0,-1.6227264404296875,0.0,0.0,0.3834400336521191,0.5,0.5
2023-07-26,77.07206202530064,77.08659327896027,75.92888992597926,76.67001342773438,3059000,0.0,0.0,0.0011081568299877785,1.511867467627015,1.511867467627015,1.511867467627015,30.0948486328125,-1.0,-3.5748367309570312,0.0,0.0,1.8608837875301663,0.5,0.5
2023-07-27,76.80564694968886,76.8976831546518,75.87076842828398,75.88529968261719,2280400,0.0,0.0,0.0008176452104607464,1.4772279861085011,1.4772279861085011,1.4772279861085011,29.310134887695312,-1.0,-4.359550476074219,0.0,0.0,2.0,0.5,0.5
2023-07-28,75.87560720755009,76.58282692392793,75.5220010450005,76.44719696044922,2193200,0.0,0.0,0.0007922021459014231,1.4474849784527104,1.4474849784527104,1.4474849784527104,29.872032165527344,-1.0,-3.7976531982421875,0.0,0.0,2.0,0.5,0.5
2023-07-31,77.87615194618988,78.33148422840269,77.44504088157352,78.03600311279297,2164600,0.0,0.0,0.0007981212658861053,1.4786851419884788,1.4786851419884788,1.4786851419884788,31.460838317871094,1.0,1.58880615234375,1.4338010737508853,0.0020770034643836093,0.17502948739752666,0.08855324543095514,0.9114467545690449
2023-08-01,78.16679644822241,78.50587876435279,77.87616396604082,78.34117889404297,2860800,0.0,0.0,0.0010589459920335442,1.4180444031544421,1.4180444031544421,1.4180444031544421,31.766014099121094,1.0,1.89398193359375,0.0,0.0,0.24872592758322193,0.12436296379161096,0.8756370362083891
2023-08-02,77.29973371647887,77.7308448521993,76.60220392581232,76.69908142089844,1672200,0.0,0.0,0.0006060027472656655,1.4409680149456,1.4409680149456,1.4409680149456,30.123916625976562,-1.0,-1.6420974731445312,0.8428369557612001,0.0007828242412771063,0.7517028582057305,0.0010403177888135236,0.9989596822111865
2023-08-03,76.17593586170742,76.82503061567029,75.85624085956488,76.30672454833984,1604000,0.0,0.0,0.0005783135754151098,1.407240996457015,1.407240996457015,1.407240996457015,29.73155975341797,-1.0,-2.034454345703125,0.0,0.0,1.153836393200307,0.5,0.5
2023-08-04,76.06936685218743,76.59736287591298,75.75451314435988,75.85623931884766,3036800,0.0,0.0,0.0010884380362327503,1.366927334678164,1.366927334678164,1.366927334678164,29.28107452392578,-1.0,-2.4849395751953125,0.0,0.0,1.7213928763741464,0.5,0.5
2023-08-07,77.59520810014288,78.41867782333432,77.16409700209523,78.16194915771484,2471800,0.0,0.0,0.0009128615611440613,1.4523209896644855,1.4523209896644855,1.4523209896644855,31.58678436279297,1.0,2.3057098388671875,1.5936472076640342,0.002545502577344653,0.8609494246328857,0.4317474636051152,0.5682525363948848
2023-08-08,90.15556694927452,93.09099855221564,88.92520728472333,91.63297271728516,17822600,0.0,0.0,0.0077164766679170115,2.414944447152793,2.414944447152793,2.414944447152793,45.05780792236328,1.0,15.7767333984375,0.0,0.0,2.0,1.0,0.0
2023-08-09,89.68569783383197,92.25299185429029,89.56459912901109,90.86762237548828,7448000,0.0,0.0,0.0031977539475111765,2.4344764670189654,2.4344764670189654,2.4344764670189654,44.292457580566406,1.0,15.011383056640625,0.0,0.0,2.0,1.0,0.0
2023-08-10,89.55491103621354,90.44135438783552,88.04359426710295,88.20344543457031,6515800,0.0,0.0,0.002715498120807885,2.4623015842594205,2.4623015842594205,2.4623015842594205,41.62828063964844,-1.0,-2.6641769409179688,0.8816130176203814,0.00044851713668972486,0.03149812596721236,0.014039570142971962,0.985960429857028
2023-08-11,88.38752372987712,88.95910607181806,87.2831041274163,87.96610260009766,4238800,0.0,0.0,0.0017617914075674546,2.406137324269588,2.406137324269588,2.406137324269588,41.39093780517578,-1.0,-2.901519775390625,0.0,0.0,0.037360239796873335,0.5,0.5
2023-08-14,87.80625854629493,88.47956710761218,86.80840631497516,86.91981506347656,4647800,0.0,0.0,0.0019088088348391949,2.3536390005815475,2.3536390005815475,2.3536390005815475,40.34465026855469,-1.0,-3.9478073120117188,0.0,0.0,0.06916246756686906,0.5,0.5
2023-08-15,89.36601360076352,90.01994225054727,88.02423772068155,89.66633605957031,4827000,0.0,0.0,0.0020450453070377907,2.4069595853307737,2.4069595853307737,2.4069595853307737,43.09117126464844,1.0,2.74652099609375,1.0608361787292182,0.0006060661762355397,0.48400957427100283,0.24230782022361919,0.7576921797763808
2023-08-16,89.39506928421783,90.6060563853552,89.28850182801543,89.4435043334961,3158200,0.0,0.0,0.0013347030307936329,2.329144940474274,2.329144940474274,2.329144940474274,42.86833953857422,1.0,2.5236892700195312,0.0,0.0,0.40865787114603097,0.20432893557301549,0.7956710644269845
2023-08-17,89.99087434891236,90.69809407977412,89.24006085559935,89.4774169921875,3705800,0.0,0.0,0.001566720863136613,2.2669226750243094,2.2669226750243094,2.2669226750243094,42.902252197265625,1.0,2.5576019287109375,0.0,0.0,0.4197145330317396,0.2098572665158698,0.7901427334841302
2023-08-18,88.93908734875704,89.4306834132694,88.3160811324819,89.13378143310547,2722200,0.442,0.0,0.0011464591172580508,2.1879521882158306,2.1879521882158306,2.1879521882158306,42.558616638183594,-1.0,-0.34363555908203125,0.9724206955335291,0.0005220755811677053,0.01805220655832155,0.028107443251212564,0.9718925567487874
2023-08-21,90.21432364674529,90.7107769295368,89.59131733252677,90.46741485595705,2090000,0.0,0.0,0.0008933768155105369,2.1443124245169383,2.1443124245169383,2.1443124245169383,43.89225006103517,1.0,1.3336334228515767,0.01268284976268319,8.349452653894887e-08,2.0,1.0,0.0
2023-08-22,89.77139923436461,90.41874321494156,89.48909834929053,90.048828125,2425200,0.0,0.0,0.001031862515625931,2.0610270018133368,2.0610270018133368,2.0610270018133368,43.473663330078125,-1.0,-0.41858673095704546,0.0,0.0,0.09851400435457586,0.5,0.5
2023-08-23,91.18289380092072,93.05678461191758,91.17802923343255,92.4970474243164,3294200,0.0,0.0,0.0014397067606035212,2.1286648221779254,2.1286648221779254,2.1286648221779254,45.92188262939453,1.0,2.4482192993164062,2.3460076823807725,0.0026098737026711352,2.0,1.0,0.0
2023-08-24,91.38245222233328,91.99572193110204,90.18997963076148,90.21431732177734,3619200,0.0,0.0,0.0015427098821698204,2.1414078915619967,2.1414078915619967,2.1414078915619967,43.63915252685547,-1.0,-2.2827301025390625,0.0,0.0,0.8693777028795945,0.5,0.5
2023-08-25,89.90768088161953,91.07095124222892,89.73245989970754,90.73997497558594,2702400,0.0,0.0,0.0011586292777146135,2.084056709487667,2.084056709487667,2.084056709487667,44.16481018066406,-1.0,-1.7570724487304688,0.0,0.0,0.5150847637790548,0.5,0.5
2023-08-28,90.57448694804148,91.74262925653392,90.43334022534412,91.2559051513672,2228600,0.0,0.0,0.0009609246064933965,2.028716161037819,2.028716161037819,2.028716161037819,44.68074035644533,1.0,0.5159301757812642,0.0,0.0,0.08621890867367729,0.043109454336838646,0.9568905456631613
2023-08-29,91.20723325802874,92.9059031236758,91.20723325802874,92.6576690673828,3112800,0.0,0.0,0.001362789565815577,2.0051414256527647,2.0051414256527647,2.0051414256527647,46.08250427246092,1.0,1.9176940917968608,0.0,0.0,1.1911852924085566,0.5955926462042783,0.4044073537957217
2023-08-30,91.99085787055562,92.32182670436944,91.4603303668608,91.5382080078125,2814800,0.0,0.0,0.0012174360559689952,1.9474412310005669,1.9474412310005669,1.9474412310005669,44.963043212890625,1.0,0.7982330322265625,0.0,0.0,0.20638591416256388,0.10319295708128194,0.896807042918718
2023-08-31,91.05635416384332,91.08069185651794,89.96608940268143,90.34573364257812,3826400,0.0,0.0,0.0016334063061959727,1.9206324720098884,1.9206324720098884,1.9206324720098884,43.77056884765625,-1.0,-1.192474365234375,1.2411438553473033,0.000804044085142201,2.0,0.00040186048579777145,0.9995981395142022
2023-09-01,91.46032811708729,92.83288622770048,91.18289181307904,92.14173889160156,2786600,0.0,0.0,0.001213185603301247,1.961098194375065,1.961098194375065,1.961098194375065,45.56657409667969,1.0,1.7960052490234375,0.511059523331042,0.00012579118720589585,2.0,1.0,0.0
2023-09-05,93.51916964358638,93.67005292850008,92.48731691308971,92.53112030029295,3230000,0.0,0.0,0.0014121686106629565,1.9301850402695977,1.9301850402695977,1.9301850402695977,45.95595550537108,1.0,2.1853866577148295,0.0,0.0,2.0,1.0,0.0
2023-09-06,93.1005920356797,93.3634272278451,92.35590470257928,93.08599090576172,2331200,0.0,0.0,0.0010253215180390555,1.8642805749121845,1.8642805749121845,1.8642805749121845,46.510826110839844,-1.0,0.5548706054687642,0.0,0.0,0.2165136759410484,0.1082568379705242,0.8917431620294758
2023-09-07,93.51916456422826,96.14747162915666,93.51916456422826,95.09615325927734,6435600,0.0,0.0,0.002891666500906695,1.9497948712323812,1.9497948712323812,1.9497948712323812,48.52098846435547,1.0,2.010162353515625,0.0,0.0,2.0,1.0,0.0
2023-09-08,94.61917184580297,95.45147341060152,94.28333842063203,95.10589599609376,3904800,0.0,0.0,0.001754698267557526,1.893962022570746,1.893962022570746,1.893962022570746,48.53073120117189,1.0,2.0199050903320455,0.0,0.0,2.0,1.0,0.0
2023-09-11,95.0912872503693,98.20145402457776,94.9112017057666,97.12092590332033,7818800,0.0,0.0,0.00358797269725227,1.9936970437307755,1.9936970437307755,1.9936970437307755,50.54576110839845,1.0,4.034934997558608,0.0,0.0,2.0,1.0,0.0
2023-09-12,95.53420904168463,96.2107552668953,94.4439443465076,95.76296997070312,7286400,0.0,0.0,0.0032969079887426615,2.0425030803794857,2.0425030803794857,2.0425030803794857,49.18780517578125,-1.0,-1.3579559326172017,0.0,0.0,0.11326566214681719,0.5,0.5
2023-09-13,93.65058764332316,94.79925683822712,93.40722558869793,93.7576675415039,6420000,0.0,0.0,0.002844055282548123,2.0648774590670365,2.0648774590670365,2.0648774590670365,47.18250274658203,-1.0,-3.3632583618164205,0.0,0.0,0.6947801081298677,0.5,0.5
2023-09-14,94.6240405253792,95.2665125193075,93.76740129771368,93.87448120117188,4051600,0.0,0.0,0.0017970920525241967,2.0251608532625047,2.0251608532625047,2.0251608532625047,47.29931640625,1.0,0.11681365966796875,0.0,0.0,0.0012063318633179455,0.0006031659316589728,0.999396834068341
2023-09-15,94.18111331151714,94.26872008460757,92.4921800910616,92.6868667602539,4511600,0.0,0.0,0.0019758091870694873,2.0074022204256092,2.0074022204256092,2.0074022204256092,46.11170196533203,-1.0,-1.1876144409179688,0.9150454976363278,0.0003937885394928931,2.0,0.00019685551002455475,0.9998031444899754
2023-09-18,90.2483880346342,91.82537690244229,89.58157834764005,90.8275909423828,4695200,0.0,0.0,0.002014967766423591,2.08582266272477,2.08582266272477,2.08582266272477,44.25242614746092,-1.0,-3.0468902587890767,0.0,0.0,2.0,0.5,0.5
2023-09-19,90.3213984294533,91.3191769330708,90.12670432554155,91.041748046875,3244800,0.0,0.0,0.0013958049441788179,2.0220119444965188,2.0220119444965188,2.0220119444965188,44.466583251953125,-1.0,-2.832733154296875,0.0,0.0,2.0,0.5,0.5
2023-09-20,92.18554251243766,93.85987462185928,91.05634645083126,92.21475219726562,6124500,0.0,2.0,0.0026685002863290072,2.0788772752456444,2.0788772752456444,2.0788772752456444,45.63958740234375,1.0,1.173004150390625,2.03449771941699,0.0019871515762128695,0.1714698493933189,0.0867285004847659,0.9132714995152341
2023-09-21,90.4430854215323,90.9979506573224,88.09707144578154,88.86609649658203,7519600,0.0,0.0,0.003157381458928273,2.2245060949769617,2.2245060949769617,2.2245060949769617,42.290931701660156,-1.0,-3.3486557006835938,2.0296328797600154,0.0023032467836682446,2.0,0.0011502986809655265,0.9988497013190345
2023-09-22,89.36254807649263,90.1802410027827,88.71033213558556,88.87582397460938,2944800,0.0,0.0,0.0012366182621527532,2.170606292992688,2.170606292992688,2.170606292992688,42.3006591796875,-1.0,-3.33892822265625,0.0,0.0,2.0,0.5,0.5
2023-09-25,88.48644584331662,88.77847585705247,87.99972172693623,88.71033477783203,3088600,0.0,0.0,0.0012945895484659355,2.078141718327007,2.078141718327007,2.078141718327007,42.135169982910156,-1.0,-3.5044174194335938,0.0,0.0,2.0,0.5,0.5
2023-09-26,90.31652538671236,90.5014829265764,89.10945166375389,89.35281372070312,2775100,0.0,0.0,0.0011716100318262675,2.0576421776425327,2.0576421776425327,2.0576421776425327,42.77764892578125,1.0,0.6424789428710938,0.321241923793707,5.639370293930856e-05,0.03361136389467988,0.01683387879880959,0.9831661212011904
2023-09-27,88.89529010831012,89.45015529011454,88.20414277145343,89.26519775390625,2946000,0.0,0.0,0.0012425421362685055,1.9996686305724307,1.9996686305724307,1.9996686305724307,42.690032958984375,-1.0,-0.087615966796875,0.0,0.0,0.01859724953660429,0.5,0.5
2023-09-28,89.53776614450953,90.4333366804742,88.88555022476858,89.08997344970703,4274800,0.0,0.0,0.001799454382516106,1.9673913323676586,1.9673913323676586,1.9673913323676586,42.514808654785156,1.0,-0.17522430419921875,0.0,0.0,0.07438252066655461,0.5,0.5
2023-09-29,90.04395983351243,90.11210091144876,88.21387986406506,88.52538299560547,2629400,0.0,0.0,0.0010998176478974806,1.9624505977259474,1.9624505977259474,1.9624505977259474,41.950218200683594,-1.0,-0.5645904541015625,0.6619456213342261,0.0002489867171927349,0.7722346160251982,0.00032231974414577625,0.9996776802558542
2023-10-02,87.77582348947453,90.5209471501126,86.48113558513852,89.362548828125,7554600,0.0,0.0,0.003189798378266922,2.1108335239579574,2.1108335239579574,2.1108335239579574,42.787384033203125,-1.0,0.27257537841796875,0.08761046963840613,4.192572164504448e-06,0.2330806311542834,0.11654241186322395,0.8834575881367761
2023-10-03,87.22096295772826,87.41565706659553,84.65106013524709,85.44928741455078,4732800,0.0,0.0,0.0019108333343129042,2.2965946074522394,2.2965946074522394,2.2965946074522394,38.874122619628906,-1.0,-3.64068603515625,3.5628197288179706,0.008399752633713481,2.0,0.0041823111274030345,0.9958176888725969
2023-10-04,87.0554712232448,87.5713975714723,86.1306984209676,86.67582702636719,4291800,0.0,0.0,0.0017576551899191118,2.284131432414331,2.284131432414331,2.284131432414331,40.10066223144531,1.0,1.2265396118164062,0.0,0.0,0.11350021945655495,0.05675010972827747,0.9432498902717226
2023-10-05,86.60769484575401,87.85370745853663,84.70946623958777,87.6006088256836,4544000,0.0,0.0,0.0018807958526542874,2.345567845738226,2.345567845738226,2.345567845738226,41.02544403076172,1.0,2.1513214111328125,0.0,0.0,0.3491758051857076,0.1745879025928538,0.8254120974071462
2023-10-06,88.14573602574148,90.09263239360484,88.07759494993907,89.6740493774414,4265000,0.0,0.0,0.0018070993437936768,2.3560289687512994,2.3560289687512994,2.3560289687512994,43.09888458251953,1.0,4.224761962890625,0.0,0.0,1.3465982101712,0.6732991050856,0.3267008949144
2023-10-09,88.71033161168104,89.73245519032758,88.09706192058535,89.61563873291016,3007500,0.0,0.0,0.0012734610077493888,2.304554990250652,2.304554990250652,2.304554990250652,43.04047393798828,1.0,4.166351318359375,0.0,0.0,1.3096200646869514,0.6548100323434757,0.3451899676565243
2023-10-10,89.69351791174972,90.95900356163642,89.45989241972251,90.54042053222656,3524000,0.0,0.0,0.0015075600432723148,2.247023286798028,2.247023286798028,2.247023286798028,43.96525573730469,1.0,5.091133117675781,0.0,0.0,1.9555208439132672,0.9777604219566336,0.022239578043366404
2023-10-11,93.93774914790684,96.58552937953802,92.49704257711213,96.21561431884766,11823000,0.0,0.0,0.005374888481287854,2.518315112548987,2.518315112548987,2.518315112548987,49.64044952392578,1.0,10.766326904296875,0.0,0.0,2.0,1.0,0.0
2023-10-12,96.87756303303092,99.35985895057505,96.4395143072622,97.5200424194336,10153800,0.0,0.0,0.004678629960353119,2.563024363918873,2.563024363918873,2.563024363918873,50.94487762451172,1.0,12.070755004882812,0.0,0.0,2.0,1.0,0.0
2023-10-13,98.89260190773402,101.23861570185277,97.87048572452882,99.4280014038086,14136900,0.0,0.0,0.006641391881448525,2.64556357238318,2.64556357238318,2.64556357238318,52.85283660888672,1.0,13.978713989257812,0.0,0.0,2.0,1.0,0.0
2023-10-16,98.590832396401,98.77578993077472,97.27667881324876,98.46428680419922,6383500,0.0,0.0,0.0029698452050327248,2.610260645110084,2.610260645110084,2.610260645110084,51.889122009277344,-1.0,-0.963714599609375,0.0,0.0,0.00475294116508902,0.5,0.5
2023-10-17,98.50322416886566,99.12623041281728,97.6173827560724,98.4740219116211,4137400,0.0,0.0,0.0019250649961914511,2.5315882887982832,2.5315882887982832,2.5315882887982832,51.89885711669922,1.0,0.009735107421875,0.0,0.0,0.00010204332929973,5.1021664649865e-05,0.9999489783353501
2023-10-18,98.1235850826087,98.53243155897124,97.46163998557478,97.89968872070312,2863700,0.0,0.0,0.0013246618889435407,2.427245666269582,2.427245666269582,2.427245666269582,51.32452392578125,-1.0,-0.5743331909179688,0.0,0.0,2.0,0.5,0.5
2023-10-19,96.14747624470525,96.33243378082383,93.70412658972386,95.06695556640624,5088600,0.0,0.0,0.0022857256982149734,2.5535539851774165,2.5535539851774165,2.5535539851774165,48.49179077148436,-1.0,-3.407066345214858,0.0,0.0,2.0,0.5,0.5
2023-10-20,94.9112089504072,95.62182947496537,93.5094410262492,93.73333740234376,3945000,0.0,0.0,0.0017471785902062643,2.5220421611444697,2.5220421611444697,2.5220421611444697,47.15817260742189,-1.0,-4.7406845092773295,0.0,0.0,2.0,0.5,0.5
2023-10-23,94.50235146463316,95.32004437414184,93.77226532679173,94.54129028320312,2622700,0.0,0.0,0.0011715649023714345,2.4552325047625847,2.4552325047625847,2.4552325047625847,47.96612548828125,-1.0,-3.9327316284179688,0.0,0.0,2.0,0.5,0.5
2023-10-24,93.79173900239918,95.1156292391329,93.68465909892652,94.93067169189452,3225800,0.0,0.0,0.0014469056168855397,2.3820709072942847,2.3820709072942847,2.3820709072942847,48.35550689697264,-1.0,-3.5433502197265767,0.0,0.0,2.0,0.5,0.5
2023-10-25,95.66075632013482,95.9625303280636,93.9377561843474,94.8430633544922,2829200,0.0,0.0,0.001267842872608156,2.356549709895849,2.356549709895849,2.356549709895849,48.26789855957033,1.0,-0.08760833740231533,0.6424859539217493,0.00017717828449386675,2.0,8.858129490599854e-05,0.999911418705094
2023-10-26,93.451033310162,93.65545655430948,92.06873855821952,92.67227172851562,3348000,0.0,0.0,0.0014659915593501131,2.3863907874941943,2.3863907874941943,2.3863907874941943,46.09710693359375,-1.0,-2.1707916259765767,0.0,0.0,2.0,0.5,0.5
2023-10-27,91.28023038342668,91.99085080559878,90.47227405777132,91.01740264892578,3297100,0.0,0.0,0.0014179233960365677,2.3730769934406313,2.3730769934406313,2.3730769934406313,44.442237854003906,-1.0,-3.8256607055664205,0.0,0.0,2.0,0.5,0.5
2023-10-30,94.15191910803723,94.82360079980428,93.37315751100824,93.84041595458984,4095400,0.0,0.0,0.0018158604151198628,2.475442790400479,2.475442790400479,2.475442790400479,47.26525115966797,1.0,2.8230133056640625,1.1681442454948012,0.0006108140353936556,0.5445188890631575,0.27256485154927557,0.7274351484507244
2023-10-31,94.1324431212433,94.22005732598512,93.110326911394,94.00589752197266,3190000,0.0,0.0,0.001416909116149793,2.3778919064140966,2.3778919064140966,2.3778919064140966,47.43073272705078,-1.0,0.1654815673828125,0.0,0.0,0.001871054126207474,0.000935527063103737,0.9990644729368963
2023-11-01,94.82359041207248,95.514737725982,94.42447309494185,95.08641815185548,3119200,0.0,0.0,0.0014013864742252735,2.3158167848137574,2.3158167848137574,2.3158167848137574,48.51125335693361,1.0,1.0805206298828267,0.0,0.0,0.07977250423864457,0.039886252119322285,0.9601137478806777
2023-11-02,98.59083509327805,99.5350810603324,97.6368599912792,98.25012969970705,5377700,0.0,0.0,0.002496467488550298,2.468162936503983,2.468162936503983,2.468162936503983,51.67496490478517,1.0,4.244232177734389,0.0,0.0,1.2307939899400848,0.6153969949700424,0.3846030050299576
2023-11-03,96.05986855886869,96.21561640873692,94.22005205720166,95.56340789794922,4448300,0.0,0.0,0.002008546585395858,2.579728272646941,2.579728272646941,2.579728272646941,48.988243103027344,-1.0,-2.6867218017578267,0.2044210377401896,1.74127533605736e-05,0.40072564042055453,4.345116708240675e-05,0.9999565488329176
2023-11-06,97.1793383964803,98.80499515501756,96.76075536131232,98.39614868164062,3732700,0.0,0.0,0.0017353912286655847,2.627003914391327,2.627003914391327,2.627003914391327,51.82098388671875,1.0,2.8327407836914062,0.0,0.0,1.1116505099384166,0.5558252549692083,0.4441747450307917
2023-11-07,98.08463738410616,99.29171100703503,97.88994329858862,98.9899444580078,4359500,0.0,0.0,0.0020390316819851365,2.539487042538119,2.539487042538119,2.539487042538119,52.41477966308592,1.0,3.4265365600585795,0.0,0.0,1.6265422210137483,0.8132711105068742,0.18672888949312583
2023-11-08,99.27225000073548,100.50852593817896,96.78995413758744,99.05809020996094,7718200,0.0,0.0,0.0036124528730161675,2.6237073823990764,2.6237073823990764,2.6237073823990764,52.48292541503906,1.0,3.4946823120117188,0.0,0.0,1.6918817459401025,0.8459408729700513,0.15405912702994873
2023-11-09,98.19172379735392,98.95101221426226,97.10145912648883,97.3740234375,4482900,0.0,0.0,0.0020625209926583826,2.5760590753328643,2.5760590753328643,2.5760590753328643,50.798858642578125,1.0,1.8106155395507812,0.7884841720997855,0.00024092288239220436,0.4541581245396052,0.2271995237109987,0.7728004762890013
2023-11-10,97.5395081539074,98.71738702943767,95.9041148559425,98.50322723388672,5638600,0.0,0.0,0.002624327054339553,2.593002868058744,2.593002868058744,2.593002868058744,51.928062438964844,-1.0,1.1292037963867188,0.8858392816449481,0.00029100847213913935,0.17664415037045242,0.08846757942129578,0.9115324205787042
2023-11-13,96.80942279885043,99.26251647963302,95.1740294872689,98.10411071777344,8415000,0.0,0.0,0.0039006549714019293,2.6998231626519855,2.6998231626519855,2.6998231626519855,51.52894592285156,-1.0,0.7300872802734375,1.9274296392199375,0.0013991186605507174,0.07384212145951702,0.03762062006003387,0.9623793799399661
2023-11-14,97.05278704971572,97.14040125370704,95.8943886884761,96.5660629272461,5477000,0.0,0.0,0.0024989840107777273,2.6648159388409396,2.6648159388409396,2.6648159388409396,49.99089813232422,-1.0,-0.8079605102539062,0.009726167466396873,3.785311354062005e-08,1.2247027845844145,3.090799894237276e-08,0.9999999690920011
2023-11-15,95.68996452152317,96.18641777432325,93.4510306091181,93.86961364746094,7039300,0.0,0.0,0.003122128084464841,2.6969742516471573,2.6969742516471573,2.6969742516471573,47.29444885253906,-1.0,-3.5044097900390625,0.0,0.0,2.0,0.5,0.5
2023-11-16,96.33243340461594,96.98464191904858,95.50500391633958,96.88729858398438,5080600,0.0,0.0,0.0023258305041339677,2.726835253071478,2.726835253071478,2.726835253071478,50.3121337890625,1.0,3.0176849365234375,0.0,0.0,0.7415117207753994,0.3707558603876997,0.6292441396123003
2023-11-17,98.56163196730624,99.00941725588989,97.8802211861617,98.69791412353516,3806800,0.0,0.0,0.0017752693141055678,2.6836412115596233,2.6836412115596233,2.6836412115596233,52.12274932861328,1.0,4.828300476074219,0.0,0.0,1.898273604630781,0.9491368023153905,0.05086319768460945
2023-11-20,98.80499715416724,100.98551914978388,98.7952605921792,100.8395004272461,4618300,0.0,0.0,0.0022004374993775866,2.655352912608845,2.655352912608845,2.655352912608845,54.26433563232422,1.0,6.969886779785156,0.0,0.0,2.0,1.0,0.0
2023-11-21,100.61561190031762,100.86871052529575,99.15543952261582,100.05101013183594,4088000,0.0,0.0,0.0019325403750112674,2.5880613476139227,2.5880613476139227,2.5880613476139227,53.47584533691406,1.0,6.181396484375,0.0,0.0,2.0,1.0,0.0
2023-11-22,100.32357067139596,100.9563134965736,99.4280000959429,100.5182647705078,2692000,0.0,0.0,0.0012785456813305524,2.5123650656865495,2.5123650656865495,2.5123650656865495,53.94309997558592,1.0,6.648651123046861,0.0,0.0,2.0,1.0,0.0
2023-11-24,101.46250778791888,102.88374124956786,101.38463015053036,102.65010833740234,4598700,0.0,0.0,0.002230440807519388,2.5018730237846576,2.5018730237846576,2.5018730237846576,56.07494354248047,1.0,8.780494689941406,0.0,0.0,2.0,1.0,0.0
2023-11-27,102.09524552037732,102.64038156783737,100.93684720151816,101.11206817626952,4746000,0.0,0.0,0.0022673937165091744,2.445543603220338,2.445543603220338,2.445543603220338,54.53690338134764,-1.0,-1.5380401611328267,0.0,0.0,0.030682969088764063,0.5,0.5
2023-11-28,99.16518181474213,99.5350894981456,98.34748137403282,98.7368621826172,5147700,0.0,0.0,0.0024015341215693252,2.4683324031500775,2.4683324031500775,2.4683324031500775,52.16169738769533,-1.0,-3.913246154785142,0.0,0.0,0.19862612277326347,0.5,0.5
2023-11-29,98.85366880504289,99.5934840981465,98.18198716282096,99.29171752929688,2664600,0.0,0.0,0.0012500899332074811,2.392844155448325,2.392844155448325,2.392844155448325,52.716552734375,-1.0,-3.3583908081054688,0.0,0.0,0.1462933200051287,0.5,0.5
2023-11-30,98.79525804734315,99.28198215871797,98.32800705944288,99.1359634399414,2671100,0.0,0.0,0.0012511736519193006,2.290763177905873,2.290763177905873,2.290763177905873,52.56079864501953,-1.0,-3.5141448974609375,0.0,0.0,0.1601774443220721,0.5,0.5
2023-12-01,98.41561028454224,99.05808965325512,97.64658532509208,97.73419952392578,4567500,0.0,0.0,0.002109217313312025,2.2335213876875484,2.2335213876875484,2.2335213876875484,51.159034729003906,-1.0,-4.9159088134765625,0.0,0.0,0.3134510057739091,0.5,0.5
2023-12-04,97.89968919367035,98.4642909552724,96.93597751563978,98.24039459228516,2988000,0.0,0.0,0.0013869694734183525,2.183149391397911,2.183149391397911,2.183149391397911,51.66522979736328,-1.0,-4.4097137451171875,0.0,0.0,0.2522219200558504,0.5,0.5
2023-12-05,96.73155084271932,97.22800408015472,96.28376555946086,96.9846420288086,2846000,0.0,0.0,0.001304169604410074,2.1669693657855102,2.1669693657855102,2.1669693657855102,50.40947723388672,-1.0,-5.66546630859375,0.0,0.0,0.41632582686001807,0.5,0.5
2023-12-06,96.6147374515648,96.62447401343746,94.99880981445312,94.99880981445312,3082100,0.0,0.0,0.0013834424608586938,2.1540309978262218,2.1540309978262218,2.1540309978262218,48.42364501953125,-1.0,-7.651298522949219,0.0,0.0,0.7593330872179015,0.5,0.5
2023-12-07,94.697046717467,94.71651984192786,93.19793548727984,94.2395248413086,3424800,0.0,0.0,0.0015249812844243262,2.1288055213510124,2.1288055213510124,2.1288055213510124,47.66436004638672,-1.0,-8.41058349609375,0.0,0.0,0.9175173472466307,0.5,0.5
2023-12-08,93.84041015060058,94.47315298069915,93.66518917344744,94.07403564453124,3599800,0.0,0.0,0.0016000898079050227,2.034459684629634,2.034459684629634,2.034459684629634,47.49887084960936,-1.0,-8.576072692871108,0.0,0.0,0.9539792707514925,0.5,0.5
2023-12-11,93.8696185700132,94.51209057719558,92.21475945359032,94.08377838134766,5039600,0.0,0.0,0.002240304383905276,2.0532362159850357,2.0532362159850357,2.0532362159850357,47.50861358642578,-1.0,-8.566329956054688,0.0,0.0,0.9518129902354804,0.5,0.5
2023-12-12,92.52625288181363,93.77226536933712,92.4386386832864,93.65544891357422,3642400,0.0,0.0,0.001611821328893749,2.024086464704766,2.024086464704766,2.024086464704766,47.080284118652344,-1.0,-8.994659423828125,0.0,0.0,1.0493768480586882,0.5,0.5
2023-12-13,94.35633089084412,96.3032272200254,94.2687166940845,96.2740249633789,5528200,0.0,0.0,0.0025147168206100285,2.0686358819723676,2.0686358819723676,2.0686358819723676,49.69886016845703,1.0,2.6185760498046875,1.7911366428298265,0.0012988666940190242,0.08475414269707565,0.043026504695547335,0.9569734953044526
2023-12-14,95.90411614125406,96.1085468047074,94.3855392823705,95.3979263305664,5689000,0.0,0.0,0.0025643132683848616,2.055768010474942,2.055768010474942,2.055768010474942,48.82276153564453,1.0,1.7424774169921875,0.0,0.0,0.03752881651108666,0.01876440825554333,0.9812355917444566
2023-12-15,94.94040309733847,94.94040309733847,93.96695488360292,94.52182006835938,5231000,0.0,0.0,0.0023362160694490293,2.0111396845098377,2.0111396845098377,2.0111396845098377,47.9466552734375,-1.0,-0.8761062622070312,0.3017618104815796,3.961064556255243e-05,0.2528012707743192,0.00015666234566226168,0.9998433376543377
2023-12-18,96.8775613136187,97.15013304735275,95.90411311645812,96.3519058227539,4724300,0.0,0.0,0.002150770092219128,2.055223491258662,2.055223491258662,2.055223491258662,49.77674102783203,1.0,1.8300857543945312,1.0415862426453515,0.0004378622977864759,2.0,1.0,0.0
2023-12-19,97.22800311214068,97.92888700133074,96.89703429047889,97.3350830078125,3497000,0.0,0.0,0.0016082784663754874,2.0210633260671025,2.0210633260671025,2.0210633260671025,50.759918212890625,1.0,2.813262939453125,0.0,0.0,2.0,1.0,0.0
2023-12-20,98.51295336964456,100.13861748328114,98.36694208332354,98.62003326416016,5389600,0.0,0.0,0.002511411567350581,2.0769541224529267,2.0769541224529267,2.0769541224529267,52.04486846923828,1.0,4.098213195800781,0.0,0.0,2.0,1.0,0.0
2023-12-21,100.12888890779074,100.73242950439452,99.8465880203545,100.73242950439452,3608900,0.0,0.0,0.001717672521299132,2.0794857022944577,2.0794857022944577,2.0794857022944577,54.15726470947264,1.0,6.210609436035142,0.0,0.0,2.0,1.0,0.0
2023-12-22,100.42092052881895,100.81029386989051,99.8563187867166,99.9828643798828,2211700,0.0,0.0,0.0010448357013204568,1.9990920866429904,1.9990920866429904,1.9990920866429904,53.40769958496092,1.0,5.461044311523423,0.0,0.0,2.0,1.0,0.0
2023-12-26,99.83685022326284,100.39171542913375,99.69083892710266,99.95366668701172,1851400,0.0,0.0,0.0008743699045441385,1.906362402027855,1.906362402027855,1.906362402027855,53.378501892089844,-1.0,-0.02919769287107954,0.15574909325184194,8.513699010108801e-06,2.8585491964415056e-05,0.22948476197109494,0.7705152380289051
2023-12-27,99.93420243172348,101.0536619948146,99.6324284193898,100.92711639404295,2254900,0.0,0.0,0.0010753042516253523,1.8717103429847801,1.8717103429847801,1.8717103429847801,54.35195159912108,-1.0,0.9442520141601562,0.2433681249240891,2.004920269181552e-05,2.0,1.0,0.0
2023-12-28,101.77400490038148,102.20231702708372,100.7226791381836,100.7226791381836,2380100,0.0,0.0,0.0011327098696780934,1.8437051676930194,1.8437051676930194,1.8437051676930194,54.14751434326172,1.0,-0.2044372558593608,0.0,0.0,0.04687532004177846,0.5,0.5
2023-12-29,100.80056731731648,100.9271129137244,100.00234006475915,100.70321655273438,2055900,0.0,0.0,0.0009782312677290986,1.77806714492675,1.77806714492675,1.77806714492675,54.1280517578125,-1.0,-0.01946258544921875,0.0,0.0,0.00042483982852673045,0.5,0.5
2024-01-02,99.00942291652704,99.90499354489648,99.00942291652704,99.3988037109375,2637400,0.0,0.0,0.0012386635865271529,1.7720476085896488,1.7720476085896488,1.7720476085896488,52.823638916015625,-1.0,-1.3238754272460938,0.0,0.0,1.965705272907868,0.5,0.5
2024-01-03,99.340392363617,101.08285811623917,99.32091924048336,100.86870574951172,4064100,0.0,0.0,0.0019369439124564767,1.7713255562443742,1.7713255562443742,1.7713255562443742,54.293540954589844,1.0,1.4699020385742188,0.15574520251476542,8.228733971523902e-06,1.2327713765086672,0.6163898026213194,0.38361019737868063
2024-01-04,102.31913829249268,106.08638540428517,102.2412606560375,104.77222442626952,9132800,0.0,0.0,0.004521123004291176,2.017493706139308,2.017493706139308,2.017493706139308,58.19705963134764,1.0,5.373420715332017,0.0,0.0,2.0,1.0,0.0
2024-01-05,103.73064813978354,104.3439253199884,102.9129551352719,103.16605377197266,3976700,0.0,0.0,0.001938455604725712,2.006191962200616,2.006191962200616,2.006191962200616,56.59088897705078,1.0,3.7672500610351562,0.0,0.0,2.0,1.0,0.0
2024-01-08,103.3607303440732,103.7111722907986,102.47488891573389,103.57489013671876,2880700,0.0,0.0,0.0014097714952682797,1.9511984916909089,1.9511984916909089,1.9511984916909089,56.99972534179689,-1.0,0.40883636474610796,0.0,0.0,0.09536846524193991,0.047684232620969956,0.95231576737903
2024-01-09,103.3120556642851,104.12975602113298,102.91294576086324,104.11028289794922,3681100,0.0,0.0,0.0018107873561391042,1.8987421894465397,1.8987421894465397,1.8987421894465397,57.535118103027344,1.0,0.5353927612304545,9.3744086626657e-06,2.6547384876399117e-14,0.1635500750054607,0.08177503750274362,0.9182249624972564
2024-01-10,104.96692163637265,105.88195789803962,104.82090292038544,105.78461456298828,4725900,0.0,0.0,0.0023621270171438904,1.8896659616353868,1.8896659616353868,1.8896659616353868,59.209449768066406,1.0,2.209724426269517,0.0,0.0,2.0,1.0,0.0
2024-01-11,105.43417435677522,105.80408943362862,103.16604564801762,103.85719299316406,5021300,0.0,0.0,0.0024640468499839744,1.9431215204907881,1.9431215204907881,1.9431215204907881,57.28202819824219,-1.0,-1.9274215698242188,0.0,0.0,0.7608117249918211,0.5,0.5
2024-01-12,104.10056034616709,104.6164867408557,103.88640053852554,104.3147201538086,3584000,0.0,0.0,0.001766484412319695,1.8585623938622777,1.8585623938622777,1.8585623938622777,57.73955535888672,-1.0,-1.4698944091796875,0.0,0.0,0.4424824430357587,0.5,0.5
2024-01-16,104.02267526119088,104.19789623428905,103.04922706105008,103.52621459960938,3131300,0.0,0.0,0.001531691222821425,1.816200300926295,1.816200300926295,1.816200300926295,56.9510498046875,-1.0,-2.2583999633789062,0.0,0.0,1.0445409806654626,0.5,0.5
2024-01-17,103.4970159274053,104.26604092337676,102.73772749328224,103.8474578857422,2685800,0.0,0.0,0.0013178493007696048,1.7956369530097402,1.7956369530097402,1.7956369530097402,57.27229309082033,-1.0,-1.9371566772460795,0.0,0.0,0.7685166181403384,0.5,0.5
2024-01-18,103.47754855307836,104.8403701169398,103.10763347704122,104.6943588256836,3364500,0.0,0.0,0.0016643322374579282,1.7911440735018,1.7911440735018,1.7911440735018,58.11919403076172,1.0,0.846900939941392,0.6424738826507479,0.00012220016417042917,0.1911330253043851,0.09562761273427776,0.9043723872657222
2024-01-19,104.34392200373524,105.0448059435104,103.67224032364724,104.12002563476562,3574500,0.0,0.0,0.0017585137926132092,1.761245612527611,1.761245612527611,1.761245612527611,57.54486083984375,1.0,0.2725677490234233,0.0,0.0,0.019797914275990144,0.009898957137995072,0.990101042862005
2024-01-22,103.49701255732536,103.77931342717226,102.68904876708984,102.68904876708984,2907000,0.0,0.0,0.0014104749382844817,1.7376549878953376,1.7376549878953376,1.7376549878953376,56.11388397216797,-1.0,-1.4309768676757812,0.4185847099513751,5.564498903293459e-05,2.0,2.7821720446802724e-05,0.9999721782795532
2024-01-23,100.94657854725403,102.68905177132874,100.6350754105202,102.5722427368164,8654600,0.0,0.0,0.004194431082605782,1.7602493716748517,1.7602493716748517,1.7602493716748517,55.99707794189453,-1.0,-1.5477828979492188,0.0,0.0,2.0,0.5,0.5
2024-01-24,103.81825649249426,104.18816415079108,102.41648864746094,102.41648864746094,2537500,0.0,0.0,0.0012279258555693796,1.761065523935944,1.761065523935944,1.761065523935944,55.84132385253906,1.0,-0.15575408935546875,0.40885072361882635,5.3606583590842557e-05,0.326535182190556,0.000164140917978401,0.9998358590820215
2024-01-25,102.9226835604354,102.9226835604354,102.0271055537211,102.87400817871094,2275100,0.0,0.0,0.001105865635843741,1.6992449869915411,1.6992449869915411,1.6992449869915411,56.29884338378906,-1.0,0.45751953125,0.23363178910666704,1.7221260018705457e-05,2.0,1.0,0.0
2024-01-26,103.7014426719804,105.32709949506908,103.59436276848872,105.20055389404295,5544700,0.0,0.0,0.0027560829915117438,1.7530911533748696,1.7530911533748696,1.7530911533748696,58.62538909912108,1.0,2.326545715332017,0.0,0.0,2.0,1.0,0.0
2024-01-29,105.25895212305542,106.12532043457033,104.84036909628144,106.12532043457033,3915900,0.0,0.0,0.001963571945571113,1.7196525951544428,1.7196525951544428,1.7196525951544428,59.55015563964845,1.0,3.251312255859389,0.0,0.0,2.0,1.0,0.0
2024-01-30,106.29081227441708,106.42709442947648,105.58019181433276,106.12532043457033,5105000,0.0,0.0,0.0025598291024133742,1.6573133108679625,1.6573133108679625,1.6573133108679625,59.55015563964845,1.0,3.251312255859389,0.0,0.0,2.0,1.0,0.0
2024-01-31,109.17222350699949,113.03681427554844,109.17222350699949,111.69345092773438,12716100,0.0,0.0,0.006710854997943857,2.0326119201615445,2.0326119201615445,2.0326119201615445,65.1182861328125,1.0,8.819442749023438,0.0,0.0,2.0,1.0,0.0
2024-02-01,110.97309536439997,112.78370961975422,110.3306159842586,112.71556854248048,6837200,0.0,0.0,0.003641316265948451,2.0626463283996928,2.0626463283996928,2.0626463283996928,66.14040374755861,1.0,9.841560363769545,0.0,0.0,2.0,1.0,0.0
2024-02-02,110.73946510163836,111.55715799367916,110.23326789786256,110.6810531616211,5137400,0.0,0.0,0.0026866610275009424,2.092621636700995,2.092621636700995,2.092621636700995,64.10588836669922,-1.0,-2.034515380859389,0.0,0.0,0.042736016044049294,0.5,0.5
2024-02-05,113.29964416870988,115.45096396591744,113.18282770201763,115.1199951171875,8730300,0.0,0.0,0.004748715390806005,2.2838565772435198,2.2838565772435198,2.2838565772435198,68.54483032226562,1.0,4.438941955566406,2.6672543461632188,0.001514186784806401,2.0,1.0,0.0
2024-02-06,115.18812754620345,115.5482986278444,113.56247083100246,114.48724365234376,6274900,0.0,0.0,0.0033943773428312257,2.2625688072148358,2.2625688072148358,2.2625688072148358,67.91207885742189,1.0,3.8061904907226705,0.0,0.0,2.0,1.0,0.0
2024-02-07,113.86423903456202,116.4925462475128,113.7084837550998,115.50936889648438,6206000,0.0,0.0,0.0033870779648694626,2.299818356157562,2.299818356157562,2.299818356157562,68.9342041015625,1.0,4.828315734863281,0.0,0.0,2.0,1.0,0.0
2024-02-08,114.9155598114898,115.48015410753544,114.38989690676851,115.24652862548828,4544700,0.0,0.0,0.002474738326166861,2.2155079014117263,2.2155079014117263,2.2155079014117263,68.6713638305664,1.0,4.5654754638671875,0.0,0.0,2.0,1.0,0.0
2024-02-09,116.81379102483544,118.41998213679108,116.30760119819566,117.98192596435548,5294500,0.0,0.0,0.0029514582568555335,2.283932587832517,2.283932587832517,2.283932587832517,71.40676116943361,1.0,7.300872802734389,0.0,0.0,2.0,1.0,0.0
2024-02-12,117.22263201649648,117.64121504512173,116.12263820956063,117.3297119140625,4497800,0.0,0.0,0.00249347119566791,2.253600814044112,2.253600814044112,2.253600814044112,70.75454711914062,-1.0,-0.652214050292983,0.0,0.0,0.007980511658831693,0.5,0.5
2024-02-13,116.4828219798763,117.3491903343296,116.258925612999,116.8040542602539,4186600,0.0,0.0,0.0023105512059073893,2.1705053788502906,2.1705053788502906,2.1705053788502906,70.22888946533203,-1.0,-1.1778717041015767,0.0,0.0,0.026028336545071626,0.5,0.5
2024-02-14,117.31024881235729,120.06510167145014,117.18369578871436,120.01643371582033,5678200,0.0,0.0,0.0032199387765472318,2.248401238303572,2.248401238303572,2.248401238303572,73.44126892089845,1.0,3.2123794555664205,2.423886626328411,0.0010892918667433533,2.0,1.0,0.0
2024-02-15,119.51996918647212,119.88014769526887,117.87483934667613,118.51731872558594,4764000,0.0,0.0,0.0026677785829618992,2.2407721762207595,2.2407721762207595,2.2407721762207595,71.94215393066406,1.0,1.7132644653320312,0.0,0.0,2.0,1.0,0.0
2024-02-16,118.60491989909168,121.33057770976636,118.3226264691274,120.7173080444336,6609500,0.0,0.0,0.0037699393237070476,2.2955706808220597,2.2955706808220597,2.2955706808220597,74.14214324951172,1.0,3.9132537841796875,0.0,0.0,2.0,1.0,0.0
2024-02-20,121.3111171959899,121.44739934966265,117.51466773568517,118.22528076171876,5070400,0.0,0.0,0.0028323621827197132,2.4125107474760186,2.4125107474760186,2.4125107474760186,71.65011596679689,1.0,1.421226501464858,0.3601716109909603,2.526883162168948e-05,1.4558968838531043,0.7279610763423631,0.27203892365763693
2024-02-21,115.84033796457496,117.77749783926272,115.15892718257037,117.7190933227539,4117400,0.0,0.0,0.0022901618714485533,2.4592138068811886,2.4592138068811886,2.4592138068811886,71.14392852783203,-1.0,-0.506187438964858,3.1636992865570335,0.0019774918720579997,0.12685165380022503,0.015349724332476477,0.9846502756675235
2024-02-22,119.80227106968988,121.55448082078836,119.7438665535934,121.2137680053711,3589500,0.0,0.0,0.0020558059592959677,2.5575119276778504,2.5575119276778504,2.5575119276778504,74.63860321044922,1.0,3.4946746826171875,0.10708147112570998,2.0582667165509448e-06,2.0,1.0,0.0
2024-02-23,120.38633997316312,120.87306408473262,119.64652467088828,120.17218017578124,3759400,0.0,0.0,0.002134610732013988,2.4867784567353475,2.4867784567353475,2.4867784567353475,73.59701538085936,-1.0,-1.041587829589858,0.0,0.0,0.08883380939728977,0.5,0.5
2024-02-26,119.92881972576016,120.87306570313908,119.52970981087606,120.21112060546876,4451800,0.0,0.0,0.002528578855832717,2.4051054164158954,2.4051054164158954,2.4051054164158954,73.63595581054689,-1.0,-1.0026473999023295,0.0,0.0,0.08231575320145697,0.5,0.5
2024-02-27,116.78457841541992,119.3058056167233,116.60935744733868,118.9845733642578,7637000,0.0,0.0,0.004293482128911187,2.4905809693954803,2.4905809693954803,2.4905809693954803,72.40940856933592,-1.0,-2.2291946411132955,0.0,0.0,0.40689511250095434,0.5,0.5
2024-02-28,118.72174319563987,118.9067007327382,117.71909272429303,118.31289672851562,3075200,0.0,0.0,0.0017191020760911008,2.403073803007572,2.403073803007572,2.403073803007572,71.73773193359375,-1.0,-2.9008712768554688,0.0,0.0,0.6890383722932295,0.5,0.5
2024-02-29,116.92086578165122,117.086350195883,115.75273089354162,116.5898895263672,5479800,0.0,0.0,0.003018712895784005,2.4142946624337456,2.4142946624337456,2.4142946624337456,70.01472473144533,-1.0,-4.623878479003892,0.0,0.0,1.7506499516928165,0.5,0.5
2024-03-01,119.53944910114288,121.12616708866472,119.00404958829952,120.93148040771484,5559600,0.0,0.0,0.003176721386974934,2.5658648695668718,2.5658648695668718,2.5658648695668718,74.35631561279297,1.0,4.341590881347642,2.2194663559265138,0.0008909665673992168,0.8816271770197196,0.4412590717935594,0.5587409282064406
2024-03-04,123.94916308745876,125.35093089464864,123.61818683217425,124.55269622802734,6816900,0.0,0.0,0.00401177222892428,2.6982638422359377,2.6982638422359377,2.6982638422359377,77.97753143310547,1.0,7.962806701660142,0.0,0.0,2.0,1.0,0.0
2024-03-05,122.89784009793046,123.4624418586391,120.67837930267102,121.34032440185548,4807800,0.0,0.0,0.002756435001753304,2.782267633887394,2.782267633887394,2.782267633887394,74.76515960693361,-1.0,-3.212371826171861,0.0,0.0,0.1627493527399333,0.5,0.5
2024-03-06,121.05801602197393,121.8562432309386,120.08456784387946,121.43766021728516,3895500,0.0,0.0,0.0022351815853520695,2.7100824733996625,2.7100824733996625,2.7100824733996625,74.86249542236328,-1.0,-3.1150360107421875,0.0,0.0,0.15303606726234184,0.5,0.5
2024-03-07,129.8969185137511,134.60840381356513,129.3420459598571,132.31106567382812,19606800,0.0,0.0,0.012257420846652987,3.4572725536053994,3.4572725536053994,3.4572725536053994,85.73590087890625,1.0,10.873405456542969,11.145961954926037,0.016900894136375685,2.0,1.0,0.0
2024-03-08,130.34470735340082,131.2500218985353,127.61906429064044,129.53675842285156,12765000,0.0,0.0,0.007812860235343458,3.545467470004134,3.545467470004134,3.545467470004134,82.96159362792969,-1.0,-2.7743072509765625,0.0,0.0,0.06509954431341858,0.5,0.5
2024-03-11,129.82877503556773,129.97480117027783,127.27834563527612,127.75534057617188,5734500,0.0,0.0,0.00346155177937626,3.4848237603611034,3.4848237603611034,3.4848237603611034,81.18017578125,-1.0,-4.55572509765625,0.0,0.0,0.17554313678906064,0.5,0.5
2024-03-12,128.10578527413736,131.53231214221418,127.95975913627002,131.5225830078125,6340600,0.0,0.0,0.003940278301488985,3.505691460766904,3.505691460766904,3.505691460766904,84.94741821289062,1.0,3.767242431640625,0.28229024367888655,1.1043109264397134e-05,0.6838047578702783,0.3419079004897713,0.6580920995102286
2024-03-13,130.6756885493037,131.90222790427646,129.17657003958547,129.9456024169922,6847000,0.0,0.0,0.004203955651416718,3.44997477533291,3.44997477533291,3.44997477533291,83.37043762207031,1.0,2.1902618408203125,0.0,0.0,0.23114103513184014,0.11557051756592007,0.8844294824340799
2024-03-14,132.24295153511002,132.31108518914468,130.3155132933741,131.0066680908203,3506900,0.0,0.0,0.002170765919249633,3.372511060820023,3.372511060820023,3.372511060820023,84.43150329589844,1.0,3.2513275146484375,0.0,0.0,0.5093383988979495,0.25466919944897476,0.7453308005510253
2024-03-15,130.3252631185834,130.4420721613833,128.3588933941457,128.8553466796875,3780100,0.0,0.0,0.0023014521186947965,3.32074417766678,3.32074417766678,3.32074417766678,82.28018188476562,-1.0,-2.1513214111328125,0.817676645439775,9.875809432541353e-05,0.4378135117080572,0.00022552027229102363,0.9997744797277089
2024-03-18,128.07659773823846,130.19870786566526,127.58987359668455,129.36154174804688,3898800,0.0,0.0,0.0023830455933739132,3.2698934699034887,3.2698934699034887,3.2698934699034887,82.786376953125,-1.0,-1.6451263427734375,0.0,0.0,0.2560218754429527,0.5,0.5
2024-03-19,128.53408253893338,128.69958178964737,127.0447081116229,127.88187408447266,4393500,0.0,0.0,0.00265470234900044,3.2018177675120953,3.2018177675120953,3.2018177675120953,81.30670928955078,-1.0,-3.1247940063476562,0.0,0.0,0.9236795896901904,0.5,0.5
2024-03-20,127.66772972612664,127.9402940428824,125.40933755105864,126.89871215820312,4403900,0.0,0.0,0.0026405285934468195,3.1538991049629286,3.1538991049629286,3.1538991049629286,80.32354736328125,-1.0,-4.1079559326171875,0.0,0.0,1.5963573406553249,0.5,0.5
2024-03-21,125.57482577208614,127.58987080375832,123.73500915143148,126.3827896118164,6548800,0.0,0.0,0.003910622329185973,3.2039678583460645,3.2039678583460645,3.2039678583460645,79.80762481689453,-1.0,-4.623878479003906,0.0,0.0,2.0,0.5,0.5
2024-03-22,126.69652976413704,126.96126126095744,125.60820578921756,126.2455062866211,3229500,0.93,0.0,0.0019264042532135524,3.071759830731337,3.071759830731337,3.071759830731337,79.67034149169922,-1.0,-4.761161804199219,0.0,0.0,2.0,0.5,0.5
2024-03-25,126.4808272521848,127.70641666354318,126.19649709150528,126.52985382080078,3320000,0.0,0.0,0.001984848215711222,2.9601998122532347,2.9601998122532347,2.9601998122532347,79.9546890258789,1.0,0.2843475341796875,0.11654585978486409,2.124740143441715e-06,0.0035667531313579555,0.0017844389357506987,0.9982155610642492
2024-03-26,127.5593478566511,127.6181737527938,125.93176157960018,126.88282012939452,4218200,0.0,0.0,0.0025288682354735843,2.8692149808918335,2.8692149808918335,2.8692149808918335,80.30765533447264,-1.0,0.3529663085937358,0.0,0.0,0.005495922807859575,0.0027479614039297873,0.9972520385960703
2024-03-27,125.82392355423448,126.10825373848596,124.80423218179986,125.54939270019533,3941200,0.0,0.0,0.002337971978386476,2.8127416213706065,2.8127416213706065,2.8127416213706065,78.97422790527345,-1.0,-0.9804611206054545,1.3922649097054176,0.00031079425152250517,2.0,0.0001553729812465459,0.9998446270187534
2024-03-28,125.88274064850076,127.61817946644736,125.29445921952389,125.89253997802734,3656500,0.0,0.0,0.0021750126382559173,2.7778115231958114,2.7778115231958114,2.7778115231958114,79.31737518310547,1.0,0.34314727783201704,5.7136535644986e-06,5.189089255816298e-15,0.12248992324883562,0.061244961624420405,0.9387550383755796
2024-04-01,126.58868393843106,126.58868393843106,124.6669605750123,125.05915069580078,3065100,0.0,0.0,0.0018111579823528793,2.7166623689260225,2.7166623689260225,2.7166623689260225,78.4839859008789,-1.0,-0.8333892822265625,0.13727160678756434,3.0591398558047185e-06,2.0,1.5295675883217735e-06,0.9999984704324116
2024-04-02,122.60797172769186,124.20613767959966,121.65691311640522,123.9904327392578,4322400,0.0,0.0,0.0025322661026429927,2.765632026816704,2.765632026816704,2.765632026816704,77.41526794433592,-1.0,-1.9021072387695455,0.0,0.0,2.0,0.5,0.5
2024-04-03,122.93152618932068,125.6278305625809,122.93152618932068,124.51008605957033,3616400,0.0,0.0,0.002127537408817777,2.7606800515626695,2.7606800515626695,2.7606800515626695,77.93492126464845,1.0,0.5196533203125284,0.0,0.0,0.07463755709197357,0.03731877854598679,0.9626812214540132
2024-04-04,124.42184200443636,124.99051730245088,121.3529612454161,121.53925323486328,4006800,0.0,0.0,0.00230096726377009,2.823314051953535,2.823314051953535,2.823314051953535,74.9640884399414,-1.0,-2.9708328247070455,0.303951870989124,1.6440049217469786e-05,2.0,8.219957040485737e-06,0.9999917800429595
2024-04-05,122.23538944727828,123.70609680962578,122.16675673625156,123.40215301513672,4997800,0.0,0.0,0.00291405551322813,2.776423303582747,2.776423303582747,2.776423303582747,76.82698822021484,-1.0,-1.107933044433608,0.0,0.0,2.0,0.5,0.5
2024-04-08,124.5198854788726,125.13757985562545,123.52960712976368,124.9709014892578,3017100,0.0,0.0,0.001781536886218962,2.7020664133617456,2.7020664133617456,2.7020664133617456,78.39573669433592,1.0,1.5687484741210795,0.14706255317456396,3.519000365390369e-06,2.0,1.0,0.0
2024-04-09,123.71590647465072,124.26496817553402,121.79418304115444,122.42168426513672,3214300,0.0,0.0,0.0018592636118931695,2.7359701301290036,2.7359701301290036,2.7359701301290036,75.84651947021484,-1.0,-2.5492172241210795,0.3725736950971168,2.4129763521838302e-05,2.0,1.2064736201303406e-05,0.9999879352637987
2024-04-10,120.98039112422724,122.81387572430783,120.83331888693228,122.49031829833984,3025300,0.0,0.0,0.0017509204768495564,2.682012037789472,2.682012037789472,2.682012037789472,75.91515350341797,-1.0,-2.4805831909179545,0.0,0.0,2.0,0.5,0.5
2024-04-11,123.0295732472363,123.42175588247252,121.7059306718991,122.95113372802734,2419000,0.0,0.0,0.001405285668704502,2.612998692988326,2.612998692988326,2.612998692988326,76.37596893310547,1.0,0.4608154296875,0.0,0.0,0.03451011700152687,0.017255058500763434,0.9827449414992365
2024-04-12,124.26496145431024,124.57871204933129,121.92163506140844,122.0785140991211,3343000,0.0,0.0,0.0019282876615521764,2.6161471426265064,2.6161471426265064,2.6161471426265064,75.50334930419922,1.0,-0.41180419921875,0.0,0.0,0.7985967106705847,0.5,0.5
2024-04-15,123.35312743633456,123.588446002094,121.1078466141105,121.48043060302734,2896700,0.0,0.0,0.0016626699711010655,2.6064651601520064,2.6064651601520064,2.6064651601520064,74.90526580810547,-1.0,-0.59808349609375,0.16669011962147806,4.9521639864716e-06,1.6844945572562608,2.9398429377851123e-06,0.9999970601570622
2024-04-16,120.6666385757296,121.82359535396128,119.41163613434026,121.03921508789062,3044100,0.0,0.0,0.0017409296626767193,2.592571878685508,2.592571878685508,2.592571878685508,74.46405029296875,-1.0,-1.0392990112304688,0.0,0.0,2.0,0.5,0.5
2024-04-17,122.5099179011924,122.7648426002056,120.85292605861753,122.0981216430664,3075100,0.0,0.0,0.0017740442053487341,2.5439536403214054,2.5439536403214054,2.5439536403214054,75.52295684814453,1.0,1.0589065551757812,0.0,0.0,1.0380881784904012,0.5190440892452006,0.4809559107547994
2024-04-18,120.89214472822528,121.67651747752411,120.11757130850468,120.3528823852539,2841000,0.0,0.0,0.0016155631580722484,2.503710547052857,2.503710547052857,2.503710547052857,73.77771759033203,-1.0,-1.7452392578125,0.0,0.0,2.0,0.5,0.5
2024-04-19,121.06863460683772,122.10793209320532,120.06854940111398,120.31366729736328,5183500,0.0,0.0,0.002946688843921043,2.4705442716984627,2.4705442716984627,2.4705442716984627,73.7385025024414,-1.0,-1.784454345703125,0.0,0.0,2.0,0.5,0.5
2024-04-22,120.1960009973971,123.78453037958948,120.17639485821974,122.8138656616211,3798300,0.0,0.0,0.0022041080263231075,2.551800789532126,2.551800789532126,2.551800789532126,76.23870086669922,1.0,2.5001983642578125,2.1080129020653686,0.0007645318013081482,1.9630802371637686,0.9819223844825383,0.018077615517461676
2024-04-23,124.09829269729138,126.245520459335,123.87278093321676,126.12786865234376,3703600,0.0,0.0,0.0022071474303018476,2.614647504402253,2.614647504402253,2.614647504402253,79.55270385742189,1.0,5.814201354980483,0.0,0.0,2.0,1.0,0.0
2024-04-24,124.67676826054785,124.83363982172206,122.90210963461035,123.69629669189452,3143100,0.0,0.0,0.0018370082530841888,2.65829832678305,2.65829832678305,2.65829832678305,77.12113189697264,-1.0,-2.431571960449247,0.0,0.0,0.17490173490153163,0.5,0.5
2024-04-25,121.27453019280104,123.39234488206743,120.80390055051716,123.3335189819336,3434400,0.0,0.0,0.0020013737982924186,2.675019599254072,2.675019599254072,2.675019599254072,76.75835418701172,-1.0,-2.7943496704101705,0.0,0.0,0.23098371663856493,0.5,0.5
2024-04-26,123.68649088171946,125.40231614073544,123.5296118388724,124.37281799316406,3312500,0.0,0.0,0.0019466038262332137,2.631717996364627,2.631717996364627,2.631717996364627,77.79765319824219,1.0,1.0392990112304688,0.5686763190133775,5.343149111514253e-05,0.13833100339583707,0.0691922174434761,0.9308077825565239
2024-04-29,124.83363919083864,125.47094720332336,124.04925894771831,124.40222930908205,1877000,0.0,0.0,0.0011032873708162114,2.5452873005960854,2.5452873005960854,2.5452873005960854,77.82706451416017,1.0,1.0687103271484517,0.0,0.0,0.14627109449909562,0.07313554724954781,0.9268644527504522
2024-04-30,125.54938119144134,127.91232114642628,125.00031205328985,125.8042984008789,7841000,0.0,0.0,0.004660828738486141,2.6142019103638106,2.6142019103638106,2.6142019103638106,79.22913360595703,1.0,2.4707794189453125,0.0,0.0,0.7818194114446795,0.39090970572233974,0.6090902942776603
2024-05-01,125.30426102192028,127.58876141822924,125.01011657898464,126.68672943115234,5184400,0.0,0.0,0.003103314835798883,2.6116621195695817,2.6116621195695817,2.6116621195695817,80.11156463623047,1.0,3.35321044921875,0.0,0.0,1.439992136765657,0.7199960683828285,0.2800039316171715
2024-05-02,125.4415299496427,125.4415299496427,121.41179136266256,121.59807586669922,8487100,0.0,0.0,0.004876208120462337,2.801896115921025,2.801896115921025,2.801896115921025,75.02291107177734,-1.0,-5.088653564453125,3.5885206906272913,0.002287931857854723,2.0,0.0011426587662304037,0.9988573412337696
2024-05-03,120.51955997427604,121.35295928769844,118.92139405605656,120.64702606201172,5932900,0.0,0.0,0.0033820487281699977,2.7929522369725706,2.7929522369725706,2.7929522369725706,74.07186126708984,-1.0,-6.039703369140625,0.0,0.0,2.0,0.5,0.5
2024-05-06,119.61753407477896,122.20597847599755,119.40182912794332,122.15695190429688,3636600,0.0,0.0,0.0020989878909857492,2.793752030621261,2.793752030621261,2.793752030621261,75.581787109375,1.0,1.5099258422851562,0.0,0.0,0.0625,0.03125,0.96875
2024-05-07,124.17672092538366,125.30426468237012,123.91198942292732,124.8042221069336,4167500,0.0,0.0,0.002457542841220142,2.819006369724974,2.819006369724974,2.819006369724974,78.22905731201172,1.0,4.157196044921875,0.0,0.0,0.47377243825312026,0.23688621912656013,0.7631137808734398
2024-05-08,125.01992875019234,125.92195329555,124.14730967390462,124.2159423828125,4060300,0.0,0.0,0.0023830418696005324,2.7444090305764317,2.7444090305764317,2.7444090305764317,77.64077758789062,1.0,3.5689163208007812,0.0,0.0,0.3491736894354574,0.1745868447177287,0.8254131552822713
2024-05-09,124.95129968014136,126.28474161810227,124.46106389355,126.14747619628906,2374000,0.0,0.0,0.0014149969115548795,2.696151188055956,2.696151188055956,2.696151188055956,79.57231140136719,1.0,5.500450134277344,0.0,0.0,0.8294023180087151,0.41470115900435756,0.5852988409956424
2024-05-10,126.56906929715616,127.7260335103311,125.82391630211389,125.9121551513672,3081100,0.0,0.0,0.0018330303793611718,2.639434475210332,2.639434475210332,2.639434475210332,79.33699035644533,1.0,5.265129089355483,0.0,0.0,0.7599531654719275,0.37997658273596374,0.6200234172640362
2024-05-13,128.9025884114264,130.8929443458127,127.85347673248576,129.82423400878906,6145000,0.0,0.0,0.003769414243423628,2.8066740980128446,2.8066740980128446,2.8066740980128446,83.24906921386719,1.0,9.177207946777344,0.0,0.0,2.0,1.0,0.0
2024-05-14,129.59872543470337,130.40271930635188,128.7359206231693,130.32427978515625,2920700,0.0,0.0,0.001798491938255429,2.7252544255249687,2.7252544255249687,2.7252544255249687,83.74911499023438,1.0,9.677253723144531,0.0,0.0,2.0,1.0,0.0
2024-05-15,130.35369100351738,132.1577550846198,130.3046644333204,132.03030395507812,3719700,0.0,0.0,0.0023204795694116397,2.662957013080285,2.662957013080285,2.662957013080285,85.45513916015625,1.0,11.383277893066406,0.0,0.0,2.0,1.0,0.0
2024-05-16,130.53017885625553,131.05962689677906,129.89286338878648,130.44192504882812,2894400,0.0,0.0,0.0017839059752831987,2.6254201240239534,2.6254201240239534,2.6254201240239534,83.86676025390625,-1.0,-1.58837890625,0.0,0.0,0.019470340458425064,0.5,0.5
2024-05-17,129.36341865948984,129.51048340761952,128.29470826092458,129.31439208984375,2590300,0.0,0.0,0.0015826800910593236,2.591262742872496,2.591262742872496,2.591262742872496,82.73922729492188,-1.0,-2.715911865234375,0.0,0.0,0.0569241649667697,0.5,0.5
2024-05-20,128.8829885271616,131.01061009890088,128.4417793003528,130.31448364257812,2411700,0.0,0.0,0.0014849512015967835,2.5896604611350376,2.5896604611350376,2.5896604611350376,83.73931884765625,1.0,1.000091552734375,0.0,0.0,0.1355964042936386,0.0677982021468193,0.9322017978531807
2024-05-21,130.75568654736395,132.83428144655588,130.71647426810745,132.52053833007812,3559800,0.0,0.0,0.0022289739933573477,2.584670271338089,2.584670271338089,2.584670271338089,85.94537353515625,1.0,3.206146240234375,0.0,0.0,1.393590928176531,0.6967954640882655,0.30320453591173446
2024-05-22,130.99100208054145,132.0204852159445,130.17720891728143,131.41259765625,2683000,0.0,0.0,0.0016659190101630387,2.567431638585132,2.567431638585132,2.567431638585132,84.83743286132812,-1.0,-1.107940673828125,0.0,0.0,0.1194170550564247,0.5,0.5
2024-05-23,133.7951501821683,134.5403031513672,132.36365518042444,132.9225311279297,4370700,0.0,0.0,0.0027450218885071752,2.6074511997659937,2.6074511997659937,2.6074511997659937,86.34736633300781,1.0,1.5099334716796875,1.7060217048113202,0.00039036503664960614,1.8573023693413244,0.928846367188987,0.07115363281101295
2024-05-24,131.87342691399724,134.0304613880867,131.5988960697027,133.3833465576172,2845200,0.0,0.0,0.0017931252280072847,2.594887922524423,2.594887922524423,2.594887922524423,86.80818176269531,-1.0,0.4608154296875,0.0,0.0,0.17299000546658583,0.08649500273329291,0.9135049972667071
2024-05-28,131.8243938230669,131.96165923842509,130.10856865068573,131.4616241455078,3145600,0.0,0.0,0.001953883659424297,2.6434514928392114,2.6434514928392114,2.6434514928392114,84.88645935058594,-1.0,-1.460906982421875,2.255086529738719,0.0007057478810852531,2.0,0.0003527494644490821,0.9996472505355509
2024-05-29,129.76541629258597,130.53998223830413,129.48107116357434,130.08895874023438,3169200,0.0,0.0,0.0019479880842443783,2.596101599203087,2.596101599203087,2.596101599203087,83.5137939453125,-1.0,-2.8335723876953125,0.0,0.0,2.0,0.5,0.5
2024-05-30,131.27532961588818,131.9518573501797,130.18700564350786,130.2066192626953,2757200,0.0,0.0,0.0016962800090967378,2.543729957113247,2.543729957113247,2.543729957113247,83.63145446777344,1.0,0.1176605224609375,0.0,0.0,0.001724220964921024,0.000862110482460512,0.9991378895175395
2024-05-31,132.40288027909693,133.20687418441705,131.14787780902472,132.63819885253906,3446300,0.0,0.0,0.002159821733696206,2.5763388831567102,2.5763388831567102,2.5763388831567102,86.06303405761719,1.0,2.5492401123046875,0.0,0.0,0.8093807356346406,0.4046903678173203,0.5953096321826796
2024-06-03,131.2361336046008,134.02066944203474,131.06944026205832,132.9715576171875,4496700,0.0,0.0,0.0028251979445613543,2.6031167615009756,2.6031167615009756,2.6031167615009756,86.39639282226562,1.0,2.882598876953125,0.0,0.0,1.0349033734253341,0.5174516867126671,0.48254831328733294
2024-06-04,133.77553951848793,137.26601581256378,133.12842471049183,137.1875762939453,5071200,0.0,0.0,0.003287166735485414,2.7239268639206404,2.7239268639206404,2.7239268639206404,90.61241149902344,1.0,7.0986175537109375,0.0,0.0,2.0,1.0,0.0
2024-06-05,138.59946083987182,139.62895897389487,137.34445843522946,138.24649047851562,3786700,0.0,0.0,0.0024734960775595004,2.7037451364941343,2.7037451364941343,2.7037451364941343,91.67132568359375,1.0,8.15753173828125,0.0,0.0,2.0,1.0,0.0
2024-06-06,138.4327784454875,140.1486036320487,138.13863399277247,139.619140625,4369200,0.0,0.0,0.002882325982941839,2.654189743835712,2.654189743835712,2.654189743835712,93.04397583007812,1.0,9.530181884765625,0.0,0.0,2.0,1.0,0.0
2024-06-07,140.27607470688085,140.92317457289283,139.4916944586867,140.08978271484375,3511200,0.0,0.0,0.0023241183557629135,2.566853341719313,2.566853341719313,2.566853341719313,93.51461791992188,1.0,10.000823974609375,0.0,0.0,2.0,1.0,0.0
2024-06-10,139.34461265390064,141.129078065762,138.4916071882354,140.82513427734375,3650400,0.0,0.0,0.0024289403023240066,2.571897451419833,2.571897451419833,2.571897451419833,94.24996948242188,1.0,10.736175537109375,0.0,0.0,2.0,1.0,0.0
2024-06-11,139.13872389048817,140.14860840928048,138.26610479286734,139.02105712890625,4433300,0.0,0.0,0.0029120841374447874,2.5709783109238744,2.5709783109238744,2.5709783109238744,92.44589233398438,-1.0,-1.8040771484375,1.2255896658193706,0.00017575793565739137,0.02823650911306488,0.006185987740999196,0.9938140122590008
2024-06-12,140.7172887592759,141.67814674192462,139.22696773254876,140.4623565673828,3242800,0.0,0.0,0.002152168774340339,2.5771291182163387,2.5771291182163387,2.5771291182163387,93.88719177246094,1.0,1.4412994384765625,0.5490686761626193,3.420114440469181e-05,0.6382608758812386,0.3191475385128216,0.6808524614871784
2024-06-13,140.04075419952804,140.1191937193391,138.38375487543982,139.7073974609375,2857200,0.0,0.0,0.0018860632597026837,2.541520016339671,2.541520016339671,2.541520016339671,93.13223266601562,-1.0,-0.7549591064453125,0.0,0.0,0.2743711358482471,0.5,0.5
2024-06-14,139.43286344139395,140.38390706548827,139.11910536930682,139.71719360351562,2831700,0.0,0.0,0.0018693615503318681,2.450325850614084,2.450325850614084,2.450325850614084,93.14202880859375,1.0,0.009796142578125,0.0,0.0,0.0001683694676912497,8.418473384562484e-05,0.9999158152661544
2024-06-17,139.22695756454195,139.35442365117942,137.59937123058782,137.6287841796875,3164400,0.0,0.0,0.0020577701372652174,2.426575602207921,2.426575602207921,2.426575602207921,91.05361938476562,-1.0,-2.088409423828125,0.7843836448519994,7.421003422457558e-05,2.0,3.710364038107652e-05,0.9999628963596189
2024-06-18,138.30531700208758,138.94263249783617,137.05031459178764,138.05039978027344,2640200,0.0,0.0,0.0017221489316864692,2.388414338196536,2.388414338196536,2.388414338196536,91.47523498535156,-1.0,-1.6667938232421875,0.0,0.0,2.0,0.5,0.5
2024-06-20,138.74651347395672,140.7858959436122,138.0601864314783,138.23667907714844,3205600,0.0,0.0,0.0020937693241016176,2.413205897135266,2.413205897135266,2.413205897135266,91.66151428222656,1.0,0.186279296875,1.4314722924327725,0.0002438887889226547,0.012490085611408942,0.006366987200165798,0.9936330127998342
2024-06-21,138.69750837858686,139.77601807858588,138.4523904975678,139.187744140625,3030000,0.0,0.0,0.0019926904335983023,2.35078683315685,2.35078683315685,2.35078683315685,92.61257934570312,1.0,1.1373443603515625,0.0,0.0,0.46560774103520475,0.23280387051760237,0.7671961294823977
2024-06-24,139.09949842248503,139.8740793496031,138.74652805485846,139.50149536132812,2992100,0.0,0.0,0.0019722010166304646,2.2634128661274073,2.2634128661274073,2.2634128661274073,92.92633056640625,1.0,1.4510955810546875,0.0,0.0,0.7579285635958303,0.37896428179791514,0.6210357182020849
2024-06-25,142.66842264935684,145.25686717506062,141.85462939457744,144.0410919189453,6192600,0.0,0.0,0.004214593029884421,2.5128385052420565,2.5128385052420565,2.5128385052420565,97.46592712402344,1.0,5.990692138671875,0.0,0.0,2.0,1.0,0.0
2024-06-26,142.7174400432926,142.77626594405496,140.0015295918963,140.86434936523438,4384500,0.0,0.0,0.0029182156304842465,2.6218902067996974,2.6218902067996974,2.6218902067996974,94.2891845703125,-1.0,-3.1767425537109375,0.0,0.0,0.2811965821177472,0.5,0.5
2024-06-27,141.0506331174039,142.521340393773,140.62902258522456,141.6683349609375,2592400,0.0,0.0,0.001735285802842858,2.5697778926388923,2.5697778926388923,2.5697778926388923,95.09317016601562,-1.0,-2.3727569580078125,0.0,0.0,0.15687455527843094,0.5,0.5
2024-06-28,141.8350182320398,142.74684959375602,139.88387445864367,139.9525146484375,2757500,0.0,0.0,0.0018234440351154967,2.590720552815568,2.590720552815568,2.590720552815568,93.37734985351562,-1.0,-4.0885772705078125,0.0,0.0,0.46579027438775555,0.5,0.5
2024-07-01,140.78590496264883,143.1390456372172,140.75649201328747,142.58016967773438,3435800,0.0,0.0,0.002314638719560785,2.633278441098721,2.633278441098721,2.633278441098721,96.0050048828125,1.0,2.627655029296875,0.6177052434442203,4.1397567954217216e-05,0.41304015687529083,0.20654077722162253,0.7934592227783774
2024-07-02,138.92301869613132,140.57020374719687,136.3149607378021,140.1878204345703,6594500,0.0,0.0,0.004368057708732315,2.892702048158261,2.892702048158261,2.892702048158261,93.61265563964844,-1.0,-2.3923492431640625,3.5689137208415787,0.0014534596061293403,0.8289197026485605,0.0017503691980877618,0.9982496308019122
2024-07-03,138.5798470101761,138.7563396709919,133.35393178837484,136.1580810546875,7455800,0.0,0.0,0.0047966041948785485,3.1742153765894905,3.1742153765894905,3.1742153765894905,89.58291625976562,-1.0,-6.422088623046875,0.0,0.0,2.0,0.5,0.5
2024-07-05,137.66800593133954,140.07015809717834,137.60918003548508,139.5897216796875,3664500,0.0,0.0,0.0024169317040050246,3.2269197812967296,3.2269197812967296,3.2269197812967296,93.01455688476562,1.0,3.431640625,0.0,0.0,0.2855295180030919,0.14276475900154595,0.857235240998454
2024-07-08,139.50149633796693,140.8839648675836,139.40344319484737,140.2760772705078,2909400,0.0,0.0,0.0019283384384757086,3.102177059256693,3.102177059256693,3.102177059256693,93.70091247558594,1.0,4.1179962158203125,0.0,0.0,0.4111679906446398,0.2055839953223199,0.79441600467768
2024-07-09,138.00136487555443,138.53081290759678,136.35417992181553,137.68760681152344,4580500,0.0,0.0,0.0029799155063197705,3.1607285085020926,3.1607285085020926,3.1607285085020926,91.11244201660156,-1.0,-2.588470458984375,1.2550001136695528,0.0001897283180079489,0.39510683212920106,0.00047996450511308383,0.9995200354948869
2024-07-10,137.11895246300577,140.00152625736615,136.9522591337375,139.9525146484375,3045200,0.0,0.0,0.002013690580501799,3.152766981011133,3.152766981011133,3.152766981011133,93.37734985351562,1.0,2.2649078369140625,0.0,0.0,0.7656224209809619,0.38281121049048095,0.617188789509519
2024-07-11,139.49169999082372,139.74661722325288,136.0894623109883,137.06011962890625,3836400,0.0,0.0,0.0024844553726513165,3.203501649328138,3.203501649328138,3.203501649328138,90.48495483398438,-1.0,-2.89239501953125,0.26471761082723333,8.558800849504613e-06,1.6308504623547564,5.24803231823187e-06,0.9999947519676817
2024-07-12,138.98184724457397,140.6878731892346,138.86419544177292,139.30540466308594,2877600,0.0,0.0,0.0018940637931557946,3.2338053572567254,3.2338053572567254,3.2338053572567254,92.73023986816406,1.0,2.2452850341796875,0.6863469318684565,5.478285060731237e-05,0.6025980932274689,0.30132643803903814,0.6986735619609619
2024-07-15,140.45255346484808,140.68787202931915,138.31513260726942,138.62887573242188,2434100,0.0,0.0,0.0015943671172040958,3.172300647599083,3.172300647599083,3.172300647599083,92.0537109375,-1.0,-0.6765289306640625,0.0,0.0,0.09078827892625506,0.5,0.5
2024-07-16,139.22697154350016,139.45247582950867,137.8641165754152,138.11903381347656,2221100,0.0,0.0,0.0014494987827887598,3.059161976634396,3.059161976634396,3.059161976634396,91.54386901855469,-1.0,-1.186370849609375,0.0,0.0,0.27918878643331196,0.5,0.5
2024-07-17,133.7461392227744,133.95202988791974,131.80479461511624,132.7754669189453,6703800,0.0,0.0,0.004205669081496705,3.2916674924719627,3.2916674924719627,3.2916674924719627,86.20030212402344,-1.0,-6.529937744140625,0.0,0.0,2.0,0.5,0.5
2024-07-18,132.30483895425135,132.33425190513242,124.35321374854291,127.45150756835938,9758200,0.0,0.0,0.00587639395243497,3.6581378980384227,3.6581378980384227,3.6581378980384227,80.8763427734375,-1.0,-11.853897094726562,0.0,0.0,2.0,0.5,0.5
2024-07-19,130.0203336701831,130.89295275679606,128.7359183252503,128.97122192382812,4319500,0.0,0.0,0.002632221936198656,3.6426598473525846,3.6426598473525846,3.6426598473525846,82.39605712890625,-1.0,-10.334182739257812,0.0,0.0,2.0,0.5,0.5
2024-07-22,129.42224387391323,130.65763263409133,129.2751791265617,130.57919311523438,3720400,0.0,0.0,0.002295407665195593,3.5029277661319145,3.5029277661319145,3.5029277661319145,84.0040283203125,-1.0,-8.726211547851562,0.0,0.0,2.0,0.5,0.5
2024-07-23,130.95177692900847,132.0401009405004,130.42232887838384,130.67724609375,2383200,0.0,0.0,0.001471487831210824,3.368273787273675,3.368273787273675,3.368273787273675,84.10208129882812,1.0,0.098052978515625,1.1471481837043314,0.0001860482359675919,0.00012626125640133933,0.0001561547461844656,0.9998438452538155
2024-07-24,129.91247821042705,130.30466083956915,128.36333139194156,129.03005981445312,2663400,0.0,0.0,0.0016237662308584027,3.2929624240261584,3.2929624240261584,3.2929624240261584,82.45489501953125,-1.0,-1.647186279296875,0.911847734620153,0.0001222958615213129,2.0,6.114419191984251e-05,0.9999388558080802
2024-07-25,126.5788805991093,127.44168537278532,123.88257640925,125.36309051513672,5326100,0.0,0.0,0.0031548245920687092,3.4254282083959415,3.4254282083959415,3.4254282083959415,78.78792572021484,-1.0,-5.314155578613281,0.0,0.0,2.0,0.5,0.5
2024-07-26,124.38262371098806,125.7552779218212,123.89238792700353,124.25516510009766,3179100,0.0,0.0,0.0018664435141660845,3.313818335997494,3.313818335997494,3.313818335997494,77.68000030517578,-1.0,-6.422080993652344,0.0,0.0,2.0,0.5,0.5
2024-07-29,125.51016545772715,127.00048649451804,124.892471036139,125.54939270019533,3094000,0.0,0.0,0.0018354017307235756,3.2732114115991293,3.2732114115991293,3.2732114115991293,78.97422790527345,1.0,1.2942276000976705,0.0,0.0,0.04061343823314757,0.020306719116573786,0.9796932808834262
2024-07-30,128.53982124705644,129.09868222944817,125.0983566639609,126.70632934570312,4388100,0.0,0.0,0.0026270663222638297,3.325148136876854,3.325148136876854,3.325148136876854,80.13116455078125,1.0,2.4511642456054688,0.0,0.0,0.14567776477914923,0.07283888238957462,0.9271611176104254
2024-07-31,130.1576145818473,130.2948800176255,129.06929042645933,130.0399627685547,3580400,0.0,0.0,0.0021999083906539246,3.34396260366582,3.34396260366582,3.34396260366582,83.46479797363281,1.0,5.784797668457031,0.0,0.0,0.8113809184404152,0.4056904592202076,0.5943095407797925
2024-08-01,129.4712788070285,131.71655220621895,128.53983377174532,129.87327575683594,3669000,0.0,0.0,0.002251457315371505,3.3320165915806634,3.3320165915806634,3.3320165915806634,83.29811096191406,1.0,5.618110656738281,0.0,0.0,0.7652952557658443,0.38264762788292217,0.6173523721170778
2024-08-02,127.24559349826148,127.58876451682188,124.37281162671736,125.00031280517578,4774000,0.0,0.0,0.00281961443774909,3.4869057014762284,3.4869057014762284,3.4869057014762284,78.4251480102539,-1.0,-4.872962951660156,4.696478799741968,0.0035861961375318577,0.7523252550644962,0.0047442013635713475,0.9952557986364287
2024-08-05,121.4706254157927,124.93168895240294,120.3332822543762,123.53942108154295,5888800,0.0,0.0,0.0034373881685595144,3.571200333570754,3.571200333570754,3.571200333570754,76.96425628662108,-1.0,-6.333854675292983,0.0,0.0,1.2710294439447931,0.5,0.5
2024-08-06,126.2357153331604,128.70650789220295,125.7748924958562,127.5789566040039,6994300,0.0,0.0,0.004216183587811057,3.685192224791414,3.685192224791414,3.685192224791414,81.00379180908203,1.0,4.039535522460952,1.1177433753810675,0.00019040287930334284,0.40674916848602716,0.20346978568266524,0.7965302143173347
2024-08-07,120.2940572635552,121.20589610730588,116.48002351979484,116.90162658691406,13899900,0.0,0.0,0.007677652315449915,4.214745143321246,4.214745143321246,4.214745143321246,70.32646179199219,-1.0,-10.677330017089844,3.8532587345813596,0.0030020561219619517,2.0,0.0014987783526165075,0.9985012216473835
2024-08-08,123.43156400546236,125.83371633365604,120.80389992724515,125.6670379638672,10281300,0.0,0.0,0.006104718204288382,4.55169832927987,4.55169832927987,4.55169832927987,79.09187316894533,1.0,8.76541137695314,0.0,0.0,0.6739369589832732,0.3369684794916366,0.6630315205083634
2024-08-09,127.89271301177494,132.02048991202602,127.66720874141662,130.86354064941406,7503700,0.0,0.0,0.004639704699291333,4.680395016342652,4.680395016342652,4.680395016342652,84.28837585449219,1.0,13.9619140625,0.0,0.0,1.7098758902930333,0.8549379451465167,0.14506205485348334
2024-08-12,129.00064691728812,129.45165544490246,127.02009022946326,127.35344696044922,3602700,0.0,0.0,0.0021678788824359783,4.62061325945752,4.62061325945752,4.62061325945752,80.77828216552734,-1.0,-3.5100936889648438,0.0,0.0,0.06320442663489384,0.5,0.5
2024-08-13,128.9908362147404,131.62830710844534,128.9908362147404,130.9615936279297,3343400,0.0,0.0,0.0020688476032154892,4.5959166086388485,4.5959166086388485,4.5959166086388485,84.38642883300781,1.0,3.6081466674804688,0.0,0.0,1.056649492298573,0.5283247461492865,0.4716752538507135
2024-08-14,130.1085706606701,132.21659345293202,129.6575621293008,131.79498291015625,1967900,0.0,0.0,0.0012254571076372226,4.450424802566875,4.450424802566875,4.450424802566875,85.21981811523438,1.0,4.441535949707031,0.0,0.0,1.6011386689340195,0.8005693344670097,0.19943066553299027
2024-08-15,133.94220942477116,135.00112041802169,132.8930977604258,134.8834686279297,2916100,0.0,0.0,0.0018584776803313066,4.361547138659629,4.361547138659629,4.361547138659629,88.30830383300781,1.0,7.530021667480469,0.0,0.0,2.0,1.0,0.0
2024-08-16,133.2527459655004,133.51846836099284,132.52449090521208,132.75083923339844,2111300,0.513,0.0,0.0013242910203690001,4.218506466092342,4.218506466092342,4.218506466092342,86.17567443847656,-1.0,-2.13262939453125,0.0,0.0,0.08021181251591383,0.5,0.5
2024-08-19,132.9279948011206,133.97118235066836,132.8098876139669,133.10513305664062,1681800,0.0,0.0,0.0010577069627343116,4.004351941176455,4.004351941176455,4.004351941176455,86.52996826171875,1.0,0.3542938232421875,0.0,0.0,0.027599192780320535,0.013799596390160268,0.9862004036098397
2024-08-20,133.0460870968909,134.1778437752656,132.40638613436025,133.65625,2106900,0.0,0.0,0.0013305445067480915,3.8448594911570897,3.8448594911570897,3.8448594911570897,87.08108520507812,1.0,0.9054107666015625,0.11810477085182924,1.839446739404001e-06,0.18024387988365193,0.09012285966519566,0.9098771403348044
2024-08-21,133.20354721918793,133.4200595329576,131.26478742021834,132.81973266601562,2410500,0.0,0.0,0.001512745775564622,3.741045426058845,3.741045426058845,3.741045426058845,86.24456787109375,-1.0,-0.836517333984375,1.545100193748567,0.0003209591734916445,0.8536082036039672,0.0003758615907292643,0.9996241384092708
2024-08-22,135.15213490105788,136.2937424837913,133.9514812393564,134.7092742919922,2723800,0.0,0.0,0.0017336799366897341,3.721971454038619,3.721971454038619,3.721971454038619,88.13410949707031,1.0,1.8895416259765625,2.1158987085257195,0.0005763704481339797,2.0,1.0,0.0
2024-08-23,134.40420100103634,134.97498981011674,133.76450006764998,134.7978515625,2112200,0.0,0.0,0.0013452847523905238,3.542579903212058,3.542579903212058,3.542579903212058,88.22268676757812,-1.0,0.0885772705078125,0.0,0.0,0.011212299695049766,0.005606149847524883,0.9943938501524752
2024-08-26,133.0952965664075,133.56768026289183,132.4851186492747,133.1543426513672,1781100,0.0,0.0,0.0011205722150841701,3.4547336896415746,3.4547336896415746,3.4547336896415746,86.57917785644531,-1.0,-1.554931640625,1.466362590081701,0.0002868506443082911,2.0,0.00014340475428106434,0.9998565952457189
2024-08-27,131.7863756263795,133.3511568144866,131.6485964340331,133.03622436523438,2124400,0.0,0.0,0.0013353724585311825,3.3295784532709973,3.3295784532709973,3.3295784532709973,86.4610595703125,-1.0,-1.6730499267578125,0.0,0.0,2.0,0.5,0.5
2024-08-28,132.5244890822567,133.02639580745463,131.9733722820065,132.3473358154297,2765400,0.0,0.0,0.0017292961436549822,3.167669426839346,3.167669426839346,3.167669426839346,85.77217102050781,-1.0,-2.3619384765625,0.0,0.0,2.0,0.5,0.5
2024-08-29,134.3057751360448,135.69341808387475,133.58735613438756,135.33912658691406,2754700,0.0,0.0,0.0017615455987917503,3.1804132012397544,3.1804132012397544,3.1804132012397544,88.76396179199219,1.0,2.991790771484375,2.3422612693881604,0.0006963014806810789,1.6044466265849469,0.802571464032814,0.19742853596718601
2024-08-30,136.01819364488065,137.52392883140496,135.6639021294157,136.953125,2718300,0.0,0.0,0.0017589987984222,3.1092981329005505,3.1092981329005505,3.1092981329005505,90.37796020507812,1.0,4.6057891845703125,0.0,0.0,2.0,1.0,0.0
2024-09-03,136.36263412714013,136.42168021024634,133.6759322281621,134.09910583496094,2309800,0.0,0.0,0.0014635126149265107,3.1212906071103603,3.1212906071103603,3.1212906071103603,87.52394104003906,-1.0,-2.8540191650390625,0.0,0.0,0.38397739594482055,0.5,0.5
2024-09-04,131.91431070328352,132.77052395902922,131.51082412965405,132.39654541015625,1811600,0.0,0.0,0.0011332746560462803,3.0832185426958265,3.0832185426958265,3.0832185426958265,85.82138061523438,-1.0,-4.55657958984375,0.0,0.0,0.9787455708738966,0.5,0.5
2024-09-05,129.9165036058915,130.55620453975203,128.4599785072288,128.81427001953125,2883500,0.0,0.0,0.001755012215735147,3.1441719969980846,3.1441719969980846,3.1441719969980846,82.23910522460938,-1.0,-8.13885498046875,0.0,0.0,2.0,0.5,0.5
2024-09-06,131.63874839977504,132.0324139702828,128.4993499445098,129.060302734375,2591800,0.0,0.0,0.001580484992086458,3.1719499990534357,3.1719499990534357,3.1719499990534357,82.48513793945312,1.0,0.24603271484375,0.0,0.0,0.0009138167142227975,0.00045690835711139873,0.9995430916428886
2024-09-09,129.9361921421174,130.83176444979824,128.8339585430065,129.81809997558594,1881800,0.0,0.0,0.0011542633969832319,3.088082563891886,3.088082563891886,3.088082563891886,83.24293518066406,1.0,1.0038299560546875,0.0,0.0,0.015212258015173728,0.007606129007586864,0.9923938709924132
2024-09-10,127.18058964590112,128.05647489624675,126.3637504772048,127.72187042236328,2246700,0.0,0.0,0.00135583414370223,3.1142444877839752,3.1142444877839752,3.1142444877839752,81.1467056274414,-1.0,-2.0962295532226562,2.135599467304985,0.0006926244549710226,2.0,0.0003461923368461997,0.9996538076631538
2024-09-11,131.02858208988238,133.6660887840854,128.902833115475,133.08543395996094,3930300,0.0,0.0,0.0024714534656055218,3.3163854787795564,3.3163854787795564,3.3163854787795564,86.51026916503906,1.0,5.363563537597656,2.834324334287146,0.0010734053718772767,2.0,1.0,0.0
2024-09-12,133.09528834793926,134.7978487653089,132.514633509141,134.49276733398438,2169700,0.0,0.0,0.0013787795392518332,3.242587605735868,3.242587605735868,3.242587605735868,87.9176025390625,1.0,6.770896911621094,0.0,0.0,2.0,1.0,0.0
2024-09-13,134.689598118368,135.7032626005192,134.20736340657692,134.82737731933594,2375300,0.0,0.0,0.0015131875751094202,3.117824147750612,3.117824147750612,3.117824147750612,88.25221252441406,1.0,7.105506896972656,0.0,0.0,2.0,1.0,0.0
2024-09-16,135.8705658127949,136.02803204839796,134.60102995316123,134.7289581298828,1776200,0.0,0.0,0.001130704259740881,2.9970511439996206,2.9970511439996206,2.9970511439996206,88.15379333496094,1.0,7.007087707519531,0.0,0.0,2.0,1.0,0.0
2024-09-17,131.4812941999337,133.01655234800384,129.7098367149275,129.9066619873047,3515800,0.0,0.0,0.0021580017699028525,3.141484734782171,3.141484734782171,3.141484734782171,83.33149719238281,-1.0,-4.822296142578125,4.497526691649426,0.0029129238367779035,0.47362285082896716,0.0061127075691664624,0.9938872924308335
2024-09-18,130.7235065989568,131.15653122637406,129.21777142795077,129.96571350097656,2854800,0.0,0.0,0.001753075800110123,3.0555758107565367,3.0555758107565367,3.0555758107565367,83.39054870605469,-1.0,-4.76324462890625,0.0,0.0,0.46209435767484,0.5,0.5
2024-09-19,132.5244850043305,133.05591475484582,131.51082056003185,132.74099731445312,2653900,0.0,0.0,0.001664507828023632,3.0580490566931595,3.0580490566931595,3.0580490566931595,86.16583251953125,1.0,2.7752838134765625,0.03936240684197401,2.0868590387433042e-07,0.33947596583266526,0.16973808725928458,0.8302619127407154
2024-09-20,127.0526656832581,127.42662921836006,124.12975690194318,125.48787689208984,9683500,0.0,0.0,0.005741565712594511,3.454705582108644,3.454705582108644,3.454705582108644,78.91271209716797,-1.0,-7.253120422363281,5.0880145260075835,0.0041572174908049465,2.0,0.0020742970933237273,0.9979257029066763
2024-09-23,122.03353430446008,123.28339058597776,120.99034681712706,121.73828887939452,7069900,0.0,0.0,0.004066648869517958,3.5291930458839396,3.5291930458839396,3.5291930458839396,75.16312408447264,-1.0,-11.002708435058608,0.0,0.0,2.0,0.5,0.5
2024-09-24,122.34845778835462,124.65135255443217,121.80717701835268,123.45069885253906,4974100,0.0,0.0,0.002901377749640175,3.4851838051092043,3.4851838051092043,3.4851838051092043,76.87553405761719,1.0,1.7124099731445455,0.0,0.0,0.024222350709371423,0.012111175354685711,0.9878888246453142
2024-09-25,125.35009742891688,125.58628927124649,124.39547903448045,124.93675231933594,2943600,0.0,0.0,0.0017376616561127175,3.3887842775090773,3.3887842775090773,3.3887842775090773,78.36158752441406,1.0,3.1984634399414205,0.0,0.0,0.08450522697948036,0.04225261348974018,0.9577473865102598
2024-09-26,123.60816046489856,123.62784749794297,122.01385617484776,122.32878112792967,4369500,0.0,0.0,0.002525553677820254,3.3555065537218702,3.3555065537218702,3.3555065537218702,75.7536163330078,-1.0,-2.607971191406264,0.0,0.0,0.6648486598455806,0.5,0.5
2024-09-27,118.6382485048394,119.41571360168508,117.26044904627727,118.84491729736328,9655300,0.0,0.0,0.005421788802281125,3.477851234288337,3.477851234288337,3.477851234288337,72.2697525024414,-1.0,-6.091835021972656,0.0,0.0,2.0,0.5,0.5
2024-09-30,115.72518433428267,117.23092699260944,115.62677169535752,117.18171691894533,6855500,0.0,0.0,0.0037957290466291,3.4593008319824388,3.4593008319824388,3.4593008319824388,70.60655212402345,-1.0,-7.755035400390611,0.0,0.0,2.0,0.5,0.5
2024-10-01,116.90615599526316,117.0340916722554,115.45946695833862,116.1385269165039,3978400,0.0,0.0,0.0021831369019013913,3.335225769741315,3.335225769741315,3.335225769741315,69.56336212158203,-1.0,-8.798225402832031,0.0,0.0,2.0,0.5,0.5
2024-10-02,114.82962252414345,114.9378786822773,113.5699226932076,114.63279724121094,5958600,0.0,0.0,0.003227374279501412,3.2804670878523856,3.2804670878523856,3.2804670878523856,68.05763244628906,-1.0,-10.303955078125,0.0,0.0,2.0,0.5,0.5
2024-10-03,114.39659740469328,114.48517403751816,113.20578717869267,113.25499725341795,4320900,0.0,0.0,0.0023122127971890163,3.14807730032852,3.14807730032852,3.14807730032852,66.67983245849608,-1.0,-11.681755065917983,0.0,0.0,2.0,0.5,0.5
2024-10-04,112.42831565927078,113.33373148768716,111.98545501598706,113.29436492919922,6307000,0.0,0.0,0.0033761936719776267,3.019520098283633,3.019520098283633,3.019520098283633,66.71920013427734,-1.0,-11.642387390136719,0.0,0.0,2.0,0.5,0.5
2024-10-07,115.28232211696002,116.66996508442062,115.16422244683476,115.90232849121094,4245300,0.0,0.0,0.002324859746306396,3.0449543880649026,3.0449543880649026,3.0449543880649026,69.32716369628906,1.0,2.6079635620117188,2.184791046902461,0.0009931456605496562,0.05017864694960138,0.025585896305075517,0.9744141036949245
2024-10-08,115.57756897208738,116.02042960084664,114.74104277135956,115.34136962890624,3808000,0.0,0.0,0.0020752874277708533,2.9188424195950584,2.9188424195950584,2.9188424195950584,68.76620483398436,-1.0,-0.5609588623047017,0.0,0.0,0.04626568416463839,0.5,0.5
2024-10-09,114.6918423551475,115.30201274052692,113.98325932913352,115.14454650878906,3971400,0.0,0.0,0.0021606440020804736,2.807361553893463,2.807361553893463,2.807361553893463,68.56938171386719,-1.0,-0.757781982421875,0.0,0.0,0.08442780754333101,0.5,0.5
2024-10-10,116.10900583094649,116.56170997454342,115.26264362514256,115.6661376953125,2911300,0.0,0.0,0.0015910704339167742,2.7080616904549553,2.7080616904549553,2.7080616904549553,69.09097290039062,1.0,0.5215911865234375,0.5412803736967788,6.137647526768045e-05,0.4737747802586993,0.23691807836698348,0.7630819216330165
2024-10-11,118.01823760652591,118.64808751637293,117.58522048625812,118.13633728027344,4115800,0.0,0.0,0.0022973860298383377,2.727625128355346,2.727625128355346,2.727625128355346,71.56117248535156,1.0,2.991790771484375,0.0,0.0,2.0,1.0,0.0
2024-10-14,117.70330926576592,118.55951498189869,117.65410670108888,117.88045501708984,2477300,0.0,0.0,0.0013798015148859797,2.5974667821020936,2.5974667821020936,2.5974667821020936,71.30529022216797,1.0,2.7359085083007812,0.0,0.0,2.0,1.0,0.0
2024-10-15,117.10298332168892,117.20139596020836,115.28232322966856,115.9416961669922,3613900,0.0,0.0,0.00197975747703676,2.5975142824820354,2.5975142824820354,2.5975142824820354,69.36653137207033,-1.0,-1.938758850097642,2.30289725658956,0.0011021714775067103,0.5021626951795551,0.002190042561142579,0.9978099574388575
2024-10-16,115.09533621737653,116.18773379568894,114.5934294985651,116.15821075439452,3019000,0.0,0.0,0.0016569493689773443,2.5258564263850216,2.5258564263850216,2.5258564263850216,69.58304595947264,-1.0,-1.7222442626953267,0.0,0.0,0.39626558231762155,0.5,0.5
2024-10-17,116.7093271040791,117.18171828820395,116.24678694488584,116.34519958496094,2998300,0.0,0.0,0.0016482374018340822,2.4185457912010513,2.4185457912010513,2.4185457912010513,69.77003479003906,1.0,0.18698883056642046,0.0,0.0,0.011788046429473455,0.0058940232147367275,0.9941059767852632
2024-10-18,115.89249368217315,116.39440039149072,115.28232330948528,116.21725463867188,3193200,0.0,0.0,0.0017534482132370757,2.325226597687079,2.325226597687079,2.325226597687079,69.64208984375,-1.0,-0.1279449462890625,0.0,0.0,0.4681822469076368,0.5,0.5
2024-10-21,116.07947745003013,116.08932096657998,115.02644643128929,115.46931457519533,3230600,0.0,0.0,0.0017625684330813374,2.24419671266533,2.24419671266533,2.24419671266533,68.89414978027345,-1.0,-0.8758850097656108,0.0,0.0,2.0,0.5,0.5
2024-10-22,113.17625866339456,114.8000934415499,112.94006683462374,114.6229476928711,4689700,0.0,0.0,0.0025398779384648187,2.26455750037292,2.26455750037292,2.26455750037292,68.04778289794922,-1.0,-1.7222518920898438,0.0,0.0,2.0,0.5,0.5
2024-10-23,114.48517309853858,114.59342925532376,113.12705313465284,113.90452575683594,3220700,0.0,0.0,0.0017333547890093126,2.2096530045047293,2.2096530045047293,2.2096530045047293,67.32936096191406,-1.0,-2.440673828125,0.0,0.0,2.0,0.5,0.5
2024-10-24,113.3829313863728,113.43214146042556,112.10355205343538,112.11338806152344,4499900,0.0,0.0,0.002383727194044281,2.1804616258544316,2.1804616258544316,2.1804616258544316,65.53822326660156,-1.0,-4.2318115234375,0.0,0.0,2.0,0.5,0.5
2024-10-25,112.09370505064108,112.37910695278376,111.30638894070252,111.58194732666016,4594600,0.0,0.0,0.002422355367482993,2.1013370820134893,2.1013370820134893,2.1013370820134893,65.00678253173828,-1.0,-4.763252258300781,0.0,0.0,2.0,0.5,0.5
2024-10-28,110.62734270468034,110.93242414792316,109.89907263414746,110.57813262939452,5356000,0.0,0.0,0.0027983757659640145,2.0714469113348613,2.0714469113348613,2.0714469113348613,64.00296783447264,-1.0,-5.7670669555664205,0.0,0.0,2.0,0.5,0.5
2024-10-29,109.84986347100758,111.47369074028576,109.38731582134784,110.20415496826172,8243400,0.0,0.0,0.004292403634556898,2.072513197592223,2.072513197592223,2.072513197592223,63.628990173339844,-1.0,-6.141044616699219,0.0,0.0,2.0,0.5,0.5
2024-10-30,107.16315457713262,111.95592581460444,105.53931979376064,111.44416809082033,11109200,0.0,0.0,0.005849737032243645,2.3828055421101926,2.3828055421101926,2.3828055421101926,64.86900329589845,-1.0,-4.901031494140611,1.023501666681284,0.00024894457021130875,2.0,0.00012445679368414757,0.9998755432063159
2024-10-31,108.46222523915849,110.38130551748164,107.89142141226831,110.17462921142578,8455300,0.0,0.0,0.004401562065019127,2.466372766141751,2.466372766141751,2.466372766141751,63.599464416503906,-1.0,-6.170570373535156,0.0,0.0,2.0,0.5,0.5
2024-11-01,111.0898827674564,111.22766196804092,110.01717220456206,110.164794921875,4554700,0.0,0.0,0.0023708212899361605,2.376666837380116,2.376666837380116,2.376666837380116,63.589630126953125,1.0,-0.00983428955078125,0.0,0.0,0.00276601576509798,0.5,0.5
2024-11-04,108.44254338738985,108.90509104724065,107.70443733658192,107.97999572753906,6215000,0.0,0.0,0.003170886157981831,2.382644747945328,2.382644747945328,2.382644747945328,61.40483093261719,-1.0,-2.1847991943359375,0.0,0.0,2.0,0.5,0.5
2024-11-05,106.26759347697048,108.55080126333552,106.04123764743632,108.38349151611328,6604300,0.0,0.0,0.0033820976411953374,2.391710381370604,2.391710381370604,2.391710381370604,61.808326721191406,-1.0,-1.7813034057617188,0.0,0.0,2.0,0.5,0.5
2024-11-06,106.55298793958836,107.0253791235552,103.3643718501222,103.68914031982422,12044600,0.0,0.0,0.005900949074884275,2.57938247312921,2.57938247312921,2.57938247312921,57.113975524902344,-1.0,-6.475654602050781,0.0,0.0,2.0,0.5,0.5
2024-11-07,104.41739874254796,106.03139000238971,103.91548453723044,105.92313385009766,8363200,0.0,0.0,0.004185617280632408,2.562444416660373,2.562444416660373,2.562444416660373,59.34796905517578,-1.0,-4.241661071777344,0.0,0.0,2.0,0.5,0.5
2024-11-08,105.45075165907244,106.15933466268775,104.74216865545712,105.4999542236328,5222600,0.0,0.0,0.002603366108878933,2.4806388159868202,2.4806388159868202,2.4806388159868202,58.92478942871092,1.0,-0.42317962646485796,0.0,0.0,2.0,0.5,0.5
2024-11-11,107.9307891848768,108.85588453484112,107.20252662660874,107.3599853515625,4941900,0.0,0.0,0.002506874587921465,2.5431596370740706,2.5431596370740706,2.5431596370740706,60.784820556640625,1.0,1.4368515014648438,2.8244945324514106,0.002159191683854884,2.0,1.0,0.0
2024-11-12,105.11613963987946,105.90345575656389,104.02374209447125,105.36217498779295,5135400,0.0,0.0,0.0025565554407384066,2.599808467075298,2.599808467075298,2.599808467075298,58.78701019287108,-1.0,-1.9978103637695455,0.7184265609858755,0.00014934889510697337,1.9332354541114334,7.724737200516215e-05,0.9999227526279948
2024-11-13,105.18503091312368,106.08060319783355,104.86026995508888,105.21456146240234,3157100,0.0,0.0,0.0015694966708215037,2.5012745224802533,2.5012745224802533,2.5012745224802533,58.63939666748047,1.0,-0.1476135253906108,0.0,0.0,0.0105542780791661,0.5,0.5
2024-11-14,105.13582827038,105.3031305074873,103.33484769426325,103.64977264404295,4467100,0.0,0.0,0.0021877124567816833,2.4632036861048103,2.4632036861048103,2.4632036861048103,57.07460784912108,-1.0,-1.5647888183593892,0.0,0.0,1.186008211345741,0.5,0.5
2024-11-15,100.05765154195512,100.71702445952594,98.7290621907355,100.12654113769533,8076200,0.0,0.0,0.0038207840338748177,2.638739883762142,2.638739883762142,2.638739883762142,53.55137634277345,-1.0,-5.088020324707017,0.0,0.0,2.0,0.5,0.5
2024-11-18,98.72906417580782,99.39828062291208,97.84333542105178,98.2271499633789,8783700,0.0,0.0,0.004076667103863378,2.6133445861108138,2.6133445861108138,2.6133445861108138,51.65198516845703,-1.0,-6.9874114990234375,0.0,0.0,2.0,0.5,0.5
2024-11-19,99.575431685256,101.48466849085816,99.53606512645558,101.00243377685548,5778700,0.0,0.0,0.002757770989644751,2.6593570104942734,2.6593570104942734,2.6593570104942734,54.42726898193361,1.0,2.7752838134765767,0.7676440313322104,0.00019892376423293702,0.15775464835792707,0.07897678606108001,0.92102321393892
2024-11-20,101.789746456812,104.063110713907,101.36656534967624,103.6005630493164,7520700,0.0,0.0,0.0036814303809223885,2.688022719534076,2.688022719534076,2.688022719534076,57.02539825439453,1.0,5.3734130859375,0.0,0.0,0.5913816119932789,0.29569080599663944,0.7043091940033606
2024-11-21,101.5437145748571,101.58308113365752,99.900200164057,101.00243377685548,6185400,0.0,0.0,0.00295186057060388,2.7603327313715997,2.7603327313715997,2.7603327313715997,54.42726898193361,-1.0,-2.5981292724609233,0.0,0.0,0.2337873750657375,0.5,0.5
2024-11-22,102.26213380714113,104.5551775028649,102.2129237350652,103.39389038085938,6143300,0.0,0.0,0.003001185309819579,2.816933516702872,2.816933516702872,2.816933516702872,56.8187255859375,1.0,2.391456604003892,0.49206678895789935,7.500066798607381e-05,0.8472342359177507,0.4236546182928684,0.5763453817071316
2024-11-25,103.63993101960529,104.24025788927004,102.3507081560973,102.90182495117188,4294600,0.0,0.0,0.002088055356009055,2.7506918178792916,2.7506918178792916,2.7506918178792916,56.32666015625,1.0,1.899391174316392,0.0,0.0,0.5344502927926668,0.2672251463963334,0.7327748536036667
2024-11-26,104.97835955021426,105.99202397362652,103.95485161061664,104.4469223022461,6761400,0.0,0.0,0.003336787022753669,2.7749423324918165,2.7749423324918165,2.7749423324918165,57.87175750732422,1.0,3.444488525390611,0.0,0.0,1.757632087929417,0.8788160439647085,0.12118395603529153
2024-11-29,103.75803151798888,105.6967913411562,103.67929840138032,105.10630798339844,2775100,0.0,0.0,0.001378172658630429,2.6131577671486252,2.6131577671486252,2.6131577671486252,58.53114318847656,1.0,0.6593856811523438,0.0,0.0,0.06441062480621726,0.03220531240310863,0.9677946875968914
2024-12-02,107.20252651878914,107.40919531855992,106.43489740295388,106.94664764404295,4948300,0.0,0.0,0.0025004571044815365,2.590995593435258,2.590995593435258,2.590995593435258,60.37148284912108,1.0,2.499725341796861,0.0,0.0,0.9256846752530774,0.4628423376265387,0.5371576623734613
2024-12-03,109.0231840583854,109.12159669757834,107.32062362597851,107.4682388305664,4828700,0.0,0.0,0.002451921530245181,2.56127798344241,2.56127798344241,2.56127798344241,60.89307403564453,1.0,3.0213165283203125,0.0,0.0,1.3522934392293209,0.6761467196146604,0.32385328038533956
2024-12-04,108.47206670813596,108.76730462417956,107.23204643722426,107.24188995361328,4485600,0.0,0.0,0.0022729046303313735,2.4879908551219025,2.4879908551219025,2.4879908551219025,60.666725158691406,-1.0,-0.226348876953125,0.0,0.0,0.005612601849505737,0.5,0.5
2024-12-05,106.89744351860334,107.58633950779324,106.51362896628282,107.09426879882812,3914400,0.0,0.0,0.0019807407841426986,2.386899404149654,2.386899404149654,2.386899404149654,60.51910400390625,-1.0,-0.37397003173828125,0.0,0.0,0.015320789631249627,0.5,0.5
2024-12-06,108.18666860694042,109.54478108869748,108.00952284771964,109.01334381103516,6045700,0.0,0.0,0.0031140276552299615,2.391443181701061,2.391443181701061,2.391443181701061,62.43817901611328,1.0,1.9190750122070312,0.7774764645179175,0.000155050812037089,2.0,1.0,0.0
2024-12-09,109.94827793214483,110.21399280529428,108.55079895222694,109.31842803955078,4908900,0.0,0.0,0.0025355593139659914,2.339425372512938,2.339425372512938,2.339425372512938,62.743263244628906,1.0,2.2241592407226562,0.0,0.0,2.0,1.0,0.0
2024-12-10,109.78097890344677,109.78097890344677,106.976169836973,107.45840454101562,4621700,0.0,0.0,0.002346596134452269,2.3726670649387116,2.3726670649387116,2.3726670649387116,60.88323974609375,-1.0,-1.8600234985351562,1.0333530107466373,0.0002880725717781092,0.6993669521351769,0.0004117351574781674,0.9995882648425218
2024-12-11,108.69841384436896,110.73558622737193,108.27523274507836,109.91875457763672,6545700,0.0,0.0,0.003399570932739143,2.4372752521828254,2.4372752521828254,2.4372752521828254,63.343589782714844,1.0,2.4603500366210938,0.5215934220776433,6.780455464425891e-05,1.7496731861601629,0.8748704953574036,0.12512950464259642
2024-12-12,109.12159376445504,109.4069956663253,106.69077085727577,106.8875961303711,3650800,0.0,0.0,0.0018437904581069444,2.493754428481263,2.493754428481263,2.493754428481263,60.31243133544922,-1.0,-3.031158447265625,0.28539897969723427,2.2391911028638724e-05,1.5178312128414935,1.4752352241696987e-05,0.9999852476477583
2024-12-13,105.3424981406584,105.9034584478204,102.48848653065392,105.25392150878906,6250400,0.0,0.0,0.003108438705880685,2.6298512264266853,2.6298512264266853,2.6298512264266853,58.67875671386719,-1.0,-4.664833068847656,0.0,0.0,2.0,0.5,0.5
2024-12-16,107.55681239671564,108.13745220728988,106.15933343815124,106.33647918701172,5346900,0.0,0.0,0.0026864610588783595,2.647971188717695,2.647971188717695,2.647971188717695,59.761314392089844,1.0,1.0825576782226562,0.0,0.0,0.05385547678792205,0.026927738393961027,0.973072261606039
2024-12-17,106.04124026362204,107.2615735480616,106.02156073850026,106.297119140625,5415500,0.0,0.0,0.0027199208477701577,2.54740273306367,2.54740273306367,2.54740273306367,59.721954345703125,-1.0,-0.03936004638671875,0.0,0.0,0.0013219319943783858,0.5,0.5
2024-12-18,106.67108891230149,107.31078234297404,103.80724125764586,104.27962493896484,3760900,0.0,0.0,0.0018530513645508748,2.615698329653992,2.615698329653992,2.615698329653992,57.70446014404297,-1.0,-2.056854248046875,0.0,0.0,2.0,0.5,0.5
2024-12-19,102.61642273808668,103.08881392420524,101.11068756421366,101.79959106445312,5344400,0.0,0.0,0.002570639638549447,2.6552154043037914,2.6552154043037914,2.6552154043037914,55.22442626953125,-1.0,-4.536888122558594,0.0,0.0,2.0,0.5,0.5
2024-12-20,81.40818200901917,85.15775853376287,80.20752823773552,83.65202331542969,53762400,0.0,0.0,0.021249626884289146,4.0078473630476354,4.0078473630476354,4.0078473630476354,37.07685852050781,-1.0,-22.68445587158203,0.0,0.0,2.0,0.5,0.5
2024-12-23,87.46065074058677,87.68699906259012,84.62631864424242,87.30318450927734,18997900,0.0,0.0,0.00783667604364212,4.009785104769978,4.009785104769978,4.009785104769978,40.72801971435547,1.0,3.6511611938476562,0.0,0.0,0.02590629347386893,0.012953146736934465,0.9870468532630655
2024-12-24,87.49017116204985,87.56890427534698,85.68919061449348,85.98443603515625,4774900,0.0,0.0,0.0019399044486473546,3.85763714449023,3.85763714449023,3.85763714449023,39.409271240234375,1.0,2.3324127197265625,0.0,0.0,0.010571924905245037,0.005285962452622518,0.9947140375473775
2024-12-26,85.7876033349986,86.66348857316935,85.49236542245285,86.25999450683594,6289300,0.0,0.0,0.0025633502339393838,3.665743287792106,3.665743287792106,3.665743287792106,39.68482971191406,-1.0,0.2755584716796875,0.0,0.0,0.00014756073235617725,7.378036617808863e-05,0.9999262196338219
2024-12-27,86.33872753659038,87.36222797584128,85.63998054158205,85.98443603515625,6066000,0.0,0.0,0.002464441220862186,3.526922155396901,3.526922155396901,3.526922155396901,39.409271240234375,1.0,-0.2755584716796875,0.04921007291143553,1.559233687258046e-06,1.0,1.5592312560521454e-06,0.999998440768744
2024-12-30,85.5907784811455,85.63014503802592,84.30155565402488,84.37044525146484,6110000,0.0,0.0,0.0024357222451125,3.395204885806506,3.395204885806506,3.395204885806506,37.79528045654297,-1.0,-1.6139907836914062,0.0,0.0,2.0,0.5,0.5
2024-12-31,84.06535468770959,84.68536856108702,83.65201711105985,84.65583801269531,4202400,0.0,0.0,0.00168093342137473,3.226501068965125,3.226501068965125,3.226501068965125,38.08067321777344,-1.0,-1.3285980224609375,0.0,0.0,2.0,0.5,0.5
2025-01-02,86.51587160329865,87.10635492472763,85.80728861422276,86.13204956054688,4570300,0.0,0.0,0.0018599689809081846,3.17107362918421,3.17107362918421,3.17107362918421,39.556884765625,1.0,1.4762115478515625,1.4762098867017102,0.0013926822964090329,1.2345537224108893,0.6179732023536492,0.38202679764635084
2025-01-03,86.10252828008917,86.79143175950183,85.95490556961482,86.25999450683594,3769000,0.0,0.0,0.0015361434550295798,3.0043202406629814,3.0043202406629814,3.0043202406629814,39.68482971191406,1.0,1.604156494140625,0.0,0.0,1.4578279224383193,0.7289139612191596,0.27108603878084037
2025-01-06,84.7444159492951,84.97076426497249,83.45519312719371,83.6815414428711,10695700,0.0,0.0,0.0042289747851773024,2.9900688934472135,2.9900688934472135,2.9900688934472135,37.10637664794922,-1.0,-2.5784530639648438,2.3520954870290467,0.004018026531634588,2.0,0.002004985223904702,0.9979950147760953
2025-01-07,82.76629063438517,83.46503013072052,81.32944508451772,82.01834106445312,9567900,0.0,0.0,0.00370786419868887,2.944499426654797,2.944499426654797,2.944499426654797,35.44317626953125,-1.0,-4.2416534423828125,0.0,0.0,2.0,0.5,0.5
2025-01-08,84.15393230337008,84.43933420728213,83.33709314821522,84.28186798095703,9196400,0.0,0.0,0.003662251929719132,2.9071061206672404,2.9071061206672404,2.9071061206672404,37.706703186035156,1.0,2.2635269165039062,0.0,0.0,0.28477441074894655,0.14238720537447327,0.8576127946255268
2025-01-10,85.83681124950267,85.89585732884646,84.47869135737349,84.89203643798828,6774700,0.0,0.0,0.002717397874662799,2.8147406368973966,2.8147406368973966,2.8147406368973966,38.316871643066406,1.0,2.8736953735351562,0.0,0.0,0.4589983168931638,0.2294991584465819,0.7705008415534181
2025-01-13,83.0812128747308,83.37645828987851,82.36279387742232,83.27804565429688,7412400,0.0,0.0,0.002916658507049287,2.794347917159437,2.794347917159437,2.794347917159437,36.702880859375,-1.0,-1.6139907836914062,0.9742992707928977,0.000704667833028385,0.31544281762932913,0.0022289212011217694,0.9977710787988783
2025-01-14,81.60500498671583,82.35295457048981,78.78052390830634,79.8926010131836,13694900,0.0,0.0,0.005169655903339575,2.916003190647373,2.916003190647373,2.916003190647373,33.31743621826172,-1.0,-4.9994354248046875,0.0,0.0,2.0,0.5,0.5
2025-01-15,82.03802797706031,82.49073212155506,81.39833456325576,81.6050033569336,9021500,0.0,0.0,0.0034784979493081097,2.893298041913379,2.893298041913379,2.893298041913379,35.02983856201172,1.0,1.71240234375,0.0,0.0,0.1173193642206081,0.05865968211030405,0.941340317889696
2025-01-16,81.42785605281054,82.65803278346021,80.88658279636643,81.75262451171875,6322400,0.0,0.0,0.00244219244779029,2.813166037997694,2.813166037997694,2.813166037997694,35.177459716796875,1.0,1.8600234985351562,0.0,0.0,0.1384187539573264,0.0692093769786632,0.9307906230213367
2025-01-17,78.67226970470877,79.5973575595136,76.93033513817433,77.44209289550781,21265300,0.0,0.0,0.007781168258416558,2.9566748476796034,2.9566748476796034,2.9566748476796034,30.866928100585938,-1.0,-4.3105316162109375,4.46799942508143,0.020952671132266325,2.0,0.010367719853888168,0.9896322801461118
2025-01-21,78.4163904131378,79.82371297578953,78.0620988932812,79.74497985839844,8094300,0.0,0.0,0.003049852672033599,2.915599507151183,2.915599507151183,2.915599507151183,33.16981506347656,1.0,2.302886962890625,0.0,0.0,0.28541945507808114,0.14270972753904057,0.8572902724609595
2025-01-22,80.43388213448063,80.50277173403627,79.15449527598636,79.29227447509766,5910400,0.0,0.0,0.0022143382428394262,2.8036478607868065,2.8036478607868065,2.8036478607868065,32.71710968017578,1.0,1.8501815795898438,0.0,0.0,0.1842328353406408,0.0921164176703204,0.9078835823296796
2025-01-23,80.04022148625009,80.42403602976636,79.05608009089495,79.8138656616211,6765800,0.0,0.0,0.0025514890722045905,2.701098437792849,2.701098437792849,2.701098437792849,33.23870086669922,-1.0,0.5215911865234375,0.0,0.0,0.014641946616125202,0.007320973308062601,0.9926790266919374
2025-01-24,88.54320346554962,88.54320346554962,85.19712118473933,86.57492065429688,27095400,0.0,0.0,0.011083677485939006,3.131686963945398,3.131686963945398,3.131686963945398,39.999755859375,1.0,6.761054992675781,0.0,0.0,2.0,1.0,0.0
2025-01-27,84.38028080336622,87.0571465895434,83.98662274509257,86.1222152709961,10864900,0.0,0.0,0.004421169212312784,3.1273181696957852,3.1273181696957852,3.1273181696957852,39.54705047607422,-1.0,-0.45270538330078125,0.0,0.0,0.004483347284127252,0.5,0.5
2025-01-28,84.70505391502289,85.48252655798707,83.2583647887733,83.8390121459961,9534300,0.0,0.0,0.0037768625216834,3.108499049162,3.108499049162,3.108499049162,37.26384735107422,-1.0,-2.7359085083007812,0.0,0.0,0.1637473209417587,0.5,0.5
2025-01-29,84.26219172824584,84.31139429458045,82.56946727154767,82.69740295410156,6843900,0.0,0.0,0.0026741867799925036,3.0108867615813417,3.0108867615813417,3.0108867615813417,36.12223815917969,-1.0,-3.8775177001953125,0.0,0.0,0.3289111840501855,0.5,0.5
2025-01-30,83.25836311866802,85.09871028788763,82.60883368202786,83.98662567138672,5798800,0.0,0.0,0.0023011475914556127,2.973671750458372,2.973671750458372,2.973671750458372,37.411460876464844,1.0,1.2892227172851562,0.0,0.0,0.11054734616065742,0.05527367308032871,0.9447263269196713
2025-01-31,83.52408576811759,84.08504608221651,82.95328193737743,83.1107406616211,6542300,0.0,0.0,0.0025691166212820317,2.8421069214855654,2.8421069214855654,2.8421069214855654,36.53557586669922,1.0,0.41333770751953125,0.0,0.0,0.011363247732442747,0.0056816238662213735,0.9943183761337786
2025-02-03,80.82752908034891,82.05770580906213,80.76848300005959,81.33928680419922,5460100,0.0,0.0,0.0020984429570759617,2.8064034029195613,2.8064034029195613,2.8064034029195613,34.764122009277344,-1.0,-1.771453857421875,1.8403506819682747,0.0028024549629710534,2.0,0.0013992667904048812,0.9986007332095951
2025-02-04,80.32562723432581,82.11676435921592,79.98117172275192,81.30976867675781,9880700,0.0,0.0,0.0037960039011846807,2.7584883481727354,2.7584883481727354,2.7584883481727354,34.73460388183594,-1.0,-1.8009719848632812,0.0,0.0,2.0,0.5,0.5
2025-02-05,85.05934122586449,86.03363910634485,83.74058784978132,84.37044525146484,14099000,0.0,0.0,0.0056204988435091885,2.8988727825594713,2.8988727825594713,2.8988727825594713,37.79528045654297,1.0,3.0606765747070312,3.9759332972827224,0.01106631517271009,2.0,1.0,0.0
2025-02-06,85.34474465255462,87.53937580181795,85.29553457847658,85.78760528564453,10576000,0.0,0.0,0.004286888602699703,2.9181626231161597,2.9181626231161597,2.9181626231161597,39.212440490722656,1.0,4.477836608886719,0.0,0.0,2.0,1.0,0.0
2025-02-07,87.28350473450111,87.36223034152711,84.77394111611989,85.04949951171875,8700800,0.0,0.0,0.0034964486900280083,2.8946002375655215,2.8946002375655215,2.8946002375655215,38.474334716796875,-1.0,-0.7381057739257812,0.0,0.0,0.027170693291157684,0.5,0.5
2025-02-10,84.34091403509184,84.55742634201928,82.32342869265602,82.57930755615234,9555000,0.0,0.0,0.0037281908781386266,2.882562421958179,2.882562421958179,2.882562421958179,36.00414276123047,-1.0,-3.2082977294921875,0.0,0.0,0.5133491445239289,0.5,0.5
2025-02-11,82.18565423566345,82.91391680315424,81.55580431106546,82.41200256347656,5046800,0.0,0.0,0.001965181979174413,2.773673141253222,2.773673141253222,2.773673141253222,35.83683776855469,-1.0,-3.3756027221679688,0.0,0.0,0.5682849721583332,0.5,0.5
2025-02-12,79.73513445402554,81.05388785969546,79.25290726112682,80.49292755126953,6427400,0.0,0.0,0.0024444956161682315,2.8012032956172592,2.8012032956172592,2.8012032956172592,33.917762756347656,-1.0,-5.294677734375,0.0,0.0,1.39811397813968,0.5,0.5
2025-02-13,78.27861165827055,78.86909502526423,77.45192893775672,77.57987213134766,10809200,0.0,0.0,0.003962222165958209,2.8183315326097986,2.8183315326097986,2.8183315326097986,31.00470733642578,-1.0,-8.207733154296875,0.0,0.0,2.0,0.5,0.5
2025-02-14,77.33383318348771,77.81606036819164,76.5858836154958,76.63509368896484,9875500,0.0,0.0,0.0035758805022085994,2.7048919054730876,2.7048919054730876,2.7048919054730876,30.05992889404297,-1.0,-9.152511596679688,0.0,0.0,2.0,0.5,0.5
2025-02-18,80.79800483832484,81.36880863397371,79.7744969142519,81.02436065673828,8712100,0.0,0.0,0.0033352982512657404,2.8498078368685005,2.8498078368685005,2.8498078368685005,34.449195861816406,1.0,4.3892669677734375,2.4997136087094844,0.0052652904305604915,0.2299870685602359,0.11762617949539819,0.8823738205046018
2025-02-19,81.62468844441915,82.3037408907765,81.25070991471219,82.077392578125,5948100,0.0,0.0,0.00230673669281028,2.737634436666337,2.737634436666337,2.737634436666337,35.502227783203125,1.0,5.442298889160156,0.0,0.0,0.3535771599940538,0.1767885799970269,0.8232114200029731
2025-02-20,81.61485039512047,82.66788144172054,81.39833807571429,82.41200256347656,5015200,0.0,0.0,0.0019528772017824195,2.6327707887620453,2.6327707887620453,2.6327707887620453,35.83683776855469,1.0,5.776908874511719,0.0,0.0,0.3983918618914918,0.1991959309457459,0.8008040690542542
2025-02-21,86.98825555693679,87.81493821650923,84.38027941086587,86.68317413330078,15128800,0.0,0.0,0.006196343690487129,2.8306397076385186,2.8306397076385186,2.8306397076385186,40.108009338378906,1.0,10.048080444335938,0.0,0.0,1.2052735640365042,0.6026367820182521,0.3973632179817479
2025-02-24,87.45080566647587,89.67496733948725,86.7225431306485,89.15336608886719,10476300,0.0,0.0,0.004413080837007664,2.8421506718205154,2.8421506718205154,2.8421506718205154,42.57820129394531,1.0,12.518272399902344,0.0,0.0,1.8707175460296392,0.9353587730148196,0.06464122698518038
2025-02-25,90.81656981393458,92.31246898985002,87.58858713003727,89.50765991210938,11465900,0.0,0.0,0.004849138226881066,2.976560042391389,2.976560042391389,2.976560042391389,42.9324951171875,1.0,12.872566223144531,0.0,0.0,1.9781066083967866,0.9890533041983933,0.010946695801606676
2025-02-26,89.58639265703997,89.67496928960094,87.86414516443124,88.12986755371094,7387800,0.0,0.0,0.003076340893220321,2.893293191161269,2.893293191161269,2.893293191161269,41.55470275878906,1.0,11.494773864746094,0.0,0.0,1.5773217360241027,0.7886608680120514,0.21133913198794863
2025-02-27,87.53937709679738,88.7597178746768,87.50001804703646,87.80509948730469,6953800,0.0,0.0,0.0028849490404002738,2.7766079509097734,2.7766079509097734,2.7766079509097734,41.22993469238281,-1.0,-0.32476806640625,0.0885690830008059,4.61465250055794e-06,0.00079826258755752,0.0057476439364804125,0.9942523560635196
2025-02-28,88.43494501129709,89.28130719880592,87.9625538451794,89.21241760253906,5962500,0.0,0.0,0.002513332296064025,2.683722219523449,2.683722219523449,2.683722219523449,42.63725280761719,1.0,1.407318115234375,0.0,0.0,2.0,1.0,0.0
2025-03-03,89.22226396383664,89.3009895703643,87.58858561683742,87.95272064208984,4810900,0.0,0.0,0.001999271701943277,2.614342343380837,2.614342343380837,2.614342343380837,41.37755584716797,1.0,0.14762115478515625,0.0,0.0,0.2066096287793671,0.10330481438968354,0.8966951856103165
2025-03-04,86.8996894832022,87.24413747492979,84.96092970467438,86.11237335205078,5203600,0.0,0.0,0.002117218476203066,2.6413029572404527,2.6413029572404527,2.6413029572404527,39.537208557128906,-1.0,-1.8403472900390625,3.0016241405050152,0.005763689968119951,2.0,0.002873563818583016,0.9971264361814169
2025-03-05,90.04894018087862,90.442598251656,88.85812996036937,89.4190902709961,8011700,0.0,0.0,0.003384941263100125,2.7619402388379357,2.7619402388379357,2.7619402388379357,42.84392547607422,1.0,3.3067169189453125,1.1416086812917001,0.0007099961846624756,2.0,1.0,0.0
2025-03-06,86.555237452118,87.61811201925042,86.0730102443722,86.64381408691406,5450900,0.0,0.0,0.002231526187421901,2.8036645093940757,2.8036645093940757,2.8036645093940757,40.06864929199219,-1.0,-2.7752761840820312,0.0,0.0,0.704398435453998,0.5,0.5
2025-03-07,86.9685794878895,87.14572524280608,84.9806096262252,85.78760528564453,5278200,0.0,0.0,0.0021394719575235977,2.758053874193133,2.758053874193133,2.758053874193133,39.212440490722656,-1.0,-3.6314849853515625,0.0,0.0,1.206075431797443,0.5,0.5
2025-03-10,78.54432209774755,79.42020733601015,77.05827400178467,77.69795989990234,12603400,0.0,0.0,0.004626936580731871,3.184573689169328,3.184573689169328,3.184573689169328,31.12279510498047,-1.0,-11.72113037109375,0.0,0.0,2.0,0.5,0.5
2025-03-11,77.62907005059151,78.01288459157635,75.77888694255167,76.87128448486328,7433500,0.0,0.0,0.0026999374008427656,3.1166754005875683,3.1166754005875683,3.1166754005875683,30.296119689941406,-1.0,-12.547805786132812,0.0,0.0,2.0,0.5,0.5
2025-03-12,73.14138758842101,74.14520849955866,72.6296373708299,73.60393524169922,10858200,0.0,0.0,0.0037762008229695223,3.197030522976555,3.197030522976555,3.197030522976555,27.028770446777344,-1.0,-15.815155029296875,0.0,0.0,2.0,0.5,0.5
2025-03-13,74.81442860347829,76.11349499766297,74.2042657190057,74.68649291992188,8228200,0.0,0.0,0.0029036423178701648,3.1479254681899262,3.1479254681899262,3.1479254681899262,28.111328125,1.0,1.0825576782226562,0.0,0.0,0.004685491802387381,0.0023427459011936907,0.9976572540988063
2025-03-14,74.54871415284796,76.32017174994034,74.04679991560457,75.926513671875,6505900,0.0,0.0,0.002333979588154091,3.0854573514860584,3.0854573514860584,3.0854573514860584,29.351348876953125,1.0,2.3225784301757812,0.0,0.0,0.02156720517337843,0.010783602586689214,0.9892163974133108
2025-03-17,78.37702253814341,79.28243084772521,78.09162062369634,78.87893676757812,5995800,0.0,0.0,0.0022346236820051115,3.104775910369212,3.104775910369212,3.104775910369212,32.30377197265625,1.0,5.275001525878906,0.0,0.0,0.11124955237808852,0.05562477618904426,0.9443752238109557
2025-03-18,80.90626767138006,81.26055919391172,78.93798477216127,79.6957778930664,5696400,0.0,0.0,0.002145023245761139,3.0531220900809535,3.0531220900809535,3.0531220900809535,33.12061309814453,1.0,6.0918426513671875,0.0,0.0,0.14837148640583184,0.07418574320291592,0.9258142567970841
2025-03-19,78.87893359021865,78.95766670311598,77.23541927760205,77.7471694946289,6920600,0.0,0.0,0.0025422868230031005,3.0107818418940537,3.0107818418940537,3.0107818418940537,31.17200469970703,-1.0,-1.9486083984375,0.856201346094295,0.0007544359004484816,0.10231793947463969,0.0073194771897225844,0.9926805228102774
2025-03-20,77.96368557235716,78.29829005575283,77.24525902212048,77.5405044555664,4572500,0.0,0.0,0.0016752458372139576,2.8709424984467895,2.8709424984467895,2.8709424984467895,30.96533966064453,-1.0,-2.1552734375,0.0,0.0,0.12517205969195527,0.5,0.5
2025-03-21,74.75537692475123,76.06428673767178,74.32235232296634,75.64110565185547,5880500,0.0,0.0,0.002101688432221291,2.8957431866005954,2.8957431866005954,2.8957431866005954,29.065940856933594,-1.0,-4.0546722412109375,0.0,0.0,0.44301063610874397,0.5,0.5
2025-03-24,73.78108445988285,74.7947489348928,73.71219485988422,74.1353759765625,8083200,0.0,0.0,0.00283142479034027,2.8266837298413563,2.8266837298413563,2.8266837298413563,27.560211181640625,-1.0,-5.560401916503906,0.0,0.0,0.8331342991393944,0.5,0.5
2025-03-25,74.6766491868723,74.8439589367654,72.03914984772587,72.43280792236328,8895600,0.0,0.0,0.003044435509023772,2.8251212554983693,2.8251212554983693,2.8251212554983693,25.857643127441406,-1.0,-7.262969970703125,0.0,0.0,1.4214485427307992,0.5,0.5
2025-03-26,71.40929994436277,71.70454537749414,70.46452507010697,70.59246826171875,7582300,0.0,0.0,0.002529039090361407,2.7639185124096506,2.7639185124096506,2.7639185124096506,24.017303466796875,-1.0,-9.103309631347656,0.0,0.0,2.0,0.5,0.5
2025-03-27,69.04736328125,69.51974694206694,68.66354123278222,69.04736328125,7970800,0.0,0.0,0.002600430326178458,2.704276263590142,2.704276263590142,2.704276263590142,22.472198486328125,-1.0,-10.648414611816406,0.0,0.0,2.0,0.5,0.5
2025-03-28,69.05720226611272,69.23434802365654,68.08290435382335,68.20100402832031,5867000,0.0,0.0,0.00189061486252114,2.5933596497503593,2.5933596497503593,2.5933596497503593,21.625839233398438,-1.0,-11.494773864746094,0.0,0.0,2.0,0.5,0.5
2025-03-31,67.72000122070312,69.62999725341797,66.87999725341797,69.44000244140625,6826100,1.099,0.0,0.002239641905561314,2.6045482461967624,2.6045482461967624,2.6045482461967624,22.864837646484375,-1.0,-10.255775451660156,0.11025031135102381,2.3250023984365756e-05,2.0,1.1624876852850057e-05,0.9999883751231472
2025-04-01,69.9800033569336,70.0,67.63999938964844,68.02999877929688,6213800,0.0,0.0,0.001997348947895982,2.5870805579221052,2.5870805579221052,2.5870805579221052,21.454833984375,1.0,-1.410003662109375,0.765651976343463,0.0012735397331813895,0.05357264965961116,0.02322020448969875,0.9767797955103013
2025-04-02,67.51000213623047,68.72000122070312,67.31999969482422,68.23999786376953,7337200,0.0,0.0,0.002365732156808044,2.5022891984904483,2.5022891984904483,2.5022891984904483,21.664833068847656,-1.0,0.20999908447265625,0.0,0.0,0.022181674164083627,0.011090837082041814,0.9889091629179582
2025-04-03,68.43000030517578,68.54000091552734,67.0,67.0999984741211,8822500,0.0,0.0,0.002797115427096633,2.433554321135941,2.433554321135941,2.433554321135941,20.52483367919922,-1.0,-0.9300003051757812,0.6399993896484375,0.0009722989718772383,2.0,0.0004859132594573232,0.9995140867405427
2025-04-04,65.2300033569336,65.47000122070312,62.369998931884766,62.54999923706055,10869500,0.0,0.0,0.003212425664098867,2.5975861226431114,2.5975861226431114,2.5975861226431114,15.974834442138672,-1.0,-5.479999542236328,0.0,0.0,2.0,0.5,0.5
2025-04-07,61.439998626708984,65.27999877929688,60.61000061035156,63.63999938964844,14551900,0.0,0.0,0.004375685297214442,2.74561555452184,2.74561555452184,2.74561555452184,17.064834594726562,-1.0,-4.3899993896484375,0.0,0.0,2.0,0.5,0.5
2025-04-08,64.91999816894531,65.05000305175781,60.83000183105469,61.599998474121094,8100500,0.0,0.0,0.0023577010612521655,2.850928816391932,2.850928816391932,2.850928816391932,15.024833679199219,-1.0,-6.430000305175781,0.0,0.0,2.0,0.5,0.5
2025-04-09,60.4900016784668,65.30000305175781,59.52000045776367,65.08999633789062,13243300,0.0,0.0,0.004072927462813413,3.0601483719349467,3.0601483719349467,3.0601483719349467,18.51483154296875,-1.0,-2.94000244140625,0.0200042724609375,1.1673631830659847e-06,2.0,5.83681250848991e-07,0.9999994163187491
2025-04-10,63.119998931884766,63.2400016784668,59.31999969482422,61.209999084472656,9984000,0.0,0.0,0.0028875077368579545,3.253708962730051,3.253708962730051,3.253708962730051,14.634834289550781,-1.0,-6.819999694824219,0.0,0.0,2.0,0.5,0.5
2025-04-11,63.72999954223633,65.0,63.22999954223633,64.7300033569336,11392100,0.0,0.0,0.003484220481085954,3.2920155307870003,3.2920155307870003,3.2920155307870003,18.15483856201172,1.0,3.5200042724609375,0.0,0.0,0.26638984844938096,0.13319492422469048,0.8668050757753095
2025-04-14,66.4800033569336,66.75,65.33000183105469,66.05999755859375,8067300,0.0,0.0,0.0025180420130171263,3.201157038806958,3.201157038806958,3.201157038806958,19.484832763671875,1.0,4.849998474121094,0.0,0.0,0.5057250820019378,0.2528625410009689,0.7471374589990312
2025-04-15,65.63999938964844,65.94999694824219,63.86000061035156,64.48999786376953,5945600,0.0,0.0,0.0018116915626384337,3.129645603766617,3.129645603766617,3.129645603766617,17.914833068847656,-1.0,-1.5699996948242188,0.0,0.0,0.10478905697665591,0.5,0.5
2025-04-16,64.33000183105469,64.41000366210938,62.400001525878906,62.880001068115234,6302600,0.0,0.0,0.0018725287601630445,3.055384941918332,3.055384941918332,3.055384941918332,16.30483627319336,-1.0,-3.1799964904785156,0.0,0.0,0.42990260569472033,0.5,0.5
2025-04-17,57.90999984741211,59.060001373291016,57.279998779296875,58.08000183105469,32220600,0.0,0.0,0.008842121047198769,3.2371433238397627,3.2371433238397627,3.2371433238397627,11.504837036132812,-1.0,-7.9799957275390625,0.0,0.0,2.0,0.5,0.5
2025-04-21,58.25,59.29999923706055,57.0,58.33000183105469,13419300,0.0,0.0,0.0036984356210782413,3.17020446049839,3.17020446049839,3.17020446049839,11.754837036132812,-1.0,-7.7299957275390625,0.0,0.0,2.0,0.5,0.5
2025-04-22,59.0099983215332,60.18000030517578,58.91999816894531,59.90999984741211,11697900,0.0,0.0,0.0033113373989546555,3.075904032900012,3.075904032900012,3.075904032900012,13.334835052490234,1.0,1.5799980163574219,1.1199989318847656,0.007054397393711497,0.04177866666333178,0.024416532028521638,0.9755834679714783
2025-04-23,61.77000045776367,62.43000030517578,60.88999938964844,61.29999923706055,9128700,0.0,0.0,0.0026440253533992586,3.0361966346759877,3.0361966346759877,3.0361966346759877,14.724834442138672,1.0,2.9699974060058594,0.0,0.0,0.1476228658776512,0.0738114329388256,0.9261885670611744
2025-04-24,62.47999954223633,62.7400016784668,61.84000015258789,62.630001068115234,7891100,0.0,0.0,0.002335157497178868,2.9221827637281494,2.9221827637281494,2.9221827637281494,16.05483627319336,1.0,4.299999237060547,0.0,0.0,0.3094412803061815,0.15472064015309075,0.8452793598469093
2025-04-25,60.66999816894531,62.27000045776367,60.56999969482422,62.08000183105469,7835200,0.0,0.0,0.0022982539698096897,2.860598378696926,2.860598378696926,2.860598378696926,15.504837036132812,-1.0,-0.5499992370605469,0.31999969482421875,0.0004259559767890266,0.016360155116858906,0.025375500877640057,0.9746244991223599
2025-04-28,62.189998626708984,63.25,61.970001220703125,62.619998931884766,6280300,0.0,0.0,0.001858188024680271,2.747698407311208,2.747698407311208,2.747698407311208,16.04483413696289,1.0,0.5399971008300781,0.5099983215332031,0.0010103387957442242,0.9639592657558315,0.4824848022757878,0.5175151977242122
2025-04-29,65.26000213623047,65.41000366210938,64.16000366210938,65.16000366210938,10923700,0.0,0.0,0.0033631564897030767,2.750720287519308,2.750720287519308,2.750720287519308,18.5848388671875,1.0,3.0800018310546875,0.0,0.0,2.0,1.0,0.0
2025-04-30,66.47000122070312,66.63999938964844,65.4000015258789,66.44999694824219,9242900,0.0,0.0,0.0029020135167939372,2.6599542475207194,2.6599542475207194,2.6599542475207194,19.874832153320312,1.0,4.3699951171875,0.0,0.0,2.0,1.0,0.0
2025-05-01,68.80999755859375,68.83000183105469,64.18000030517578,65.5999984741211,16439500,0.0,0.0,0.0050955215778885074,2.8021004816891613,2.8021004816891613,2.8021004816891613,19.02483367919922,1.0,3.5199966430664062,0.0,0.0,2.0,1.0,0.0
2025-05-02,69.75,69.86000061035156,68.52999877929688,69.2300033569336,13466300,0.0,0.0,0.004404928356515829,2.9062363141563976,2.9062363141563976,2.9062363141563976,22.65483856201172,1.0,7.150001525878906,0.0,0.0,2.0,1.0,0.0
2025-05-05,69.16999816894531,69.79000091552734,68.88999938964844,69.12000274658203,8811400,0.0,0.0,0.002877695745756277,2.762933829279434,2.762933829279434,2.762933829279434,22.544837951660156,1.0,7.040000915527344,0.0,0.0,2.0,1.0,0.0
2025-05-06,67.95999908447266,68.12000274658203,65.98999786376953,66.29000091552734,10554700,0.0,0.0,0.0033059031777890433,2.7891531902460813,2.7891531902460813,2.7891531902460813,19.71483612060547,-1.0,-2.8300018310546875,2.5400009155273438,0.016598980074570297,0.16159503084468227,0.09315116702823427,0.9068488329717658
2025-05-07,69.3499984741211,69.66999816894531,66.81999969482422,67.55000305175781,14153000,0.0,0.0,0.004517208023507652,2.8313563376155018,2.8313563376155018,2.8313563376155018,20.974838256835938,1.0,1.2600021362304688,0.0,0.0,0.19822988536451125,0.09911494268225562,0.9008850573177444
2025-05-08,65.91000366210938,65.95999908447266,64.4000015258789,64.8499984741211,12047100,0.0,0.0,0.003691379505983038,2.854116708205745,2.854116708205745,2.854116708205745,18.27483367919922,-1.0,-2.7000045776367188,1.589996337890625,0.007569817023039209,2.0,0.003770636995461631,0.9962293630045383
2025-05-09,67.0,67.44000244140625,65.58999633789062,65.7699966430664,13071300,0.0,0.0,0.0040620270691344345,2.835251512425703,2.835251512425703,2.835251512425703,19.19483184814453,1.0,0.9199981689453125,0.0,0.0,0.11610339655319207,0.05805169827659604,0.9419483017234039
2025-05-12,64.08999633789062,67.75,64.04000091552734,67.73999786376953,18259700,0.0,0.0,0.0058443340022456295,2.8977334818576286,2.8977334818576286,2.8977334818576286,21.164833068847656,1.0,2.8899993896484375,0.3600006103515625,0.00028931888268857365,1.1456883609877562,0.5729888399352224,0.4270111600647776
2025-05-13,66.61000061035156,66.62999725341797,64.94999694824219,65.4000015258789,10357000,0.0,0.0,0.0032004271495893635,2.8900382985483226,2.8900382985483226,2.8900382985483226,18.82483673095703,1.0,0.5500030517578125,0.6399993896484375,0.0011558372406587742,0.04149551868373437,0.021325677962196574,0.9786743220378035
2025-05-14,66.5,66.83000183105469,64.08999633789062,64.41000366210938,10176100,0.0,0.0,0.003096926520707079,2.8793216695923043,2.8793216695923043,2.8793216695923043,17.8348388671875,1.0,-0.43999481201171875,0.0,0.0,0.6399778057132967,0.5,0.5
2025-05-15,65.19999694824219,66.30000305175781,64.77999877929688,66.1500015258789,9074700,0.0,0.0,0.0028363403700712303,2.808655792453457,2.808655792453457,2.808655792453457,19.57483673095703,1.0,1.3000030517578125,0.0,0.0,2.0,1.0,0.0
2025-05-16,64.4000015258789,64.69999694824219,63.130001068115234,64.37000274658203,19012600,0.0,0.0,0.005782574679281803,2.8237518399756154,2.8237518399756154,2.8237518399756154,17.794837951660156,-1.0,-1.779998779296875,0.9599952697753906,0.0029103827747153574,1.8747815258550693,0.001549978865723058,0.9984500211342769
2025-05-19,65.37000274658203,67.02999877929688,64.87000274658203,67.0199966430664,11194300,0.0,0.0,0.0035448474837710053,2.812054996599846,2.812054996599846,2.812054996599846,20.44483184814453,1.0,2.649993896484375,0.7299957275390625,0.0012748924543476722,2.0,1.0,0.0
2025-05-20,69.44000244140625,70.0,67.6500015258789,68.19999694824219,12559100,0.0,0.0,0.0040470547982602665,2.8240513080522565,2.8240513080522565,2.8240513080522565,21.624832153320312,1.0,3.8299942016601562,0.0,0.0,2.0,1.0,0.0
2025-05-21,68.31999969482422,69.75,68.12999725341797,68.19999694824219,8983400,0.0,0.0,0.002894818265217354,2.738047839375812,2.738047839375812,2.738047839375812,21.624832153320312,1.0,3.8299942016601562,0.0,0.0,2.0,1.0,0.0
2025-05-22,66.41000366210938,68.5199966430664,66.36000061035156,68.16999816894531,7192300,0.0,0.0,0.0023166332621090665,2.6967584246143144,2.6967584246143144,2.6967584246143144,21.594833374023438,-1.0,-0.029998779296875,1.2900009155273438,0.003568455803900237,6.134948661149613e-05,0.9830984083989677,0.01690159160103233
2025-05-23,67.26000213623047,67.88999938964844,66.5999984741211,67.3499984741211,6508400,0.0,0.0,0.002071133235469786,2.616275658200736,2.616275658200736,2.616275658200736,20.77483367919922,-1.0,-0.8499984741210938,0.0,0.0,0.04925383591336791,0.5,0.5
2025-05-27,70.80999755859375,71.30000305175781,69.87000274658203,70.44000244140625,9250600,0.0,0.0,0.0030788283424477087,2.711542009589021,2.711542009589021,2.711542009589021,23.864837646484375,1.0,3.0900039672851562,2.7800064086914062,0.013569836838400332,2.0,1.0,0.0
2025-05-28,69.37999725341797,69.87999725341797,68.36000061035156,68.5999984741211,7864700,0.0,0.0,0.002549191597549081,2.6664319968365686,2.6664319968365686,2.6664319968365686,22.02483367919922,-1.0,-1.8400039672851562,0.0,0.0,0.354584252991259,0.5,0.5
2025-05-29,69.26000213623047,69.5,68.30000305175781,69.45999908447266,8993300,0.0,0.0,0.002951549461163962,2.561686636222684,2.561686636222684,2.561686636222684,22.88483428955078,-1.0,-0.9800033569335938,0.0,0.0,0.10058588760618498,0.5,0.5
2025-05-30,69.79000091552734,71.56999969482422,69.06999969482422,71.5,11194200,0.0,0.0,0.0037817717640581286,2.557280447921064,2.557280447921064,2.557280447921064,24.924835205078125,1.0,2.0400009155273438,1.69000244140625,0.0045973765137430475,2.0,1.0,0.0
2025-06-02,71.7699966430664,72.8499984741211,71.26000213623047,72.83000183105469,16807900,0.0,0.0,0.005783889504877333,2.4881887257760327,2.4881887257760327,2.4881887257760327,26.254837036132812,1.0,3.3700027465820312,0.0,0.0,2.0,1.0,0.0
2025-06-03,71.5999984741211,71.95999908447266,70.58000183105469,70.91000366210938,8822700,0.0,0.0,0.0029560054545313182,2.471175245363459,2.471175245363459,2.471175245363459,24.3348388671875,-1.0,-1.9199981689453125,0.0,0.0,0.32459447207161135,0.5,0.5
2025-06-04,72.18000030517578,73.13999938964844,72.0199966430664,72.04000091552734,6917000,0.0,0.0,0.002354440374634318,2.4539481369474307,2.4539481369474307,2.4539481369474307,25.46483612060547,1.0,1.1299972534179688,0.29000091552734375,0.0001296931285373153,0.3463802702412291,0.1732549816848832,0.8267450183151168
2025-06-05,73.13999938964844,73.6500015258789,72.31999969482422,72.6500015258789,5090500,0.0,0.0,0.0017473997963325916,2.3936661707620117,2.3936661707620117,2.3936661707620117,26.07483673095703,1.0,1.7399978637695312,0.0,0.0,0.821288612360388,0.410644306180194,0.589355693819806
2025-06-06,74.1500015258789,75.16000366210938,73.97000122070312,74.62999725341797,9549900,0.0,0.0,0.003367506640765842,2.4019758825811874,2.4019758825811874,2.4019758825811874,28.054832458496094,1.0,3.7199935913085938,0.0,0.0,2.0,1.0,0.0
2025-06-09,75.01000213623047,76.8499984741211,74.16000366210938,75.45999908447266,10885800,0.0,0.0,0.00388126555246648,2.422548663254797,2.422548663254797,2.422548663254797,28.88483428955078,1.0,4.549995422363281,0.0,0.0,2.0,1.0,0.0
2025-06-10,77.98999786376953,80.44000244140625,77.44000244140625,79.33000183105469,13076800,0.0,0.0,0.004901569411604639,2.6052239985175683,2.6052239985175683,2.6052239985175683,32.75483703613281,1.0,8.419998168945312,0.0,0.0,2.0,1.0,0.0
2025-06-11,79.08000183105469,79.83000183105469,78.33999633789062,78.7300033569336,9211600,0.0,0.0,0.003426664239252833,2.525565533849461,2.525565533849461,2.525565533849461,32.15483856201172,1.0,7.819999694824219,0.0,0.0,2.0,1.0,0.0
2025-06-12,80.63999938964844,81.16000366210938,79.91999816894531,81.05000305175781,10562500,0.0,0.0,0.004044976182099087,2.5187394460870554,2.5187394460870554,2.5187394460870554,34.47483825683594,1.0,10.139999389648438,0.0,0.0,2.0,1.0,0.0
2025-06-13,81.41000366210938,81.44000244140625,79.43000030517578,79.83000183105469,7491800,0.0,0.0,0.002825846227843352,2.482401066811585,2.482401066811585,2.482401066811585,33.25483703613281,1.0,8.919998168945312,0.0,0.0,2.0,1.0,0.0
2025-06-16,77.83999633789062,78.37999725341797,76.62000274658203,77.0199966430664,8181900,0.0,0.0,0.002977514422386517,2.5343723537873757,2.5343723537873757,2.5343723537873757,30.44483184814453,-1.0,-2.8100051879882812,3.2999954223632812,0.011748962440791925,0.0992395332487189,0.10585747980276737,0.8941425201972326
2025-06-17,75.51000213623047,75.77999877929688,74.13999938964844,74.33999633789062,8080000,0.0,0.0,0.002838115773307957,2.5590598466181325,2.5590598466181325,2.5590598466181325,27.76483154296875,-1.0,-5.4900054931640625,0.0,0.0,0.37880528324807466,0.5,0.5
2025-06-18,74.55999755859375,74.81999969482422,73.69999694824219,74.01000213623047,5462300,0.0,0.0,0.0019101267064148195,2.456270053758411,2.456270053758411,2.456270053758411,27.434837341308594,-1.0,-5.819999694824219,0.0,0.0,0.4257124911279568,0.5,0.5
2025-06-20,73.83999633789062,74.37999725341797,72.73999786376953,73.7699966430664,8213000,0.0,0.0,0.0028627129178379293,2.3979650063219844,2.3979650063219844,2.3979650063219844,27.19483184814453,-1.0,-6.060005187988281,0.0,0.0,0.4615475622293232,0.5,0.5
2025-06-23,68.87000274658203,70.05000305175781,68.54000091552734,69.72000122070312,15397900,0.0,0.0,0.0050724186665143745,2.6002529149803473,2.6002529149803473,2.6002529149803473,23.14483642578125,-1.0,-10.110000610351562,0.0,0.0,1.2846145396114852,0.5,0.5
2025-06-24,70.25,71.04000091552734,69.86000061035156,70.7300033569336,7386300,0.0,0.0,0.002468464198431236,2.508806256397767,2.508806256397767,2.508806256397767,24.15483856201172,1.0,1.0100021362304688,0.0,0.0,0.009980268402865554,0.004990134201432777,0.9950098657985672
2025-06-25,68.86000061035156,68.87999725341797,66.87000274658203,67.3499984741211,13688100,0.0,0.0,0.00435589067058478,2.6053201388230383,2.6053201388230383,2.6053201388230383,20.77483367919922,-1.0,-3.3800048828125,1.6699981689453125,0.00646185009475453,2.0,0.0032205197893243626,0.9967794802106756
2025-06-26,67.62000274658203,68.37999725341797,67.19000244140625,67.69999694824219,8142000,0.0,0.0,0.002604449604613225,2.5042254726222297,2.5042254726222297,2.5042254726222297,21.124832153320312,-1.0,-3.0300064086914062,0.0,0.0,2.0,0.5,0.5
2025-06-27,68.76000213623047,68.94000244140625,67.97000122070312,68.51000213623047,5629400,0.0,0.0,0.0018222682193019507,2.413924045518075,2.413924045518075,2.413924045518075,21.934837341308594,1.0,0.8100051879882812,0.06000518798828125,7.483568958637474e-06,0.07146419513703864,0.035735839352998636,0.9642641606470014
2025-06-30,69.43000030517578,69.55000305175781,68.54000091552734,69.0199966430664,7637400,0.0,0.0,0.002490672822704062,2.3157866790901656,2.3157866790901656,2.3157866790901656,22.44483184814453,1.0,1.3199996948242188,0.0,0.0,0.18978442459161757,0.09489221229580878,0.9051077877041912
2025-07-01,68.41000366210938,70.41999816894531,68.12000274658203,69.81999969482422,6851700,0.0,0.0,0.002260343239675903,2.3146587321811025,2.3146587321811025,2.3146587321811025,23.244834899902344,1.0,2.1200027465820312,0.0,0.0,0.4895372603446564,0.2447686301723282,0.7552313698276718
2025-07-02,69.55999755859375,70.33000183105469,68.9000015258789,69.81999969482422,7908300,0.0,0.0,0.002608910553925149,2.2514688445378654,2.2514688445378654,2.2514688445378654,23.244834899902344,1.0,2.1200027465820312,0.0,0.0,0.4895372603446564,0.2447686301723282,0.7552313698276718
2025-07-03,69.27999877929688,69.4000015258789,68.58000183105469,69.16999816894531,4047900,0.0,0.0,0.0013229509743298044,2.1792209173401274,2.1792209173401274,2.1792209173401274,22.594833374023438,-1.0,-0.6500015258789062,0.0,0.0,0.0940060717550183,0.5,0.5
2025-07-07,69.36000061035156,69.54000091552734,68.70999908447266,69.31999969482422,7313500,0.0,0.0,0.00239541094221572,2.082848125462596,2.082848125462596,2.082848125462596,22.744834899902344,1.0,0.15000152587890625,0.0,0.0,0.053255271305213056,0.026627635652606528,0.9733723643473935
2025-07-08,69.44999694824219,70.61000061035156,68.6500015258789,69.63999938964844,9867100,0.0,0.0,0.0032467174822950716,2.0740731939633146,2.0740731939633146,2.0740731939633146,23.064834594726562,1.0,0.470001220703125,0.0,0.0,0.5228404978284905,0.26142024891424526,0.7385797510857548
2025-07-09,68.98999786376953,69.87000274658203,68.86000061035156,69.69000244140625,5380000,0.0,0.0,0.0017715318573053264,1.9980681184109685,1.9980681184109685,1.9980681184109685,23.114837646484375,1.0,0.5200042724609375,0.0,0.0,0.6400075120236394,0.3200037560118197,0.6799962439881804
2025-07-10,69.58000183105469,71.75,69.5199966430664,71.01000213623047,6373900,0.0,0.0,0.002138557749843185,2.0146349211625845,2.0146349211625845,2.0146349211625845,24.434837341308594,1.0,1.8400039672851562,0.0,0.0,2.0,1.0,0.0
2025-07-11,69.73999786376953,69.88999938964844,68.52999877929688,68.93000030517578,6522400,0.0,0.0,0.0021242807859856517,2.0478755237176567,2.0478755237176567,2.0478755237176567,22.354835510253906,-1.0,-2.0800018310546875,0.3300018310546875,0.00021791631283801457,1.2778795370476934,0.00017050054537315768,0.9998294994546268
2025-07-14,68.5999984741211,69.55000305175781,68.4800033569336,68.94000244140625,6015900,0.0,0.0,0.001959603083690991,1.9780272502252683,1.9780272502252683,1.9780272502252683,22.364837646484375,-1.0,-2.0699996948242188,0.0,0.0,1.2656191691301253,0.5,0.5
2025-07-15,69.48999786376953,69.48999786376953,66.70999908447266,67.22000122070312,7250800,0.0,0.0,0.0023029295545358404,2.03531093087324,2.03531093087324,2.03531093087324,20.64483642578125,-1.0,-3.7900009155273438,0.0,0.0,2.0,0.5,0.5
2025-07-16,67.33999633789062,68.04000091552734,66.98999786376953,67.04000091552734,5611100,0.0,0.0,0.001777371579593916,1.9649317966507098,1.9649317966507098,1.9649317966507098,20.46483612060547,-1.0,-3.970001220703125,0.0,0.0,2.0,0.5,0.5
2025-07-17,66.18000030517578,66.41000366210938,64.87000274658203,65.29000091552734,9041800,0.0,0.0,0.002789316413112573,1.9795793946717528,1.9795793946717528,1.9795793946717528,18.71483612060547,-1.0,-5.720001220703125,0.0,0.0,2.0,0.5,0.5
2025-07-18,65.66999816894531,65.79000091552734,64.16000366210938,64.30999755859375,8051200,0.0,0.0,0.0024464442273428554,1.954609241725054,1.954609241725054,1.954609241725054,17.734832763671875,-1.0,-6.700004577636719,0.0,0.0,2.0,0.5,0.5
2025-07-21,64.75,65.33000183105469,64.12000274658203,64.91999816894531,8280700,0.0,0.0,0.0025400470489585795,1.9014228019213113,1.9014228019213113,1.9014228019213113,18.344833374023438,-1.0,-6.090003967285156,0.0,0.0,2.0,0.5,0.5
2025-07-22,65.5199966430664,66.97000122070312,65.44999694824219,66.77999877929688,8970300,0.0,0.0,0.0028304115364024625,1.912035676909633,1.912035676909633,1.912035676909633,20.204833984375,1.0,1.8600006103515625,1.1800003051757812,0.0034107796765637647,0.09328053373045017,0.04834565670350697,0.951654343296493
2025-07-23,68.97000122070312,70.37999725341797,68.87999725341797,70.02999877929688,11980400,0.0,0.0,0.003964164321602656,2.032604448139023,2.032604448139023,2.032604448139023,23.454833984375,1.0,5.1100006103515625,0.0,0.0,0.7040552688531418,0.3520276344265709,0.6479723655734291
2025-07-24,70.6500015258789,71.37999725341797,70.22000122070312,70.7300033569336,10161000,0.0,0.0,0.003395754940939278,1.9838468785663137,1.9838468785663137,1.9838468785663137,24.15483856201172,1.0,5.810005187988281,0.0,0.0,0.9101603022019233,0.45508015110096167,0.5449198488990383
2025-07-25,71.0199966430664,71.80000305175781,70.58000183105469,71.69999694824219,7350200,0.0,0.0,0.0024900869076154614,1.9292864744332288,1.9292864744332288,1.9292864744332288,25.124832153320312,1.0,6.779998779296875,0.0,0.0,1.239435925695934,0.619717962847967,0.380282037152033
2025-07-28,71.0,71.27999877929688,68.47000122070312,69.0,7156200,0.0,0.0,0.0023330700123537274,2.0221942782265026,2.0221942782265026,2.0221942782265026,22.424835205078125,-1.0,-2.6999969482421875,1.75,0.006090003987272845,0.15858690199275488,0.036981530294305204,0.9630184697056948
2025-07-29,53.95000076293945,55.369998931884766,53.5099983215332,53.939998626708984,110735600,0.0,0.0,0.028222430057376336,2.9841805211008094,2.9841805211008094,2.9841805211008094,7.364833831787109,-1.0,-17.759998321533203,0.0,0.0,2.0,0.5,0.5
2025-07-30,51.2599983215332,51.369998931884766,49.599998474121094,50.029998779296875,65866200,0.0,0.0,0.015570025077028734,3.081024780492744,3.081024780492744,3.081024780492744,3.454833984375,-1.0,-21.669998168945312,0.0,0.0,2.0,0.5,0.5
2025-07-31,48.959999084472656,49.29999923706055,46.900001525878906,47.06999969482422,50372500,0.0,0.0,0.011202989069681363,3.084522814273117,3.084522814273117,3.084522814273117,0.49483489990234375,-1.0,-24.62999725341797,0.0,0.0,2.0,0.5,0.5
2025-08-01,48.27000045776367,49.029998779296875,47.54999923706055,48.189998626708984,34787400,0.0,0.0,0.0079209103163123,3.0041996907159416,3.0041996907159416,3.0041996907159416,1.6148338317871094,-1.0,-23.509998321533203,0.0,0.0,2.0,0.5,0.5
2025-08-04,49.08000183105469,49.209999084472656,48.36000061035156,48.810001373291016,20691900,0.0,0.0,0.004772054577129961,2.862471174076494,2.862471174076494,2.862471174076494,2.2348365783691406,1.0,0.6200027465820312,0.0,0.0,0.0006954758125446513,0.00034773790627232567,0.9996522620937277
2025-08-05,47.880001068115234,48.20000076293945,47.119998931884766,47.220001220703125,21508400,0.0,0.0,0.004798774139808946,2.778723407457191,2.778723407457191,2.778723407457191,0.64483642578125,-1.0,-1.5900001525878906,0.43000030517578125,0.4446705866809682,2.0,0.18189386705252578,0.8181061329474743
2025-08-06,45.970001220703125,46.4900016784668,45.04999923706055,45.380001068115234,37438100,0.0,0.0,0.00802739277024199,2.735243305756147,2.735243305756147,2.735243305756147,-1.1951637268066406,-1.0,-3.4300003051757812,0.0,0.0,2.0,0.0,1.0
2025-08-07,48.470001220703125,49.099998474121094,47.91999816894531,48.7599983215332,40780500,0.0,0.0,0.009395338668145495,2.8055828843454123,2.8055828843454123,2.8055828843454123,2.184833526611328,1.0,3.3799972534179688,0.8999977111816406,0.16968603702287602,0.9710562265893482,0.5703711318061121,0.4296288681938879
2025-08-08,50.70000076293945,51.29999923706055,50.11000061035156,51.08000183105469,23367500,0.0,0.0,0.005639743686540829,2.7866127437155503,2.7866127437155503,2.7866127437155503,4.5048370361328125,1.0,5.700000762939453,0.0,0.0,2.0,1.0,0.0
2025-08-11,50.400001525878906,50.70000076293945,49.790000915527344,49.869998931884766,16177600,0.0,0.0,0.003811971659584864,2.6797118988449644,2.6797118988449644,2.6797118988449644,3.2948341369628906,-1.0,-1.2100028991699219,0.0,0.0,0.04506330021733137,0.5,0.5
2025-08-12,49.41999816894531,50.310001373291016,49.380001068115234,49.779998779296875,10921900,0.0,0.0,0.0025689123623418232,2.554732499297166,2.554732499297166,2.554732499297166,3.204833984375,-1.0,-1.3000030517578125,0.0,0.0,0.05201623521600129,0.5,0.5
2025-08-13,50.279998779296875,51.2400016784668,50.2400016784668,50.900001525878906,19443200,0.0,0.0,0.004676078034705133,2.4765375278595054,2.4765375278595054,2.4765375278595054,4.324836730957031,1.0,1.1200027465820312,0.5400009155273438,0.015590123608873959,0.7422486762840649,0.3789193999464694,0.6210806000535306
2025-08-14,50.47999954223633,50.95000076293945,49.869998931884766,50.95000076293945,12620600,0.0,0.0,0.0030382283257532937,2.376784978087733,2.376784978087733,2.376784978087733,4.374835968017578,-1.0,0.049999237060546875,0.0,0.0,0.0014792378517788423,0.0007396189258894212,0.9992603810741105
2025-08-15,51.439998626708984,52.75,51.369998931884766,52.40999984741211,17622500,0.0,0.0,0.004363931138109115,2.3355859965857912,2.3355859965857912,2.3355859965857912,5.834835052490234,1.0,1.4599990844726562,0.0,0.0,1.2612942714918138,0.6306471357459069,0.3693528642540931
2025-08-18,54.599998474121094,54.9900016784668,53.75,53.75,32445100,0.0,0.0,0.00823993520943573,2.3530442704764267,2.3530442704764267,2.3530442704764267,7.174835205078125,1.0,2.799999237060547,0.0,0.0,2.0,1.0,0.0
2025-08-19,54.56999969482422,55.47999954223633,54.02000045776367,54.779998779296875,25993700,0.0,0.0,0.006728005406563911,2.308541075602134,2.308541075602134,2.308541075602134,8.204833984375,1.0,3.829998016357422,0.0,0.0,2.0,1.0,0.0
2025-08-20,54.33000183105469,54.630001068115234,53.83000183105469,54.29999923706055,14100700,0.0,0.0,0.003617734633777445,2.2115022093621377,2.2115022093621377,2.2115022093621377,7.724834442138672,-1.0,-0.4799995422363281,0.0,0.0,0.015706685518711763,0.5,0.5
2025-08-21,54.79999923706055,55.849998474121094,54.56999969482422,55.45000076293945,12883200,0.0,0.0,0.003375371013881055,2.1642519970548815,2.1642519970548815,2.1642519970548815,8.874835968017578,1.0,1.1500015258789062,0.3699989318847656,0.0017381220578027783,2.0,1.0,0.0
2025-08-22,56.709999084472656,57.5099983215332,56.63999938964844,56.97999954223633,17913400,0.0,0.0,0.004822771394382942,2.156805251450515,2.156805251450515,2.156805251450515,10.404834747314453,1.0,2.6800003051757812,0.0,0.0,2.0,1.0,0.0
2025-08-25,57.43000030517578,58.34000015258789,56.25,56.34000015258789,16185000,0.0,0.0,0.004308496641869556,2.1520334586746133,2.1520334586746133,2.1520334586746133,9.764835357666016,1.0,2.0400009155273438,0.0,0.0,2.0,1.0,0.0
2025-08-26,55.02000045776367,55.369998931884766,54.599998474121094,55.34000015258789,12869500,0.0,0.0,0.003365092769539094,2.122602617231198,2.122602617231198,2.122602617231198,8.764835357666016,-1.0,-1.0,2.0400009155273438,0.05417179166649819,0.24029197962917556,0.18396759447906344,0.8160324055209366
2025-08-27,55.68000030517578,56.630001068115234,55.31999969482422,56.439998626708984,11697700,0.0,0.0,0.003119490626257541,2.0645596712354704,2.0645596712354704,2.0645596712354704,9.86483383178711,1.0,1.0999984741210938,0.0,0.0,1.2099966430687346,0.6049983215343673,0.3950016784656327
2025-08-28,56.720001220703125,56.7599983215332,55.709999084472656,56.11000061035156,9542500,0.0,0.0,0.002529872610828706,1.9920910687944045,1.9920910687944045,1.9920910687944045,9.534835815429688,1.0,0.7700004577636719,0.0,0.0,0.5929007049562642,0.2964503524781321,0.7035496475218679
2025-08-29,56.04999923706055,56.529998779296875,55.709999084472656,56.459999084472656,9116500,0.0,0.0,0.0024320092045191856,1.9083702563679628,1.9083702563679628,1.9083702563679628,9.884834289550781,1.0,1.1199989318847656,0.0,0.0,1.2543976074230159,0.6271988037115079,0.37280119628849206
2025-09-02,56.720001220703125,57.18000030517578,55.77000045776367,56.380001068115234,11642700,0.0,0.0,0.003101522942223125,1.8727723700139733,1.8727723700139733,1.8727723700139733,9.80483627319336,1.0,1.0400009155273438,0.0,0.0,1.0816019042977132,0.5408009521488566,0.4591990478511434
2025-09-03,56.68000030517578,57.349998474121094,56.470001220703125,56.7400016784668,9105600,0.0,0.0,0.0024411480759442957,1.8082884440133937,1.8082884440133937,1.8082884440133937,10.164836883544922,1.0,1.4000015258789062,0.0,0.0,1.9600042724632658,0.9800021362316329,0.019997863768367097
2025-09-04,55.970001220703125,56.5,55.459999084472656,56.13999938964844,8778100,0.0,0.0,0.0023284619146251126,1.77055374044059,1.77055374044059,1.77055374044059,9.564834594726562,-1.0,-0.6000022888183594,0.3100013732910156,0.0010504425545951894,0.1836744703290013,0.005686523480766889,0.9943134765192331
2025-09-05,55.81999969482422,56.08000183105469,54.72999954223633,55.22999954223633,15505100,0.0,0.0,0.004046185807453917,1.7447998909385558,1.7447998909385558,1.7447998909385558,8.654834747314453,-1.0,-1.5100021362304688,0.0,0.0,1.1633170822403462,0.5,0.5
2025-09-08,54.349998474121094,54.900001525878906,54.09000015258789,54.279998779296875,12988100,0.0,0.0,0.0033310539314406994,1.7015998551321188,1.7015998551321188,1.7015998551321188,7.704833984375,-1.0,-2.460002899169922,0.0,0.0,2.0,0.5,0.5
2025-09-09,53.060001373291016,54.29999923706055,52.720001220703125,54.29999923706055,20606400,0.0,0.0,0.005286864266133705,1.6929140095053548,1.6929140095053548,1.6929140095053548,7.724834442138672,-1.0,-2.44000244140625,0.0,0.0,2.0,0.5,0.5
2025-09-10,54.209999084472656,55.2400016784668,53.869998931884766,54.369998931884766,16488300,0.0,0.0,0.004235760698131958,1.669848919296546,1.669848919296546,1.669848919296546,7.794834136962891,1.0,0.06999969482421875,0.3400001525878906,0.0019025867460027875,0.0008230226199166754,0.0013628046829597313,0.9986371953170403
2025-09-11,53.619998931884766,54.619998931884766,53.54999923706055,54.29999923706055,11793100,0.0,0.0,0.0030256871155049598,1.6270025461199513,1.6270025461199513,1.6270025461199513,7.724834442138672,-1.0,-0.06999969482421875,0.0,0.0,1.0,0.5,0.5
2025-09-12,55.060001373291016,55.20000076293945,54.33000183105469,54.869998931884766,10318000,0.0,0.0,0.002675017863233053,1.5750739018170197,1.5750739018170197,1.5750739018170197,8.29483413696289,1.0,0.5699996948242188,0.0,0.0,2.0,1.0,0.0
2025-09-15,56.5,56.97999954223633,55.54999923706055,55.619998931884766,13764300,0.0,0.0,0.0036172732531936477,1.61328295242663,1.61328295242663,1.61328295242663,9.04483413696289,1.0,1.3199996948242188,0.0,0.0,2.0,1.0,0.0
2025-09-16,57.13999938964844,57.72999954223633,56.630001068115234,57.20000076293945,17115600,0.0,0.0,0.004625773609065592,1.6487627851355537,1.6487627851355537,1.6487627851355537,10.624835968017578,1.0,2.9000015258789062,0.0,0.0,2.0,1.0,0.0
2025-09-17,57.779998779296875,59.150001525878906,57.66999816894531,58.20000076293945,16809000,0.0,0.0,0.004622331395359051,1.670279783550118,1.670279783550118,1.670279783550118,11.624835968017578,1.0,3.9000015258789062,0.0,0.0,2.0,1.0,0.0
2025-09-18,61.84000015258789,62.25,60.84000015258789,61.849998474121094,24602000,0.0,0.0,0.007189626321139109,1.8402597445151487,1.8402597445151487,1.8402597445151487,15.274833679199219,1.0,7.549999237060547,0.0,0.0,2.0,1.0,0.0
2025-09-19,62.29999923706055,62.31999969482422,60.720001220703125,61.400001525878906,12902900,0.0,0.0,0.003743276644606924,1.8230982252012877,1.8230982252012877,1.8230982252012877,14.824836730957031,1.0,7.100002288818359,0.0,0.0,2.0,1.0,0.0
2025-09-22,60.0,61.119998931884766,59.619998931884766,60.709999084472656,10742700,0.0,0.0,0.003081554729523818,1.8200199658293488,1.8200199658293488,1.8200199658293488,14.134834289550781,-1.0,-0.69000244140625,1.220001220703125,0.00744970520863152,0.009444615397441113,0.4409591472979231,0.5590408527020769
2025-09-23,60.29999923706055,60.33000183105469,59.08000183105469,59.540000915527344,11510900,0.0,0.0,0.0032382794903313156,1.8064469149428217,1.8064469149428217,1.8064469149428217,12.964836120605469,-1.0,-1.8600006103515625,0.0,0.0,0.06862924102308504,0.5,0.5
2025-09-24,58.849998474121094,59.25,58.13999938964844,58.7400016784668,11232100,0.0,0.0,0.0031173899226861305,1.7774151014382564,1.7774151014382564,1.7774151014382564,12.164836883544922,-1.0,-2.6599998474121094,0.0,0.0,0.14036093287700957,0.5,0.5
2025-09-25,57.13999938964844,57.349998474121094,55.869998931884766,56.040000915527344,18287400,0.0,0.0,0.0048422399810255385,1.8554570760913833,1.8554570760913833,1.8554570760913833,9.464836120605469,-1.0,-5.3600006103515625,0.0,0.0,0.5699184292783472,0.5,0.5
2025-09-26,55.599998474121094,56.02000045776367,54.560001373291016,55.61000061035156,17739800,0.0,0.0,0.004661200993122592,1.8286386808160222,1.8286386808160222,1.8286386808160222,9.034835815429688,-1.0,-5.790000915527344,0.0,0.0,0.6650285456767399,0.5,0.5
2025-09-29,54.13999938964844,55.63999938964844,54.0099983215332,55.5,19329100,0.0,0.0,0.0050687494829782685,1.8144502799088231,1.8144502799088231,1.8144502799088231,8.924835205078125,-1.0,-5.900001525878906,0.0,0.0,0.6905375037107319,0.5,0.5
2025-09-30,54.0099983215332,55.56999969482422,53.77000045776367,55.4900016784668,19003500,0.0,0.0,0.004982468301196296,1.8134180625625178,1.8134180625625178,1.8134180625625178,8.914836883544922,-1.0,-5.909999847412109,0.0,0.0,0.6928798983726449,0.5,0.5
2025-10-01,56.0099983215332,59.220001220703125,56.0,59.16999816894531,24835100,0.0,0.0,0.006943264025378184,1.9503167396820758,1.9503167396820758,1.9503167396820758,12.594833374023438,1.0,3.6799964904785156,3.5800018310546875,0.08079447159852347,0.38772148697536774,0.2342579792869456,0.7657420207130544
2025-10-02,58.880001068115234,59.119998931884766,58.0,58.7400016784668,11966700,0.0,0.0,0.0033212729576666982,1.8945796989151642,1.8945796989151642,1.8945796989151642,12.164836883544922,1.0,3.25,0.0,0.0,0.30240696016725277,0.15120348008362638,0.8487965199163736
2025-10-03,59.0,60.099998474121094,58.45000076293945,59.630001068115234,15362900,0.0,0.0,0.004328468207710369,1.8771095569341982,1.8771095569341982,1.8771095569341982,13.05483627319336,1.0,4.1399993896484375,0.0,0.0,0.49071079822062913,0.24535539911031456,0.7546446008896854
2025-10-06,60.13999938964844,60.900001525878906,59.650001525878906,59.650001525878906,13782400,0.0,0.0,0.0038844677523220943,1.8337446212791606,1.8337446212791606,1.8337446212791606,13.074836730957031,1.0,4.159999847412109,0.0,0.0,0.4954635271910371,0.24773176359551854,0.7522682364044815
2025-10-07,59.459999084472656,59.59000015258789,58.529998779296875,59.02000045776367,9675100,0.0,0.0,0.00269805552003629,1.7827630588007943,1.7827630588007943,1.7827630588007943,12.444835662841797,-1.0,-0.6300010681152344,0.0,0.0,0.022934852009918582,0.5,0.5
2025-10-08,59.810001373291016,60.130001068115234,59.470001220703125,59.61000061035156,9888700,0.0,0.0,0.0027851881523896452,1.7347085981972779,1.7347085981972779,1.7347085981972779,13.034835815429688,1.0,0.5900001525878906,0.0,0.0,0.8770445948702958,0.4385222974351479,0.5614777025648521
2025-10-09,58.91999816894531,59.400001525878906,58.45000076293945,58.68000030517578,8839800,0.0,0.0,0.0024509178674628654,1.6936579731411945,1.6936579731411945,1.6936579731411945,12.104835510253906,-1.0,-0.9300003051757812,0.07999801635742188,4.3675778217277774e-05,2.0,2.1837412225652286e-05,0.9999781625877744
2025-10-10,58.599998474121094,58.79999923706055,56.790000915527344,56.93000030517578,15047600,0.0,0.0,0.004047665689975411,1.7162537123120523,1.7162537123120523,1.7162537123120523,10.354835510253906,-1.0,-2.6800003051757812,0.0,0.0,2.0,0.5,0.5
2025-10-13,57.29999923706055,58.130001068115234,57.25,57.5,8835500,0.0,0.0,0.0024004639443363047,1.6793785016425808,1.6793785016425808,1.6793785016425808,10.924835205078125,-1.0,-2.1100006103515625,0.0,0.0,2.0,0.5,0.5
2025-10-14,56.279998779296875,56.869998931884766,55.79999923706055,56.65999984741211,7632700,0.0,0.0,0.0020433886331992115,1.6808515203066432,1.6808515203066432,1.6808515203066432,10.084835052490234,-1.0,-2.950000762939453,0.0,0.0,2.0,0.5,0.5
2025-10-15,56.40999984741211,56.939998626708984,56.099998474121094,56.720001220703125,8475200,0.0,0.0,0.0022713413028328357,1.6207907083267323,1.6207907083267323,1.6207907083267323,10.14483642578125,1.0,0.060001373291015625,0.0,0.0,0.0004136929542813872,0.0002068464771406936,0.9997931535228594
2025-10-16,57.08000183105469,57.54999923706055,55.970001220703125,56.09000015258789,8353700,0.0,0.0,0.0022139128812264605,1.6178769446146388,1.6178769446146388,1.6178769446146388,9.514835357666016,1.0,-0.5699996948242188,0.0,0.0,2.0,0.5,0.5
2025-10-17,53.880001068115234,54.439998626708984,53.540000915527344,54.369998931884766,14761500,0.0,0.0,0.0037921545305140557,1.6844571083607751,1.6844571083607751,1.6844571083607751,7.794834136962891,-1.0,-1.720001220703125,0.0,0.0,2.0,0.5,0.5
2025-10-20,55.40999984741211,56.22999954223633,55.189998626708984,55.7400016784668,7901600,0.0,0.0,0.002081029465314982,1.6969959299315456,1.6969959299315456,1.6969959299315456,9.164836883544922,1.0,1.3700027465820312,0.0,0.0,0.6344324166849865,0.31721620834249326,0.6827837916575068
2025-10-21,55.29999923706055,55.369998931884766,54.529998779296875,54.779998779296875,10182100,0.0,0.0,0.0026354548929230694,1.6622107134485724,1.6622107134485724,1.6622107134485724,8.204833984375,-1.0,-0.9600028991699219,0.0,0.0,0.4910234275390133,0.5,0.5
2025-10-22,53.5,53.77000045776367,52.93000030517578,53.380001068115234,12420900,0.0,0.0,0.003132765263777618,1.675624124925181,1.675624124925181,1.675624124925181,6.804836273193359,-1.0,-2.3600006103515625,0.0,0.0,2.0,0.5,0.5
2025-10-23,52.56999969482422,53.459999084472656,52.380001068115234,53.22999954223633,9326500,0.0,0.0,0.0023456940607273157,1.633079402884627,1.633079402884627,1.633079402884627,6.654834747314453,-1.0,-2.5100021362304688,0.0,0.0,2.0,0.5,0.5
2025-10-24,53.40999984741211,53.54999923706055,52.93000030517578,52.959999084472656,8497600,0.0,0.0,0.002126377970171037,1.5607165120989226,1.5607165120989226,1.5607165120989226,6.384834289550781,1.0,-0.2700004577636719,0.0,0.0,0.03884061745004974,0.5,0.5
2025-10-27,52.779998779296875,53.22999954223633,52.63999938964844,52.88999938964844,10310000,0.0,0.0,0.0025764898654173393,1.491379629276706,1.491379629276706,1.491379629276706,6.3148345947265625,-1.0,-0.06999969482421875,0.0,0.0,0.002610654605269863,0.5,0.5
2025-10-28,52.810001373291016,52.880001068115234,51.5,52.04999923706055,12172200,0.0,0.0,0.0029935465666969157,1.4841381835889726,1.4841381835889726,1.4841381835889726,5.474834442138672,-1.0,-0.9099998474121094,0.0,0.0,0.441204327318509,0.5,0.5
2025-10-29,52.66999816894531,52.810001373291016,51.189998626708984,51.369998931884766,9478200,0.0,0.0,0.002300549787124477,1.493842795231334,1.493842795231334,1.493842795231334,4.794834136962891,-1.0,-1.5900001525878906,0.0,0.0,1.3469499432926815,0.5,0.5
2025-10-30,49.95000076293945,50.540000915527344,49.439998626708984,50.040000915527344,21057500,0.0,0.0,0.0049787501161593995,1.524996903084509,1.524996903084509,1.524996903084509,3.4648361206054688,-1.0,-2.9199981689453125,0.0,0.0,2.0,0.5,0.5
2025-10-31,48.779998779296875,49.470001220703125,48.4900016784668,49.459999084472656,20020900,0.0,0.0,0.00467879386353665,1.5267827840827974,1.5267827840827974,1.5267827840827974,2.8848342895507812,-1.0,-3.5,0.0,0.0,2.0,0.5,0.5
2025-11-03,49.40999984741211,49.5099983215332,48.56999969482422,49.11000061035156,11147000,0.0,0.0,0.0025865694980372546,1.484869629984668,1.484869629984668,1.484869629984668,2.5348358154296875,1.0,-0.34999847412109375,0.0,0.0,0.06526636513174656,0.5,0.5
2025-11-04,47.959999084472656,49.900001525878906,47.7599983215332,48.25,28629400,0.0,0.0,0.006526882213039044,1.5316648852961705,1.5316648852961705,1.5316648852961705,1.674835205078125,1.0,-1.2099990844726562,0.43000030517578125,0.06591638250167084,0.7800585614486402,0.07791765344003201,0.922082346559968
2025-11-05,46.97999954223633,49.0,46.15999984741211,48.459999084472656,37996600,0.0,0.0,0.008700102109169938,1.6251174043884362,1.6251174043884362,1.6251174043884362,1.8848342895507812,-1.0,0.20999908447265625,0.0,0.0,0.030120676329472934,0.015060338164736467,0.9849396618352635
2025-11-06,47.75,49.560001373291016,46.290000915527344,46.5099983215332,43747200,0.0,0.0,0.009613749387189473,1.742609051058096,1.742609051058096,1.742609051058096,-0.06516647338867188,1.0,-1.9500007629394531,1.4699974060058594,2.0,2.0,0.0,1.0
2025-11-07,46.040000915527344,46.27000045776367,45.150001525878906,45.68000030517578,19979600,0.0,0.0,0.0043123013122364304,1.715279604243539,1.715279604243539,1.715279604243539,-0.8951644897460938,-1.0,-0.8299980163574219,0.0,0.0,2.0,0.0,1.0
2025-11-10,46.220001220703125,46.369998931884766,45.56999969482422,45.939998626708984,14406500,0.0,0.0,0.0031271281041201685,1.6499024351590397,1.6499024351590397,1.6499024351590397,-0.6351661682128906,1.0,0.2599983215332031,0.0,0.0,0.09812665164133517,0.5,0.5
2025-11-11,47.06999969482422,49.43000030517578,47.04999923706055,49.150001525878906,27711100,0.0,0.0,0.006435369864059015,1.7813380953953082,1.7813380953953082,1.7813380953953082,2.5748367309570312,1.0,3.470001220703125,0.0,0.0,2.0,1.0,0.0
2025-11-12,49.47999954223633,50.43000030517578,49.31999969482422,50.2599983215332,24672300,0.0,0.0,0.005859065027878133,1.7455281442454202,1.7455281442454202,1.7455281442454202,3.684833526611328,1.0,4.579998016357422,0.0,0.0,2.0,1.0,0.0
2025-11-13,49.20000076293945,50.09000015258789,48.90999984741211,49.15999984741211,18878300,0.0,0.0,0.0043850138294477484,1.7172760249508254,1.7172760249508254,1.7172760249508254,2.5848350524902344,-1.0,-1.0999984741210938,0.0,0.0,0.05768376323830886,0.5,0.5
2025-11-14,48.5,48.90999984741211,48.029998779296875,48.2599983215332,12507600,0.0,0.0,0.0028520523807666503,1.6753278137482832,1.6753278137482832,1.6753278137482832,1.6848335266113281,-1.0,-2.0,0.0,0.0,0.19069065544517252,0.5,0.5
2025-11-17,47.90999984741211,49.189998626708984,47.720001220703125,48.459999084472656,13520500,0.0,0.0,0.0030957962177413805,1.660661356052396,1.660661356052396,1.660661356052396,1.8848342895507812,-1.0,-1.7999992370605469,0.0,0.0,0.15445929997373553,0.5,0.5
2025-11-18,47.599998474121094,48.02000045776367,47.20000076293945,47.54999923706055,17104700,0.0,0.0,0.003842927462717793,1.6320425678724537,1.6320425678724537,1.6320425678724537,0.9748344421386719,-1.0,-2.7099990844726562,0.0,0.0,0.3501125741044628,0.5,0.5
2025-11-19,48.040000915527344,49.38999938964844,47.7599983215332,49.0,16585000,0.0,0.0,0.003839792598187772,1.6468966810664136,1.6468966810664136,1.6468966810664136,2.424835205078125,1.0,1.4500007629394531,0.20000076293945312,0.00680297456572618,0.28628472285437867,0.14654384871005244,0.8534561512899476
2025-11-20,49.5,49.529998779296875,47.47999954223633,47.599998474121094,15252300,0.0,0.0,0.003430350437331538,1.6756897207802803,1.6756897207802803,1.6756897207802803,1.0248336791992188,1.0,0.049999237060546875,0.0,0.0,0.0003403991497597952,0.0001701995748798976,0.9998298004251202
2025-11-21,47.02000045776367,48.150001525878906,46.689998626708984,47.630001068115234,18966800,0.0,0.0,0.004268456571772017,1.6602835192366834,1.6602835192366834,1.6602835192366834,1.0548362731933594,-1.0,0.030002593994140625,1.0699996948242188,1.0289569295094414,0.00012256862714043367,0.5145397490682909,0.4854602509317091
