Date,Open,High,Low,Close,Volume,Dividends,Stock Splits,relative_volume,fast_trend_run,structural_direction,slow_trend_run,breaking_gap,fast_swing_ratio,slow_swing_ratio,p_up,p_down
2020-12-04,48.560797729244406,49.12214747596268,48.51052979699559,48.988094329833984,2760700,0.0,0.0,0.000910292858609585,0.410541534423821,1.0,0.410541534423821,0.0,0.0,0.02531028081369345,0.012655140406846725,0.9873448595931533
2020-12-07,48.518913285237495,48.65296644950436,48.09161982291172,48.59431838989258,2347300,0.0,0.0,0.0007677599766256002,-0.39377593994140625,-1.0,-0.39377593994140625,0.18431260696198137,0.21908453905686193,0.9199922127834564,0.4304616240798408,0.5695383759201592
2020-12-08,48.38485751125423,49.1389085171341,48.27593832238728,49.07188034057617,2012200,0.0,0.0,0.0006646227747536484,0.47756195068359375,1.0,0.47756195068359375,0.016761041171420743,0.001231806668300986,1.4708252648786015,0.7360285357734513,0.2639714642265487
2020-12-09,48.77863918555391,49.289717836385776,48.62782898707633,49.2059326171875,3017900,0.0,0.0,0.0009995250608837625,0.6116142272949219,1.0,0.6116142272949219,0.0,0.0,2.0,1.0,0.0
2020-12-10,49.28971673810443,49.515928834700986,48.937825217471215,49.10539245605469,2327000,0.0,0.0,0.0007691250291617432,-0.1005401611328125,1.0,0.5110740661621094,0.0,0.0,1.6844934781264451,0.5,0.5
2020-12-11,48.8791819396465,49.448908688854054,48.87080501513443,49.42377471923828,1631400,0.0,0.0,0.0005427099004323753,0.31838226318359375,-1.0,0.31838226318359375,0.0,0.0,0.6537314480832871,0.32686572404164355,0.6731342759583565
2020-12-14,49.147287196716654,49.381879430890365,48.66972260796048,48.728370666503906,2060500,0.0,0.0,0.0006758119764763537,-0.695404052734375,-1.0,-0.37702178955078125,0.26810260951073417,0.14863724513958507,1.4022813881881913,0.22454068333611188,0.7754593166638881
2020-12-15,48.904313956161694,49.055124159992495,48.51053459822964,48.862422943115234,2086900,0.0,0.0,0.000686353752684526,0.13405227661132812,-1.0,-0.24296951293945312,0.0,0.0,0.5823791726162857,0.5,0.5
2020-12-16,48.9880947392812,49.86781871785848,48.954580653449135,49.75052261352539,2088900,0.0,0.0,0.0006994983140460678,1.0221519470214844,1.0,0.8880996704101562,0.4859392869681187,0.22601283542840891,2.0,1.0,0.0
2020-12-17,49.43214727744482,49.70863370311468,49.33998513555487,49.64998245239258,2523300,0.0,0.0,0.0008432558485279172,-0.1005401611328125,1.0,0.7875595092773438,0.0,0.0,2.0,0.5,0.5
2020-12-18,49.39025967461076,49.45728465765081,49.08863926073182,49.25620651245117,2778600,0.0,0.0,0.00092120941463721,-0.49431610107421875,-1.0,-0.39377593994140625,0.0,0.0,0.2499951563294666,0.8750024218352667,0.1249975781647333
2020-12-21,48.3010771945208,48.694856559444545,47.85702349932158,48.6529655456543,1804600,0.0,0.0,0.0005909648428036377,-1.0975570678710938,-1.0,-0.9970169067382812,0.0,0.0,1.602648518062295,0.19867574096885254,0.8013242590311475
2020-12-22,48.845660931654415,48.854041051059205,48.36809640011268,48.61106872558594,1587600,0.0,0.0,0.000519454645377732,-1.1394538879394531,1.0,-0.041896820068359375,0.0,0.0,0.0028300581807225054,0.9985849709096387,0.0014150290903612527
2020-12-23,48.84565738071656,49.19754886031688,48.652956197443544,48.92106246948242,1309500,0.0,0.0,0.000431194048774101,0.3099937438964844,1.0,0.268096923828125,0.502692300872333,2.0,2.0,1.0,0.0
2020-12-24,49.046747311371114,49.23106840827538,48.87080313865728,49.16404342651367,367800,0.0,0.0,0.000121711241795213,0.5529747009277344,1.0,0.511077880859375,0.0,0.0,2.0,1.0,0.0
2020-12-28,49.26458075860567,49.80079337809362,49.256203834710874,49.50755310058594,1126500,0.0,0.0,0.00037538250919246034,0.896484375,1.0,0.8545875549316406,0.0,0.0,2.0,1.0,0.0
2020-12-29,50.37051850089495,50.62186775886372,50.10241219958437,50.37889862060547,2242800,0.0,0.0,0.0007605199152534337,1.7678298950195312,1.0,1.7259330749511719,0.0,0.0,2.0,1.0,0.0
2020-12-30,50.697278817996605,51.300519664927755,50.67214484806767,51.0240364074707,1738900,0.0,0.0,0.0005972013684504514,2.4129676818847656,1.0,2.3710708618164062,0.0,0.0,2.0,1.0,0.0
2020-12-31,50.90674467974177,50.965395945119326,50.06891146568619,50.57161331176758,1331400,0.0,0.0,0.00045319669711626657,-0.452423095703125,-1.0,-0.452423095703125,0.033500733898179647,0.005483010887391541,0.03640830554259839,0.9790543417850051,0.020945658214994965
2021-01-04,51.36753541480113,51.468074466265165,50.47105448205639,50.71402359008789,1795100,0.0,0.0,0.0006127567304488322,0.1424102783203125,1.0,0.1424102783203125,0.16755480133740974,1.3843027574593663,0.09908162855574737,0.7416921930075568,0.25830780699244316
2021-01-05,50.61350145047516,50.789445648346415,50.28674702697716,50.73917770385742,1386400,0.0,0.0,0.00047348186466140177,0.16756439208984375,-1.0,0.02515411376953125,0.0,0.0,0.00309120998495659,0.001545604992478295,0.9984543950075218
2021-01-06,50.78944184356848,51.283763502518525,50.747550827605856,50.814579010009766,2048900,0.0,0.0,0.0007007780161388246,0.2429656982421875,1.0,0.07540130615234375,0.0,0.0,0.027775904097551814,0.013887952048775907,0.9861120479512241
2021-01-07,50.47943959788423,50.63024979759745,49.892955843008295,50.119171142578125,2421000,0.0,0.0,0.0008167140832319658,-0.6954078674316406,-1.0,-0.6954078674316406,0.39379118396886525,0.32066589984151644,2.0,0.0,1.0
2021-01-08,50.20294501802095,50.76429471385932,49.81754265734315,50.71402359008789,3342300,0.0,0.0,0.0011408928862899736,0.5948524475097656,-1.0,-0.100555419921875,0.0,0.0,1.7784973801900736,0.5,0.5
2021-01-11,50.06890270081187,50.19457893935183,49.56620413881108,49.86782455444336,1591700,0.0,0.0,0.0005342604358362694,-0.8461990356445312,-1.0,-0.9467544555664062,0.0,0.0,2.0,0.0,1.0
2021-01-12,49.298094846343496,49.5997152438253,49.15566157149739,49.50755310058594,1463100,0.0,0.0,0.00048754740275143253,-1.2064704895019531,-1.0,-1.3070259094238281,0.0,0.0,2.0,0.0,1.0
2021-01-13,49.41539021131056,49.82592978970262,49.365119080462776,49.57457733154297,2110600,0.0,0.0,0.0007042653619207898,0.06702423095703125,1.0,0.06702423095703125,0.0,0.0,0.002629633874094333,0.0013148169370471665,0.9986851830629528
2021-01-14,49.733773417166745,50.32863415218165,49.566206157648274,50.13593292236328,1717900,0.0,0.0,0.0005797200957702501,0.6283798217773438,1.0,0.6283798217773438,0.0,0.0,0.2311405104023789,0.11557025520118945,0.8844297447988105
2021-01-15,49.92647553742777,50.23647289561399,49.73377430417256,50.00188064575195,1843900,0.0,0.0,0.0006205761466098755,-0.13405227661132812,1.0,0.4943275451660156,0.0,0.0,0.14304122761210925,0.5,0.5
2021-01-19,50.144301935775154,50.194573064523254,49.75052261352539,49.75052261352539,1642100,0.0,0.0,0.000549880885391856,-0.3854103088378906,1.0,0.24296951293945312,0.0,0.0,0.03455693154186078,0.5,0.5
2021-01-20,49.817558298131814,50.035396706788674,49.658371150328584,49.89296340942383,1138400,0.0,0.0,0.0003823011124804986,0.1424407958984375,-1.0,0.1424407958984375,0.075403153843979,0.28022716886429766,0.011876825886415152,0.1460519973753564,0.8539480026246435
2021-01-21,50.035393092402145,50.320256470474455,49.96836491117121,50.20295715332031,1342900,0.0,0.0,0.0004537789525886676,0.4524345397949219,1.0,0.3099937438964844,0.0,0.0,0.05625193483458804,0.02812596741729402,0.971874032582706
2021-01-22,50.10241497978909,50.28673927069806,49.88457979641617,49.9851188659668,985600,0.0,0.0,0.00033159868450630803,-0.21783828735351562,-1.0,-0.21783828735351562,0.0,0.0,0.49381305735754616,0.753093471321227,0.24690652867877308
2021-01-25,50.3286287595374,51.2334899463347,50.26160378055944,51.08267974853515,1379600,0.0,0.0,0.0004743492655753181,1.0975608825683523,1.0,1.0975608825683523,0.9132334758602454,0.6923192463584147,2.0,1.0,0.0
2021-01-26,50.93187425629183,51.04917037739964,50.663767923451225,51.0240364074707,1266300,0.0,0.0,0.00043489337677198606,-0.05864334106444602,1.0,1.0389175415039062,0.0,0.0,2.0,0.5,0.5
2021-01-27,50.26997629474869,50.44592044472134,49.65835863335872,49.71700668334961,1852700,0.0,0.0,0.0006199853816818213,-1.3656730651855398,-1.0,-1.3070297241210938,0.6032451472007168,0.19511658482348349,1.5827370555998246,0.11107317978834597,0.888926820211654
2021-01-28,49.608099662268614,49.976748290919694,49.4489125155837,49.49918365478515,1335200,0.0,0.0,0.00044485219230978266,-1.58349609375,-1.0,-1.524852752685554,0.0,0.0,2.0,0.0,1.0
2021-01-29,48.82052141925703,49.08862768032777,48.75349325594997,48.87916946411133,2016800,0.0,0.0,0.0006635261227825383,-2.203510284423821,-1.0,-2.144866943359375,0.0,0.0,2.0,0.0,1.0
2021-02-01,49.05512310419,49.23944739292258,48.90431290360505,48.91269302368164,1186000,0.0,0.0,0.00039046097890492573,0.0335235595703125,1.0,0.0335235595703125,0.0,0.0,0.00024428654134026317,0.00012214327067013158,0.9998778567293298
2021-02-02,49.18080520629883,49.33999234987955,48.96296680342021,49.18080520629883,1042000,0.0,0.0,0.0003449329866326311,0.3016357421875,1.0,0.3016357421875,0.0,0.0,0.01977720392732936,0.00988860196366468,0.9901113980363353
2021-02-03,49.691878502730624,49.74214643938664,49.30647287725125,49.68349838256836,1358400,0.0,0.0,0.0004542670286391767,0.8043289184570312,1.0,0.8043289184570312,0.0,0.0,0.14062633389613868,0.07031316694806934,0.9296868330519307
2021-02-04,47.1281108908278,47.30405507109446,46.39919700395194,46.79297637939453,4885100,0.0,0.0,0.0015385992049809674,-2.890522003173828,-1.0,-2.890522003173828,2.563769799468268,0.7866933796377698,2.0,0.0,1.0
2021-02-05,46.28189661053763,46.44946065470341,45.91324804278267,46.09757232666016,4233300,0.0,0.0,0.001313495157279179,-3.585926055908196,-1.0,-3.585926055908196,0.0,0.0,2.0,0.0,1.0
2021-02-09,45.41054938356216,45.93838507014218,45.26811611114819,45.6451416015625,4815100,0.0,0.0,0.0014793510511000572,-0.45243072509766336,-1.0,-4.038356781005859,0.0,0.0,2.0,0.0,1.0
2021-02-10,45.96352468973266,46.12271182922579,45.41893189259985,45.45244598388672,3582600,0.0,0.0,0.0010960413927456763,-0.6451263427734446,1.0,-0.19269561767578125,0.0,0.0,0.057395297206239024,0.9713023513968805,0.028697648603119512
2021-02-11,45.20946999158353,45.54460448542406,45.05865978896323,45.536224365234375,3839900,0.0,0.0,0.0011769236979535806,-0.5613479614257884,-1.0,0.08377838134765625,0.0,0.0,0.18902543867492508,0.5,0.5
2021-02-12,45.40217420948793,46.13109130238451,45.385417164079776,46.122711181640625,1900200,0.0,0.0,0.0005899096719202672,0.025138854980461645,1.0,0.58648681640625,0.033514728520074755,1.7773805623362358,2.0,1.0,0.0
2021-02-16,46.792972239672395,46.868377338269894,46.457840953967384,46.70081329345703,2017600,0.0,0.0,0.0006342067909370534,0.6032409667968679,1.0,1.1645889282226562,0.0,0.0,2.0,1.0,0.0
2021-02-17,46.064067697937546,46.30704008637951,45.98866258414797,46.13109588623047,1901700,0.0,0.0,0.0005904826661263915,0.033523559570305395,-1.0,-0.5697174072265625,0.0,0.0,0.2393170630366441,0.5,0.5
2021-02-18,46.332159227740306,46.66729366976649,46.14783816109692,46.60026550292969,1603400,0.0,0.0,0.0005029231711227247,0.5026931762695241,1.0,0.46916961669921875,0.0,0.0,0.67817344585622,0.33908672292811,0.66091327707189
2021-02-19,46.28189629642555,46.315407187383705,45.56135940551758,45.56135940551758,1526300,0.0,0.0,0.0004680669239876588,-0.5362129211425852,-1.0,-1.0389060974121094,0.4273031786303889,0.6350350509490098,2.0,0.0,1.0
2021-02-22,45.343525732576,45.737308305855734,45.15082450626963,45.502716064453125,2578300,0.0,0.0,0.0007896636448795287,-0.5948562622070384,-1.0,-1.0975494384765625,0.0,0.0,2.0,0.0,1.0
2021-02-23,45.511093611199826,46.65892406014205,45.511093611199826,46.432708740234375,4020300,0.0,0.0,0.0012564750138135132,0.33513641357421164,1.0,0.92999267578125,0.3435168727583431,1.0506375326408788,0.7179775631328269,0.8843075478868528,0.11569245211314716
2021-02-24,45.14243362711469,45.67026600710539,45.14243362711469,45.46080780029297,4091600,0.0,0.0,0.0012519924023591394,-0.6367645263671946,-1.0,-0.9719009399414062,0.008390879154937636,0.0001736429720151722,1.0921566834340324,0.4538348367969762,0.5461651632030238
2021-02-25,45.59109131077674,45.97171935114943,45.2019997785769,45.51496505737305,5231100,0.514,0.0,0.0016025759127868578,-0.5826072692871165,1.0,0.054157257080078125,0.0,0.0,0.003105055137456754,0.5,0.5
2021-02-26,44.736783143731266,44.770617749595296,43.967063606875456,44.03473281860352,3712700,0.0,0.0,0.0011004152454204838,-2.0628395080566406,-1.0,-1.4802322387695241,1.1753700202392352,0.32465219024628456,2.0,0.0,1.0
2021-03-01,44.56760978638604,44.84674042253267,44.305399678467474,44.52531814575195,2307300,0.0,0.0,0.0006914845361721831,-1.5722541809082102,1.0,0.4905853271484304,0.0,0.0,0.10984224287441578,0.5,0.5
2021-03-02,44.93979363775877,45.235838412543686,44.90595902731305,45.04975128173828,1924200,0.0,0.0,0.0005834638895957113,-1.047821044921882,1.0,1.0150184631347585,0.0,0.0,0.4702060002546155,0.5,0.5
2021-03-03,44.73677755565138,45.39653615436132,44.55915073702104,45.20199203491211,4564700,0.0,0.0,0.0013888047384536977,-0.895580291748054,1.0,1.1672592163085866,0.0,0.0,0.62183463237471,0.5,0.5
2021-03-04,45.44729366069781,45.99709471184613,44.94824451826407,45.23583221435547,4208600,0.0,0.0,0.001281420331365088,-0.8617401123046946,1.0,1.201099395751946,0.0,0.0,0.6584126700498734,0.5,0.5
2021-03-05,45.21891778930441,45.72642722881265,45.108960153393234,45.69259262084961,2619900,0.0,0.0,0.0008057529248767292,-0.404979705810554,1.0,1.6578598022460866,0.0,0.0,1.2543995381848418,0.5,0.5
2021-03-08,45.28658147916411,45.9801747245422,45.261203912965605,45.65875244140625,3109400,0.0,0.0,0.0009555909102969215,-0.43881988525391336,1.0,1.6240196228027273,0.0,0.0,1.2037126579786652,0.5,0.5
2021-03-09,46.301594781600855,46.39463509770416,45.76025082621333,45.76871109008789,2382800,0.0,0.0,0.0007340533899750656,-0.32886123657227273,1.0,1.733978271484368,0.0,0.0,1.3722321324338254,0.5,0.5
2021-03-10,46.538429395704554,46.538429395704554,46.15779819687082,46.37771987915039,2437500,0.0,0.0,0.0007608961601258511,0.28014755249022727,1.0,2.342987060546868,0.0,0.0,2.0,1.0,0.0
2021-03-11,46.24238292769146,46.377721337439155,46.1239650458075,46.17471694946289,1981200,0.0,0.0,0.0006157493132807496,0.07714462280272727,-1.0,-0.2030029296875,0.0,0.0,0.007506972602494298,0.5,0.5
2021-03-12,46.28467315297145,46.69067866156743,46.200086655360856,46.6314697265625,1811200,0.0,0.0,0.0005684822226929563,0.5338973999023366,1.0,0.4567527770996094,0.1522492658628778,0.08131951928395412,2.0,1.0,0.0
2021-03-15,47.03747612537316,47.04593316197179,46.403091901189875,46.64838790893555,3451100,0.0,0.0,0.0010835914222954706,0.5508155822753835,1.0,0.47367095947265625,0.0,0.0,2.0,1.0,0.0
2021-03-16,46.775267253698054,47.55344698701664,46.758349952251415,47.46040344238281,3477300,0.0,0.0,0.001110823250063629,1.3628311157226491,1.0,1.2856864929199219,0.0,0.0,2.0,1.0,0.0
2021-03-17,47.299679792954926,47.52805846989246,47.155887603759766,47.155887603759766,2447600,0.0,0.0,0.0007768689133380926,1.0583152770996023,1.0,0.981170654296875,0.0,0.0,2.0,1.0,0.0
2021-03-18,47.147444790705,47.46886386115086,47.020566634139946,47.2996940612793,1781100,0.0,0.0,0.0005670456331796273,1.2021217346191335,-1.0,0.14380645751953125,0.0,0.0,0.5018248519224254,0.2509124259612127,0.7490875740387872
2021-03-19,46.70760565625222,46.8936895363313,46.45384933739284,46.682228088378906,2567700,0.0,0.0,0.0008068024944546222,0.5846557617187429,-1.0,-0.4736595153808594,0.7020382663669267,1.441853388000381,2.0,0.4189177241038895,0.5810822758961105
2021-03-22,46.707594569016024,47.206643596787515,46.67375997098019,47.08822250366211,1521300,0.0,0.0,0.0004821681697700779,0.990650177001946,1.0,0.4059944152832031,0.0,0.0,0.7346958498796065,0.3673479249398032,0.6326520750601967
2021-03-23,47.24894596221141,47.70570345949952,47.181276750770685,47.384281158447266,1789900,0.0,0.0,0.0005708663440792282,1.2867088317871023,1.0,0.7020530700683594,0.0,0.0,2.0,1.0,0.0
2021-03-24,46.81755202583617,47.30814401588255,46.749886056621584,47.07976531982422,1671200,0.0,0.0,0.0005295830680072479,0.9821929931640554,-1.0,-0.3045158386230469,0.0,0.0,0.18813945727047318,0.5,0.5
2021-03-25,47.333527491469454,47.49424024934804,47.0628571090529,47.35044479370117,1553800,0.0,0.0,0.000495211310195668,1.2528724670410085,1.0,0.2706794738769531,0.0,0.0,0.7901160333469189,0.39505801667345947,0.6049419833265406
2021-03-26,47.14743677608232,47.5280647277832,46.98672404153349,47.5280647277832,1358900,0.0,0.0,0.00043471938274290483,1.4304924011230398,1.0,0.4482994079589844,0.0,0.0,2.0,1.0,0.0
2021-03-29,47.409643423950854,48.06940516087105,47.38426908944634,47.93406677246094,1975300,0.0,0.0,0.0006373070389306506,1.8364944458007741,1.0,0.8543014526367188,0.0,0.0,2.0,1.0,0.0
2021-03-30,47.37582030988922,47.57882471506421,47.181276169362874,47.2996940612793,2014300,0.0,0.0,0.0006412891016302977,1.2021217346191335,-1.0,-0.6343727111816406,0.0,0.0,0.5513999160678439,0.5,0.5
2021-03-31,47.570356892375834,47.60418826336378,47.206643034435565,47.22356033325195,1700700,0.0,0.0,0.000540577310805706,1.1259880065917898,1.0,-0.07613372802734375,0.0,0.0,0.007942036945401878,0.5,0.5
2021-04-01,47.43502276386008,47.451936836400826,47.02901403669442,47.24893569946289,2079900,0.0,0.0,0.0006614634629133084,1.1513633728027273,-1.0,0.0253753662109375,0.0,0.0,0.1110888432398085,0.05554442161990425,0.9444555783800958
2021-04-05,47.30815081427451,47.773365309404575,47.30815081427451,47.62111282348633,1050100,0.0,0.0,0.0003365902823238024,1.5235404968261648,1.0,0.3721771240234375,0.0,0.0,2.0,1.0,0.0
2021-04-06,47.63802222926584,48.00173608238287,47.51960436576629,47.77335739135742,1390400,0.0,0.0,0.0004470919985650029,1.6757850646972585,1.0,0.5244216918945312,0.0,0.0,2.0,1.0,0.0
2021-04-07,48.17936364951831,48.17936364951831,47.8579446510543,47.950984954833984,1558600,0.0,0.0,0.0005030412268816521,1.853412628173821,1.0,0.7020492553710938,0.0,0.0,2.0,1.0,0.0
2021-04-08,48.221657534702615,48.483870839355184,48.10323966377725,48.23011779785156,2363300,0.0,0.0,0.000767199926524083,2.132545471191399,1.0,0.9811820983886719,0.0,0.0,2.0,1.0,0.0
2021-04-09,47.90024654307692,48.0186644338337,47.790285690240395,48.001747131347656,2297800,0.0,0.0,0.0007424045840946548,1.904174804687493,-1.0,-0.22837066650390625,0.0676589608139011,0.0012625163681081548,0.05417281541959104,0.022774579449496513,0.9772254205505035
2021-04-12,47.81565696450386,48.19628817941834,47.71415638274177,48.09478759765625,1726900,0.0,0.0,0.0005590318804761622,1.9972152709960866,-1.0,-0.1353302001953125,0.0,0.0,0.019023490974352762,0.5,0.5
2021-04-13,47.950979856530815,48.14552393280443,47.908688227192116,48.077857971191406,1949600,0.0,0.0,0.0006309021411114968,1.980285644531243,-1.0,-0.15225982666015625,0.126859498970731,0.004103838913696489,0.024080828804225456,0.14560536795283763,0.8543946320471624
2021-04-14,48.0440312755946,48.11170047497706,47.7733609313548,47.92561340332031,1343200,0.0,0.0,0.000433291069786312,1.8280410766601491,-1.0,-0.30450439453125,0.0,0.0,0.09631366237309308,0.5,0.5
2021-04-15,48.483875277766266,48.80529754730582,48.46695797656468,48.568458557128906,1350900,0.0,0.0,0.00044162016623914814,2.470886230468743,1.0,0.6428451538085938,0.6597736145013897,0.07129915589844965,2.0,1.0,0.0
2021-04-16,48.56000020886986,48.85604490529204,48.50924830663526,48.695335388183594,1368300,0.0,0.0,0.00044847688433137013,2.5977630615234304,1.0,0.7697219848632812,0.0,0.0,2.0,1.0,0.0
2021-04-19,48.84758097071876,48.93216423585432,48.61920228287907,48.78837203979492,1417600,0.0,0.0,0.00046552328239805966,2.6907997131347585,1.0,0.8627586364746094,0.0,0.0,2.0,1.0,0.0
2021-04-20,48.65304230432525,48.92371265491201,48.50924686558816,48.898338317871094,2582700,0.0,0.0,0.0008500401485190741,2.8007659912109304,-1.0,0.10996627807617188,1.4410470967618494e-06,2.6472972043092896e-13,0.13041631447497784,0.06520815723762129,0.9347918427623787
2021-04-21,48.61075007356399,48.898337720881976,48.55154113676133,48.813751220703125,2060300,0.0,0.0,0.0006769304044063159,2.7161788940429616,-1.0,0.025379180908203125,0.06766114611774299,0.000620528824132228,0.006946532528156453,0.0037835306761443404,0.9962164693238557
2021-04-22,47.97637408963207,48.55154948314509,47.8410388927258,48.34854507446289,2118900,0.0,0.0,0.0006895491787414843,2.2509727478027273,-1.0,-0.43982696533203125,0.668207972862362,0.08812169299519124,2.0,0.04220141636898084,0.9577985836310192
2021-04-23,48.086312963399614,48.213191072669645,47.798725378812655,48.111690521240234,2001500,0.0,0.0,0.0006481530761673136,2.014118194580071,-1.0,-0.6766815185546875,0.0,0.0,2.0,0.5,0.5
2021-04-26,48.07787205634066,48.18783290615159,47.87486765873936,48.128623962402344,1452900,0.0,0.0,0.0004706635256806931,2.0310516357421804,-1.0,-0.6597480773925781,0.0,0.0,2.0,0.5,0.5
2021-04-27,47.6718575606731,47.96790222398151,47.638022962967895,47.78181838989258,1950500,0.0,0.0,0.000627306810937708,1.6842460632324148,-1.0,-1.0065536499023438,0.0,0.0,2.0,0.5,0.5
2021-04-28,47.9171579904123,48.12861940568041,47.9171579904123,48.03557586669922,1554000,0.0,0.0,0.0005024413698013188,1.9380035400390554,1.0,0.2537574768066406,0.0,0.0,0.06355706572337161,0.031778532861685804,0.9682214671383143
2021-04-29,49.87951791586426,50.01485308782159,49.600387308714446,49.83722305297851,3032400,0.0,0.0,0.001017212523070863,3.739650726318345,1.0,2.0554046630859304,0.0,0.0,2.0,1.0,0.0
2021-04-30,50.01484922637101,50.01484922637101,49.473508580336485,49.66805267333984,1973700,0.0,0.0,0.0006598263410238416,3.5704803466796733,-1.0,-0.16917037963867188,0.0,0.0,0.006774136958317772,0.5,0.5
2021-05-03,49.93873112509576,50.18402715358452,49.82031324283092,50.082523345947266,939700,0.0,0.0,0.0003167720126491747,3.9849510192871023,1.0,0.414470672607429,0.16917406576293104,0.0018022772403240188,2.0,1.0,0.0
2021-05-04,49.321258544921875,49.625760253301905,49.17746311376234,49.321258544921875,3186000,0.0,0.0,0.0010576727042501434,3.2236862182617116,-1.0,-0.7612648010253906,0.2960454665741423,0.008433567104013186,2.0,0.004199076953375987,0.995800923046624
2021-05-05,49.761104732211,50.01485780020892,49.69343552653405,49.85414505004883,1180900,0.0,0.0,0.00039626505054792823,3.7565727233886648,1.0,0.5328865051269531,0.0,0.0,0.4900021046219001,0.24500105231095004,0.75499894768905
2021-05-06,49.93027116648451,50.58157274956944,49.913353865108185,50.488529205322266,1596600,0.0,0.0,0.0005425755498732361,4.390956878662102,1.0,1.1672706604003906,0.0,0.0,2.0,1.0,0.0
2021-05-07,50.42932275533063,50.699993137434035,50.37011381091085,50.53082656860352,1591100,0.0,0.0,0.000541159457888421,4.433254241943359,1.0,1.2095680236816477,0.0,0.0,2.0,1.0,0.0
2021-05-10,50.78457395458074,51.24133138316112,50.733822053634555,51.131370544433594,1657300,0.0,0.0,0.0005703742873870684,5.03379821777343,1.0,1.8101119995117188,0.0,0.0,2.0,1.0,0.0
2021-05-11,50.38703096239867,50.78457949658124,50.192486827509136,50.776119232177734,3249800,0.0,0.0,0.0011106763244727465,4.678546905517571,-1.0,-0.3552513122558594,0.17762698340171568,0.001441437793706355,0.038517712470036734,0.03607278393540422,0.9639272160645957
2021-05-12,50.72536967293875,51.055248992756205,50.61540882411779,50.674617767333984,3629800,0.0,0.0,0.001238068154366598,4.577045440673821,1.0,-0.10150146484375,0.0,0.0,0.0031443705863471107,0.5,0.5
2021-05-13,50.37010756734381,51.199035913117335,50.3108986302632,50.96220016479492,2458600,0.0,0.0,0.0008433491694056171,4.8646278381347585,1.0,0.1860809326171875,0.41445641653609755,0.007258694089372203,2.0,1.0,0.0
2021-05-14,51.31744852913826,51.47816125044285,51.07215576921423,51.24978256225586,1304300,0.0,0.0,0.0004499257988001199,5.152210235595696,1.0,0.473663330078125,0.0,0.0,2.0,1.0,0.0
2021-05-17,51.4866215854079,51.75729192357067,51.41895561418968,51.63887405395508,1324500,0.0,0.0,0.000460362671711537,5.541301727294915,1.0,0.8627548217773438,0.0,0.0,2.0,1.0,0.0
2021-05-18,51.605045461162035,51.75729794742937,51.33437509149685,51.4443359375,1498600,0.0,0.0,0.000518913140796707,5.346763610839837,1.0,0.6682167053222656,0.0,0.0,2.0,1.0,0.0
2021-05-19,51.44434094158684,51.62196778396171,51.08908725683709,51.224422454833984,1636300,0.0,0.0,0.0005641718020842736,5.126850128173821,-1.0,-0.21991348266601562,0.3298683573525878,0.004139806781188416,0.10831012452860951,0.03681466705198164,0.9631853329480183
2021-05-20,51.56225105385366,52.014404055701064,51.53665865437383,51.85231018066406,1639800,0.516,0.0,0.0005723087255929131,5.754737854003899,1.0,0.6278877258300781,0.25710610827169234,0.001996060494749152,2.0,1.0,0.0
2021-05-21,51.85230871933235,52.03999498855969,51.57931228466033,51.61343765258789,1073500,0.0,0.0,0.0003729376324523006,5.515865325927727,1.0,0.38901519775390625,0.0,0.0,2.0,1.0,0.0
2021-05-24,51.6390266418457,51.801120501612125,51.57930887910249,51.6390266418457,973500,0.0,0.0,0.0003383649567306808,5.54145431518554,-1.0,0.0255889892578125,0.0,0.0,0.013539497653631041,0.0067697488268155205,0.9932302511731845
2021-05-25,51.86937554685456,52.02293646042149,51.61344177570119,51.96321868896485,1201600,0.0,0.0,0.0004202689827156751,5.8656463623046875,1.0,0.32419204711914773,0.0,0.0,2.0,1.0,0.0
2021-05-26,52.03999559045364,52.21061917769064,51.78406183678528,51.80965423583984,1158100,0.0,0.0,0.0004038574795028883,5.712081909179673,1.0,0.17062759399413352,0.0,0.0,0.6019976849053693,0.30099884245268466,0.6990011575473154
2021-05-27,51.39162592015352,51.64755965418026,50.73472727504802,50.7944450378418,2445400,0.0,0.0,0.0008360601093042141,4.6968727111816335,-1.0,-1.0152091979980398,0.8787145006531674,0.03500080276016979,2.0,0.01719940489099391,0.9828005951090061
2021-05-28,51.03331690414628,51.340438691633466,51.03331690414628,51.161285400390625,1443800,0.0,0.0,0.0004971871090060565,5.063713073730462,-1.0,-0.6483688354492116,0.0,0.0,2.0,0.5,0.5
2021-06-01,51.60490149963885,51.61343121336948,51.09303080770842,51.1698112487793,1227800,0.0,0.0,0.00042287578693262287,5.0722389221191335,1.0,0.008525848388671875,0.0,0.0,0.0001729143145185812,8.64571572592906e-05,0.9999135428427407
2021-06-02,51.36603610327866,51.60491043596112,51.169820109757815,51.5537223815918,1398100,0.0,0.0,0.00048514285449252837,5.4561500549316335,1.0,0.3924369812011719,0.0,0.0,0.3663494879439743,0.18317474397198716,0.8168252560280128
2021-06-03,51.45987289702233,51.63902618366237,51.280719610382285,51.62196350097656,1039300,0.0,0.0,0.00036111607522774003,5.524391174316399,1.0,0.4606781005859375,0.0,0.0,0.5048366444297151,0.25241832221485755,0.7475816777851425
2021-06-04,51.6475538198799,51.81817737474812,51.51105562686005,51.707271575927734,923000,0.0,0.0,0.0003212363613863161,5.609699249267571,1.0,0.5459861755371094,0.0,0.0,0.709118848551845,0.3545594242759225,0.6454405757240775
2021-06-07,51.69022114243608,51.784064282567385,51.519597547140464,51.75846862792969,830900,0.0,0.0,0.00028946866109628316,5.660896301269524,1.0,0.5971832275390625,0.0,0.0,0.8483419431204056,0.4241709715602028,0.5758290284397972
2021-06-08,51.95467923836216,51.95467923836216,51.49399658398286,51.52812194824219,979200,0.0,0.0,0.000339615179820084,5.430549621582024,1.0,0.3668365478515625,0.01705904287718596,9.867832039349535e-06,0.3201112460884562,0.16006055696024776,0.8399394430397522
2021-06-09,51.690210726416474,51.801116529166315,51.12715525346352,51.135684967041016,1716600,0.0,0.0,0.0005908327507113011,5.038112640380852,-1.0,-0.3924369812011719,0.39244229367694317,0.006067584937092935,1.144444290603714,0.005273813392183214,0.9947261866078168
2021-06-10,51.53665334192148,51.75846170808906,51.4513431828664,51.62196350097656,1506000,0.0,0.0,0.0005232760601298725,5.524391174316399,-1.0,0.093841552734375,0.0,0.0,0.05718083826323692,0.02859041913161846,0.9714095808683816
2021-06-11,51.44281138071976,51.57077987657782,51.33190556793438,51.50252914428711,1105000,0.0,0.0,0.00038305594726728765,5.404956817626946,-1.0,-0.025592803955078125,0.0,0.0,0.07437814958027628,0.5,0.5
2021-06-14,51.50252707372418,51.90349197387695,51.41721691616456,51.90349197387695,909200,0.0,0.0,0.000317634289363264,5.80591964721679,1.0,0.40096282958984375,0.14503026578789502,0.0006239865718282169,2.0,1.0,0.0
2021-06-15,52.2020807797095,52.27886122326272,51.85230392671684,51.90349197387695,1027800,0.0,0.0,0.0003590678867219124,5.80591964721679,1.0,0.40096282958984375,0.0,0.0,2.0,1.0,0.0
2021-06-16,52.62011109808139,52.73101691217424,51.690216013089184,51.69874572753906,1333900,0.0,0.0,0.00046416742026946954,5.601173400878899,1.0,0.19621658325195312,0.0,0.0,2.0,1.0,0.0
2021-06-17,51.52812317950827,52.03146092405206,51.502527528515245,51.920555114746094,1223000,0.0,0.0,0.00042740259936414107,5.82298278808593,-1.0,0.22180938720703125,0.3497763982015982,0.003608194912678272,2.0,1.0,0.0
2021-06-18,51.024789288542685,51.075974085646536,50.54704390453691,50.76032257080078,1977200,0.0,0.0,0.0006755326589151743,4.662750244140618,-1.0,-0.9384231567382812,1.143172108552271,0.060108921084324196,2.0,0.02917754516236272,0.9708224548376373
2021-06-21,50.99065797107186,51.19540364434499,50.87975216633087,51.1698112487793,1150100,0.0,0.0,0.00039611454842092324,5.0722389221191335,1.0,0.4094886779785156,0.0,0.0,0.19040851447980894,0.09520425723990447,0.9047957427600956
2021-06-22,51.28924676725092,51.38308989015686,51.127156171378545,51.1698112487793,964000,0.0,0.0,0.00033201845463678813,5.0722389221191335,1.0,0.4094886779785156,0.0,0.0,0.19040851447980894,0.09520425723990447,0.9047957427600956
2021-06-23,51.45987674657945,51.49400211450388,50.760322975999635,50.78591537475586,1285700,0.0,0.0,0.00043949536928503694,4.688343048095696,1.0,0.025592803955078125,0.1194291903312319,0.0006489066318125033,0.0007437694019421874,0.0006963380168773453,0.9993036619831227
2021-06-24,50.675010886796485,50.82003881340834,50.40201446251316,50.52997970581055,1491200,0.0,0.0,0.0005071733135627661,4.4324073791503835,-1.0,-0.2559356689453125,0.7251417088653866,0.026764949786008598,2.0,0.01320574928475772,0.9867942507152423
2021-06-25,50.63234449049491,50.88828144509189,50.47025390637393,50.82856369018555,1370300,0.0,0.0,0.00046880784474724786,4.7309913635253835,1.0,0.298583984375,0.0,0.0,1.3610415557684914,0.6805207778842457,0.3194792221157543
2021-06-28,50.675012354500375,50.99066386902506,50.63235401779165,50.76885223388672,1117600,0.0,0.0,0.0003819047967545115,4.671279907226555,1.0,0.23887252807617188,0.0,0.0,0.8711055466214978,0.4355527733107489,0.5644472266892511
2021-06-29,50.709133406455486,50.709133406455486,50.4446699488917,50.555572509765625,956000,0.0,0.0,0.00032531066398362236,4.458000183105462,-1.0,-0.21327972412109375,0.025583957482226083,3.293481932682753e-05,0.7971989699041441,4.1311466753518036e-05,0.9999586885332464
2021-06-30,50.02664302042427,50.42760795105197,49.71099150821424,49.90720748901367,1679900,0.0,0.0,0.0005643104270854575,3.8096351623535085,-1.0,-0.8616447448730469,0.0,0.0,2.0,0.5,0.5
2021-07-01,49.98398559655448,50.19726425104493,49.96692291367037,50.14607620239258,1362100,0.0,0.0,0.0004597453275855262,4.048503875732415,-1.0,-0.6227760314941406,0.0,0.0,2.0,0.5,0.5
2021-07-02,50.03517344424856,50.44466806870066,49.96692271298622,50.291107177734375,1041600,0.0,0.0,0.00035258476526225523,4.193534851074212,-1.0,-0.47774505615234375,0.017060117648689754,1.6550210820389435e-05,2.0,8.27503693339182e-06,0.9999917249630667
2021-07-06,50.512916107077515,50.58969655341413,50.2484526564312,50.495853424072266,1117500,0.0,0.0,0.0003798171960318116,4.398281097412102,1.0,0.20474624633789062,0.3924323023692011,0.007960925005250972,0.18367053620875046,0.09581573060700072,0.9041842693929993
2021-07-07,50.726189917658736,51.28924538555219,50.59822468890378,51.118621826171875,1065500,0.0,0.0,0.00036660971179225936,5.021049499511712,1.0,0.8275146484375,0.0,0.0,2.0,1.0,0.0
2021-07-08,50.598229522103765,50.777382812097855,50.27404505375206,50.495853424072266,1310200,0.0,0.0,0.0004453122955175656,4.398281097412102,-1.0,-0.6227684020996094,0.0,0.0,0.566371978179656,0.5,0.5
2021-07-09,50.50438128134434,50.8541581116169,50.50438128134434,50.75178527832031,1280100,0.0,0.0,0.000437287030118879,4.654212951660149,1.0,0.2559318542480469,0.0,0.0,0.16888673810085178,0.08444336905042589,0.9155566309495741
2021-07-12,50.751790162195526,51.110096740400486,50.751790162195526,50.96506881713867,1021700,0.0,0.0,0.0003504833435630548,4.8674964904785085,1.0,0.46921539306640625,0.0,0.0,0.5676640137822944,0.2838320068911472,0.7161679931088528
2021-07-13,50.89682270284252,51.289254682489776,50.879760018374256,51.016258239746094,872500,0.0,0.0,0.0002996024861764885,4.91868591308593,1.0,0.5204048156738281,0.0,0.0,0.698279793598351,0.3491398967991755,0.6508601032008245
2021-07-14,50.80297916250304,51.04185348878981,50.62382585856866,50.990665435791016,1141000,0.0,0.0,0.0003916045227797844,4.893093109130852,-1.0,-0.025592803955078125,0.12796430362686806,0.000683928521803158,0.002418539174832918,0.22044662142484953,0.7795533785751505
2021-07-15,50.9480114810315,50.98213359607916,50.59823458039186,50.8797607421875,1130400,0.0,0.0,0.00038712265194632814,4.782188415527337,-1.0,-0.13649749755859375,0.0,0.0,0.068796566716043,0.5,0.5
2021-07-16,51.20394022625001,51.40868591397339,50.99066156981996,51.31484603881836,1816100,0.0,0.0,0.0006272694890673115,5.217273712158196,1.0,0.4350852966308594,0.3668324251835813,0.0049436554051627574,2.0,1.0,0.0
2021-07-19,50.80297515880862,51.075971577872615,50.49585337376812,50.820037841796875,1734500,0.0,0.0,0.0005933086269864346,4.722465515136712,-1.0,-0.4948081970214844,0.10238120662373973,0.0004700054531834317,1.293376474880053,0.0003632621492021059,0.9996367378507979
2021-07-20,50.27404943635069,50.598233932962906,50.03517836220184,50.180206298828125,1885400,0.0,0.0,0.0006368062543319422,4.082633972167962,-1.0,-1.1346397399902344,0.0,0.0,2.0,0.5,0.5
2021-07-21,50.32523524928464,50.48732586318712,49.992517798051935,50.08636093139648,1660400,0.0,0.0,0.0005597622137351097,3.988788604736314,-1.0,-1.228485107421882,0.0,0.0,2.0,0.5,0.5
2021-07-22,47.72322812903792,47.85972633079179,47.34785888780826,47.36492156982422,4620900,0.0,0.0,0.0014731764497616785,1.2673492431640554,-1.0,-3.9499244689941406,0.0,0.0,2.0,0.5,0.5
2021-07-23,48.20950158463108,48.71283929717672,48.08153635529666,48.62752914428711,2560200,0.0,0.0,0.0008379680708732816,2.529956817626946,1.0,1.2626075744628906,0.0,0.0,0.10217842370499519,0.051089211852497596,0.9489107881475024
2021-07-26,47.94504041878461,48.07300565415292,47.527012839417466,47.552608489990234,2227700,0.0,0.0,0.0007130211706331888,1.455036163330071,-1.0,-1.074920654296875,0.0,0.0,0.7247964122387925,0.5,0.5
2021-07-27,47.87679573216586,48.24363531105924,47.85120333273702,48.16685485839844,2228800,0.0,0.0,0.0007225880303735217,2.069282531738274,1.0,0.6142463684082031,0.0,0.0,0.3265369856625893,0.16326849283129466,0.8367315071687054
2021-07-28,48.05594732060759,48.32894373419203,47.962104193242816,48.286285400390625,2937000,0.0,0.0,0.0009545509593703439,2.1887130737304616,1.0,0.7336769104003906,0.0,0.0,0.4658615716748432,0.2329307858374216,0.7670692141625783
2021-07-29,48.704315984585904,49.25884181436792,48.69578626992542,49.0711555480957,2401900,0.0,0.0,0.0007933276336622005,2.9735832214355398,1.0,1.5185470581054688,0.0,0.0,1.995738768806689,0.9978693844033445,0.002130615596655505
2021-07-30,49.44652477430595,49.51477550901473,49.06262252750445,49.07968521118164,1896000,0.0,0.0,0.0006263419160481725,2.9821128845214773,1.0,1.5270767211914062,0.0,0.0,2.0,1.0,0.0
2021-08-02,48.917585949705725,49.139394289547624,48.627526887221045,48.85786819458008,1387500,0.0,0.0,0.000456287824521147,2.7602958679199148,-1.0,-0.2218170166015625,0.06825938270437604,0.0006115239102020004,0.021099298000224736,0.028166778426214845,0.9718332215737852
2021-08-03,49.12233082686199,49.352668860920495,49.08820546834469,49.33560943603515,1605000,0.0,0.0,0.0005329750868627061,3.238037109374986,1.0,0.477741241455071,0.0,0.0,2.0,1.0,0.0
2021-08-04,49.48065518406663,49.617153413020105,48.85788181106796,48.96025466918945,2013400,0.0,0.0,0.0006635063863543124,2.8626823425292898,1.0,0.102386474609375,0.0,0.0,0.2130568292386573,0.10652841461932865,0.8934715853806714
2021-08-05,49.41036687655826,49.47922108024603,49.09192439237516,49.22962951660156,1633200,0.503,0.0,0.000541174486400589,3.132057189941399,1.0,0.3717613220214844,0.0,0.0,2.0,1.0,0.0
2021-08-06,48.87675857543945,48.997250145403214,48.77347727277133,48.87675857543945,1289500,0.0,0.0,0.00042422388603701095,2.7791862487792898,-1.0,-0.3528709411621094,0.08440453829663142,0.0009223511480004334,0.9009555892029124,0.001022700641332412,0.9989772993586676
2021-08-09,49.2296317015778,49.29848262517227,49.09192657123958,49.28126907348633,1319900,0.0,0.0,0.00043781867964229706,3.1836967468261648,1.0,0.404510498046875,0.0,0.0,1.3140981462325152,0.6570490731162576,0.3429509268837424
2021-08-10,49.20380728002604,49.28126661717734,48.95421900089329,49.13495635986328,995400,0.0,0.0,0.00032919981768329604,3.037384033203118,-1.0,-0.14631271362304688,0.0,0.0,0.13082915489852373,0.5,0.5
2021-08-11,49.298479892238554,49.479220533346634,49.255447656983904,49.350120544433594,1291800,0.0,0.0,0.00042909640202674757,3.2525482177734304,1.0,0.2151641845703125,0.18073790817436475,0.0030878131756778165,2.0,1.0,0.0
2021-08-12,49.22102958032598,49.29848893124636,49.07471929700398,49.08332443237305,857900,0.0,0.0,0.0002834275174231754,2.9857521057128835,-1.0,-0.2667961120605469,0.0,0.0,1.5375138229222862,0.5,0.5
2021-08-13,49.410369845441814,49.7890581390311,49.375942741529336,49.72020721435547,1273500,0.0,0.0,0.00042618999887811384,3.6226348876953054,1.0,0.6368827819824219,0.3098376056844643,0.007315080761913677,2.0,1.0,0.0
2021-08-16,49.05749729053127,49.289875303253794,48.91979216630487,49.22962951660156,1845800,0.0,0.0,0.00061162127540914,3.132057189941399,-1.0,-0.49057769775390625,0.15492713069910735,0.00244678375491196,0.5933303796519112,0.004106877378314663,0.9958931226216854
2021-08-17,48.97143337202979,49.29848099379213,48.93700626979717,49.14356231689453,1423700,0.0,0.0,0.0004709301484407329,3.045989990234368,1.0,-0.08606719970703125,0.0,0.0,0.01826233604394241,0.5,0.5
2021-08-18,48.885370301499954,48.90258385426597,48.44643619698985,48.46364974975586,1391700,0.0,0.0,0.00045397623578278927,2.366077423095696,-1.0,-0.6799125671386719,0.0,0.0,1.1396910062372065,0.5,0.5
2021-08-19,48.09355899543889,48.44642856366955,48.06773702878369,48.153804779052734,2062800,0.0,0.0,0.0006685888127594423,2.056232452392571,-1.0,-0.9897575378417969,0.0,0.0,2.0,0.5,0.5
2021-08-20,48.2657047832556,48.739066051804635,48.188245427809406,48.51529312133789,1286500,0.0,0.0,0.00042010691019379843,2.4177207946777273,1.0,0.36148834228515625,0.0,0.0,0.13339236007881705,0.06669618003940853,0.9333038199605914
2021-08-23,48.42061775424787,48.65299580879614,48.30012615925611,48.52389907836914,1077500,0.0,0.0,0.00035192032057451873,2.4263267517089773,1.0,0.37009429931640625,0.0,0.0,0.13981931020549526,0.06990965510274763,0.9300903448972524
2021-08-24,47.95586392744479,48.308733569620294,47.878404577545304,48.145206451416016,1219600,0.0,0.0,0.00039522266653813196,2.0476341247558523,-1.0,-0.378692626953125,0.30984085026410213,0.02289668630930061,1.047005367417073,0.021400731244092384,0.9785992687559076
2021-08-25,47.646018166682765,47.904214859988166,47.525526595350186,47.82675552368164,1516400,0.0,0.0,0.0004881531216201464,1.7291831970214773,-1.0,-0.6971435546875,0.0,0.0,2.0,0.5,0.5
2021-08-26,47.887004293437435,48.076350079130094,47.783726266309294,47.97307205200195,1289500,0.0,0.0,0.0004163803747260016,1.8754997253417898,1.0,0.1463165283203125,0.0,0.0,0.04404963792008718,0.02202481896004359,0.9779751810399564
2021-08-27,47.973070162122305,48.09356173621663,47.732083730784495,47.775115966796875,1453500,0.0,0.0,0.0004673994112098704,1.6775436401367116,1.0,-0.051639556884765625,0.0,0.0,0.12455989627654251,0.5,0.5
2021-08-30,47.732083991299355,48.05052976245714,47.732083991299355,48.02470779418945,1152200,0.0,0.0,0.00037244656817768905,1.9271354675292898,1.0,0.1979522705078125,0.0,0.0,2.0,1.0,0.0
2021-08-31,47.766513809299944,47.93864604722459,47.71487315297774,47.92143249511719,1534200,0.0,0.0,0.000494860905094235,1.8238601684570241,-1.0,-0.10327529907226562,0.0172105778067575,8.90446486129142e-05,0.27218986343325274,0.000327034691156251,0.9996729653088438
2021-09-01,47.96446633320727,48.24848502772607,47.84397474758698,48.21405792236328,1807800,0.0,0.0,0.0005866721095435606,2.116485595703118,1.0,0.29262542724609375,0.1979552652689307,0.008747893380797933,2.0,1.0,0.0
2021-09-02,47.00913508030651,47.33618601203514,46.99192152777874,47.215694427490234,2779800,0.0,0.0,0.0008834282990969492,1.118122100830071,-1.0,-0.9983634948730469,0.7229516251989949,0.4180613446100561,2.0,0.17289112434716744,0.8271088756528325
2021-09-03,47.18125618584638,47.654617277605446,47.129615540452264,47.465274810791016,2240600,0.0,0.0,0.0007158329846672525,1.3677024841308523,1.0,0.24958038330078125,0.0,0.0,0.06249474630378823,0.031247373151894114,0.9687526268481059
2021-09-07,47.353391919001496,47.602983465631475,47.336178369252984,47.37060546875,2025500,0.0,0.0,0.0006458215880207866,1.2730331420898366,1.0,0.15491104125976562,0.0,0.0,0.02407616776860083,0.012038083884300416,0.9879619161156996
2021-09-08,47.258724460875854,47.7320856422666,47.258724460875854,47.69765853881836,1763200,0.0,0.0,0.0005660698346276174,1.600086212158196,1.0,0.481964111328125,0.0,0.0,0.23305156060906046,0.11652578030453023,0.8834742196954698
2021-09-09,47.59438521464904,47.59438521464904,47.11241885134552,47.207088470458984,1611600,0.0,0.0,0.0005120776834438736,1.109516143798821,-1.0,-0.490570068359375,0.2237595179074674,0.04067202388160843,1.0360308614847307,0.03777460284948536,0.9622253971505146
2021-09-10,47.30175646110167,47.35339711601473,47.05216488707913,47.10380554199219,1406800,0.0,0.0,0.0004460255424034501,1.0062332153320241,-1.0,-0.5938529968261719,0.0,0.0,1.5181983114300432,0.5,0.5
2021-09-13,47.602991113537286,47.7579098030142,47.45667755874267,47.52553176879883,1585600,0.0,0.0,0.0005072148930932159,1.4279594421386648,1.0,0.4217262268066406,0.16352458836516348,0.013113975988880623,0.5043166604999767,0.25871531824442867,0.7412846817555714
2021-09-14,48.03331649977268,48.041921633814134,47.63741138773275,47.65462493896485,1789600,0.0,0.0,0.0005740271076696724,1.5570526123046875,1.0,0.5508193969726634,0.0,0.0,0.8603210436561901,0.43016052182809505,0.569839478171905
2021-09-15,47.48250667295444,47.57717959099683,47.15545895281732,47.3017692565918,2382000,0.0,0.0,0.0007583863668887423,1.2041969299316335,-1.0,-0.352855682373054,0.30121860592534944,0.06257034608869352,0.41037016653356745,0.13230066872843402,0.867699331271566
2021-09-16,47.06077249053722,47.14683696408786,46.71650803003624,46.94028091430664,1898900,0.0,0.0,0.000599955658503602,0.8427085876464773,-1.0,-0.7143440246582102,0.0,0.0,1.6818853269689122,0.5,0.5
2021-09-17,46.7939660207633,46.991916930743656,46.36363709911492,46.432491302490234,2595400,0.0,0.0,0.0008111434419808353,0.334918975830071,-1.0,-1.2221336364746165,0.0,0.0,2.0,0.5,0.5
2021-09-20,46.68208940575145,47.052169309724725,46.355038460192965,46.67348098754883,2758500,0.0,0.0,0.0008665917610688671,0.5759086608886648,-1.0,-0.9811439514160227,0.0,0.0,2.0,0.5,0.5
2021-09-21,47.01774435466914,47.33618687436024,46.88003921508789,46.88003921508789,2313000,0.0,0.0,0.0007298522883296467,0.7824668884277273,1.0,0.2065582275390625,0.34426994361658103,0.19358258263667413,0.04432201892961856,0.11895230078314635,0.8810476992168537
2021-09-22,47.267326902089856,47.51691846314506,46.96609797195364,46.99191665649414,2454900,0.0,0.0,0.0007764765418345749,0.8943443298339773,1.0,0.3184356689453125,0.0,0.0,0.1053362747115553,0.05266813735577765,0.9473318626442223
2021-09-23,47.37921825177983,47.50831825416334,47.172662187745544,47.215694427490234,1526700,0.0,0.0,0.0004851895763117175,1.118122100830071,1.0,0.5422134399414062,0.0,0.0,0.3054042630369979,0.15270213151849896,0.847297868481501
2021-09-24,46.99192128718239,47.22429932039328,46.90585680813366,46.966102600097656,1204800,0.0,0.0,0.0003808648173991993,0.8685302734374929,-1.0,-0.24959182739257812,0.06024116381997402,0.004810794275755764,0.21189473453881322,0.022199684069308053,0.9778003159306919
2021-09-27,46.76815224696763,47.060776075741494,46.69069290161133,46.69069290161133,1582200,0.0,0.0,0.0004972365839345717,0.5931205749511648,-1.0,-0.5250015258789062,0.0,0.0,0.9375200721681873,0.5,0.5
2021-09-28,46.99191665939062,47.009130210135055,46.5013419541962,46.83699798583984,2662300,0.0,0.0,0.0008393003772686588,0.7394256591796733,-1.0,-0.37869644165039773,0.0,0.0,0.4878001079896243,0.5,0.5
2021-09-29,46.750932424566486,47.344785137223795,46.6046221713759,47.1984748840332,2650800,0.0,0.0,0.0008421244998946745,1.1009025573730398,1.0,0.3614768981933665,0.2840090614823012,0.06655284604404112,0.9111264307286658,0.48883963838635347,0.5111603616136465
2021-09-30,46.923067922701414,46.96610015999005,46.48413056616921,46.66487121582031,3539900,0.0,0.0,0.001111865974825395,0.5672988891601491,-1.0,-0.5336036682128906,0.017211388026986185,0.0009204663687768221,2.0,0.0004600214672436545,0.9995399785327563
2021-10-01,46.78536908586476,46.88004199052231,46.320612981082064,46.65626907348633,2782000,0.0,0.0,0.0008736520645784336,0.5586967468261648,-1.0,-0.542205810546875,0.0,0.0,2.0,0.5,0.5
2021-10-04,46.20012144539383,46.50995884897251,46.139875648381285,46.312007904052734,2465000,0.0,0.0,0.0007683903627443215,0.21443557739257102,-1.0,-0.8864669799804688,0.0,0.0,2.0,0.5,0.5
2021-10-05,46.20012014865362,46.23454725545155,45.97634723761666,45.993560791015625,2306900,0.0,0.0,0.0007141627229740197,-0.10401153564453836,-1.0,-1.2049140930175781,0.0,0.0,2.0,0.0,1.0
2021-10-06,45.21897144958982,45.69233268606797,45.193149477423965,45.65790557861328,2013800,0.0,0.0,0.0006188760798301561,-0.4396667480468821,-1.0,-1.5405693054199219,0.0,0.0,2.0,0.0,1.0
2021-10-07,45.60626330578607,45.941919359570086,45.485768442627034,45.55462265014648,1831800,0.0,0.0,0.0005616708474516936,-0.5429496765136861,1.0,-0.10328292846680398,0.0,0.0,0.08163868350820341,0.9591806582458983,0.04081934175410171
2021-10-08,45.47716305745389,45.5976546367991,45.270603719184045,45.305030822753906,1992600,0.0,0.0,0.0006076282138420822,-0.7925415039062571,-1.0,-0.24959182739257102,0.0,0.0,0.4767597985027336,0.7616201007486332,0.2383798992513668
2021-10-11,45.330850062155655,45.48576874696162,45.184539794921875,45.184539794921875,1453200,0.0,0.0,0.0004419637272459564,-0.9130325317382884,-1.0,-0.37008285522460227,0.0,0.0,1.0481823395956662,0.4759088302021669,0.5240911697978331
2021-10-12,45.09847479221117,45.167325716239105,44.909129005623065,44.99519348144531,1531000,0.0,0.0,0.00046367394158853734,-1.1023788452148509,-1.0,-0.5594291687011648,0.0,0.0,2.0,0.0,1.0
2021-10-13,45.34805625788538,45.64068002803347,45.34805625788538,45.58904266357422,1899400,0.0,0.0,0.0005828385660743784,-0.5085296630859446,1.0,0.5938491821289062,0.15491128107185403,0.09279690873272908,1.1268396285219655,0.9239142925796503,0.07608570742034966
2021-10-14,45.726757871664624,45.77839524752672,45.55462562477542,45.7353630065918,1636400,0.0,0.0,0.0005037475840000132,-0.3622093200683665,1.0,0.7401695251464844,0.0,0.0,1.7505405947368944,0.5,0.5
2021-10-15,45.348070090240256,45.830039765482546,45.33085653578698,45.580448150634766,1517400,0.0,0.0,0.0004655325428683728,-0.5171241760253977,1.0,0.5852546691894531,0.017199722098403925,0.0011062497257300745,1.094459161065324,0.9989902476704414,0.0010097523295585845
2021-10-18,45.39109966059252,45.48576927293591,45.210359004129344,45.37388610839844,2023300,0.0,0.0,0.0006179276561802617,-0.7236862182617259,-1.0,-0.20656204223632812,0.3442666206460743,0.22630243595553004,0.12456936856447771,0.8245640977399962,0.17543590226000388
2021-10-19,45.072661777997475,45.27061273823705,44.97798886589377,45.193153381347656,1815800,0.0,0.0,0.000552347041640737,-0.9044189453125071,-1.0,-0.3872947692871094,0.0,0.0,0.43791869783777293,0.7810406510811135,0.21895934891888647
2021-10-20,45.45995494788861,45.597660095504054,45.339463354118806,45.44274139404297,1441400,0.0,0.0,0.00044088001781063496,-0.6548309326171946,1.0,0.2495880126953125,0.11189082256814231,0.029196484417764963,0.41530215342685306,0.9343159192582924,0.06568408074170766
2021-10-21,45.81282123133891,46.088231506355584,45.74397030415946,45.94192123413086,2629500,0.0,0.0,0.0008131182393587473,-0.15565109252930398,1.0,0.7487678527832031,0.0,0.0,2.0,0.5,0.5
2021-10-22,46.10544149932771,46.44970595809405,46.07962281402246,46.22593307495117,1742800,0.0,0.0,0.0005422563075024006,0.12836074829100852,1.0,1.0327796936035156,0.0,0.0,2.0,1.0,0.0
2021-10-25,46.18290248766945,46.19150762202878,45.8644599859854,46.053802490234375,1554100,0.0,0.0,0.00048174346217280504,-0.043769836425788355,-1.0,-0.17213058471679688,0.0,0.0,0.027777982979350364,0.9861110085103248,0.013888991489675182
2021-10-26,46.475528717041016,46.62183899079402,46.34642871290055,46.475528717041016,1647600,0.0,0.0,0.0005154036589286282,0.37795639038085227,1.0,0.4217262268066406,0.17213303269996771,0.20741733761437373,2.0,1.0,0.0
2021-10-27,46.38946922213755,46.46692857631696,45.97635047774749,46.07963180541992,1535900,0.0,0.0,0.0004763688067672032,-0.01794052124024148,-1.0,-0.39589691162109375,0.0,0.0,0.8812578673774949,0.5593710663112526,0.44062893368874745
2021-10-28,46.26035934900649,46.49273736203986,46.20011356227367,46.37224578857422,1338800,0.0,0.0,0.00041787386282659536,0.2746734619140554,1.0,0.2926139831542969,0.0,0.0,0.546293362906978,0.273146681453489,0.7268533185465109
2021-10-29,45.93330736506143,46.200112473698226,45.907488680826894,46.11404800415039,1785500,0.0,0.0,0.0005541973908564031,0.01647567749022727,-1.0,-0.2581977844238281,0.06886179692059358,2.0,0.7786008450372449,0.7197867241608759,0.28021327583912414
2021-11-01,46.04519462014888,46.40666933845156,45.96773528291986,46.27757263183594,1633600,0.0,0.0,0.0005088475300596475,0.18000030517577414,1.0,0.16352462768554688,0.0,0.0,0.40110799209359305,0.20055399604679652,0.7994460039532034
2021-11-02,46.08822441759804,46.5357668664517,46.02797863440129,46.32060241699219,1790000,0.0,0.0,0.0005580827575903162,0.22303009033202414,1.0,0.20655441284179688,0.0,0.0,0.639976361302716,0.319988180651358,0.680011819348642
2021-11-03,46.3206051310589,46.58741024595525,46.16568645571897,46.52716445922851,1705900,0.0,0.0,0.0005342340071164939,0.42959213256834516,1.0,0.4131164550781179,0.0,0.0,2.0,1.0,0.0
2021-11-04,45.85655720947505,46.343004635833545,45.79575128118024,45.926048278808594,2989400,0.498,0.0,0.0009240904523397729,-0.1715240478515696,-1.0,-0.6011161804199148,0.23222735322105592,1.833060125861367,2.0,0.0,1.0
2021-11-05,45.83049423612388,46.03028892641166,45.71757083652149,45.917362213134766,2377400,0.0,0.0,0.0007347685596006237,-0.18021011352539773,-1.0,-0.6098022460937429,0.0,0.0,2.0,0.0,1.0
2021-11-08,45.90867576341273,45.90867576341273,45.561213781219166,45.873931884765625,2497500,0.0,0.0,0.0007711570569846392,-0.22364044189453836,-1.0,-0.6532325744628835,0.0,0.0,2.0,0.0,1.0
2021-11-09,45.85656277906863,46.134533717513406,45.85656277906863,45.995548248291016,2376100,0.0,0.0,0.0007356172234800972,-0.10202407836914773,1.0,0.12161636352539062,0.104244791101749,1.044006893306248,0.0346615803510509,0.03213367331811268,0.9678663266818873
2021-11-10,45.98685070176539,46.07371867390403,45.795747790409,46.01291275024414,1863100,0.0,0.0,0.0005770152177054436,-0.08465957641602273,-1.0,0.017364501953125,0.0,0.0,0.0007066249961724811,0.5,0.5
2021-11-11,45.69150855151313,45.734944196632355,45.46565843979577,45.56989669799805,3189400,0.0,0.0,0.0009782692644025807,-0.5276756286621165,-1.0,-0.42565155029296875,0.39090433927286483,0.5487909113753004,2.0,0.0,1.0
2021-11-12,45.67413826987482,45.70019700600677,45.44828484448297,45.56989669799805,1899000,0.0,0.0,0.0005824711021196779,-0.5276756286621165,-1.0,-0.42565155029296875,0.0,0.0,2.0,0.0,1.0
2021-11-15,45.52646749130344,45.639394211750194,45.43960282245192,45.44828796386719,2258400,0.0,0.0,0.0006908595543168939,-0.6492843627929759,-1.0,-0.5472602844238281,0.0,0.0,2.0,0.0,1.0
2021-11-16,45.4830261331077,45.56120564503325,45.178993225097656,45.178993225097656,2438400,0.0,0.0,0.0007415029333648054,-0.9185791015625071,-1.0,-0.8165550231933594,0.0,0.0,2.0,0.0,1.0
2021-11-17,45.17031521542502,45.21374754808956,44.927091501563986,44.97052383422851,2007800,0.0,0.0,0.0006077427284467478,-1.1270484924316548,-1.0,-1.025024414062507,0.0,0.0,2.0,0.0,1.0
2021-11-18,45.1442544158897,45.1442544158897,44.562250581018475,44.57962417602539,3047000,0.0,0.0,0.0009142821313930043,-1.5179481506347727,-1.0,-1.415924072265625,0.0,0.0,2.0,0.0,1.0
2021-11-19,45.19637259241555,45.21374618769354,44.68386312957553,44.70123672485352,2919000,0.0,0.0,0.0008782638528189999,-1.3963356018066406,1.0,0.1216125488281321,0.0,0.0,0.007376950187900201,0.5,0.5
2021-11-22,44.718615463240646,45.12688671504267,44.53619766235352,44.53619766235352,3098100,0.0,0.0,0.0009287096163760069,-1.5613746643066406,-1.0,-0.1650390625,0.026052918664952074,0.0002784187705104455,1.8416907820888297,0.07901539957032988,0.9209846004296701
2021-11-23,45.16163535965868,45.49172377747926,45.07476737048882,45.38748550415039,3243200,0.0,0.0,0.0009907891214304902,-0.7100868225097727,1.0,0.8512878417968679,0.2779775897857206,0.15324865215944386,2.0,0.9288290964419021,0.0711709035580978
2021-11-24,45.02265159420302,45.283248944223,44.935783601746294,45.25718688964844,2277600,0.0,0.0,0.000693803337302607,-0.8403854370117259,-1.0,-0.13029861450195312,0.0,0.0,0.023427542476699603,0.9882862287616502,0.011713771238349801
2021-11-26,45.72626335513881,46.03029635321968,45.50041320581949,45.59596633911133,4234100,0.0,0.0,0.0012994480154639187,-0.5016059875488352,1.0,0.3387794494628906,0.5385725757404245,1.1528240993234038,2.0,0.6343519133938363,0.36564808660616366
2021-11-29,45.83919001232259,45.882622350928,45.37880125849012,45.83050155639648,4980500,0.0,0.0,0.0015363810061175057,-0.2670707702636861,-1.0,0.23453521728514914,0.0,0.0,2.0,0.5,0.5
2021-11-30,45.17900549110884,45.23112628443458,44.101868938443104,44.17136001586914,4535400,0.0,0.0,0.0013484279373897835,-1.9262123107910227,-1.0,-1.4246063232421875,1.398544267376387,0.527162035764019,2.0,0.0,1.0
2021-12-01,44.48406608877465,44.63173997299216,43.95418309814403,43.96287155151367,4973700,0.0,0.0,0.0014717600597989448,-2.1347007751464915,-1.0,-1.6330947875976562,0.0,0.0,2.0,0.0,1.0
2021-12-02,44.93577676277812,45.161630195116906,44.631747119638895,44.68386459350586,3354600,0.0,0.0,0.001008934202443592,-1.413707733154304,1.0,0.7209930419921875,0.0,0.0,0.19491235183645175,0.5,0.5
2021-12-03,44.779419923510154,44.87497304854752,44.4580166686638,44.55356979370117,3045500,0.0,0.0,0.0009132979562650268,-1.5440025329589915,-1.0,-0.1302947998046875,0.0,0.0,0.03265818303812086,0.9836709084809395,0.01632909151906043
2021-12-06,44.814170253549456,45.78706854137316,44.814170253549456,45.70888900756836,4839200,0.0,0.0,0.001488831716526784,-0.388683319091804,1.0,1.1553192138671875,0.6254383462562529,2.0,2.0,0.5,0.5
2021-12-07,44.97920649107816,45.543836725556126,44.97920649107816,45.474342346191406,3667100,0.0,0.0,0.0011224333318442495,-0.6232299804687571,1.0,0.9207725524902344,0.0,0.0,2.0,0.5,0.5
2021-12-08,45.57858752493992,46.09109701548372,45.46566080636596,46.021602630615234,5029300,0.0,0.0,0.001557903867416308,-0.07596969604492898,1.0,1.4680328369140625,0.0,0.0,2.0,0.5,0.5
2021-12-09,45.64808112509317,45.96948438872941,45.456978183466795,45.95211410522461,4333300,0.0,0.0,0.0013402802822289471,-0.14545822143555398,-1.0,-0.069488525390625,0.0,0.0,0.002240550058354087,0.998879724970823,0.0011202750291770436
2021-12-10,46.09110126851488,46.39513094618205,46.06503921494701,46.25614547729492,3272800,0.0,0.0,0.0010189673809293716,0.15857315063475852,1.0,0.3040313720703125,0.3040339306983313,2.0,2.0,1.0,0.0
2021-12-13,46.06503619238101,46.36906916377396,45.917365591110666,46.117156982421875,2711600,0.0,0.0,0.0008417042622409175,0.019584655761711645,-1.0,-0.13898849487304688,0.0,0.0,0.2089877859098344,0.5,0.5
2021-12-14,46.204029887616706,46.3082714862786,45.978179717866595,46.06504440307617,2762000,0.0,0.0,0.0008563800535212184,-0.03252792358399148,-1.0,-0.19110107421875,0.0,0.0,0.39508401423783357,0.8024579928810832,0.19754200711891678
2021-12-15,45.69150574702959,45.84786478157315,45.56120876069281,45.77837371826172,2521300,0.0,0.0,0.0007768841463589571,-0.3191986083984446,-1.0,-0.4777717590332031,0.0,0.0,2.0,0.0,1.0
2021-12-16,45.8913040914092,46.36037791885143,45.873930495774374,46.2995719909668,2823600,0.0,0.0,0.0008799368884501258,0.20199966430663352,1.0,0.5211982727050781,0.052106432572827543,0.06653978383473673,1.1900493877303693,0.628294585782553,0.37170541421744696
2021-12-17,46.09109178734884,46.16058285066027,45.769685264301366,45.77837371826172,3023500,0.0,0.0,0.0009316262311174025,-0.3191986083984446,-1.0,-0.5211982727050781,0.0,0.0,1.0,0.5,0.5
2021-12-20,45.795754300799025,45.92605130701873,45.561215713193825,45.630706787109375,2986500,0.0,0.0,0.000917257116234772,-0.46686553955078836,-1.0,-0.6688652038574219,0.0,0.0,1.6469153267919021,0.17654233660404894,0.8234576633959511
2021-12-21,45.34404643034696,45.578584995751406,45.23111971803938,45.42222595214844,2658400,0.0,0.0,0.0008127558733114025,-0.6753463745117259,-1.0,-0.8773460388183594,0.0,0.0,2.0,0.0,1.0
2021-12-22,45.19637268295917,45.59595874780448,45.10950802006968,45.56989669799805,1997600,0.0,0.0,0.0006127142041044069,-0.5276756286621165,-1.0,-0.72967529296875,0.0,0.0,1.9599877039474405,0.020006148026279758,0.9799938519737202
2021-12-23,45.80444603937248,46.06504340301907,45.769698840572865,45.882625579833984,1633200,0.0,0.0,0.0005043813365384695,-0.21494674682617898,1.0,0.3127288818359375,0.4864584072676621,2.0,0.1836862727245853,0.08411751954432534,0.9158824804556747
2021-12-27,46.151907204048314,46.33432501064861,46.004233279413576,46.25614547729492,1882800,0.0,0.0,0.0005861989076062762,0.15857315063475852,1.0,0.686248779296875,0.0,0.0,0.8845123223659894,0.4422561611829947,0.5577438388170053
2021-12-28,46.37775489561863,46.60360834166253,46.351696157103866,46.499366760253906,1542400,0.0,0.0,0.00048274238318428935,0.4017944335937429,1.0,0.9294700622558594,0.0,0.0,1.6226002163865663,0.8113001081932831,0.18869989180671687
2021-12-29,46.64703573155631,46.707841657427295,46.42987076382436,46.57754135131836,1922400,0.0,0.0,0.0006026868182249426,0.479969024658196,1.0,1.0076446533203125,0.0,0.0,1.907021227571468,0.953510613785734,0.046489386214266015
2021-12-30,46.516738851974075,46.62966557134197,46.481991659295545,46.54280090332031,1664100,0.0,0.0,0.0005213187085641618,0.44522857666014914,1.0,0.9729042053222656,0.0,0.0,1.7777917189733792,0.8888958594866896,0.11110414051331041
2021-12-31,46.47331133872114,46.75997073754268,46.45593774057968,46.725223541259766,1372000,0.0,0.0,0.0004314960993426578,0.6276512145996023,1.0,1.1553268432617188,0.0,0.0,2.0,1.0,0.0
2022-01-03,46.49936672519095,47.020564690816705,46.282201734598914,46.95975875854492,2817900,0.0,0.0,0.0008906822738954919,0.8621864318847585,1.0,1.389862060546875,0.19978992469663126,0.05369635401893625,2.0,1.0,0.0
2022-01-04,46.71653600844884,47.10743369016807,46.664418526669664,46.733909606933594,2551300,0.0,0.0,0.0008025369150781408,0.6363372802734304,1.0,1.1640129089355469,0.0,0.0,2.0,1.0,0.0
2022-01-05,46.716536216070814,46.933701227582745,46.594924339812145,46.64704513549805,2690300,0.0,0.0,0.0008446878067276876,0.5494728088378835,-1.0,-0.08686447143554688,0.0,0.0,0.0055688916643829205,0.5,0.5
2022-01-06,46.20402291966666,46.3690704358198,45.99554638113353,46.186649322509766,2888300,0.0,0.0,0.0008979044668347915,0.08907699584960227,-1.0,-0.5472602844238281,0.0,0.0,0.2210407117261505,0.5,0.5
2022-01-07,46.169282567717,46.81208914327744,46.151908969232245,46.733909606933594,2856700,0.0,0.0,0.0008986035375313467,0.6363372802734304,1.0,0.5472602844238281,0.0,0.0,1.0,0.5,0.5
2022-01-10,46.57755393913167,47.150869476338364,46.53412159658236,47.10743713378906,3702500,0.0,0.0,0.0011739670816844866,1.0098648071288991,1.0,0.9207878112792969,0.0,0.0,2.0,1.0,0.0
2022-01-11,46.46462162978218,46.8815780031722,46.34300645474473,46.86420440673828,2943000,0.0,0.0,0.0009283310693460938,0.7666320800781179,-1.0,-0.24323272705078125,0.0,0.0,0.06977902460725405,0.5,0.5
2022-01-12,46.43856116913915,46.594920228726146,46.35169649766853,46.56017303466797,2691100,0.0,0.0,0.0008433654334046094,0.4626007080078054,-1.0,-0.5472640991210938,0.0,0.0,0.35324400055345834,0.5,0.5
2022-01-13,46.56018241672791,46.82078311100149,46.38645303877949,46.629676818847656,2379700,0.0,0.0,0.0007468888756738957,0.5321044921874929,1.0,0.0695037841796875,0.0,0.0,0.016129577189365796,0.008064788594682898,0.9919352114053172
2022-01-14,46.5514908479155,47.22035946445618,46.52543210755516,47.15955352783203,2688200,0.0,0.0,0.0008533017505080362,1.061981201171868,1.0,0.5993804931640625,0.0,0.0,1.1995304895481058,0.5997652447740529,0.4002347552259471
2022-01-18,42.59907591558024,42.70331416015028,40.01915533833492,40.349246978759766,38010400,0.0,0.0,0.010323078952970424,-5.748325347900398,-1.0,-6.810306549072266,6.367297700444574,1.226952160976713,2.0,0.0,1.0
2022-01-19,42.99866577077695,44.458014692333656,42.651200479482654,43.467742919921875,21826800,0.0,0.0,0.00638599440662978,-2.6298294067382884,1.0,3.1184959411621094,0.0,0.0,0.20968001750199644,0.5,0.5
2022-01-20,43.65885287723181,43.780468068338,42.90311955771372,42.911808013916016,7987500,0.0,0.0,0.0023070609022992307,-3.1857643127441477,1.0,2.56256103515625,0.0,0.0,0.14158430534339866,0.5,0.5
2022-01-21,43.29401067738801,43.48511692074674,42.7380688570804,42.833621978759766,5638600,0.0,0.0,0.0016256515464917745,-3.2639503479003977,-1.0,-0.07818603515625,0.0,0.0,0.0009309148204183064,0.9995345425897908,0.0004654574102091532
2022-01-24,45.830495836284136,46.69915575467498,45.47434540229088,46.508052825927734,20793300,0.0,0.0,0.006509130092834703,0.410480499267571,1.0,3.6744308471679688,2.9186876863369804,2.0,2.0,1.0,0.0
2022-01-25,46.03029589663424,46.27351964174631,45.70020416135714,45.79575729370117,8830700,0.0,0.0,0.002722022752416803,-0.3018150329589915,1.0,2.9621353149414062,0.0,0.0,2.0,0.5,0.5
2022-01-26,45.309305413395194,45.47434962027531,44.37115433762545,44.570945739746094,4500200,0.0,0.0,0.0013500661227712027,-1.5266265869140696,-1.0,-1.2248115539550781,1.103191064665431,0.5221987502234363,0.17097348387359398,0.6534138829514848,0.34658611704851516
2022-01-27,44.73598488068603,45.17899997197311,44.24953414342952,44.47538757324219,3572800,0.0,0.0,0.0010695468722913871,-1.6221847534179759,-1.0,-1.3203697204589844,0.0,0.0,0.19869243162417788,0.9006537841879111,0.09934621581208894
2022-01-28,43.98025526924079,44.562255859375,43.73702822400837,44.562255859375,3088500,0.0,0.0,0.000926373554232995,-1.5353164672851634,-1.0,-1.2335014343261719,0.0,0.0,0.17340815993558867,0.9132959200322057,0.08670407996779433
2022-01-31,44.03237163788091,44.64912272028773,43.95419210989552,44.64043426513672,2716300,0.0,0.0,0.0008161641592110556,-1.4571380615234446,1.0,0.07817840576171875,0.0,0.0,0.00401693035615959,0.5,0.5
2022-02-01,44.13661418872258,44.53619697891727,43.858643263919774,44.41458511352539,3683900,0.0,0.0,0.0011012979156666057,-1.6829872131347727,-1.0,-0.22584915161132812,0.0,0.0,2.0,0.0,1.0
2022-02-02,44.28428133473525,44.805479263297485,44.23216054777666,44.47538757324219,4288600,0.0,0.0,0.0012838274508813374,-1.6221847534179759,1.0,0.060802459716796875,0.15635654300975688,0.009290337450523416,0.07247786143343819,0.8863820216499148,0.11361797835008526
2022-02-03,44.779422312351755,45.20506717013191,44.69255763787005,44.97921371459961,2356400,0.0,0.0,0.000713398592632901,-1.118358612060554,1.0,0.5646286010742188,0.0,0.0,2.0,0.5,0.5
2022-02-04,44.88365175380509,44.918398942231384,44.5535634047781,44.64911651611328,2355300,0.0,0.0,0.0007078324633752671,-1.448455810546882,-1.0,-0.3300971984863281,0.0,0.0,0.3417888809754665,0.8291055595122667,0.17089444048773325
2022-02-07,45.1008261104023,45.60465050656259,45.07476737048882,45.38748550415039,2688300,0.0,0.0,0.000821268622083617,-0.7100868225097727,1.0,0.7383689880371094,0.39958333643068045,0.31665899647516976,2.0,0.8633122108359621,0.13668778916403795
2022-02-08,45.5090953624771,45.68282801945777,45.28324522797458,45.43091583251953,2501900,0.0,0.0,0.0007650552748230569,-0.6666564941406321,1.0,0.78179931640625,0.0,0.0,2.0,0.5,0.5
2022-02-09,45.30061960786407,45.38748428101808,44.89234835395551,45.29193115234375,2962200,0.0,0.0,0.0009030391751182735,-0.8056411743164134,-1.0,-0.13898468017578125,0.18241901653330928,0.05126924386392323,0.0316040901082322,0.9585633330139223,0.041436666986077716
2022-02-10,44.50144866073507,44.961837371995685,44.188730549812874,44.49276351928711,3709600,0.0,0.0,0.0011109329273516822,-1.604808807373054,-1.0,-0.9381523132324219,0.0,0.0,1.439978921148261,0.2800105394258695,0.7199894605741305
2022-02-11,45.847875698495685,46.48199712794782,45.71757868113364,45.804443359375,4164400,0.0,0.0,0.0012839006610970228,-0.29312896728516336,1.0,1.3116798400878906,1.0945128469297387,2.0,1.9548299302750958,0.49428925256948253,0.5057107474305175
2022-02-14,45.29193412168019,45.3527400596094,44.41458893607646,44.82285690307617,2834400,0.0,0.0,0.0008551298138783423,-1.2747154235839915,-1.0,-0.9815864562988281,0.0,0.0,0.5600172795699192,0.7199913602150404,0.2800086397849596
2022-02-15,44.883654466592255,45.08344915528199,44.6578043555194,44.727298736572266,3089700,0.0,0.0,0.000930165779620057,-1.3702735900878977,-1.0,-1.0771446228027344,0.0,0.0,0.6743608480316947,0.6628195759841526,0.33718042401584736
2022-02-16,44.8489132031024,45.09213692361119,44.79679241427565,45.06607818603515,1991500,0.0,0.0,0.0006040897287231621,-1.0314941406250142,1.0,0.3387794494628835,0.0,0.0,0.09892044931768902,0.5,0.5
2022-02-17,44.96184124523592,45.013962039437814,44.64912642104961,44.90103530883789,2483500,0.0,0.0,0.0007505711965381669,-1.1965370178222727,-1.0,-0.16504287719725852,0.00867793446979448,5.259935932149321e-05,0.2373337253912553,0.8813068376247116,0.1186931623752884
2022-02-18,45.3093039667355,45.55252769830357,45.23112443677794,45.43091583251953,2019200,0.0,0.0,0.0006174505819268222,-0.6666564941406321,1.0,0.5298805236816406,0.4603907746923781,0.476923801647482,2.0,0.8074531798958593,0.1925468201041407
2022-02-22,44.51882532727281,44.866290655297114,44.40589859861367,44.605690002441406,2101800,0.0,0.0,0.0006310343848990685,-1.491882324218757,-1.0,-0.825225830078125,0.24322782243594077,0.026580146263475917,2.0,0.0,1.0
2022-02-23,45.378802114204134,45.422234453628555,44.65781268779332,44.82285690307617,4546100,0.0,0.0,0.0013715444703896174,-1.2747154235839915,1.0,0.21716690063476562,0.0,0.0,0.0692534861210464,0.5,0.5
2022-02-24,43.031270791650726,43.17158048807283,42.399875485127765,43.02250289916992,4809300,0.487,0.0,0.0013926722315989546,-3.0750694274902415,-1.0,-1.80035400390625,2.0060231134859023,0.42556118966959183,2.0,0.0,1.0
2022-02-25,43.11896268396027,44.39052117729347,43.08388776912637,44.32913589477539,3234300,0.0,0.0,0.00096503028197747,-1.7684364318847727,1.0,1.3066329956054688,0.0,0.0,0.5267340869961695,0.5,0.5
2022-02-28,43.85558233802174,44.13620502810955,43.724043901828495,44.083587646484375,2774600,0.0,0.0,0.0008232821290095362,-2.0139846801757884,1.0,1.0610847473144531,0.0,0.0,0.34736361493102735,0.5,0.5
2022-03-01,43.557430112259354,43.79420334565706,42.6191084161538,42.74188232421875,3780300,0.0,0.0,0.0010875551405786523,-3.3556900024414134,-1.0,-1.341705322265625,0.46477935297257034,0.019183594508518663,1.5988736363529221,0.19097138456927965,0.8090286154307204
2022-03-02,42.31219206919157,42.952355402694685,42.25080677318769,42.68050384521485,3133200,0.0,0.0,0.0009000964119312526,-3.4170684814453125,-1.0,-1.4030838012695241,0.0,0.0,1.7485058023986355,0.12574709880068224,0.8742529011993178
2022-03-03,41.90879655093547,42.11925943967144,41.56679184780405,41.829872131347656,4590800,0.0,0.0,0.0012925468241467952,-4.267700195312507,-1.0,-2.2537155151367188,0.0,0.0,2.0,0.0,1.0
2022-03-04,39.9444537482414,40.10230257338283,39.46213938041901,40.05845642089844,8935700,0.0,0.0,0.0024093182215689313,-6.039115905761726,-1.0,-4.0251312255859375,0.0,0.0,2.0,0.0,1.0
2022-03-07,38.52381899334922,38.87459491579342,37.92750193234233,38.47997283935547,9993300,0.0,0.0,0.0025883026498210978,-7.617599487304695,-1.0,-5.603614807128906,0.0,0.0,2.0,0.0,1.0
2022-03-08,38.304587445105064,39.023675123582755,37.80473389653514,38.33089447021485,7344200,0.0,0.0,0.001894806317397455,-7.7666778564453125,-1.0,-5.752693176269524,0.0,0.0,2.0,0.0,1.0
2022-03-09,39.46214782078481,40.47062626985951,39.286759828087334,39.83045959472656,6072400,0.0,0.0,0.0016279724991551578,-6.267112731933601,1.0,1.4995651245117116,1.5960313540660849,0.0648556511568,0.06794980901163454,0.511649211752703,0.488350788247297
2022-03-10,38.93597748690756,39.1639794789334,38.6202798477588,38.892127990722656,4130700,0.0,0.0,0.0010813262250334809,-7.205444335937507,-1.0,-0.9383316040039062,0.0,0.0,0.39154530906541823,0.8042273454672909,0.19577265453270912
2022-03-11,38.874595746673585,39.20782920034606,38.48874155468853,38.541358947753906,4135800,0.0,0.0,0.0010728967442536208,-7.556213378906257,-1.0,-1.2891006469726562,0.0,0.0,0.7389975351157043,0.6305012324421478,0.36949876755785216
2022-03-14,39.01490189669475,39.348135320021214,38.79566779675777,38.892127990722656,3172500,0.0,0.0,0.0008304905824481851,-7.205444335937507,1.0,0.35076904296875,0.18415584108781502,0.0006532049420991448,0.07404041817329497,0.9912548767236795,0.00874512327632051
2022-03-15,39.44459671359706,39.47090373367949,38.51504297613954,38.92720413208008,5208900,0.0,0.0,0.0013648050080257174,-7.170368194580085,1.0,0.3858451843261719,0.0,0.0,0.08958855169884183,0.5,0.5
2022-03-16,39.111366577759775,39.53229904174805,38.9798281098548,39.53229904174805,4146200,0.0,0.0,0.001103249385377953,-6.5652732849121165,1.0,0.9909400939941406,0.0,0.0,0.590909739806291,0.5,0.5
2022-03-17,39.26920944879292,39.786602039198826,39.19905627895229,39.74275588989258,3251400,0.0,0.0,0.0008697606505119153,-6.354816436767585,1.0,1.2013969421386719,0.0,0.0,0.8685591338124737,0.5,0.5
2022-03-18,39.146449333111214,39.804151783856355,39.06752490521189,39.72522735595703,4446200,0.0,0.0,0.00118884917498241,-6.372344970703132,1.0,1.183868408203125,0.0,0.0,0.8433992494645526,0.5,0.5
2022-03-21,39.52352780340602,39.716454903963374,39.39198599025377,39.53229904174805,2982600,0.0,0.0,0.0007936307020472438,-6.5652732849121165,1.0,0.9909400939941406,0.0,0.0,0.590909739806291,0.5,0.5
2022-03-22,39.77784214234002,40.12861475253813,39.769070903567794,39.91815185546875,3016700,0.0,0.0,0.0008105390148376176,-6.179420471191413,1.0,1.3767929077148438,0.0,0.0,1.1406793711924992,0.5,0.5
2022-03-23,39.58490721499898,39.681370750959026,39.21659554523892,39.234134674072266,3882400,0.0,0.0,0.0010252640553725157,-6.863437652587898,-1.0,-0.6840171813964844,0.17539044501485535,0.0006530229946991455,0.24682933944285187,0.8762588187812245,0.1237411812187755
2022-03-24,39.19905303190405,39.2955165595353,39.00612597664155,39.1201286315918,3155900,0.0,0.0,0.0008309882490242546,-6.9774436950683665,-1.0,-0.7980232238769531,0.0,0.0,0.33596483308100916,0.8320175834594954,0.16798241654050458
2022-03-25,39.12890239482734,39.4446000434541,38.95351444056281,39.37444686889648,3401500,0.0,0.0,0.000901480456890575,-6.723125457763686,-1.0,-0.5437049865722727,0.0,0.0,0.1559514409918242,0.9220242795040879,0.0779757204959121
2022-03-28,39.3744509941812,39.63753128051758,39.25167707166003,39.63753128051758,2570600,0.0,0.0,0.0006858236794307132,-6.460041046142585,1.0,0.26308441162110086,0.34201472098227725,0.0028029738352120578,0.2341335227099362,0.9881699363496836,0.011830063650316325
2022-03-29,40.95292968846184,41.198470804823025,40.43553708952449,40.55830764770508,4164300,0.0,0.0,0.0011368239357254888,-5.539264678955085,1.0,1.1838607788086009,0.0,0.0,2.0,0.5,0.5
2022-03-30,40.72492646118142,40.97047093548278,40.56707763671875,40.56707763671875,4690700,0.0,0.0,0.0012808042385244929,-5.530494689941413,1.0,1.1926307678222727,0.0,0.0,2.0,0.5,0.5
2022-03-31,40.216306547125455,40.225074439807194,39.73399216369914,39.96199417114258,4635800,0.0,0.0,0.0012469332858423444,-6.135578155517585,-1.0,-0.6050834655761719,0.7015449258253454,0.013073744414197817,0.2574059330116167,0.8647601612870928,0.13523983871290726
2022-04-01,40.435537417878614,40.882773504203485,40.26014947109062,40.865234375,3677100,0.0,0.0,0.0010114183060849183,-5.232337951660163,1.0,0.9032402038574219,0.0,0.0,2.0,0.5,0.5
2022-04-04,40.365384692939365,40.86523821383032,40.26015325308,40.82139205932617,4120400,0.0,0.0,0.0011321359051490322,-5.2761802673339915,1.0,0.8593978881835938,0.0,0.0,2.0,0.5,0.5
2022-04-05,40.5495457172322,40.856472157806785,40.40923600936277,40.47938919067383,2802200,0.0,0.0,0.0007634919358758172,-5.618183135986335,1.0,0.51739501953125,0.0,0.0,0.7311625123766096,0.5,0.5
2022-04-06,40.15492328041674,40.47062095677708,39.93568915463842,40.260154724121094,4325600,0.0,0.0,0.0011721769339887453,-5.83741760253907,-1.0,-0.21923446655273438,0.324464098441581,0.0030895254176103028,0.1795449425212104,0.9086827660305896,0.09131723396941034
2022-04-07,40.06723006239969,40.52323747321171,40.023383903623966,40.444313049316406,2442800,0.0,0.0,0.0006649925035788064,-5.653259277343757,1.0,0.1841583251953125,0.0,0.0,0.7056105236076464,0.5,0.5
2022-04-08,40.16369207095682,40.56708206854293,40.13738504575475,40.19000244140625,3891600,0.0,0.0,0.0010527314614271822,-5.907569885253913,1.0,-0.07015228271484375,0.0,0.0,0.1451111892103873,0.9274444053948063,0.07255559460519365
2022-04-11,39.74276139823898,40.067226962372224,39.72522226703621,39.77783966064453,4153900,0.0,0.0,0.0011121634157870877,-6.319732666015632,-1.0,-0.41216278076171875,0.0,0.0,2.0,0.0,1.0
2022-04-12,39.40952101216509,39.50598455238479,38.98859193731751,39.0236701965332,4460800,0.0,0.0,0.0011716886949146431,-7.07390213012696,-1.0,-1.1663322448730469,0.0,0.0,2.0,0.0,1.0
2022-04-13,38.99736596633005,39.55860477296918,38.97982683546669,39.470909118652344,3234300,0.0,0.0,0.0008592683296849353,-6.62666320800782,-1.0,-0.7190933227539062,0.0,0.0,2.0,0.0,1.0
2022-04-14,39.365677376868845,39.46214092325412,39.15521449861655,39.16398239135742,2802400,0.0,0.0,0.000738734439101843,-6.9335899353027415,-1.0,-1.0260200500488281,0.0,0.0,2.0,0.0,1.0
2022-04-18,39.26043235333984,39.26043235333984,38.73426864927141,38.77811813354492,2942900,0.0,0.0,0.0007681280227531316,-7.3194541931152415,-1.0,-1.4118843078613281,0.0,0.0,2.0,0.0,1.0
2022-04-19,38.602743147415445,39.286752511781195,38.550125755830734,39.277984619140625,5096600,0.0,0.0,0.0013474142019623363,-6.819587707519538,-1.0,-0.912017822265625,0.0,0.0,2.0,0.0,1.0
2022-04-20,39.47091571505821,39.92692315797256,39.40953041940125,39.83045959472656,4607400,0.0,0.0,0.0012352151525932868,-6.267112731933601,1.0,0.5524749755859375,0.6664908046327227,0.011309757950634177,0.3669598692259876,0.9701013321237303,0.0298986678762697
2022-04-21,40.12860793610298,40.33030625063357,39.90060594546608,39.93568420410156,3133600,0.0,0.0,0.0008423179640174633,-6.161888122558601,1.0,0.6576995849609375,0.0,0.0,0.5200540527770149,0.5,0.5
2022-04-22,40.2163078797121,40.312771428643146,39.80414665982387,39.821685791015625,3977600,0.0,0.0,0.0010661348090519965,-6.275886535644538,-1.0,-0.1139984130859375,0.0,0.0,0.030042943149808068,0.9849785284250959,0.015021471574904034
2022-04-25,40.45308166122326,40.82139338531841,40.111076961635675,40.68108367919922,4313500,0.0,0.0,0.0011811190947078605,-5.416488647460945,1.0,0.8593978881835938,0.49108713468483955,0.008220182112134341,2.0,0.9959067326454768,0.004093267354523253
2022-04-26,40.69862650666239,40.8477074646544,40.01461704536897,40.040924072265625,5111700,0.0,0.0,0.001377656114977888,-6.056648254394538,1.0,0.21923828125,0.0,0.0,2.0,0.5,0.5
2022-04-27,39.348141589914285,39.75153494046431,39.12013956155768,39.321834564208984,7362800,0.0,0.0,0.0019487142021245409,-6.775737762451179,-1.0,-0.7190895080566406,0.9909374000779962,0.021388447450136835,2.0,0.0,1.0
2022-04-28,39.53229949886702,40.5495457172322,39.29552623960349,40.47938919067383,5218200,0.0,0.0,0.0014217591962697841,-5.618183135986335,1.0,1.1575546264648438,0.0,0.0,2.0,0.5,0.5
2022-04-29,40.9967779578109,41.07570237004223,40.523231484422894,40.56707763671875,3717300,0.0,0.0,0.0010150155831468858,-5.530494689941413,1.0,1.2452430725097656,0.0,0.0,2.0,0.5,0.5
2022-05-02,39.97952650369909,40.128604070669525,39.611211513998626,40.02337265014648,4525300,0.0,0.0,0.0012190806363888283,-6.074199676513686,-1.0,-0.5437049865722727,0.0,0.0,0.19064190257793545,0.9046790487110323,0.09532095128896773
2022-05-03,40.33030879527487,40.4267689947383,39.88306933257106,40.03215026855469,4320800,0.0,0.0,0.0011642452036718038,-6.065422058105476,1.0,0.00877761840821023,0.0,0.0,0.00026063141457314696,0.5,0.5
2022-05-04,39.78660990853962,40.33031297226499,39.49722258968347,40.25138854980469,3383400,0.0,0.0,0.0009166543140843955,-5.846183776855476,-1.0,0.21923828125,0.11398892431515861,0.000380172224348058,0.1625946101719803,0.9976672941742389,0.002332705825761071
2022-05-05,39.655062835041136,39.71644811194859,39.07628497759468,39.30428695678711,3642300,0.0,0.0,0.0009635782991901497,-6.793285369873054,-1.0,-0.7278633117675781,0.8067843549763793,0.014104419562764236,2.0,0.0,1.0
2022-05-06,38.997362326516104,39.24290344519139,38.637818540492944,39.00613021850586,3647300,0.0,0.0,0.0009575814575533056,-7.091442108154304,-1.0,-1.0260200500488281,0.0,0.0,2.0,0.0,1.0
2022-05-09,39.207833591974584,39.57614869419243,39.04998474034516,39.31306838989258,3644900,0.0,0.0,0.0009644815728227944,-6.784503936767585,1.0,0.30693817138671875,0.0,0.0,0.08949321446081604,0.5,0.5
2022-05-10,40.29522801250318,40.31276714182985,39.69891099638401,39.89183807373047,4744700,0.0,0.0,0.0012739846060915157,-6.205734252929695,1.0,0.8857078552246094,0.0,0.0,0.7451939107734459,0.5,0.5
2022-05-11,39.73399887213755,40.06723237425845,39.18152787299314,39.21660614013672,4197900,0.0,0.0,0.0011080860062464407,-6.880966186523445,-1.0,-0.67523193359375,0.0,0.0,0.5811991271540117,0.7094004364229942,0.29059956357700584
2022-05-12,39.70768571441806,39.909380718477024,39.29552781275298,39.628761291503906,3639800,0.0,0.0,0.0009708662253850753,-6.468811035156257,-1.0,-0.2630767822265625,0.0,0.0,0.08822345258024863,0.9558882737098757,0.04411172629012432
2022-05-13,39.96199858425295,40.50569831223498,39.87430626676302,40.4881591796875,3320600,0.0,0.0,0.0009049320507348526,-5.609413146972663,1.0,0.8593978881835938,0.438465937976531,0.006109938882336281,2.0,0.9969543349724191,0.0030456650275808464
2022-05-16,39.72522092577029,40.33030922347073,39.7076817951597,39.96199417114258,3806100,0.0,0.0,0.0010237613312145794,-6.135578155517585,-1.0,-0.5261650085449219,0.0,0.0,0.3748481411191982,0.8125759294404009,0.1874240705595991
2022-05-17,40.04091302784379,40.312764496699224,39.82167894351586,40.21630096435547,2792100,0.0,0.0,0.0007557957856093413,-5.881271362304695,-1.0,-0.27185821533203125,0.0,0.0,0.10006826242848121,0.9499658687857594,0.05003413121424061
2022-05-18,39.821689680387585,39.85676794619719,38.725518963194304,38.760597229003906,3794100,0.0,0.0,0.0009898527827299159,-7.336975097656257,-1.0,-1.7275619506835938,0.0,0.0,2.0,0.0,1.0
2022-05-19,38.08362758864622,38.37603491696897,37.693754531001495,38.145652770996094,5517300,0.456,0.0,0.0014165862605328384,-7.95191955566407,-1.0,-2.3425064086914062,0.0,0.0,2.0,0.0,1.0
2022-05-20,38.63299958493345,38.99629143101681,38.50008991253379,38.978572845458984,4203500,0.0,0.0,0.0011028294641967113,-7.118999481201179,1.0,0.8329200744628906,0.0,0.0,0.12642852847096034,0.5,0.5
2022-05-23,39.173502753118605,39.51907258981813,39.04945238918737,39.37730026245117,2114000,0.0,0.0,0.0005603021580428281,-6.7202720642089915,1.0,1.2316474914550781,0.0,0.0,0.2764466158534905,0.5,0.5
2022-05-24,39.35071788212217,39.669706454606064,39.279833410525086,39.60768127441406,2376300,0.0,0.0,0.0006335079386400414,-6.489891052246101,1.0,1.4620285034179688,0.0,0.0,0.38953824547593524,0.5,0.5
2022-05-25,39.076037252757686,39.11148118290222,38.57097307861532,38.863380432128906,5426400,0.0,0.0,0.0014194619420378933,-7.234191894531257,-1.0,-0.7443008422851562,0.4784793105720553,0.004374679871414598,0.2591703657837978,0.8682274771723938,0.1317725228276062
2022-05-26,38.91653688187178,39.04944990913896,38.79248652581904,38.82793045043945,3811500,0.0,0.0,0.000996119729767475,-7.26964187622071,-1.0,-0.7797508239746094,0.0,0.0,0.2844461143228548,0.8577769428385726,0.1422230571614274
2022-05-27,38.943122420292795,39.09375403325162,38.72160295644599,38.969703674316406,3479800,0.0,0.0,0.0009127519346759353,-7.127868652343757,-1.0,-0.6379776000976562,0.0,0.0,0.1904141339830176,0.9047929330084912,0.0952070669915088
2022-05-31,41.46844479346101,42.97477789038488,41.42414157475244,42.82414627075195,22739100,0.0,0.0,0.0065544063150564675,-3.2734260559082102,1.0,3.854442596435547,3.925327981245921,1.4379600823798848,2.0,0.5817403204447693,0.41825967955523063
2022-06-01,41.8760407611783,41.97350987261367,40.80388729562732,40.97224426269531,7651800,0.0,0.0,0.0021102054395169424,-5.125328063964851,-1.0,-1.8519020080566406,0.0,0.0,0.23084094357465973,0.8845795282126702,0.11542047178732986
2022-06-02,41.55705644019943,41.55705644019943,40.759584947867445,41.33553695678711,3512100,0.0,0.0,0.0009771513392622133,-4.762035369873054,-1.0,-1.4886093139648438,0.0,0.0,0.1491551659296445,0.9254224170351777,0.07457758296482225
2022-06-03,41.36212070086024,41.477311785596086,41.1228792387716,41.2203483581543,2858800,0.0,0.0,0.0007931709616652953,-4.8772239685058665,-1.0,-1.6037979125976562,0.0,0.0,0.17313151262739038,0.9134342436863048,0.08656575631369519
2022-06-06,41.55704788449482,41.68109822884736,41.12286829914254,41.38869094848633,3045800,0.0,0.0,0.0008485050822565743,-4.708881378173835,-1.0,-1.435455322265625,0.12404178864792925,0.000693905835181279,0.13869352792731932,0.9303062831187497,0.0696937168812503
2022-06-07,40.927932331049355,41.450718367818425,40.901351078709446,41.42413711547851,2871100,0.0,0.0,0.0008005218028068402,-4.673435211181655,-1.0,-1.4000091552734446,0.0,0.0,0.13192848859947373,0.9340357557002631,0.06596424429973687
2022-06-08,40.98996353253781,41.051992097314034,40.77730672231867,40.79502868652344,2040000,0.0,0.0,0.0005601557330616276,-5.302543640136726,-1.0,-2.0291175842285156,0.0,0.0,0.2771349280722411,0.8614325359638795,0.13856746403612055
2022-06-09,40.65325845403893,40.83047472512644,40.04186248779297,40.04186248779297,2364800,0.0,0.0,0.0006373530398380052,-6.055709838867195,-1.0,-2.7822837829589844,0.0,0.0,0.5210503409639213,0.7394748295180393,0.26052517048196067
2022-06-10,39.58995953713091,40.05072043555393,39.35957739785999,39.92667007446289,3579900,0.0,0.0,0.0009620670958873635,-6.170902252197273,-1.0,-2.8974761962890625,0.0,0.0,0.5650886562019746,0.7174556718990127,0.2825443281009873
2022-06-13,39.15577876771932,39.6431242867387,38.93425930639005,39.244388580322266,5071400,0.0,0.0,0.0013396051500829608,-6.853183746337898,-1.0,-3.5797576904296875,0.0,0.0,0.8625496378310514,0.5687251810844742,0.4312748189155257
2022-06-14,38.65957843369507,38.978567007872186,38.243120752950624,38.59755325317383,5174900,0.0,0.0,0.0013444142649361732,-7.500019073486335,-1.0,-4.226593017578125,0.0,0.0,1.202424171852404,0.398787914073798,0.601212085926202
2022-06-15,38.88109410738076,39.61653691042075,38.60640877750497,39.04058837890625,5674300,0.0,0.0,0.001491076832443892,-7.056983947753913,1.0,0.4430351257324219,0.0,0.0,0.010987413224836927,0.5,0.5
2022-06-16,38.55324376199146,38.98742337317214,38.500081257031205,38.712738037109375,3925600,0.0,0.0,0.0010228955957618286,-7.384834289550788,-1.0,-0.327850341796875,0.0,0.0,0.5476145275160802,0.7261927362419599,0.2738072637580401
2022-06-17,39.084892465003875,39.14691764085811,38.5709657163618,38.73932266235352,3195200,0.0,0.0,0.0008331466367673419,-7.358249664306641,1.0,0.02658462524414773,0.0,0.0,0.006575212659342055,0.5,0.5
2022-06-21,39.27097006840561,39.430464351924016,39.04945060575435,39.31527328491211,3221500,0.0,0.0,0.0008524929762104156,-6.782299041748054,1.0,0.6025352478027344,0.0,0.0,2.0,0.5,0.5
2022-06-22,39.09375382226085,39.54565541893592,39.00514738924785,39.31527328491211,2529900,0.0,0.0,0.0006694775665108584,-6.782299041748054,1.0,0.6025352478027344,0.0,0.0,2.0,0.5,0.5
2022-06-23,39.09375315905235,39.51021082340969,39.02286868986822,39.492488861083984,3657700,0.0,0.0,0.0009722858415367508,-6.605083465576179,1.0,0.7797508239746094,0.026581915886133345,1.6196304713499643e-05,2.0,0.9999919019132227,8.098086777209302e-06
2022-06-24,40.44946414369687,41.00769087887696,40.44946414369687,40.981109619140625,3051900,0.0,0.0,0.0008418319170987023,-5.116462707519538,1.0,2.26837158203125,0.0,0.0,2.0,0.5,0.5
2022-06-27,40.56464810055711,40.919080638119816,40.449460398950535,40.75958633422851,2325800,0.0,0.0,0.0006380776148146372,-5.337985992431655,-1.0,-0.22152328491211648,0.0,0.0,0.009536968978234058,0.995231515510883,0.004768484489117029
2022-06-28,40.48490167626779,40.62667401781719,40.130472512453935,40.165916442871094,2530100,0.0,0.0,0.0006840167583706993,-5.93165588378907,-1.0,-0.8151931762695312,0.0,0.0,0.12914948409070354,0.9354252579546483,0.06457474204535177
2022-06-29,40.29881735476503,40.52033680155691,40.183626296000064,40.36970520019531,1821300,0.0,0.0,0.0004948897290273404,-5.727867126464851,-1.0,-0.6114044189453125,0.0,0.0,0.07264885115046041,0.9636755744247698,0.036324425575230204
2022-06-30,39.90008280008063,40.67983222121765,39.83805762363868,40.60894775390625,3381800,0.0,0.0,0.0009243597598692541,-5.488624572753913,-1.0,-0.372161865234375,0.05315820340046429,9.38023109326464e-05,0.026917538549542062,0.9864943295697627,0.013505670430237354
2022-07-01,40.316538282204526,41.051984449149934,40.30767899181219,41.01654052734375,3510000,0.0,0.0,0.0009690306619024429,-5.081031799316413,1.0,0.4075927734375,0.5316476475930259,0.010948231382084242,1.1994695061341758,0.9909549975659232,0.009045002434076747
2022-07-05,40.25451750773985,40.63553125849388,40.13046714798156,40.6178092956543,2344300,0.0,0.0,0.0006409159190579396,-5.4797630310058665,-1.0,-0.3987312316894531,0.0,0.0,0.95699034821747,0.521504825891265,0.478495174108735
2022-07-06,40.883638710086046,41.078576953302026,40.795032261416615,40.91908264160156,2264600,0.0,0.0,0.0006237187023968648,-5.178489685058601,1.0,0.3012733459472656,0.02659250415209158,2.637012815493456e-05,0.5709011436287013,0.9999538117755415,4.618822445849919e-05
2022-07-07,40.777305821946754,40.91021548036928,40.69755867484565,40.87477493286133,1881800,0.0,0.0,0.0005177262835466987,-5.222797393798835,-1.0,-0.044307708740234375,0.0,0.0,0.021629035967785114,0.9891854820161075,0.010814517983892557
2022-07-11,40.63553935473987,40.76844903233955,40.4760450375247,40.56465148925781,1766300,0.0,0.0,0.00048226261085084485,-5.532920837402351,-1.0,-0.3101234436035156,0.0,0.0,1.059614210303529,0.47019289484823545,0.5298071051517645
2022-07-12,40.70641774815405,41.18490062819188,40.6178113096814,40.777305603027344,2465700,0.0,0.0,0.0006767529165802329,-5.32026672363282,1.0,0.21265411376953125,0.05316567033274566,9.98609692266921e-05,0.4701954060004764,0.9997876632485159,0.0002123367514840953
2022-07-13,40.458320774736144,41.32667679688666,40.431739516748856,40.99882888793945,2235800,0.0,0.0,0.0006169866658074368,-5.09874343872071,1.0,0.4341773986816406,0.04430552077584338,7.550737502356431e-05,1.9600413301562518,0.9999614781253965,3.852187460348752e-05
2022-07-14,40.64439346435832,40.74186257690588,40.33426754272429,40.69755935668945,1977100,0.0,0.0,0.0005415871809574238,-5.40001296997071,-1.0,-0.30126953125,0.28354376695710926,0.002757087845637818,0.4814775022394094,0.7578827049574763,0.2421172950425236
2022-07-15,41.03426945701506,41.18490108009517,40.84819052599039,40.94565963745117,1932000,0.0,0.0,0.0005324592413612509,-5.1519126892089915,1.0,0.24810028076171875,0.0,0.0,0.6781786102642594,0.5,0.5
2022-07-18,41.14946374154114,41.30009876886147,40.66212148631803,40.706424713134766,1868600,0.0,0.0,0.0005119772685159052,-5.391147613525398,1.0,0.0088653564453125,0.0,0.0,0.0008659283931568814,0.5,0.5
2022-07-19,42.336793041889464,42.40768088305454,41.83172900400235,41.911476135253906,3129000,0.0,0.0,0.0008826934322302449,-4.186096191406257,1.0,1.2139167785644531,0.0,0.0,2.0,0.5,0.5
2022-07-20,41.66338032570956,41.73426479504928,41.140594266369206,41.264644622802734,2026800,0.0,0.0,0.0005629377588990365,-4.832927703857429,-1.0,-0.6468315124511719,0.0,0.0,0.2839255731471442,0.8580372134264279,0.1419627865735721
2022-07-21,40.901344412324846,41.3709644877536,40.777294081465776,41.344383239746094,1771600,0.0,0.0,0.000493007543241496,-4.75318908691407,-1.0,-0.5670928955078125,0.0,0.0,0.21823810634228866,0.8908809468288557,0.10911905317114433
2022-07-22,41.50388539053999,41.77857073268488,41.432997542198606,41.66337966918945,1639200,0.0,0.0,0.0004596823371071068,-4.43419265747071,1.0,0.3189964294433594,0.04430593763559898,9.983774122074995e-05,0.3164194934454507,0.9996845761652331,0.00031542383476688615
2022-07-25,41.94693062290661,41.94693062290661,41.61908272522402,41.76971435546875,1815200,0.0,0.0,0.000510337360577062,-4.327857971191413,1.0,0.42533111572265625,0.0,0.0,0.5625302708229573,0.5,0.5
2022-07-26,42.77098105069093,43.51528662906669,42.50515835415365,43.28490447998047,8309400,0.0,0.0,0.0024209036435738985,-2.8126678466796946,1.0,1.940521240234375,0.0,0.0,2.0,0.5,0.5
2022-07-27,43.1076907117273,43.19629714870272,42.49629480419264,42.92161178588867,3887800,0.0,0.0,0.0011231850456890112,-3.1759605407714915,-1.0,-0.3632926940917969,0.0,0.0,0.035049072268510686,0.9824754638657447,0.017524536134255343
2022-07-28,42.6469246598271,42.90388464811311,42.41654254328565,42.83300018310547,2320000,0.0,0.0,0.0006688640511104473,-3.2645721435546946,-1.0,-0.451904296875,0.0,0.0,0.05423206483554673,0.9728839675822266,0.027116032417773366
2022-07-29,42.86844971538597,43.24060081064198,42.70009275123963,43.11655044555664,5037200,0.0,0.0,0.0014618559419015266,-2.9810218811035227,1.0,0.2835502624511719,0.04430366193926005,0.0002208761996825373,0.39370158718899323,0.9994392901644084,0.0005607098355916885
2022-08-01,43.311494037619035,43.577316764364305,43.240606174423306,43.32921600341797,2415100,0.0,0.0,0.000704348061823732,-2.7683563232421946,1.0,0.4962158203125,0.0,0.0,1.205725014381818,0.5,0.5
2022-08-02,43.56844936584367,43.62161525747394,42.930475566875394,42.965919494628906,2231300,0.0,0.0,0.000645287794759716,-3.131652832031257,1.0,0.1329193115234375,0.0,0.0,0.08651336900732035,0.5,0.5
2022-08-03,42.9127489255528,43.32920658096564,42.86844571074941,43.240596771240234,2146400,0.0,0.0,0.0006247031757158739,-2.856975555419929,-1.0,0.2746772766113281,0.3721604636738931,0.016968654974908702,0.3694473229543496,0.9560870772843271,0.043912922715672945
2022-08-04,43.30675656621177,43.440862258820445,43.05642957782164,43.288875579833984,1599700,0.434,0.0,0.0004661076437151159,-2.808696746826179,1.0,0.04827880859375,0.0,0.0,0.011413534261416653,0.5,0.5
2022-08-05,42.96702861914531,43.047491353674495,42.64517768102857,42.97596740722656,1830600,0.0,0.0,0.0005295299084713091,-3.121604919433601,-1.0,-0.3129081726074219,0.2232680297208418,0.005115607398441783,2.0,0.0,1.0
2022-08-08,43.414042484478486,43.548144766637726,43.21735504477227,43.288875579833984,1742300,0.0,0.0,0.0005076572780176573,-2.808696746826179,1.0,0.3129081726074219,0.10728250781728121,0.001458975944835045,1.0,0.998543149564905,0.0014568504350950188
2022-08-09,43.110070921432296,43.20841463760003,42.734577042469056,42.77927780151367,2886200,0.0,0.0,0.0008310578303782045,-3.3182945251464915,-1.0,-0.5095977783203125,0.0,0.0,2.0,0.0,1.0
2022-08-10,43.18159647122186,43.34252195084037,43.11901471919796,43.25312042236328,1960800,0.0,0.0,0.0005708501474367203,-2.844451904296882,1.0,0.4738426208496094,0.0,0.0,0.8645959395347801,0.5,0.5
2022-08-11,42.65411485864053,42.8686832794335,42.57365212714934,42.6004753112793,1839400,0.0,0.0,0.0005274265669774999,-3.4970970153808665,-1.0,-0.6526451110839844,0.1609249153197183,0.0021175380234838234,1.8970812632325085,0.05040059937200381,0.9495994006279962
2022-08-12,42.27863301397891,42.73458631185182,42.0730067494127,42.716705322265625,4610500,0.0,0.0,0.0013256142076626635,-3.3808670043945384,-1.0,-0.5364151000976562,0.0,0.0,1.2815446620199724,0.3592276689900138,0.6407723310099862
2022-08-15,42.52895041336672,42.7703386024246,42.47530745675966,42.7435188293457,3251900,0.0,0.0,0.0009355754760472729,-3.3540534973144602,1.0,0.026813507080078125,0.0,0.0,0.002498649004198531,0.5,0.5
2022-08-16,42.21604263976019,42.716696604194865,42.17133846969336,42.6004753112793,2558700,0.0,0.0,0.0007336774801159775,-3.4970970153808665,-1.0,-0.14304351806640625,0.0,0.0,2.0,0.0,1.0
2022-08-17,42.448488636040665,42.68093804277049,42.37696810274257,42.6004753112793,2522800,0.0,0.0,0.0007233835724534287,-3.4970970153808665,-1.0,-0.14304351806640625,0.0,0.0,2.0,0.0,1.0
2022-08-18,42.30544798512426,42.36802973633852,42.09088295537526,42.33226776123047,2618100,0.0,0.0,0.0007459833599302144,-3.7653045654296946,-1.0,-0.4112510681152344,0.0,0.0,2.0,0.0,1.0
2022-08-19,42.40379102144275,42.58259748362378,42.24286554652478,42.38591003417969,1750200,0.0,0.0,0.0004993218448558384,-3.711662292480476,1.0,0.05364227294921875,0.0,0.0,0.01701375855806551,0.5,0.5
2022-08-22,42.27862728574048,42.44849154811977,41.97465732485942,42.03723907470703,1654300,0.0,0.0,0.00046807972436180084,-4.060333251953132,-1.0,-0.34867095947265625,0.11622563051583512,0.0008193707609822133,2.0,0.0,1.0
2022-08-23,41.53658442400944,41.858435393428856,41.48294486940608,41.652809143066406,1611300,0.0,0.0,0.00045174367273112515,-4.444763183593757,-1.0,-0.7331008911132812,0.0,0.0,2.0,0.0,1.0
2022-08-24,41.82267282135152,42.19816675047869,41.7243290920456,41.96571731567383,1687200,0.0,0.0,0.0004765764660694694,-4.131855010986335,1.0,0.3129081726074219,0.0,0.0,0.18218235753667095,0.5,0.5
2022-08-25,41.80479019753001,42.028297424316406,41.56340539379637,42.028297424316406,1220200,0.0,0.0,0.00034517886199324465,-4.069274902343757,-1.0,0.06258010864257812,0.0,0.0,0.007286938945037308,0.5,0.5
2022-08-26,41.921011684486146,42.0104166145906,41.09850679022128,41.14320755004883,1671800,0.0,0.0,0.0004629710578391603,-4.954364776611335,-1.0,-0.822509765625,0.6258223018243214,0.01595607659825072,2.0,0.0,1.0
2022-08-29,41.08957004507557,41.304138495352774,41.03593049034363,41.08063125610352,1516300,0.0,0.0,0.0004192698358020499,-5.016941070556641,-1.0,-0.8850860595703054,0.0,0.0,2.0,0.0,1.0
2022-08-30,41.30413096113057,41.3577705060782,40.85711656417125,40.901817321777344,1727400,0.0,0.0,0.0004755617263466445,-5.19575500488282,-1.0,-1.0638999938964844,0.0,0.0,2.0,0.0,1.0
2022-08-31,41.00016213453576,41.116386835788475,40.553147725586086,40.5799674987793,1608500,0.0,0.0,0.00043934342874930296,-5.5176048278808665,-1.0,-1.3857498168945312,0.0,0.0,2.0,0.0,1.0
2022-09-01,40.1597833638932,40.18660655454936,39.82005477978364,40.15084457397461,2046000,0.0,0.0,0.0005529319550714481,-5.946727752685554,-1.0,-1.8148727416992188,0.0,0.0,2.0,0.0,1.0
2022-09-02,40.31176726419548,40.53527451152181,39.74852804600714,39.87369155883789,1827800,0.0,0.0,0.0004905536291704005,-6.223880767822273,-1.0,-2.0920257568359375,0.0,0.0,2.0,0.0,1.0
2022-09-06,40.36540236592945,40.57996737170177,39.989908490153965,40.052490234375,2350000,0.0,0.0,0.0006335322979266398,-6.045082092285163,1.0,0.17879867553710938,0.3933608171524128,0.00423426260462396,0.007304568066937624,0.6330423138057086,0.36695768619429137
2022-09-07,40.05249723308951,40.49951171875,40.04355844397425,40.49951171875,1698500,0.0,0.0,0.00046300610059392064,-5.598060607910163,1.0,0.6258201599121094,0.0,0.0,0.08948804986629294,0.5,0.5
2022-09-08,39.8736837852253,40.32069819272984,39.7842822679041,40.18659591674805,2643800,0.0,0.0,0.0007151237360805699,-5.9109764099121165,-1.0,-0.3129158020019531,0.2056262222498617,0.0012101481501528134,0.2500091433587206,0.8743903542455633,0.1256096457544367
2022-09-09,41.09850733758954,41.25049060511726,40.91075868709433,41.1342658996582,2782300,0.0,0.0,0.00077033402694499,-4.96330642700196,1.0,0.9476699829101562,0.7509788863672568,0.02289355710209158,2.0,0.9886827673054197,0.011317232694580275
2022-09-12,41.99253409258746,42.10875538179813,41.8584284075607,41.86737060546875,2410700,0.0,0.0,0.000679344759538792,-4.230201721191413,1.0,1.6807746887207031,0.0,0.0,2.0,0.5,0.5
2022-09-13,41.76902689961236,41.876309401385896,41.026981353759766,41.026981353759766,2322200,0.0,0.0,0.0006412694633135584,-5.070590972900398,-1.0,-0.8403892517089844,0.0,0.0,0.2500011348045697,0.8749994325977152,0.12500056740228485
2022-09-14,41.0985104792212,41.25943595740453,40.875003249572096,41.05380630493164,2290300,0.0,0.0,0.00063287388752541,-5.043766021728523,-1.0,-0.8135643005371094,0.0,0.0,0.23429594278352064,0.8828520286082396,0.11714797139176032
2022-09-15,40.64254924319631,40.86605644767114,40.49056598116908,40.5799674987793,1977000,0.0,0.0,0.000539995000707101,-5.5176048278808665,-1.0,-1.2874031066894531,0.0,0.0,0.5866919199530319,0.706654040023484,0.29334595997651597
2022-09-16,40.50845243865176,40.53527221546778,40.19554026384933,40.38328552246094,2029100,0.0,0.0,0.0005515393150030981,-5.714286804199226,-1.0,-1.4840850830078125,0.0,0.0,0.7796480575386683,0.6101759712306658,0.38982402876933414
2022-09-19,40.22235436783389,40.553144045512695,40.19553118662551,40.53526306152344,1411500,0.0,0.0,0.0003851104055210276,-5.562309265136726,-1.0,-1.3321075439453125,0.0,0.0,0.6281445224980537,0.6859277387509731,0.3140722612490269
2022-09-20,40.52632604132557,40.62466634187974,40.26705687785307,40.427982330322266,1769400,0.0,0.0,0.0004814813450642301,-5.669589996337898,1.0,-0.10728073120117188,0.08939412641196043,0.0002486077496387517,0.004074032144054184,0.9978386800531536,0.002161319946846468
2022-09-21,40.571029252557,41.28625163433017,40.54420606855658,40.70513153076172,3362500,0.0,0.0,0.0009212613053354544,-5.392440795898445,1.0,0.16986846923828125,0.7331075888174752,0.01848266785482368,2.0,0.9908432863213701,0.009156713678629922
2022-09-22,41.08063075462017,41.125331519834376,40.69619803496834,40.82136154174805,2880200,0.0,0.0,0.0007913735065266091,-5.2762107849121165,1.0,0.2860984802246094,0.0,0.0,2.0,0.5,0.5
2022-09-23,39.784283255331395,39.81110302910355,38.943897376126614,39.203163146972656,3215300,0.0,0.0,0.0008484260320310965,-6.894409179687507,-1.0,-1.6181983947753906,1.6003086924299694,0.0538782422234866,2.0,0.0,1.0
2022-09-26,39.50713556073661,39.67700323312369,38.881318063888095,39.17634582519531,4909500,0.0,0.0,0.001294590942038854,-6.921226501464851,-1.0,-1.6450157165527344,0.0,0.0,2.0,0.0,1.0
2022-09-27,39.56971109178728,39.74851752440752,38.58628082804951,38.72038650512695,5349800,0.0,0.0,0.0013942755290507823,-7.37718582153321,-1.0,-2.1009750366210938,0.0,0.0,2.0,0.0,1.0
2022-09-28,38.72039455028291,39.71276380713981,38.5594690685332,39.55184173583984,4552200,0.0,0.0,0.0012118794486769347,-6.545730590820327,-1.0,-1.2695198059082102,0.03576057401611621,2.9846451836087126e-05,2.0,0.0,1.0
2022-09-29,39.98990781020304,40.26705796593328,39.67699909441828,39.97202682495117,7808000,0.0,0.0,0.0021007160317613217,-6.1255455017089915,1.0,0.42018508911133523,0.5185404415257651,0.0071659822123430385,0.1095474599297187,0.9386019118207419,0.06139808817925804
2022-09-30,39.52501118725986,39.76639936492717,39.1763405118901,39.19422149658203,3608100,0.0,0.0,0.0009518576031004191,-6.903350830078132,-1.0,-0.7778053283691406,0.0,0.0,2.0,0.0,1.0
2022-10-03,39.158460618402046,39.471372743556785,38.86343288888673,39.444549560546875,3037800,0.0,0.0,0.000806524479747022,-6.653022766113288,-1.0,-0.5274772644042969,0.0,0.0,1.5758911509678666,0.2120544245160667,0.7879455754839333
2022-10-04,40.124012277169584,40.52632590700918,40.05248833833183,40.47268295288086,6207400,0.0,0.0,0.0016909980304457518,-5.624889373779304,1.0,1.0281333923339844,0.7599265420820132,0.018252201554906804,2.0,0.9909564317378944,0.009043568262105646
2022-10-05,40.01673455303696,40.14190147160187,39.57866227463414,39.891571044921875,2141600,0.0,0.0,0.0005750304906984165,-6.206001281738288,-1.0,-0.5811119079589844,0.0,0.0,0.31946304038162193,0.8402684798091891,0.15973152019081097
2022-10-06,39.51607707966877,39.51607707966877,38.9796577067351,39.09588241577149,2623500,0.0,0.0,0.0006903724678518436,-7.001689910888672,-1.0,-1.376800537109368,0.0,0.0,1.7932594336763503,0.10337028316182484,0.8966297168381752
2022-10-07,39.301503567910245,39.33726553690611,38.67568275227874,38.75614547729492,2890700,0.0,0.0,0.000754075750195738,-7.3414268493652415,-1.0,-1.7165374755859375,0.0,0.0,2.0,0.0,1.0
2022-10-10,38.559466488863926,38.74721173486165,38.35384025604029,38.65781021118164,2166800,0.0,0.0,0.0005638030896094886,-7.439762115478523,-1.0,-1.8148727416992188,0.0,0.0,2.0,0.0,1.0
2022-10-11,39.04224072341883,39.45349661249359,38.70251219435439,38.72933197021485,2877200,0.0,0.0,0.0007500348318400176,-7.3682403564453125,1.0,0.07152175903321023,0.11623107558747847,0.000248838139011509,0.001553044924216897,0.8619010611234286,0.13809893887657146
2022-10-12,38.68462725657057,39.04223673650685,38.58628354119208,38.90813446044922,2752200,0.0,0.0,0.0007207618204581192,-7.189437866210945,-1.0,0.1788024902343679,0.0,0.0,0.009706323693756385,0.5,0.5
2022-10-13,38.10350622950802,39.167402676613065,37.94258077381901,39.051177978515625,3521700,0.0,0.0,0.000925673585645975,-7.046394348144538,-1.0,0.32184600830077414,0.7599314205353807,0.01163094263342161,0.03144878696582719,0.7300135645785385,0.2699864354214615
2022-10-14,39.34620847727436,39.4266712107841,38.639928272521566,38.666748046875,2440600,0.0,0.0,0.0006351928932800735,-7.430824279785163,1.0,-0.384429931640625,0.0,0.0,1.426717980251772,0.286641009874114,0.713358990125886
2022-10-17,39.30151216954757,39.66806390585711,39.229991626351705,39.319393157958984,2818000,0.0,0.0,0.0007457944895797517,-6.778179168701179,1.0,0.2682151794433594,0.5006612292440451,0.005455842616042937,0.4867795409290966,0.9889161917277273,0.01108380827227269
2022-10-18,39.30150346368211,39.623354362893274,39.25680270778035,39.50712966918945,2512800,0.0,0.0,0.0006681973918802545,-6.59044265747071,1.0,0.4559516906738281,0.0,0.0,1.406705780343077,0.5,0.5
2022-10-19,39.40879291881236,39.48925224041077,38.93495531433128,39.15846252441406,1842900,0.0,0.0,0.00048573430518934513,-6.939109802246101,-1.0,-0.3486671447753906,0.2950363120204216,0.0018077710282686438,0.5847690649922799,0.7067115819897257,0.2932884180102743
2022-10-20,39.274686138392234,39.46243137114247,38.81872953262819,38.90813446044922,3410600,0.0,0.0,0.0008931873646008506,-7.189437866210945,-1.0,-0.5989952087402344,0.0,0.0,1.7258738015346162,0.1370630992326919,0.8629369007673081
2022-10-21,39.283620878545335,39.91838386410231,39.212100354106575,39.837921142578125,3348100,0.0,0.0,0.0008977728415185533,-6.259651184082038,1.0,0.9297866821289062,0.42913162369153923,0.0046998151149024005,2.0,0.9976556015621556,0.002344398437844433
2022-10-24,39.49819766063088,39.87368816718394,38.979659253924666,39.73958587646485,5578200,0.0,0.0,0.0014920686083427662,-6.3579864501953125,-1.0,-0.09833526611327414,0.0,0.0,0.011185411148150682,0.9944072944259247,0.005592705574075341
2022-10-25,39.91839307331214,40.37434632683873,39.91839307331214,40.34752655029297,2600200,0.0,0.0,0.000706146880586526,-5.750045776367195,1.0,0.6079406738281179,0.45596246273642294,0.006288044074332579,2.0,0.9968658318565449,0.0031341681434550817
2022-10-26,39.58759617940904,40.37434251821614,39.569715193248726,40.213417053222656,2765000,0.0,0.0,0.000748406392826107,-5.884155273437507,-1.0,-0.1341094970703125,0.0,0.0,0.04866275210604918,0.9756686239469754,0.02433137605302459
2022-10-27,39.74852436579018,40.12401827996634,39.712762391021094,39.96309280395508,3526200,0.0,0.0,0.0009485001580847917,-6.134479522705085,-1.0,-0.3844337463378906,0.0,0.0,0.39987164264365227,0.8000641786781739,0.19993582132182613
2022-10-28,40.374352435504335,40.955472691884374,40.195545940429696,40.89289093017578,2930500,0.0,0.0,0.0008066050093605101,-5.204681396484382,1.0,0.9297981262207031,0.5811301736682353,0.01246690219687914,2.0,0.9938051641081551,0.006194835891844896
2022-10-31,40.96440606058433,41.08063077856886,40.597854328894456,40.687255859375,4309100,0.0,0.0,0.0011800933081877849,-5.410316467285163,1.0,0.7241630554199219,0.0,0.0,2.0,0.5,0.5
2022-11-01,40.973349219990205,41.05380855303815,40.41011001550558,40.67831802368164,1965100,0.0,0.0,0.0005380455178849494,-5.419254302978523,-1.0,-0.008937835693359375,0.0,0.0,0.0001523323016084193,0.9999238338491958,7.616615080420964e-05
2022-11-02,40.58891934546798,41.0359338606804,40.15084361996176,40.15978240966797,2159900,0.0,0.0,0.000583843393766584,-5.937789916992195,-1.0,-0.5274734497070312,0.0,0.0,0.5305526393959701,0.734723680302015,0.26527631969798504
2022-11-03,39.7842885251732,40.043557740811494,39.77534973621489,39.891571044921875,2031400,0.0,0.0,0.0005454412302973306,-6.206001281738288,-1.0,-0.795684814453125,0.0,0.0,1.207283902725669,0.3963580486371655,0.6036419513628345
2022-11-04,40.51739294366275,41.384602142244226,40.42799141018936,41.37565994262695,2979900,0.0,0.0,0.0008298851607280473,-4.72191238403321,1.0,1.4840888977050781,0.3486682815638247,0.005452416630775825,2.0,0.9972812036897211,0.002718796310278984
2022-11-07,41.384593012121066,41.5633994500701,41.1968477869767,41.393531799316406,2291900,0.0,0.0,0.000638556783181257,-4.704040527343757,1.0,1.5019607543945312,0.0,0.0,2.0,0.5,0.5
2022-11-08,41.41141793144217,41.9210141261459,41.384598156073416,41.688568115234375,2382000,0.0,0.0,0.0006683902570790324,-4.409004211425788,1.0,1.7969970703125,0.0,0.0,2.0,0.5,0.5
2022-11-09,41.429293218304124,41.66173919723372,41.25942898025746,41.268367767333984,1792000,0.0,0.0,0.0004977676547026667,-4.829204559326179,-1.0,-0.4202003479003906,0.0,0.0,0.05467868697977366,0.9726606565101131,0.02733934348988683
2022-11-10,42.29650239295347,42.53789057042977,41.99253247432952,42.50212860107422,2877600,0.0,0.0,0.0008232134941563117,-3.5954437255859446,1.0,1.2337608337402344,0.6168764442838679,0.029436853206622166,2.0,0.9854950632437218,0.014504936756278133
2022-11-11,41.2951977120175,42.23393087741509,41.116394642846466,42.16240692138672,3872100,0.0,0.0,0.0010988624553388447,-3.9351654052734446,-1.0,-0.3397216796875,0.14303433741099525,0.0013211576194091371,0.07582013735858974,0.9614293525110006,0.03857064748899944
2022-11-14,42.38590703435256,42.89550319871001,42.2428625568215,42.421669006347656,3414000,0.0,0.0,0.0009748159865383502,-3.675903320312507,1.0,0.2592620849609375,0.3576126282802434,0.009464496871591954,0.5824135804798369,0.9840093809286801,0.01599061907131997
2022-11-15,43.056430153807895,43.17265486159358,42.35908872799275,42.84186172485352,3441200,0.0,0.0,0.0009923151555204113,-3.2557106018066406,1.0,0.679454803466804,0.0,0.0,2.0,0.5,0.5
2022-11-16,43.27099826960803,43.36933857961556,43.07431082869408,43.33358001708984,2780100,0.0,0.0,0.0008108795774961811,-2.7639923095703267,1.0,1.171173095703118,0.0,0.0,2.0,0.5,0.5
2022-11-17,42.94667979125476,43.45172389459028,42.94667979125476,43.40663146972656,3122700,0.421,0.0,0.0009123421136782435,-2.690940856933601,1.0,1.2442245483398438,0.0,0.0,2.0,0.5,0.5
2022-11-18,43.614063381153166,43.65915581015742,43.34350536679583,43.478782653808594,2002900,0.0,0.0,0.0005861489852127639,-2.6187896728515696,1.0,1.316375732421875,0.0,0.0,2.0,0.5,0.5
2022-11-21,43.496814885217056,43.9477459996485,43.433684804423166,43.91167068481445,2264300,0.0,0.0,0.0006692452574954577,-2.1859016418457102,1.0,1.7492637634277344,0.0,0.0,2.0,0.5,0.5
2022-11-22,43.98381657627969,44.35357991266707,43.95676181323435,44.28142929077149,2416600,0.0,0.0,0.0007202740634759937,-1.8161430358886719,1.0,2.1190223693847727,0.0,0.0,2.0,0.5,0.5
2022-11-23,44.69628961885707,44.8676421897056,44.54297126360852,44.66923141479492,2183700,0.0,0.0,0.0006565575942072754,-1.4283409118652415,1.0,2.506824493408203,0.0,0.0,2.0,0.5,0.5
2022-11-25,44.71433275771122,44.94881543290548,44.588069150711135,44.78647994995117,995000,0.0,0.0,0.00029994483341087,-1.3110923767089915,1.0,2.624073028564453,0.0,0.0,2.0,0.5,0.5
2022-11-28,44.88567835315859,45.19231161312885,44.71432578800765,44.72334289550781,2082600,0.0,0.0,0.0006269190934532497,-1.3742294311523509,1.0,2.5609359741210938,0.0,0.0,2.0,0.5,0.5
2022-11-29,44.74138651730296,44.88568433886518,44.55199627156467,44.60610580444336,1706900,0.0,0.0,0.0005124762737330993,-1.491466522216804,-1.0,-0.11723709106445312,0.03607287914646662,0.000584971347624956,0.0020957169520151027,0.99865965585018,0.0013403441498200295
2022-11-30,44.975866078836646,45.535023109035734,44.669232799167574,45.43581771850586,2701600,0.0,0.0,0.0008262106163705726,-0.661754608154304,1.0,0.8297119140625,0.3427114959068831,0.26820285517454984,2.0,0.8817553489262713,0.1182446510737287
2022-12-01,45.89577053520156,46.25651682063388,45.85067810960541,46.13025665283203,2732900,0.0,0.0,0.0008485569336393574,0.032684326171867895,1.0,1.5241508483886719,0.0,0.0,2.0,1.0,0.0
2022-12-02,45.670305478635235,46.481982909787206,45.661288369547584,46.44590759277344,2143200,0.0,0.0,0.0006700103774733877,0.34833526611327414,1.0,1.8398017883300781,0.0,0.0,2.0,1.0,0.0
2022-12-05,45.92282076667123,46.14828631271419,45.85067358090971,45.98595428466797,2579300,0.0,0.0,0.0007983593875552589,-0.1116180419921946,1.0,1.3798484802246094,4.528695704664187e-06,1.6461806057621157e-09,2.0,0.9999999991769097,8.230903022035803e-10
2022-12-06,46.148292541503906,46.25651849525062,45.87773453780048,46.148292541503906,2273900,0.0,0.0,0.0007063149092441328,0.050720214843742895,1.0,1.5421867370605469,0.0,0.0,2.0,1.0,0.0
2022-12-07,45.958894122121045,46.07613716436221,45.679319058748106,45.83263397216797,2151000,0.0,0.0,0.0006635697839269743,-0.2649383544921946,-1.0,-0.3156585693359375,0.1713545221616002,0.4183131057486297,0.041894907896058514,0.7698959931776559,0.2301040068223441
2022-12-08,45.63422711423588,45.904788533439906,45.453857421875,45.453857421875,4668100,0.0,0.0,0.0014281777776924108,-0.6437149047851634,-1.0,-0.6944351196289062,0.0,0.0,0.2027633345816512,0.8986183327091744,0.1013816672908256
2022-12-09,45.78754782759626,45.93184565307855,45.390729667602855,45.40876388549805,4394600,0.0,0.0,0.001343168215103882,-0.6888084411621165,-1.0,-0.7395286560058594,0.0,0.0,0.2299514151460566,0.8850242924269717,0.1149757075730283
2022-12-12,45.850669105141485,45.895761521882086,45.50796054531736,45.70637130737305,1900900,0.0,0.0,0.0005848000337958074,-0.3912010192871165,-1.0,-0.4419212341308594,0.0,0.0,0.08211373595125691,0.9589431320243715,0.04105686797562846
2022-12-13,45.994972521152704,46.292588700589775,45.607171497218445,45.68833923339844,2255500,0.0,0.0,0.0006936167594040203,-0.40923309326172586,1.0,-0.018032073974609375,0.3607430475112281,0.7770598088873535,0.00013671539860875842,0.6114017378570189,0.3885982621429811
2022-12-14,46.283565801182135,46.599216181221614,46.049083153200115,46.31964111328125,2637900,0.0,0.0,0.0008224223206629569,0.22206878662108664,1.0,0.6132698059082031,0.7034546593395277,2.0,2.0,1.0,0.0
2022-12-15,45.84166097142522,45.92282527324768,45.47189413691022,45.58012008666992,2320100,0.0,0.0,0.0007117927236387219,-0.5174522399902415,-1.0,-0.7395210266113281,0.13527736030822268,0.06834546423917966,1.4541120975301693,0.2387712191153255,0.7612287808846745
2022-12-16,45.13819812071929,45.47188613962943,45.129181013324285,45.33660888671875,2434600,0.0,0.0,0.0007429302210767752,-0.7609634399414134,-1.0,-0.9830322265625,0.0,0.0,2.0,0.0,1.0
2022-12-19,45.58914167625073,45.78755249664556,45.31858365592354,45.51699447631836,2609500,0.0,0.0,0.0007994701511604917,-0.580577850341804,1.0,0.18038558959960938,0.0,0.0,0.03367194238242367,0.5,0.5
2022-12-20,45.59816117020586,45.76049666670819,45.34563737546235,45.67932891845703,2576700,0.0,0.0,0.0007922366824663278,-0.4182434082031321,1.0,0.34272003173828125,0.0,0.0,0.1215467827302856,0.5,0.5
2022-12-21,45.58011984333719,46.20240356964142,45.58011984333719,46.094181060791016,2254500,0.0,0.0,0.0006994677862683831,-0.0033912658691477304,1.0,0.7575721740722656,0.0,0.0,0.5938988960951368,0.5,0.5
2022-12-22,45.841658613023974,45.91380580215383,45.56208008435878,45.86871337890625,2216300,0.0,0.0,0.0006842526368869325,-0.22885894775391336,-1.0,-0.22546768188476562,0.0,0.0,0.0885769190964543,0.9557115404517729,0.04428845954822715
2022-12-23,45.77852692886718,46.20240329313079,45.75147216189938,46.05810546875,1660900,0.0,0.0,0.0005148976740488213,-0.039466857910163355,1.0,0.18939208984375,0.0,0.0,0.7055943152132097,0.5,0.5
2022-12-27,45.7334347775143,46.1753488025117,45.71539711931731,46.094181060791016,1478500,0.0,0.0,0.0004587106329553358,-0.0033912658691477304,-1.0,0.036075592041015625,0.0,0.0,0.025601082830162623,0.5,0.5
2022-12-28,45.96791203056157,46.085151625739464,45.49894332885742,45.49894332885742,1830500,0.0,0.0,0.0005605862211203534,-0.5986289978027415,-1.0,-0.5591621398925781,0.25252883304195706,0.17795346259363012,2.0,0.0,1.0
2022-12-29,45.607165361647816,45.84165143032498,45.571090052569666,45.634220123291016,1809300,0.0,0.0,0.0005557411956425774,-0.46335220336914773,-1.0,-0.4238853454589844,0.0,0.0,2.0,0.0,1.0
2022-12-30,45.37269200937613,45.52600694380601,45.1291887838126,45.40876388549805,1427000,0.0,0.0,0.000436149147352032,-0.6888084411621165,-1.0,-0.6493415832519531,0.0,0.0,2.0,0.0,1.0
2023-01-03,45.17428581572691,45.526011586185454,45.14723104579375,45.51699447631836,2211200,0.0,0.0,0.0006774433409641998,-0.580577850341804,1.0,0.1082305908203125,0.0,0.0,0.027781367997883902,0.5,0.5
2023-01-04,45.75147302351164,45.95890093494469,45.63422996389068,45.82362365722656,1802500,0.0,0.0,0.000555950439446252,-0.27394866943360086,1.0,0.4148597717285156,0.0,0.0,0.40818422526601256,0.5,0.5
2023-01-05,45.39072586338181,45.53502367677042,45.09310968808147,45.165260314941406,1594800,0.0,0.0,0.00048482177765437007,-0.9323120117187571,-1.0,-0.6583633422851562,0.05412135771228321,0.0033698828755633014,2.0,0.0,1.0
2023-01-06,45.11115043970411,45.85067721409832,45.10212989056213,45.81460189819336,1648900,0.0,0.0,0.0005084750059981541,-0.282970428466804,1.0,0.6493415832519531,0.0,0.0,0.9727811545290721,0.5,0.5
2023-01-09,45.85068091544014,46.19338956353976,45.742458399320384,45.94988632202149,1894000,0.0,0.0,0.0005857816876606498,-0.14768600463867188,1.0,0.7846260070800852,0.0,0.0,1.4203458788623164,0.5,0.5
2023-01-10,46.0851617319072,46.13927470793113,45.88675436714936,46.00399398803711,1341200,0.0,0.0,0.00041529859106271796,-0.09357833862305398,1.0,0.8387336730957031,0.0,0.0,1.6229938560681503,0.5,0.5
2023-01-11,46.26553113924628,46.26553113924628,45.75146994972487,45.967918395996094,1287600,0.0,0.0,0.0003983888551666552,-0.1296539306640696,1.0,0.8026580810546875,0.0,0.0,1.4863801000853012,0.5,0.5
2023-01-12,45.76950971459332,46.29259147697636,45.65226665745031,46.19338607788086,2417200,0.0,0.0,0.0007515601746844334,0.09581375122069602,1.0,1.0281257629394531,0.23448770969904587,2.0,2.0,1.0,0.0
2023-01-13,46.21141880211138,46.59019925967347,46.19338114598969,46.391788482666016,1910000,0.0,0.0,0.000596411292511151,0.29421615600585227,1.0,1.2265281677246094,0.0,0.0,2.0,1.0,0.0
2023-01-17,46.076141357421875,46.319644571775605,46.00399072783646,46.076141357421875,2581000,0.0,0.0,0.0008004523453921085,-0.021430969238288355,-1.0,-0.3156471252441406,0.0,0.0,0.06622906500121202,0.966885467499394,0.03311453250060601
2023-01-18,46.05810346001292,46.17534651231258,45.30053905497063,45.453857421875,2872000,0.0,0.0,0.0008786715317865092,-0.6437149047851634,-1.0,-0.9379310607910156,0.0,0.0,0.5847722884418767,0.7076138557790617,0.29238614422093834
2023-01-19,45.291517865727585,45.69735307730523,45.16525771631844,45.41777801513672,2988800,0.0,0.0,0.0009136799879768758,-0.6797943115234446,-1.0,-0.9740104675292969,0.0,0.0,0.6306264694812336,0.6846867652593832,0.3153132347406168
2023-01-20,45.48091564779892,46.01301453754024,45.42680267177499,46.00399398803711,2412400,0.0,0.0,0.0007469924851474059,-0.09357833862305398,1.0,0.5862159729003906,0.0,0.0,0.36223302860175155,0.5,0.5
2023-01-23,45.87772695212144,46.01300765177093,45.742449692803056,45.90478515625,1374500,0.0,0.0,0.00042469199813441463,-0.19278717041016336,1.0,0.48700714111328125,0.0,0.0,0.2500019582462729,0.5,0.5
2023-01-24,45.81461059751446,45.81461059751446,45.1742891001083,45.65227508544922,1220700,0.0,0.0,0.0003750962696041277,-0.4452972412109446,-1.0,-0.25251007080078125,0.25251357166669663,0.32156549438063575,0.2688355812571845,0.7047994621810899,0.2952005378189101
2023-01-25,45.15624261603739,45.55306076781477,45.1021296424776,45.53502655029297,1558900,0.0,0.0,0.00047778798703386656,-0.5625457763671946,-1.0,-0.36975860595703125,0.0,0.0,0.5764556798928058,0.7117721600535971,0.2882278399464029
2023-01-26,45.16526784256892,45.20133972167969,44.87666872736008,45.20133972167969,1574500,0.0,0.0,0.000479032905701903,-0.8962326049804759,-1.0,-0.7034454345703125,0.0,0.0,2.0,0.0,1.0
2023-01-27,45.029980081526865,45.0389971898132,44.70530913791808,44.9307746887207,1069500,0.0,0.0,0.00032344174436975344,-1.1667976379394602,-1.0,-0.9740104675292969,0.0,0.0,2.0,0.0,1.0
2023-01-30,45.300537109375,45.48091023432046,45.273482344749105,45.300537109375,1427900,0.0,0.0,0.0004353840549375474,-0.7970352172851634,1.0,0.3697624206542969,0.2795705126407739,0.12303472505101318,0.14411802242092228,0.5394592561173714,0.46054074388262856
2023-01-31,45.589131981883014,46.09417603534133,45.535022453522906,46.08515548706055,2025700,0.0,0.0,0.000628358595278873,-0.01241683959961648,1.0,1.1543807983398438,0.0,0.0,1.4046591095096803,0.5,0.5
2023-02-01,45.832635735724175,46.27454971789504,45.59815308255044,46.15730667114258,2355800,0.0,0.0,0.0007318974798172592,0.05973434448241477,1.0,1.226531982421875,0.0,0.0,1.585734612677647,0.7928673063388235,0.20713269366117648
2023-02-02,45.37268419696064,45.51698199759727,45.12016046559834,45.33660888671875,2377000,0.0,0.0,0.000725353296434525,-0.7609634399414134,-1.0,-0.8206977844238281,0.4148619879245672,0.29722114605153543,0.4477223428952466,0.627528255526609,0.37247174447339104
2023-02-03,45.48992975336616,45.65226523038766,45.264464195317565,45.56208038330078,1399700,0.0,0.0,0.0004292495845274215,-0.5354919433593821,1.0,0.22547149658203125,0.0,0.0,0.07547737246817983,0.5,0.5
2023-02-06,45.39072185208159,45.435814269718485,45.093105703082394,45.33660888671875,1414600,0.0,0.0,0.00043167218053692853,-0.7609634399414134,-1.0,-0.22547149658203125,0.027054762515945185,0.0012640372386944132,1.0,0.49936798138065275,0.5006320186193473
2023-02-07,44.49788291982274,44.7323655877424,44.308492675695554,44.7053108215332,1910400,0.0,0.0,0.0005748503539931424,-1.3922615051269602,-1.0,-0.8567695617675781,0.0,0.0,2.0,0.0,1.0
2023-02-08,44.822554429965344,44.87666396305289,44.61512652568969,44.777462005615234,1798200,0.0,0.0,0.0005419620069299207,-1.320110321044929,1.0,0.07215118408203125,0.0,0.0,0.007091838997009937,0.5,0.5
2023-02-09,45.4538554754744,45.48992734820311,44.939794305529766,44.95782852172851,1382000,0.0,0.0,0.00041820068947134186,-1.1397438049316548,1.0,0.2525177001953054,0.0,0.0,0.08686715390325947,0.5,0.5
2023-02-10,45.02095617988864,45.14721976881267,44.885678923680864,45.03899383544922,1674300,0.0,0.0,0.0005075669460444805,-1.0585784912109446,-1.0,0.08116531372071023,0.0,0.0,0.00897455420953291,0.5,0.5
2023-02-13,45.92281910741664,46.82468125900297,45.87772668790355,46.79762649536133,2039700,0.0,0.0,0.0006424827883446083,0.7000541687011648,1.0,1.7586326599121094,0.0,0.0,2.0,1.0,0.0
2023-02-14,47.05917689975171,47.203474735690065,46.6443210514704,46.743526458740234,2811700,0.0,0.0,0.0008846303385519723,0.645954132080071,1.0,1.7045326232910156,0.0,0.0,2.0,1.0,0.0
2023-02-15,46.256517885910384,46.51805877685547,45.95890167752496,46.51805877685547,1860600,0.0,0.0,0.0005825671269752154,0.4204864501953054,-1.0,-0.22546768188476562,0.0,0.0,0.017496773269913477,0.5,0.5
2023-02-16,45.652262893703835,46.02202625236416,45.58011570779341,45.85067367553711,1937600,0.0,0.0,0.0005979725137949617,-0.24689865112305398,-1.0,-0.892852783203125,0.0,0.0,0.2743778686190547,0.8628110656904726,0.13718893430952736
2023-02-17,45.74244914260654,46.32865747326408,45.73342859456182,46.17534255981445,1962900,0.0,0.0,0.0006100700094948767,0.07777023315428977,1.0,0.32466888427734375,0.0,0.0,0.1322274502943495,0.06611372514717476,0.9338862748528253
2023-02-21,46.11221665013987,46.490997134287866,46.03104891206082,46.41884994506836,1491300,0.0,0.0,0.00046594083019591183,0.321277618408196,1.0,0.56817626953125,0.0,0.0,0.4049547230017086,0.2024773615008543,0.7975226384991457
2023-02-22,46.49100079198864,46.59020619526044,46.22945989978691,46.24749755859375,1714000,0.0,0.0,0.0005335442337767406,0.14992523193358664,1.0,0.3968238830566406,0.0,0.0,0.19753128617126725,0.09876564308563363,0.9012343569143664
2023-02-23,46.099170821356765,46.2083664643887,45.87167787346786,46.13557052612305,1627500,0.457,0.0,0.0005053918891261738,0.03799819946288352,-1.0,-0.11192703247070312,0.15937103859295831,2.0,0.07955626282457913,0.9617436352904821,0.038256364709517876
2023-02-24,45.55318839136434,45.78977952594947,45.462189130934014,45.753379821777344,1482700,0.0,0.0,0.00045661254969647,-0.3441925048828196,-1.0,-0.49411773681640625,0.0,0.0,1.550476835374263,0.22476158231286847,0.7752384176871315
2023-02-27,46.026378364012906,46.080974454024464,45.87168134269011,45.95357894897461,1235500,0.0,0.0,0.00038214964930974494,-0.14399337768555398,1.0,0.20019912719726562,0.0,0.0,0.16415853677950776,0.5,0.5
2023-02-28,45.57138024874178,45.68057587083484,45.41668326878256,45.43488311767578,1243800,0.0,0.0,0.000380374454540452,-0.6626892089843821,-1.0,-0.5186958312988281,0.045505862151451026,0.004715360447687965,2.0,0.0,1.0
2023-03-01,45.453090461444425,45.50768654586032,45.170997963983986,45.39849090576172,1556000,0.0,0.0,0.0004754691943997109,-0.6990814208984446,-1.0,-0.5550880432128906,0.0,0.0,2.0,0.0,1.0
2023-03-02,45.24379825429357,45.898975578934895,45.22559840204424,45.862579345703125,1769900,0.0,0.0,0.0005463596024330102,-0.23499298095703836,1.0,0.46408843994140625,0.21839970810005127,0.863762462018516,0.6990009341096636,0.44728519738910666,0.5527148026108933
2023-03-03,45.43489060936493,45.49858835536109,45.19829600600764,45.35299301147461,2410700,0.0,0.0,0.0007359028686583022,-0.744579315185554,-1.0,-0.5095863342285156,0.0,0.0,1.205685517891433,0.3971572410542835,0.6028427589457165
2023-03-06,44.97080639148051,45.23469905657024,44.89801044978473,45.04360580444336,2265700,0.0,0.0,0.0006869212139224899,-1.053966522216804,-1.0,-0.8189735412597656,0.0,0.0,2.0,0.0,1.0
2023-03-07,44.998106843611176,45.06180459281487,44.224628719861016,44.29742813110352,1908500,0.0,0.0,0.0005690390248423497,-1.8001441955566406,-1.0,-1.5651512145996023,0.0,0.0,2.0,0.0,1.0
2023-03-08,44.43392535305032,44.54312099879822,44.279228339579376,44.45212173461914,1111900,0.0,0.0,0.00033268222713592606,-1.6454505920410227,-1.0,-1.4104576110839844,0.0,0.0,2.0,0.0,1.0
2023-03-09,44.716010483030274,44.74330852426304,44.28832265696112,44.34292221069336,1512500,0.0,0.0,0.00045143067686350053,-1.754650115966804,1.0,-0.10919952392578125,0.0,0.0,0.055365597189773075,0.9723172014051135,0.027682798594886537
2023-03-10,44.84341003614031,44.90710778563631,44.251930437782114,44.352027893066406,1751000,0.0,0.0,0.000522722269559691,-1.745544433593757,1.0,-0.10009384155273438,0.3639867868380904,0.04348199083324762,0.04651716234412227,0.9550004234113151,0.04499957658868495
2023-03-13,45.09820098577895,45.271094367879655,44.670513154312225,44.71601104736328,2825200,0.0,0.0,0.0008503224146474009,-1.381561279296882,1.0,0.2638893127441406,0.5277858436166127,0.1459402778953927,2.0,0.931992386088898,0.06800761391110195
2023-03-14,44.852512609743926,45.22560092348854,44.68871740163487,45.198299407958984,1893400,0.0,0.0,0.0005760177182205595,-0.899272918701179,1.0,0.7461776733398438,0.0,0.0,2.0,0.5,0.5
2023-03-15,44.2246252644251,44.71601083811724,44.19732722297555,44.61591339111328,2674300,0.0,0.0,0.0008031030730208941,-1.481658935546882,-1.0,-0.5823860168457031,0.47318593133667264,0.10199224670256639,0.6091684152313501,0.6444196690330417,0.35558033096695824
2023-03-16,45.11640181044843,45.33479309031105,44.99810450895053,45.243797302246094,1898600,0.0,0.0,0.0005781811112876104,-0.8537750244140696,1.0,0.6278839111328125,0.10919216682250976,0.01635671460776558,1.1623497640222245,0.9861231656020276,0.013876834397972411
2023-03-17,44.89800629793728,44.92530433964048,44.56131772228633,44.72511291503906,3940000,0.0,0.0,0.0011860938183176435,-1.3724594116211009,-1.0,-0.5186843872070312,0.0,0.0,0.682413549812712,0.658793225093644,0.341206774906356
2023-03-20,45.33479350239643,45.64418404440313,45.22559786147255,45.4894905090332,2706800,0.0,0.0,0.0008287787657709894,-0.6080818176269602,1.0,0.7643775939941406,0.3093909540920805,0.2588756415090792,2.0,0.8853962401683463,0.1146037598316537
2023-03-21,46.07187264376161,46.09917068662308,45.689682687366485,46.008174896240234,2609200,0.0,0.0,0.00080800444575027,-0.08939743041992898,1.0,1.2830619812011719,0.0,0.0,2.0,0.5,0.5
2023-03-22,46.4176635791957,46.863551323024765,46.35396582597258,46.37216567993164,2529400,0.0,0.0,0.0007894893357516109,0.27459335327147727,1.0,1.6470527648925781,0.0,0.0,2.0,1.0,0.0
2023-03-23,46.59965105070024,46.85444549332256,46.27206067537628,46.390357971191406,1798300,0.0,0.0,0.0005615148458075356,0.2927856445312429,-1.0,0.018192291259765625,0.0,0.0,0.0012301793986121982,0.0006150896993060991,0.9993849103006939
2023-03-24,46.763450622558594,46.87264626748175,46.50865962731559,46.763450622558594,1818700,0.0,0.0,0.0005724518873035439,0.6658782958984304,1.0,0.3730926513671875,0.0,0.0,0.5174007320670961,0.25870036603354807,0.7412996339664519
2023-03-27,47.154739178692104,47.24573497169127,47.00914382713323,47.05464172363281,2087200,0.0,0.0,0.0006610554834798525,0.9570693969726491,1.0,0.6642837524414062,0.0,0.0,1.6402154912529565,0.8201077456264783,0.17989225437352174
2023-03-28,47.30943277497732,47.34582900678775,47.09103802778096,47.20933532714844,2257900,0.0,0.0,0.0007174703602713649,1.1117630004882741,1.0,0.8189773559570312,0.0,0.0,2.0,1.0,0.0
2023-03-29,47.31853068353317,47.37313023782403,46.89084285308819,47.00004196166992,2872700,0.0,0.0,0.0009087823735585747,0.9024696350097585,1.0,0.6096839904785156,0.11830097404504158,0.01718349276129782,1.3816665106091433,0.6994250016852205,0.3005749983147795
2023-03-30,47.13653592313464,47.31853096726207,47.10923788145888,47.300331115722656,1518500,0.0,0.0,0.0004834486503433705,1.202758789062493,1.0,0.90997314453125,0.0,0.0,2.0,1.0,0.0
2023-03-31,47.445922625571505,47.509620365182585,47.081936037974856,47.25482940673828,1602800,0.0,0.0,0.0005097965691177,1.157257080078118,1.0,0.864471435546875,0.0,0.0,2.0,1.0,0.0
2023-04-03,47.28213236294845,47.99191270441299,47.136537018516435,47.95551300048828,2744700,0.0,0.0,0.0008859409955389895,1.857940673828118,1.0,1.565155029296875,0.0,0.0,2.0,1.0,0.0
2023-04-04,48.00101103170991,48.28310353103099,47.93731328529335,48.17390441894531,2438500,0.0,0.0,0.000790689518026108,2.076332092285149,1.0,1.7835464477539062,0.0,0.0,2.0,1.0,0.0
2023-04-05,48.40139036722489,48.674384636718955,48.364994139723166,48.51968765258789,2666400,0.0,0.0,0.0008707924842490528,2.4221153259277273,1.0,2.1293296813964844,0.0,0.0,2.0,1.0,0.0
2023-04-06,48.7926866694233,48.929183827161815,48.68349102599263,48.756290435791016,1963800,0.0,0.0,0.0006444649253121195,2.6587181091308523,1.0,2.3659324645996094,0.0,0.0,2.0,1.0,0.0
2023-04-11,48.62888327762572,48.66528297639377,48.48328795381984,48.51968765258789,1437500,0.0,0.0,0.00046945851939244427,2.4221153259277273,-1.0,-0.236602783203125,0.0,0.0,0.010000806188301074,0.5,0.5
2023-04-12,48.66529083340496,48.86548573768438,48.59249489538228,48.61979293823242,1490900,0.0,0.0,0.0004879024451798001,2.5222206115722585,1.0,0.10010528564453125,0.07279906826108373,0.0008330776839684992,0.17900877491591982,0.08992092629994416,0.9100790737000558
2023-04-13,48.92008276680582,49.28407287773941,48.87458487075586,49.23857498168945,2196500,0.0,0.0,0.000727960908012645,3.1410026550292898,1.0,0.7188873291015625,0.0,0.0,2.0,1.0,0.0
2023-04-14,48.810886521872895,48.96558353206101,48.61069161619424,48.756290435791016,1519900,0.0,0.0,0.0004987892045940984,2.6587181091308523,-1.0,-0.4822845458984375,0.0,0.0,0.45007514882733396,0.5,0.5
2023-04-17,49.11118270373459,49.16577879406681,48.80179213053897,48.93828582763672,1475300,0.0,0.0,0.00048595994083658643,2.8407135009765554,1.0,0.18199539184570312,0.0,0.0,0.14240134516677244,0.07120067258338622,0.9287993274166138
2023-04-19,49.28406870531449,49.35686810984474,48.99287802972681,49.011077880859375,1719600,0.0,0.0,0.000567274243442563,2.9135055541992116,1.0,0.07279205322265625,0.0,0.0,0.02278039485566867,0.011390197427834335,0.9886098025721657
2023-04-20,49.26587689245507,49.466071816310624,49.23857884693559,49.393272399902344,1505600,0.0,0.0,0.0005005515159497166,3.2957000732421804,1.0,0.454986572265625,0.0,0.0,0.8900009453330179,0.44500047266650894,0.5549995273334911
2023-04-21,49.62985583191461,49.82094904996119,49.36596321388849,49.60255432128906,2535000,0.0,0.0,0.0008463565898108999,3.504981994628899,1.0,0.6642684936523438,0.0,0.0,1.8970580343892627,0.9485290171946313,0.05147098280536866
2023-04-24,49.59346008431495,49.76635346614553,49.53886052997895,49.63895797729492,2006300,0.0,0.0,0.0006703319263178947,3.5413856506347585,1.0,0.7006721496582031,0.0,0.0,2.0,1.0,0.0
2023-04-25,49.593460430396874,49.91194915474593,49.53886087567986,49.77545547485352,2100800,0.0,0.0,0.0007038357568757145,3.6778831481933594,1.0,0.837169647216804,0.0,0.0,2.0,1.0,0.0
2023-04-26,49.93014844579024,49.97564633857694,49.365966938448366,49.49336242675781,1979000,0.0,0.0,0.0006592712370779572,3.395790100097649,1.0,0.5550765991210938,0.17289359153058115,0.0025922454227357288,1.324643906103177,0.6636180757629564,0.3363819242370436
2023-04-27,50.330539977837816,50.56713111128907,50.13034507711741,50.49433517456055,1878100,0.0,0.0,0.0006383116135706574,4.3967628479003835,1.0,1.5560493469238281,0.0,0.0,2.0,1.0,0.0
2023-04-28,50.885627318512,50.949328545499455,50.46704107484629,50.530738830566406,1848600,0.0,0.0,0.0006287383802733674,4.433166503906243,1.0,1.5924530029296875,0.0,0.0,2.0,1.0,0.0
2023-05-01,50.467037139953,50.68543190772763,50.30324193193879,50.35784149169922,1197500,0.0,0.0,0.0004058952822719808,4.260269165039055,-1.0,-0.1728973388671875,0.0,0.0,0.011788088008362412,0.5,0.5
2023-05-02,50.039349084058614,50.476135116446706,49.948349824436,50.439735412597656,1913000,0.0,0.0,0.0006494700741589487,4.342163085937493,-1.0,-0.09100341796875,0.0,0.0,0.0032657441686801602,0.5,0.5
2023-05-03,50.7309263080118,50.74912616001065,50.41243757619918,50.49433517456055,1924800,0.0,0.0,0.0006541835864974184,4.3967628479003835,1.0,0.054599761962890625,0.06369425228301395,0.00020986228867867762,0.35996981954604895,0.18008984091736382,0.8199101590826362
2023-05-04,50.46702956791978,50.548927159639035,50.2395366432848,50.421531677246094,2020200,0.0,0.0,0.0006856173134638434,4.32395935058593,-1.0,-0.07280349731445312,0.0,0.0,1.7779640934721268,0.5,0.5
2023-05-05,50.230438805632176,50.68542465809031,50.103043322346544,50.55802917480469,1459200,0.0,0.0,0.000496565259233716,4.460456848144524,-1.0,0.06369400024414062,0.0,0.0,0.7654072397460199,0.38270361987300994,0.6172963801269901
2023-05-08,50.558036338527145,50.630832280176506,50.27594382037658,50.33964157104492,1541600,0.0,0.0,0.0005223398927565878,4.2420692443847585,-1.0,-0.154693603515625,0.0,0.0,2.0,0.5,0.5
2023-05-09,49.94834892904258,50.12124578359272,49.82095343912148,49.88465118408203,2542400,0.0,0.0,0.0008536546190445732,3.787078857421868,-1.0,-0.6096839904785156,0.0,0.0,2.0,0.5,0.5
2023-05-10,49.24767705435341,49.320476470785344,48.9928860393761,49.256778717041016,2774500,0.0,0.0,0.0009198607977046525,3.1592063903808523,-1.0,-1.2375564575195312,0.0,0.0,2.0,0.5,0.5
2023-05-11,49.29317493797457,49.484271670412696,49.17488109321196,49.393272399902344,1551300,0.0,0.0,0.0005157449300563199,3.2957000732421804,1.0,0.13649368286132812,0.0,0.0,0.01216452240862955,0.006082261204314775,0.9939177387956852
2023-05-12,49.2203713192451,49.41146455062405,49.16577176545111,49.329566955566406,1284300,0.0,0.0,0.0004264274570224045,3.231994628906243,-1.0,-0.0637054443359375,0.0,0.0,0.21783516769423214,0.5,0.5
2023-05-15,49.42966461024941,49.42966461024941,49.21127333668622,49.3841667175293,1323000,0.0,0.0,0.00043976326589220596,3.2865943908691335,1.0,0.054599761962890625,0.0,0.0,0.734561902542221,0.3672809512711105,0.6327190487288895
2023-05-16,49.36597390730031,49.411471806509816,49.07478318683881,49.08388137817383,1631500,0.0,0.0,0.0005390106558334904,2.9863090515136648,-1.0,-0.30028533935546875,0.09098857861230414,0.0009283340074986302,2.0,0.00046395165270079645,0.9995360483472993
2023-05-17,49.211276670687994,49.211276670687994,48.76538896078255,49.02928161621094,1550700,0.0,0.0,0.0005117462769690005,2.931709289550774,-1.0,-0.3548851013183594,0.0,0.0,2.0,0.5,0.5
2023-05-18,48.698805959406755,48.77224599150779,48.29489628829149,48.49685287475586,1771400,0.47,0.0,0.0005782312672219455,2.399280548095696,-1.0,-0.8873138427734375,0.0,0.0,2.0,0.5,0.5
2023-05-19,48.836505964838494,49.00174254099121,48.735527668099216,48.89158248901367,1386800,0.0,0.0,0.00045637232709908965,2.7940101623535085,1.0,0.3947296142578125,0.0,0.0,0.19789959553387362,0.09894979776693681,0.9010502022330632
2023-05-22,48.349970394729425,48.441770430268896,48.04703903198242,48.04703903198242,1753800,0.0,0.0,0.0005671762926224158,1.9494667053222585,-1.0,-0.84454345703125,0.24785725630906796,0.01616484821960818,2.0,0.008017622286135328,0.9919823777138647
2023-05-23,48.14802386447561,48.15720211837043,47.82672894913683,47.845088958740234,1840100,0.0,0.0,0.0005925843349850933,1.747516632080071,-1.0,-1.0464935302734375,0.0,0.0,2.0,0.5,0.5
2023-05-24,47.17495839974698,47.532969787197935,46.9821835760139,47.376914978027344,2719600,0.0,0.0,0.0008672477564295732,1.2793426513671804,-1.0,-1.5146675109863281,0.0,0.0,2.0,0.5,0.5
2023-05-25,46.87202182077093,47.23003316840186,46.75268353762298,47.110694885253906,1864600,0.0,0.0,0.0005912573669293978,1.013122558593743,-1.0,-1.7808876037597656,0.0,0.0,2.0,0.5,0.5
2023-05-26,47.09233492258158,47.294291478581755,47.046436660348704,47.13823318481445,2172200,0.0,0.0,0.000689198755818172,1.0406608581542898,1.0,0.027538299560546875,0.0,0.0,0.00023911191512569207,0.00011955595756284604,0.9998804440424371
2023-05-30,46.25697909119754,46.29369910579547,45.79798941416353,45.871429443359375,2740700,0.0,0.0,0.0008462041454456832,-0.22614288330078836,-1.0,-1.2668037414550781,0.954694123459447,2.0,2.0,0.0,1.0
2023-05-31,46.064203913182176,46.15600044715801,45.69701077365225,45.84388732910156,2537400,0.0,0.0,0.0007829639151488872,-0.25368499755860086,-1.0,-1.2943458557128906,0.0,0.0,2.0,0.0,1.0
2023-06-01,46.13764513191747,46.30288171132816,45.94487028987622,46.00912857055664,3674000,0.0,0.0,0.0011377701472054117,-0.08844375610352273,1.0,0.16524124145507812,0.009182605532693344,0.010779472277451897,0.016298071672112203,0.601903618085516,0.39809638191448404
2023-06-02,46.35796423708204,46.49566256128406,46.25698593290907,46.47730255126953,3641000,0.0,0.0,0.0011390242448884526,0.3797302246093679,1.0,0.6334152221679688,0.0,0.0,0.23948389731107014,0.11974194865553507,0.8802580513444649
2023-06-05,46.4314030503159,46.68843618010016,46.20190818391888,46.25698471069336,1541200,0.0,0.0,0.0004798524260946065,0.15941238403319602,1.0,0.4130973815917969,0.0,0.0,0.10186012608651458,0.05093006304325729,0.9490699369567427
2023-06-06,46.137638445845845,46.192718464938665,45.9448636317407,46.16518020629883,1571100,0.0,0.0,0.00048819096626138894,0.06760787963866477,-1.0,-0.09180450439453125,0.31212230116836537,2.0,0.049388188424827256,0.9759010085528075,0.02409899144719252
2023-06-07,46.192716708742445,46.256974977667795,45.81634534711696,45.8347053527832,2579900,0.0,0.0,0.0007959186684815973,-0.26286697387696023,-1.0,-0.42227935791015625,0.0,0.0,1.044948340521072,0.477525829739464,0.522474170260536
2023-06-08,45.908154239673586,46.09175084397748,45.87143772026398,46.055030822753906,2721300,0.0,0.0,0.0008435772790357622,-0.042541503906257105,-1.0,-0.20195388793945312,0.0,0.0,0.2390009088679895,0.8804995455660053,0.11950045443399475
2023-06-09,45.697010433038635,45.82552698037219,45.64193391378899,45.75209045410156,1478400,0.0,0.0,0.00045527549055174933,-0.34548187255860086,-1.0,-0.5048942565917969,0.0,0.0,1.493812111916148,0.253093944041926,0.746906055958074
2023-06-12,46.0274876535727,46.03666940880727,45.697014501399984,45.788814544677734,2279000,0.0,0.0,0.0007023847926546268,-0.308757781982429,1.0,0.036724090576171875,0.0,0.0,0.005290555064117822,0.5,0.5
2023-06-13,45.66029456081698,45.97240768092181,45.623574546260336,45.908145904541016,2086200,0.0,0.0,0.0006446397316501849,-0.18942642211914773,-1.0,0.11933135986328125,0.01835936752865308,0.009393648795155727,0.05586095017637877,0.8560461799902648,0.14395382000973517
2023-06-14,46.04584542226943,46.27534026657935,45.99076539898222,46.10092544555664,2663100,0.0,0.0,0.0008263584896432874,0.0033531188964772696,1.0,0.192779541015625,0.0,0.0,0.14578774652747298,0.07289387326373649,0.9271061267362635
2023-06-15,46.927106321548735,47.19332119010598,46.78941151153928,47.1657829284668,2948600,0.0,0.0,0.000936082840221398,1.0682106018066335,1.0,1.2576370239257812,0.0,0.0,2.0,1.0,0.0
2023-06-16,47.65230573459061,47.75328401875305,47.5146074376758,47.6706657409668,2911400,0.0,0.0,0.0009341668885346101,1.5730934143066335,1.0,1.7625198364257812,0.0,0.0,2.0,1.0,0.0
2023-06-20,47.51461701132143,47.68903535613189,47.28512213809828,47.29430389404297,2698000,0.0,0.0,0.0008588595674470647,1.1967315673828054,-1.0,-0.3763618469238281,0.0,0.0,0.045597722916670795,0.5,0.5
2023-06-21,47.25758537624368,47.606418575140395,47.13824705786592,47.578880310058594,1783000,0.0,0.0,0.0005710010877185171,1.4813079833984304,-1.0,-0.09178543090820312,0.0,0.0,0.0027119362440544523,0.5,0.5
2023-06-22,47.36774114146013,47.48707945783012,47.230046316553754,47.44118118286133,1914900,0.0,0.0,0.0006114669209189871,1.3436088562011648,-1.0,-0.22948455810546875,0.0,0.0,0.016952701215968948,0.5,0.5
2023-06-23,47.42281375494797,47.689028610666874,47.33101721936859,47.514610290527344,3644000,0.0,0.0,0.001165405101427906,1.4170379638671804,1.0,0.07342910766601562,0.0826100355264785,0.0033986202965357645,0.10238340437603433,0.05289101233628504,0.947108987663715
2023-06-26,47.45952970306562,47.48706796101699,47.20249312220494,47.413631439208984,1767300,0.0,0.0,0.0005640074905761587,1.316059112548821,-1.0,-0.10097885131835938,0.02755319434881187,0.000438321847385299,1.891142919510901,0.00023172245410435215,0.9997682775458957
2023-06-27,47.53297120912067,47.73492779344245,47.468712932620726,47.64313125610352,1648900,0.0,0.0,0.0005287690048044132,1.5455589294433594,1.0,0.22949981689453836,0.04589918277557814,0.0008819394490618532,2.0,1.0,0.0
2023-06-28,47.422813245323795,47.45953325988628,47.18414015429426,47.376914978027344,1588000,0.0,0.0,0.0005063941157560531,1.2793426513671804,-1.0,-0.266216278076179,0.01835296791067975,0.0002057969115107811,1.3455645226898703,0.00015292127379636254,0.9998470787262036
2023-06-29,47.2300456096856,47.37692218847586,47.11988905104637,47.29430389404297,1405600,0.0,0.0,0.00044744737138754416,1.1967315673828054,-1.0,-0.348827362060554,0.0,0.0,2.0,0.5,0.5
2023-06-30,47.65231053170566,47.96442366789464,47.62477227027571,47.85426712036133,2316100,0.0,0.0,0.0007460180767738728,1.7566947937011648,1.0,0.5599632263183594,0.5048904080083645,0.08260410148481172,2.0,1.0,0.0
2023-07-03,47.918533518726605,48.02869008492753,47.69821688451064,47.99197006225586,995600,0.0,0.0,0.0003216065171765597,1.894397735595696,1.0,0.6976661682128906,0.0,0.0,2.0,1.0,0.0
2023-07-05,47.68902853178847,47.73492679950225,47.395275416244296,47.45953369140625,1781100,0.0,0.0,0.0005689618477782907,1.3619613647460866,-1.0,-0.5324363708496094,0.22949685403141729,0.028393824730353255,0.5824251262240736,0.046484845773018126,0.9535151542269819
2023-07-06,47.10152053833008,47.18413881784893,46.853665699773515,47.10152053833008,1760700,0.0,0.0,0.0005582023576955777,1.0039482116699148,-1.0,-0.8904495239257812,0.0,0.0,1.6290082562754553,0.5,0.5
2023-07-07,46.85366452983005,47.064799349592114,46.77104625237419,46.87202453613281,1952000,0.0,0.0,0.0006158357556859047,0.7744522094726491,-1.0,-1.1199455261230469,0.0,0.0,2.0,0.5,0.5
2023-07-10,46.79858874741472,47.00054533321431,46.780228739449896,46.954647064208984,1981700,0.0,0.0,0.0006263078640702485,0.857074737548821,-1.0,-1.037322998046875,0.0,0.0,2.0,0.5,0.5
2023-07-11,46.97300687161053,47.01890864565528,46.72515550120014,46.88121032714844,1974800,0.0,0.0,0.0006231510179296567,0.7836380004882741,-1.0,-1.1107597351074219,0.0,0.0,2.0,0.5,0.5
2023-07-12,47.294304601872845,47.57887950958162,47.14742802088436,47.44118118286133,2389000,0.0,0.0,0.0007628567936056505,1.3436088562011648,1.0,0.5599708557128906,0.5783341763673064,0.18527294266825972,0.25415027973133336,0.21971161119979654,0.7802883888002035
2023-07-13,47.64313218733735,47.927703559738354,47.60641217095867,47.86344528198242,1597300,0.0,0.0,0.0005145905697437471,1.7658729553222585,1.0,0.9822349548339844,0.0,0.0,0.781970760430259,0.3909853802151295,0.6090146197848705
2023-07-14,48.05621732441987,48.19391562693644,47.97359904327259,48.07457733154297,1487600,0.0,0.0,0.00048136334817578937,1.9770050048828054,1.0,1.1933670043945312,0.0,0.0,1.154271028032777,0.5771355140163885,0.4228644859836115
2023-07-17,48.0929415426026,48.20309809315697,47.99196324550544,48.129661560058594,1333700,0.0,0.0,0.00043205828150940826,2.0320892333984304,1.0,1.2484512329101562,0.0,0.0,1.2632895645856763,0.6316447822928382,0.36835521770716184
2023-07-18,48.0654025962007,48.22145741544678,47.890984266674415,48.01032257080078,1458600,0.0,0.0,0.00047134858546588596,1.912750244140618,1.0,1.1291122436523438,0.08261477659817729,0.0018655158078246523,1.0333179579036715,0.5175917368557481,0.4824082631442519
2023-07-19,48.49685265331494,48.63454746015544,48.29489606777272,48.4876708984375,2116400,0.0,0.0,0.0006907174868095681,2.3900985717773366,1.0,1.6064605712890625,0.0,0.0,2.0,1.0,0.0
2023-07-20,47.67984127618321,47.95523785431919,47.59722300310501,47.90933609008789,2424800,0.0,0.0,0.0007819292349179331,1.8117637634277273,-1.0,-0.5783348083496094,0.293761263569408,0.02628971734143905,0.1296040349474871,0.16863868471595272,0.8313613152840473
2023-07-21,47.90017033786006,48.14802522177231,47.79919203310168,48.08376693725586,1532200,0.0,0.0,0.0004958899610728546,1.986194610595696,1.0,0.17443084716796875,0.0,0.0,0.09096784698415392,0.04548392349207696,0.954516076507923
2023-07-24,47.15659792249829,47.40445276560496,46.98218310778469,47.26675796508789,2584200,0.0,0.0,0.0008221542612401725,1.1691856384277273,-1.0,-0.8170089721679688,0.6150398953203151,0.2767194152380817,2.0,0.12154304715196736,0.8784569528480326
2023-07-25,49.51580052428587,49.80955361031028,49.25876744946776,49.47908401489258,3258000,0.0,0.0,0.001085035895893913,3.3815116882324148,1.0,2.2123260498046875,1.661528388537974,0.24143139628807575,2.0,1.0,0.0
2023-07-26,49.53416853975232,49.800383411326465,49.43319024351292,49.598426818847656,2069800,0.0,0.0,0.0006909834716485214,3.500854492187493,1.0,2.3316688537597656,0.0,0.0,2.0,1.0,0.0
2023-07-27,49.616788156753266,49.70858820207295,48.98338360220896,49.06600189208984,1813200,0.0,0.0,0.000598822012637567,2.9684295654296733,-1.0,-0.5324249267578196,0.2753838472588015,0.00860643769208839,0.052141439484505954,0.14167470687196917,0.8583252931280309
2023-07-28,49.75447823218936,49.91971478458033,49.662678202076,49.74529647827149,1529900,0.0,0.0,0.0005122552795595057,3.647724151611328,1.0,0.6792945861816548,0.11933137325386411,0.0010702008698454976,1.6277943889122646,0.8144322948910551,0.18556770510894494
2023-07-31,49.56170898241116,49.690225537176126,49.27713410985054,49.32303237915039,1731500,0.0,0.0,0.0005748355781865438,3.2254600524902273,-1.0,-0.42226409912110086,0.0,0.0,0.3864132517742889,0.5,0.5
2023-08-01,49.17615505156044,49.40564989630426,49.03845674398878,49.14861679077149,1293500,0.0,0.0,0.0004279067209524764,3.051044464111328,-1.0,-0.5966796875,0.0,0.0,0.7715537749301232,0.5,0.5
2023-08-02,48.83650103653419,48.92829756877162,48.58864619731723,48.6253662109375,2164500,0.0,0.0,0.0007084216909229514,2.5277938842773366,-1.0,-1.1199302673339915,0.0,0.0,2.0,0.5,0.5
2023-08-03,48.10201871675733,48.54663544752953,48.02791416154546,48.39842987060547,1728400,0.475,0.0,0.0005630499253035703,2.3008575439453054,-1.0,-1.3468666076660227,0.0,0.0,2.0,0.5,0.5
2023-08-04,48.259483442935554,48.472532262913354,48.055702992195194,48.064964294433594,1824700,0.0,0.0,0.0005903254013138532,1.9673919677734304,-1.0,-1.6803321838378977,0.0,0.0,2.0,0.5,0.5
2023-08-07,48.185380896422814,48.40768747808946,48.120541182311754,48.36137390136719,1323600,0.0,0.0,0.0004308506611358434,2.263801574707024,-1.0,-1.383922576904304,0.0,0.0,2.0,0.5,0.5
2023-08-08,48.10201110051056,48.268742789838086,47.87970100357416,48.2409553527832,1408200,0.0,0.0,0.00045724778971095286,2.1433830261230398,-1.0,-1.5043411254882884,0.0,0.0,2.0,0.5,0.5
2023-08-09,48.32432490188276,48.52810889347196,48.27801132202149,48.27801132202149,1687700,0.0,0.0,0.0005484234261395124,2.180438995361328,1.0,0.037055969238288355,0.12042141538250206,0.003050138597197006,0.0006067694375915471,0.0018284540173942765,0.9981715459826057
2023-08-10,48.63925572820455,48.90787940260226,48.389161723488535,48.407684326171875,1439900,0.0,0.0,0.0004691567990100835,2.3101119995117116,1.0,0.16672897338867188,0.0,0.0,0.012283708319279746,0.006141854159639873,0.9938581458403601
2023-08-11,47.95380707609381,48.222430754519976,47.87044122877187,48.102012634277344,1600200,0.0,0.0,0.0005180943892431106,2.0044403076171804,-1.0,-0.30567169189453125,0.4075700932496247,0.04134455887740507,2.0,0.020253591534856636,0.9797464084651434
2023-08-14,47.8148652938201,48.09275028810743,47.75929041506228,48.0093879699707,1609500,0.0,0.0,0.0005201020020593963,1.9118156433105398,-1.0,-0.3982963562011719,0.0,0.0,2.0,0.5,0.5
2023-08-15,47.78708291662958,47.80560905601117,47.4999330564646,47.555511474609375,1291600,0.0,0.0,0.00041342836346258915,1.4579391479492116,-1.0,-0.8521728515625,0.0,0.0,2.0,0.5,0.5
2023-08-16,47.51845430063834,47.68518600439667,47.35172259688,47.38877487182617,1371800,0.0,0.0,0.00043756004127674345,1.2912025451660085,-1.0,-1.0189094543457031,0.0,0.0,2.0,0.5,0.5
2023-08-17,47.61109278591758,47.61109278591758,47.12942373322619,47.19426345825195,1548300,0.0,0.0,0.0004918307764591478,1.0966911315917898,-1.0,-1.2134208679199219,0.0,0.0,2.0,0.5,0.5
2023-08-18,46.82374822592703,47.018267403126416,46.70333007806549,46.88858795166016,3528300,0.0,0.0,0.001113535414683758,0.791015625,-1.0,-1.5190963745117116,0.0,0.0,2.0,0.5,0.5
2023-08-21,46.86079234066512,46.971945632050634,46.6570083618755,46.805213928222656,2524700,0.0,0.0,0.0007953813245070002,0.7076416015624929,-1.0,-1.6024703979492188,0.0,0.0,2.0,0.5,0.5
2023-08-22,46.721849797906565,46.86079406738281,46.60143520009334,46.86079406738281,2208700,0.0,0.0,0.0006966549859123111,0.7632217407226491,-1.0,-1.5468902587890625,0.0,0.0,2.0,0.5,0.5
2023-08-23,46.97195093910894,47.10163038262692,46.87005893820201,47.09236907958984,2132700,0.0,0.0,0.0006760077626043723,0.9947967529296733,1.0,0.23157501220702414,0.12968475057628837,0.016994527880737877,0.022411162367897735,0.019702845124317806,0.9802971548756821
2023-08-24,46.99046703557967,47.30540427402714,46.82373534854871,46.83300018310547,1472600,0.0,0.0,0.0004642032227482712,0.7354278564453054,1.0,-0.02779388427734375,0.0,0.0,0.014405060899897024,0.5,0.5
2023-08-25,47.16646116090013,47.25909184120579,46.80521034145595,47.15719985961914,1930800,0.0,0.0,0.0006128535052021133,1.0596275329589773,-1.0,0.3241996765136719,0.15746145857886518,0.022082186395453604,2.0,1.0,0.0
2023-08-28,47.20351530858463,47.37951184140877,47.12941429489496,47.333194732666016,1444500,0.0,0.0,0.0004602086094863392,1.2356224060058523,1.0,0.175994873046875,0.0,0.0,2.0,1.0,0.0
2023-08-29,47.36098209068153,47.58328864828649,47.194250405728305,47.527713775634766,2147400,0.0,0.0,0.0006869596801239178,1.4301414489746023,1.0,0.370513916015625,0.0,0.0,2.0,1.0,0.0
2023-08-30,47.75002867157769,47.96307396544336,47.703715091780744,47.731502532958984,1549000,0.0,0.0,0.0004976544574740626,1.633930206298821,1.0,0.5743026733398438,0.0,0.0,2.0,1.0,0.0
2023-08-31,47.79633807730753,47.83339035130916,47.25909423828125,47.25909423828125,1630700,0.0,0.0,0.0005187174281438211,1.1615219116210866,-1.0,-0.4724082946777344,0.0,0.0,0.6766332777160154,0.5,0.5
2023-09-01,47.40730133324155,47.41656263529166,46.916371054098185,46.962684631347656,1310800,0.0,0.0,0.00041434368402831073,0.8651123046874929,-1.0,-0.7688179016113281,0.0,0.0,1.7921126215279943,0.5,0.5
2023-09-05,46.69406227626256,46.731114552525106,46.31428527832031,46.31428527832031,1446700,0.0,0.0,0.0004509878303264529,0.21671295166014914,-1.0,-1.4172172546386719,0.0,0.0,2.0,0.5,0.5
2023-09-06,46.16607796499581,46.18460410242812,45.97155882220566,46.10123825073242,1730700,0.0,0.0,0.0005370389178439522,0.0036659240722585196,-1.0,-1.6302642822265625,0.0,0.0,2.0,0.5,0.5
2023-09-07,46.36986370724344,46.51806927884052,46.27723301655804,46.47175216674805,1560500,0.0,0.0,0.00048811729439715074,0.3741798400878835,1.0,0.370513916015625,0.0,0.0,0.05165269917987655,0.025826349589938274,0.9741736504100618
2023-09-08,46.647743773100565,46.758897056654256,46.54585179088503,46.731109619140625,1323800,0.0,0.0,0.0004163895724820948,0.6335372924804616,1.0,0.6298713684082031,0.0,0.0,0.14927521575920982,0.07463760787960491,0.9253623921203951
2023-09-11,46.81447330219571,47.07383212967079,46.74036876091768,46.981204986572266,1519000,0.0,0.0,0.00048034502863541806,0.8836326599121023,1.0,0.8799667358398438,0.0,0.0,0.29135098026555895,0.14567549013277947,0.8543245098672205
2023-09-12,46.94416094091415,47.00900065914335,46.582910072637326,46.638484954833984,1408500,0.0,0.0,0.0004421530857351505,0.540912628173821,-1.0,-0.34272003173828125,0.0,0.0,0.15168633839317877,0.5,0.5
2023-09-13,46.55511309222318,46.7959493290052,46.536590489546874,46.731109619140625,1384900,0.0,0.0,0.00043560803665995847,0.6335372924804616,-1.0,-0.2500953674316406,0.0,0.0,0.08077533794839706,0.5,0.5
2023-09-14,46.50880321349076,46.944158614453954,46.499541911416834,46.92563247680664,1660100,0.0,0.0,0.0005243433439316932,0.8280601501464773,-1.0,-0.055572509765625,0.0,0.0,0.0039882971743077245,0.5,0.5
2023-09-15,47.27761410766836,47.30540154273612,46.97193818792751,46.99972915649414,1601500,0.0,0.0,0.0005066332317510714,0.9021568298339773,1.0,0.0740966796875,0.5094522137309241,0.31889141295769624,1.7777777777777777,1.0,0.0
2023-09-18,47.0738422823107,47.21278656042428,46.8515356775287,47.04605484008789,1093900,0.0,0.0,0.0003463954731005022,0.9484825134277273,-1.0,0.04632568359375,0.0,0.0,0.6949021438516592,0.3474510719258296,0.6525489280741704
2023-09-19,46.83300530336888,46.92563245806899,46.59216904754945,46.768165588378906,1421900,0.0,0.0,0.00044760070804837247,0.6705932617187429,-1.0,-0.23156356811523438,0.3797691403780661,0.320716255462836,2.0,0.13819709958418566,0.8618029004158143
2023-09-20,47.15720468374406,47.926023508184066,46.92563325953917,46.93489456176758,1807600,0.0,0.0,0.0005710439756075324,0.8373222351074148,1.0,0.16672897338867188,0.7132369477597891,0.7255751787580124,0.5184199267190057,0.6219975527385091,0.3780024472614909
2023-09-21,47.1294177705038,47.175731349162696,46.86079406738281,46.86079406738281,1561400,0.0,0.0,0.0004924874790616573,0.7632217407226491,-1.0,-0.07410049438476562,0.0,0.0,0.19752408510598685,0.5,0.5
2023-09-22,46.77742910446744,46.87932109955989,46.647749668349654,46.675537109375,1305100,0.0,0.0,0.0004100194784078391,0.5779647827148366,-1.0,-0.2593574523925781,0.0,0.0,2.0,0.5,0.5
2023-09-25,46.1382886761824,46.21238968944195,45.98081828106952,46.08271026611328,1549600,0.0,0.0,0.0004806500546464444,-0.014862060546882105,-1.0,-0.8521842956542969,0.0,0.0,2.0,0.0,1.0
2023-09-26,45.91597689675109,45.9900814408104,45.67514419555664,45.67514419555664,2068800,0.0,0.0,0.0006360185898153832,-0.42242813110352273,-1.0,-1.2597503662109375,0.0,0.0,2.0,0.0,1.0
2023-09-27,45.767774536214525,45.78630067352227,45.07306028792135,45.20273971557617,2073700,0.0,0.0,0.0006309312820717245,-0.8948326110839915,-1.0,-1.7321548461914062,0.0,0.0,2.0,0.0,1.0
2023-09-28,45.39725330076136,45.66587695859697,45.35093972991014,45.57324981689453,1846900,0.0,0.0,0.000566532404100026,-0.5243225097656321,-1.0,-1.3616447448730469,0.0,0.0,2.0,0.0,1.0
2023-09-29,46.175340137130966,46.184604972771425,45.63809627546729,45.758514404296875,2213900,0.0,0.0,0.0006818695416542225,-0.33905792236328836,1.0,0.18526458740234375,0.3983042992491548,1.3800098789818978,0.01851216440556431,0.013236948600913512,0.9867630513990865
2023-10-02,45.350947659888355,45.40652607472752,45.02674907374213,45.14716720581055,1734400,0.0,0.0,0.0005270491838695908,-0.9504051208496165,-1.0,-0.6113471984863281,0.3241906561680068,0.11635457162399768,2.0,0.0,1.0
2023-10-03,45.50841489239127,45.61956818081243,45.11011178092454,45.193477630615234,2478700,0.0,0.0,0.0007539995787391125,-0.904094696044929,1.0,0.0463104248046875,0.0,0.0,0.00573827921961948,0.5,0.5
2023-10-04,45.341688217897286,45.452841518636745,44.88780664516994,45.32316207885742,1724000,0.0,0.0,0.00052593108241304,-0.7744102478027415,-1.0,0.1296844482421875,0.13894242857219297,0.032190490073557135,0.044998697633490986,0.5829663320758351,0.41703366792416485
2023-10-05,45.50841689147667,45.67514859818222,45.19347961586613,45.332420349121094,1886100,0.0,0.0,0.000575499561651953,-0.7651519775390696,1.0,0.009258270263671875,0.0,0.0,0.0002293421375646425,0.5,0.5
2023-10-06,44.535813592112255,44.78590759602585,43.76699484375089,44.66549301147461,3045900,0.0,0.0,0.0009157125111586623,-1.432079315185554,-1.0,-0.6669273376464844,1.1208118014190447,0.6125354758306074,2.0,0.0,1.0
2023-10-09,44.46171754319835,44.60066182392078,44.13751893284579,44.48024368286133,1681300,0.0,0.0,0.0005033658471335815,-1.6173286437988352,-1.0,-0.8521766662597656,0.0,0.0,2.0,0.0,1.0
2023-10-10,44.78591762267872,45.1008549402807,44.73960403875194,44.924861907958984,2009300,0.0,0.0,0.0006075792172234332,-1.172710418701179,1.0,0.44461822509765625,0.31494734425484694,0.0721264129477699,0.27221700056168485,0.7905392985082043,0.2094607014917958
2023-10-11,44.998959590865574,45.0823219090917,44.58213033223787,44.776649475097656,2212800,0.0,0.0,0.0006669067775080766,-1.320922851562507,-1.0,-0.14821243286132812,0.0,0.0,0.11112064433128072,0.9444396778343597,0.05556032216564036
2023-10-12,44.77665510145657,44.84149482389052,44.07267945781652,44.24867248535156,2227300,0.0,0.0,0.0006633616152157781,-1.8488998413086009,-1.0,-0.6761894226074219,0.0,0.0,2.0,0.0,1.0
2023-10-13,44.30424971588886,44.582134737935355,44.03562599672735,44.276458740234375,1653400,0.0,0.0,0.0004927449552974088,-1.8211135864257884,-1.0,-0.6484031677246094,0.0,0.0,2.0,0.0,1.0
2023-10-16,44.05414823905755,44.59139209635731,43.92446527564088,44.47097396850586,1945600,0.0,0.0,0.00058237345818197,-1.626598358154304,-1.0,-0.453887939453125,0.0,0.0,1.0421320791558453,0.47893396042207736,0.5210660395779226
2023-10-17,44.739597080081886,44.98969463458693,44.55433923968933,44.81370162963867,2059000,0.0,0.0,0.000621067122933089,-1.2838706970214915,1.0,0.3427276611328125,0.407559896651577,0.10077210106589046,0.5701656225357119,0.849804091317232,0.15019590868276794
2023-10-18,44.95264433419202,45.11937604451848,44.71181160455357,44.7951774597168,2269100,0.0,0.0,0.0006841577834919431,-1.3023948669433665,1.0,0.3242034912109375,0.0,0.0,0.510197220846444,0.5,0.5
2023-10-19,44.98969542051562,45.128639686612125,44.711810421822086,44.82296371459961,1881000,0.0,0.0,0.0005674933011961815,-1.274608612060554,1.0,0.35198974609375,0.0,0.0,0.6013990507469167,0.5,0.5
2023-10-20,44.87854792200664,45.01748867254231,44.63771163414493,44.646976470947266,2196400,0.0,0.0,0.0006600470029879516,-1.4505958557128977,-1.0,-0.17598724365234375,0.07409997040863914,0.002609415299198647,0.24997832542212256,0.8737061296393394,0.12629387036066062
2023-10-23,44.822964012867416,45.15642742691842,44.739598159354664,44.98043441772461,2323400,0.0,0.0,0.0007034269537201852,-1.117137908935554,1.0,0.33345794677734375,0.027787740306294495,0.0006187181898416444,2.0,0.9996907365785314,0.00030926342146866454
2023-10-24,44.74886115699014,45.017481310831606,44.684021443976754,44.96190643310547,1951000,0.0,0.0,0.0005904367239097899,-1.1356658935546946,-1.0,-0.018527984619140625,0.0,0.0,0.0030872672049641094,0.9984563663975179,0.0015436336024820547
2023-10-25,44.82296491418361,45.23053288777458,44.71181161843133,44.95264434814453,2313400,0.0,0.0,0.0006999666531984756,-1.144927978515632,1.0,-0.0092620849609375,0.07410546085615977,0.0041893253363180115,0.0007714990176926746,0.9975195878229947,0.002480412177005343
2023-10-26,44.1375147650425,44.47097464698878,43.62805480616727,43.77626037597656,3724100,0.0,0.0,0.0010973151315415992,-2.321311950683601,-1.0,-1.1763839721679688,0.0,0.0,2.0,0.0,1.0
2023-10-27,43.35016686043936,43.40574527040568,42.757344621462295,42.849971771240234,4430400,0.0,0.0,0.0012778057953805788,-3.247600555419929,-1.0,-2.102672576904297,0.0,0.0,2.0,0.0,1.0
2023-10-30,43.4428038691032,43.637323032058944,43.396486753971075,43.49837875366211,3043900,0.0,0.0,0.0008911992781657291,-2.599193572998054,1.0,0.648406982421875,0.0,0.0,0.09509376981765544,0.5,0.5
2023-10-31,43.82257421576059,43.88741392686757,43.62805154894042,43.859622955322266,2194200,0.0,0.0,0.0006477575439081885,-2.2379493713378977,1.0,1.0096511840820312,0.0,0.0,0.2305682039383423,0.5,0.5
2023-11-01,43.98004753078997,44.007834972914274,43.55395692855163,43.729949951171875,2463100,0.0,0.0,0.0007249906397141524,-2.3676223754882884,1.0,0.8799781799316406,0.0,0.0,0.1751461138364561,0.5,0.5
2023-11-02,43.86889007949534,44.17456251445031,43.776259392009415,44.156036376953125,2167600,0.0,0.0,0.0006442294880883151,-1.9415359497070384,1.0,1.3060646057128906,0.0,0.0,0.38582113934373946,0.5,0.5
2023-11-03,44.193089838301354,44.28572052827392,44.06341040583927,44.12825012207031,1932500,0.0,0.0,0.0005739943052337471,-1.9693222045898509,1.0,1.2782783508300781,0.0,0.0,0.36957923829607586,0.5,0.5
2023-11-06,44.23940777378942,44.32277363622588,44.137519305033614,44.21162033081055,2306200,0.0,0.0,0.0006862854233349266,-1.8859519958496165,1.0,1.3616485595703125,0.0,0.0,0.41935976537274566,0.5,0.5
2023-11-07,44.28572357661913,44.38761204235302,44.15604060173098,44.276458740234375,1744900,0.0,0.0,0.0005200137126517774,-1.8211135864257884,1.0,1.4264869689941406,0.0,0.0,0.46024843041771074,0.5,0.5
2023-11-08,44.30424314702096,44.46171000721689,44.248664737452216,44.28571701049805,2095400,0.0,0.0,0.0006246000218210531,-1.8118553161621165,1.0,1.4357452392578125,0.0,0.0,0.46624208095384473,0.5,0.5
2023-11-09,45.23979142223419,45.32315727232274,44.8507496106545,44.96190643310547,2624400,0.0,0.0,0.0007942296966831638,-1.1356658935546946,1.0,2.1119346618652344,0.0,0.0,1.0088292246653454,0.5,0.5
2023-11-10,44.77665079767032,44.9155950658167,44.32276925075838,44.86927795410156,2012400,0.0,0.0,0.0006077637099261981,-1.2282943725586009,-1.0,-0.09262847900390625,0.0,0.0,0.0019236590921940077,0.999038170453903,0.0009618295460970039
2023-11-13,44.684026251548445,44.94338513150653,44.66550011248005,44.739601135253906,1918300,0.0,0.0,0.000577670260261907,-1.357971191406257,1.0,-0.12967681884765625,0.0,0.0,0.0037701943663857552,0.9981149028168071,0.0018850971831928776
2023-11-14,44.97116829947844,45.2953704021149,44.92485472295878,45.20273971557617,2268000,0.0,0.0,0.0006900478119972374,-0.8948326110839915,1.0,0.3334617614746094,0.37977533629819504,0.18012330534973284,2.0,0.9173793037725279,0.08262069622747219
2023-11-15,44.85075509569885,44.93412095598267,44.71181435089235,44.78591537475586,2265400,0.0,0.0,0.0006829009647666344,-1.311656951904304,-1.0,-0.4168243408203125,0.0,0.0,1.5624785506656158,0.2187607246671921,0.7812392753328079
2023-11-16,44.56523549143875,44.79900193937266,44.51848291525056,44.61198806762695,2389800,0.454,0.0,0.0007176034353375279,-1.4855842590332102,-1.0,-0.5907516479492188,0.0,0.0,2.0,0.0,1.0
2023-11-17,44.303421404261854,44.43433005382092,44.16316009859533,44.26601791381836,4257400,0.0,0.0,0.0012684877753717334,-1.831554412841804,-1.0,-0.9367218017578125,0.0,0.0,2.0,0.0,1.0
2023-11-20,44.28471979462532,44.36887586488426,43.87328853247352,43.92939376831055,6026800,0.0,0.0,0.0017820232441254072,-2.1681785583496165,-1.0,-1.273345947265625,0.0,0.0,2.0,0.0,1.0
2023-11-21,44.26601816140152,44.63069327778234,44.25666907223494,44.56523895263672,4032900,0.0,0.0,0.0012097205766106061,-1.5323333740234446,1.0,0.6358451843261719,0.19636322396141992,0.016421536375269555,0.24935033274266838,0.9382119092221066,0.06178809077789341
2023-11-22,44.59328839017216,44.75225143696976,44.48108148872232,44.67744445800781,2545900,0.0,0.0,0.0007655984395836445,-1.4201278686523509,1.0,0.7480506896972656,0.0,0.0,0.3451192902345345,0.5,0.5
2023-11-24,44.4530281625614,44.89250665484484,44.415624675177696,44.81770324707031,2210500,0.0,0.0,0.0006668244122846728,-1.2798690795898509,1.0,0.8883094787597656,0.0,0.0,0.4866713403960639,0.5,0.5
2023-11-27,44.789659346644555,44.88316451258172,44.714852360300064,44.72420501708984,2033100,0.0,0.0,0.000612030048431032,-1.3733673095703267,1.0,0.7948112487792898,0.0,0.0,0.38961456978503817,0.5,0.5
2023-11-28,44.70550532745775,44.99537349539623,44.70550532745775,44.7896614074707,1790900,0.0,0.0,0.0005399089052367543,-1.3079109191894602,1.0,0.8602676391601562,0.0,0.0,0.4564301786606001,0.5,0.5
2023-11-29,44.630697528348826,44.71485360683571,44.41563278710313,44.44368362426758,1972600,0.0,0.0,0.0005900929840730943,-1.6538887023925852,-1.0,-0.345977783203125,0.29921957319693604,0.03273161521840302,0.16174439909660623,0.9027619928424954,0.09723800715750464
2023-11-30,44.424973464249625,44.62133998819477,44.25666490614256,44.602638244628906,3804200,0.0,0.0,0.0011420766809780247,-1.494934082031257,-1.0,-0.18702316284179688,0.0,0.0,0.04726325435073439,0.9763683728246328,0.023631627175367195
2023-12-01,44.58393888903692,44.90186141269924,44.56523714446936,44.79900360107422,2466100,0.0,0.0,0.0007436188888668925,-1.2985687255859446,1.0,0.1963653564453125,0.18700780586353005,0.020739084973559866,1.102399343476901,0.9815347027149872,0.018465297285012824
2023-12-04,44.855109505808166,45.14497763345905,44.84575684988795,44.97666549682617,2329400,0.0,0.0,0.0007051844066661583,-1.1209068298339915,1.0,0.3740272521972656,0.0,0.0,2.0,0.5,0.5
2023-12-05,44.90186246209418,44.920564207098806,44.59328902000748,44.640045166015625,2286500,0.0,0.0,0.0006870165607788955,-1.4575271606445384,-1.0,-0.3366203308105469,0.0,0.0,0.809979806141223,0.5950100969293886,0.4049899030706115
2023-12-06,44.90185342061197,44.94860599021283,44.62133443601437,44.668087005615234,2622700,0.0,0.0,0.000788528408899259,-1.429485321044929,1.0,0.028041839599609375,0.0,0.0,0.006939566097970491,0.5,0.5
2023-12-07,44.686799143331775,44.929914702013065,44.50913434372502,44.827056884765625,2175300,0.0,0.0,0.0006563428537981337,-1.2705154418945384,-1.0,0.15896987915039062,0.0841546762824592,0.004387292722814049,0.2230226661093009,0.9807075611580716,0.01929243884192847
2023-12-08,44.57458948213929,44.668098211792575,44.23796875636738,44.36887741088867,2265000,0.0,0.0,0.0006764224637825943,-1.7286949157714915,-1.0,-0.2992095947265625,0.3833656796469924,0.04918013898879271,2.0,0.0,1.0
2023-12-11,44.13511097393539,44.35017570182678,44.13511097393539,44.28472137451172,2605600,0.0,0.0,0.0007766637530710391,-1.8128509521484446,-1.0,-0.3833656311035156,0.0,0.0,2.0,0.0,1.0
2023-12-12,44.39692439963747,44.462378721227005,44.28471750076869,44.45302963256836,2212200,0.0,0.0,0.0006619072346783152,-1.644542694091804,1.0,0.16830825805664062,0.0,0.0,0.1927456117293297,0.5,0.5
2023-12-13,44.63069310865375,44.98601913452149,44.350174063807934,44.98601913452149,3409900,0.0,0.0,0.0010325012390131505,-1.1115531921386719,1.0,0.7012977600097727,0.0,0.0,2.0,0.5,0.5
2023-12-14,44.82705274404731,45.04211744797473,44.593286296257546,44.696144104003906,3501300,0.0,0.0,0.0010533452890840699,-1.401428222656257,1.0,0.4114227294921875,0.0,0.0,1.15172875781049,0.5,0.5
2023-12-15,44.583939074324704,44.733549464493855,44.27536563816722,44.2940673828125,3684400,0.0,0.0,0.001098458643531701,-1.8035049438476634,-1.0,-0.40207672119140625,0.07480842564071111,0.0017205462671518275,0.9550834010646793,0.5215980263340845,0.4784019736659155
2023-12-18,44.434334836561874,44.63069783203623,44.27537176856342,44.57459259033203,2483300,0.0,0.0,0.000745054334958129,-1.522979736328132,-1.0,-0.121551513671875,0.0,0.0,0.08728591737791522,0.9563570413110424,0.04364295868895761
2023-12-19,44.74289627230291,44.92991014222854,44.61198763345282,44.81770324707031,3446100,0.0,0.0,0.0010395582932251576,-1.2798690795898509,1.0,0.24311065673828125,0.19636067773468824,0.023538454844500366,2.0,0.9883676760438391,0.011632323956160836
2023-12-20,44.855108572979425,44.97666456146949,44.490433473523176,44.49978256225586,2197100,0.0,0.0,0.000658080599717745,-1.597789764404304,1.0,-0.07481002807617188,0.0,0.0,0.09469164089076267,0.9526541795546186,0.04734582044538133
2023-12-21,44.81770709573431,44.87381233162784,44.49978455965739,44.733551025390625,2182500,0.0,0.0,0.0006571416621321898,-1.3640213012695384,1.0,0.15895843505859375,0.0,0.0,2.0,0.5,0.5
2023-12-22,45.1075777107575,45.20108286800105,44.84575684988795,44.97666549682617,1488100,0.0,0.0,0.00045049579958783814,-1.1209068298339915,1.0,0.4020729064941406,0.0,0.0,2.0,0.5,0.5
2023-12-26,44.799006956556525,45.03277343067068,44.799006956556525,45.00472259521485,1528500,0.0,0.0,0.0004630148361391512,-1.0928497314453125,-1.0,0.02805709838867898,0.0,0.0,0.14065846535321944,0.5,0.5
2023-12-27,45.04211383824941,45.34133814907362,45.00471392051494,45.24782943725586,2093100,0.0,0.0,0.000637469049013043,-0.849742889404304,1.0,0.24310684204100852,0.0,0.0,2.0,0.5,0.5
2023-12-28,45.38809833953484,45.5190069910591,45.31329135752485,45.331993103027344,1528200,0.0,0.0,0.00046629030341153625,-0.7655792236328196,1.0,0.3272705078124929,0.0,0.0,2.0,0.5,0.5
2024-01-02,44.92056259599559,45.36939375902971,44.873810018657394,45.34134292602539,2806400,0.0,0.0,0.0008564762521381531,-0.7562294006347727,-1.0,0.009349822998046875,0.0,0.0,0.015620219885305212,0.5,0.5
2024-01-03,45.67796851583474,45.762124590855045,45.444202037110934,45.48160552978515,2855500,0.0,0.0,0.0008741567725222593,-0.6159667968750142,1.0,0.14026260375975852,0.0,0.0,2.0,0.5,0.5
2024-01-04,45.42549960431394,45.752771217085574,45.40679785972798,45.68731689453125,3001400,0.0,0.0,0.0009229770596697046,-0.41025543212891336,-1.0,0.20571136474610086,0.0,0.0,2.0,0.5,0.5
2024-01-05,45.44419683388543,45.79017375101857,45.36004076850074,45.593807220458984,2945100,0.0,0.0,0.0009038102853325501,-0.503765106201179,-1.0,0.11220169067383523,0.08416126861019535,0.027910549166786893,2.0,0.9862367947253617,0.013763205274638259
2024-01-08,45.519006335187115,46.04264450073242,45.519006335187115,46.04264450073242,3230600,0.0,0.0,0.001001186127709479,-0.05492782592774148,1.0,0.4488372802734375,0.0,0.0,2.0,0.5,0.5
2024-01-09,45.911732667097766,46.033292228629925,45.80887841794786,46.00524139404297,1935600,0.0,0.0,0.0005993690347758724,-0.0923309326171946,1.0,0.4114341735839844,0.0,0.0,2.0,0.5,0.5
2024-01-10,45.818227259960295,45.9584885661248,45.66861686464832,45.70602035522461,2607300,0.0,0.0,0.0008021134307278278,-0.391551971435554,-1.0,-0.2992210388183594,0.0,0.0,0.5289121338008427,0.7355439330995787,0.26445606690042134
2024-01-11,45.64056224788869,45.70601656747627,45.23848367499757,45.62186050415039,2486300,0.0,0.0,0.0007634804084578386,-0.47571182250977273,-1.0,-0.3833808898925781,0.0,0.0,0.8682808041995561,0.5658595979002219,0.43414040209977806
2024-01-12,46.16419954191356,46.22030477645523,45.874331414264375,45.94913482666016,2450000,0.0,0.0,0.0007577305507456348,-0.1484375,1.0,0.32727432250977273,0.26181621033043,2.0,0.7287237815689216,0.267056631562001,0.732943368437999
2024-01-16,45.350697066878475,45.37874790300773,44.939269346678024,45.06082534790039,2911600,0.0,0.0,0.00088308443034498,-1.0367469787597727,-1.0,-0.8883094787597727,0.2992143283195432,0.08329505440091296,2.0,0.0,1.0
2024-01-17,44.56523647246562,44.69614511547147,44.4249751738205,44.621341705322266,3368100,0.0,0.0,0.001011577071737967,-1.4762306213378977,-1.0,-1.3277931213378977,0.0,0.0,2.0,0.0,1.0
2024-01-18,44.181867449539354,44.24732178262362,43.95745004539783,44.11641311645508,2513100,0.0,0.0,0.0007462448380264625,-1.9811592102050852,-1.0,-1.8327217102050852,0.0,0.0,2.0,0.0,1.0
2024-01-19,44.0135466966383,44.200560569085106,43.742376759940086,44.107051849365234,2215400,0.0,0.0,0.0006577056254906293,-1.990520477294929,-1.0,-1.842082977294929,0.0,0.0,2.0,0.0,1.0
2024-01-22,44.022907300148354,44.12576155992046,43.87329332158476,43.938751220703125,2629700,0.0,0.0,0.0007777236236874493,-2.1588211059570384,-1.0,-2.0103836059570384,0.0,0.0,2.0,0.0,1.0
2024-01-23,44.219264918464845,44.49043487114062,44.17251233934668,44.387577056884766,2828300,0.0,0.0,0.0008450030717973515,-1.7099952697753977,1.0,0.4488258361816406,0.2898743020555159,0.028736218278414397,0.049842271806224185,0.6342991797442022,0.36570082025579775
2024-01-24,44.50912932751693,44.53718372623655,44.05094909667969,44.05094909667969,2504100,0.0,0.0,0.0007424689788555105,-2.046623229980476,1.0,0.1121978759765625,0.0,0.0,0.0031146654296630837,0.5,0.5
2024-01-25,44.17250959840546,44.54653377513544,44.02289921431488,44.52783203125,5683200,0.0,0.0,0.0017033185081199629,-1.5697402954101634,1.0,0.589080810546875,0.1496131250317987,0.00908413908633208,0.08586019753404146,0.9043214223229111,0.09567857767708883
2024-01-26,45.341351723125854,45.47226039186883,45.18238864894246,45.22914123535156,6184900,0.0,0.0,0.0018828789448765795,-0.8684310913086009,1.0,1.2903900146484375,0.0,0.0,0.4119875757798131,0.5,0.5
2024-01-29,45.25718652591321,45.6125089646548,45.191732204724346,45.593807220458984,2897900,0.0,0.0,0.0008893252608961316,-0.503765106201179,1.0,1.6550559997558594,0.0,0.0,0.6777468656469438,0.5,0.5
2024-01-30,45.864981871544074,45.93043619945568,45.640568052130966,45.85563278198242,4020600,0.0,0.0,0.0012409518593941634,-0.24193954467774148,1.0,1.9168815612792969,0.0,0.0,0.9091440308070065,0.5,0.5
2024-01-31,46.098745380140514,46.16419970383883,45.406798653331734,45.52835464477539,2205200,0.0,0.0,0.000675773744475628,-0.5692176818847727,1.0,1.5896034240722656,0.0,0.0,0.6252010677431045,0.5,0.5
2024-02-01,45.51900599230394,46.295108795166016,45.38809734365201,46.295108795166016,2103500,0.0,0.0,0.0006554642360306511,0.19753646850585227,1.0,2.3563575744628906,0.2524707084789597,1.6335311739294416,1.3738031930477632,1.0,0.0
2024-02-02,45.9304327305324,46.061341376468654,45.61251020454733,45.902381896972656,2672100,0.0,0.0,0.0008255802669046861,-0.1951904296875071,1.0,1.9636306762695312,0.0,0.0,0.9540293773821155,0.5,0.5
2024-02-05,45.91173301574415,46.11744864959256,45.72472269442004,46.05199432373047,2672500,0.0,0.0,0.00082839511895422,-0.045578002929694605,1.0,2.1132431030273438,0.0,0.0,1.1049459956817933,0.5,0.5
2024-02-06,46.313806620304874,46.68783435650434,46.267054045028154,46.63172912597656,3399200,0.0,0.0,0.0010669144880520174,0.5341567993163991,1.0,2.6929779052734375,0.0,0.0,1.7943522860467083,0.8971761430233541,0.10282385697664587
2024-02-07,46.192256764681986,46.27641283813925,45.677967667446914,45.72472381591797,4365300,0.0,0.0,0.0013434965679546983,-0.3728485107421946,-1.0,-0.9070053100585938,0.04675502697312339,0.0157250414279218,0.11343682927200138,0.9354190646500384,0.0645809353499616
2024-02-08,47.68835805284244,47.922124513885784,47.19277429686834,47.389137268066406,4881900,0.0,0.0,0.0015571808580664794,1.291564941406243,1.0,1.6644134521484375,1.2342901573814444,0.9132759807655546,2.0,1.0,0.0
2024-02-09,47.28628120115592,47.40784076414671,47.06186738778102,47.32368469238281,2783000,0.0,0.0,0.0008864681437990124,1.2261123657226491,-1.0,-0.06545257568359375,0.0,0.0,0.0015464327862358747,0.5,0.5
2024-02-12,47.033811280615794,47.32368297662486,46.9403061229319,47.30498123168945,2076600,0.0,0.0,0.0006611973421417646,1.2074089050292898,-1.0,-0.08415603637695312,0.0,0.0,0.002556513620883733,0.5,0.5
2024-02-13,47.23017480126713,47.28628003672588,46.734591039190896,46.846797943115234,3113200,0.0,0.0,0.0009816537008328174,0.749225616455071,-1.0,-0.5423393249511719,0.0,0.0,0.10617438596524398,0.5,0.5
2024-02-14,47.02446164893464,47.02446164893464,46.556928731924735,46.79069519042969,2177100,0.0,0.0,0.0006856606885852186,0.6931228637695241,-1.0,-0.5984420776367188,0.0,0.0,0.12927716203574213,0.5,0.5
2024-02-15,46.82809903118381,47.05251283551603,46.74394296281094,46.83744812011719,2180500,0.0,0.0,0.0006874176693245684,0.7398757934570241,1.0,0.0467529296875,0.0,0.0,0.0061034222506487525,0.0030517111253243762,0.9969482888746756
2024-02-16,47.26757942026022,47.54809847026607,47.10861993315442,47.407840728759766,3484100,0.0,0.0,0.0011117628596477786,1.3102684020996023,1.0,0.6171455383300781,0.0,0.0,1.0634839577897595,0.5317419788948797,0.46825802110512027
2024-02-20,47.744463158446266,48.09043652109637,47.67900883489065,47.72576141357422,2280500,0.0,0.0,0.0007325787508008403,1.6281890869140554,1.0,0.9350662231445312,0.0,0.0,2.0,1.0,0.0
2024-02-21,47.76316483939211,47.91277523117514,47.716408693778014,47.894073486328125,2322100,0.0,0.0,0.0007485728465698142,1.7965011596679616,1.0,1.1033782958984375,0.0,0.0,2.0,1.0,0.0
2024-02-22,47.5619593498455,47.892183774543845,47.37325813608518,47.85444641113281,2450100,0.458,0.0,0.0007891825646599615,1.7568740844726491,-1.0,-0.0396270751953125,0.30575069880547545,0.030286817689693414,0.0012898379901674561,0.9591521659784226,0.040847834021577434
2024-02-23,47.85444774917482,47.95823359960373,47.74122485824706,47.79783630371094,1945300,0.0,0.0,0.000625844153214441,1.7002639770507741,1.0,-0.056610107421875,0.045458368428590745,0.0007148171786346088,0.002632322428913176,0.21356061068462734,0.7864393893153727
2024-02-26,47.8733183415184,47.88275178286263,47.580831271377704,47.61857223510742,1692200,0.0,0.0,0.0005423747154880097,1.5209999084472585,-1.0,-0.17926406860351562,0.0,0.0,0.02639596988858144,0.5,0.5
2024-02-27,46.75998501884183,46.94868263878699,46.55241331789049,46.807159423828125,2327100,0.0,0.0,0.0007331599064057576,0.7095870971679616,-1.0,-0.9906768798828125,0.0,0.0,0.8061487438546601,0.5,0.5
2024-02-28,46.20331964452136,46.45806575730985,46.16557867984681,46.29766845703125,1697300,0.0,0.0,0.0005289189251925158,0.20009613037108664,-1.0,-1.5001678466796875,0.0,0.0,1.848548425704278,0.5,0.5
2024-02-29,46.363709422393114,46.3825799031336,46.09009285042038,46.20331573486328,1891600,0.0,0.0,0.0005882661022361262,0.1057434082031179,-1.0,-1.5945205688476562,0.0,0.0,2.0,0.5,0.5
2024-03-01,46.165578167595825,46.40145379542978,45.91083205763398,46.37314987182617,2345800,0.0,0.0,0.0007321986992484441,0.2755775451660085,-1.0,-1.4246864318847656,0.0,0.0,1.6672076823346036,0.5,0.5
2024-03-04,46.23161873272557,46.3920124170509,46.22218529213189,46.36370849609375,1470800,0.0,0.0,0.0004589899356165922,0.26613616943358664,-1.0,-1.4341278076171875,0.009432513917296603,0.0012561662069854103,1.6893780218628933,0.000743014790455361,0.9992569852095446
2024-03-05,46.3731530773068,46.51467630428391,46.231626251153,46.26936721801758,1429000,0.0,0.0,0.0004450380703305119,0.17179489135741477,1.0,-0.09434127807617188,0.11322250885412899,0.43435523263510045,0.007310627188143121,0.9834476063169817,0.016552393683018307
2024-03-06,46.35427412156999,46.4674934022936,46.22218436086311,46.25048828125,2378900,0.0,0.0,0.0007405661943973013,0.15291595458983664,-1.0,-0.018878936767578125,0.07548098524269875,0.24365174173083762,0.00029275625973874643,0.9987999062813459,0.0012000937186541494
2024-03-07,46.20331604035665,46.28823140466219,46.10896363603038,46.21274948120117,2672400,0.0,0.0,0.0008312557188614772,0.11517715454100852,-1.0,-0.05661773681640625,0.0,0.0,0.0026330319975948822,0.5,0.5
2024-03-08,46.392014070733666,46.53354087891648,46.288231823799336,46.40145111083984,3754100,0.0,0.0,0.0011724889929996408,0.3038787841796733,1.0,0.18870162963866477,0.06604747662288446,0.04724019693283863,2.0,1.0,0.0
2024-03-11,46.51466999049291,46.63732631656535,46.34483926183145,46.57128143310547,2488100,0.0,0.0,0.0007799331756631749,0.4737091064453054,1.0,0.3585319519042969,0.0,0.0,2.0,1.0,0.0
2024-03-12,46.693941777791544,46.939250851872195,46.61845984781194,46.84490203857422,3501800,0.0,0.0,0.0011041423007371702,0.7473297119140554,1.0,0.6321525573730469,0.0,0.0,2.0,1.0,0.0
2024-03-13,46.96755517503802,47.12795247801907,46.88263980267784,46.94868469238281,2218200,0.0,0.0,0.0007009636633737917,0.8511123657226491,1.0,0.7359352111816406,0.0,0.0,2.0,1.0,0.0
2024-03-14,46.976992142017046,47.00529606636704,46.40145501905679,46.49580383300781,2770000,0.0,0.0,0.0008668918187502583,0.39823150634764914,-1.0,-0.452880859375,0.21700482875515092,0.2969392194039861,0.37869429892131834,0.43949746622993274,0.5605025337700673
2024-03-15,46.39201582249754,46.46749774949224,46.1184028350827,46.175010681152344,2246100,0.0,0.0,0.0006980836515603257,0.0774383544921804,-1.0,-0.7736740112304688,0.0,0.0,1.1051897595919276,0.5,0.5
2024-03-18,45.88252959932614,45.99574889653278,45.68439133024381,45.77874374389648,1934200,0.0,0.0,0.0005959867773650115,-0.3188285827636861,-1.0,-1.1699409484863352,0.0,0.0,2.0,0.0,1.0
2024-03-19,47.099641444424,47.21286433191753,46.910943830287344,47.04303359985352,4792100,0.0,0.0,0.001517373750733246,0.9454612731933594,1.0,1.2642898559570455,0.7453665824252909,0.6215160475090258,1.1677918050319493,0.8946539262704876,0.10534607372951243
2024-03-20,46.65619988854915,46.69394085279131,46.33540889084371,46.64676284790039,2073800,0.0,0.0,0.0006511180808773667,0.5491905212402273,-1.0,-0.3962707519531321,0.0,0.0,0.09824053779315801,0.5,0.5
2024-03-21,46.64675985966396,46.78828666691748,46.56184449514709,46.66563034057617,2515400,0.0,0.0,0.0007900881861229999,0.5680580139160085,1.0,0.01886749267578125,0.0,0.0,0.0022669625314834037,0.0011334812657417018,0.9988665187342582
2024-03-22,47.13738385340224,47.4393043642973,47.099642889746264,47.16569137573242,2356700,0.0,0.0,0.0007481727421115412,1.0681190490722585,1.0,0.5189285278320312,0.0,0.0,1.7148694159116962,0.8574347079558481,0.14256529204415191
2024-03-25,47.26947477257166,47.37326062555261,46.78829007141403,46.83546447753906,3977600,0.0,0.0,0.00125391273588142,0.7378921508788991,-1.0,-0.3302268981933594,0.0,0.0,0.4049578271455077,0.5,0.5
2024-03-26,47.27890765398001,47.36382301720529,46.826026916503906,46.826026916503906,3464200,0.0,0.0,0.0010918466419696875,0.7284545898437429,-1.0,-0.3396644592285156,0.0,0.0,0.4284351761040401,0.5,0.5
2024-03-27,46.75054623350432,47.30721282958984,46.73167575237881,47.30721282958984,2290500,0.0,0.0,0.0007293383207884998,1.2096405029296733,-1.0,0.14152145385741477,0.0,0.0,0.1735978528029435,0.08679892640147174,0.9132010735985283
2024-03-28,47.16568777047315,47.401563376528536,47.12794680970202,47.35438537597656,1290300,0.0,0.0,0.00041126549734904396,1.2568130493163991,1.0,0.047172546386725855,0.0,0.0,0.019287610478008376,0.009643805239004188,0.9903561947609958
2024-04-01,47.156252365989985,47.28834213409347,46.78828698365135,47.03359603881836,1201000,0.0,0.0,0.00038020915252510133,0.936023712158196,-1.0,-0.3207893371582031,0.0,0.0,2.0,0.5,0.5
2024-04-02,46.67506293205516,46.741107809365126,46.51466565917677,46.56184005737305,2660500,0.0,0.0,0.0008338055333482055,0.4642677307128835,-1.0,-0.7925453186035156,0.0,0.0,2.0,0.5,0.5
2024-04-03,46.533541187965206,46.552411669126656,46.1089643597732,46.13727188110352,2055000,0.0,0.0,0.0006381681303755089,0.039699554443359375,-1.0,-1.2171134948730398,0.0,0.0,2.0,0.5,0.5
2024-04-04,46.36371471680796,46.42975960735343,45.901400482989686,45.96744537353515,2085200,0.0,0.0,0.0006451630106033081,-0.1301269531250142,-1.0,-1.3869400024414134,0.0,0.0,2.0,0.0,1.0
2024-04-05,45.740999477141465,45.759869958510045,45.523994340167214,45.7032585144043,2242500,0.0,0.0,0.0006898441596419314,-0.3943138122558665,-1.0,-1.6511268615722656,0.0,0.0,2.0,0.0,1.0
2024-04-08,45.52399547889494,45.65608525260278,45.43908011020041,45.457950592041016,2446600,0.0,0.0,0.000748590305618118,-0.6396217346191477,-1.0,-1.8964347839355469,0.0,0.0,2.0,0.0,1.0
2024-04-09,45.740998038279194,45.82591340217851,45.505122427356234,45.66551971435547,2997600,0.0,0.0,0.0009213687107023543,-0.4320526123046946,1.0,0.20756912231445312,0.06604344366846249,0.023366095644561796,0.01197980290633083,0.33893049540335674,0.6610695045966433
2024-04-10,45.410777758093346,45.467385606397215,44.967330417438255,45.04281234741211,2926900,0.0,0.0,0.0008873700333564228,-1.054759979248054,-1.0,-0.6227073669433594,0.4717496927621525,0.200039594714162,2.0,0.0,1.0
2024-04-11,45.325858752764105,45.37303315562761,44.891848487737875,44.95789337158203,2637800,0.0,0.0,0.0007982137264165689,-1.139678955078132,-1.0,-0.7076263427734375,0.0,0.0,2.0,0.0,1.0
2024-04-12,44.71257922583119,44.769190666883866,44.108738251307145,44.11817169189453,3179300,0.0,0.0,0.0009441052039120781,-1.979400634765632,-1.0,-1.5473480224609375,0.0,0.0,2.0,0.0,1.0
2024-04-15,44.37291964547735,44.46727205120301,44.00495426108799,44.07099914550781,2546800,0.0,0.0,0.0007554732872959354,-2.026573181152351,-1.0,-1.5945205688476562,0.0,0.0,2.0,0.0,1.0
2024-04-16,44.00495622865838,44.07100111603123,43.84456253051758,43.84456253051758,2911900,0.0,0.0,0.0008593371210220142,-2.2530097961425852,-1.0,-1.8209571838378906,0.0,0.0,2.0,0.0,1.0
2024-04-17,44.27856617414693,44.391785449913705,43.83511891189456,44.0521240234375,4907100,0.0,0.0,0.0014550004800450995,-2.0454483032226634,-1.0,-1.6133956909179688,0.0,0.0,2.0,0.0,1.0
2024-04-18,44.325747000445155,44.476707256417974,43.976652083353585,44.20309066772461,5673100,0.0,0.0,0.0016878912043710955,-1.894481658935554,1.0,0.15096664428710938,0.4057061403867408,0.04586087657344863,0.00875548519073983,0.16030883251693895,0.839691167483061
2024-04-19,44.56162210772601,44.71258236194529,44.36348744890878,44.63710403442383,4972900,0.0,0.0,0.0014940912134805574,-1.4604682922363352,1.0,0.5849800109863281,0.0,0.0,0.1314620097170084,0.5,0.5
2024-04-22,44.93902402382325,45.36360085865377,44.86354209799723,45.344730377197266,3092600,0.0,0.0,0.0009438912288269659,-0.7528419494628977,1.0,1.2926063537597656,0.0,0.0,0.6418754823863131,0.5,0.5
2024-04-23,45.10885526697591,45.46738362116783,45.09941822655296,45.269248962402344,2724400,0.0,0.0,0.0008301289045420878,-0.8283233642578196,1.0,1.2171249389648438,0.0,0.0,0.5690999364285749,0.5,0.5
2024-04-24,45.467383413859736,45.495690935823134,45.165462906876634,45.35416412353515,2963800,0.0,0.0,0.0009047684249518509,-0.7434082031250142,1.0,1.3020401000976491,0.0,0.0,0.6512787890208774,0.5,0.5
2024-04-25,47.71291979999872,48.23184544062149,47.43930321886398,48.04314422607422,6764400,0.0,0.0,0.0021874194944743347,1.9455718994140554,1.0,3.9910202026367188,0.0,0.0,2.0,1.0,0.0
2024-04-26,48.326199403274046,48.618682876020905,48.260154515932726,48.345069885253906,4278500,0.0,0.0,0.00139224319440707,2.247497558593743,1.0,4.292945861816406,0.0,0.0,2.0,1.0,0.0
2024-04-29,48.66586355438107,48.694167479317755,48.43942135735782,48.59038162231445,3343800,0.0,0.0,0.0010936087549840423,2.4928092956542898,1.0,4.538257598876953,0.0,0.0,2.0,1.0,0.0
2024-04-30,48.81681864428851,49.02438673711429,48.69416231727129,48.92060089111328,3005600,0.0,0.0,0.0009896789652917536,2.823028564453118,1.0,4.868476867675781,0.0,0.0,2.0,1.0,0.0
2024-05-01,48.69416313948603,49.17534781640736,48.54320288798362,48.93947219848633,2909700,0.0,0.0,0.0009584707640756884,2.8418998718261648,1.0,4.887348175048828,0.0,0.0,2.0,1.0,0.0
2024-05-02,49.09043472325439,49.26026546395611,48.98664887069484,49.08100128173828,2850900,0.0,0.0,0.0009418175370809493,2.983428955078118,1.0,5.028877258300781,0.0,0.0,2.0,1.0,0.0
2024-05-03,49.60936460731546,49.66597245547396,49.12817630290913,49.18478775024414,4413100,0.0,0.0,0.0014609856327706763,3.0872154235839773,1.0,5.132663726806641,0.0,0.0,2.0,1.0,0.0
2024-05-06,49.25083346493235,49.31687835500889,48.96778342186481,49.20365905761719,2388300,0.0,0.0,0.0007909657059358788,3.106086730957024,-1.0,0.018871307373046875,0.01886544883003438,3.688987022044277e-05,0.00013681136987332124,8.6850620046882e-05,0.9999131493799531
2024-05-07,49.694270781880235,49.92071294653683,49.52444365735792,49.684837341308594,3589300,0.0,0.0,0.0012003420108276268,3.5872650146484304,1.0,0.48117828369140625,0.0,0.0,0.08894678439828016,0.04447339219914008,0.95552660780086
2024-05-08,49.854669201051905,49.94901800562269,49.59048966891274,49.71314239501953,3191900,0.0,0.0,0.0010680506968203487,3.615570068359368,1.0,0.5094833374023438,0.0,0.0,0.09971906199374603,0.049859530996873014,0.950140469003127
2024-05-09,50.05280633188494,50.411338285547885,50.0433728906306,50.40190124511719,4055200,0.0,0.0,0.0013757216510598548,4.304328918457024,1.0,1.1982421875,0.0,0.0,0.5515786236350397,0.27578931181751987,0.7242106881824801
2024-05-10,50.46794952381864,50.61890977750402,50.37359711578005,50.48681640625,3061000,0.0,0.0,0.0010401900385285645,4.389244079589837,1.0,1.2831573486328125,0.0,0.0,0.6325255102186877,0.3162627551093439,0.6837372448906561
2024-05-13,51.10009611966679,51.21331541381089,50.817046084718285,50.88309097290039,2908500,0.0,0.0,0.0009961252031975665,4.785518646240227,1.0,1.6794319152832031,0.0,0.0,1.0835351858473854,0.5417675929236927,0.4582324070763073
2024-05-14,50.91139170256418,51.06235195167754,50.76986849355705,50.986873626708984,1807700,0.0,0.0,0.0006203776109877454,4.889301300048821,-1.0,0.10378265380859375,0.0,0.0,0.00413778344951795,0.002068891724758975,0.997931108275241
2024-05-15,51.118961862631046,51.45862331274971,51.06235042121923,51.40201187133789,1893700,0.0,0.0,0.000655183077585656,5.304439544677727,1.0,0.41513824462890625,0.0,0.0,0.06620696866812179,0.03310348433406089,0.9668965156659391
2024-05-16,51.36966629237979,51.569473341012795,51.24597465913067,51.44578170776367,3097700,0.456,0.0,0.0010726560863438086,5.3482093811035085,1.0,0.4589080810546875,0.0,0.0,0.08090393129084585,0.04045196564542292,0.959548034354577
2024-05-17,51.97860612466742,52.197442942917704,51.84540142047646,52.09278106689453,2610500,0.0,0.0,0.0009153192923083614,5.995208740234368,1.0,1.1059074401855469,0.0,0.0,0.4698462601631422,0.2349231300815711,0.7650768699184289
2024-05-20,51.78830779879213,51.85491014531157,51.50286865234375,51.50286865234375,1393900,0.0,0.0,0.00048320833002221485,5.405296325683587,-1.0,-0.5899124145507812,0.0,0.0,0.28453619007299674,0.5,0.5
2024-05-21,51.68364744299691,51.845398596099926,51.57898557267539,51.64558792114258,2336600,0.0,0.0,0.0008122486028786679,5.548015594482415,-1.0,-0.4471931457519531,0.0,0.0,0.16351316203013752,0.5,0.5
2024-05-22,51.55996117337326,51.76928493578349,51.46481598839924,51.5789909362793,1528100,0.0,0.0,0.0005305129531924811,5.4814186096191335,-1.0,-0.5137901306152344,0.0,0.0,0.21584100554137986,0.5,0.5
2024-05-23,52.31161139510884,52.31161139510884,51.6646140868316,51.73121643066406,2296900,0.0,0.0,0.0007997719226591143,5.633644104003899,1.0,0.15222549438476562,0.46621279900891466,0.006848407099473096,0.08778155524623724,0.04731498117285517,0.9526850188271448
2024-05-24,51.92151562945892,52.25452738218006,51.84540021293233,51.91200256347656,3153100,0.0,0.0,0.0011017343803378645,5.814430236816399,1.0,0.3330116271972656,0.0,0.0,0.42009477432721243,0.21004738716360621,0.7899526128363938
2024-05-28,51.77879110382897,51.77879110382897,51.40771985049051,51.50286865234375,2190000,0.0,0.0,0.0007591837597737646,5.405296325683587,-1.0,-0.4091339111328125,0.25689423634108977,0.0022587580119864804,1.509427161066187,0.0014941979570490887,0.9985058020429509
2024-05-29,51.207913849086,51.26500313135533,50.90344493609438,50.93198776245117,2422300,0.0,0.0,0.0008304049516561879,4.8344154357910085,-1.0,-0.9800148010253906,0.0,0.0,2.0,0.5,0.5
2024-05-30,51.45530045557169,51.64559081639948,51.39821116958976,51.426753997802734,3210400,0.0,0.0,0.0011112701136717787,5.329181671142571,1.0,0.4947662353515625,0.0,0.0,0.2548794601546158,0.1274397300773079,0.8725602699226921
2024-05-31,51.578988382538576,52.12132389506232,51.52190272620301,52.09278106689453,2394200,0.0,0.0,0.0008394780500458451,5.995208740234368,1.0,1.1607933044433594,0.0,0.0,1.402957513038352,0.701478756519176,0.298521243480824
2024-06-03,52.19743390377415,52.57801818847656,52.14034462776888,52.57801818847656,3352900,0.0,0.0,0.0011865777162274195,6.480445861816399,1.0,1.6460304260253906,0.0,0.0,2.0,1.0,0.0
2024-06-04,53.186962983150345,53.205989113481806,52.8729773893476,53.072784423828125,3589300,0.0,0.0,0.001282191835265474,6.975212097167962,1.0,2.140796661376953,0.0,0.0,2.0,1.0,0.0
2024-06-05,53.37726132709031,53.38677802323869,53.09182214509291,53.36774826049805,2574600,0.0,0.0,0.0009248259748236294,7.2701759338378835,1.0,2.435760498046875,0.0,0.0,2.0,1.0,0.0
2024-06-06,53.139386637800015,53.46288529597188,53.12987357265771,53.320167541503906,1670400,0.0,0.0,0.0005994919581391069,7.222595214843743,1.0,2.3881797790527344,0.0,0.0,2.0,1.0,0.0
2024-06-07,53.30114613845941,53.348718730740714,52.882502245005334,52.91104507446289,1903200,0.0,0.0,0.000677800903764737,6.813472747802727,-1.0,-0.4091224670410156,0.2093199000875785,0.000943808732218411,0.029347602317723875,0.031157635101987404,0.9688423648980126
2024-06-10,52.958619722192,52.98716255275737,52.65415076430713,52.89201736450195,1839500,0.0,0.0,0.0006548793540995531,6.79444503784179,-1.0,-0.4281501770019531,0.0,0.0,0.03214091395762894,0.5,0.5
2024-06-11,52.53045911593007,52.90153043150498,52.38774133354695,52.89201736450195,1848000,0.0,0.0,0.0006579054342897386,6.79444503784179,-1.0,-0.4281501770019531,0.0,0.0,0.03214091395762894,0.5,0.5
2024-06-12,53.653181040024734,53.719783386891216,53.26308002428288,53.33919906616211,3514700,0.0,0.0,0.0012618453348692635,7.241626739501946,1.0,0.44718170166015625,0.7326208341338472,0.010234962551803652,1.0908770187624894,0.5505559906571466,0.44944400934285345
2024-06-13,53.3962894553304,53.59610014321274,53.29162757823871,53.55804061889648,2723000,0.0,0.0,0.000981620674114922,7.460468292236314,1.0,0.6660232543945241,0.0,0.0,2.0,1.0,0.0
2024-06-14,53.43434672057788,53.6436704659116,53.30114202065855,53.49143600463867,3479700,0.0,0.0,0.0012528452622808217,7.3938636779785085,1.0,0.5994186401367188,0.0,0.0,1.9600548842460421,0.9800274421230211,0.019972557876978936
2024-06-17,53.26308116994691,53.72930123759617,53.215508582526965,53.64366912841797,1775600,0.0,0.0,0.0006411135951807211,7.546096801757805,1.0,0.7516517639160156,0.07611899571174519,0.00010175162536974477,2.0,1.0,0.0
2024-06-18,53.529495031365165,53.6912461975616,53.39629032364814,53.44386291503906,1859500,0.0,0.0,0.0006689064735508258,7.346290588378899,1.0,0.5518455505371094,0.0,0.0,1.661279992373167,0.8306399961865835,0.16936000381341654
2024-06-20,53.26308404365643,53.51998038505138,53.21551145366979,53.424835205078125,2472200,0.0,0.0,0.0008889926457352949,7.327262878417962,-1.0,-0.0190277099609375,0.0,0.0,0.0011888798194942666,0.5,0.5
2024-06-21,53.348720258418886,53.51047143227455,53.101340593738534,53.38677978515625,3175400,0.0,0.0,0.0011410470198052562,7.289207458496087,-1.0,-0.0570831298828125,0.0,0.0,0.010699918375448397,0.5,0.5
2024-06-24,53.386773373223555,53.624639942429106,53.386773373223555,53.56755065917969,1466600,0.0,0.0,0.0005287919615802359,7.469978332519524,1.0,0.1807708740234375,0.10465955737772248,0.00019629945923686266,2.0,1.0,0.0
2024-06-25,53.577071729294104,53.634157387649005,53.24405632748073,53.40580749511719,1621400,0.0,0.0,0.0005828409127082594,7.308235168457024,1.0,0.0190277099609375,0.0,0.0,0.1111111111111111,0.05555555555555555,0.9444444444444444
2024-06-26,52.91103971097247,53.16793603871779,52.79686477515981,52.97764205932617,1423100,0.0,0.0,0.0005074571994074665,6.8800697326660085,-1.0,-0.4281654357910156,0.5899085980637437,0.007351632216416116,2.0,0.0036623539684966983,0.9963376460315033
2024-06-27,52.99667352412092,53.08230563612253,52.57802603008824,52.66365814208984,1362300,0.0,0.0,0.0004828977195827045,6.566085815429673,-1.0,-0.7421493530273509,0.0,0.0,2.0,0.5,0.5
2024-06-28,52.24501742399894,52.406768591768056,52.03569366437636,52.321136474609375,2487600,0.0,0.0,0.0008760503992459333,6.223564147949212,-1.0,-1.0846710205078125,0.0,0.0,2.0,0.5,0.5
2024-07-01,52.64463276995763,52.9966742890204,52.03569128162634,52.04520797729492,2379700,0.0,0.0,0.0008336319168882566,5.9476356506347585,-1.0,-1.3605995178222656,0.0,0.0,2.0,0.5,0.5
2024-07-02,51.85491294320805,52.18792469377328,51.76928083169758,52.15938186645508,1673800,0.0,0.0,0.0005876346206739373,6.061809539794915,-1.0,-1.2464256286621094,0.0,0.0,2.0,0.5,0.5
2024-07-03,52.22598766134633,52.38773882911545,52.18792813604112,52.321136474609375,921700,0.0,0.0,0.0003245922386979324,6.223564147949212,1.0,0.16175460815429688,0.0,0.0,0.016841492776132484,0.008420746388066242,0.9915792536119338
2024-07-05,52.73026138942171,52.87298278837042,52.41627939311287,52.79686737060547,1382800,0.0,0.0,0.0004914042416480904,6.699295043945305,1.0,0.6374855041503906,0.0,0.0,0.26158201866942715,0.13079100933471358,0.8692089906652865
2024-07-08,53.13939509083068,53.25357366803444,52.987160617448474,53.12036895751953,1590100,0.0,0.0,0.0005685345936652991,7.022796630859368,1.0,0.9609870910644531,0.0,0.0,0.5944322551592799,0.29721612757963994,0.7027838724203601
2024-07-09,53.28211489291482,53.2916279592839,52.83492455289136,52.85395431518555,3067400,0.0,0.0,0.0010912374779501791,6.7563819885253835,1.0,0.6945724487304688,0.0,0.0,0.31052914261887565,0.15526457130943783,0.8447354286905622
2024-07-10,53.49144093100547,53.87202530446028,53.4724111678993,53.7959098815918,2721600,0.0,0.0,0.000985473450727184,7.6983375549316335,1.0,1.6365280151367188,0.0,0.0,1.7239082496269937,0.8619541248134969,0.13804587518650313
2024-07-11,54.19552038744005,54.27163943476529,53.82444910561935,53.88153839111328,2946500,0.0,0.0,0.0010686064896033066,7.783966064453118,1.0,1.7221565246582031,0.0,0.0,1.9090288965427855,0.9545144482713928,0.04548555172860724
2024-07-12,54.433384512782624,55.023296214299165,54.39532499083527,54.81397247314453,3254800,0.0,0.0,0.0012008450152452593,8.716400146484368,1.0,2.654590606689453,0.0,0.0,2.0,1.0,0.0
2024-07-15,54.79494326694675,54.823486093918355,54.13843283970913,54.195518493652344,2168400,0.0,0.0,0.0007909957483401631,8.09794616699218,-1.0,-0.6184539794921875,0.0,0.0,0.05427747926794646,0.5,0.5
2024-07-16,54.37630201976256,54.58562214352707,54.21455085686326,54.55707931518555,2036100,0.0,0.0,0.0007476900330579672,8.459506988525384,-1.0,-0.2568931579589844,0.0,0.0,0.009365047153470528,0.5,0.5
2024-07-17,54.899606357007286,55.38485257407304,54.89008966143499,55.37533950805664,2124600,0.0,0.0,0.0007918901737396881,9.277767181396477,1.0,0.8182601928710938,0.5613664801546818,0.003661052979391192,2.0,1.0,0.0
2024-07-18,55.7083526131122,55.77495496551,55.175533793929766,55.223106384277344,2182700,0.0,0.0,0.0008113089297637938,9.12553405761718,1.0,0.6660270690917969,0.0,0.0,2.0,1.0,0.0
2024-07-19,55.44193839514441,55.71786447660818,55.04232068585971,55.213584899902344,3057800,0.0,0.0,0.0011363873670808572,9.11601257324218,-1.0,-0.009521484375,0.0,0.0,0.0002043739587334493,0.5,0.5
2024-07-22,55.49902760715917,55.54660019332155,54.96620520529566,55.337276458740234,2709200,0.0,0.0,0.0010090907438074833,9.239704132080071,-1.0,0.11417007446289062,0.0,0.0,2.0,1.0,0.0
2024-07-23,54.92814832192575,55.01378043295195,54.47144493963793,54.490474700927734,2278900,0.0,0.0,0.0008358286137301198,8.392902374267571,-1.0,-0.7326316833496094,0.5708757462217804,0.004626566849570932,2.0,0.002307944495039766,0.9976920555049602
2024-07-24,53.68173130295478,54.224070477590125,53.6627051694048,53.7959098815918,4375300,0.0,0.0,0.0015842673386855706,7.6983375549316335,-1.0,-1.4271965026855469,0.0,0.0,2.0,0.5,0.5
2024-07-25,57.15458083806788,57.335358129969485,56.19360146387694,56.21263122558594,5804800,0.0,0.0,0.0021963044950063654,10.115058898925774,1.0,2.4167213439941406,2.3215776970175384,0.05267804075074232,2.0,1.0,0.0
2024-07-26,57.52565066482006,57.934781457342034,57.28778409379826,57.78254699707031,8462600,0.0,0.0,0.0032913333457306264,11.68497467041015,1.0,3.9866371154785156,0.0,0.0,2.0,1.0,0.0
2024-07-29,58.0299276618824,58.106043073827934,57.68739923423833,57.963321685791016,3136400,0.0,0.0,0.0012236468192260274,11.865749359130852,1.0,4.167411804199219,0.0,0.0,2.0,1.0,0.0
2024-07-30,57.76351554687973,58.19167608811105,57.53516567792685,58.09653091430664,3581600,0.0,0.0,0.0014005501252692236,11.998958587646477,1.0,4.300621032714844,0.0,0.0,2.0,1.0,0.0
2024-07-31,58.25827753808122,58.638865486546486,58.05847049843699,58.42002868652344,2185900,0.0,0.0,0.000859534733205819,12.322456359863274,1.0,4.624118804931641,0.0,0.0,2.0,1.0,0.0
2024-08-01,58.372453404550924,58.80061394603449,57.95380955818684,58.63886642456055,3085300,0.0,0.0,0.0012177393506625773,12.541294097900384,1.0,4.84295654296875,0.0,0.0,2.0,1.0,0.0
2024-08-02,59.23829048851732,59.60936539589478,58.857706144660625,59.50470352172851,4790500,0.0,0.0,0.0019186842702824537,13.407131195068345,1.0,5.708793640136712,0.0,0.0,2.0,1.0,0.0
2024-08-05,57.715943859184314,57.89672114405147,57.3543856598942,57.77303314208984,3949900,0.0,0.0,0.0015359696865696244,11.675460815429673,-1.0,-1.7316703796386719,0.5994238982926419,0.0026358460810007823,0.09201142731036649,0.02784914965380499,0.972150850346195
2024-08-06,57.23069644587193,58.534204193384326,57.20214999024584,58.34391021728515,5239800,0.0,0.0,0.00205769791600189,12.246337890624986,-1.0,-1.1607933044433594,0.0,0.0,0.041344819447132475,0.5,0.5
2024-08-07,58.31536724436756,58.734011087086955,58.12507326874758,58.13458633422851,2452900,0.0,0.0,0.0009598111807741377,12.037014007568345,1.0,-0.20932388305664062,0.8372899430354863,0.004838538685775562,0.0013444630654127145,0.7825549596271213,0.2174450403728787
2024-08-08,58.17264700309318,58.61983731019048,58.087014893852334,58.439056396484375,1717600,0.0,0.0,0.0006756108277677133,12.341484069824212,-1.0,0.3044700622558665,0.08563311680615726,4.8144727051007606e-05,2.0,1.0,0.0
2024-08-09,58.1964505999268,58.22522048819108,57.812887450056806,57.95672225952149,4222500,0.477,0.0,0.0016471943698282347,11.859149932861328,-1.0,-0.17786407470701704,0.31218581869077155,0.0006929776411255216,0.3412614900673511,0.0020265202141365193,0.9979734797858635
2024-08-12,57.784122702603135,57.91837365786377,57.59234293958839,57.71699905395508,2822600,0.0,0.0,0.001096539938709911,11.619426727294915,-1.0,-0.4175872802734304,0.0,0.0,1.8810716194152424,0.5,0.5
2024-08-13,57.918370127956955,58.34987822640584,57.86083400778043,58.30193328857422,1751200,0.0,0.0,0.0006872109638818382,12.204360961914055,1.0,0.5849342346191406,0.12465773821476489,0.00010432980544182871,1.9620928593295295,0.9810985945674856,0.018901405432514395
2024-08-14,58.01426095663029,58.48413013421309,57.93754612846806,58.35947036743164,2563600,0.0,0.0,0.0010070081367671395,12.261898040771477,1.0,0.6424713134765625,0.0,0.0,2.0,1.0,0.0
2024-08-15,58.5800183903341,58.91563660934525,58.397826165437216,58.8293342590332,2315900,0.0,0.0,0.000917033310617999,12.73176193237304,1.0,1.112335205078125,0.0,0.0,2.0,1.0,0.0
2024-08-16,58.60878696973776,58.695089323508185,58.378649798326215,58.484130859375,3448700,0.0,0.0,0.0013575781271926931,12.386558532714837,-1.0,-0.3452033996582031,0.0,0.0,0.09631163659756874,0.5,0.5
2024-08-19,58.55125627527522,59.05947923063481,58.52248638450607,58.92523193359375,1632800,0.0,0.0,0.0006475982511604148,12.827659606933587,1.0,0.44110107421875,0.14384262128955783,0.00012574198832016232,1.6327740995425282,0.8164499207654242,0.18355007923457578
2024-08-20,58.68549841653913,58.98275921731025,58.666319710366125,58.838924407958984,1016500,0.0,0.0,0.0004025719238150396,12.741352081298821,1.0,0.3547935485839844,0.0,0.0,1.0563341012235132,0.5281670506117566,0.4718329493882434
2024-08-21,59.04029554948477,59.36632623967732,58.83892462088577,59.26084518432617,1545600,0.0,0.0,0.0006165046053459953,13.163272857666009,1.0,0.7767143249511719,0.0,0.0,2.0,1.0,0.0
2024-08-22,60.31565152707208,60.59373362012786,59.89372730953448,59.951263427734375,4462800,0.0,0.0,0.0018008483376935444,13.853691101074212,1.0,1.467132568359375,0.0,0.0,2.0,1.0,0.0
2024-08-23,60.31565999810936,61.006075223652765,60.210178928910665,60.98689651489258,2898700,0.0,0.0,0.001189901957895718,14.889324188232415,1.0,2.502765655517578,0.0,0.0,2.0,1.0,0.0
2024-08-26,60.76634360437593,61.14031926030655,60.76634360437593,61.015663146972656,1850000,0.0,0.0,0.0007597740201071841,14.918090820312493,1.0,2.5315322875976562,0.0,0.0,2.0,1.0,0.0
2024-08-27,61.37045789702496,61.61018624818521,61.22661942314306,61.456756591796875,2353200,0.0,0.0,0.0009734190721563367,15.359184265136712,1.0,2.972625732421875,0.0,0.0,2.0,1.0,0.0
2024-08-28,61.39922494117587,61.74443435668945,61.33210129459984,61.74443435668945,3579400,0.0,0.0,0.0014875768977778512,15.64686203002929,1.0,3.260303497314453,0.0,0.0,2.0,1.0,0.0
2024-08-29,61.63895436225191,62.49238673317225,61.63895436225191,62.386905670166016,4439400,0.0,0.0,0.0018641853824416586,16.289333343505852,1.0,3.9027748107910156,0.0,0.0,2.0,1.0,0.0
2024-08-30,62.12799835205078,62.25265445688172,61.69648294438347,62.12799835205078,3097400,0.0,0.0,0.0012952572463823062,16.030426025390618,1.0,3.6438674926757812,0.0,0.0,2.0,1.0,0.0
2024-09-03,62.137589304032275,62.35813528221826,62.03210824805518,62.19512176513672,2599700,0.0,0.0,0.0010883057695354492,16.097549438476555,1.0,3.7109909057617188,0.0,0.0,2.0,1.0,0.0
2024-09-04,62.22388770761293,62.59786333491726,62.22388770761293,62.42525863647461,1782400,0.0,0.0,0.0007489225352681608,16.327686309814446,1.0,3.9411277770996094,0.0,0.0,2.0,1.0,0.0
2024-09-05,62.63622237612883,63.01978919552254,62.5882737802314,62.770469665527344,2375600,0.0,0.0,0.001003691092064621,16.67289733886718,1.0,4.286338806152344,0.0,0.0,2.0,1.0,0.0
2024-09-06,62.76088300652149,62.95267008800529,62.55951205791033,62.5691032409668,2462800,0.0,0.0,0.0010371950858642817,16.471530914306634,-1.0,-0.20136642456054688,0.0,0.0,0.0022069938628123376,0.5,0.5
2024-09-09,62.77046642747332,63.1540332270805,62.674576556553575,62.89512252807617,2533100,0.0,0.0,0.0010723601761790972,16.79755020141601,1.0,0.326019287109375,0.13424403155795517,6.387017072641526e-05,2.0,1.0,0.0
2024-09-10,62.82799534500776,62.90471016379016,62.40607847356016,62.664981842041016,3344700,0.0,0.0,0.001410761058642242,16.567409515380852,-1.0,-0.23014068603515625,0.15343358435017507,8.576925676502924e-05,0.49831070823969714,0.0001720904152370099,0.999827909584763
2024-09-11,62.47320409351022,62.52114536982472,61.84031779236339,62.22388458251953,2245000,0.0,0.0,0.0009402532441329539,16.126312255859368,-1.0,-0.6712379455566406,0.0,0.0,2.0,0.5,0.5
2024-09-12,62.03210967861591,62.26224684426944,61.706075321005535,62.214298248291016,1769500,0.0,0.0,0.0007409896617191309,16.116725921630852,-1.0,-0.6808242797851562,0.0,0.0,2.0,0.5,0.5
2024-09-13,62.3006069727585,62.559510380909956,62.243074507820154,62.386905670166016,2074900,0.0,0.0,0.0008712885187250974,16.289333343505852,1.0,0.172607421875,0.038365011085232936,5.54707495751843e-06,0.0642760028060626,0.03214077494051006,0.96785922505949
2024-09-16,62.84718847537363,62.923903307299696,62.66499257853148,62.866363525390625,1353000,0.0,0.0,0.0005725158454193706,16.76879119873046,1.0,0.6520652770996094,0.0,0.0,0.9173014459721375,0.45865072298606874,0.5413492770139312
2024-09-17,62.204713579490814,62.473208155278186,62.03210887849487,62.15676498413086,2039500,0.0,0.0,0.0008532641275657339,16.059192657470696,-1.0,-0.7095985412597656,0.21096562932528684,0.0001725742499419207,1.1842496890028247,0.0001457033148532533,0.9998542966851467
2024-09-18,62.24307198477722,62.29101326497288,61.667718095000296,61.72525787353515,1533000,0.0,0.0,0.0006369076169956634,15.627685546874986,-1.0,-1.1411056518554759,0.0,0.0,2.0,0.5,0.5
2024-09-19,61.897860421095,61.95539288169712,61.55265102562552,61.67730712890625,1782900,0.0,0.0,0.0007401568517171785,15.579734802246087,-1.0,-1.189056396484375,0.0,0.0,2.0,0.5,0.5
2024-09-20,61.763614654541016,61.80196475193325,61.53347017461641,61.763614654541016,1216900,0.0,0.0,0.0005058933501911426,15.666042327880852,-1.0,-1.1027488708496094,0.0,0.0,2.0,0.5,0.5
2024-09-23,62.051286470119294,62.43485330093313,61.94580540874728,62.23348236083984,1439600,0.0,0.0,0.0006030277753784171,16.135910034179673,1.0,0.469867706298821,0.47946041923600546,0.0008829143876582123,0.181550709730892,0.0912168120592751,0.9087831879407249
2024-09-24,61.96498309025634,62.33895871015143,61.77319603138177,62.10881423950195,1592400,0.0,0.0,0.0006656972789739286,16.01124191284179,-1.0,-0.12466812133788352,0.0,0.0,0.07039788886952116,0.5,0.5
2024-09-25,62.70334886831853,62.80882993134013,62.58827662249617,62.61705017089844,1240100,0.0,0.0,0.0005226617124109823,16.519477844238274,1.0,0.5082359313964844,0.37397663040700024,0.0005125028641772833,2.0,1.0,0.0
2024-09-26,62.060881303798794,62.62663674268765,61.8786854023597,62.559513092041016,1333900,0.0,0.0,0.0005616787679585557,16.461940765380852,-1.0,-0.057537078857421875,0.0,0.0,0.012816365577851756,0.5,0.5
2024-09-27,62.86636574779533,63.163633903035375,62.6937610278244,62.75130081176758,1392400,0.0,0.0,0.0005881094021776563,16.653728485107415,1.0,0.1917877197265625,0.35480397169524736,0.0004538935232793871,2.0,1.0,0.0
2024-09-30,62.77047234069359,62.79923857308658,61.964988569974224,62.291015625,1876500,0.0,0.0,0.0007867655868226551,16.193443298339837,-1.0,-0.4602851867675781,0.0,0.0,2.0,0.5,0.5
2024-10-01,62.032109973159216,62.09923361829057,61.73484184535296,61.984161376953125,4307900,0.0,0.0,0.0017972881797058819,15.886589050292962,-1.0,-0.7671394348144531,0.0,0.0,2.0,0.5,0.5
2024-10-02,61.67730822252376,61.782789279450206,61.427988695613195,61.50470352172851,2381300,0.0,0.0,0.000985811355091079,15.407131195068345,-1.0,-1.2465972900390696,0.0,0.0,2.0,0.5,0.5
2024-10-03,60.83346786076081,60.87182527661531,60.21976383894683,60.32524490356445,1648700,0.0,0.0,0.0006694406906778598,14.22767257690429,-1.0,-2.426055908203125,0.0,0.0,2.0,0.5,0.5
2024-10-04,59.692358628406296,60.30606261376944,59.61564380125375,60.25811767578125,1320200,0.0,0.0,0.0005354595449234652,14.160545349121087,-1.0,-2.493183135986328,0.0,0.0,2.0,0.5,0.5
2024-10-07,60.08551267545955,60.12387008884609,59.64441339540707,59.67317962646485,1266600,0.0,0.0,0.0005087331500755165,13.575607299804688,-1.0,-3.0781211853027273,0.0,0.0,2.0,0.5,0.5
2024-10-08,60.1046898627731,60.33482702134622,59.86496152211365,60.306060791015625,1106300,0.0,0.0,0.00044906090627783873,14.208488464355462,1.0,0.6328811645507741,0.028764407576780116,4.098407236253663e-06,0.04227395817290037,0.02113902829006831,0.9788609717099317
2024-10-09,60.06633522039521,60.39236592504596,60.02797780620939,60.31565475463867,1089800,0.0,0.0,0.0004424337260566992,14.218082427978509,1.0,0.642475128173821,0.0,0.0,0.04356535040244556,0.02178267520122278,0.9782173247987772
2024-10-10,60.08551277089406,60.162227597789006,59.740303365795384,59.83619689941406,985600,0.0,0.0,0.0003969502249441607,13.7386245727539,-1.0,-0.4794578552246094,0.12465815631826871,8.232938796536409e-05,0.5569141303768559,0.00014780953545041515,0.9998521904645495
2024-10-11,60.22935326791561,60.382779268901096,60.152638438440675,60.210174560546875,997100,0.0,0.0,0.0004040917440516585,14.112602233886712,1.0,0.3739776611328125,0.0,0.0,0.608401737651117,0.3042008688255585,0.6957991311744415
2024-10-14,60.15263909029285,60.55538463347189,60.06633673518051,60.49784851074219,730700,0.0,0.0,0.0002975434623686121,14.400276184082024,1.0,0.661651611328125,0.0,0.0,1.9043986824415304,0.9521993412207652,0.047800658779234784
2024-10-15,60.91976616605172,61.28415427650725,60.65127158885516,60.7183952331543,1422300,0.0,0.0,0.0005812766395078614,14.620822906494134,1.0,0.8821983337402344,0.0,0.0,2.0,1.0,0.0
2024-10-16,60.66085957621085,60.75675311020175,60.38277747254798,60.58414840698242,1296300,0.0,0.0,0.0005286106438731221,14.486576080322259,-1.0,-0.134246826171875,0.0,0.0,0.023156642328581365,0.5,0.5
2024-10-17,60.58414773966257,60.72798621008242,60.28688327451152,60.29647445678711,1939300,0.0,0.0,0.000787060816990623,14.198902130126946,-1.0,-0.4219207763671875,0.0,0.0,0.2287332795278476,0.5,0.5
2024-10-18,60.02797599283242,60.42113033144943,59.84578376790013,60.36359786987305,1184700,0.0,0.0,0.0004813432441228394,14.266025543212884,-1.0,-0.35479736328125,0.0,0.0,0.16174404535804898,0.5,0.5
2024-10-21,60.06633373614526,60.21017220680562,59.634821982128415,59.74030303955078,941200,0.0,0.0,0.0003784606358920268,13.642730712890618,-1.0,-0.9780921936035156,0.0,0.0,1.22921292763602,0.5,0.5
2024-10-22,59.23207769323183,59.4718060292132,59.136184164060815,59.33755874633789,1828500,0.0,0.0,0.0007302911106909762,13.239986419677727,-1.0,-1.3808364868164062,0.0,0.0,2.0,0.5,0.5
2024-10-23,57.75535182921651,58.15809734670959,57.69781571015629,58.14850616455078,2642100,0.0,0.0,0.0010340920234927107,12.050933837890618,-1.0,-2.5698890686035156,0.0,0.0,2.0,0.5,0.5
2024-10-24,59.76907292846141,59.85537162130052,59.41427234295631,59.74030303955078,2631000,0.0,0.0,0.001057936605431282,13.642730712890618,1.0,1.591796875,0.3835655920873222,0.0007904541239000807,0.38366001675082134,0.19222523543736073,0.8077747645626393
2024-10-25,59.43345074785174,59.519753098216974,59.10742005291241,59.155364990234375,1512200,0.0,0.0,0.0006021084844441091,13.057792663574212,-1.0,-0.5849380493164062,0.0,0.0,0.13503440943366946,0.5,0.5
2024-10-28,59.72112419806623,60.03756736961873,59.682770442879104,59.97044372558594,1681500,0.0,0.0,0.0006787432268731511,13.872871398925774,1.0,0.8150787353515625,0.1821957483182075,0.0001724819905251686,1.9416877065111973,0.9709300942508612,0.029069905749138814
2024-10-29,59.69235547907245,59.90331758464741,59.46221466772122,59.730712890625,2270300,0.0,0.0,0.0009127510100539354,13.633140563964837,-1.0,-0.2397308349609375,0.0,0.0,0.08650648586173708,0.5,0.5
2024-10-30,59.06906509399414,59.35674204580646,59.040298861998664,59.06906509399414,1543700,0.0,0.0,0.0006137540575768095,12.971492767333977,-1.0,-0.9013786315917969,0.0,0.0,1.2229688370239467,0.5,0.5
2024-10-31,58.41700482222826,58.60878824120806,58.25399129377234,58.40741729736328,2896000,0.0,0.0,0.0011385128459985123,12.309844970703118,-1.0,-1.5630264282226562,0.0,0.0,2.0,0.5,0.5
2024-11-01,59.2320793755684,59.299203018912536,58.77180139636685,58.800567626953125,1789200,0.0,0.0,0.0007081280258733971,12.702995300292962,1.0,0.39315032958984375,0.0,0.0,0.06326807861413129,0.031634039307065646,0.9683659606929343
2024-11-04,59.18413563653981,59.337561632712465,58.781390110358906,58.79098129272461,1411000,0.0,0.0,0.0005583533136167734,12.693408966064446,1.0,0.3835639953613281,0.0,0.0,0.06022031528716819,0.030110157643584094,0.969889842356416
2024-11-05,58.84851260242425,59.19372200154235,58.70467779143452,59.1265983581543,1169000,0.0,0.0,0.00046523114419648074,13.029026031494134,-1.0,0.3356170654296875,0.06712360493232694,2.6541572002554994e-05,0.046105785854535536,0.023066163713269045,0.9769338362867309
2024-11-06,57.5731645169666,57.601930749968446,56.63342977327287,56.83480072021485,2201100,0.0,0.0,0.000842025977706259,10.737228393554688,-1.0,-1.9561805725097585,2.147960337086033,0.040019175155000065,2.0,0.019617058330816634,0.9803829416691834
2024-11-07,57.09370399220439,57.34301986354855,56.978631751924674,57.16082763671875,1642500,0.0,0.0,0.0006319391497872824,11.063255310058587,-1.0,-1.6301536560058594,0.0,0.0,2.0,0.5,0.5
2024-11-08,56.73164228269494,57.04096429056899,56.58664966567165,57.03129959106445,3283700,0.476,0.0,0.0012605152842036017,10.93372726440429,-1.0,-1.7596817016601562,0.0,0.0,2.0,0.5,0.5
2024-11-11,56.54798224917776,56.70264324971333,56.21932716211352,56.286991119384766,3118900,0.0,0.0,0.0011816282324016137,10.189418792724602,-1.0,-2.5039901733398438,0.0,0.0,2.0,0.5,0.5
2024-11-12,55.68767969091756,55.80367451839983,55.494352520174395,55.64901351928711,2919300,0.0,0.0,0.001093471762193291,9.551441192626946,-1.0,-3.1419677734375,0.0,0.0,2.0,0.5,0.5
2024-11-13,55.42668874767468,55.62001591906016,55.06903587742746,55.465354919433594,1733800,0.0,0.0,0.0006472799728143395,9.36778259277343,-1.0,-3.3256263732910156,0.0,0.0,2.0,0.5,0.5
2024-11-14,55.53301867599554,55.72634584668367,55.455686332756656,55.48468780517578,2050100,0.0,0.0,0.000765631101976213,9.387115478515618,1.0,0.0193328857421875,0.0,0.0,3.379453361581728e-05,1.689726680790864e-05,0.9999831027331921
2024-11-18,55.36868773826139,56.093661842463106,55.36868773826139,55.96800231933594,3623900,0.0,0.0,0.0013651720425221692,9.870429992675774,1.0,0.48331451416015625,0.0,0.0,0.021120916693254246,0.010560458346627123,0.9894395416533729
2024-11-19,55.59101687598649,56.03567049582816,55.56201908960458,55.92934036254883,2002900,0.0,0.0,0.0007539982514725628,9.831768035888665,1.0,0.4446525573730469,0.0,0.0,0.0178770015460116,0.0089385007730058,0.9910614992269942
2024-11-20,55.58134595115451,55.71667385565886,55.07869681484631,55.629676818847656,2853900,0.0,0.0,0.0010686036747785661,9.532104492187493,-1.0,-0.2996635437011719,0.2899909234150826,0.0009255315350741106,0.45417814594945916,0.002033671844160312,0.9979663281558397
2024-11-21,55.31069314009443,55.73600996121953,55.26235858237261,55.70701217651367,2930200,0.0,0.0,0.0010986984323135742,9.609439849853509,1.0,0.07733535766601562,0.0,0.0,0.06660216930447382,0.03330108465223691,0.9666989153477631
2024-11-22,56.32565704814404,56.90563487579568,56.29665926298418,56.65431213378906,3004000,0.0,0.0,0.0011455242153802663,10.5567398071289,1.0,1.0246353149414062,0.0,0.0,2.0,1.0,0.0
2024-11-25,56.98297106020085,57.176298244918414,56.72197991394355,56.818641662597656,2773100,0.0,0.0,0.0010605417082377583,10.721069335937493,1.0,1.18896484375,0.0,0.0,2.0,1.0,0.0
2024-11-26,57.301954291989766,57.301954291989766,56.88630216074631,57.127960205078125,2118700,0.0,0.0,0.0008146846978640651,11.030387878417962,1.0,1.4982833862304688,0.0,0.0,2.0,1.0,0.0
2024-11-27,57.74660873413086,58.0172645677399,57.698274174635664,57.74660873413086,1781200,0.0,0.0,0.0006923258475982601,11.649036407470696,1.0,2.116931915283203,0.0,0.0,2.0,1.0,0.0
2024-11-29,57.70794143398409,57.901268605960055,57.54361204721133,57.84326934814453,1233400,0.0,0.0,0.0004802066286967619,11.745697021484368,-1.0,0.09666061401367188,0.0,0.0,0.10404741074523062,0.05202370537261531,0.9479762946273846
2024-12-02,57.95926532033783,57.98826679352256,57.5339484835233,57.91093444824219,2203400,0.0,0.0,0.0008588657669653211,11.813362121582024,-1.0,0.16432571411132812,0.16432569111236717,0.00019349239547434603,0.3007067899275323,0.15045014116150332,0.8495498588384967
2024-12-03,57.88193285475175,57.91093063861971,57.340617535626635,57.39861679077149,1757000,0.0,0.0,0.0006788042663089758,11.301044464111328,-1.0,-0.3479919433593679,0.2029945115846985,0.00032264981806261856,2.0,0.00016129888750295601,0.9998387011124971
2024-12-04,56.94430043895954,57.41795182015936,56.88630118185067,57.38895034790039,1643800,0.0,0.0,0.0006349633119545198,11.291378021240227,-1.0,-0.35765838623046875,0.0,0.0,2.0,0.5,0.5
2024-12-05,57.50495074797831,57.69827423652977,57.40828531629341,57.56294631958008,1231000,0.0,0.0,0.00047694954935180136,11.465373992919915,1.0,0.1739959716796875,0.0,0.0,0.23666910153396642,0.11833455076698321,0.8816654492330168
2024-12-06,57.64993934791719,57.72727168787737,56.934633640330176,57.06996154785156,1757800,0.0,0.0,0.0006752248468316629,10.9723892211914,1.0,-0.3189888000488281,0.0,0.0,2.0,0.5,0.5
2024-12-09,56.63498226334764,57.09896528929355,56.49965434170624,56.87664031982422,3356700,0.0,0.0,0.0012850435271704564,10.779067993164055,-1.0,-0.19332122802734375,0.0,0.0,1.2344704629124545,0.5,0.5
2024-12-10,56.605976332525486,56.87663213686848,56.42231387608521,56.75096893310547,3382100,0.0,0.0,0.0012919065502075828,10.653396606445305,-1.0,-0.31899261474609375,0.0,0.0,2.0,0.5,0.5
2024-12-11,56.97330267288984,57.26329529367084,56.76064608836894,56.818641662597656,2400200,0.0,0.0,0.0009179301893592973,10.721069335937493,1.0,0.0676727294921875,0.16433000437729106,0.00023494030282752464,0.04500555587391891,0.022620248088373218,0.9773797519116267
2024-12-12,56.605976332525486,57.23428497652297,56.576974862482466,56.75096893310547,2295200,0.0,0.0,0.0008767286342912522,10.653396606445305,-1.0,-0.0676727294921875,0.0,0.0,1.0,0.5,0.5
2024-12-13,57.0023012649155,57.0023012649155,56.654313087502864,56.905635833740234,1291300,0.0,0.0,0.000494599651778076,10.808063507080071,-1.0,0.08699417114257812,0.0,0.0,1.6525435833135267,0.8262717916567633,0.17372820834323666
2024-12-16,56.99262997386506,57.90126654356448,56.97329688861518,57.34061813354492,3580700,0.0,0.0,0.001381979756802015,11.243045806884759,1.0,0.4349822998046875,0.0,0.0,2.0,1.0,0.0
2024-12-17,57.00230235206082,57.533949327732266,56.97330087845055,57.3212890625,2216800,0.0,0.0,0.0008552908701166042,11.223716735839837,1.0,0.4156532287597656,0.0,0.0,2.0,1.0,0.0
2024-12-18,56.74131387457852,56.93464106227198,55.90034484863281,55.90034484863281,3107300,0.0,0.0,0.0011691468046475615,9.80277252197265,-1.0,-1.4209442138671875,1.0729520399823684,0.01198016418940674,2.0,0.005954414662051774,0.9940455853379482
2024-12-19,55.77467310933594,55.90033631526521,55.4073518775321,55.629676818847656,2268900,0.0,0.0,0.0008495584560443915,9.532104492187493,-1.0,-1.6916122436523438,0.0,0.0,2.0,0.5,0.5
2024-12-20,55.059369811432944,55.74567779573934,54.97237276501317,55.2526969909668,7528300,0.0,0.0,0.0027997662488666525,9.155124664306634,-1.0,-2.068592071533203,0.0,0.0,2.0,0.5,0.5
2024-12-23,55.35902484848121,55.417024106180016,55.0303697630062,55.28169250488281,2092700,0.0,0.0,0.0007786811833446435,9.18412017822265,-1.0,-2.0395965576171875,0.0,0.0,2.0,0.5,0.5
2024-12-24,55.17536606354866,55.349356461826865,55.127031505095104,55.28169250488281,947400,0.0,0.0,0.0003525218870840136,9.18412017822265,-1.0,-2.0395965576171875,0.0,0.0,2.0,0.5,0.5
2024-12-26,55.098032148108935,55.687678345293435,55.098032148108935,55.60068130493164,1868900,0.0,0.0,0.0006994192034300698,9.503108978271477,-1.0,-1.7206077575683594,0.27065423911341924,0.0008111445376801786,2.0,0.0004054078466599138,0.9995945921533401
2024-12-27,55.349355479549125,55.7263451167873,55.349355479549125,55.54268264770508,1809300,0.0,0.0,0.0006764081161119181,9.445110321044915,1.0,-0.0579986572265625,0.3769886549604351,0.0015930979975148619,0.01947034115193038,0.07563332778715864,0.9243666722128414
2024-12-30,55.26235831059319,55.30102448161687,54.75004445046103,54.86603927612305,2063700,0.0,0.0,0.0007621168244050065,8.768466949462884,-1.0,-0.6766433715820312,0.0,0.0,2.0,0.5,0.5
2024-12-31,54.9627054323298,55.28169212898144,54.5663863926056,54.80804443359375,1553900,0.0,0.0,0.0005732429842560227,8.710472106933587,-1.0,-0.7346382141113281,0.0,0.0,2.0,0.5,0.5
2025-01-02,54.99170515741746,55.14636616161004,54.614719190161104,54.63405227661133,1911600,0.0,0.0,0.0007029619379592668,8.536479949951165,-1.0,-0.90863037109375,0.0,0.0,2.0,0.5,0.5
2025-01-03,55.127035037107504,55.13670342438132,54.576054959599205,54.624385833740234,2345900,0.0,0.0,0.0008625165503285728,8.526813507080071,-1.0,-0.9182968139648438,0.0,0.0,2.0,0.5,0.5
2025-01-06,53.70608848590125,53.986409032569235,53.454762039001096,53.58042526245117,2129000,0.0,0.0,0.0007678089896770439,7.4828529357910085,-1.0,-1.9622573852539062,0.0,0.0,2.0,0.5,0.5
2025-01-07,54.17007071613843,54.547056693500416,53.96707883408341,53.98640823364258,2260700,0.0,0.0,0.0008214833087395469,7.888835906982415,1.0,0.40598297119140625,0.0,0.0,0.04280590572671092,0.02140295286335546,0.9785970471366445
2025-01-08,53.725415812065016,54.276395833804976,53.445091608047434,54.266727447509766,1976600,0.0,0.0,0.0007219777244083048,8.169155120849602,-1.0,0.2803192138671875,0.009670430953661935,1.401320164227314e-06,0.020407687177849982,0.010204544249007104,0.9897954557509929
2025-01-10,53.773748055983184,53.90907596830389,53.24210110583369,53.29043197631836,2718400,0.0,0.0,0.0009750659192997385,7.192859649658196,-1.0,-0.6959762573242188,0.7249777282497192,0.010158887653453757,2.0,0.005053773468281738,0.9949462265317183
2025-01-13,53.04877493342857,53.3194307631564,52.93277641719454,53.19376754760742,1850800,0.0,0.0,0.0006626613133511425,7.0961952209472585,-1.0,-0.7926406860351562,0.0,0.0,2.0,0.5,0.5
2025-01-14,52.894115247220704,53.02944316544822,52.78778511506788,52.913448333740234,2557500,0.0,0.0,0.0009108630449492307,6.815876007080071,-1.0,-1.0729598999023438,0.0,0.0,2.0,0.5,0.5
2025-01-15,53.23243908394777,53.30010304819826,52.778120734772045,52.89411926269531,2640300,0.0,0.0,0.0009400090628907592,6.796546936035149,-1.0,-1.0922889709472656,0.0,0.0,2.0,0.5,0.5
2025-01-16,52.9907731865028,53.7157472855747,52.93277393110983,53.590084075927734,1801100,0.0,0.0,0.0006496712369561427,7.492511749267571,1.0,0.6959648132324219,0.6863041201264792,0.008390316564216472,0.40597516682659435,0.2071827416954054,0.7928172583045946
2025-01-17,54.15073398629556,54.40205672515992,53.744746562088146,53.8027458190918,3801400,0.0,0.0,0.0013766368345401224,7.7051734924316335,1.0,0.9086265563964844,0.0,0.0,0.6919835246342182,0.3459917623171091,0.6540082376828908
2025-01-21,54.89504109279907,55.19469470159165,54.71137862298784,55.01103591918945,3018300,0.0,0.0,0.0011175928173406235,8.91346359252929,1.0,2.1169166564941406,0.0,0.0,2.0,1.0,0.0
2025-01-22,54.75971094475738,54.76937564347484,54.12173389454741,54.17972946166992,2129800,0.0,0.0,0.0007766887770693145,8.082157135009759,-1.0,-0.8313064575195312,0.0,0.0,0.15421079923099607,0.5,0.5
2025-01-23,54.70172025560303,54.85638127116191,54.41173131235632,54.779048919677734,2170600,0.0,0.0,0.0008003236695596595,8.681476593017571,1.0,0.5993194580078125,0.0,0.0,0.5197499401945859,0.25987497009729293,0.7401250299027071
2025-01-24,54.76937657013016,54.91437286520747,54.57604940583006,54.614715576171875,2940000,0.0,0.0,0.0010807578075660638,8.517143249511712,1.0,0.4349861145019531,0.0,0.0,0.2737968701957213,0.13689843509786065,0.8631015649021394
2025-01-27,55.73600841007758,56.30632151367815,55.562014331866635,56.19032669067383,2920600,0.0,0.0,0.0011045999339418667,10.092754364013665,1.0,2.0105972290039062,0.0,0.0,2.0,1.0,0.0
2025-01-28,56.27732881063712,56.29666189745144,55.475022301184744,55.56201934814453,2911800,0.0,0.0,0.0010889575191627163,9.464447021484368,-1.0,-0.6283073425292969,0.0,0.0,0.09765491596859077,0.5,0.5
2025-01-29,55.61034678609342,55.707012214193405,55.21402774940612,55.35902404785156,3445700,0.0,0.0,0.00128391792737324,9.2614517211914,-1.0,-0.8313026428222656,0.0,0.0,0.17094962915770656,0.5,0.5
2025-01-30,56.161332844650936,56.518989435872435,55.86167920392033,56.35466003417969,3443300,0.0,0.0,0.0013060989241500507,10.257087707519524,1.0,0.995635986328125,0.2223275384209913,0.00046982744317417376,1.4344415232614611,0.7174556753523177,0.2825443246476823
2025-01-31,55.745675446162984,56.064665832060385,55.455686532789315,55.465354919433594,1763100,0.0,0.0,0.0006582185488920071,9.36778259277343,-1.0,-0.8893051147460938,0.0,0.0,0.7978117155649507,0.5,0.5
2025-02-03,55.03036873253908,55.89067075821175,55.03036873253908,55.72634506225586,1860600,0.0,0.0,0.0006978867474990194,9.628772735595696,-1.0,-0.6283149719238281,0.0,0.0,0.39824803923900115,0.5,0.5
2025-02-04,55.687683168393015,55.72634934243801,55.33003027700005,55.33969497680664,1568500,0.0,0.0,0.0005842418449008509,9.242122650146477,-1.0,-1.0149650573730469,0.0,0.0,1.0392044815695602,0.5,0.5
2025-02-05,56.161327704399035,56.364323262899944,55.83267261850365,56.30632400512695,1723100,0.0,0.0,0.0006530388706792981,10.20875167846679,1.0,0.9666290283203125,0.47365250468819653,0.0021526548224458653,0.9070212968126774,0.45458697581756163,0.5454130241824384
2025-02-06,56.093661862897605,56.199991988204694,55.900338384967235,56.132328033447266,1546600,0.0,0.0,0.0005843357201491471,10.034755706787102,1.0,0.792633056640625,0.0,0.0,0.6098768933556992,0.3049384466778496,0.6950615533221505
2025-02-07,56.27732983135866,56.393324666939115,55.98733721129349,56.325660705566406,1637500,0.0,0.0,0.0006208103923045812,10.228088378906243,1.0,0.9859657287597656,0.0,0.0,0.9436728434905763,0.47183642174528817,0.5281635782547118
2025-02-10,56.58664613887848,56.625312309305144,56.25799106506975,56.31598663330078,2560400,0.0,0.0,0.0009705343046972475,10.218414306640618,1.0,0.9762916564941406,0.0,0.0,0.92524548359935,0.462622741799675,0.537377258200325
2025-02-11,56.625312843895934,56.96363261980087,56.45131876274225,56.95396423339844,2743900,0.0,0.0,0.0010518737393163124,10.856391906738274,1.0,1.6142692565917969,0.0,0.0,2.0,1.0,0.0
2025-02-12,56.8186378051777,57.321286976354735,56.66397680538547,57.1666259765625,2273300,0.0,0.0,0.0008747232847817407,11.069053649902337,1.0,1.8269309997558594,0.0,0.0,2.0,1.0,0.0
2025-02-13,53.48375967901141,54.47938963307858,53.290432507735794,54.092735290527344,9925300,0.0,0.0,0.0036137155149944013,7.99516296386718,-1.0,-3.0738906860351562,3.160886255006453,0.15630148179306907,2.0,0.07248591308442492,0.9275140869155751
2025-02-14,53.83174231861893,53.91873935834276,53.04877264851345,53.05843734741211,2502300,0.0,0.0,0.0008936453626829132,6.960865020751946,-1.0,-4.108188629150391,0.0,0.0,2.0,0.5,0.5
2025-02-18,52.71045072205722,53.12610284756291,52.50745885259883,53.08743667602539,3548300,0.0,0.0,0.0012678955049609045,6.989864349365227,-1.0,-4.079189300537109,0.0,0.0,2.0,0.5,0.5
2025-02-19,52.97144176932554,53.83174380399444,52.845778555721715,53.78341293334961,4614200,0.0,0.0,0.0016703833314949072,7.685840606689446,1.0,0.6959762573242188,0.0,0.0,0.029109927837512203,0.014554963918756101,0.9854450360812439
2025-02-20,52.99077596772768,53.72541849162731,52.99077596772768,53.68675231933594,2737400,0.0,0.0,0.0009891832887553545,7.589179992675774,1.0,0.5993156433105469,0.0,0.0,0.02158556933097783,0.010792784665488915,0.9892072153345111
2025-02-21,53.51275760478407,54.344061862268205,53.4354252611069,54.25706481933594,2742700,0.0,0.0,0.001001626894571097,8.159492492675774,1.0,1.1696281433105469,0.0,0.0,0.08221440150101526,0.04110720075050763,0.9588927992494923
2025-02-24,54.24739624806352,54.846710847294815,54.20873376376561,54.44072341918945,2485100,0.0,0.0,0.0009106240831888277,8.34315109252929,1.0,1.3532867431640625,0.0,0.0,0.11006061501062638,0.05503030750531319,0.9449696924946868
2025-02-25,53.58042214249356,54.28606319285446,53.406428054743294,54.03474044799805,2802000,0.0,0.0,0.00101909008350774,7.9371681213378835,-1.0,-0.40598297119140625,0.0289972063636057,1.3346923146888878e-05,0.08999864696243069,0.0001482793855656099,0.9998517206144344
2025-02-26,54.06373884689928,54.4407248121658,53.976741802037076,54.14106750488281,2622500,0.0,0.0,0.0009556826163521394,8.04349517822265,1.0,0.10632705688476562,0.0,0.0,0.06859176060501004,0.03429588030250502,0.9657041196974949
2025-02-27,54.49872301907319,54.78871193387905,54.353726717965706,54.58572006225586,2319000,0.0,0.0,0.0008520227031748451,8.488147735595696,1.0,0.5509796142578125,0.0,0.0,1.8418549518617144,0.9209274759308572,0.07907252406914278
2025-02-28,55.235838365984975,55.39179278108644,54.77773528517707,55.16761016845703,1930100,0.467,0.0,0.0007166966205506215,9.070037841796868,1.0,1.1328697204589844,0.0,0.0,2.0,1.0,0.0
2025-03-03,55.83040115598707,56.3469908568776,55.77192196890511,56.24951934814453,2247100,0.0,0.0,0.0008507708288591848,10.151947021484368,1.0,2.2147789001464844,0.0,0.0,2.0,1.0,0.0
2025-03-04,57.399659413793174,57.62383831558502,56.49319479628467,56.55167770385742,3161500,0.0,0.0,0.001203400131613974,10.454105377197259,1.0,2.516937255859375,0.0,0.0,2.0,1.0,0.0
2025-03-05,56.64914264271184,57.19497193140224,56.58091444639528,56.873321533203125,2126600,0.0,0.0,0.0008140775481508431,10.775749206542962,1.0,2.838581085205078,0.0,0.0,2.0,1.0,0.0
2025-03-06,56.75636171574391,57.09750642915069,56.70762781901665,56.775856018066406,1764500,0.0,0.0,0.0006743055411129752,10.678283691406243,1.0,2.7411155700683594,0.0,0.0,2.0,1.0,0.0
2025-03-07,57.555607402392695,58.1306762861936,57.44839060264302,57.73105239868164,2380200,0.0,0.0,0.0009248989795369476,11.633480072021477,1.0,3.6963119506835938,0.0,0.0,2.0,1.0,0.0
2025-03-10,59.09562835219033,59.70968216870045,58.45233122192391,58.76423263549805,3701700,0.0,0.0,0.0014641503082161197,12.666660308837884,1.0,4.7294921875,0.0,0.0,2.0,1.0,0.0
2025-03-11,58.540054701861486,58.5497999945038,57.47763933225564,57.82852935791016,2967000,0.0,0.0,0.0011548645999655313,11.73095703125,-1.0,-0.9357032775878835,0.0,0.0,0.039142384310462734,0.5,0.5
2025-03-12,57.76029263272341,58.0039658282546,57.53611373901367,57.53611373901367,2750000,0.0,0.0,0.0010649877026345667,11.438541412353509,-1.0,-1.228118896484375,0.0,0.0,0.0674297892941848,0.5,0.5
2025-03-13,57.097506337725775,57.233962735606795,56.69787871799138,57.146240234375,2152800,0.0,0.0,0.0008280617465470994,11.048667907714837,-1.0,-1.6179924011230469,0.0,0.0,0.11703720195670153,0.5,0.5
2025-03-14,57.00002995184521,57.350919926765634,56.93180175873931,57.22420883178711,1567900,0.0,0.0,0.0006039062607489277,11.126636505126946,1.0,0.07796859741210938,0.0,0.0,0.002322129780455595,0.0011610648902277976,0.9988389351097722
2025-03-17,57.95523029796563,58.45232568499549,57.8577625097657,58.20865249633789,2312400,0.0,0.0,0.0009059868233129582,12.111080169677727,1.0,1.0624122619628906,0.0,0.0,0.43115476859726737,0.21557738429863368,0.7844226157013663
2025-03-18,57.292437024893005,57.63358170858016,57.19496923992963,57.22420883178711,1887700,0.0,0.0,0.0007270832632283633,11.126636505126946,-1.0,-0.9844436645507812,0.0,0.0,0.8586092990808908,0.5,0.5
2025-03-19,57.22421326250016,57.47763547207899,57.06826256358932,57.428897857666016,1891200,0.0,0.0,0.0007310369281383511,11.331325531005852,-1.0,-0.779754638671875,0.0,0.0,0.538678677196923,0.5,0.5
2025-03-20,57.52636780906382,57.78953530349724,57.20471740981481,57.73105239868164,2840400,0.0,0.0,0.0011037236624975826,11.633480072021477,1.0,0.302154541015625,0.15595359491707939,0.0001797096837621658,0.15015587085656587,0.07516779027016401,0.924832209729836
2025-03-21,57.28269543053836,57.477634731203665,57.08775612987306,57.165733337402344,2248700,0.0,0.0,0.0008652441545529031,11.06816101074218,-1.0,-0.5653190612792969,0.0,0.0,2.0,0.5,0.5
2025-03-24,57.0780130558383,57.233963758798595,56.532183736398245,56.66864013671875,2254700,0.0,0.0,0.0008600088707545346,10.571067810058587,-1.0,-1.0624122619628906,0.0,0.0,2.0,0.5,0.5
2025-03-25,56.97079355907712,57.009782162514874,56.54192635757762,56.619903564453125,2219000,0.0,0.0,0.0008456639211231451,10.522331237792962,-1.0,-1.1111488342285156,0.0,0.0,2.0,0.5,0.5
2025-03-26,56.230030274480846,56.76611432696131,56.21053597092171,56.717376708984375,2286300,0.0,0.0,0.000872812036910515,10.619804382324212,-1.0,-1.0136756896972656,0.0,0.0,2.0,0.5,0.5
2025-03-27,56.71737432911642,57.26320365139427,56.70762903682488,57.18522644042969,3492400,0.0,0.0,0.0013442473829820825,11.087654113769524,1.0,0.4678497314453125,0.25342148887939686,0.0005224052555821235,0.21301721705607965,0.10676981115583088,0.8932301888441692
2025-03-28,57.67257063103953,57.89675324484077,57.48738033937537,57.68231964111328,3362400,0.0,0.0,0.0013054596976525723,11.584747314453118,1.0,0.9649429321289062,0.0,0.0,0.9061606444554319,0.45308032222771594,0.546919677772284
2025-03-31,58.08194591148162,58.43283592532619,57.78953880599716,58.0429573059082,2764700,0.0,0.0,0.001080112318692322,11.94538497924804,1.0,1.3255805969238281,0.0,0.0,1.7100712852194502,0.8550356426097251,0.1449643573902749
2025-04-01,58.306123611497185,58.33536320599403,57.86751110325463,58.06245040893555,1826000,0.0,0.0,0.000713620814074354,11.964878082275384,1.0,1.3450736999511719,0.0,0.0,1.7607354153022403,0.8803677076511202,0.11963229234887984
2025-04-02,58.48156824458926,58.69600185129664,58.14042725042568,58.34511184692383,2438300,0.0,0.0,0.0009575533727878424,12.247539520263665,1.0,1.6277351379394531,0.0,0.0,2.0,1.0,0.0
2025-04-03,60.772097886729966,61.44463833480436,60.58690758322907,60.967037200927734,6599600,0.0,0.0,0.002708220860930543,14.869464874267571,1.0,4.249660491943359,0.0,0.0,2.0,1.0,0.0
2025-04-04,60.46993863232028,60.81107960490545,58.384096758438936,58.403587341308594,5916400,0.0,0.0,0.0023257789048059083,12.30601501464843,-1.0,-2.5634498596191406,0.0,0.0,0.3638657545389264,0.5,0.5
2025-04-07,56.11306106554197,57.41914949334441,55.362547205267056,56.43471145629883,7527300,0.0,0.0,0.002859281464946206,10.337139129638665,-1.0,-4.532325744628906,0.0,0.0,1.137453785991637,0.5,0.5
2025-04-09,56.00584750738231,58.14042712326222,55.89863070426313,57.91624450683594,5222200,0.0,0.0,0.0020357538664121633,11.818672180175774,1.0,1.4815330505371094,0.0,0.0,0.10685145916831819,0.053425729584159094,0.9465742704158409
2025-04-10,57.86750960819942,58.67650640451881,57.37041792380597,58.39384460449219,3292600,0.0,0.0,0.0012941285507133448,12.296272277832024,1.0,1.9591331481933594,0.0,0.0,0.18684680431355657,0.09342340215677829,0.9065765978432218
2025-04-11,59.35879310749901,60.38221980559562,59.10537089690261,60.343231201171875,3906200,0.0,0.0,0.0015865523704282176,14.245658874511712,1.0,3.908519744873047,0.0,0.0,0.7436736421383926,0.3718368210691963,0.6281631789308038
2025-04-14,59.875376373331754,60.67462413679759,59.7973991680386,60.66487884521485,3318900,0.0,0.0,0.001355198388825589,14.567306518554688,1.0,4.230167388916023,0.0,0.0,0.8711097494856702,0.4355548747428351,0.564445125257165
2025-04-15,60.3529772623771,60.79158977233932,60.26525847854267,60.5771598815918,2274200,0.0,0.0,0.0009272758262405911,14.479587554931634,1.0,4.142448425292969,0.0,0.0,0.8353567548077013,0.41767837740385066,0.5823216225961494
2025-04-16,61.22045439069094,61.35691078396116,60.6941194010848,60.98652648925781,2881700,0.0,0.0,0.0011829163651522058,14.88895416259765,1.0,4.551815032958984,0.0,0.0,1.008618617468766,0.504309308734383,0.49569069126561704
2025-04-17,61.58109102719454,62.49730463324736,61.58109102719454,62.224388122558594,3154000,0.0,0.0,0.001320972263010165,16.12681579589843,1.0,5.789676666259766,0.0,0.0,1.6317979745624285,0.8158989872812142,0.18410101271878576
2025-04-21,62.17565110923302,62.5752712678846,61.844255427135685,62.058685302734375,3345400,0.0,0.0,0.0013974040527126987,15.961112976074212,1.0,5.623973846435547,0.0,0.0,1.5397292264489313,0.7698646132244656,0.23013538677553436
2025-04-22,63.510990860654026,63.99833729474874,63.189340429435575,63.77415466308594,4103500,0.0,0.0,0.0017614508251631528,17.676582336425774,1.0,7.339443206787109,0.0,0.0,2.0,1.0,0.0
2025-04-23,62.1951522329177,62.61426673862786,61.49337218957388,62.59477615356445,5486500,0.0,0.0,0.0023115582887103196,16.49720382690429,-1.0,-1.1793785095214844,0.35088323756180273,0.00045238121490865876,0.0258214241311384,0.017217955638722134,0.9827820443612779
2025-04-24,62.253631044922685,62.40958175158639,61.95147864222571,62.07818603515625,2374700,0.0,0.0,0.0009922455166337068,15.980613708496087,-1.0,-1.6959686279296875,0.0,0.0,0.053396083110600207,0.5,0.5
2025-04-25,61.17171946077921,61.27893626538246,60.77209555517673,61.03526306152344,2318600,0.0,0.0,0.0009525286061704023,14.937690734863274,-1.0,-2.7388916015625,0.0,0.0,0.1392590602630994,0.5,0.5
2025-04-28,61.36665542225816,61.61032861283399,61.045008744140134,61.58108901977539,1938900,0.0,0.0,0.0008036633260828305,15.483516693115227,1.0,0.5458259582519531,0.0,0.0,0.039715376423447926,0.019857688211723963,0.980142311788276
2025-04-29,61.122988400873,61.54210662841797,60.99628100605852,61.54210662841797,1956300,0.0,0.0,0.0008103622250663789,15.444534301757805,-1.0,-0.038982391357421875,0.0,0.0,0.005100685924627928,0.5,0.5
2025-04-30,62.06844161213121,62.263380927731056,61.561600878834874,61.94173049926758,2258300,0.0,0.0,0.0009415347289143249,15.844158172607415,1.0,0.3996238708496094,0.6530523148970673,0.0016988600662520574,2.0,1.0,0.0
2025-05-01,61.65906067765502,61.67855497850155,61.04500693269891,61.395896911621094,2337400,0.0,0.0,0.0009659257923907731,15.29832458496093,-1.0,-0.5458335876464844,0.0,0.0,1.8655962849235515,0.5,0.5
2025-05-02,62.00995602404747,62.1074275367171,61.629826420031016,61.89299392700195,1978200,0.0,0.0,0.0008241059763984158,15.79542160034179,1.0,0.4970970153808594,0.0,0.0,0.8293957366416231,0.41469786832081157,0.5853021316791884
2025-05-05,62.18539713403368,62.23413102823728,61.64931686147847,61.86375045776367,1303400,0.0,0.0,0.0005427318852777231,15.766178131103509,1.0,0.4678535461425781,0.0,0.0,0.7346818968768465,0.36734094843842324,0.6326590515615768
2025-05-06,62.5850236339361,62.5850236339361,62.185399735694965,62.28287124633789,1752000,0.0,0.0,0.0007344700689428231,16.185298919677727,1.0,0.8869743347167969,0.0,0.0,2.0,1.0,0.0
2025-05-07,62.25362854782814,62.75072024345512,62.04894395069691,62.48755645751953,2081200,0.0,0.0,0.0008753439497701312,16.389984130859368,1.0,1.0916595458984375,0.0,0.0,2.0,1.0,0.0
2025-05-08,61.43488563840228,61.6005853468848,60.92804493915858,60.99627685546875,2698900,0.0,0.0,0.0011080554527257563,14.898704528808587,-1.0,-1.4912796020507812,1.257354796536383,0.007122273898020634,1.8661378500896695,0.003802074152338833,0.9961979258476612
2025-05-09,61.0352627247849,61.230202030428224,60.83057812703051,60.91830062866211,2026000,0.0,0.0,0.0008307275160525368,14.820728302001946,-1.0,-1.5692558288574219,0.0,0.0,2.0,0.5,0.5
2025-05-12,59.719428215499285,60.07031821789526,59.504994609999976,59.88512420654297,2703800,0.0,0.0,0.001089845394578693,13.787551879882805,-1.0,-2.6024322509765625,0.0,0.0,2.0,0.5,0.5
2025-05-13,59.35879347302183,59.495249871187255,58.98840916503138,59.23208236694336,2691400,0.0,0.0,0.0010730170528562542,13.134510040283196,-1.0,-3.255474090576172,0.0,0.0,2.0,0.5,0.5
2025-05-14,59.35879418213035,59.38803377689854,58.97866085935383,59.066383361816406,1856300,0.0,0.0,0.0007380060454724008,12.968811035156243,-1.0,-3.421173095703125,0.0,0.0,2.0,0.5,0.5
2025-05-15,59.826643740463666,60.2944958276132,59.65119874301286,60.275001525878906,1995200,0.0,0.0,0.0008094593447783493,14.177429199218743,1.0,1.2086181640625,0.799245956425942,0.0031780880201112715,0.12480389448650675,0.06399099125330901,0.936009008746691
2025-05-16,60.30449277566942,60.74682477946197,60.2160263749109,60.69767761230469,1691200,0.52,0.0,0.0006909369515470213,14.600105285644524,1.0,1.6312942504882812,0.0,0.0,0.2273602378524862,0.1136801189262431,0.8863198810737569
2025-05-19,60.9434140214587,61.42506523374921,60.92375440568273,61.385746002197266,1876500,0.0,0.0,0.0007753315946350038,15.288173675537102,1.0,2.3193626403808594,0.0,0.0,0.45960761817698603,0.22980380908849302,0.7701961909115069
2025-05-20,61.70029084732879,62.24091714404642,61.69045916483693,62.211429595947266,1984600,0.0,0.0,0.000831025869404068,16.113857269287102,1.0,3.1450462341308594,0.0,0.0,0.8450919646538628,0.4225459823269314,0.5774540176730686
2025-05-21,62.329381433235696,62.64392776796545,62.2507467243973,62.3785285949707,1471800,0.0,0.0,0.0006179527934518444,16.28095626831054,1.0,3.312145233154297,0.0,0.0,0.9372784837139978,0.4686392418569989,0.5313607581430011
2025-05-22,61.9656913580064,62.41785127043396,61.76909895052406,62.2310905456543,1849700,0.0,0.0,0.0007747830003044804,16.133518218994134,-1.0,-0.14743804931640625,0.0,0.0,0.0019815288922710216,0.5,0.5
2025-05-23,62.25074886687561,62.693077087402344,61.84773237758895,62.693077087402344,1460800,0.0,0.0,0.0006164270972766682,16.59550476074218,1.0,0.4619865417480469,0.049149319436892824,8.771100449800738e-06,2.0,1.0,0.0
2025-05-27,62.67341868338273,62.98796878470572,62.51614550756538,62.65376281738281,1836600,0.0,0.0,0.0007745208503688307,16.55619049072265,1.0,0.4226722717285156,0.0,0.0,2.0,1.0,0.0
2025-05-28,61.995180110198305,62.339214017704606,61.93620126190221,62.22126007080078,2032000,0.0,0.0,0.0008510084659309326,16.123687744140618,-1.0,-0.43250274658203125,0.0,0.0,1.0470567561788708,0.5,0.5
2025-05-29,62.152450231108205,62.49648787137461,62.044324222729855,62.48665618896485,2144500,0.0,0.0,0.0009019546682251064,16.389083862304688,1.0,0.2653961181640696,0.0,0.0,0.3765402383073637,0.18827011915368186,0.8117298808463181
2025-05-30,62.496488621427744,62.8208629007676,62.42767809279808,62.75205612182617,2356400,0.0,0.0,0.000995287040947112,16.65448379516601,1.0,0.5307960510253906,0.0,0.0,1.5061826022600973,0.7530913011300486,0.24690869886995137
2025-06-02,62.38836651458636,62.50632046448078,61.9755220654232,62.32938766479492,2728100,0.0,0.0,0.0011445229902521893,16.23181533813476,-1.0,-0.42266845703125,0.0688021573066564,1.7966766560731863e-05,0.6340803730976962,2.8334353571368845e-05,0.9999716656464286
2025-06-03,61.89688289318541,62.02466476733603,61.57250486721496,61.64131164550781,2553300,0.0,0.0,0.001059363710143543,15.54373931884765,-1.0,-1.1107444763183594,0.0,0.0,2.0,0.5,0.5
2025-06-04,61.72978163332158,62.201601176097256,61.533189219742944,62.00501251220703,1750700,0.0,0.0,0.0007306508707025065,15.907440185546868,-1.0,-0.7470436096191406,0.0,0.0,1.9807813749726435,0.5,0.5
2025-06-05,62.221258176375365,62.28023702287576,61.837905048343465,61.99517822265625,1635900,0.0,0.0,0.0006826310524949058,15.897605895996087,1.0,-0.00983428955078125,0.2555722555397324,0.0002584425149203063,0.0003432658628385803,0.4295145696373668,0.5704854303626332
2025-06-06,61.621655433896265,62.00501232658676,61.61182750060654,61.9460334777832,1661200,0.0,0.0,0.0006926387748615348,15.84846115112304,-1.0,-0.049144744873046875,0.0,0.0,0.008572328461596562,0.5,0.5
2025-06-09,61.53318829952083,61.896885571593195,61.25796117443978,61.680633544921875,2086300,0.0,0.0,0.0008661576767289888,15.583061218261712,-1.0,-0.314544677734375,0.0,0.0,0.35116345705886204,0.5,0.5
2025-06-10,62.08364862208542,62.08364862208542,61.778930186710824,62.054161071777344,1525100,0.0,0.0,0.0006370017195120765,15.95658874511718,1.0,0.37352752685546875,0.07863629549866147,2.4286559066484348e-05,1.4101994551917054,0.705111870875386,0.29488812912461404
2025-06-11,61.82807801177037,62.03449835298187,61.778927097463374,61.867393493652344,2031700,0.0,0.0,0.000846043659132685,15.76982116699218,-1.0,-0.186767578125,0.0,0.0,0.2500102127311897,0.5,0.5
2025-06-12,62.299896986891646,62.5652961730957,62.15245174465996,62.5652961730957,1698200,0.0,0.0,0.0007151443572966746,16.46772384643554,1.0,0.6979026794433594,0.48164755101028334,0.0008554439550801313,2.0,1.0,0.0
2025-06-13,62.04432553639148,62.26057755772688,61.51353091535918,61.601993560791016,1987900,0.0,0.0,0.000824253264134712,15.504421234130852,-1.0,-0.9633026123046875,0.26539618210419036,0.00029300715378931155,1.9051788192723127,0.00015377144375777784,0.9998462285562422
2025-06-16,61.94603279772106,62.466999499190386,61.71012115478515,61.71012115478515,2409000,0.0,0.0,0.0010006093897738173,15.612548828124986,1.0,0.10812759399413352,0.0,0.0,0.012599334399525625,0.006299667199762812,0.9937003328002372
2025-06-17,61.592165654994545,61.68063205015361,61.09085858221868,61.14983367919922,1956600,0.0,0.0,0.0008053204068697507,15.052261352539055,-1.0,-0.5602874755859304,0.422672333140504,0.000788504437108957,2.0,0.0003940968449990123,0.999605903155001
2025-06-18,61.31693694616569,61.33659656121203,60.992558922433304,61.04170608520508,1634300,0.0,0.0,0.0006714749554765444,14.944133758544915,-1.0,-0.668415069580071,0.0,0.0,2.0,0.5,0.5
2025-06-20,60.766479258708,60.78613887384647,60.11772695789108,60.225852966308594,2246700,0.0,0.0,0.0009107505030476372,14.12828063964843,-1.0,-1.4842681884765554,0.0,0.0,2.0,0.5,0.5
2025-06-23,60.21602043145323,61.307104683219535,60.1963645662812,61.287445068359375,2956700,0.0,0.0,0.0012196919381480195,15.189872741699212,1.0,1.0615921020507812,0.0,0.0,0.5115529560063535,0.25577647800317677,0.7442235219968232
2025-06-24,61.84773225223381,61.8673918675022,61.169492399071046,61.277618408203125,4008500,0.0,0.0,0.0016533132288036154,15.180046081542962,1.0,1.0517654418945312,0.0,0.0,0.5021263760384332,0.2510631880192166,0.7489368119807833
2025-06-25,60.62886704548752,60.80579983596504,60.20619468486767,60.245513916015625,1836200,0.0,0.0,0.00074458806636095,14.147941589355462,-1.0,-1.0321044921875,0.0,0.0,0.9629628716125311,0.5,0.5
2025-06-26,59.98994225167656,60.06858071343296,59.34118994093919,59.64590835571289,2524000,0.0,0.0,0.0010133077924170692,13.548336029052727,-1.0,-1.6317100524902344,0.0,0.0,2.0,0.5,0.5
2025-06-27,59.66556859131237,60.009602490851904,59.55744258011758,59.88181686401367,1982300,0.0,0.0,0.00079897966226221,13.784244537353509,-1.0,-1.3958015441894531,0.0,0.0,1.7612035610978678,0.5,0.5
2025-06-30,59.881820077666625,60.157050961757236,59.636080493468015,60.127559661865234,2310700,0.0,0.0,0.0009351655876391766,14.029987335205071,1.0,0.2457427978515625,0.08847024832427763,3.976307245760854e-05,0.030996613505850677,0.015518188289154142,0.9844818117108458
2025-07-01,60.137390930376135,60.6681893285102,60.029264914124184,60.43227767944336,2072600,0.0,0.0,0.0008430548511832887,14.334705352783196,1.0,0.5504608154296875,0.0,0.0,0.15552688343836804,0.07776344171918402,0.922236558280816
2025-07-02,59.58693267414897,60.40278988460601,59.577104740751565,60.34381103515625,1795500,0.0,0.0,0.0007292719660112031,14.246238708496087,-1.0,-0.08846664428710938,0.05897575271644939,1.7137463822415834e-05,0.025828922525596123,0.0006630590437935982,0.9993369409562064
2025-07-03,60.166876906747525,60.47159533097071,60.02926334409459,60.32415008544922,991900,0.0,0.0,0.0004027452963481259,14.226577758789055,1.0,-0.01966094970703125,0.0,0.0,0.0012757223559718362,0.5,0.5
2025-07-07,60.35364023717262,60.58954812589688,60.24551422580389,60.363468170166016,1853000,0.0,0.0,0.0007528717100736479,14.265895843505852,1.0,0.019657135009765625,0.1867582412908746,0.0001713805188335718,0.999611989527369,0.4998916850231013,0.5001083149768988
2025-07-08,59.822843038548136,60.14721732934011,59.626250627622625,59.87199020385742,2092600,0.0,0.0,0.000843298427883511,13.774417877197259,-1.0,-0.49147796630859375,0.403012716471963,0.0008560339549775613,2.0,0.00042783385733429706,0.9995721661426658
2025-07-09,59.6459086663027,59.76386260986328,59.429656645034754,59.76386260986328,1644600,0.0,0.0,0.0006615616467376448,13.666290283203118,-1.0,-0.5996055603027344,0.0,0.0,2.0,0.5,0.5
2025-07-10,59.96045560901358,60.619035862573675,59.921136377541494,60.42244720458984,1971200,0.0,0.0,0.0008016787580887672,14.324874877929673,1.0,0.6585845947265554,0.4718185332335665,0.0010848465639599178,1.2064013995538043,0.6037431230588821,0.3962568769411179
2025-07-11,59.92113706083644,59.95062835962095,59.51812430787266,59.75403594970703,2015400,0.0,0.0,0.0008105874458266383,13.656463623046868,-1.0,-0.6684112548828054,0.0,0.0,1.0300643878780116,0.5,0.5
2025-07-14,60.04891936312254,60.373293634275626,59.881814511562126,59.930965423583984,2399700,0.0,0.0,0.0009680094571048332,13.833393096923821,1.0,0.17692947387695312,0.0,0.0,0.07006689367996845,0.035033446839984224,0.9649665531600158
2025-07-15,59.55744460344224,59.59676383606491,58.89886058092207,59.23306655883789,2055900,0.0,0.0,0.000819667241514712,13.135494232177727,-1.0,-0.6978988647460938,0.6192637269505923,0.002222585354268135,2.0,0.0011100590766110433,0.998889940923389
2025-07-16,58.98732716401541,59.32153314297676,58.95783961430037,59.29204559326172,2517900,0.0,0.0,0.001004861684124259,13.194473266601555,-1.0,-0.6389198303222656,0.0,0.0,2.0,0.5,0.5
2025-07-17,58.75142040033774,58.95784075170209,58.515508749000986,58.77108001708984,2230800,0.0,0.0,0.0008824613280136822,12.673507690429673,-1.0,-1.1598854064941477,0.0,0.0,2.0,0.5,0.5
2025-07-18,58.86937027980149,58.99715590500836,58.66294994271301,58.68260955810547,1418700,0.0,0.0,0.0005603654647626768,12.585037231445305,1.0,-0.0884704589843679,0.0,0.0,0.2500323418751079,0.5,0.5
2025-07-21,58.68261070494201,58.90869066184124,58.564656759970305,58.64329147338867,1804100,0.0,0.0,0.000712115304306105,12.545719146728509,-1.0,-0.039318084716796875,0.0,0.0,0.049383780773779105,0.5,0.5
2025-07-22,58.87920243522845,59.57710191366889,58.86937075260914,59.31170272827149,2942000,0.0,0.0,0.0011745038246167832,13.214130401611328,1.0,0.6684112548828196,0.5799460086605279,0.001926184798972394,2.0,1.0,0.0
2025-07-23,59.26255704467993,59.891649759253646,59.223237812596984,59.84250259399414,2831800,0.0,0.0,0.0011406271366325548,13.744930267333977,1.0,1.1992111206054688,0.0,0.0,2.0,1.0,0.0
2025-07-24,59.9506277682897,60.245514505407755,59.87198930522446,59.99977493286133,2444300,0.0,0.0,0.0009871326211698891,13.902202606201165,1.0,1.3564834594726562,0.0,0.0,2.0,1.0,0.0
2025-07-25,59.134770186047966,59.41982898819141,59.10528263744288,59.400169372558594,1685400,0.0,0.0,0.000673848161599816,13.30259704589843,-1.0,-0.5996055603027344,0.11795517515410125,7.862508498359048e-05,0.1953899843394894,0.00040223893347934403,0.9995977610665207
2025-07-28,58.76124801715577,58.839886483740344,58.14198696640044,58.20096206665039,1823100,0.0,0.0,0.0007141871463151379,12.103389739990227,-1.0,-1.7988128662109375,0.0,0.0,1.7585024006237486,0.5,0.5
2025-07-29,58.338572186597105,58.456529879504515,58.01419790532234,58.31891632080078,2837500,0.0,0.0,0.001113824305020512,12.221343994140618,-1.0,-1.6808586120605469,0.0,0.0,1.535441810281969,0.5,0.5
2025-07-30,58.466355585743926,58.66294798341425,57.91589762220463,58.004364013671875,2251000,0.0,0.0,0.0008788353940682368,11.906791687011712,-1.0,-1.9954109191894531,0.0,0.0,2.0,0.5,0.5
2025-07-31,57.89624144753103,58.32874172034228,57.1688507049473,57.43424987792969,3391300,0.0,0.0,0.0013110176487859098,11.336677551269524,-1.0,-2.5655250549316406,0.0,0.0,2.0,0.5,0.5
2025-08-01,59.20357582392043,59.478802938094375,58.94800832500009,59.43948745727539,2718600,0.0,0.0,0.0010876564594027585,13.341915130615227,1.0,2.005237579345703,0.8158549546801268,0.003739293574327014,0.6109126938863737,0.30732599373035036,0.6926740062696497
2025-08-04,59.08562100465672,59.26255378962341,58.80056221224504,59.14459609985352,2025800,0.0,0.0,0.0008064603353654684,13.04702377319336,-1.0,-0.2948913574218679,0.0,0.0,0.021626807731111013,0.5,0.5
2025-08-05,58.93817697408248,59.24289538769509,58.83005096442354,59.105281829833984,2426900,0.0,0.0,0.0009654939330820957,13.007709503173821,-1.0,-0.33420562744140625,0.0,0.0,0.027777672090837497,0.5,0.5
2025-08-06,59.272386055463265,59.81301238252343,59.075793641162726,59.77369689941406,2928600,0.0,0.0,0.0011782611277348484,13.6761245727539,1.0,0.6684150695800781,0.5504585929000214,0.0016200305903247658,2.0,1.0,0.0
2025-08-07,60.21602267909695,60.48142186508336,59.98011479134565,60.275001525878906,2982000,0.0,0.0,0.001209807420874618,14.177429199218743,1.0,1.1697196960449219,0.0,0.0,2.0,1.0,0.0
2025-08-08,59.98011665016187,60.137389830099465,59.803183854021015,60.01943588256836,2120500,0.0,0.0,0.0008566463345689973,13.921863555908196,-1.0,-0.2555656433105469,0.0,0.0,0.047735484353558906,0.5,0.5
2025-08-11,59.79335676086725,59.950629943014555,59.655739445510974,59.86216354370117,1595100,0.0,0.0,0.0006427050303578661,13.764591217041009,-1.0,-0.4128379821777344,0.0,0.0,0.12456490120691485,0.5,0.5
2025-08-12,59.89164777699132,60.09806811406226,59.61642066089673,60.039093017578125,1897100,0.0,0.0,0.0007666474966919998,13.941520690917962,-1.0,-0.23590850830078125,0.0,0.0,0.040674629293610584,0.5,0.5
2025-08-13,60.61903717867089,61.42506644259512,60.52074284754491,61.37591552734375,2341700,0.0,0.0,0.0009673878183629544,15.278343200683587,1.0,1.336822509765625,1.4744364995805626,0.009313214886020169,2.0,1.0,0.0
2025-08-14,60.64852771894424,60.845120128424874,60.510914157214295,60.628868103027344,1959400,0.0,0.0,0.000799602123886549,14.53129577636718,-1.0,-0.7470474243164062,0.0,0.0,0.3122833618163406,0.5,0.5
2025-08-15,60.81028483024527,60.84994030889929,60.4335653465413,60.47322082519531,2007100,0.523,0.0,0.0008169650652375602,14.37564849853515,-1.0,-0.9026947021484375,0.0,0.0,0.4559679191959061,0.5,0.5
2025-08-18,60.423655283579315,60.88959393639624,60.33443234465612,60.760719299316406,1879900,0.0,0.0,0.0007688277128222565,14.663146972656243,-1.0,-0.6151962280273438,0.044473807971364465,9.199288897548248e-06,0.2117775055360801,4.3436574100109915e-05,0.9999565634258999
2025-08-19,60.84994367900044,61.43484878540039,60.84002791791047,61.43484878540039,1991400,0.0,0.0,0.0008234641021052836,15.337276458740227,1.0,0.6741294860839844,0.5849084765010986,0.0014543848386617307,1.200768589321947,0.6011114870803044,0.3988885129196956
2025-08-20,62.43612292079444,63.149906424219125,62.4162951810599,63.01111602783203,3005500,0.0,0.0,0.0012746920552255659,16.913543701171868,1.0,2.250396728515625,0.0,0.0,2.0,1.0,0.0
2025-08-21,62.654226168119095,62.86241176898642,62.505520006496845,62.7236213684082,1654300,0.0,0.0,0.0006984201638200257,16.62604904174804,1.0,1.9629020690917969,0.0,0.0,2.0,1.0,0.0
2025-08-22,62.6145691826659,63.07059585410764,62.485690764474214,62.51543426513672,2323000,0.0,0.0,0.00097747990312295,16.417861938476555,1.0,1.7547149658203125,0.0,0.0,2.0,1.0,0.0
2025-08-25,62.475779574361205,62.50551929364457,61.524070739746094,61.524070739746094,1546500,0.0,0.0,0.0006404221763456477,15.42649841308593,-1.0,-0.991363525390625,0.9814492667507508,0.004047631733478099,0.31919252476138776,0.012522057213960014,0.98747794278604
2025-08-26,61.60337856573695,61.65294602564832,61.25640256460259,61.4645881652832,2036400,0.0,0.0,0.0008424796888342442,15.36701583862304,-1.0,-1.0508460998535156,0.0,0.0,0.3586452415917876,0.5,0.5
2025-08-27,61.39518983630956,62.04949010635841,61.29605492153882,61.98009490966797,1599900,0.0,0.0,0.0006674464850449008,15.882522583007805,1.0,0.5155067443847656,0.0,0.0,0.24065255096742147,0.12032627548371073,0.8796737245162892
2025-08-28,61.66286026496875,61.960268798852304,61.4051034289829,61.831390380859375,1734500,0.0,0.0,0.0007218628495659699,15.733818054199212,1.0,0.3668022155761719,0.0,0.0,0.12183881518483809,0.060919407592419046,0.9390805924075809
2025-08-29,62.22793744503211,62.71370383331447,62.13871450693367,62.65422439575195,3318400,0.0,0.0,0.0013994277058904804,16.55665206909179,1.0,1.18963623046875,0.0,0.0,1.281593012683995,0.6407965063419975,0.3592034936580025
2025-09-02,62.95163175264144,63.30852349836707,62.80292559800422,62.99128723144531,3224700,0.0,0.0,0.0013672287301977474,16.89371490478515,1.0,1.5266990661621094,0.0,0.0,2.0,1.0,0.0
2025-09-03,63.10034038181989,63.85377938162188,62.7037931417394,63.68524169921875,2773000,0.0,0.0,0.0011886665621117514,17.587669372558587,1.0,2.220653533935547,0.0,0.0,2.0,1.0,0.0
2025-09-04,64.01239044168176,64.44859313964844,63.84386033147067,64.44859313964844,2972200,0.0,0.0,0.0012893263139269922,18.351020812988274,1.0,2.9840049743652344,0.0,0.0,2.0,1.0,0.0
2025-09-05,64.08178688703006,64.2701485218255,63.47705406706399,63.754634857177734,2691100,0.0,0.0,0.0011548164827016683,17.65706253051757,-1.0,-0.6939582824707031,0.0,0.0,0.05408385520590454,0.5,0.5
2025-09-08,63.33826453795609,63.54645013338768,63.14990668234009,63.44731521606445,1785800,0.0,0.0,0.0007626362475903124,17.34974288940429,-1.0,-1.0012779235839844,0.0,0.0,0.11259269024984844,0.5,0.5
2025-09-09,62.27750622078528,62.62448221975424,62.25767848059351,62.53526306152344,2131200,0.0,0.0,0.0008970580824715035,16.437690734863274,-1.0,-1.913330078125,0.0,0.0,0.4111314614700128,0.5,0.5
2025-09-10,62.346900868420526,62.416296067599745,62.05940431081823,62.237850189208984,1841700,0.0,0.0,0.0007715158381510828,16.14027786254882,-1.0,-2.210742950439453,0.0,0.0,0.5488800073017833,0.5,0.5
2025-09-11,62.18828386255682,62.96154682849551,62.12880064142508,62.94172286987305,1740000,0.0,0.0,0.0007371557367446486,16.844150543212884,1.0,0.7038726806640625,0.3370646087412652,0.0004004313588197947,0.10137053089238202,0.05088548112560091,0.9491145188743991
2025-09-12,62.81284337646896,63.04085671428433,62.29733348072149,62.346900939941406,2489100,0.0,0.0,0.0010445484543259874,16.249328613281243,1.0,0.10905075073242188,0.0,0.0,0.0024332168864265083,0.0012166084432132542,0.9987833915567867
2025-09-15,62.1486259327274,62.36672728652766,61.78182220458984,61.78182220458984,1485800,0.0,0.0,0.0006178633606529443,15.684249877929673,-1.0,-0.5650787353515696,0.34697843683524354,0.0004894152151884026,2.0,0.0002446477404309371,0.999755352259569
2025-09-16,61.702517538810575,61.80165245906952,61.3158822735892,61.32579803466797,2180400,0.0,0.0,0.0009000170912014347,15.228225708007805,-1.0,-1.0211029052734375,0.0,0.0,2.0,0.5,0.5
2025-09-17,61.68268872007716,62.29733353479798,61.6232054999088,61.880958557128906,2283100,0.0,0.0,0.0009509404941023083,15.783386230468743,1.0,0.5551605224609375,0.0,0.0,0.29559571072415725,0.14779785536207862,0.8522021446379213
2025-09-18,61.296056322711195,61.32579604147133,60.91933683081264,60.92924880981445,2177100,0.0,0.0,0.000892843983700039,14.83167648315429,-1.0,-0.9517097473144531,0.39654544277656356,0.0007148343914871784,2.0,0.00035728949433445553,0.9996427105056656
2025-09-19,61.28614216655231,61.335709626368526,60.6714973449707,60.6714973449707,2471200,0.0,0.0,0.0010091691911650795,14.57392501831054,-1.0,-1.2094612121582031,0.0,0.0,2.0,0.5,0.5
2025-09-22,60.62192876909462,60.62192876909462,59.908145259266675,59.967628479003906,3773100,0.0,0.0,0.0015229532248451302,13.870056152343743,-1.0,-1.913330078125,0.0,0.0,2.0,0.5,0.5
2025-09-23,59.93788399582511,60.05685043334961,59.68013094469798,60.05685043334961,1776400,0.0,0.0,0.000718083077497563,13.959278106689446,-1.0,-1.8241081237792969,0.0,0.0,2.0,0.5,0.5
2025-09-24,59.481856318402606,59.85857580064377,59.41246112190483,59.57107925415039,2281200,0.0,0.0,0.0009146821547631389,13.473506927490227,-1.0,-2.3098793029785156,0.0,0.0,2.0,0.5,0.5
2025-09-25,59.67021615217532,59.77926683079814,58.777990546793085,58.81764602661133,2325200,0.0,0.0,0.0009205329291247744,12.720073699951165,-1.0,-3.063312530517578,0.0,0.0,2.0,0.5,0.5
2025-09-26,58.797817536005816,58.93660793184297,58.54006070223283,58.76807403564453,2850900,0.0,0.0,0.0011277032110556273,12.670501708984368,-1.0,-3.112884521484375,0.0,0.0,2.0,0.5,0.5
2025-09-29,58.4904931706795,58.69867876417436,58.20299661866013,58.65902328491211,2569600,0.0,0.0,0.0010145459602928075,12.561450958251946,-1.0,-3.221935272216797,0.0,0.0,2.0,0.5,0.5
2025-09-30,58.599543921200755,58.87712471287505,58.50040522292089,58.76807403564453,2027000,0.0,0.0,0.0008018009782208272,12.670501708984368,1.0,0.10905075073242188,0.0,0.0,0.0011455754468048906,0.0005727877234024453,0.9994272122765976
2025-10-01,59.10513812501517,59.17453332302618,58.25256422744601,58.3021354675293,2133100,0.0,0.0,0.0008370801681454865,12.204563140869134,1.0,-0.3568878173828125,0.0,0.0,2.0,0.5,0.5
2025-10-02,58.371531761541874,58.47066668006052,58.173258142749866,58.43101119995117,1735900,0.0,0.0,0.0006827150557213024,12.333438873291009,-1.0,0.128875732421875,0.0,0.0,0.13040037682727937,0.06520018841363968,0.9347998115863603
2025-10-03,58.54997634887695,58.95643555664592,58.48058115109357,58.54997634887695,2229900,0.0,0.0,0.0008787867222232321,12.45240402221679,1.0,0.11896514892578125,0.0,0.0,0.11111586173314512,0.05555793086657256,0.9444420691334274
2025-10-06,58.07412338256836,58.28230898107795,57.93532920180722,58.07412338256836,2028600,0.0,0.0,0.0007929585003743574,11.976551055908196,-1.0,-0.47585296630859375,0.23792894094264483,0.00039466717091238333,2.0,0.00019729465259500376,0.999802705347405
2025-10-07,57.83619394517891,58.42109903882836,57.73705902696906,58.10386276245117,2186600,0.0,0.0,0.0008551567421499384,12.006290435791009,-1.0,-0.44611358642578125,0.0,0.0,2.0,0.5,0.5
2025-10-08,58.500405875675675,58.500405875675675,58.07412270445705,58.133602142333984,1821300,0.0,0.0,0.0007126562472758334,12.036029815673821,1.0,0.0297393798828125,0.2180968945977213,0.000328346547340375,0.004443988405202569,0.0023861674762714717,0.9976138325237285
2025-10-09,58.51031973743203,58.61937041233991,58.16333997347472,58.42109680175781,2520000,0.0,0.0,0.0009909269088110512,12.32352447509765,1.0,0.3172340393066406,0.0,0.0,0.5056717155569476,0.2528358577784738,0.7471641422215263
2025-10-10,59.05557198789778,59.97754110410455,59.05557198789778,59.908145904541016,5310800,0.0,0.0,0.0021414956687888453,13.810573577880852,1.0,1.8042831420898438,0.0,0.0,2.0,1.0,0.0
2025-10-13,59.19435977190923,59.70986964714593,59.09522485741372,59.57107925415039,3777900,0.0,0.0,0.0015148069930210689,13.473506927490227,1.0,1.4672164916992188,0.0,0.0,2.0,1.0,0.0
2025-10-14,59.749526736473555,60.592184877666874,59.749526736473555,60.46331024169922,3673100,0.0,0.0,0.0014948446013777546,14.365737915039055,1.0,2.359447479248047,0.0,0.0,2.0,1.0,0.0
2025-10-15,59.709871184886985,60.433566668254734,59.670215705365685,60.3542594909668,5948300,0.0,0.0,0.002416418569945124,14.256687164306634,-1.0,-0.10905075073242188,0.0,0.0,0.0021361743227180864,0.5,0.5
2025-10-16,60.7210621969716,61.65294325946081,60.671494739284185,61.484413146972656,6915900,0.0,0.0,0.002862102032683739,15.386840820312493,1.0,1.1301536560058594,1.0607583817939386,0.0047526301887864005,2.0,1.0,0.0
2025-10-17,61.81156206658416,62.75335889992502,61.77191036905496,62.574913024902344,3773000,0.0,0.0,0.001589126371403006,16.47734069824218,1.0,2.220653533935547,0.0,0.0,2.0,1.0,0.0
2025-10-20,62.13871534216494,62.59474201779568,62.10897562298395,62.346900939941406,2469800,0.0,0.0,0.001036449227630197,16.249328613281243,1.0,1.9926414489746094,0.0,0.0,2.0,1.0,0.0
2025-10-21,61.62320512331673,62.06931981746632,61.61329314422661,61.80165100097656,2526300,0.0,0.0,0.0010508878580560027,15.7040786743164,-1.0,-0.5452499389648438,0.1586172248283475,0.00010201775675648733,0.07487432696185417,0.0013606659158880608,0.998639334084112
2025-10-22,61.4645861985996,62.22793715842502,61.2663125835435,61.64303207397461,3885000,0.0,0.0,0.0016119307885421779,15.545459747314446,-1.0,-0.7038688659667969,0.0,0.0,0.12477431419862167,0.5,0.5
2025-10-23,62.61456835884446,62.85249745224062,61.72233898580214,61.78182220458984,4898100,0.0,0.0,0.002036853228438677,15.684249877929673,1.0,0.13879013061522727,0.7831776347742974,0.002493406274944223,0.03888066262098863,0.020687034447966428,0.9793129655520336
2025-10-24,61.91070186205927,62.267593618429935,61.65294502390058,62.12879943847656,3029900,0.0,0.0,0.0012670467275205499,16.0312271118164,-1.0,0.34697723388672586,0.0,0.0,0.2430068130114728,0.1215034065057364,0.8784965934942636
2025-10-27,61.95035564610603,62.17836897715531,61.65294333610257,62.168453216552734,2120000,0.0,0.0,0.0008871096385048596,16.07088088989257,-1.0,0.38663101196289773,0.06939564969957246,1.8645976286789325e-05,0.301724003165516,0.1508713245709014,0.8491286754290985
2025-10-28,61.53398295493025,61.6232058948773,61.12752373556144,61.385276794433594,3799000,0.0,0.0,0.0015696574547971658,15.28770446777343,-1.0,-0.3965454101562429,0.5254212883391389,0.0011812199484730443,1.0519436650690754,0.0011216333079560278,0.998878366692044
2025-10-29,60.98873104371528,61.03829850143287,60.2947752904051,60.4434814453125,3034600,0.0,0.0,0.001234588705274213,14.345909118652337,-1.0,-1.3383407592773366,0.0,0.0,2.0,0.5,0.5
2025-10-30,60.40382831339851,60.502963232685545,60.06676429336594,60.34434509277344,3532400,0.0,0.0,0.0014347552724501245,14.246772766113274,-1.0,-1.4374771118163991,0.0,0.0,2.0,0.5,0.5
2025-10-31,59.898228940927865,60.13615803590755,59.64047588797499,59.67021560668945,3088700,0.0,0.0,0.001240522684017882,13.57264328002929,-1.0,-2.1116065979003835,0.0,0.0,2.0,0.5,0.5
2025-11-03,59.828832308466765,60.31460246576724,59.680129936704674,60.14606857299805,2553000,0.0,0.0,0.0010335451059594136,14.048496246337884,1.0,0.47585296630859375,0.0,0.0,0.05078313891185795,0.025391569455928974,0.974608430544071
2025-11-04,59.9577142885167,60.31460605277799,59.78918416747931,60.28486633300781,2821000,0.0,0.0,0.0011446764907454123,14.18729400634765,1.0,0.6146507263183594,0.0,0.0,0.08472874577384695,0.042364372886923476,0.9576356271130765
2025-11-05,60.433567262679794,60.820198737428726,60.255121384833416,60.760719299316406,3323400,0.0,0.0,0.0013591797546643372,14.663146972656243,1.0,1.0905036926269531,0.0,0.0,0.2667032207786157,0.13335161038930785,0.8666483896106921
2025-11-06,60.40382661049898,60.73097486032706,60.15598553751376,60.38399887084961,2628500,0.0,0.0,0.0010683196747516197,14.286426544189446,-1.0,-0.3767204284667969,0.0,0.0,0.11933945818005658,0.5,0.5
2025-11-07,60.45000076293945,61.58000183105469,60.400001525878906,61.470001220703125,4017100,0.526,0.0,0.0016620620744094419,15.372428894042962,1.0,1.0860023498535156,0.7598030936259619,0.0024429643492843186,2.0,1.0,0.0
2025-11-10,61.0,61.0099983215332,60.56999969482422,60.810001373291016,2892000,0.0,0.0,0.0011837082562759715,14.712429046630852,1.0,0.42600250244140625,0.0,0.0,1.2787509158149641,0.6393754579074821,0.36062454209251793
2025-11-11,61.380001068115234,61.380001068115234,61.0099983215332,61.06999969482422,2606000,0.0,0.0,0.0010712077452974267,14.972427368164055,1.0,0.6860008239746094,0.0,0.0,2.0,1.0,0.0
2025-11-12,60.689998626708984,61.220001220703125,60.52000045776367,60.9900016784668,2193200,0.0,0.0,0.0009003435496077951,14.892429351806634,-1.0,-0.07999801635742188,0.049999237060546875,1.1271861864568794e-05,0.01359906851622009,0.0008281836861860355,0.9991718163138139
2025-11-13,60.400001525878906,60.7599983215332,60.13999938964844,60.33000183105469,2320400,0.0,0.0,0.000942253089796298,14.232429504394524,-1.0,-0.7399978637695312,0.0,0.0,1.1636212864469098,0.5,0.5
2025-11-14,59.79999923706055,59.970001220703125,59.18000030517578,59.2400016784668,3163800,0.0,0.0,0.001261523830377896,13.142429351806634,-1.0,-1.8299980163574219,0.0,0.0,2.0,0.5,0.5
2025-11-17,59.36000061035156,59.630001068115234,59.119998931884766,59.209999084472656,2202900,0.0,0.0,0.0008779326735788643,13.112426757812493,-1.0,-1.8600006103515625,0.0,0.0,2.0,0.5,0.5
2025-11-18,59.2599983215332,59.5099983215332,59.02000045776367,59.38999938964844,2611900,0.0,0.0,0.0010440979454156047,13.292427062988274,-1.0,-1.6800003051757812,0.0,0.0,2.0,0.5,0.5
2025-11-19,59.5,59.560001373291016,58.84000015258789,58.869998931884766,2167000,0.0,0.0,0.0008586660937573083,12.772426605224602,-1.0,-2.200000762939453,0.0,0.0,2.0,0.5,0.5
2025-11-20,58.970001220703125,59.380001068115234,58.79999923706055,59.279998779296875,3402300,0.0,0.0,0.001357538534530898,13.182426452636712,-1.0,-1.7900009155273438,0.0,0.0,2.0,0.5,0.5
2025-11-21,59.76499938964844,60.529998779296875,59.68000030517578,60.400001525878906,3516000,0.0,0.0,0.001429411233895657,14.302429199218743,1.0,1.1200027465820312,0.9699974060058594,0.004599615540011254,0.39149991235466863,0.19804976394733995,0.80195023605266
