Date,Open,High,Low,Close,Volume,Dividends,Stock Splits,relative_volume,Atr_Close,Atr_Low,Atr_High,fast_trend_run,structural_direction,slow_trend_run,breaking_gap,fast_swing_ratio,slow_swing_ratio,p_up,p_down
2020-12-08,45.81908312712007,46.59330795854755,45.76311746782835,46.46893310546875,20716500,0.0,0.0,0.0011453615353558568,0.6506912553253312,0.6506912553253312,0.6506912553253312,0.4166603088378906,1.0,0.4166603088378906,0.10572974219991949,0.06439172856602463,0.08750421529050424,0.07594797192826444,0.9240520280717356
2020-12-09,46.639942945485615,46.639942945485615,45.983873038825614,46.102027893066406,20139600,0.0,0.0,0.001104674624863592,0.6510754447063791,0.6510754447063791,0.6510754447063791,-0.36690521240234375,1.0,0.049755096435546875,0.0,0.0,0.0012477852752465007,0.5,0.5
2020-12-10,46.108266099422416,46.23309198786402,45.740024014356806,45.886695861816406,20652300,0.18,0.0,0.00112750563279538,0.6397891967635818,0.6397891967635818,0.6397891967635818,-0.5822372436523438,-1.0,-0.21533203125,0.0230934534715459,0.0015731777763577557,2.0,0.0,1.0
2020-12-11,45.84923541389985,46.033356411243574,45.54340991946603,45.87420272827149,16860900,0.0,0.0,0.0009202647572209706,0.6290861464074363,0.6290861464074363,0.6290861464074363,-0.5947303771972585,-1.0,-0.22782516479491477,0.0,0.0,2.0,0.0,1.0
2020-12-14,46.0926585237371,46.09890124611215,45.374899018719624,45.45291519165039,25088100,0.0,0.0,0.0013567287340302378,0.6358658664777999,0.6358658664777999,0.6358658664777999,-1.0160179138183594,-1.0,-0.6491127014160156,0.0,0.0,2.0,0.0,1.0
2020-12-15,45.412347639569056,45.67448483440332,45.20638065999845,45.43107223510742,31871400,0.0,0.0,0.0017227316638214747,0.6238828884725907,0.6238828884725907,0.6238828884725907,-1.0378608703613281,-1.0,-0.6709556579589844,0.0,0.0,2.0,0.0,1.0
2020-12-16,45.637046456991534,45.839892123477966,45.27504704774476,45.38426971435547,25650900,0.0,0.0,0.00138506918571894,0.6196659018483487,0.6196659018483487,0.6196659018483487,-1.0846633911132812,1.0,-0.046802520751953125,0.0,0.0,0.8848371420785824,0.5575814289607088,0.4424185710392912
2020-12-17,45.58087139660818,45.69945456495988,45.29688463654943,45.593353271484375,30679500,0.0,0.0,0.0016642298996831903,0.6041590466027845,0.6041590466027845,0.6041590466027845,0.20908355712890625,1.0,0.16228103637695312,0.024969730556556158,0.014262246942723829,2.0,1.0,0.0
2020-12-18,45.755631748268954,45.93039229488863,45.30000935369467,45.54654693603515,41384100,0.0,0.0,0.0022426034199268217,0.6060321819307255,0.6060321819307255,0.6060321819307255,-0.046806335449225855,1.0,0.11547470092772727,0.0,0.0,2.0,0.5,0.5
2020-12-21,45.406100703775984,45.77122135451389,45.268789396804166,45.552772521972656,25553100,0.0,0.0,0.001384911169229121,0.5986321659149397,0.5986321659149397,0.5986321659149397,0.006225585937507105,-1.0,0.006225585937507105,0.02809523974526229,2.0,0.017693835117264578,1.0,0.0
2020-12-22,45.29688084074169,45.6339164336192,44.66962293171537,45.00041580200195,37599000,0.0,0.0,0.0020130581920913566,0.6247508327712892,0.6247508327712892,0.6247508327712892,-0.5523567199707031,-1.0,-0.546131134033196,0.6303864219793027,1.3024900563892836,2.0,0.0,1.0
2020-12-23,44.79445748162331,45.006663646292466,44.40749077803697,44.69459533691406,20430600,0.0,0.0,0.00108642472031941,0.6229238353058753,0.6229238353058753,0.6229238353058753,-0.8581771850585938,-1.0,-0.8519515991210866,0.0,0.0,2.0,0.0,1.0
2020-12-24,44.794456424091095,45.05971501650317,44.68210883543155,44.7819709777832,9054600,0.0,0.0,0.0004824318609882584,0.6054011457177142,0.6054011457177142,0.6054011457177142,0.08737564086914062,1.0,0.08737564086914062,0.0,0.0,0.01051842957355034,0.00525921478677517,0.9947407852132248
2020-12-28,44.950487316361624,45.34369672108044,44.72892065058424,45.318729400634766,19344900,0.0,0.0,0.0010430562324960423,0.6060707832018917,0.6060707832018917,0.6060707832018917,0.6241340637207031,1.0,0.6241340637207031,0.0,0.0,0.5366929952809756,0.2683464976404878,0.7316535023595122
2020-12-29,45.44979313457361,45.51533100445376,44.81005338363354,45.031620025634766,17938200,0.0,0.0,0.0009610808885878443,0.6131569858889155,0.6131569858889155,0.6131569858889155,-0.287109375,1.0,0.3370246887207031,0.0,0.0,0.1564925212929787,0.5,0.5
2020-12-30,45.21262790724825,45.29688681658357,44.919284191104275,44.99418258666992,18751200,0.0,0.0,0.0010038040433190273,0.5963316744310857,0.5963316744310857,0.5963316744310857,-0.32454681396484375,1.0,0.2995872497558594,0.0,0.0,0.12365645940119205,0.5,0.5
2020-12-31,45.000424557741695,45.02227051970888,44.57913355602576,44.98482131958008,17814000,0.0,0.0,0.0009534347047684554,0.5853891950919455,0.5853891950919455,0.5853891950919455,-0.3339080810546875,-1.0,-0.00936126708984375,0.23091982760777796,0.4782649888775465,0.0009763884213637536,0.7603793113505448,0.23962068864945513
2021-01-04,45.03162192440404,45.839883068807495,45.02538277321292,45.7275390625,32182200,0.0,0.0,0.001750882762907631,0.6046515203873364,0.6046515203873364,0.6046515203873364,0.7427177429199219,1.0,0.7427177429199219,0.5429962522239222,0.5344979775023456,2.0,1.0,0.0
2021-01-05,45.74938920674378,45.89606105775543,45.090921200942006,45.484127044677734,26498100,0.0,0.0,0.0014339635329482688,0.6189721158463428,0.6189721158463428,0.6189721158463428,-0.24341201782226562,1.0,0.49930572509765625,0.0,0.0,2.0,0.5,0.5
2021-01-06,45.2781655378595,46.21749541081397,45.2531982156921,45.76811218261719,21918900,0.0,0.0,0.001193562767735504,0.6436381929374516,0.6436381929374516,0.6436381929374516,0.2839851379394531,1.0,0.7832908630371094,0.0,0.0,2.0,1.0,0.0
2021-01-07,46.06769545754656,46.11138380076295,45.57462395182562,45.764984130859375,20538000,0.0,0.0,0.0011182913713657663,0.6360040255088715,0.6360040255088715,0.6360040255088715,-0.0031280517578125,1.0,0.7801628112792969,0.0,0.0,2.0,0.5,0.5
2021-01-08,45.83675181492645,45.87420099939708,45.502837657989986,45.75873565673828,24478200,0.0,0.0,0.0013326527606859386,0.6171011195016018,0.6171011195016018,0.6171011195016018,-0.00937652587890625,-1.0,-0.00624847412109375,0.0,0.0,6.414716417799167e-05,0.999967926417911,3.2073582088995836e-05
2021-01-11,45.56214792661324,46.18316675181539,45.56214792661324,45.964717864990234,26264400,0.0,0.0,0.0014363344962756307,0.6173809556230696,0.6173809556230696,0.6173809556230696,0.20598220825195312,1.0,0.20598220825195312,0.07178295105244104,0.12144599507047439,2.0,1.0,0.0
2021-01-12,46.49835105281593,46.788573366963,46.28614134240764,46.48898696899414,23373300,0.0,0.0,0.001292806789740727,0.6321291375051907,0.6321291375051907,0.6321291375051907,0.7302513122558594,1.0,0.7302513122558594,0.0,0.0,2.0,1.0,0.0
2021-01-13,46.42033616175474,46.52019830485621,46.00840571429918,46.0146484375,16069500,0.0,0.0,0.0008797554796032274,0.6235336698660363,0.6235336698660363,0.6235336698660363,-0.4743385314941406,-1.0,-0.4743385314941406,0.0,0.0,0.4219219477272923,0.7890390261363538,0.21096097386364615
2021-01-14,46.13011532303306,46.18628554826618,45.57463079464202,45.8648567199707,23017200,0.0,0.0,0.0012560185133325679,0.6226851758487594,0.6226851758487594,0.6226851758487594,-0.6241302490234375,-1.0,-0.6241302490234375,0.0,0.0,0.7304756961306397,0.6347621519346802,0.36523784806531984
2021-01-15,45.29376174819922,45.53093162955931,44.83501807745301,45.137725830078125,35920500,0.0,0.0,0.001929059200564488,0.651767566325112,0.651767566325112,0.651767566325112,-1.3512611389160156,-1.0,-1.3512611389160156,0.0,0.0,2.0,0.0,1.0
2021-01-19,45.1377267197079,45.271916683385435,44.52295069007533,44.74763870239258,24123600,0.0,0.0,0.0012843274057528888,0.6587103111097546,0.6587103111097546,0.6587103111097546,-1.7413482666015625,-1.0,-1.7413482666015625,0.0,0.0,2.0,0.0,1.0
2021-01-20,44.810056467155675,45.45603898482732,44.5916075999106,45.40922927856445,23775600,0.0,0.0,0.0012845148359481842,0.6734046735245379,0.6734046735245379,0.6734046735245379,0.661590576171875,1.0,0.661590576171875,0.0,0.0,0.14434686129641106,0.07217343064820553,0.9278265693517944
2021-01-21,45.362419616171245,45.47788498693867,45.00353805843882,45.20326232910156,14325900,0.0,0.0,0.0007704690589158467,0.6591862631656316,0.6591862631656316,0.6591862631656316,-0.20596694946289062,1.0,0.4556236267089844,0.0,0.0,0.06846067825008821,0.5,0.5
2021-01-22,45.43732144324975,45.9803241199975,45.28752821713868,45.66513442993164,19219500,0.0,0.0,0.0010442159773451183,0.6676059437177961,0.6676059437177961,0.6676059437177961,0.4618721008300781,1.0,0.9174957275390625,0.0,0.0,0.2776110989149765,0.13880554945748824,0.8611944505425118
2021-01-25,45.362420278880634,45.64016073078119,45.02226331297237,45.62455749511719,19031100,0.0,0.0,0.001033061234335678,0.6658391703779014,0.6658391703779014,0.6658391703779014,-0.040576934814453125,-1.0,-0.040576934814453125,0.0,0.0,0.001955916783964729,0.9990220416080177,0.0009779583919823644
2021-01-26,45.44667620283113,46.12699014354217,45.39674870513495,46.03336715698242,15031500,0.0,0.0,0.0008232629528985184,0.6704393323799961,0.6704393323799961,0.6704393323799961,0.4088096618652344,1.0,0.4088096618652344,0.14666602354467528,0.12871131636571878,2.0,1.0,0.0
2021-01-27,45.861734476197384,46.14259631101728,44.79757515136087,44.88807678222656,29910300,0.0,0.0,0.0015974058696089381,0.7186237486140258,0.7186237486140258,0.7186237486140258,-1.1452903747558594,1.0,-0.736480712890625,0.2246881616115033,0.03848833819902469,2.0,0.0,1.0
2021-01-28,45.0815519980274,45.64327915989917,44.82253615983408,44.8599853515625,22301700,0.0,0.0,0.0011903114333873773,0.7259179808605306,0.7259179808605306,0.7259179808605306,-1.1733818054199219,1.0,-0.7645721435546875,0.0,0.0,2.0,0.0,1.0
2021-01-29,44.682107844432686,44.85998973685579,43.798951819388215,43.84264373779297,32509200,0.0,0.0,0.0016957683493495869,0.7498551191896051,0.7498551191896051,0.7498551191896051,-2.190723419189453,-1.0,-1.0173416137695312,0.0,0.0,2.0,0.0,1.0
2021-02-01,43.97371404362032,44.15471373316916,43.436954126877694,43.461917877197266,25945200,0.0,0.0,0.0013416196730380516,0.7475625825540237,0.7475625825540237,0.7475625825540237,-2.5714492797851562,-1.0,-1.3980674743652344,0.0,0.0,2.0,0.0,1.0
2021-02-02,43.61482972962154,44.36067440125806,43.51496759187895,43.93001937866211,27002400,0.0,0.0,0.0014113257634199667,0.7583621498045073,0.7583621498045073,0.7583621498045073,0.46810150146484375,1.0,0.46810150146484375,0.0,0.0,0.11210469569194302,0.05605234784597151,0.9439476521540285
2021-02-03,43.89568358169473,44.3294598870244,43.88632307044601,44.06420135498047,14966700,0.0,0.0,0.000784649071130422,0.7358460545740703,0.7358460545740703,0.7358460545740703,0.6022834777832031,1.0,0.6022834777832031,0.0,0.0,0.1855861809470398,0.0927930904735199,0.9072069095264801
2021-02-04,44.24832495750628,44.68210128828765,44.08292853538256,44.47925567626953,17346300,0.0,0.0,0.0009179686983368846,0.7274213316264352,0.7274213316264352,0.7274213316264352,1.0173377990722656,1.0,1.0173377990722656,0.0,0.0,0.5295099163512053,0.26475495817560263,0.7352450418243974
2021-02-05,44.7694883648934,45.203264761792944,44.47926245600125,45.050350189208984,20451600,0.0,0.0,0.0010961979096468567,0.7271775997619336,0.7271775997619336,0.7271775997619336,1.5884323120117188,1.0,1.5884323120117188,0.0,0.0,1.2908659987128983,0.6454329993564492,0.35456700064355084
2021-02-08,45.19078570329975,45.4310805568141,45.08155947121065,45.25944137573242,15825300,0.0,0.0,0.0008521668764776699,0.7024313688935897,0.7024313688935897,0.7024313688935897,1.7975234985351562,1.0,1.7975234985351562,0.0,0.0,1.6530762593923474,0.8265381296961737,0.17346187030382632
2021-02-09,45.1190061858435,45.662008811978474,45.1190061858435,45.50909423828125,15906900,0.0,0.0,0.0008612857285577812,0.6910436015536884,0.6910436015536884,0.6910436015536884,2.0471763610839844,1.0,2.0471763610839844,0.0,0.0,2.0,1.0,0.0
2021-02-10,45.50908972949455,45.5309321154645,44.794451573878995,44.97856903076172,18576900,0.0,0.0,0.0009941281831749372,0.6942890972702469,0.6942890972702469,0.6942890972702469,-0.5305252075195312,-1.0,-0.5305252075195312,0.28710789733165853,0.29287225379462706,0.06715858414959468,0.8199845810278892,0.18001541897211087
2021-02-11,44.9816900052571,45.23446669316995,44.84750004394601,44.944244384765625,12791400,0.0,0.0,0.0006839993226182745,0.6723374938383676,0.6723374938383676,0.6723374938383676,-0.564849853515625,-1.0,-0.564849853515625,0.0,0.0,0.07612994653281706,0.9619350267335914,0.03806497326640853
2021-02-12,44.987934062865826,45.12836675076911,44.83501950109494,45.08467483520508,13423500,0.0,0.0,0.0007200426427289004,0.6452667621123536,0.6452667621123536,0.6452667621123536,0.14043045043945312,-1.0,-0.4244194030761719,0.0,0.0,0.04298133932845576,0.5,0.5
2021-02-16,45.543427334793115,45.68385647852283,45.22823763768811,45.45604705810547,27891000,0.0,0.0,0.0015084095035671958,0.641974967912739,0.641974967912739,0.641974967912739,0.5118026733398438,1.0,0.3713722229003906,0.4493897853528779,0.7709767709852036,0.7656466276165795,0.7683116993008916,0.2316883006991084
2021-02-17,45.14085069006762,46.03024942099597,45.09404098240861,45.93662643432617,25571100,0.0,0.0,0.0013975650023158592,0.662991644389498,0.662991644389498,0.662991644389498,0.9923820495605469,1.0,0.8519515991210938,0.0,0.0,2.0,1.0,0.0
2021-02-18,43.37765340635405,43.90817410314781,42.90954922005759,42.95948028564453,96927300,0.0,0.0,0.004954144186794938,0.831854899380861,0.831854899380861,0.831854899380861,-2.9771461486816406,-1.0,-2.9771461486816406,2.3186884176305185,0.6065749564512114,2.0,0.0,1.0
2021-02-19,43.00317409433353,43.508723923575026,42.9626035392908,43.17169189453125,36606000,0.0,0.0,0.0018802467758014232,0.8116683807058348,0.8116683807058348,0.8116683807058348,0.21221160888671875,-1.0,-2.764934539794922,0.0,0.0,2.0,0.5,0.5
2021-02-22,42.984456234745515,43.17169866112986,42.519473316315086,42.96885299682617,32106600,0.0,0.0,0.0016413892568963434,0.8002795924279019,0.8002795924279019,0.8002795924279019,-0.20283889770507812,-1.0,-2.9677734375,0.0,0.0,2.0,0.0,1.0
2021-02-23,42.787850553078265,42.875227251288166,42.14810712531171,42.27605438232422,31300200,0.0,0.0,0.00157436370390075,0.8017414695055133,0.8017414695055133,0.8017414695055133,-0.8956375122070312,-1.0,-3.660572052001953,0.0,0.0,2.0,0.0,1.0
2021-02-24,42.40088123092296,42.49137928519927,41.52084300903856,41.57077407836914,46565700,0.0,0.0,0.002303126305183356,0.8137982414094562,0.8137982414094562,0.8137982414094562,-1.6009178161621094,-1.0,-4.365852355957031,0.0,0.0,2.0,0.0,1.0
2021-02-25,41.53644038715503,41.82041993136422,41.030887085691624,41.17755889892578,33324600,0.0,0.0,0.0016326348046442536,0.8120649988568234,0.8120649988568234,0.8120649988568234,-1.9941329956054688,-1.0,-4.759067535400391,0.0,0.0,2.0,0.0,1.0
2021-02-26,41.0308846177347,41.13386808828488,40.52533134667969,40.5440559387207,42470700,0.0,0.0,0.002048708266344696,0.8006480383846281,0.8006480383846281,0.8006480383846281,-2.627635955810547,-1.0,-5.392570495605469,0.0,0.0,2.0,0.0,1.0
2021-03-01,41.06209343328927,41.37104029128978,40.921660770611155,40.996559143066406,34634400,0.0,0.0,0.0016893459090692568,0.8025292036835173,0.8025292036835173,0.8025292036835173,0.4525032043457031,1.0,0.4525032043457031,0.0,0.0,0.0070412806625014205,0.0035206403312507102,0.9964793596687493
2021-03-02,41.04025311678083,41.427219761135035,40.57214893868891,40.60335540771485,29230800,0.0,0.0,0.0014121022153222396,0.806282176452275,0.806282176452275,0.806282176452275,-0.3932037353515554,1.0,0.05929946899414773,0.0,0.0,0.00012092328770137534,0.5,0.5
2021-03-03,40.41299529526458,40.547185255095755,39.80445843425768,39.81694030761719,41837400,0.0,0.0,0.0019819654507559435,0.8057546619526245,0.8057546619526245,0.8057546619526245,-1.1796188354492188,-1.0,-0.7864151000976634,1.117202336353472,0.8969748651869107,2.0,0.0,1.0
2021-03-04,39.90120509409703,40.43796501267467,39.40813709575598,39.798221588134766,45348000,0.0,0.0,0.0021472633524600156,0.8217598944502001,0.8217598944502001,0.8217598944502001,-1.1983375549316406,-1.0,-0.8051338195800852,0.0,0.0,2.0,0.0,1.0
2021-03-05,39.57977627314288,40.49101744727626,39.55480895138548,40.29441452026367,34073700,0.0,0.0,0.0016335320263991036,0.8299347945530988,0.8299347945530988,0.8299347945530988,0.49619293212890625,1.0,0.49619293212890625,0.0,0.0,0.37980878742448104,0.18990439371224052,0.8100956062877595
2021-03-08,40.35995268396008,40.51910642921299,39.88560566743348,39.90745162963867,40988400,0.0,0.0,0.0019461596767977598,0.8159037922121282,0.8159037922121282,0.8159037922121282,-0.386962890625,1.0,0.10923004150390625,0.0,0.0,0.018405518578958054,0.5,0.5
2021-03-09,40.19454825265338,40.53158027666457,40.0447550515312,40.222633361816406,31988700,0.0,0.0,0.0015308428129719655,0.802205567555969,0.802205567555969,0.802205567555969,0.3151817321777344,1.0,0.4244117736816406,0.0,0.0,0.27786811019877833,0.13893405509938916,0.8610659449006108
2021-03-10,40.21326960697435,41.520837757212966,40.09156152482804,41.24934005737305,44929200,0.0,0.0,0.0022050030713600633,0.8469963293294661,0.8469963293294661,0.8469963293294661,1.341888427734375,1.0,1.4511184692382812,0.0,0.0,2.0,1.0,0.0
2021-03-11,41.61759068094617,41.65815766913136,41.04650291382616,41.233741760253906,35489700,0.0,0.0,0.0017410794245015712,0.8301862168991616,0.8301862168991616,0.8301862168991616,-0.015598297119140625,1.0,1.4355201721191406,0.0,0.0,2.0,0.5,0.5
2021-03-12,41.355444970898766,41.979585099147315,41.21813721404651,41.854759216308594,28437600,0.0,0.0,0.001416124046352726,0.825276336056422,0.825276336056422,0.825276336056422,0.6210174560546875,1.0,2.056537628173828,0.0,0.0,2.0,1.0,0.0
2021-03-15,42.048235946804034,42.0513573077878,41.44906320656689,41.63942337036133,25071900,0.0,0.0,0.0012420968544036557,0.8093490335681709,0.8093490335681709,0.8093490335681709,-0.21533584594726562,1.0,1.8412017822265625,0.0,0.0,2.0,0.5,0.5
2021-03-16,41.44906338891502,41.90468209671357,41.44906338891502,41.6269416809082,19881000,0.0,0.0,0.0009846371968688797,0.7840825817274837,0.7840825817274837,0.7840825817274837,-0.22781753540039062,1.0,1.8287200927734375,0.0,0.0,2.0,0.5,0.5
2021-03-17,41.34920757742106,41.54893185553509,41.186928922939565,41.28055191040039,24156300,0.0,0.0,0.001186422619075225,0.7595061657447091,0.7595061657447091,0.7595061657447091,-0.5742073059082031,-1.0,-0.3463897705078125,0.2621342836273257,0.20840600146681273,0.035878612762374175,0.8778576928854065,0.12214230711459345
2021-03-18,41.10192272868257,41.34948600168956,40.71647484266732,40.74154281616211,29815500,0.183333,0.0,0.0014452503262555045,0.750470808121676,0.750470808121676,0.750470808121676,-1.1132164001464844,-1.0,-0.8853988647460938,0.0,0.0,0.23441394743080304,0.8827930262845984,0.11720697371540152
2021-03-19,40.77915398156579,41.52184748918371,40.7070772718779,41.28368377685547,57703500,0.0,0.0,0.0028342888425933847,0.7550636230634001,0.7550636230634001,0.7550636230634001,0.5421409606933594,-1.0,-0.3432579040527344,0.0,0.0,0.03523275625754763,0.5,0.5
2021-03-22,41.051798456176336,41.50618881761245,41.04866406175872,41.48111724853515,24654000,0.0,0.0,0.0012167499724302106,0.7338108468341377,0.7338108468341377,0.7338108468341377,0.7395744323730398,-1.0,-0.14582443237305398,0.15670281592288404,0.044894157281679205,0.006358667498820702,0.8759352772056386,0.12406472279436143
2021-03-23,41.27427982775799,42.085915636276326,41.24921185127559,41.97310256958008,29154900,0.0,0.0,0.0014559489147824105,0.7411603424174662,0.7411603424174662,0.7411603424174662,1.2315597534179688,1.0,0.491985321044929,0.5640681470926125,0.20977424932736746,2.0,1.0,0.0
2021-03-24,42.12665898769451,42.12665898769451,41.694202288904215,41.71300506591797,23547300,0.0,0.0,0.0011686275040842641,0.7191100821583827,0.7191100821583827,0.7191100821583827,-0.2600975036621094,1.0,0.2318878173828196,0.0,0.0,2.0,0.5,0.5
2021-03-25,41.760011552750115,42.157997104138474,41.637798877641195,41.99504089355469,28125900,0.0,0.0,0.001405296436936769,0.7049020924683038,0.7049020924683038,0.7049020924683038,0.28203582763671875,1.0,0.5139236450195384,0.0,0.0,2.0,1.0,0.0
2021-03-26,41.99190454030897,42.36794928417723,41.810145576112674,42.34601211547851,28653600,0.0,0.0,0.0014436277433484551,0.6943950650108932,0.6943950650108932,0.6943950650108932,0.6330070495605398,1.0,0.8648948669433594,0.0,0.0,2.0,1.0,0.0
2021-03-29,42.30527313296222,42.93514992264702,42.179926088204525,42.82860565185547,30146400,0.0,0.0,0.0015361474390149345,0.6987399771131506,0.6987399771131506,0.6987399771131506,1.1156005859375,1.0,1.3474884033203196,0.0,0.0,2.0,1.0,0.0
2021-03-30,42.72205634923049,43.11690741663417,42.452555908605504,42.537166595458984,27230100,0.0,0.0,0.0013781018086367373,0.6962836578928303,0.6962836578928303,0.6962836578928303,-0.2914390563964844,1.0,1.0560493469238352,0.0,0.0,2.0,0.5,0.5
2021-03-31,42.477638807590985,42.88815477838142,42.29274900446437,42.56538391113281,24546000,0.0,0.0,0.0012430849055967727,0.6890780947517032,0.6890780947517032,0.6890780947517032,0.028217315673828125,-1.0,0.028217315673828125,0.0,0.0,0.0374430143458544,0.0187215071729272,0.9812784928270728
2021-04-01,42.599848253717944,42.8975547043409,42.40869326316099,42.49957275390625,25595100,0.0,0.0,0.0012942104528005922,0.6747769052108606,0.6747769052108606,0.6747769052108606,-0.0658111572265625,1.0,-0.0658111572265625,0.04386264544451279,0.4442123079870376,2.0,0.0,1.0
2021-04-05,42.84428173532934,43.92228372811686,42.681329113342464,43.69351959228515,40043100,0.0,0.0,0.0020816524852636247,0.7282007672822712,0.7282007672822712,0.7282007672822712,1.1939468383788991,1.0,1.1281356811523366,1.0341289497354396,0.7502040639616492,2.0,1.0,0.0
2021-04-06,43.59324387367589,44.169850469334285,43.40835406611553,43.90348434448242,31044600,0.0,0.0,0.0016216180344554131,0.7305790269920203,0.7305790269920203,0.7305790269920203,1.4039115905761719,1.0,1.3381004333496094,0.0,0.0,2.0,1.0,0.0
2021-04-07,43.96615473695387,44.10717377473222,43.76246216516874,43.80946731567383,20361600,0.0,0.0,0.0010613127519876813,0.703017068604267,0.703017068604267,0.703017068604267,-0.09401702880859375,1.0,1.2440834045410156,0.0,0.0,2.0,0.5,0.5
2021-04-08,44.01315637039678,44.223117713309954,43.765593061842154,43.7812614440918,19095600,0.0,0.0,0.0009946838980147677,0.6854818959516623,0.6854818959516623,0.6854818959516623,-0.122222900390625,1.0,1.2158775329589844,0.0,0.0,2.0,0.5,0.5
2021-04-09,43.75619484441927,43.90034828098408,43.467895143816094,43.80320358276367,20676600,0.0,0.0,0.001077577485002014,0.6674084131814,0.6674084131814,0.6674084131814,0.021942138671875,-1.0,0.021942138671875,0.29456702135264834,2.0,0.11116264090107882,1.0,0.0
2021-04-12,43.89407802108821,43.99122271605134,43.66531747020562,43.80946731567383,18723000,0.0,0.0,0.0009759035957618929,0.6430153298002799,0.6430153298002799,0.6430153298002799,0.02820587158203125,1.0,0.00626373291015625,0.10027559163653166,2.0,0.009058731900907908,1.0,0.0
2021-04-13,43.80946360164883,43.872140716605145,43.5180295414663,43.67471694946289,17397900,0.0,0.0,0.0009040458098665281,0.6223793187530346,0.6223793187530346,0.6223793187530346,-0.1347503662109375,-1.0,-0.1347503662109375,0.0,0.0,2.0,0.0,1.0
2021-04-14,43.596372642690945,43.70292051338935,43.377011700011394,43.6590461730957,21924600,0.0,0.0,0.0011388576158011799,0.6012028540833863,0.6012028540833863,0.6012028540833863,-0.150421142578125,-1.0,-0.150421142578125,0.0,0.0,2.0,0.0,1.0
2021-04-15,43.68411185622114,44.01942021951514,43.62143833425355,43.92227554321289,21710400,0.0,0.0,0.001134530473575118,0.5866870705961154,0.5866870705961154,0.5866870705961154,0.2632293701171875,1.0,0.2632293701171875,0.14727950290999559,0.31305160179451696,2.0,1.0,0.0
2021-04-16,44.15103854450056,44.17297571293354,43.78125900598091,44.06329345703125,26488500,0.0,0.0,0.0013886660842978365,0.5727606160501525,0.5727606160501525,0.5727606160501525,0.4042472839355469,1.0,0.4042472839355469,0.0,0.0,2.0,1.0,0.0
2021-04-19,43.96301682994536,44.05076192230106,43.74992467959251,43.7812614440918,19281000,0.0,0.0,0.0010043413266733036,0.5542326275779087,0.5542326275779087,0.5542326275779087,-0.2820320129394531,-1.0,-0.2820320129394531,0.0,0.0,0.48674622600960576,0.7566268869951971,0.24337311300480288
2021-04-20,43.69039046532221,44.42681891950234,43.50236984171555,44.11971282958984,24452100,0.0,0.0,0.0012835486921676353,0.5806766597356859,0.5806766597356859,0.5806766597356859,0.33845138549803977,-1.0,0.056419372558586645,0.25384320656879567,0.5625206860794949,0.04001839714818874,0.30126954161384184,0.6987304583861582
2021-04-21,44.113433969523214,44.40487160759766,44.038226454503715,44.24818420410156,17335200,0.0,0.0,0.0009126154530961283,0.5653886949755619,0.5653886949755619,0.5653886949755619,0.4669227600097656,-1.0,0.1848907470703125,0.0,0.0,0.42976747060122467,0.21488373530061233,0.7851162646993877
2021-04-22,44.210582606923026,44.32653006714385,43.69038085334684,43.76872634887695,19705200,0.0,0.0,0.0010261438921472822,0.5704430177485226,0.5704430177485226,0.5704430177485226,-0.4794578552246094,-1.0,-0.2945671081542969,0.0,0.0,2.0,0.0,1.0
2021-04-23,43.59009953347995,43.97867822050549,43.568162367312866,43.84079360961914,22971000,0.0,0.0,0.0011981793136503513,0.559019648851673,0.559019648851673,0.559019648851673,0.0720672607421875,-1.0,-0.22249984741210938,0.0,0.0,1.4482017916474177,0.5,0.5
2021-04-26,43.84393221185835,43.87213816714159,43.132579095493824,43.21718978881836,22846200,0.0,0.0,0.0011747190348623557,0.571915321908537,0.571915321908537,0.571915321908537,-0.6236038208007812,-1.0,-0.8461036682128906,0.0,0.0,2.0,0.0,1.0
2021-04-27,43.24539339747527,43.5430962362661,43.10437437580451,43.36447525024414,16151400,0.0,0.0,0.0008333122699506001,0.5624015032337552,0.5624015032337552,0.5624015032337552,0.14728546142578125,-1.0,-0.6988182067871094,0.0,0.0,2.0,0.5,0.5
2021-04-28,43.35507565647915,43.43028317144556,43.20465704028364,43.21092224121094,14286600,0.0,0.0,0.000734490070834422,0.5383461195143382,0.5383461195143382,0.5383461195143382,-0.15355300903320312,-1.0,-0.8523712158203125,0.0,0.0,2.0,0.0,1.0
2021-04-29,43.21405947279358,43.87214230671559,43.21405947279358,43.75619125366211,19596000,0.0,0.0,0.0010201650737891022,0.5471228299422177,0.5471228299422177,0.5471228299422177,0.5452690124511719,1.0,0.5452690124511719,0.3290460704494862,0.3641596159971553,0.4092268156752637,0.3866932158362095,0.6133067841637905
2021-04-30,43.781263388384154,43.869008484636545,43.5932392067756,43.843936920166016,19680000,0.0,0.0,0.0010265926407538217,0.527740433364984,0.527740433364984,0.527740433364984,0.6330146789550781,1.0,0.6330146789550781,0.0,0.0,0.5515311057667674,0.2757655528833837,0.7242344471166162
2021-05-03,43.77186425667047,44.73078436539248,43.77186425667047,44.53649139404297,27139500,0.0,0.0,0.0014380743849417806,0.5585389816047717,0.5585389816047717,0.5585389816047717,1.3255691528320312,1.0,1.3255691528320312,0.0,0.0,2.0,1.0,0.0
2021-05-04,44.35473336475915,44.508286379144465,43.903477502669574,44.0977668762207,19084200,0.0,0.0,0.0010012765954935856,0.5638586180168161,0.5638586180168161,0.5638586180168161,-0.4387245178222656,1.0,0.8868446350097656,0.0,0.0,1.082524004566101,0.5,0.5
2021-05-05,44.0946291597671,44.24818216258138,43.95047933731061,44.06016159057617,18351000,0.0,0.0,0.0009619872790168307,0.544847489963527,0.544847489963527,0.544847489963527,-0.4763298034667969,1.0,0.8492393493652344,0.0,0.0,0.9926649030595468,0.5,0.5
2021-05-06,44.0444317001578,44.47228967394571,43.87139904881524,44.37476348876953,16302000,0.183333,0.0,0.0008606774975188226,0.54885057104688,0.54885057104688,0.54885057104688,0.3146018981933594,1.0,1.1638412475585938,0.03207845385433217,0.010396907446126867,1.8643606977934333,0.93737880261978,0.06262119738021998
2021-05-07,44.55723452251774,44.585551248694514,43.830500956655285,44.10735321044922,23408400,0.0,0.0,0.001228418181749863,0.5635791225463335,0.5635791225463335,0.5635791225463335,-0.2674102783203125,1.0,0.8964309692382812,0.11997838065532562,0.20130279268963583,1.1060535471336714,0.8460230110508031,0.15397698894919687
2021-05-10,44.186003502523775,44.69880808085086,44.14196046158722,44.30240631103515,26307600,0.0,0.0,0.001386666596834546,0.5655702473931412,0.5655702473931412,0.5655702473931412,0.1950531005859304,1.0,1.0914840698242116,0.0,0.0,1.6397485382371502,0.8198742691185751,0.18012573088142492
2021-05-11,44.31813324522791,44.31813324522791,43.51589331607279,43.902854919433594,26464200,0.0,0.0,0.0013823405273824482,0.5824752246618541,0.5824752246618541,0.5824752246618541,-0.3995513916015554,-1.0,-0.3995513916015554,0.31460764058249424,0.6200022080989902,0.13400175678484114,0.6229980175580843,0.3770019824419157
2021-05-12,43.68893671419649,43.72354324987103,42.757710554637306,42.767147064208984,25998300,0.0,0.0,0.0013228747870569699,0.6226658775285994,0.6226658775285994,0.6226658775285994,-1.5352592468261648,-1.0,-1.5352592468261648,0.0,0.0,1.978466223937347,0.010766888031326527,0.9892331119686735
2021-05-13,42.85837999965981,43.7235397213573,42.71051735932259,43.4907341003418,21475200,0.0,0.0,0.0011112133845447908,0.6505484835647503,0.6505484835647503,0.6505484835647503,0.7235870361328125,-1.0,-0.8116722106933523,0.0,0.0,0.5530018081474192,0.5,0.5
2021-05-14,43.67005967440866,44.11994103350076,43.5505101523515,43.893428802490234,16091700,0.0,0.0,0.0008403591699215389,0.649024087107194,0.649024087107194,0.649024087107194,1.12628173828125,1.0,0.4026947021484375,0.3963977836297303,0.12387063109000923,0.24614469359708974,0.18500766234354948,0.8149923376564505
2021-05-17,44.04443680796056,44.170276132369395,43.65747512484837,43.69522476196289,19675800,0.0,0.0,0.0010228922433737175,0.6392938671367535,0.6392938671367535,0.6392938671367535,-0.19820404052734375,1.0,0.20449066162109375,0.0,0.0,0.06347250020607638,0.5,0.5
2021-05-18,45.148689173839074,45.48531438603847,44.42510230275949,44.64532470703125,58183800,0.0,0.0,0.0030905912876166212,0.7214935640609552,0.7214935640609552,0.7214935640609552,0.9500999450683594,1.0,1.1545906066894531,0.0,0.0,2.0,1.0,0.0
2021-05-19,44.26779997541345,45.214755962703144,44.20173361354177,44.64847183227539,34874700,0.0,0.0,0.001852595427205295,0.7423170487109853,0.7423170487109853,0.7423170487109853,0.9532470703125,-1.0,0.003147125244140625,0.0,0.0,1.5033728355935338e-05,7.516864177967669e-06,0.999992483135822
2021-05-20,44.5163390038125,44.94734370647069,44.26465676862036,44.80577087402344,30540900,0.0,0.0,0.0016280933146109189,0.7380577550780811,0.7380577550780811,0.7380577550780811,1.1105461120605469,-1.0,0.1604461669921875,0.16044553413912865,0.02087286550582651,0.03907485169102799,0.02997385859842725,0.9700261414015727
2021-05-21,44.837239345069975,45.01341512933972,44.54780384196922,44.594993591308594,22927500,0.0,0.0,0.0012164837621835261,0.7185972930989682,0.7185972930989682,0.7185972930989682,-0.21077728271484375,1.0,-0.21077728271484375,0.0,0.0,1.7257938221533942,0.13710308892330292,0.8628969110766971
2021-05-24,44.59813690185547,44.805772503222215,44.47229397951024,44.59813690185547,18945900,0.0,0.0,0.0010052994971657936,0.6910888095713259,0.6910888095713259,0.6910888095713259,0.003143310546875,-1.0,0.003143310546875,0.0,0.0,0.00022239600250889378,0.00011119800125444689,0.9998888019987455
2021-05-25,44.61071935408066,44.87498480605325,44.381060435137506,44.78060531616211,21505200,0.0,0.0,0.0011457686998196663,0.6770056353816414,0.6770056353816414,0.6770056353816414,0.18561172485351562,-1.0,0.18561172485351562,0.16674340683171351,0.8070241443019482,0.775466802159162,0.7912454732305552,0.20875452676944484
2021-05-26,44.79633632825202,44.95049237912705,44.59813723441848,44.72712326049805,19294200,0.0,0.0,0.0010267418178838768,0.653816314619279,0.653816314619279,0.653816314619279,-0.0534820556640625,1.0,-0.0534820556640625,0.0,0.0,0.08302432821297841,0.9584878358935108,0.041512164106489204
2021-05-27,45.09835191479297,45.20217150926696,44.57611083984375,44.57611083984375,56577000,0.0,0.0,0.0030005826805002515,0.6518337685338456,0.6518337685338456,0.6518337685338456,-0.20449447631835938,1.0,-0.20449447631835938,0.32718670321371235,2.0,1.213814580692965,0.0,1.0
2021-05-28,44.651622748168485,44.815215316776495,44.560386353936885,44.683082580566406,21186300,0.0,0.0,0.0011263198870678961,0.6234762824128288,0.6234762824128288,0.6234762824128288,0.10697174072265625,-1.0,0.10697174072265625,0.0,0.0,0.27363708973311385,0.13681854486655692,0.8631814551334431
2021-06-01,44.739709990847416,44.92532588705262,44.44398467841402,44.566680908203125,20767500,0.0,0.0,0.0011011792489110121,0.6133237771432414,0.6133237771432414,0.6133237771432414,-0.11640167236328125,-1.0,-0.009429931640625,0.13212616142973133,1.2884251568325464,0.007771036751850533,0.35190190320780157,0.6480980967921984
2021-06-02,44.481722307918915,44.582395178993245,44.072737419049766,44.469139099121094,23298000,0.0,0.0,0.0012326530965490548,0.6059190616289727,0.6059190616289727,0.6059190616289727,-0.2139434814453125,-1.0,-0.10697174072265625,0.0,0.0,1.0,0.5,0.5
2021-06-03,44.48173179602519,44.62644772893323,44.28038601092879,44.54779815673828,18374400,0.0,0.0,0.0009738743287596753,0.5873578227986491,0.5873578227986491,0.5873578227986491,0.0786590576171875,1.0,0.0786590576171875,0.0,0.0,0.540703713093691,0.2703518565468455,0.7296481434531545
2021-06-04,44.503745758538294,44.76486806499852,44.43767940637227,44.626441955566406,13635900,0.0,0.0,0.0007240016868762007,0.5687743110720491,0.5687743110720491,0.5687743110720491,0.1573028564453125,1.0,0.1573028564453125,0.0,0.0,2.0,1.0,0.0
2021-06-07,44.62644765780487,44.664200892536925,44.16712623615581,44.32757568359375,16630800,0.0,0.0,0.0008771030659428915,0.5636529071655539,0.5636529071655539,0.5636529071655539,-0.29886627197265625,-1.0,-0.29886627197265625,0.11325977477297755,0.14361426330935145,2.0,0.0,1.0
2021-06-08,44.20487670624651,44.32757291127879,43.984654317878054,43.99094772338867,20120700,0.0,0.0,0.0010531007266184284,0.5478863684905642,0.5478863684905642,0.5478863684905642,-0.6354942321777344,-1.0,-0.6354942321777344,0.0,0.0,2.0,0.0,1.0
2021-06-09,43.836793526748465,44.04757581567552,43.73926733932928,43.75499725341797,17085300,0.0,0.0,0.0008894341047947528,0.5307736619088268,0.5307736619088268,0.5307736619088268,-0.8714447021484375,-1.0,-0.8714447021484375,0.0,0.0,2.0,0.0,1.0
2021-06-10,43.755001101708125,44.104209545606075,43.755001101708125,44.006683349609375,16378500,0.0,0.0,0.0008575437216849527,0.517804992643061,0.517804992643061,0.517804992643061,0.25168609619140625,1.0,0.25168609619140625,0.0,0.0,0.08341396803784211,0.041706984018921055,0.958293015981079
2021-06-11,44.11678792026396,44.311843891215254,44.00038511839553,44.2803840637207,25232400,0.0,0.0,0.001329331965703024,0.5030659769413943,0.5030659769413943,0.5030659769413943,0.5253868103027344,1.0,0.5253868103027344,0.0,0.0,0.3634784467158558,0.1817392233579279,0.8182607766420721
2021-06-14,44.33701438482407,44.33701438482407,44.05387231102387,44.220611572265625,15140700,0.0,0.0,0.0007965888207366301,0.4873571267170233,0.4873571267170233,0.4873571267170233,-0.059772491455078125,1.0,0.46561431884765625,0.0,0.0,0.2854782245059702,0.5,0.5
2021-06-15,44.308695198415535,44.33071851681121,43.93746349009812,44.044429779052734,19327200,0.0,0.0,0.0010127994128030623,0.48063554814531395,0.48063554814531395,0.48063554814531395,-0.23595428466796875,-1.0,-0.17618179321289062,0.06292162829740988,0.0711122089987189,0.14317572698659906,0.892856032007341,0.10714396799265898
2021-06-16,43.997241625856475,44.0570145774969,43.09118204045242,43.14781188964844,28794900,0.0,0.0,0.00147821586696782,0.5152924759238257,0.5152924759238257,0.5152924759238257,-1.1325721740722656,-1.0,-1.0727996826171875,0.0,0.0,2.0,0.0,1.0
2021-06-17,43.100624783470835,43.525339677536735,43.00938839869124,43.3271369934082,19341900,0.0,0.0,0.0009970630778202085,0.5153395332753733,0.5153395332753733,0.5153395332753733,0.17932510375976562,-1.0,-0.8934745788574219,0.0,0.0,2.0,0.5,0.5
2021-06-18,42.60985297078167,42.908725014178174,42.28266419460781,42.52490997314453,44812800,0.0,0.0,0.0022673000186069275,0.5531347665271603,0.5531347665271603,0.5531347665271603,-0.8022270202636719,-1.0,-1.6957015991210938,0.0,0.0,2.0,0.0,1.0
2021-06-21,42.67906719005761,43.021982293096364,42.58154097544148,42.91187286376953,20775000,0.0,0.0,0.0010606742124693238,0.5491303060574941,0.5491303060574941,0.5491303060574941,0.386962890625,1.0,0.386962890625,0.0,0.0,0.052076258931911784,0.026038129465955892,0.9739618705340441
2021-06-22,42.85837940998808,43.32713734862191,42.85837940998808,43.11006164550781,19107000,0.0,0.0,0.000980019361467436,0.5433894226700895,0.5433894226700895,0.5433894226700895,0.5851516723632812,1.0,0.5851516723632812,0.0,0.0,0.11907978496180256,0.05953989248090128,0.9404601075190987
2021-06-23,42.94332729311538,43.09748335503901,42.76400480493941,42.773441314697266,19390500,0.0,0.0,0.0009867944739342296,0.5292942382342547,0.5292942382342547,0.5292942382342547,-0.3366203308105469,-1.0,-0.3366203308105469,0.0,0.0,0.3309358250686779,0.834532087465661,0.16546791253433896
2021-06-24,42.83949438515042,43.17611953411798,42.8174746691021,43.07229995727539,23444100,0.0,0.0,0.0012014207712509899,0.5202502368904304,0.5202502368904304,0.5202502368904304,0.298858642578125,1.0,0.298858642578125,0.0,0.0,0.7882263593857817,0.39411317969289084,0.6058868203071092
2021-06-25,43.14152158675834,43.68578599763256,43.07545522478478,43.58196640014648,28640700,0.0,0.0,0.001485094049973686,0.5269099371380545,0.5269099371380545,0.5269099371380545,0.8085250854492116,1.0,0.8085250854492116,0.0,0.0,2.0,1.0,0.0
2021-06-28,43.427801547693264,43.6165640866256,42.97477361446323,43.446678161621094,15549000,0.0,0.0,0.0008037528922443181,0.5351156896397913,0.5351156896397913,0.5351156896397913,-0.13528823852538352,-1.0,-0.13528823852538352,0.0,0.0,0.027998391796680316,0.9860008041016598,0.013999195898340158
2021-06-29,43.38377374410828,43.563096238849965,43.17298781487853,43.195011138916016,35962500,0.0,0.0,0.0018481915212259286,0.5247580278063372,0.5247580278063372,0.5247580278063372,-0.38695526123046164,-1.0,-0.38695526123046164,0.0,0.0,0.2290522245133705,0.8854738877433147,0.11452611225668526
2021-06-30,43.906008312250485,44.856111002025024,43.63230275587879,44.36532974243164,45511200,0.0,0.0,0.0024022904167545537,0.605925301756528,0.605925301756528,0.605925301756528,1.170318603515625,1.0,1.170318603515625,1.2395469153994227,1.1218059019299358,2.0,1.0,0.0
2021-07-01,44.173420175384074,44.437685621005826,43.732975365783375,43.83050155639648,26348700,0.0,0.0,0.001374039258497698,0.6129813698612369,0.6129813698612369,0.6129813698612369,-0.5348281860351634,1.0,0.6354904174804616,0.0,0.0,2.0,0.5,0.5
2021-07-02,43.839941505819624,44.38420591003288,43.839941505819624,44.07904052734375,26280600,0.0,0.0,0.001378259253902054,0.6087472972737489,0.6087472972737489,0.6087472972737489,0.24853897094727273,1.0,0.8840293884277344,0.0,0.0,2.0,1.0,0.0
2021-07-06,44.012975473058994,44.28039125085983,43.89028284598532,44.02556228637695,18279300,0.0,0.0,0.0009574761840120621,0.5931302335309462,0.5931302335309462,0.5931302335309462,-0.053478240966796875,1.0,0.8305511474609375,0.0,0.0,2.0,0.5,0.5
2021-07-07,43.96893120981008,44.41881256409765,43.84309188289192,43.95320129394531,25607400,0.0,0.0,0.001339120028987845,0.5918866940791451,0.5918866940791451,0.5918866940791451,-0.1258392333984375,1.0,0.7581901550292969,0.0,0.0,2.0,0.5,0.5
2021-07-08,43.5221881844144,44.248918078295894,43.484434953464486,43.91543960571289,21267000,0.0,0.0,0.0011111865446629923,0.6042150105614496,0.6042150105614496,0.6042150105614496,-0.16360092163085938,-1.0,-0.037761688232421875,0.405847892520832,2.0,0.0024805416459529957,0.0,1.0
2021-07-09,44.17341573281892,44.3086951450147,44.02240640760127,44.13880920410156,15185400,0.0,0.0,0.0007974626597958365,0.5891464769000468,0.5891464769000468,0.5891464769000468,0.22336959838867188,1.0,0.22336959838867188,0.0,0.0,2.0,1.0,0.0
2021-07-12,44.261507366451376,44.292967193888565,43.833645792543344,44.06016159057617,19515000,0.0,0.0,0.001023005926108302,0.5798732572175593,0.5798732572175593,0.5798732572175593,-0.07864761352539062,-1.0,-0.07864761352539062,0.0,0.0,0.12397181834588174,0.9380140908270591,0.06198590917294087
2021-07-13,44.041286140981875,44.415664578027794,44.02555622684649,44.22690200805664,18947700,0.0,0.0,0.0009970260999231343,0.5663186210721125,0.5663186210721125,0.5663186210721125,0.16674041748046875,1.0,0.16674041748046875,0.10696943301309148,0.4115642266207539,2.0,1.0,0.0
2021-07-14,44.26780489739282,44.61072355692835,43.99095620742174,44.532073974609375,18812100,0.0,0.0,0.000996721230103122,0.5701363873888623,0.5701363873888623,0.5701363873888623,0.4719123840332031,1.0,0.4719123840332031,0.0,0.0,2.0,1.0,0.0
2021-07-15,44.67364362104108,44.87498943385032,44.38735481843125,44.566680908203125,17974800,0.0,0.0,0.0009530986764572367,0.5642434036767342,0.5642434036767342,0.5642434036767342,0.5065193176269531,1.0,0.5065193176269531,0.0,0.0,2.0,1.0,0.0
2021-07-16,44.579252690890534,44.71453209920656,44.34330040198333,44.53520965576172,18095400,0.0,0.0,0.0009588158333663821,0.5504568532157696,0.5504568532157696,0.5504568532157696,-0.03147125244140625,-1.0,-0.03147125244140625,0.0,0.0,0.003860433066744294,0.9980697834666279,0.001930216533372147
2021-07-19,44.48801891810379,44.98194684252663,43.97207127500256,44.431392669677734,27383100,0.0,0.0,0.0014475582432741175,0.5832724756663625,0.5832724756663625,0.5832724756663625,-0.13528823852539062,-1.0,-0.13528823852539062,0.10695740867631542,0.6250311477118325,0.071339170985846,0.6518148406511608,0.34818515934883926
2021-07-20,44.34960175806861,44.82150642048525,44.28982519930622,44.63274383544922,19020300,0.0,0.0,0.0010100304274101544,0.5795873860601244,0.5795873860601244,0.5795873860601244,0.20135116577148438,-1.0,0.06606292724609375,0.10697432127869178,0.2822609393919504,0.2384490202064378,0.2603549797991941,0.7396450202008059
2021-07-21,44.8309428717139,44.8435260839409,44.26780182048024,44.41252136230469,18591900,0.0,0.0,0.000982409859655945,0.5793114487315916,0.5793114487315916,0.5793114487315916,-0.22022247314453125,-1.0,-0.1541595458984375,0.0,0.0,2.0,0.0,1.0
2021-07-22,44.39993452736172,44.71139333216425,44.29611852610772,44.4439811706543,13013400,0.0,0.0,0.0006881248511515519,0.5675945456833729,0.5675945456833729,0.5675945456833729,0.031459808349609375,-1.0,-0.12269973754882812,0.0,0.0,2.0,0.5,0.5
2021-07-23,44.52262922901713,44.90015438553613,44.36218337772192,44.80891799926758,15947400,0.0,0.0,0.0008501936422312985,0.5654785786927187,0.5654785786927187,0.5654785786927187,0.3963966369628906,1.0,0.36493682861328125,0.056628301595232244,0.02040831506198476,2.0,1.0,0.0
2021-07-26,44.786894428718426,45.258799033627646,44.503748785495766,44.87183380126953,18517200,0.0,0.0,0.000988581875830116,0.5790194122240874,0.5790194122240874,0.5790194122240874,0.45931243896484375,1.0,0.4278526306152344,0.0,0.0,2.0,1.0,0.0
2021-07-27,44.98824062500759,44.98824062500759,44.661051941047,44.87498092651367,15395700,0.0,0.0,0.000821991307940404,0.5610315030624092,0.5610315030624092,0.5610315030624092,0.4624595642089844,1.0,0.430999755859375,0.0,0.0,2.0,1.0,0.0
2021-07-28,44.8246490549449,45.066894789917214,44.566677005092984,44.6925163269043,14071500,0.0,0.0,0.0007482361915011971,0.5566876660453964,0.5566876660453964,0.5566876660453964,-0.182464599609375,1.0,0.24853515625,0.0,0.0,2.0,0.5,0.5
2021-07-29,44.87498865315273,44.94105862215676,44.67993625051731,44.749149322509766,11063100,0.0,0.0,0.0005890133391057771,0.5355758593021147,0.5355758593021147,0.5355758593021147,0.05663299560546875,1.0,0.30516815185546875,0.0,0.0,2.0,1.0,0.0
2021-07-30,44.42194959217176,44.9756504307781,44.42194959217176,44.84666442871094,16332300,0.0,0.0,0.0008714470497018058,0.5368705006809884,0.5368705006809884,0.5368705006809884,0.15414810180664062,1.0,0.4026832580566406,0.14472741292122748,0.8815059246429144,2.0,1.0,0.0
2021-08-02,44.93475670593098,44.9473399165429,44.56981479541401,44.74284744262695,19958400,0.0,0.0,0.0010624606394688024,0.5254886878558386,0.5254886878558386,0.5254886878558386,-0.10381698608398438,1.0,0.29886627197265625,0.11012145510329674,1.125141255731854,2.0,0.6399710721337089,0.3600289278662911
2021-08-03,44.81206063526365,45.2713820272606,44.78689421396468,45.246212005615234,18915300,0.0,0.0,0.0010182606664412754,0.5257062519113963,0.5257062519113963,0.5257062519113963,0.5033645629882812,1.0,0.8022308349609375,0.0,0.0,2.0,1.0,0.0
2021-08-04,45.10778670562562,45.28396605929965,44.90644453054261,44.93790435791016,15301500,0.0,0.0,0.0008181074179538399,0.5151216288289425,0.5151216288289425,0.5151216288289425,-0.308307647705071,1.0,0.4939231872558665,0.0,0.0,2.0,0.5,0.5
2021-08-05,45.37520824930626,45.78733636101052,45.29970177367826,45.7716064453125,27005400,0.0,0.0,0.0014706532187487465,0.5390009412769005,0.5390009412769005,0.5390009412769005,0.8337020874023366,1.0,1.3276252746582031,0.0,0.0,2.0,1.0,0.0
2021-08-06,45.998112303874855,46.07990856784833,45.601710593423526,45.68980026245117,19263600,0.0,0.0,0.0010471773005890216,0.5346578722160363,0.5346578722160363,0.5346578722160363,-0.08180618286132812,1.0,1.245819091796875,0.0,0.0,2.0,0.5,0.5
2021-08-09,45.9037351227162,46.083061186319675,45.74328927669899,45.79991912841797,15811800,0.0,0.0,0.000861607621359222,0.5245580901912126,0.5245580901912126,0.5245580901912126,0.11011886596679688,1.0,1.3559379577636719,0.0,0.0,2.0,1.0,0.0
2021-08-10,46.23721368246904,46.860127602241455,46.01069789330347,46.775184631347656,38262000,0.0,0.0,0.002129348205851666,0.5628188318792322,0.5628188318792322,0.5628188318792322,1.0853843688964844,1.0,2.3312034606933594,0.0,0.0,2.0,1.0,0.0
2021-08-11,47.036312198746344,47.68754296490723,46.92620278630993,47.1936149597168,41455800,0.0,0.0,0.002327727051072872,0.5877859391421137,0.5877859391421137,0.5877859391421137,1.503814697265625,1.0,2.7496337890625,0.0,0.0,2.0,1.0,0.0
2021-08-12,47.048356623748454,47.43042566742606,46.988360101137495,47.06730270385742,18269100,0.183333,0.0,0.0010230573318298088,0.5773773410811458,0.5773773410811458,0.5773773410811458,-0.126312255859375,1.0,2.623321533203125,0.0,0.0,2.0,0.5,0.5
2021-08-13,47.168346489841376,47.47779313551963,47.09888234160735,47.21571350097656,15981300,0.0,0.0,0.0008977639648363468,0.5654568475512219,0.5654568475512219,0.5654568475512219,0.14841079711914062,1.0,2.7717323303222656,0.0,0.0,2.0,1.0,0.0
2021-08-16,47.26307295634647,47.91038350951603,47.06098625282363,47.60093688964844,47791500,0.0,0.0,0.0027066348576300398,0.5857383053470203,0.5857383053470203,0.5857383053470203,0.5336341857910156,1.0,3.1569557189941406,0.0,0.0,2.0,1.0,0.0
2021-08-17,47.49042507355572,48.153523513706354,47.079938660354095,47.58515548706055,50950200,0.0,0.0,0.0028845687492994325,0.6205844873473945,0.6205844873473945,0.6205844873473945,-0.015781402587890625,1.0,3.14117431640625,0.01894368125325485,1.4409123292029546,2.0,0.5812411967099655,0.4187588032900345
2021-08-18,47.53779424341858,48.175630064368214,47.05467814661931,47.07994079589844,28211700,0.0,0.0,0.0015802604586493763,0.6563250180903595,0.6563250180903595,0.6563250180903595,-0.52099609375,1.0,2.6359596252441406,0.006308106204322428,0.0001465983421216346,2.0,0.9999267062013139,7.329379868612972e-05
2021-08-19,46.83680580470804,47.57253036085564,46.73260414703255,47.39886093139648,22630500,0.0,0.0,0.001276220048310026,0.6694393892141255,0.6694393892141255,0.6694393892141255,0.31892013549803977,-1.0,0.31892013549803977,0.34733451332154175,1.1861292054443655,2.0,1.0,0.0
2021-08-20,47.515679751251106,47.907223629668685,47.28517574198048,47.82196807861328,19400400,0.0,0.0,0.001103828588634681,0.666054281962274,0.666054281962274,0.666054281962274,0.7420272827148438,1.0,0.423107147216804,0.0,0.0,2.0,1.0,0.0
2021-08-23,47.84722893075959,47.92932981634993,47.49357719792203,47.50621032714844,16166100,0.0,0.0,0.0009137326768983807,0.6496041631383901,0.6496041631383901,0.6496041631383901,-0.31575775146484375,1.0,0.10734939575196023,0.0,0.0,0.7654413875061185,0.5,0.5
2021-08-24,47.522008972782906,47.522008972782906,46.95363727649996,47.016788482666016,18828900,0.0,0.0,0.0010532741319899347,0.6438018440772869,0.6438018440772869,0.6438018440772869,-0.8051795959472656,-1.0,-0.4894218444824219,0.33153846548052,0.16954396061474467,2.0,0.0,1.0
2021-08-25,46.862062660202355,47.13677181676265,46.74207321592269,47.03572845458984,21921300,0.0,0.0,0.0012267545807178842,0.6260087552746212,0.6260087552746212,0.6260087552746212,0.01893997192382102,-1.0,-0.47048187255860086,0.0,0.0,2.0,0.5,0.5
2021-08-26,46.56524374325984,46.81785213902448,46.3126353474952,46.5273551940918,23466900,0.0,0.0,0.0012990551744027248,0.6329433518331935,0.6329433518331935,0.6329433518331935,-0.5083732604980398,-1.0,-0.9788551330566406,0.0,0.0,2.0,0.0,1.0
2021-08-27,46.57787153035908,46.634709772394224,46.15791031384194,46.2652702331543,23088600,0.0,0.0,0.0012709141392166737,0.6217902165988429,0.6217902165988429,0.6217902165988429,-0.7704582214355398,-1.0,-1.2409400939941406,0.0,0.0,2.0,0.0,1.0
2021-08-30,46.23370112830311,46.73260140636873,46.10739511057754,46.63787460327149,16440600,0.0,0.0,0.0009122627077666664,0.622034222255439,0.622034222255439,0.622034222255439,0.3726043701171946,-1.0,-0.868335723876946,0.0,0.0,2.0,0.5,0.5
2021-08-31,46.72944153505093,46.8715317238788,46.49262094007563,46.76417541503906,25078500,0.0,0.0,0.0013953345438252993,0.6046682623659914,0.6046682623659914,0.6046682623659914,0.4989051818847656,1.0,0.12630081176757102,0.23682195148457907,0.22532422266443114,0.021156165058944906,0.12324019386168802,0.876759806138312
2021-09-01,46.59366375360013,46.710494908488386,46.28105883735648,46.66312789916992,19056600,0.0,0.0,0.0010579929489550296,0.5959859991743192,0.5959859991743192,0.5959859991743192,-0.10104751586914062,-1.0,-0.10104751586914062,0.0,0.0,0.6400869883675427,0.6799565058162287,0.32004349418377137
2021-09-02,46.770488308344866,46.98204987048198,46.634711071031646,46.909423828125,20018100,0.0,0.0,0.0011172399621561864,0.5782254849083203,0.5782254849083203,0.5782254849083203,0.24629592895507812,1.0,0.24629592895507812,0.1105181466031766,0.20135050328960788,2.0,1.0,0.0
2021-09-03,46.79574907396162,47.25359883259084,46.701018671738574,47.127296447753906,17211900,0.0,0.0,0.000965083407187114,0.5763936760471735,0.5763936760471735,0.5763936760471735,0.4641685485839844,1.0,0.4641685485839844,0.0,0.0,2.0,1.0,0.0
2021-09-07,47.038890536698226,47.10204173975825,46.43578859756388,46.502098083496094,25345200,0.0,0.0,0.0014022704387184623,0.5846161170573775,0.5846161170573775,0.5846161170573775,-0.6251983642578125,-1.0,-0.6251983642578125,0.1989224734677677,0.10123531425822131,1.8141961722931266,0.04228425672432601,0.957715743275674
2021-09-08,46.401040328005394,46.833630993890026,46.33157258073723,46.56207656860352,19508400,0.0,0.0,0.0010807307304675658,0.5787191382070502,0.5787191382070502,0.5787191382070502,0.05997848510742898,-1.0,-0.5652198791503835,0.0,0.0,1.4828029312206084,0.5,0.5
2021-09-09,46.56208124716843,46.60944825313423,46.05055155053269,46.23369216918945,22328700,0.0,0.0,0.0012282464685306471,0.5773032499495141,0.5773032499495141,0.5773032499495141,-0.3283843994140696,-1.0,-0.8936042785644531,0.0,0.0,2.0,0.0,1.0
2021-09-10,46.4799860482576,46.49261917766203,45.9210893207584,46.06634140014648,15775200,0.0,0.0,0.0008646136828867017,0.5768908647319511,0.5768908647319511,0.5768908647319511,-0.49573516845704546,-1.0,-1.060955047607429,0.0,0.0,2.0,0.0,1.0
2021-09-13,46.26527193107813,46.46420036510865,45.6716412978859,45.80426025390625,19529400,0.0,0.0,0.0010642858365356143,0.592295736338437,0.592295736338437,0.592295736338437,-0.7578163146972727,-1.0,-1.3230361938476562,0.0,0.0,2.0,0.0,1.0
2021-09-14,45.936883145535504,46.063189160982816,45.44429582840391,45.56428527832031,16533900,0.0,0.0,0.0008963205987032734,0.5941955646413277,0.5941955646413277,0.5941955646413277,-0.9977912902832102,-1.0,-1.5630111694335938,0.0,0.0,2.0,0.0,1.0
2021-09-15,45.49165777534157,45.70637400272916,45.403243935736526,45.64322280883789,14850000,0.0,0.0,0.0008064292352863102,0.5734051719521355,0.5734051719521355,0.5734051719521355,0.07893753051757812,-1.0,-1.4840736389160156,0.0,0.0,2.0,0.5,0.5
2021-09-16,45.60849324481035,45.883206023263455,45.37167263171541,45.79479217529297,18428400,0.0,0.0,0.0010040774903777503,0.5689857590661288,0.5689857590661288,0.5689857590661288,0.23050689697265625,-1.0,-1.3325042724609375,0.0,0.0,2.0,0.5,0.5
2021-09-17,45.51375906831908,46.15159842045898,45.47587051968932,45.70005798339844,73032600,0.0,0.0,0.003970973798047728,0.576610197759238,0.576610197759238,0.576610197759238,-0.09473419189453125,1.0,-0.09473419189453125,0.44522441772981836,2.0,0.0416545157328206,0.0,1.0
2021-09-20,45.31166866323078,45.84530633257584,44.71804170017455,45.07169342041016,25054500,0.0,0.0,0.0013435478058987356,0.6159426573765272,0.6159426573765272,0.6159426573765272,-0.7230987548828054,-1.0,-0.6283645629882741,0.0,0.0,1.8326180073917113,0.08369099630414434,0.9163090036958557
2021-09-21,45.0590633035427,45.65269391987451,45.049592069922625,45.16010665893555,17437500,0.0,0.0,0.0009369203843543599,0.6150254568461956,0.6150254568461956,0.6150254568461956,0.08841323852538352,-1.0,-0.5399513244628906,0.0,0.0,1.3531869528458678,0.5,0.5
2021-09-22,45.302207493336425,45.34325794378745,44.92960961076556,45.055912017822266,15044400,0.0,0.0,0.0008064736185760164,0.6006413765730308,0.6006413765730308,0.6006413765730308,-0.10419464111328125,-1.0,-0.6441459655761719,0.0,0.0,1.9258265169324162,0.03708674153379188,0.9629132584662081
2021-09-23,45.22326675921518,45.35272744421586,44.98012957589621,45.081172943115234,15585300,0.0,0.0,0.0008359376421614173,0.5843525545549324,0.5843525545549324,0.5843525545549324,0.02526092529296875,1.0,0.02526092529296875,0.0,0.0,0.0015379064798816382,0.0007689532399408191,0.9992310467600591
2021-09-24,44.99591579315904,45.37167193103392,44.99275751049534,45.20747375488281,13360500,0.0,0.0,0.0007186152983682132,0.5696784021251934,0.5696784021251934,0.5696784021251934,0.15156173706054688,1.0,0.15156173706054688,0.0,0.0,0.0553618464068902,0.0276809232034451,0.9723190767965549
2021-09-27,45.11274325997309,45.32745948676654,44.787508830580265,44.91697311401367,21250800,0.0,0.0,0.0011356624711765329,0.5675549917009851,0.5675549917009851,0.5675549917009851,-0.2905006408691406,-1.0,-0.2905006408691406,0.1926207453159421,0.439654910639483,2.0,0.0,1.0
2021-09-28,44.80013651276693,44.8601330352181,44.20335125210261,44.36438751220703,20580900,0.0,0.0,0.0010863314701568343,0.5779883395731337,0.5779883395731337,0.5779883395731337,-0.8430862426757812,-1.0,-0.8430862426757812,0.0,0.0,2.0,0.0,1.0
2021-09-29,44.411753202422446,44.784354644716146,44.307555177104696,44.34544372558594,21375600,0.0,0.0,0.001127796719820191,0.570760563004442,0.570760563004442,0.570760563004442,-0.862030029296875,-1.0,-0.862030029296875,0.0,0.0,2.0,0.0,1.0
2021-09-30,44.40860269943681,44.752779632066144,43.96969535272929,44.0107421875,22457700,0.0,0.0,0.0011759462643483349,0.5859265427424715,0.5859265427424715,0.5859265427424715,-1.1967315673828125,-1.0,-1.1967315673828125,0.0,0.0,2.0,0.0,1.0
2021-10-01,43.97284542518511,44.08967657900549,42.91820675839667,43.27501678466797,30014400,0.0,0.0,0.001545362677831295,0.6277510625900679,0.6277510625900679,0.6277510625900679,-1.9324569702148438,-1.0,-1.9324569702148438,0.0,0.0,2.0,0.0,1.0
2021-10-04,43.28764759740473,43.64761591686422,42.536135360679815,42.858211517333984,29970300,0.0,0.0,0.0015282297238777517,0.6623031692753776,0.6623031692753776,0.6623031692753776,-2.349262237548828,-1.0,-2.349262237548828,0.0,0.0,2.0,0.0,1.0
2021-10-05,42.927686295369526,43.483424857511,42.911898493885715,43.13924789428711,20597400,0.0,0.0,0.001057178885329575,0.6596538957683515,0.6596538957683515,0.6596538957683515,0.281036376953125,-1.0,-2.068225860595703,0.0,0.0,2.0,0.5,0.5
2021-10-06,43.01924900912528,43.50867797507927,42.98451513075205,43.45499801635742,19376700,0.0,0.0,0.0010018046843662384,0.6499759635225566,0.6499759635225566,0.6499759635225566,0.5967864990234375,1.0,0.3157501220703125,0.0,0.0,0.023307254906353634,0.011653627453176817,0.9883463725468232
2021-10-07,43.82128157509669,44.42754533740086,43.814968623711515,43.96653366088867,21068100,0.0,0.0,0.0011020748874417542,0.673016774774048,0.673016774774048,0.673016774774048,1.1083221435546875,1.0,0.8272857666015625,0.0,0.0,0.15999822935235797,0.07999911467617898,0.9200008853238211
2021-10-08,44.099151611328125,44.234928846553544,43.89390661728083,44.099151611328125,13847400,0.0,0.0,0.0007265440999560312,0.64930287866681,0.64930287866681,0.64930287866681,1.2409400939941406,1.0,0.9599037170410156,0.0,0.0,0.2154068046908146,0.1077034023454073,0.8922965976545927
2021-10-11,44.05494698519496,44.452803848013666,44.02968433916439,44.058101654052734,13048200,0.0,0.0,0.0006839744735048376,0.6331469236798433,0.6331469236798433,0.6331469236798433,-0.041049957275390625,1.0,0.918853759765625,0.0,0.0,0.19737714609597407,0.5,0.5
2021-10-12,43.998112670154846,44.335976650909494,43.91285710428237,44.0107421875,15789300,0.0,0.0,0.000826770700101754,0.6181449681760779,0.6181449681760779,0.6181449681760779,-0.088409423828125,-1.0,-0.047359466552734375,0.0,0.0,0.0026565672258805893,0.9986717163870598,0.0013282836129402946
2021-10-13,44.048639788999296,44.20967609241137,43.61604534078168,43.69182968139648,17937900,0.0,0.0,0.0009324710104328537,0.6163939527084787,0.6163939527084787,0.6163939527084787,-0.40732192993164773,-1.0,-0.3662719726562571,0.0,0.0,0.15889659160059214,0.9205517041997039,0.07944829580029607
2021-10-14,43.732871742291266,44.22861368989232,43.732871742291266,44.16546249389648,19783500,0.0,0.0,0.0010395596597045727,0.6107075281218619,0.6107075281218619,0.6107075281218619,0.4736328125,1.0,0.4736328125,0.0,0.0,1.6721536801022987,0.8360768400511494,0.16392315994885065
2021-10-15,44.402284723735555,44.55384976785111,44.19388143297829,44.38018035888672,20737200,0.0,0.0,0.001094971177104096,0.59482750996706,0.59482750996706,0.59482750996706,0.6883506774902415,1.0,0.6883506774902415,0.0,0.0,2.0,1.0,0.0
2021-10-18,44.20651978673654,44.84119735471206,44.15283981638721,44.73699569702149,19887000,0.0,0.0,0.0010585212910811793,0.6015082262783309,0.6015082262783309,0.6015082262783309,1.0451660156250142,1.0,1.0451660156250142,0.0,0.0,2.0,1.0,0.0
2021-10-19,45.668492879377865,45.97793958599343,45.362204455939334,45.68743896484375,33444300,0.0,0.0,0.001817952086525858,0.6471822021850173,0.6471822021850173,0.6471822021850173,1.9956092834472727,1.0,1.9956092834472727,0.0,0.0,2.0,1.0,0.0
2021-10-20,45.750588514828415,46.25580901053845,45.750588514828415,46.1010856628418,17453700,0.0,0.0,0.0009573311010708478,0.6415527624357089,0.6415527624357089,0.6415527624357089,2.4092559814453196,1.0,2.4092559814453196,0.0,0.0,2.0,1.0,0.0
2021-10-21,46.28421219245079,46.3915684886082,46.04107506125637,46.35683822631836,13954500,0.0,0.0,0.0007696470259332303,0.6207628099297174,0.6207628099297174,0.6207628099297174,2.665008544921882,1.0,2.665008544921882,0.0,0.0,2.0,1.0,0.0
2021-10-22,46.44841047716396,47.26623215396778,46.44841047716396,46.8399543762207,21195600,0.0,0.0,0.0011812061151910659,0.6413793183382676,0.6413793183382676,0.6413793183382676,3.148124694824226,1.0,3.148124694824226,0.0,0.0,2.0,1.0,0.0
2021-10-25,46.978887064764386,47.52830891245582,46.73574992855904,47.383060455322266,19287900,0.0,0.0,0.0010873555168387525,0.6521778658781615,0.6521778658781615,0.6521778658781615,3.6912307739257884,1.0,3.6912307739257884,0.0,0.0,2.0,1.0,0.0
2021-10-26,47.364112081168344,47.53778145575796,46.87784144591241,46.96940994262695,17418600,0.0,0.0,0.0009734011585665777,0.6527323047329749,0.6527323047329749,0.6527323047329749,-0.4136505126953125,1.0,3.277580261230476,0.0,0.0,2.0,0.5,0.5
2021-10-27,47.0357233521327,47.05466943218427,46.53998144289824,46.58418655395508,14565600,0.0,0.0,0.0008072915446321615,0.6428719964867647,0.6428719964867647,0.6428719964867647,-0.7988739013671875,-1.0,-0.385223388671875,0.19576848566079974,0.0600522240463174,0.013813973659575185,0.9630669011470537,0.036933098852946294
2021-10-28,46.839957128790005,47.04204384810205,46.64102869201638,46.87469100952149,12598500,0.0,0.0,0.000702620418686679,0.6296566606053507,0.6296566606053507,0.6296566606053507,0.29050445556641336,-1.0,-0.09471893310546164,0.0,0.0,0.0008351546898464434,0.5,0.5
2021-10-29,46.70416985805485,47.39568542803821,46.59365528811363,47.18096923828125,22022700,0.0,0.0,0.0012362346991799044,0.6419690519852959,0.6419690519852959,0.6419690519852959,0.5967826843261719,-1.0,0.21155929565429688,0.3410159958539438,0.32652547825195083,2.0,1.0,0.0
2021-11-01,47.35779869396363,47.600935834699,47.15887027714117,47.29780578613281,12549600,0.0,0.0,0.0007062108497750793,0.6276902309547627,0.6276902309547627,0.6276902309547627,0.7136192321777344,1.0,0.1168365478515625,0.0,0.0,1.5215416244074542,0.7607708122037271,0.2392291877962729
2021-11-02,47.3546460346863,47.42095550977409,47.13676791528884,47.27570343017578,13638900,0.0,0.0,0.0007671509956678224,0.6031543283497973,0.6031543283497973,0.6031543283497973,-0.02210235595703125,-1.0,-0.02210235595703125,0.0,0.0,0.0357865395032469,0.9821067302483766,0.01789326975162345
2021-11-03,47.23781883027117,47.45569335428063,47.05783285691004,47.42095947265625,14209500,0.0,0.0,0.0008017013991137391,0.5884904832798542,0.5884904832798542,0.5884904832798542,0.14525604248046875,-1.0,0.1231536865234375,0.0,0.0,2.0,1.0,0.0
2021-11-04,47.42095250706281,47.94827360561467,47.31043431318429,47.768287658691406,15149100,0.0,0.0,0.0008609739554365089,0.5920153982191778,0.5920153982191778,0.5920153982191778,0.492584228515625,1.0,0.34732818603515625,0.0,0.0,2.0,1.0,0.0
2021-11-05,47.995629855606566,47.995629855606566,47.24411781255911,47.43673324584961,15081900,0.0,0.0,0.0008512053384117589,0.6034080157069119,0.6034080157069119,0.6034080157069119,-0.3315544128417969,1.0,0.015773773193359375,0.0,0.0,0.5093238884356461,0.5,0.5
2021-11-08,47.43358536766189,47.52515387506471,46.96310247394317,47.13361358642578,15373200,0.0,0.0,0.0008621017418644002,0.600453971807957,0.600453971807957,0.600453971807957,-0.634674072265625,-1.0,-0.3031196594238281,0.34733183924112154,0.2994936911824078,2.0,0.0,1.0
2021-11-09,47.21255023412387,47.32306843031094,47.007305252858075,47.29780578613281,15001800,0.0,0.0,0.0008442049090134972,0.5801189150683076,0.5801189150683076,0.5801189150683076,0.16419219970703125,-1.0,-0.13892745971679688,0.0,0.0,2.0,0.5,0.5
2021-11-10,46.9631007431116,47.24412643331512,46.72628016379107,46.87152862548828,16803600,0.0,0.0,0.0009370763140581866,0.5795051084449817,0.5795051084449817,0.5795051084449817,-0.42627716064453125,-1.0,-0.5652046203613281,0.0,0.0,2.0,0.0,1.0
2021-11-11,46.97573178267192,47.04519954030996,46.79259115507864,46.89047622680664,13603200,0.0,0.0,0.0007589081820278412,0.5561553425011487,0.5561553425011487,0.5561553425011487,0.018947601318359375,-1.0,-0.5462570190429688,0.0,0.0,2.0,0.5,0.5
2021-11-12,47.04836232789312,47.12414304392137,46.587350625602504,46.65681838989258,18313800,0.0,0.0,0.0010166163627854656,0.5547722764881287,0.5547722764881287,0.5547722764881287,-0.2336578369140625,-1.0,-0.7799148559570312,0.0,0.0,2.0,0.0,1.0
2021-11-15,46.77996425876006,46.87469467434116,46.227384019987795,46.388423919677734,28896000,0.0,0.0,0.0015948169921080723,0.5613821606213596,0.5613821606213596,0.5613821606213596,-0.5020523071289062,-1.0,-1.048309326171875,0.0,0.0,2.0,0.0,1.0
2021-11-16,45.81689583312739,46.31579608612093,44.93276459426786,45.20747375488281,73986600,0.0,0.0,0.003979484497904243,0.6252591009633964,0.6252591009633964,0.6252591009633964,-1.6830024719238281,-1.0,-2.229259490966797,0.0,0.0,2.0,0.0,1.0
2021-11-17,45.20431896703145,45.69690626699894,44.78119943110002,44.819087982177734,33116100,0.0,0.0,0.0017658983816339006,0.646005367744505,0.646005367744505,0.646005367744505,-2.0713882446289062,-1.0,-2.617645263671875,0.0,0.0,2.0,0.0,1.0
2021-11-18,44.882242827474755,45.24536583400742,44.47806937358308,45.20431900024414,24394200,0.0,0.0,0.0013119884732016324,0.6546690172216362,0.6546690172216362,0.6546690172216362,0.38523101806640625,-1.0,-2.2324142456054688,0.0,0.0,2.0,0.5,0.5
2021-11-19,45.34957114087252,45.46956059638193,44.819091633020165,44.961185455322266,28119300,0.0,0.0,0.001504200632287177,0.6543690133745027,0.6543690133745027,0.6543690133745027,-0.243133544921875,1.0,-0.243133544921875,0.0,0.0,2.0,0.0,1.0
2021-11-22,45.046435661454545,45.89899126654521,44.83803237718892,45.71584701538086,29126400,0.0,0.0,0.0015842258247010309,0.683411147373202,0.683411147373202,0.683411147373202,0.7546615600585938,1.0,0.5115280151367188,0.6536254325377868,0.7501591767304702,2.0,1.0,0.0
2021-11-23,45.54848565617627,46.094752797751795,45.23272611990576,46.041072845458984,29907900,0.0,0.0,0.0016383054015831186,0.6961693995498327,0.6961693995498327,0.6961693995498327,1.0798873901367188,1.0,0.8367538452148438,0.0,0.0,2.0,1.0,0.0
2021-11-24,46.01581690627733,46.4357780933811,45.98739598045261,46.271583557128906,18089400,0.0,0.0,0.0009958685861499636,0.6784703076483084,0.6784703076483084,0.6784703076483084,1.3103981018066406,1.0,1.0672645568847656,0.0,0.0,2.0,1.0,0.0
2021-11-26,46.24000525619802,46.69470032876627,45.60216956443363,45.75373458862305,21039600,0.0,0.0,0.0011453218226576026,0.7080460545543319,0.7080460545543319,0.7080460545543319,-0.5178489685058594,1.0,0.5494155883789062,0.0,0.0,2.0,0.5,0.5
2021-11-29,45.78531068315722,45.86425328513053,44.91065440570448,45.036956787109375,33039600,0.0,0.0,0.0017703833888666135,0.7255855420451691,0.7255855420451691,0.7255855420451691,-1.2346267700195312,-1.0,-0.7167778015136719,1.0767415747481337,0.7605917065618674,1.7020297189377174,0.0,1.0
2021-11-30,44.67383748020862,44.99591363816244,44.20966751795921,44.40544128417969,64818900,0.0,0.0,0.003424532997032933,0.7328500939812402,0.7328500939812402,0.7328500939812402,-1.8661422729492188,-1.0,-1.3482933044433594,0.0,0.0,2.0,0.0,1.0
2021-12-01,44.3675459384375,44.43385541205979,43.2718568689314,43.30343246459961,36621300,0.0,0.0,0.0018867727166816148,0.7635035546346082,0.7635035546346082,0.7635035546346082,-2.968151092529297,-1.0,-2.4503021240234375,0.0,0.0,2.0,0.0,1.0
2021-12-02,43.45816378788417,43.71393049627408,42.70349679418748,42.776119232177734,39805800,0.0,0.0,0.002025868475957877,0.7811414223097506,0.7811414223097506,0.7811414223097506,-3.495464324951172,-1.0,-2.9776153564453125,0.0,0.0,2.0,0.0,1.0
2021-12-03,42.89926062303437,43.53709635142578,42.71927827572266,43.420265197753906,44142600,0.0,0.0,0.002280415002537818,0.7837611832664201,0.7837611832664201,0.7837611832664201,0.6441459655761719,-1.0,-2.3334693908691406,0.0,0.0,2.0,0.5,0.5
2021-12-06,43.436059532603984,44.004431201679765,43.29081104265567,43.89075469970703,32589300,0.0,0.0,0.0017018120289157177,0.7787511101062541,0.7787511101062541,0.7787511101062541,1.1146354675292969,1.0,0.470489501953125,0.29050070540568385,0.06792484660957539,0.04065328625408066,0.05428906643182803,0.9457109335681719
2021-12-07,44.080204601594104,44.15283064130402,43.60340514714266,43.7486572265625,37739100,0.0,0.0,0.0019643540881428482,0.7623707089673333,0.7623707089673333,0.7623707089673333,-0.14209747314453125,1.0,0.32839202880859375,0.0,0.0,0.019805280456001224,0.5,0.5
2021-12-08,43.59394097275128,43.732876509965045,42.946630302438784,43.30659866333008,34496400,0.0,0.0,0.0017774253036504644,0.7652032957642178,0.7652032957642178,0.7652032957642178,-0.5841560363769531,-1.0,-0.4420585632324219,0.34418074021688483,0.34714857819892214,1.8120676287970052,0.0,1.0
2021-12-09,43.31610872813962,43.93115198891895,43.024442094503165,43.90896224975586,32351700,0.183333,0.0,0.0016901053948907487,0.7753109099536153,0.7753109099536153,0.7753109099536153,0.6023635864257812,1.0,0.6023635864257812,0.0,0.0,1.8567686941235606,0.9283843470617803,0.0716156529382197
2021-12-10,43.85823438989308,44.79664696258316,43.61411824926613,44.7110481262207,38575500,0.0,0.0,0.0020520593768600212,0.8043978959081451,0.8043978959081451,0.8043978959081451,1.404449462890625,1.0,1.404449462890625,0.0,0.0,2.0,1.0,0.0
2021-12-13,44.46058641467371,45.57337110716092,44.38766795858143,45.51630401611328,54039300,0.0,0.0,0.0029264439639160983,0.8316339853846699,0.8316339853846699,0.8316339853846699,2.209705352783203,1.0,2.209705352783203,0.0,0.0,2.0,1.0,0.0
2021-12-14,45.430702726792056,46.05842618165205,45.06611409427218,45.95063400268555,46721400,0.0,0.0,0.0025542938875491774,0.8431109926700415,0.8431109926700415,0.8431109926700415,2.6440353393554688,1.0,2.6440353393554688,0.0,0.0,2.0,1.0,0.0
2021-12-15,46.03623598990918,46.4356983767637,45.462408585027184,46.213775634765625,33489900,0.0,0.0,0.0018414028483394,0.8524094783176471,0.8524094783176471,0.8524094783176471,2.907176971435547,1.0,2.907176971435547,0.0,0.0,2.0,1.0,0.0
2021-12-16,46.21377548915114,46.45472059434929,45.300723790853354,45.44338607788086,39069600,0.0,0.0,0.002112385400489762,0.8739514301160963,0.8739514301160963,0.8739514301160963,-0.7703895568847656,1.0,2.1367874145507812,0.0,0.0,2.0,0.5,0.5
2021-12-17,45.25633610250913,45.63677611610871,43.87407821793002,43.98820877075195,78581100,0.0,0.0,0.004112613433560617,0.9374333206919961,0.9374333206919961,0.9374333206919961,-2.225566864013672,-1.0,-1.4551773071289062,1.5883303670971642,0.5093313228665405,0.4637769848774318,0.5134458461280138,0.48655415387198614
2021-12-20,43.78848313265978,44.30524347713156,43.623627472500765,44.13087844848633,31017900,0.0,0.0,0.001628615156584865,0.9191606552590533,0.9191606552590533,0.9191606552590533,0.142669677734375,-1.0,-1.3125076293945312,0.0,0.0,0.37729499055078164,0.5,0.5
2021-12-21,44.03576570801926,44.34011628728747,43.753608492284705,44.26403045654297,24620400,0.0,0.0,0.0012966106033704856,0.8953997366693186,0.8953997366693186,0.8953997366693186,0.2758216857910156,1.0,0.13315200805664062,0.0,0.0,0.010291810181619692,0.005145905090809846,0.9948540949091902
2021-12-22,44.35278961033224,44.381324966956434,43.918457173943715,44.32108688354492,17028000,0.0,0.0,0.0008979198073701235,0.8645045978367044,0.8645045978367044,0.8645045978367044,0.33287811279296875,1.0,0.19020843505859375,0.0,0.0,0.02100176872804466,0.01050088436402233,0.9894991156359777
2021-12-23,44.321088019078175,44.43522219221011,44.01990847873777,44.222808837890625,17592600,0.0,0.0,0.0009256351971063784,0.8324195346678215,0.8324195346678215,0.8324195346678215,-0.09827804565429688,1.0,0.09193038940429688,0.0,0.0,0.004905852949730962,0.5,0.5
2021-12-27,44.25768269516623,44.66031604442205,44.248173328116,44.62543869018555,16040700,0.0,0.0,0.000851666026514353,0.8042115112295077,0.8042115112295077,0.8042115112295077,0.4026298522949219,1.0,0.49456024169921875,0.0,0.0,0.14198246989530958,0.07099123494765479,0.9290087650523452
2021-12-28,44.57472486651074,45.32608834914635,44.57472486651074,45.26585388183594,15783000,0.0,0.0,0.0008500095047875909,0.8004366520442294,0.8004366520442294,0.8004366520442294,1.0430450439453125,1.0,1.1349754333496094,0.0,0.0,0.7477720865738038,0.3738860432869019,0.6261139567130981
2021-12-29,45.22780860677219,45.50362746105416,45.12001641292414,45.24365997314453,13045200,0.0,0.0,0.0007022180361089388,0.770663394621786,0.770663394621786,0.770663394621786,-0.02219390869140625,1.0,1.1127815246582031,0.0,0.0,0.7188133591876944,0.5,0.5
2021-12-30,45.418031213217866,45.557526147740326,45.17074407871979,45.389495849609375,14949000,0.0,0.0,0.0008072926699006835,0.7432432999359823,0.7432432999359823,0.7432432999359823,0.14583587646484375,1.0,1.2586174011230469,0.0,0.0,0.9195678743351517,0.4597839371675759,0.5402160628324242
2021-12-31,45.39901396769459,45.98235450796232,45.310244124063274,45.87139129638672,17947800,0.0,0.0,0.0009795275205174063,0.7381623773619154,0.7381623773619154,0.7381623773619154,0.6277313232421875,1.0,1.7405128479003906,0.0,0.0,1.7585340982329378,0.8792670491164689,0.12073295088353109
2022-01-03,45.652636017756734,45.90309053233506,45.3387724036248,45.85870742797851,20706600,0.0,0.0,0.001129780597315749,0.725744931029654,0.725744931029654,0.725744931029654,-0.01268386840821023,1.0,1.7278289794921804,0.0,0.0,1.732997094029013,0.5,0.5
2022-01-04,45.66531203716444,46.014049352985566,44.94248029877776,45.0185661315918,33930000,0.0,0.0,0.0018173518871787962,0.7504466541138077,0.7504466541138077,0.7504466541138077,-0.8528251647949219,1.0,0.8876876831054688,0.36776382528551466,0.18595934270395179,0.45742164860441004,0.7109654384942428,0.2890345615057573
2022-01-05,45.28804903576265,46.27084831408435,45.25317530231698,45.62726974487305,35418000,0.0,0.0,0.0019227022036106547,0.7862920489980036,0.7862920489980036,0.7862920489980036,0.60870361328125,1.0,1.4963912963867188,0.08559710130781895,0.01977453847536946,1.2998303520594974,0.6598024452674334,0.34019755473256663
2022-01-06,45.53215667996822,45.855529615505986,45.14537828244324,45.50045394897461,21828900,0.0,0.0,0.001181710485716885,0.7808534264311996,0.7808534264311996,0.7808534264311996,-0.1268157958984375,-1.0,-0.1268157958984375,0.0,0.0,0.0071821811765120525,0.996408909411744,0.0035910905882560263
2022-01-07,45.494120802432995,46.08380332370122,45.32292311924489,45.93479537963867,19723500,0.0,0.0,0.0010779268226580076,0.7794267677187088,0.7794267677187088,0.7794267677187088,0.4343414306640625,1.0,0.4343414306640625,0.0,0.0,2.0,1.0,0.0
2022-01-10,46.109154586122315,46.156708682091406,45.37364252758583,45.84601974487305,22731600,0.0,0.0,0.001239924241051934,0.7796867239177707,0.7796867239177707,0.7796867239177707,-0.088775634765625,1.0,0.3455657958984375,0.0,0.0,2.0,0.5,0.5
2022-01-11,45.719201119260575,45.84918665709796,45.39265721767859,45.71603012084961,21668700,0.0,0.0,0.0011785957626735393,0.7566040607393135,0.7566040607393135,0.7566040607393135,-0.2187652587890625,1.0,0.215576171875,0.0,0.0,2.0,0.5,0.5
2022-01-12,45.551179484491605,45.639949309018746,45.33559873476428,45.47509002685547,18946800,0.0,0.0,0.0010251158455458786,0.7297345839783145,0.7297345839783145,0.7297345839783145,-0.4597053527832031,-1.0,-0.24094009399414062,0.03804379282154713,0.006848705545984948,1.249155888710615,0.3719977028717001,0.6280022971282999
2022-01-13,45.47192173826838,46.18524406255413,45.370471548898266,46.11866760253906,24252600,0.0,0.0,0.0013307564016672184,0.7358087218124254,0.7358087218124254,0.7358087218124254,0.6435775756835938,1.0,0.6435775756835938,0.3360574054561738,0.2726623247368593,2.0,1.0,0.0
2022-01-14,45.722379747264846,46.486427225295294,45.722379747264846,45.98868560791016,26867400,0.0,0.0,0.0014700772159372618,0.7378257758279985,0.7378257758279985,0.7378257758279985,-0.12998199462889914,1.0,0.5135955810546946,0.0,0.0,2.0,0.5,0.5
2022-01-18,45.782606357547856,45.87454717030636,45.05977473349734,45.18341827392578,21123900,0.0,0.0,0.0011355772800083614,0.7514747114412001,0.7514747114412001,0.7514747114412001,-0.9352493286132812,-1.0,-0.8052673339843821,0.31069681540092375,0.11036180463208746,2.0,0.0,1.0
2022-01-19,45.18976803090339,45.966499567140346,44.99320961855701,45.63361358642578,22674000,0.0,0.0,0.0012310523207356957,0.7673186569513527,0.7673186569513527,0.7673186569513527,0.4501953125,-1.0,-0.3550720214843821,0.0,0.0,0.4779586749498812,0.5,0.5
2022-01-20,45.12953272208419,45.798468414015325,44.72373190813476,44.77128601074219,22387200,0.0,0.0,0.0011925122710875968,0.7892770747320108,0.7892770747320108,0.7892770747320108,-0.8623275756835938,-1.0,-1.2173995971679759,0.0,0.0,2.0,0.0,1.0
2022-01-21,44.7712881016279,45.1009994642871,44.40353200384784,44.44474411010742,27508200,0.0,0.0,0.0014546084015675993,0.7827192451396712,0.7827192451396712,0.7827192451396712,-1.1888694763183594,-1.0,-1.5439414978027415,0.0,0.0,2.0,0.0,1.0
2022-01-24,44.08966361945731,44.55253150504795,43.5316875344822,44.44791030883789,28699200,0.0,0.0,0.0015176955012735495,0.7997281540986768,0.7997281540986768,0.7997281540986768,0.00316619873046875,-1.0,-1.5407752990722727,0.0,0.0,2.0,0.5,0.5
2022-01-25,44.38133611450557,44.501808683443954,43.373172459977184,43.48096466064453,29479500,0.0,0.0,0.0015250454686959686,0.8232215876249692,0.8232215876249692,0.8232215876249692,-0.9669456481933594,-1.0,-2.507720947265632,0.0,0.0,2.0,0.0,1.0
2022-01-26,43.54119313345419,44.00088998030335,42.850064177919265,43.037113189697266,26185500,0.0,0.0,0.001340810837585467,0.8466218886791917,0.8466218886791917,0.8466218886791917,-1.410797119140625,-1.0,-2.9515724182128977,0.0,0.0,2.0,0.0,1.0
2022-01-27,43.4080424359384,44.092833057326914,42.91664283355908,43.06564712524414,27759000,0.0,0.0,0.0014223232284702406,0.8701624840426662,0.8701624840426662,0.8701624840426662,0.028533935546875,1.0,0.028533935546875,0.0,0.0,9.345799619555232e-05,4.672899809777616e-05,0.9999532710019022
2022-01-28,43.11637254917386,43.61411415298836,42.4664592818354,43.598262786865234,25131900,0.0,0.0,0.0013036410159381962,0.8899833688362585,0.8899833688362585,0.8899833688362585,0.5611495971679688,-1.0,0.5326156616210938,0.3836048960838667,0.46731634595963584,0.03256274280019119,0.2499395443799135,0.7500604556200865
2022-01-31,43.46194163327465,44.39718680676858,43.3382980671123,44.32426834106445,20193600,0.0,0.0,0.0010649245355064988,0.9020480381805459,0.9020480381805459,0.9020480381805459,1.2871551513671875,1.0,0.7260055541992188,0.0,0.0,0.060502455349132754,0.030251227674566377,0.9697487723254337
2022-02-01,44.134046801780066,44.749089984409785,44.06430296565636,44.673004150390625,20323200,0.0,0.0,0.0010801915063614008,0.8865293939357516,0.8865293939357516,0.8865293939357516,1.6358909606933594,1.0,1.0747413635253906,0.0,0.0,0.1325870296255177,0.06629351481275884,0.9337064851872412
2022-02-02,44.70154199079744,44.904442413424775,44.432065093754616,44.65398788452149,18149700,0.0,0.0,0.0009642579083409603,0.8569471029167807,0.8569471029167807,0.8569471029167807,-0.01901626586913352,1.0,1.055725097656257,0.0,0.0,0.12793660022298195,0.5,0.5
2022-02-03,44.46693592685906,45.01540268327119,44.31158962065215,44.698368072509766,20741100,0.0,0.0,0.001103029077176348,0.8460089571812278,0.8460089571812278,0.8460089571812278,0.044380187988274145,1.0,1.1001052856445312,0.0,0.0,0.13891898964714514,0.06945949482357257,0.9305405051764274
2022-02-04,44.666666924916846,44.70154066077742,43.86140725712843,44.172096252441406,22036500,0.0,0.0,0.0011581215313882386,0.845589274786068,0.845589274786068,0.845589274786068,-0.5262718200683594,-1.0,-0.5262718200683594,0.5706578366261894,1.1757942709737919,0.2288504279327833,0.29767765054671247,0.7023223494532875
2022-02-07,44.403515293873006,44.40668266381977,43.62678402806231,43.73774719238281,20010300,0.0,0.0,0.0010412943646563343,0.8408970862840248,0.8408970862840248,0.8408970862840248,-0.9606208801269531,-1.0,-0.9606208801269531,0.0,0.0,0.7624924396414009,0.6187537801792995,0.38124621982070045
2022-02-08,43.85189369769701,44.143563949846914,43.59509718096107,43.74727249145508,19458900,0.0,0.0,0.0010128211825947626,0.8200092064698692,0.8200092064698692,0.8200092064698692,0.009525299072265625,-1.0,-0.9510955810546875,0.0,0.0,0.7474460051905498,0.5,0.5
2022-02-09,43.9089533027248,44.000890496285784,43.58240937091463,43.652156829833984,21473700,0.0,0.0,0.0011152599244222859,0.7913286292485322,0.7913286292485322,0.7913286292485322,-0.09511566162109375,-1.0,-1.0462112426757812,0.0,0.0,0.9044202188852599,0.54778989055737,0.45221010944262996
2022-02-10,43.290743191254705,43.43657649190868,42.945176863251504,43.14173889160156,27810600,0.0,0.0,0.0014274848671579135,0.7853037247723856,0.7853037247723856,0.7853037247723856,-0.6055335998535156,-1.0,-1.5566291809082031,0.0,0.0,2.0,0.0,1.0
2022-02-11,43.37634611843728,43.49047669616464,42.53620908346483,42.90396881103515,23733300,0.0,0.0,0.0012114879686842689,0.7973725739100588,0.7973725739100588,0.7973725739100588,-0.843303680419929,-1.0,-1.7943992614746165,0.0,0.0,2.0,0.0,1.0
2022-02-14,42.903968565241094,43.10369798215617,42.073344532922825,42.46646499633789,29363400,0.0,0.0,0.0014835970477662024,0.8140140650045793,0.8140140650045793,0.8140140650045793,-1.2808074951171875,-1.0,-2.231903076171875,0.0,0.0,2.0,0.0,1.0
2022-02-15,42.71691857816953,43.0117561981396,42.41573895977818,42.59961700439453,21824400,0.0,0.0,0.0011061436122297016,0.7984428631014965,0.7984428631014965,0.7984428631014965,0.13315200805664062,-1.0,-2.0987510681152344,0.0,0.0,2.0,0.5,0.5
2022-02-16,42.58693448891531,42.76129952711008,42.07017048799648,42.33330535888672,28490700,0.0,0.0,0.0014349897775419599,0.7907775899595042,0.7907775899595042,0.7907775899595042,-0.2663116455078125,-1.0,-2.365062713623047,0.0,0.0,2.0,0.0,1.0
2022-02-17,42.48231284351955,44.21647923528838,42.41256537771506,44.02942657470703,53831400,0.0,0.0,0.0028199552231813383,0.8688058961339442,0.8688058961339442,0.8688058961339442,1.6961212158203125,1.0,1.6961212158203125,1.2047230371487814,0.5044994037023436,0.5143141234150633,0.5094067635587034,0.4905932364412966
2022-02-18,43.78214622686905,44.2545235264351,43.48413760437289,43.74727249145508,31103400,0.0,0.0,0.001618908693231269,0.8617758979859633,0.8617758979859633,0.8617758979859633,-0.2821540832519531,1.0,1.4139671325683594,0.0,0.0,0.35743189727049435,0.5,0.5
2022-02-22,43.67751814880438,43.8265260647545,43.09734873502905,43.259037017822266,25380900,0.0,0.0,0.0013063133757877778,0.8523045716816411,0.8523045716816411,0.8523045716816411,-0.7703895568847656,-1.0,-0.4882354736328125,0.0,0.0,0.11922848688544567,0.9403857565572772,0.059614243442722835
2022-02-23,43.38902448050517,43.4936456836433,42.74862052135989,42.8151969909668,21030900,0.0,0.0,0.0010713202480601698,0.8446417567246247,0.8446417567246247,0.8446417567246247,-1.2142295837402344,-1.0,-0.9320755004882812,0.0,0.0,0.4345337930378007,0.7827331034810996,0.21726689651890035
2022-02-24,42.45377899742355,42.802516338906706,41.85141977580058,42.65034103393555,31717500,0.0,0.0,0.0016094777047180903,0.8531514323275957,0.8531514323275957,0.8531514323275957,-1.3790855407714844,-1.0,-1.0969314575195312,0.0,0.0,0.6018390365093087,0.6990804817453456,0.30091951825465435
2022-02-25,42.739105156479134,43.363657660396534,42.51084041545891,43.23684310913086,24997800,0.0,0.0,0.0012859357620750834,0.8531275617997407,0.8531275617997407,0.8531275617997407,0.5865020751953125,1.0,0.5865020751953125,0.0,0.0,0.28587759753167563,0.14293879876583782,0.8570612012341622
2022-02-28,42.799349661287565,43.13857403963018,42.40940017616611,42.850074768066406,26286600,0.0,0.0,0.0013401379599802196,0.8512929454543843,0.8512929454543843,0.8512929454543843,-0.3867683410644531,-1.0,-0.3867683410644531,0.0,0.0,0.4348732851114908,0.7825633574442545,0.2174366425557454
2022-03-01,43.07515641496636,43.71556025392176,42.805679587961805,43.11320114135742,24024900,0.0,0.0,0.001232353682699211,0.8554777826333535,0.8554777826333535,0.8554777826333535,0.2631263732910156,1.0,0.2631263732910156,0.35190259352522446,1.7886121457702278,0.4628357790783896,1.0,0.0
2022-03-02,43.008585332825206,43.37951239113243,42.85641003638774,43.16709899902344,23863800,0.0,0.0,0.0012256203751616435,0.8317366806413059,0.8317366806413059,0.8317366806413059,0.31702423095703125,1.0,0.31702423095703125,0.0,0.0,0.6718666435983679,0.33593332179918395,0.664066678200816
2022-03-03,43.52535057828563,44.53351429800816,43.2907474234462,44.15941619873047,29885100,0.0,0.0,0.0015701514512748759,0.8699280105229783,0.8699280105229783,0.8699280105229783,1.3093414306640625,1.0,1.3093414306640625,0.0,0.0,2.0,1.0,0.0
2022-03-04,43.69020820332489,45.316582484194974,43.620460733796875,45.27853775024414,35576400,0.0,0.0,0.0019165400572358027,0.9289418490854869,0.9289418490854869,0.9289418490854869,2.4284629821777344,1.0,2.4284629821777344,0.0,0.0,2.0,1.0,0.0
2022-03-07,44.79664268400211,45.53532940548759,44.527165832192374,44.913944244384766,45870000,0.0,0.0,0.002451170063989449,0.934600543671896,0.934600543671896,0.934600543671896,-0.364593505859375,1.0,2.0638694763183594,0.0,0.0,2.0,0.5,0.5
2022-03-08,44.860053247528285,45.16440384036232,43.93431747321581,43.98504257202149,28305600,0.0,0.0,0.0014812927256785174,0.9557066739200825,0.9557066739200825,0.9557066739200825,-1.2934951782226491,-1.0,-0.9289016723632741,0.0,0.0,0.20256995582176907,0.8987150220891155,0.10128497791088453
2022-03-09,44.38450025602189,44.46058608203794,43.794817870709366,44.21330261230469,22122900,0.0,0.0,0.0011637468575547635,0.9349967837349749,0.9349967837349749,0.9349967837349749,0.22826004028319602,-1.0,-0.7006416320800781,0.0,0.0,0.11524641454351864,0.5,0.5
2022-03-10,44.22281271546618,45.335597418134576,44.07063743275841,45.218292236328125,27512700,0.0,0.0,0.0014801675443744259,0.9585655838522028,0.9585655838522028,0.9585655838522028,1.2332496643066335,1.0,1.0049896240234375,0.1711935777722573,0.019269609992937066,2.0,1.0,0.0
2022-03-11,45.11367850322653,45.668483588205376,44.98052194493799,45.0407600402832,19162200,0.0,0.0,0.0010268679222627487,0.9392367309532873,0.9392367309532873,0.9392367309532873,-0.17753219604492188,1.0,0.8274574279785156,0.0,0.0,1.394759855452162,0.5,0.5
2022-03-14,45.024908817618304,45.92210922762977,45.01539944892564,45.66848373413086,22646400,0.0,0.0,0.001230493360892349,0.9369133772212044,0.9369133772212044,0.9369133772212044,0.6277236938476562,1.0,1.4551811218261719,0.0,0.0,2.0,1.0,0.0
2022-03-15,45.82065426847104,46.33424719998735,45.60507352843679,46.21694564819336,22872600,0.0,0.0,0.0012577093342130505,0.9220748268161585,0.9220748268161585,0.9220748268161585,1.1761856079101562,1.0,2.003643035888672,0.0,0.0,2.0,1.0,0.0
2022-03-16,46.09330399355101,46.58470358309313,45.5575213059893,46.080623626708984,24615900,0.0,0.0,0.0013495767108800693,0.9295825018367067,0.9295825018367067,0.9295825018367067,-0.136322021484375,1.0,1.8673210144042969,0.0,0.0,2.0,0.5,0.5
2022-03-17,45.972427311569646,46.242946465796976,45.39956000657792,46.15065002441406,19023000,0.186667,0.0,0.0010445286067088122,0.9234256416497315,0.9234256416497315,0.9234256416497315,0.07002639770507812,-1.0,0.07002639770507812,0.20551352185886884,2.0,0.009989222643031676,1.0,0.0
2022-03-18,46.204744213529864,46.32886598141367,45.86420789927181,46.28749084472656,31233300,0.0,0.0,0.0017200656386465554,0.8906565302563121,0.8906565302563121,0.8906565302563121,0.20686721801757812,1.0,0.1368408203125,0.0,0.0,0.03814516158495664,0.01907258079247832,0.9809274192075217
2022-03-21,46.284316482062195,46.876279709079725,45.70826957389083,45.90240859985352,21350700,0.0,0.0,0.0011660336967665372,0.9104675020372108,0.9104675020372108,0.9104675020372108,-0.38508224487303977,1.0,-0.24824142456053977,0.0,0.0,2.0,0.0,1.0
2022-03-22,46.02334222592942,46.13791421417123,45.5045795521443,45.76555252075195,20235000,0.0,0.0,0.0011018067456216268,0.8906722991793339,0.8906722991793339,0.8906722991793339,-0.5219383239746094,-1.0,-0.1368560791015696,0.0,0.0,1.000223027599076,0.499888486200462,0.500111513799538
2022-03-23,45.55549744867336,45.74326991311755,45.03991807670573,45.1767692565918,19625400,0.0,0.0,0.0010548657589783475,0.8788838809555402,0.8788838809555402,0.8788838809555402,-1.1107215881347656,-1.0,-0.7256393432617259,0.0,0.0,2.0,0.0,1.0
2022-03-24,45.316806064749095,45.800560114387146,45.15449241302406,45.45684051513672,13440900,0.0,0.0,0.0007269275105056768,0.8622541538417935,0.8622541538417935,0.8622541538417935,0.2800712585449219,1.0,0.2800712585449219,0.0,0.0,0.14896884231804763,0.07448442115902382,0.9255155788409761
2022-03-25,45.65415573120117,45.80691958145116,45.27542754760928,45.65415573120117,14085300,0.0,0.0,0.0007650854195887412,0.8386282881275139,0.8386282881275139,0.8386282881275139,0.477386474609375,1.0,0.477386474609375,0.0,0.0,0.43281128657044765,0.21640564328522383,0.7835943567147762
2022-03-28,45.6700765626515,46.48482088503289,45.60642585755516,46.46572494506836,20105700,0.0,0.0,0.0011115152450952663,0.8414687695096722,0.8414687695096722,0.8414687695096722,1.2889556884765625,1.0,1.2889556884765625,0.0,0.0,2.0,1.0,0.0
2022-03-29,46.65667964724688,47.13406720902811,46.54528727366963,46.857181549072266,19934400,0.0,0.0,0.0011113294906669442,0.8291025905418207,0.8291025905418207,0.8291025905418207,1.6804122924804688,1.0,1.6804122924804688,0.0,0.0,2.0,1.0,0.0
2022-03-30,46.825340537771226,47.79603173030691,46.79669845691206,47.69737243652344,24991500,0.0,0.0,0.0014182418186107439,0.8412619250313226,0.8412619250313226,0.8412619250313226,2.5206031799316406,1.0,2.5206031799316406,0.0,0.0,2.0,1.0,0.0
2022-03-31,47.35366710243789,47.91061806792521,47.15952807725841,47.39503860473633,27163800,0.0,0.0,0.0015317465607110146,0.8348210725767142,0.8348210725767142,0.8348210725767142,-0.3023338317871094,1.0,2.2182693481445312,0.0,0.0,2.0,0.5,0.5
2022-04-01,47.63054261429156,48.14293874360606,47.36957329683086,48.0601921081543,20939700,0.0,0.0,0.001197345444170159,0.8304313850194633,0.8304313850194633,0.8304313850194633,0.6651535034179688,1.0,2.8834228515625,0.0,0.0,2.0,1.0,0.0
2022-04-04,48.02836515797492,48.75717582049283,47.76421258600061,48.06974029541016,25332600,0.0,0.0,0.0014488220593280362,0.8420408028389462,0.8420408028389462,0.8420408028389462,0.6747016906738352,1.0,2.8929710388183665,0.0,0.0,2.0,1.0,0.0
2022-04-05,48.01881644770529,48.7985520548294,48.01881644770529,48.20659255981445,18657900,0.0,0.0,0.0010701205503537083,0.837590431716458,0.837590431716458,0.837590431716458,0.811553955078125,1.0,3.0298233032226562,0.0,0.0,2.0,1.0,0.0
2022-04-06,48.06337257677501,49.46370969792236,47.89787931549428,49.32685852050781,28018500,0.0,0.0,0.0016443408533659285,0.8896075710530026,0.8896075710530026,0.8896075710530026,1.9318199157714844,1.0,4.150089263916016,0.0,0.0,2.0,1.0,0.0
2022-04-07,49.36187212766623,50.13842087122079,49.15182044557684,49.82016372680664,27088200,0.0,0.0,0.0016056423188998679,0.8965356320952131,0.8965356320952131,0.8965356320952131,2.4251251220703125,1.0,4.643394470214844,0.0,0.0,2.0,1.0,0.0
2022-04-08,49.93791171359751,50.415299181848354,49.71513065226863,50.097042083740234,23294400,0.0,0.0,0.001388440013914103,0.8825094104869642,0.8825094104869642,0.8825094104869642,2.7020034790039062,1.0,4.9202728271484375,0.0,0.0,2.0,1.0,0.0
2022-04-11,49.957008778508786,50.36119577572452,48.894024729223375,49.10407638549805,24712800,0.0,0.0,0.0014437866089337349,0.9242709559165484,0.9242709559165484,0.9242709559165484,-0.9929656982421875,-1.0,-0.9929656982421875,0.25779571635346343,0.06740357025251223,0.04072772227308781,0.9459343537372,0.05406564626280002
2022-04-12,49.08816400308438,49.45734239310759,48.55030544912257,48.7667236328125,26761200,0.0,0.0,0.0015527182972894366,0.9230399550642964,0.9230399550642964,0.9230399550642964,-1.3303184509277344,-1.0,-1.3303184509277344,0.0,0.0,0.07310260603732908,0.9634486969813355,0.03655130301866454
2022-04-13,48.83674365973721,50.21798490191599,48.8049183114066,50.03657531738281,29284500,0.0,0.0,0.001743367313093912,0.9607700489242388,0.9607700489242388,0.9607700489242388,1.2698516845703125,1.0,1.2698516845703125,0.0,0.0,0.9111602596283629,0.45558012981418144,0.5444198701858185
2022-04-14,50.00156198534996,50.37710688768179,49.785147451826,49.99201583862305,22360500,0.0,0.0,0.0013299817085368798,0.9344264337050641,0.9344264337050641,0.9344264337050641,-0.044559478759765625,1.0,1.2252922058105469,0.0,0.0,0.848336421066983,0.5,0.5
2022-04-18,49.88700455003237,50.2784622390919,49.39688753327864,49.6101188659668,14671800,0.0,0.0,0.0008659985685598085,0.9306513102842212,0.9306513102842212,0.9306513102842212,-0.4264564514160156,-1.0,-0.38189697265625,0.0,0.0,0.09714335299731988,0.9514283235013401,0.04857167649865994
2022-04-19,49.86152954295747,50.26890344905764,49.66102767409128,50.17342376708984,15855000,0.0,0.0,0.0009464626765668317,0.911232258341837,0.911232258341837,0.911232258341837,0.5633049011230398,-1.0,0.18140792846678977,0.0,0.0,0.22564208119268406,0.11282104059634203,0.887178959403658
2022-04-20,50.39620714054009,51.03272502812205,50.377111203273095,50.8035774230957,19821600,0.0,0.0,0.0011981094981564902,0.9075229013911497,0.9075229013911497,0.9075229013911497,1.1934585571289062,1.0,0.6301536560058665,0.0,0.0,2.0,1.0,0.0
2022-04-21,50.89587941160611,51.16639854181061,50.62536028140161,50.87996673583984,18168300,0.0,0.0,0.0010998276137871622,0.8813454270352816,0.8813454270352816,0.8813454270352816,1.2698478698730398,1.0,0.70654296875,0.0,0.0,2.0,1.0,0.0
2022-04-22,51.00089762292272,51.03590623280385,49.85835019147224,49.922000885009766,21046200,0.0,0.0,0.0012500551829114027,0.9025033280564482,0.9025033280564482,0.9025033280564482,-0.957965850830071,-1.0,-0.957965850830071,0.518761011800855,0.2932476913054712,1.8383275593118553,0.0,1.0
2022-04-25,49.76606184108927,50.11614799666301,49.12318099089865,49.94746780395508,18057600,0.0,0.0,0.0010730921367262333,0.9089650193212988,0.9089650193212988,0.9089650193212988,0.0254669189453125,-1.0,-0.9324989318847585,0.0,0.0,1.7418851969805884,0.5,0.5
2022-04-26,49.766062031272824,50.32619624015334,49.393700313232706,49.4255256652832,19601100,0.0,0.0,0.0011526441477520352,0.9106457984355368,0.9106457984355368,0.9106457984355368,-0.521942138671875,1.0,-0.521942138671875,0.0,0.0,0.545717101658389,0.7271414491708055,0.2728585508291945
2022-04-27,49.498722666292196,49.71195396685019,49.01815187146044,49.08816909790039,17496900,0.0,0.0,0.001021883653396772,0.8951569625036949,0.8951569625036949,0.8951569625036949,-0.8592987060546875,-1.0,-0.3373565673828125,0.0,0.0,0.22798232612863087,0.8860088369356846,0.11399116306431543
2022-04-28,49.40323943378303,49.9601939419676,49.043610821466984,49.71513366699219,14955900,0.0,0.0,0.0008846361293651314,0.8966874023606181,0.8966874023606181,0.8966874023606181,0.6269645690917969,1.0,0.6269645690917969,0.0,0.0,2.0,1.0,0.0
2022-04-29,49.587832784376594,49.71831743899163,48.60122879018007,48.69034194946289,21088800,0.0,0.0,0.001221682072801003,0.9124303485356854,0.9124303485356854,0.9124303485356854,-1.0247917175292969,-1.0,-1.0247917175292969,0.41692308128036615,0.1655162598470613,2.0,0.0,1.0
2022-05-02,49.31731653095863,49.326866321876054,47.840599071889706,48.3689079284668,20016000,0.0,0.0,0.0011518795887564544,0.9534186986393042,0.9534186986393042,0.9534186986393042,-1.3462257385253906,-1.0,-1.3462257385253906,0.0,0.0,2.0,0.0,1.0
2022-05-03,48.51211976109967,49.10089598657812,48.3052513558247,48.53757858276367,17950500,0.0,0.0,0.0010366166140394343,0.9421491223617406,0.9421491223617406,0.9421491223617406,0.168670654296875,-1.0,-1.1775550842285156,0.0,0.0,2.0,0.5,0.5
2022-05-04,48.38480856306728,49.27274950414789,48.21931531679862,49.20909881591797,20022600,0.0,0.0,0.0011722746979179392,0.9500980555751355,0.9500980555751355,0.9500980555751355,0.8401908874511719,-1.0,-0.5060348510742188,0.0,0.0,0.6514406554236272,0.5,0.5
2022-05-05,49.07495235671948,49.13564324452735,48.35946297322336,48.787479400634766,23234400,0.186667,0.0,0.001348662714550044,0.9429221832265265,0.9429221832265265,0.9429221832265265,-0.4216194152832031,-1.0,-0.9276542663574219,0.03474725794923472,0.006792034345202674,2.0,0.0,1.0
2022-05-06,48.45848317637834,49.17397259336897,47.35969402971987,47.7717399597168,34258200,0.0,0.0,0.0019471486522390355,1.005161924685282,1.005161924685282,1.005161924685282,-1.4373588562011719,-1.0,-1.9433937072753906,0.0,0.0,2.0,0.0,1.0
2022-05-09,47.42357971311615,48.90247009814727,47.33414262221691,48.330718994140625,28207200,0.0,0.0,0.0016219846586086003,1.045388035488502,1.045388035488502,1.045388035488502,0.5589790344238281,-1.0,-1.3844146728515625,0.0,0.0,2.0,0.5,0.5
2022-05-10,48.36905207741216,48.64374939810659,47.4523318337193,47.650367736816406,24861300,0.0,0.0,0.0014094627387016131,1.05581871612413,1.05581871612413,1.05581871612413,-0.6803512573242188,-1.0,-2.0647659301757812,0.0,0.0,2.0,0.0,1.0
2022-05-11,47.720629123420395,48.15184036523722,46.92528719332873,47.15207290649414,27878700,0.0,0.0,0.00156400024520899,1.0680140343944415,1.0680140343944415,1.0680140343944415,-1.1786460876464844,-1.0,-2.563060760498047,0.0,0.0,2.0,0.0,1.0
2022-05-12,47.228727502220806,47.9601873196801,46.800711123225355,47.10734939575195,25244400,0.0,0.0,0.0014148722526895344,1.0745470459701776,1.0745470459701776,1.0745470459701776,-1.2233695983886719,-1.0,-2.6077842712402344,0.0,0.0,2.0,0.0,1.0
2022-05-13,47.18082229673383,47.39482868727713,46.679339288582064,47.28942108154297,19962300,0.0,0.0,0.0011231508334803863,1.0489000711648129,1.0489000711648129,1.0489000711648129,0.18207168579101562,-1.0,-2.4257125854492188,0.0,0.0,2.0,0.5,0.5
2022-05-16,47.714245635015274,47.82604291664891,46.78155495359143,47.34053039550781,21449100,0.0,0.0,0.0012081078372181816,1.0485849205857176,1.0485849205857176,1.0485849205857176,0.23318099975585938,1.0,0.05110931396484375,0.0,0.0,0.0004439370788797118,0.0002219685394398559,0.9997780314605601
2022-05-17,43.5778174387581,43.90042627553469,41.72840301848652,41.9551887512207,132940200,0.0,0.0,0.006635986829172257,1.3745522389025446,1.3745522389025446,1.3745522389025446,-5.385341644287109,-1.0,-5.385341644287109,4.950936270095546,0.8451779380321268,2.0,0.0,1.0
2022-05-18,40.89472615569165,40.971387555460346,38.818526213901286,39.10600280761719,104253000,0.0,0.0,0.004850600381341509,1.5004172602180355,1.5004172602180355,1.5004172602180355,-8.234527587890625,-1.0,-8.234527587890625,0.0,0.0,2.0,0.0,1.0
2022-05-19,38.607725573212946,38.901588262914,37.88265152663631,38.03277587890625,71008500,0.0,0.0,0.003213156443046478,1.4806268331296673,1.4806268331296673,1.4806268331296673,-9.307754516601562,-1.0,-9.307754516601562,0.0,0.0,2.0,0.0,1.0
2022-05-20,38.214830865137856,38.598126864883206,37.4578160566724,38.07428741455078,49356000,0.0,0.0,0.002235811820237891,1.456318545635463,1.456318545635463,1.456318545635463,0.04151153564453125,-1.0,-9.266242980957031,0.0,0.0,2.0,0.5,0.5
2022-05-23,38.30427973798233,39.53403177137215,38.28511803736782,39.16031646728515,43680900,0.0,0.0,0.002035172750462807,1.4565632464344562,1.4565632464344562,1.4565632464344562,1.1275405883788991,1.0,1.086029052734368,0.6324435084581523,0.314614771955695,0.013736481905823123,0.16417562693075904,0.835824373069241
2022-05-24,38.71631917965488,39.78316733331512,38.67479729481717,39.64901351928711,34584900,0.0,0.0,0.0016314824972626736,1.4316923030104203,1.4316923030104203,1.4316923030104203,1.6162376403808594,1.0,1.5747261047363281,0.0,0.0,0.028880365529265362,0.014440182764632681,0.9855598172353673
2022-05-25,39.60747684980131,39.821486849505845,39.1602988138321,39.406246185302734,27121800,0.0,0.0,0.0012715899406288357,1.3766562839149437,1.3766562839149437,1.3766562839149437,-0.242767333984375,1.0,1.3319587707519531,0.0,0.0,0.0206620874634187,0.5,0.5
2022-05-26,40.0227241198445,40.374079132258586,39.735251172339005,40.246315002441406,28197600,0.0,0.0,0.0013502114167530102,1.3474546169892943,1.3474546169892943,1.3474546169892943,0.8400688171386719,1.0,2.172027587890625,0.0,0.0,0.05494438364539045,0.027472191822695224,0.9725278081773048
2022-05-27,40.08341660808318,41.08318412336665,40.02592055411707,41.03846740722656,25299900,0.0,0.0,0.0012353028587290588,1.326726685007886,1.326726685007886,1.326726685007886,1.6322212219238281,1.0,2.9641799926757812,0.0,0.0,0.10232971742672227,0.051164858713361135,0.9488351412866388
2022-05-31,40.71266856312107,41.492040113549734,40.69988922378287,41.08638381958008,36912300,0.0,0.0,0.0018043988186275837,1.2885426996335274,1.2885426996335274,1.2885426996335274,1.6801376342773438,1.0,3.012096405029297,0.0,0.0,0.10566480775063601,0.052832403875318006,0.947167596124682
2022-06-01,41.044856794508426,41.1790106093728,39.82469312185259,40.07064056396485,28534800,0.0,0.0,0.00136039374466861,1.2932408987682906,1.2932408987682906,1.2932408987682906,-1.0157432556152273,-1.0,-1.0157432556152273,0.20122743226448137,0.0392470009854508,0.11371824775848212,0.9235173756280335,0.07648262437196646
2022-06-02,40.10897135353298,40.73502370934677,39.71289592213352,40.7286376953125,23214300,0.0,0.0,0.001124913127086443,1.2738756765143593,1.2738756765143593,1.2738756765143593,0.6579971313476491,-1.0,-0.3577461242675781,0.0,0.0,0.01410626828323747,0.5,0.5
2022-06-03,40.460317507086195,40.69987888296698,39.95564339397504,40.029109954833984,18302700,0.0,0.0,0.0008716750257425678,1.2380984354302953,1.2380984354302953,1.2380984354302953,-0.6995277404785156,-1.0,-1.0572738647460938,0.0,0.0,0.12320753196905464,0.9383962340154727,0.06160376598452732
2022-06-06,40.18881944401937,40.34213859493181,39.795938891342686,39.8853759765625,19855500,0.0,0.0,0.0009422323836905885,1.1886770974416403,1.1886770974416403,1.1886770974416403,-0.84326171875,-1.0,-1.2010078430175781,0.0,0.0,0.1589841947406715,0.9205079026296643,0.07949209737033575
2022-06-07,38.72589280223632,39.44457688008806,38.61090071788035,39.406246185302734,47707800,0.0,0.0,0.0022367526701595163,1.1948055375302482,1.1948055375302482,1.1948055375302482,-1.3223915100097656,-1.0,-1.6801376342773438,0.0,0.0,0.3111372324088651,0.8444313837955675,0.15556861620443255
2022-06-08,39.08045034464084,39.578738509469595,38.95268621056099,39.06447982788086,22522800,0.0,0.0,0.0010468101727609384,1.1541803062001308,1.1541803062001308,1.1541803062001308,-1.6641578674316406,1.0,-0.341766357421875,0.0,0.0,0.012874218742758918,0.9935628906286206,0.006437109371379459
2022-06-09,38.968656177088576,39.719281420459886,38.64604735659178,38.6556282043457,19880100,0.0,0.0,0.0009143128183285953,1.1483984317478433,1.1483984317478433,1.1483984317478433,-2.073009490966797,1.0,-0.7506179809570312,0.2747045403718289,0.017560185295088147,0.06210122853532854,0.9601692930847916,0.03983070691520835
2022-06-10,38.24997198134031,39.2050227610499,38.11900935920744,38.87282943725586,25238100,0.0,0.0,0.0011672565453437742,1.143942358183173,1.143942358183173,1.143942358183173,0.21720123291015625,-1.0,0.21720123291015625,0.0,0.0,0.08373107073762792,0.04186553536881396,0.958134464631186
2022-06-13,38.246776466509345,38.72589926503592,38.03915609975891,38.1413688659668,24897900,0.0,0.0,0.0011298544543473109,1.121780285277014,1.121780285277014,1.121780285277014,-0.7314605712890625,-1.0,-0.5142593383789062,0.606891256832867,0.688398507490972,2.0,0.0,1.0
2022-06-14,38.05193339839696,38.32982551064925,37.74529508674513,38.15734100341797,21544200,0.0,0.0,0.0009780746066434989,1.0834052951789501,1.0834052951789501,1.0834052951789501,0.015972137451171875,-1.0,-0.4982872009277344,0.0,0.0,2.0,0.5,0.5
2022-06-15,38.32024119426403,38.460780999488,37.65904942458335,38.13178253173828,25914000,0.0,0.0,0.0011756690091970657,1.0632857437307859,1.0632857437307859,1.0632857437307859,-0.0255584716796875,-1.0,-0.5238456726074219,0.0,0.0,2.0,0.0,1.0
2022-06-16,37.80279244131851,38.89199708650184,37.76446173718926,38.52786636352539,30706800,0.0,0.0,0.001407579805885723,1.0678750012723426,1.0678750012723426,1.0678750012723426,0.3960838317871094,1.0,0.3960838317871094,0.562171575852588,2.0,0.5716990997113313,1.0,0.0
2022-06-17,38.336208216670585,38.61090178914348,37.681406175016015,37.78361892700195,36838800,0.0,0.0,0.0016560465324226518,1.057990759333423,1.057990759333423,1.057990759333423,-0.7442474365234375,-1.0,-0.7442474365234375,0.0,0.0,2.0,0.0,1.0
2022-06-21,37.78681899222739,39.21779771814007,37.76126397298481,39.022953033447266,23916600,0.0,0.0,0.0011104092723021204,1.0864581154635544,1.0864581154635544,1.0864581154635544,1.2393341064453125,1.0,1.2393341064453125,0.3258006316382307,0.06910779569009982,2.0,1.0,0.0
2022-06-22,39.00059323711376,39.36791873540376,38.5182756449896,38.55021667480469,20235000,0.0,0.0,0.0009280973666430728,1.069542756531455,1.069542756531455,1.069542756531455,-0.4727363586425781,1.0,0.7665977478027344,0.0,0.0,1.0609633530728895,0.5,0.5
2022-06-23,38.88880092529977,39.59470947136123,38.713125238965,39.48611068725586,18040800,0.0,0.0,0.0008475467421770355,1.067753473676104,1.067753473676104,1.067753473676104,0.9358940124511719,1.0,1.7024917602539062,0.0,0.0,2.0,1.0,0.0
2022-06-24,39.63623443326459,40.02592015851585,39.33917697383451,39.51805114746094,31845900,0.0,0.0,0.0014973128589609826,1.040538453033621,1.040538453033621,1.040538453033621,0.96783447265625,1.0,1.7344322204589844,0.0,0.0,2.0,1.0,0.0
2022-06-27,39.53721436086384,39.84385633533956,39.220995193579625,39.64581680297851,19889100,0.0,0.0,0.0009381580500863572,1.0107043593712148,1.0107043593712148,1.0107043593712148,1.095600128173821,-1.0,0.12776565551757102,0.0,0.0,0.029470910947109227,0.014735455473554614,0.9852645445264454
2022-06-28,39.818297629317875,40.10896540415537,39.06128274995629,39.08683776855469,15399000,0.0,0.0,0.0007161212540824712,1.0133456661446336,1.0133456661446336,1.0133456661446336,-0.558979034423821,-1.0,-0.43121337890625,0.2778942238782207,0.2471542037138269,2.0,0.0,1.0
2022-06-29,39.25293694958327,39.399870098134784,38.63966030019569,38.9431037902832,19111500,0.0,0.0,0.000885500570208712,0.9952645327013806,0.9952645327013806,0.9952645327013806,-0.7027130126953054,-1.0,-0.5749473571777344,0.0,0.0,2.0,0.0,1.0
2022-06-30,38.61091241965182,38.987826158716736,38.29469323037726,38.83450698852539,19166100,0.0,0.0,0.0008855540103414727,0.9736837038183872,0.9736837038183872,0.9736837038183872,-0.8113098144531179,-1.0,-0.6835441589355469,0.0,0.0,2.0,0.0,1.0
2022-07-01,38.949491486478856,39.26251580911154,38.7003455756501,39.16988754272461,17460900,0.0,0.0,0.0008137339919986382,0.944289884507177,0.944289884507177,0.944289884507177,0.33538055419921875,1.0,0.33538055419921875,0.0,0.0,0.2407368663717237,0.12036843318586185,0.8796315668141381
2022-07-05,39.03573623493417,39.77039102119189,38.84408636560232,39.68734359741211,18218100,0.0,0.0,0.0008602379959783291,0.9430052252987764,0.9430052252987764,0.9430052252987764,0.8528366088867188,1.0,0.8528366088867188,0.0,0.0,1.5566770269440795,0.7783385134720398,0.22166148652796025
2022-07-06,39.76080536956723,40.335754960967094,39.703312969219226,39.96842575073242,21300000,0.0,0.0,0.0010128850350137255,0.9219628066027913,0.9219628066027913,0.9219628066027913,1.1339187622070312,1.0,1.1339187622070312,0.0,0.0,2.0,1.0,0.0
2022-07-07,39.98758442337027,40.09618684764728,39.64581029125813,40.029109954833984,17487300,0.0,0.0,0.0008328412025366752,0.8882780744446742,0.8882780744446742,0.8882780744446742,1.1946029663085938,-1.0,0.0606842041015625,0.0,0.0,0.007881668555999574,0.003940834277999787,0.9960591657220003
2022-07-08,40.18882223595467,40.44116299272118,39.974815838850496,40.05466842651367,14751000,0.0,0.0,0.0007029721380330548,0.8581401515465322,0.8581401515465322,0.8581401515465322,1.2201614379882812,1.0,0.0255584716796875,0.0,0.0,0.0013980947616525916,0.0006990473808262958,0.9993009526191737
2022-07-11,39.93329191438136,40.35172753257005,39.80552776895521,40.07064056396485,11532900,0.0,0.0,0.0005498298575034209,0.8358586952656973,0.8358586952656973,0.8358586952656973,1.2361335754394602,-1.0,0.01597213745117898,0.0,0.0,0.0005460003547697879,0.00027300017738489396,0.9997269998226151
2022-07-12,39.96203623407833,40.60725385207703,39.837463285215506,39.949256896972656,13732200,0.0,0.0,0.000652698077720856,0.8311395432368278,0.8311395432368278,0.8311395432368278,-0.1213836669921946,1.0,-0.1213836669921946,0.13735255363499022,1.2804215344346235,2.0,0.0,1.0
2022-07-13,39.74803223100445,40.393249946861054,39.57874254284655,40.04508972167969,12689100,0.0,0.0,0.0006045658328850281,0.8299515332923763,0.8299515332923763,0.8299515332923763,0.09583282470703125,-1.0,0.09583282470703125,0.04152241429100201,0.18773126906042661,0.6233157085285338,0.4055234887944802,0.5944765112055198
2022-07-14,39.65859114112936,40.98736080074858,39.65220512766784,40.82765197753906,20905500,0.0,0.0,0.0010154965949455742,0.8660375432772596,0.8660375432772596,0.8660375432772596,0.8783950805664062,1.0,0.782562255859375,0.18525815754766484,0.044481035753775815,2.0,1.0,0.0
2022-07-15,41.14068263784166,41.610220979353855,40.90112121511419,41.226924896240234,21184200,0.0,0.0,0.001039098022635601,0.8600755046013691,0.8600755046013691,0.8600755046013691,1.2776679992675781,1.0,1.1818351745605469,0.0,0.0,2.0,1.0,0.0
2022-07-18,41.092761372246294,41.61979934889968,40.96819208268884,41.1310920715332,14243700,0.0,0.0,0.0006970381797931004,0.8451849161449031,0.8451849161449031,0.8451849161449031,-0.09583282470703125,1.0,1.0860023498535156,0.0,0.0,2.0,0.5,0.5
2022-07-19,41.32914069831603,41.51120607696838,41.07680357394094,41.38344192504883,16995300,0.0,0.0,0.0008367947604389587,0.8158433152079412,0.8158433152079412,0.8158433152079412,0.252349853515625,1.0,1.3383522033691406,0.0,0.0,2.0,1.0,0.0
2022-07-20,41.686875492087715,41.94240739035784,41.364266698985226,41.728397369384766,18564900,0.0,0.0,0.0009216962657736814,0.7988645563625609,0.7988645563625609,0.7988645563625609,0.5973052978515625,1.0,1.6833076477050781,0.0,0.0,2.0,1.0,0.0
2022-07-21,41.74118715694556,42.34168818208688,41.68369109465779,42.33849334716797,18764700,0.0,0.0,0.0009452366080065692,0.7888025942958843,0.7888025942958843,0.7888025942958843,1.2074012756347656,1.0,2.2934036254882812,0.0,0.0,2.0,1.0,0.0
2022-07-22,42.335288882463395,42.60679130213294,41.91685333328639,42.229881286621094,13616400,0.0,0.0,0.0006841410814097447,0.7817408353352175,0.7817408353352175,0.7817408353352175,-0.108612060546875,1.0,2.1847915649414062,0.0,0.0,2.0,0.5,0.5
2022-07-25,42.287372717412,42.38639063405565,41.99031531206472,42.169189453125,20535300,0.0,0.0,0.0010302907803886496,0.7541932986677683,0.7541932986677683,0.7541932986677683,-0.16930389404296875,1.0,2.1240997314453125,0.0,0.0,2.0,0.5,0.5
2022-07-26,38.690762588553696,39.189050727244286,38.348988430234414,38.96226501464844,95391600,0.0,0.0,0.004421990829451738,0.9731938503979696,0.9731938503979696,0.9731938503979696,-3.3762283325195312,-1.0,-3.2069244384765625,3.5678649030519765,1.1167428559379098,2.0,0.0,1.0
2022-07-27,38.725901562709005,40.49226854663967,38.65882465936885,40.43477249145508,42159600,0.0,0.0,0.0020282196871150853,1.0346402816031735,1.0346402816031735,1.0346402816031735,1.4725074768066406,1.0,1.4725074768066406,0.0,0.0,0.21083250209697424,0.10541625104848712,0.8945837489515129
2022-07-28,40.33254642444804,41.686867038343195,40.33254642444804,41.44411087036133,33262200,0.0,0.0,0.0016401263490647255,1.0574745910526007,1.0574745910526007,1.0574745910526007,2.4818458557128906,1.0,2.4818458557128906,0.0,0.0,0.5989246043256654,0.2994623021628327,0.7005376978371674
2022-07-29,40.98736219487592,42.24585650588857,40.888340600976086,42.17877960205078,30141900,0.0,0.0,0.0015126140941280001,1.0789061134711637,1.0789061134711637,1.0789061134711637,3.2165145874023438,1.0,3.2165145874023438,0.0,0.0,1.0059898438788106,0.5029949219394053,0.4970050780605947
2022-08-01,41.86256720766086,42.875110598142555,41.84340185268972,42.33530044555664,24996300,0.0,0.0,0.0012590468269769869,1.0755348728984258,1.0755348728984258,1.0755348728984258,3.373035430908203,1.0,3.373035430908203,0.0,0.0,1.1062781934236239,0.5531390967118119,0.44686090328818806
2022-08-02,42.5301330167832,42.709007190474466,41.9711576209777,42.380008697509766,19695000,0.0,0.0,0.0009930715380382592,1.0514144940840215,1.0514144940840215,1.0514144940840215,3.417743682861328,1.0,3.417743682861328,0.0,0.0,1.1357991101398273,0.5678995550699136,0.43210044493008637
2022-08-03,42.213914507654785,42.46305676544856,41.47925976133937,41.683685302734375,32003100,0.0,0.0,0.0015871634922487226,1.0465846733715338,1.0465846733715338,1.0465846733715338,-0.6963233947753906,-1.0,-0.6963233947753906,0.36414209135035236,0.27347636011576765,0.041509069195649874,0.8425072853442912,0.15749271465570877
2022-08-04,41.73798508907115,41.77950696956888,40.03230907971077,40.10896682739258,53106000,0.0,0.0,0.0025342448610992364,1.0966284745491461,1.0966284745491461,1.0966284745491461,-2.2710418701171875,-1.0,-2.2710418701171875,0.0,0.0,0.4415412713978511,0.7792293643010745,0.22077063569892555
2022-08-05,40.089801605304274,40.50504234411575,39.96523230799435,40.43157577514648,32007000,0.0,0.0,0.0015396753114517924,1.0568557289471645,1.0568557289471645,1.0568557289471645,0.32260894775389914,-1.0,-1.9484329223632884,0.0,0.0,0.3250064199610175,0.5,0.5
2022-08-08,40.45393982368845,40.9522280267651,40.44116414038321,40.76057815551758,18175200,0.0,0.0,0.0008814202874272839,1.0185554805665542,1.0185554805665542,1.0185554805665542,0.651611328125,1.0,0.32900238037110086,0.0,0.0,0.028511965833487515,0.014255982916743758,0.9857440170832562
2022-08-09,40.850015969125224,41.19498501236448,40.63281107202358,41.16304397583008,19325100,0.0,0.0,0.0009464392467685076,0.9859567991218645,0.9859567991218645,0.9859567991218645,1.0540771484375,1.0,0.7314682006836009,0.0,0.0,0.14093536449116295,0.07046768224558148,0.9295323177544186
2022-08-10,41.523972459111405,41.571884005348366,41.00971382091809,41.24927520751953,25251000,0.0,0.0,0.001239248529248421,0.9556863266438942,0.9556863266438942,0.9556863266438942,1.1403083801269531,1.0,0.817699432373054,0.0,0.0,0.17612316213010631,0.08806158106505316,0.9119384189349469
2022-08-11,41.60857801534415,41.82352009990058,41.25569279303214,41.64707565307617,23854500,0.186667,0.0,0.0011820023449103125,0.9284405099108336,0.9284405099108336,0.9284405099108336,1.5381088256835938,1.0,1.2154998779296946,0.0,0.0,0.3891696114743785,0.19458480573718925,0.8054151942628107
2022-08-12,41.704819627975816,42.615909609380694,41.64707684106747,42.41701126098633,26625000,0.0,0.0,0.0013436717586842416,0.9313257560818113,0.9313257560818113,0.9313257560818113,2.30804443359375,1.0,1.9854354858398509,0.0,0.0,1.0383425261310761,0.5191712630655381,0.48082873693446193
2022-08-15,42.22774260203773,42.850107739759146,42.14112473574313,42.53892517089844,26516100,0.0,0.0,0.001342022103700175,0.9154441309342548,0.9154441309342548,0.9154441309342548,2.4299583435058594,1.0,2.1073493957519602,0.0,0.0,1.1697745695299835,0.5848872847649917,0.41511271523500826
2022-08-16,44.55999928051291,45.211235750170744,44.33222585216514,44.71078109741211,91773300,0.0,0.0,0.004881936360568912,1.0409345915298298,1.0409345915298298,1.0409345915298298,4.601814270019531,1.0,4.279205322265632,0.0,0.0,2.0,1.0,0.0
2022-08-17,44.45413477737294,45.785482848541136,44.39959706128753,44.75890350341797,41792100,0.0,0.0,0.0022255489018799092,1.0655739626529568,1.0655739626529568,1.0655739626529568,4.649936676025391,1.0,4.3273277282714915,0.0,0.0,2.0,1.0,0.0
2022-08-18,44.762101852631645,45.0476217141214,44.43167419963176,44.614532470703125,19197600,0.0,0.0,0.00101902958545888,1.0334577877841484,1.0334577877841484,1.0334577877841484,-0.14437103271484375,1.0,4.182956695556648,0.0,0.0,2.0,0.5,0.5
2022-08-19,44.566420087702426,44.61454030734871,43.92159739616248,43.956886291503906,22918800,0.0,0.0,0.0011986221650268944,1.0091352965985827,1.0091352965985827,1.0091352965985827,-0.8020172119140625,-1.0,-0.6576461791992188,0.4779996651250471,0.3552121458968154,0.024718258261085705,0.8100347979210495,0.18996520207895054
2022-08-22,43.69382193108461,43.860640139331835,43.12919967916425,43.17090606689453,18667200,0.0,0.0,0.0009588128648000752,0.9961746762943736,0.9961746762943736,0.9961746762943736,-1.5879974365234375,-1.0,-1.4436264038085938,0.0,0.0,0.11910853864709901,0.9404457306764505,0.05955426932354951
2022-08-23,43.18373815896051,43.29602233018148,42.73460881675068,42.9880485534668,16955100,0.0,0.0,0.000867184675479099,0.965120307518404,0.965120307518404,0.965120307518404,-1.7708549499511719,-1.0,-1.6264839172363281,0.0,0.0,0.15119339168258586,0.9244033041587071,0.07559669584129293
2022-08-24,43.100334248253134,43.40189423555239,42.85972947673603,43.29923629760742,15766500,0.0,0.0,0.000812230025458197,0.9349091968968297,0.9349091968968297,0.9349091968968297,0.311187744140625,1.0,0.311187744140625,0.0,0.0,0.03660542234963945,0.018302711174819724,0.9816972888251803
2022-08-25,43.398683495689234,43.62645693234842,43.318479461304605,43.58795928955078,19414500,0.0,0.0,0.0010068302494922509,0.891502871028556,0.891502871028556,0.891502871028556,0.5999107360839844,1.0,0.5999107360839844,0.0,0.0,0.1360422235838096,0.0680211117919048,0.9319788882080952
2022-08-26,43.66495432876459,43.895936532330715,42.18924550491942,42.21812057495117,21331800,0.0,0.0,0.0010714944045106985,0.949730596484466,0.949730596484466,0.949730596484466,-1.3698387145996094,1.0,-0.769927978515625,0.6704839718166085,0.23957303150060788,1.6471264270078707,0.05665027074576068,0.9433497292542393
2022-08-29,41.97109570213523,42.94634608406152,41.89410041526185,42.62874603271485,17381700,0.0,0.0,0.0008815730717071327,0.9570531016498373,0.9570531016498373,0.9570531016498373,0.410625457763679,-1.0,0.410625457763679,0.0,0.0,0.28444056884713703,0.14222028442356852,0.8577797155764315
2022-08-30,42.776320916822435,42.8757701071229,42.26303122042894,42.50042724609375,14468100,0.0,0.0,0.0007315909189827048,0.9324592291529885,0.9324592291529885,0.9324592291529885,-0.12831878662110086,-1.0,0.2823066711425781,0.0,0.0,0.13444420221889614,0.5,0.5
2022-08-31,42.596671059246226,42.92068864762183,42.32398611591082,42.52288818359375,22460700,0.0,0.0,0.0011363432849652787,0.9084766079071329,0.9084766079071329,0.9084766079071329,0.0224609375,1.0,0.0224609375,0.0,0.0,0.0008510509388604215,0.00042552546943021074,0.9995744745305698
2022-09-01,42.51966761342208,43.35376228636411,42.474752479333254,43.142032623291016,21741900,0.0,0.0,0.001115993345856949,0.9063718364159702,0.9063718364159702,0.9063718364159702,0.6416053771972656,1.0,0.6416053771972656,0.0,0.0,0.6944416918828832,0.3472208459414416,0.6527791540585584
2022-09-02,43.26073380408833,43.52379244600101,42.48759060722364,42.667240142822266,17234400,0.0,0.0,0.000874891563969247,0.9156454080132133,0.9156454080132133,0.9156454080132133,-0.47479248046875,1.0,0.16681289672851562,0.0,0.0,0.04694172495031328,0.5,0.5
2022-09-06,42.683290434662034,42.86615243395996,41.93581337609595,42.45552062988281,21899700,0.0,0.0,0.0011062055800281285,0.9166949544311274,0.9166949544311274,0.9166949544311274,-0.6865119934082031,-1.0,-0.21171951293945312,0.5389391032373041,0.6162871793702062,1.6108775330324663,0.0,1.0
2022-09-07,42.68648461085233,43.62003209934869,42.58382669488043,43.54624557495117,17058900,0.0,0.0,0.0008838228980726612,0.9343961340764667,0.9343961340764667,0.9343961340764667,1.0907249450683594,1.0,1.0907249450683594,0.09623965334768059,0.007785340448325716,2.0,1.0,0.0
2022-09-08,43.43718106004912,43.90876804498419,43.2703628225774,43.76761245727539,16956000,0.0,0.0,0.0008829574443349135,0.9132539261000616,0.9132539261000616,0.9132539261000616,1.3120918273925781,1.0,1.3120918273925781,0.0,0.0,2.0,1.0,0.0
2022-09-09,43.72590369264891,44.1108690852711,43.67136598026536,43.899139404296875,16140600,0.0,0.0,0.0008430225459212903,0.8794145817361816,0.8794145817361816,0.8794145817361816,1.4436187744140625,1.0,1.4436187744140625,0.0,0.0,2.0,1.0,0.0
2022-09-12,43.976135443693806,44.351478299624354,43.94084654808752,44.29373550415039,14284500,0.0,0.0,0.0007527848317252389,0.8489091755641315,0.8489091755641315,0.8489091755641315,1.8382148742675781,1.0,1.8382148742675781,0.0,0.0,2.0,1.0,0.0
2022-09-13,43.90555364401129,44.25523381921457,43.247903354609775,43.379432678222656,17687400,0.0,0.0,0.0009128751263311352,0.8629751022767375,0.8629751022767375,0.8629751022767375,-0.9143028259277344,-1.0,-0.9143028259277344,0.42346262565558135,0.21451123727177188,0.2473930940933469,0.7690478343174406,0.23095216568255938
2022-09-14,43.51095361911248,43.799678528509645,43.02012164027092,43.283180236816406,19934700,0.0,0.0,0.0010265789994041818,0.8570166584168794,0.8570166584168794,0.8570166584168794,-1.0105552673339844,-1.0,-1.0105552673339844,0.0,0.0,0.3022230528937826,0.8488884735531087,0.1511115264468913
2022-09-15,43.3248996969705,43.356979844216866,42.65762308876854,42.81802749633789,20189400,0.0,0.0,0.001028521980817782,0.8457552367762685,0.8457552367762685,0.8457552367762685,-1.4757080078125,-1.0,-1.4757080078125,0.0,0.0,0.6444783252598532,0.6777608373700734,0.3222391626299266
2022-09-16,42.34643866125008,43.16449339412565,42.11545647134573,42.72819900512695,41874300,0.0,0.0,0.0021287548778657966,0.8602753572051007,0.8602753572051007,0.8602753572051007,-1.5655364990234375,-1.0,-1.5655364990234375,0.0,0.0,0.7253269972764282,0.6373365013617859,0.3626634986382141
2022-09-19,42.60950335547118,43.23186482757978,42.49721916748654,43.09392166137695,16853100,0.0,0.0,0.0008640906859262741,0.8513018074113962,0.8513018074113962,0.8513018074113962,0.36572265625,1.0,0.36572265625,0.0,0.0,0.05457293814168213,0.027286469070841066,0.9727135309291589
2022-09-20,42.82123139385521,42.94955565064162,42.519675080980136,42.84368896484375,13963500,0.0,0.0,0.0007117781556375458,0.8315121483389263,0.8315121483389263,0.8315121483389263,-0.2502326965332031,1.0,0.11548995971679688,0.0,0.0,0.005442044205864768,0.5,0.5
2022-09-21,43.450015216061175,44.09483425277083,43.18695286872146,43.23507308959961,24903600,0.0,0.0,0.001281037484737517,0.8614859440237944,0.8614859440237944,0.8614859440237944,0.3913841247558594,1.0,0.5068740844726562,0.0,0.0,0.10482715029851673,0.052413575149258367,0.9475864248507416
2022-09-22,43.17091383395898,43.21903405599508,42.615917727664765,42.792362213134766,16744500,0.0,0.0,0.0008525148506598854,0.8441766167317265,0.8441766167317265,0.8441766167317265,-0.44271087646484375,-1.0,-0.44271087646484375,0.0,0.0,0.7628518597940375,0.6185740701029813,0.38142592989701873
2022-09-23,42.62554677029342,42.72499596995752,41.310238587021864,41.72407913208008,27195300,0.0,0.0,0.0013500321863931367,0.8897442602589534,0.8897442602589534,0.8897442602589534,-1.5109939575195312,-1.0,-1.5109939575195312,0.0,0.0,2.0,0.0,1.0
2022-09-26,41.303816677785385,42.39134750540581,41.149829784499666,42.12508010864258,23011200,0.0,0.0,0.0011533032480996485,0.9148709360194671,0.9148709360194671,0.9148709360194671,0.4010009765625,-1.0,-1.1099929809570312,0.0,0.0,2.0,0.5,0.5
2022-09-27,42.42021800545308,42.80518336155774,41.80106175030915,42.00958633422851,17171700,0.0,0.0,0.0008582725166203791,0.9212459842501185,0.9212459842501185,0.9212459842501185,-0.1154937744140696,1.0,-0.1154937744140696,0.08018739160021937,0.48205325977741414,0.05191788295080458,0.7330144286358906,0.2669855713641094
2022-09-28,42.15716388677219,42.87576945072168,41.61500280054969,42.70253372192383,16838400,0.0,0.0,0.0008554959831039413,0.9454974603873949,0.9454974603873949,0.9454974603873949,0.6929473876953196,1.0,0.57745361328125,0.4844219453158658,0.4887053517338851,2.0,1.0,0.0
2022-09-29,42.82765257830419,43.02655464274419,42.22774497847977,42.42664337158203,15241500,0.0,0.0,0.0007693605122377514,0.9350197606643251,0.9350197606643251,0.9350197606643251,-0.2758903503417969,1.0,0.3015632629394531,0.0,0.0,2.0,0.5,0.5
2022-09-30,42.42343503387839,42.46192900706632,41.608585357666016,41.608585357666016,19602300,0.0,0.0,0.000970406038546259,0.9291857527168949,0.9291857527168949,0.9291857527168949,-1.0939483642578125,-1.0,-0.8180580139160156,0.00641744288367363,3.441362149044213e-05,2.0,0.0,1.0
2022-10-03,41.7818186382214,42.59987334409056,41.70803210242799,42.51646423339844,17574900,0.0,0.0,0.000889024053288192,0.9336216265531556,0.9336216265531556,0.9336216265531556,0.9078788757324219,1.0,0.9078788757324219,0.0,0.0,1.2316508628121685,0.6158254314060843,0.38417456859391574
2022-10-04,42.943133255166025,43.3730137757996,42.78594129018624,43.0682487487793,16134300,0.0,0.0,0.0008267436139650072,0.928116477685156,0.928116477685156,0.928116477685156,1.4596633911132812,1.0,1.4596633911132812,0.0,0.0,2.0,1.0,0.0
2022-10-05,42.91105482082376,43.186948464662095,42.51004567839109,42.641578674316406,14553900,0.0,0.0,0.0007383736156196366,0.9101726425841454,0.9101726425841454,0.9101726425841454,-0.4266700744628906,-1.0,-0.4266700744628906,0.0,0.0,0.0854434814147144,0.9572782592926428,0.0427217407073572
2022-10-06,42.69290373135828,43.14203304865406,42.21169427301806,42.2437744140625,14200500,0.0,0.0,0.00071372327440233,0.911613080659278,0.911613080659278,0.911613080659278,-0.8244743347167969,-1.0,-0.8244743347167969,0.0,0.0,0.3190427279510282,0.8404786360244859,0.1595213639755141
2022-10-07,42.12507747275913,42.23414922075922,41.0856632546167,41.24285888671875,17080500,0.0,0.0,0.0008381328256868636,0.9292200862868869,0.9292200862868869,0.9292200862868869,-1.8253898620605469,-1.0,-1.8253898620605469,0.0,0.0,1.563888681879524,0.21805565906023805,0.781944340939762
2022-10-10,41.55404429928607,41.6823685469422,41.15303515561495,41.48667526245117,11411700,0.0,0.0,0.0005632776069883042,0.9006567509326271,0.9006567509326271,0.9006567509326271,0.24381637573242188,-1.0,-1.581573486328125,0.0,0.0,1.1740141188325892,0.5,0.5
2022-10-11,41.547626694394616,42.92388616560888,41.53158662239626,42.56137466430664,21276000,0.0,0.0,0.001077380563754125,0.9389820475201327,0.9389820475201327,0.9389820475201327,1.3185157775878906,1.0,1.0746994018554688,0.6897369448496562,0.2736505441321987,0.4617376228117512,0.36769408347197496,0.632305916528025
2022-10-12,42.67045467036734,43.23507334224614,42.01600938285526,42.080169677734375,16947600,0.0,0.0,0.0008484948209318095,0.9589878983680432,0.9589878983680432,0.9589878983680432,-0.4812049865722656,1.0,0.5934944152832031,0.0,0.0,0.1408168164515679,0.5,0.5
2022-10-13,41.47385246196239,42.64800139618467,41.181918685239744,42.43627166748047,20545500,0.0,0.0,0.0010373312087925061,0.995208956409249,0.995208956409249,0.995208956409249,0.35610198974609375,-1.0,0.35610198974609375,0.3496679371565179,0.9641904424829773,0.05069557450686228,0.5074430084949197,0.49255699150508025
2022-10-14,42.4875883990783,42.73781570501574,41.72085906787845,41.84276580810547,16641000,0.0,0.0,0.0008284442969641064,0.9967623621755377,0.9967623621755377,0.9967623621755377,-0.593505859375,1.0,-0.593505859375,0.29515031497680866,0.24730704048884333,2.0,0.0,1.0
2022-10-17,42.012796075209785,42.61270724978328,41.89409807402784,42.14432907104492,17812500,0.0,0.0,0.0008931564317867115,0.9805608678542713,0.9805608678542713,0.9805608678542713,0.3015632629394531,1.0,-0.2919425964355469,0.0,0.0,0.6721189367152376,0.5,0.5
2022-10-18,42.80519315920952,43.34094043767987,42.773113011469384,43.03296661376953,16842300,0.0,0.0,0.0008623155023872728,0.9959930463386053,0.9959930463386053,0.9959930463386053,1.1902008056640625,1.0,0.5966949462890625,0.6031247326641278,0.2567874511581694,2.0,1.0,0.0
2022-10-19,43.09391848635126,43.222239067350806,42.657620434010745,42.91105651855469,11339400,0.0,0.0,0.0005789256490164548,0.9651805882672807,0.9651805882672807,0.9651805882672807,-0.12191009521484375,-1.0,-0.12191009521484375,0.0,0.0,0.041742131483334576,0.9791289342583327,0.020871065741667288
2022-10-20,42.98162929244748,43.4371724417249,42.87576262267077,43.01691818237305,12754800,0.0,0.0,0.0006527944521415665,0.9363398190377697,0.9363398190377697,0.9363398190377697,0.10586166381835938,1.0,0.10586166381835938,0.09623200404502796,0.8263454294031802,0.7540464332761113,0.7901959313396458,0.20980406866035417
2022-10-21,43.24790526559795,44.08200005377797,42.988051684194666,43.88630676269531,18134700,0.0,0.0,0.0009468973873981832,0.9475975726481649,0.9475975726481649,0.9475975726481649,0.975250244140625,1.0,0.975250244140625,0.0,0.0,2.0,1.0,0.0
2022-10-24,44.09482738778841,45.066872586344886,43.99216946402919,44.723609924316406,18806700,0.0,0.0,0.0010007208677432035,0.9642381620054084,0.9642381620054084,0.9642381620054084,1.8125534057617188,1.0,1.8125534057617188,0.0,0.0,2.0,1.0,0.0
2022-10-25,44.62094948743018,45.05403505485317,44.373927266087335,44.93533706665039,15051300,0.0,0.0,0.0008046842929181024,0.943943135345439,0.943943135345439,0.943943135345439,2.024280548095703,1.0,2.024280548095703,0.0,0.0,2.0,1.0,0.0
2022-10-26,45.02837528580368,45.56733122526213,44.85513957923979,45.278602600097656,20754300,0.0,0.0,0.0011180587209333676,0.9273894575366464,0.9273894575366464,0.9273894575366464,2.3675460815429688,1.0,2.3675460815429688,0.0,0.0,2.0,1.0,0.0
2022-10-27,45.23690608188099,45.5865862914403,45.00592388436693,45.14707946777344,16602900,0.0,0.0,0.000891819823750922,0.9026232396464123,0.9026232396464123,0.9026232396464123,-0.13152313232421875,1.0,2.23602294921875,0.0,0.0,2.0,0.5,0.5
2022-10-28,44.928929629971705,45.84322477683765,44.925720881203006,45.71811294555664,13648200,0.0,0.0,0.000742381571295718,0.9036861436455719,0.9036861436455719,0.9036861436455719,0.5710334777832031,1.0,2.807056427001953,0.0,0.0,2.0,1.0,0.0
2022-10-31,45.66357099212321,45.89775823177961,45.48071271398992,45.660362243652344,22572000,0.0,0.0,0.001226232726052602,0.8689260989415807,0.8689260989415807,0.8689260989415807,-0.057750701904296875,1.0,2.7493057250976562,0.0,0.0,2.0,0.5,0.5
2022-11-01,45.86567546137794,46.051742477319394,45.39409226061869,45.45504379272461,14814300,0.0,0.0,0.0008011737731528426,0.8538349644958036,0.8538349644958036,0.8538349644958036,-0.26306915283203125,1.0,2.543987274169922,0.0,0.0,2.0,0.5,0.5
2022-11-02,45.2850174700625,46.05816060771394,45.13744808886073,45.15348815917969,15522000,0.0,0.0,0.0008338779558426757,0.8586119326641897,0.8586119326641897,0.8586119326641897,-0.5646247863769531,1.0,2.242431640625,0.3432646251291871,0.3696053263612433,2.0,0.8440224107156242,0.15597758928437583
2022-11-03,44.75569333738566,45.4614675326436,44.61774651279428,45.14386749267578,10976400,0.0,0.0,0.0005895521071666599,0.8575482960345566,0.8575482960345566,0.8575482960345566,-0.5742454528808594,-1.0,-0.00962066650390625,0.7763457478244149,1.8277434128115044,1.8406528822643722e-05,0.08611909032983645,0.9138809096701636
2022-11-04,45.56412159751966,45.62186438436874,44.52470737819329,45.22406768798828,14669400,0.0,0.0,0.0007893061409378967,0.8746632039017633,0.8746632039017633,0.8746632039017633,0.0802001953125,-1.0,0.07057952880859375,0.0,0.0,2.0,1.0,0.0
2022-11-07,45.3170960846184,45.865674547993926,45.3170960846184,45.698856353759766,11364000,0.0,0.0,0.0006178742055152704,0.8580163221948978,0.8580163221948978,0.8580163221948978,0.5549888610839844,1.0,0.4747886657714844,0.0,0.0,2.0,1.0,0.0
2022-11-08,45.74058001337975,46.218580881726226,45.397313579259965,45.80794906616211,15068400,0.0,0.0,0.000821242651285758,0.8553913922142808,0.8553913922142808,0.8553913922142808,0.6640815734863281,1.0,0.5838813781738281,0.0,0.0,2.0,1.0,0.0
2022-11-09,45.798297807394235,45.926622015349146,44.65943468822145,44.74284744262695,15932100,0.0,0.0,0.0008481255588664877,0.884805387565239,0.884805387565239,0.884805387565239,-1.0651016235351562,-1.0,-1.0651016235351562,0.6576613963969464,0.3812611971060803,2.0,0.0,1.0
2022-11-10,45.7181069360469,45.77584972094424,45.0732843577779,45.66998672485352,20310600,0.0,0.0,0.001103613862105191,0.8953908797618136,0.8953908797618136,0.8953908797618136,0.9271392822265696,-1.0,-0.13796234130858664,0.0,0.0,0.055830544462022354,0.5,0.5
2022-11-11,45.7694452814259,45.9138096159473,44.90968411498244,45.74057388305664,19270800,0.0,0.0,0.0010487328253253715,0.9031576384191742,0.9031576384191742,0.9031576384191742,0.9977264404296875,-1.0,-0.06737518310546875,0.0,0.0,0.013315291179829929,0.5,0.5
2022-11-14,45.43901616417153,45.97797221251761,44.35789898965152,44.39639663696289,37525800,0.0,0.0,0.001982171331757688,0.9543658944510968,0.9543658944510968,0.9543658944510968,-1.34417724609375,-1.0,-1.4115524291992188,0.2021224915733697,0.022610814515981844,2.0,0.0,1.0
2022-11-15,46.71259895413411,48.2075560524518,46.37254510728706,47.29967498779297,76548600,0.0,0.0,0.0043078335784340095,1.1584225745252263,1.1584225745252263,1.1584225745252263,2.903278350830078,1.0,2.903278350830078,2.293746436504499,0.624185193557567,2.0,1.0,0.0
2022-11-16,47.4408417595665,48.18511363040924,47.19703191534011,47.63974380493164,32593200,0.0,0.0,0.0018473956947074783,1.1462553702783622,1.1462553702783622,1.1462553702783622,3.24334716796875,1.0,3.24334716796875,0.0,0.0,2.0,1.0,0.0
2022-11-17,47.161735636998806,47.713522873835565,47.065491542587274,47.47933197021485,24791400,0.0,0.0,0.0014004550073713922,1.1106679389190715,1.1106679389190715,1.1106679389190715,-0.16041183471678977,-1.0,-0.16041183471678977,0.0,0.0,0.0024461660598275882,0.9987769169700862,0.0012230830299137941
2022-11-18,48.015079469426446,48.19794141440772,47.726354526863744,48.194732666015625,18987000,0.0,0.0,0.0010887281053341647,1.082663760724343,1.082663760724343,1.082663760724343,0.7154006958007741,1.0,0.7154006958007741,0.012827783998481834,0.00032151745864373904,2.0,1.0,0.0
2022-11-21,48.31665135155284,48.80748350813099,48.181909585128466,48.48988342285156,21157200,0.0,0.0,0.001220598522151394,1.050014486601356,1.050014486601356,1.050014486601356,1.0105514526367116,1.0,1.0105514526367116,0.0,0.0,2.0,1.0,0.0
2022-11-22,48.76256167261212,48.906922313244,48.48025054568178,48.663108825683594,16898400,0.0,0.0,0.0009783831049970013,1.0054900066699897,1.0054900066699897,1.0054900066699897,1.183776855468743,1.0,1.183776855468743,0.0,0.0,2.0,1.0,0.0
2022-11-23,48.788232909299275,49.2020734270588,48.72407261327573,48.897308349609375,16920600,0.0,0.0,0.0009843832617108916,0.972166763434648,0.972166763434648,0.972166763434648,1.4179763793945241,1.0,1.4179763793945241,0.0,0.0,2.0,1.0,0.0
2022-11-25,48.80106228916828,49.11224115760461,48.717649508332336,49.10582733154297,8777400,0.0,0.0,0.0005128170204222863,0.9309113981373355,0.9309113981373355,0.9309113981373355,1.626495361328118,-1.0,0.20851898193359375,0.0,0.0,1.6897341428196822,0.8448670714098411,0.15513292859015892
2022-11-28,48.99354268500163,49.60949026123991,48.99354268500163,49.246978759765625,17674800,0.0,0.0,0.0010356132748989453,0.9084139822874032,0.9084139822874032,0.9084139822874032,1.7676467895507741,1.0,0.14115142822265625,0.0,0.0,0.77427946534563,0.387139732672815,0.612860267327185
2022-11-29,49.09299087648871,49.31114172551359,48.93900398553196,49.07374572753906,13841700,0.0,0.0,0.0008081689279141373,0.8701085364084196,0.8701085364084196,0.8701085364084196,-0.1732330322265625,-1.0,-0.1732330322265625,0.0,0.0,1.506228499749542,0.24688575012522895,0.753114249874771
2022-11-30,48.95825989656422,49.00958886765057,48.50592540399313,48.897308349609375,31338000,0.0,0.0,0.0018231388163242389,0.848516521203956,0.848516521203956,0.848516521203956,-0.34967041015625,-1.0,-0.34967041015625,0.0,0.0,2.0,0.0,1.0
2022-12-01,48.778601497241986,49.27905979251088,48.355134808986875,49.20206451416016,22732200,0.0,0.0,0.0013307249596408593,0.8539028399411023,0.8539028399411023,0.8539028399411023,0.30475616455078836,-1.0,-0.044914245605461645,0.0,0.0,0.10125061395477601,0.5,0.5
2022-12-02,48.59573737902328,49.160359604842895,48.59573737902328,49.1539421081543,20733000,0.0,0.0,0.001212506316289055,0.8362188610265154,0.8362188610265154,0.8362188610265154,-0.04812240600586648,-1.0,-0.09303665161132812,0.1507707371923246,2.0,0.4344477874285387,0.0,1.0
2022-12-05,49.00316508317804,49.08336543691038,48.28455596265622,48.65027618408203,23608200,0.0,0.0,0.0013665064756015076,0.8385879527744841,0.8385879527744841,0.8385879527744841,-0.5517883300781321,-1.0,-0.5967025756835938,0.0,0.0,2.0,0.0,1.0
2022-12-06,48.50591696992329,48.73368671547043,47.867511855747814,48.08565902709961,20625600,0.0,0.0,0.0011800099569690566,0.8405584461279219,0.8405584461279219,0.8405584461279219,-1.116405487060554,-1.0,-1.1613197326660156,0.0,0.0,2.0,0.0,1.0
2022-12-07,48.28135456914002,48.50912432538463,47.742398605463926,47.83543395996094,17550300,0.0,0.0,0.0009988442436038665,0.8352846799702637,0.8352846799702637,0.8352846799702637,-1.3666305541992259,-1.0,-1.4115447998046875,0.0,0.0,2.0,0.0,1.0
2022-12-08,48.03186261636785,48.07050169933158,47.703406457524366,47.90949630737305,13512600,0.186667,0.0,0.0007702363919919275,0.8018425772443315,0.8018425772443315,0.8018425772443315,0.07406234741210938,-1.0,-1.3374824523925781,0.0,0.0,2.0,0.5,0.5
2022-12-09,47.48765034507041,47.5681567199068,46.7631150826045,46.79209899902344,27929400,0.0,0.0,0.001554882735643775,0.8264524806389183,0.8264524806389183,0.8264524806389183,-1.1173973083496094,-1.0,-2.4548797607421875,0.0,0.0,2.0,0.0,1.0
2022-12-12,46.9820852424894,47.690523661743846,46.87260232011304,47.66476058959961,19432200,0.0,0.0,0.001102003302359526,0.8315933507875962,0.8315933507875962,0.8315933507875962,0.8726615905761719,1.0,0.8726615905761719,0.0,0.0,0.12636630067303598,0.06318315033651799,0.936816849663482
2022-12-13,48.30235757289042,48.36675973360696,47.252586875465624,47.49409866333008,23408100,0.0,0.0,0.0013227242707506256,0.8517776013128635,0.8517776013128635,0.8517776013128635,-0.17066192626953125,1.0,0.7019996643066406,0.0,0.0,0.08177364530598075,0.5,0.5
2022-12-14,47.36528750648684,47.828989666124784,47.001409426355785,47.23004150390625,20334600,0.0,0.0,0.0011426611699522742,0.8500492183454447,0.8500492183454447,0.8500492183454447,-0.4347190856933594,-1.0,-0.2640571594238281,0.0,0.0,0.14148880716988224,0.9292555964150588,0.07074440358494112
2022-12-15,46.879044679119104,47.14953667202431,46.25111262681542,46.80820083618164,17514000,0.0,0.0,0.000975373163441703,0.8592549082558294,0.8592549082558294,0.8592549082558294,-0.8565597534179688,-1.0,-0.6858978271484375,0.0,0.0,0.9546519087246659,0.5226740456376671,0.47732595436233294
2022-12-16,46.524831197941126,46.60211673982523,45.909782448686265,45.967742919921875,40343100,0.0,0.0,0.00220640866734134,0.8620522996300828,0.8620522996300828,0.8620522996300828,-1.6970176696777344,-1.0,-1.5263557434082031,0.0,0.0,2.0,0.0,1.0
2022-12-19,46.05146394523989,46.22857356471188,45.639284238234005,45.98384094238281,15067500,0.0,0.0,0.0008243467929353735,0.8425692301192108,0.8425692301192108,0.8425692301192108,0.0160980224609375,-1.0,-1.5102577209472656,0.0,0.0,2.0,0.5,0.5
2022-12-20,46.02248587746486,46.576353306118605,45.80673716418884,46.3863639831543,17009400,0.0,0.0,0.0009387346187086817,0.8373582952485362,0.8373582952485362,0.8373582952485362,0.4186210632324219,1.0,0.4025230407714844,0.0,0.0,0.07103614094954516,0.03551807047477258,0.9644819295252274
2022-12-21,46.47330282994362,46.99496911588075,46.45398144692628,46.75023651123047,13726500,0.0,0.0,0.0007634966485962124,0.821018783639816,0.821018783639816,0.821018783639816,0.7824935913085938,1.0,0.7663955688476562,0.0,0.0,0.25751577644462176,0.12875788822231088,0.8712421117776892
2022-12-22,46.618216577947415,46.685839583488615,45.70369189543394,46.20281600952149,13082400,0.0,0.0,0.0007191498234475795,0.8371277716510097,0.8371277716510097,0.8371277716510097,-0.5474205017089773,-1.0,-0.5474205017089773,0.10304526875489728,0.03543349537124957,0.5101949394145585,0.727185782607096,0.272814217392904
2022-12-23,46.06434294861416,46.30585470306663,45.81638950491025,46.29619216918945,9547500,0.0,0.0,0.0005258942803223579,0.8122947306871077,0.8122947306871077,0.8122947306871077,0.09337615966796164,-1.0,-0.4540443420410156,0.0,0.0,0.35098662424789656,0.5,0.5
2022-12-27,46.383143042126065,46.51517189402719,46.1094301734487,46.30908203125,10044600,0.0,0.0,0.0005534295283570472,0.7832552299650636,0.7832552299650636,0.7832552299650636,0.10626602172850852,1.0,0.012889862060546875,0.0,0.0,0.0008059349751563067,0.00040296748757815337,0.9995970325124218
2022-12-28,46.19959366332157,46.26399582171062,45.375234243374344,45.49760055541992,15246300,0.0,0.0,0.000825308775364165,0.7940118412443916,0.7940118412443916,0.7940118412443916,-0.8114814758300781,-1.0,-0.8114814758300781,0.44115526153590423,0.2955464219134582,2.0,0.0,1.0
2022-12-29,45.771315158215,46.054686877033255,45.64572799642806,45.774532318115234,9171900,0.0,0.0,0.000499512930689794,0.7770885898421732,0.7770885898421732,0.7770885898421732,0.2769317626953125,-1.0,-0.5345497131347656,0.0,0.0,2.0,0.5,0.5
2022-12-30,45.58454647234944,45.72301332863685,45.34303468511222,45.65860748291016,11505900,0.0,0.0,0.0006250384949065547,0.7524035214965189,0.7524035214965189,0.7524035214965189,-0.11592483520507102,-1.0,-0.6504745483398366,0.0,0.0,2.0,0.0,1.0
2023-01-03,45.903340179112995,46.27687713303174,45.75521447260795,46.241458892822266,17249700,0.0,0.0,0.0009490226595659969,0.742822530684023,0.742822530684023,0.742822530684023,0.5828514099121023,1.0,0.5828514099121023,0.22219025599848408,0.14532298702723118,0.8028882205335874,0.47410560378040933,0.5258943962195907
2023-01-04,46.18349344640365,46.386362457852975,45.7487715038856,46.29297637939453,13338300,0.0,0.0,0.0007346476502798811,0.7353059894899768,0.7353059894899768,0.7353059894899768,0.6343688964843679,1.0,0.6343688964843679,0.0,0.0,0.9510933513421866,0.4755466756710933,0.5244533243289067
2023-01-05,46.1963741863396,46.412122897402625,45.93554101492736,46.13519287109375,13274400,0.0,0.0,0.0007286362084505353,0.7168256961317832,0.7168256961317832,0.7168256961317832,-0.15778350830078125,1.0,0.47658538818358664,0.0,0.0,0.5368102868235678,0.5,0.5
2023-01-06,46.563467917955904,47.513414416633786,46.44754330537163,47.26546096801758,21231900,0.0,0.0,0.0011939778392312719,0.7640682568038012,0.7640682568038012,0.7640682568038012,1.1302680969238281,1.0,1.6068534851074148,0.0,0.0,2.0,1.0,0.0
2023-01-09,47.11733778028039,47.61324101866256,46.62787254644207,46.67617416381836,17756700,0.0,0.0,0.0009861001328449483,0.7798754150478506,0.7798754150478506,0.7798754150478506,-0.5892868041992188,1.0,1.017566680908196,0.0,0.0,2.0,0.5,0.5
2023-01-10,46.67295711401302,46.83718704865884,46.28331961328293,46.64719772338867,11970600,0.0,0.0,0.0006643623099452762,0.7637319879284266,0.7637319879284266,0.7637319879284266,-0.6182632446289062,-1.0,-0.0289764404296875,0.16422369208870435,0.07055450772485168,0.0008108944203956392,0.9643172989273764,0.03568270107262366
2023-01-11,46.93058029033039,47.07226433073244,46.60534121654769,47.0561637878418,14834700,0.0,0.0,0.0008305366373515576,0.7425313540895921,0.7425313540895921,0.7425313540895921,0.408966064453125,1.0,0.408966064453125,0.0,0.0,2.0,1.0,0.0
2023-01-12,47.146320536164936,47.149541381197785,46.49584987626984,46.63109588623047,12472800,0.0,0.0,0.0006919952109224267,0.7361856505780462,0.7361856505780462,0.7361856505780462,-0.4250679016113281,1.0,-0.016101837158203125,0.0,0.0,0.0015501592493147645,0.9992249203753426,0.0007750796246573823
2023-01-13,46.86294163917373,46.956327712270934,46.32517848449226,46.78565979003906,13699800,0.0,0.0,0.000762588925058161,0.7286830489495194,0.7286830489495194,0.7286830489495194,0.15456390380859375,-1.0,0.15456390380859375,0.0,0.0,2.0,1.0,0.0
2023-01-17,46.785660386179885,46.92090638777168,46.43466200286621,46.50228500366211,15122400,0.0,0.0,0.0008366783344000942,0.7113660015178015,0.7113660015178015,0.7113660015178015,-0.2833747863769531,-1.0,-0.12881088256835938,0.061187873403625304,0.04662386874384118,0.6945267148441406,0.6294247082060092,0.3705752917939909
2023-01-18,46.434667286103824,46.4507678269263,45.236770834130574,45.35269546508789,22674300,0.0,0.0,0.0012234902153003316,0.7509480135187825,0.7509480135187825,0.7509480135187825,-1.4329643249511719,-1.0,-1.2784004211425781,0.0,0.0,2.0,0.0,1.0
2023-01-19,45.529799909961,45.57488068209024,44.69255714190861,44.705440521240234,17342100,0.0,0.0,0.0009224133359010091,0.7603319797089859,0.7603319797089859,0.7603319797089859,-2.080219268798828,-1.0,-1.9256553649902344,0.0,0.0,2.0,0.0,1.0
2023-01-20,44.88898932491275,45.333370108980304,44.492910159082584,45.25608825683594,29543100,0.0,0.0,0.0015907304170939562,0.7660554061510384,0.7660554061510384,0.7660554061510384,0.5506477355957031,-1.0,-1.3750076293945312,0.0,0.0,2.0,0.5,0.5
2023-01-23,45.23032652050533,46.05146511036052,45.14660297604867,45.93231964111328,13149900,0.0,0.0,0.0007186283346293637,0.7759701724482392,0.7759701724482392,0.7759701724482392,1.2268791198730469,1.0,0.6762313842773438,0.4765844282702787,0.15089545048008662,0.2418691228833981,0.19638228668174235,0.8036177133182576
2023-01-24,47.19139869723043,47.19139869723043,45.40421306143626,46.054683685302734,13669200,0.0,0.0,0.000748997572279019,0.8481998484015202,0.8481998484015202,0.8481998484015202,1.3492431640625,1.0,0.7985954284667969,0.0,0.0,0.33732103461631796,0.16866051730815898,0.831339482691841
2023-01-25,45.80351897990688,45.996729159178415,45.2077879009178,45.83572006225586,12491700,0.0,0.0,0.0006812227016662776,0.848106700971764,0.848106700971764,0.848106700971764,-0.218963623046875,-1.0,-0.218963623046875,0.0,0.0,0.07517791926522231,0.9624110403673889,0.037588959632611156
2023-01-26,46.05790394210437,46.289756861361354,45.648945095062736,45.79384994506836,15819000,0.0,0.0,0.0008618857316105425,0.8332999199236822,0.8332999199236822,0.8332999199236822,-0.260833740234375,1.0,-0.0418701171875,0.0,0.0,0.002748873238779565,0.9986255633806103,0.0013744366193897824
2023-01-27,45.91943664247171,46.52160563541007,45.64572379887947,46.14484786987305,18412800,0.0,0.0,0.0010108961969989198,0.8363414853956046,0.8363414853956046,0.8363414853956046,0.3509979248046875,1.0,0.3091278076171875,0.524876476231654,2.0,2.0,1.0,0.0
2023-01-30,45.76487346805967,45.87113924455805,45.49116059929699,45.774532318115234,15897600,0.0,0.0,0.0008658028071538143,0.8232947557656369,0.8232947557656369,0.8232947557656369,-0.3703155517578125,-1.0,-0.3703155517578125,0.15778449576574616,0.18154519151119525,1.435052383884971,0.19170121230191695,0.808298787698083
2023-01-31,45.829271896779666,46.331616817841365,45.61674404626763,46.328399658203125,14103600,0.0,0.0,0.0007773932921689357,0.8155503283233585,0.8155503283233585,0.8155503283233585,0.5538673400878906,1.0,0.5538673400878906,0.0,0.0,2.0,1.0,0.0
2023-02-01,46.26077844746708,46.888710594402795,45.95164364179406,46.58601379394531,12849300,0.0,0.0,0.000712194356910044,0.8242300872008856,0.8242300872008856,0.8242300872008856,0.8114814758300781,1.0,0.8114814758300781,0.0,0.0,2.0,1.0,0.0
2023-02-02,46.50229342677568,46.64720198911588,46.028932335462954,46.247901916503906,17806800,0.0,0.0,0.000979809000357294,0.8095186276617455,0.8095186276617455,0.8095186276617455,-0.33811187744140625,1.0,0.4733695983886719,0.0,0.0,1.63401794901393,0.5,0.5
2023-02-03,46.16417201248536,46.35738217397371,45.35913397232411,45.63284683227539,17155500,0.0,0.0,0.0009314176251736492,0.8229993115180211,0.8229993115180211,0.8229993115180211,-0.9531669616699219,-1.0,-0.6150550842285156,0.5925096694699477,0.3864140627376911,1.6882132357311532,0.0,1.0
2023-02-06,45.66826929173254,45.758434526173886,45.09185964548765,45.301170349121094,17454000,0.0,0.0,0.0009407362992419482,0.8118261378871792,0.8118261378871792,0.8118261378871792,-1.2848434448242188,-1.0,-0.9467315673828125,0.0,0.0,2.0,0.0,1.0
2023-02-07,45.00813247205628,45.500814848980845,44.66035494237915,45.39776992797851,16341300,0.0,0.0,0.0008826420846088074,0.8138714070810731,0.8138714070810731,0.8138714070810731,0.09659957885741477,-1.0,-0.8501319885253977,0.0,0.0,2.0,0.5,0.5
2023-02-08,45.18846757986271,45.436417373646094,45.07898095808151,45.153045654296875,11691300,0.0,0.0,0.0006280776835229096,0.7812689076870383,0.7812689076870383,0.7812689076870383,-0.24472427368163352,-1.0,-1.0948562622070312,0.0,0.0,2.0,0.0,1.0
2023-02-09,45.36234828756282,45.706901261458015,45.26574137813618,45.5716552734375,13064400,0.0,0.0,0.0007083498084141068,0.765025100506617,0.765025100506617,0.765025100506617,0.418609619140625,1.0,0.418609619140625,0.20608641247716974,0.24237080817326223,0.14618546512415642,0.19427813664870933,0.8057218633512907
2023-02-10,46.077232742355285,46.35094563271072,45.7809776198553,46.28010177612305,15002700,0.0,0.0,0.000826089759804037,0.7660440475613742,0.7660440475613742,0.7660440475613742,1.1270561218261719,1.0,1.1270561218261719,0.0,0.0,1.0596852056228823,0.5298426028114411,0.47015739718855887
2023-02-13,46.5988967545095,47.052940108512445,46.53449090669191,46.985313415527344,16015800,0.0,0.0,0.0008953117276066271,0.7665293536205188,0.7665293536205188,0.7665293536205188,1.8322677612304688,1.0,1.8322677612304688,0.0,0.0,2.0,1.0,0.0
2023-02-14,46.92734886056088,47.37816764499773,46.550591082645816,46.85006332397461,13831200,0.0,0.0,0.0007709630282414904,0.7708898685299043,0.7708898685299043,0.7708898685299043,-0.13525009155273438,1.0,1.6970176696777344,0.0,0.0,2.0,0.5,0.5
2023-02-15,46.67939616422437,47.20750417910787,46.55059184803239,47.19784164428711,14674200,0.0,0.0,0.0008240244177923546,0.7627486158545884,0.7627486158545884,0.7627486158545884,0.3477783203125,1.0,2.0447959899902344,0.0,0.0,2.0,1.0,0.0
2023-02-16,46.84684805947205,47.01107800169232,46.42823030368812,46.45721054077149,16312200,0.0,0.0,0.0009016317064040334,0.7632388104791887,0.7632388104791887,0.7632388104791887,-0.7406311035156179,-1.0,-0.7406311035156179,0.12236077895769881,0.027294841248771816,0.13119096416171386,0.9207570972947572,0.07924290270524284
2023-02-17,46.727691338542094,47.23647789879418,46.553802587522235,47.15597152709961,24770700,0.0,0.0,0.00138975576633879,0.7643837067322957,0.7643837067322957,0.7643837067322957,0.6987609863281179,1.0,0.6987609863281179,0.0289737196863058,0.0017192982054023383,0.8901299316502554,0.44592461492782887,0.5540753850721711
2023-02-21,46.00960713988491,47.767812703873936,45.77453335121646,47.44257736206055,54393900,0.0,0.0,0.003070308261984687,0.8521619671555227,0.8521619671555227,0.8521619671555227,0.9853668212890554,1.0,0.9853668212890554,0.6536969524716554,0.44010575828569526,1.770076255471247,1.0,0.0
2023-02-22,47.2622448113655,47.519857134426395,45.970962351051966,46.447547912597656,29844000,0.0,0.0,0.0016492379932433387,0.9019285968854446,0.9019285968854446,0.9019285968854446,-0.9950294494628906,1.0,-0.00966262817383523,0.5828402364702683,0.34310510691299423,9.616004678156286e-05,0.8283993665201121,0.1716006334798879
2023-02-23,46.48940890741424,46.48940890741424,45.310830199169494,45.75521469116211,22021200,0.0,0.0,0.001198795453106,0.9216893191253944,0.9216893191253944,0.9216893191253944,-1.6873626708984375,-1.0,-0.6923332214355469,0.0,0.0,0.49366742793022506,0.7531662860348874,0.24683371396511253
2023-02-24,45.35268779712481,45.964519300466634,44.93084559150795,45.8775749206543,20623500,0.0,0.0,0.0011257095033095404,0.9296882041134863,0.9296882041134863,0.9296882041134863,0.1223602294921875,-1.0,-0.5699729919433594,0.0,0.0,0.33458979025132796,0.5,0.5
2023-02-27,45.954857268966585,46.07722357097289,45.294724144106056,45.5458984375,16647300,0.0,0.0,0.0009021039567264687,0.9191747200244398,0.9191747200244398,0.9191747200244398,-0.3316764831542969,1.0,-0.3316764831542969,0.0,0.0,0.11330093398809339,0.9433495330059533,0.056650466994046696
2023-02-28,45.40422258239033,45.93554785429761,45.38812203991908,45.76810073852539,18054000,0.0,0.0,0.0009831048465287757,0.8926212267640176,0.8926212267640176,0.8926212267640176,0.22220230102539062,1.0,-0.10947418212890625,0.0,0.0,0.012343193827993768,0.5,0.5
2023-03-01,45.423538870444105,45.49438272343478,44.87933396269626,45.1305046081543,14180100,0.0,0.0,0.0007614002083203244,0.8923459088400972,0.8923459088400972,0.8923459088400972,-0.6375961303710938,-1.0,-0.6375961303710938,0.0,0.0,0.4186927834631027,0.7906536082684487,0.20934639173155134
2023-03-02,45.030674364724064,45.320487742237255,44.92118775503322,45.243202209472656,14785500,0.0,0.0,0.0007958896547365469,0.8571283430089497,0.8571283430089497,0.8571283430089497,0.11269760131835938,-1.0,-0.5248985290527344,0.0,0.0,0.28376239547167936,0.5,0.5
2023-03-03,45.41710004181481,45.46540166684895,45.00814112394359,45.29795455932617,16888800,0.0,0.0,0.0009102085125075069,0.8285663572872647,0.8285663572872647,0.8285663572872647,0.167449951171875,1.0,0.054752349853515625,0.0,0.0,0.010880649345075629,0.005440324672537814,0.9945596753274621
2023-03-06,45.24321372266096,45.39778114234641,45.08864630297551,45.2915153503418,16720800,0.0,0.0,0.0009010261842743496,0.7914641060075243,0.7914641060075243,0.7914641060075243,-0.006439208984375,1.0,0.048313140869140625,0.0,0.0,0.008471880728027844,0.5,0.5
2023-03-07,45.462184923422384,45.62319034167883,44.69256502048095,44.840694427490234,17387400,0.0,0.0,0.0009276208107157301,0.8014041928068354,0.8014041928068354,0.8014041928068354,-0.4572601318359375,1.0,-0.4025077819824219,0.3155761034626394,0.4763010561205784,2.0,0.0,1.0
2023-03-08,44.61850446959631,44.73442910899099,44.206321013079325,44.47037506103515,19090800,0.0,0.0,0.0010100861784798807,0.7894734229214121,0.7894734229214121,0.7894734229214121,-0.8275794982910227,-1.0,-0.37031936645508523,0.0,0.0,2.0,0.0,1.0
2023-03-09,44.70544435559866,44.753745976703605,44.09039192096117,44.170894622802734,15415800,0.0,0.0,0.0008101506242753757,0.7804648966943426,0.7804648966943426,0.7804648966943426,-1.1270599365234375,-1.0,-0.6697998046875,0.0,0.0,2.0,0.0,1.0
2023-03-10,44.12258781264472,44.52832948959927,43.823115585907146,44.10648727416992,20065200,0.0,0.0,0.0010529541784303844,0.7750898257656129,0.7750898257656129,0.7750898257656129,-1.19146728515625,-1.0,-0.7342071533203125,0.0,0.0,2.0,0.0,1.0
2023-03-13,44.01310776313016,44.59917624632181,43.98090668407707,44.23529815673828,28142100,0.0,0.0,0.0014811156439532847,0.763888378371265,0.763888378371265,0.763888378371265,0.12881088256835938,1.0,0.12881088256835938,0.0,0.0,0.03077994849578143,0.015389974247890716,0.9846100257521093
2023-03-14,44.33834987964616,44.52511837788698,44.11615945198227,44.47037506103515,25542600,0.0,0.0,0.001351448196117512,0.7385362746236541,0.7385362746236541,0.7385362746236541,0.36388778686522727,1.0,0.36388778686522727,0.0,0.0,0.24563923507751656,0.12281961753875828,0.8771803824612417
2023-03-15,44.08073347751464,45.02101757330294,44.02276932054744,44.96627426147461,33133500,0.0,0.0,0.0017726285002366716,0.7570871302045005,0.7570871302045005,0.7570871302045005,0.8597869873046875,1.0,0.8597869873046875,0.0,0.0,1.3713380070567536,0.6856690035283768,0.3143309964716232
2023-03-16,45.08267220713719,45.15380641905555,44.58150237794276,44.710838317871094,28905600,0.19,0.0,0.0015376528931853057,0.743888338126521,0.743888338126521,0.743888338126521,-0.2554359436035156,1.0,0.6043510437011719,0.0,0.0,0.6775499693253073,0.5,0.5
2023-03-17,44.6817331994949,45.102070356292614,44.487734850463326,45.07297134399414,43081200,0.0,0.0,0.0023102952707690157,0.7346345643910044,0.7346345643910044,0.7346345643910044,0.3621330261230469,-1.0,0.3621330261230469,0.0,0.0,0.24327587574767318,0.12163793787383659,0.8783620621261634
2023-03-20,45.29930759684594,45.88777815112935,45.2055387655514,45.55797576904297,33928500,0.0,0.0,0.0018390459782105539,0.7403611531584479,0.7403611531584479,0.7403611531584479,0.847137451171875,1.0,0.4850044250488281,0.0,0.0,0.43636929003369374,0.21818464501684687,0.7818153549831531
2023-03-21,45.7164106630032,45.7164106630032,45.11500392562653,45.402774810791016,19013400,0.0,0.0,0.0010270833500494946,0.7304358377454638,0.7304358377454638,0.7304358377454638,-0.15520095825195312,-1.0,-0.15520095825195312,0.0,0.0,0.10239939594712374,0.9488003020264382,0.05119969797356187
2023-03-22,45.47390989215854,45.661443857833625,45.09237386878176,45.11177444458008,18548400,0.0,0.0,0.0009955426524630214,0.7189097056959208,0.7189097056959208,0.7189097056959208,-0.4462013244628906,-1.0,-0.4462013244628906,0.0,0.0,0.8463895801045876,0.5768052099477061,0.4231947900522938
2023-03-23,45.3316473617056,45.7875517015175,45.102078168582835,45.47714614868164,22044300,0.0,0.0,0.0011927598847143056,0.7165214076415455,0.7165214076415455,0.7165214076415455,0.3653717041015625,1.0,0.3653717041015625,0.07114103851429832,0.03791146612312856,0.6705144033251061,0.35421293472411736,0.6457870652758826
2023-03-24,45.593545807275866,46.06561663951193,45.4609795168341,45.84897994995117,22752300,0.0,0.0,0.0012411334819229418,0.70852967300128,0.70852967300128,0.70852967300128,0.7372055053710938,1.0,0.7372055053710938,0.0,0.0,2.0,1.0,0.0
2023-03-27,46.16908560125396,46.877190025328915,46.16585155497255,46.61528778076172,26775600,0.0,0.0,0.0014850158515683726,0.7313639874567417,0.7313639874567417,0.7313639874567417,1.5035133361816406,1.0,1.5035133361816406,0.0,0.0,2.0,1.0,0.0
2023-03-28,46.44715184552086,46.69288756514681,46.253153467135824,46.43421936035156,21282900,0.0,0.0,0.0011757973078304928,0.7105332810677593,0.7105332810677593,0.7105332810677593,-0.18106842041015625,1.0,1.3224449157714844,0.0,0.0,2.0,0.5,0.5
2023-03-29,46.679951060693384,46.8707190765718,46.382481725721384,46.63468551635742,24216900,0.0,0.0,0.0013436653230412244,0.6946550003379492,0.6946550003379492,0.6946550003379492,0.20046615600585938,1.0,1.5229110717773438,0.0,0.0,2.0,1.0,0.0
2023-03-30,47.04532451859907,47.40099561215462,46.89012359603352,47.10029220581055,21879000,0.0,0.0,0.0012260680576605407,0.6997732214421811,0.6997732214421811,0.6997732214421811,0.6660728454589844,1.0,1.9885177612304688,0.0,0.0,2.0,1.0,0.0
2023-03-31,47.39452421747735,47.995927287984,47.35895711059974,47.67582702636719,20868000,0.0,0.0,0.0011837025189188866,0.7137633543515579,0.7137633543515579,0.7137633543515579,1.241607666015625,1.0,2.5640525817871094,0.0,0.0,2.0,1.0,0.0
2023-04-03,47.76635751875676,48.16082973560628,47.69199296008253,48.076759338378906,19766700,0.0,0.0,0.0011306621793236357,0.697423308272096,0.697423308272096,0.697423308272096,1.6425399780273438,1.0,2.964984893798828,0.0,0.0,2.0,1.0,0.0
2023-04-04,48.02502017340312,48.10909056095278,47.53678657810209,47.60468673706055,18113700,0.0,0.0,0.0010259362862062743,0.6884862135991385,0.6884862135991385,0.6884862135991385,-0.4720726013183594,-1.0,-0.4720726013183594,0.0,0.0,0.02534968809568654,0.9873251559521568,0.01267484404784327
2023-04-05,47.58529334312987,48.46153115064916,47.575591204511205,48.39363098144531,26540700,0.0,0.0,0.0015281433288108714,0.7025900516376252,0.7025900516376252,0.7025900516376252,0.7889442443847656,1.0,0.7889442443847656,0.30070141504288017,0.14527079700904988,2.0,1.0,0.0
2023-04-06,48.11233032569741,48.836604996852834,48.02179922954961,48.759002685546875,17891700,0.0,0.0,0.0010379344571401627,0.7106054598994539,0.7106054598994539,0.7106054598994539,1.1543159484863281,1.0,1.1543159484863281,0.0,0.0,2.0,1.0,0.0
2023-04-10,48.61672639607407,48.86246207514411,48.425958395254085,48.665225982666016,14519100,0.0,0.0,0.0008406630307483259,0.6910267613273517,0.6910267613273517,0.6910267613273517,-0.09377670288085938,1.0,1.0605392456054688,0.0,0.0,2.0,0.5,0.5
2023-04-11,48.82366799280029,48.82366799280029,48.37746581111829,48.52296829223633,18370500,0.0,0.0,0.0010605517020315068,0.6735392913526835,0.6735392913526835,0.6735392913526835,-0.23603439331054688,-1.0,-0.1422576904296875,0.0,0.0,0.017992769586912587,0.9910036152065437,0.008996384793456293
2023-04-12,48.432424910154126,48.81396089937289,48.231954778373456,48.286922454833984,11209800,0.0,0.0,0.0006440074616018076,0.6670012077560227,0.6670012077560227,0.6670012077560227,-0.4720802307128906,-1.0,-0.37830352783203125,0.0,0.0,0.12724106452324546,0.9363794677383772,0.06362053226162273
2023-04-13,48.38716008043378,48.50032948939249,47.91832701563238,48.33543014526367,13272600,0.0,0.0,0.000763282143141875,0.6609298696134577,0.6609298696134577,0.6609298696134577,0.0485076904296875,-1.0,-0.32979583740234375,0.0,0.0,0.09670231052043446,0.5,0.5
2023-04-14,48.18669325386301,48.46476200477615,47.90215641096344,48.00885772705078,10464900,0.0,0.0,0.0005977505218423653,0.6539067070562611,0.6539067070562611,0.6539067070562611,-0.3265724182128906,-1.0,-0.6563682556152344,0.0,0.0,0.38303781284081356,0.8084810935795932,0.19151890642040678
2023-04-17,48.0605902692832,48.39362669366394,48.01532472725183,48.34512710571289,16166700,0.0,0.0,0.0009299028827043456,0.6346825827388967,0.6346825827388967,0.6346825827388967,0.3362693786621094,-1.0,-0.320098876953125,0.0,0.0,0.09109925223287052,0.5,0.5
2023-04-18,48.429193381967856,48.6102629490998,48.31925802333194,48.45182800292969,13482300,0.0,0.0,0.0007772087149250196,0.6101341786695368,0.6101341786695368,0.6101341786695368,0.44297027587890625,1.0,0.10670089721679688,0.14550094432365057,0.10789031310622045,0.11111375940392215,0.1095020362550713,0.8904979637449287
2023-04-19,48.77193337471689,48.95623700714089,48.42596443349499,48.50356674194336,12433500,0.0,0.0,0.0007175143362877939,0.6044297783107058,0.6044297783107058,0.6044297783107058,0.4947090148925781,1.0,0.15843963623046875,0.0,0.0,0.24499621354455287,0.12249810677227643,0.8775018932277235
2023-04-20,48.5682291528236,48.949765172872105,48.37099675111062,48.81396484375,13641600,0.0,0.0,0.0007922694381441143,0.602596824271476,0.602596824271476,0.602596824271476,0.8051071166992188,-1.0,0.3103981018066406,0.0,0.0,0.9403073104503806,0.4701536552251903,0.5298463447748096
2023-04-21,49.13406838814443,49.244003757326105,48.88186828860502,49.0597038269043,25335000,0.0,0.0,0.0014787996495479738,0.5902712592218067,0.5902712592218067,0.5902712592218067,1.0508460998535156,1.0,0.24573898315429688,0.0,0.0,0.5893588546360501,0.29467942731802504,0.7053205726819749
2023-04-24,49.05323369610775,49.45417030203001,49.05323369610775,49.39273452758789,13579500,0.0,0.0,0.0007980137205180353,0.5767473554146958,0.5767473554146958,0.5767473554146958,1.3838768005371094,1.0,0.5787696838378906,0.0,0.0,2.0,1.0,0.0
2023-04-25,49.564098709772416,49.71283150547752,48.9303589795865,49.00796127319336,17246700,0.0,0.0,0.0010056252134470558,0.5914420104487187,0.5914420104487187,0.5914420104487187,-0.38477325439453125,1.0,0.19399642944335938,0.0,0.0,0.3672985150065415,0.5,0.5
2023-04-26,48.81719791461908,48.956232286949074,48.571462228601206,48.79456329345703,12910200,0.0,0.0,0.0007494935746311843,0.5803746557446784,0.5803746557446784,0.5803746557446784,-0.5981712341308594,-1.0,-0.21339797973632812,0.4817714675065474,0.6486808889685712,1.2100216302215305,0.07064874040494917,0.9293512595950508
2023-04-27,48.75253113888638,49.127602783156135,48.75253113888638,48.946533203125,12861000,0.0,0.0,0.0007489626897227774,0.5657101549250408,0.5657101549250408,0.5657101549250408,0.15196990966796875,1.0,0.15196990966796875,0.0,0.0,0.5071478672592868,0.2535739336296434,0.7464260663703566
2023-04-28,48.91743211358412,49.20196525548723,48.558530715149786,48.81396484375,14088600,0.0,0.0,0.0008182300614471299,0.5712618967402125,0.5712618967402125,0.5712618967402125,-0.132568359375,1.0,0.01940155029296875,0.012931513451420074,0.009515222510142115,0.008265940229367897,0.464870624630236,0.535129375369764
2023-05-01,48.836602975587226,49.32160630033038,48.8010358677577,49.014434814453125,11409600,0.0,0.0,0.0006653618968141301,0.5676410778711033,0.5676410778711033,0.5676410778711033,0.200469970703125,1.0,0.21987152099609375,0.0,0.0,1.0615913086633615,0.5307956543316807,0.46920434566831926
2023-05-02,48.97563911202863,48.98210350441316,48.325732709486026,48.88187026977539,11329500,0.0,0.0,0.0006589038818687936,0.5762882940922459,0.5762882940922459,0.5762882940922459,-0.13256454467773438,-1.0,-0.13256454467773438,0.23279800566375997,2.0,0.3635103723852444,0.0,1.0
2023-05-03,49.00473942233375,49.17934092611747,48.58763624110397,48.7008056640625,12334500,0.0,0.0,0.0007146957565011427,0.5773894648723352,0.5773894648723352,0.5773894648723352,-0.313629150390625,1.0,-0.18106460571289062,0.0,0.0,0.6781553075175862,0.6609223462412068,0.3390776537587931
2023-05-04,48.86307936225141,49.00588822162172,48.51904253874134,48.83711242675781,14011200,0.19,0.0,0.0008141207393594089,0.5709220518729098,0.5709220518729098,0.5709220518729098,0.1363067626953125,-1.0,0.1363067626953125,0.02378471720855657,0.03044816873208411,0.5667188786885377,0.2985835237103109,0.7014164762896891
2023-05-05,48.78194181560279,49.3369456638003,48.629397658506626,49.25905227661133,14556000,0.0,0.0,0.0008530836278284163,0.5806810485458216,0.5806810485458216,0.5806810485458216,0.5582466125488281,1.0,0.4219398498535156,0.0,0.0,2.0,1.0,0.0
2023-05-08,49.09676127527456,49.64202975577509,49.0286031795042,49.567378997802734,14926200,0.0,0.0,0.0008802554445252328,0.5830200148118979,0.5830200148118979,0.5830200148118979,0.8665733337402344,1.0,0.7302665710449219,0.0,0.0,2.0,1.0,0.0
2023-05-09,49.56737788097926,49.71667939355999,49.44404330228379,49.651763916015625,15209700,0.0,0.0,0.0008985015653247366,0.5608497345593484,0.5608497345593484,0.5608497345593484,0.950958251953125,1.0,0.8146514892578125,0.0,0.0,2.0,1.0,0.0
2023-05-10,49.88220696624024,50.09642024990211,49.08378036356668,49.512203216552734,15827700,0.0,0.0,0.0009323813340448941,0.5931204596862113,0.5931204596862113,0.5931204596862113,-0.13956069946289062,1.0,0.6750907897949219,0.0,0.0,2.0,0.5,0.5
2023-05-11,49.51220466710837,49.74589223016199,49.33369730649813,49.697208404541016,11926800,0.0,0.0,0.00070521158663946,0.5801972071131863,0.5801972071131863,0.5801972071131863,0.18500518798828125,1.0,0.8600959777832031,0.11034599578565718,0.355750354820879,2.0,1.0,0.0
2023-05-12,49.85299909559724,50.00554323561936,49.56413504316061,49.68098068237305,16119300,0.0,0.0,0.0009527958272079638,0.5702837060664411,0.5702837060664411,0.5702837060664411,-0.01622772216796875,1.0,0.8438682556152344,0.0,0.0,2.0,0.5,0.5
2023-05-15,49.82054446024232,49.93414005670707,49.13246707576406,49.29475021362305,16113900,0.0,0.0,0.0009450718833960142,0.5868115114147675,0.5868115114147675,0.5868115114147675,-0.40245819091796875,-1.0,-0.38623046875,0.20123023073406898,0.25000282086018544,0.20948057741423465,0.7702583008627899,0.22974169913721004
2023-05-16,48.96044614295174,49.18114837620487,48.54500489713986,48.613162994384766,15512100,0.0,0.0,0.0008971973523051685,0.5984496403482259,0.5984496403482259,0.5984496403482259,-1.08404541015625,-1.0,-1.0678176879882812,0.0,0.0,1.6011975648339796,0.19940121758301022,0.8005987824169898
2023-05-17,49.05457613956021,49.05781875672186,48.26588473033354,48.53202819824219,26985900,0.0,0.0,0.0015582202941103913,0.6122699536368039,0.6122699536368039,0.6122699536368039,-1.1651802062988281,-1.0,-1.1489524841308594,0.0,0.0,1.8537656771642814,0.07311716141785929,0.9268828385821407
2023-05-18,49.26878506658473,50.07695073955445,48.66834374907429,49.16168212890625,46768500,0.0,0.0,0.002735543868791575,0.6788879956136222,0.6788879956136222,0.6788879956136222,0.6296539306640625,1.0,0.6296539306640625,0.8958023633495813,2.0,0.3003306809117321,1.0,0.0
2023-05-19,49.13895669882664,49.15843097131212,48.39570658492956,48.65535736083984,27594000,0.0,0.0,0.00159738217892407,0.6851085347824126,0.6851085347824126,0.6851085347824126,-0.5063247680664134,-1.0,-0.5063247680664134,0.0,0.0,0.6466280013852072,0.6766859993073964,0.3233140006926036
2023-05-22,48.58720100803921,48.710535595315115,48.12956487405065,48.226932525634766,16117800,0.0,0.0,0.0009248236139706555,0.6776701195311305,0.6776701195311305,0.6776701195311305,-0.9347496032714844,-1.0,-0.9347496032714844,0.0,0.0,2.0,0.0,1.0
2023-05-23,48.038691245861216,48.31457000216693,47.73684926545854,48.13606262207031,16302300,0.0,0.0,0.000933647530163462,0.670530877900935,0.670530877900935,0.670530877900935,-1.0256195068359375,-1.0,-1.0256195068359375,0.0,0.0,2.0,0.0,1.0
2023-05-24,48.20096575285493,48.21070103156091,47.48367888648694,47.91534805297851,20515200,0.0,0.0,0.0011695368513127374,0.6745659684132944,0.6745659684132944,0.6745659684132944,-1.2463340759277415,-1.0,-1.2463340759277415,0.0,0.0,2.0,0.0,1.0
2023-05-25,47.67193154394547,47.85368896146484,47.090964502848536,47.43824768066406,21299100,0.0,0.0,0.0012021354356682099,0.6852672242502,0.6852672242502,0.6852672242502,-1.7234344482421875,-1.0,-1.7234344482421875,0.0,0.0,2.0,0.0,1.0
2023-05-26,47.28894123086374,47.65245231375926,47.21429418709055,47.52262878417969,15720900,0.0,0.0,0.0008888763879071883,0.6676165744229509,0.6676165744229509,0.6676165744229509,0.084381103515625,-1.0,-1.6390533447265625,0.0,0.0,2.0,0.5,0.5
2023-05-30,47.48368179906931,47.80500173113958,47.256486900505685,47.40578842163086,15742500,0.0,0.0,0.0008879092577221139,0.6591093070094471,0.6591093070094471,0.6591093070094471,-0.11684036254882812,1.0,-0.11684036254882812,0.0,0.0,0.03443356225918986,0.9827832188704051,0.01721678112959493
2023-05-31,47.19807201022781,47.811498710829675,47.06500212281711,47.66869354248047,30130800,0.0,0.0,0.0017088636838678013,0.6653512556525267,0.6653512556525267,0.6653512556525267,0.2629051208496094,1.0,0.14606475830078125,0.15904639707041213,0.36597344989897934,1.5628060974606979,0.9643897736798386,0.03561022632016142
2023-06-01,47.45447403372432,48.00298517067468,47.36684165934515,47.84394836425781,20239200,0.0,0.0,0.001152083252196027,0.663264988200884,0.663264988200884,0.663264988200884,0.4381599426269531,1.0,0.321319580078125,0.0,0.0,2.0,1.0,0.0
2023-06-02,47.782288323558426,48.36325541081589,47.7433397718042,48.30158996582031,19178100,0.0,0.0,0.001102124137673038,0.6601686061159413,0.6601686061159413,0.6601686061159413,0.8958015441894531,1.0,0.778961181640625,0.0,0.0,2.0,1.0,0.0
2023-06-05,48.480096887353646,49.09027719300166,48.480096887353646,48.619659423828125,15553200,0.0,0.0,0.0008996947314740307,0.6693485076206133,0.6693485076206133,0.6693485076206133,1.2138710021972656,1.0,1.0970306396484375,0.0,0.0,2.0,1.0,0.0
2023-06-06,48.58719977369039,48.74623285770334,48.200968079744115,48.613162994384766,15015600,0.0,0.0,0.0008684805128431023,0.6604853840733713,0.6604853840733713,0.6604853840733713,-0.006496429443359375,-1.0,-0.006496429443359375,0.0,0.0,3.5068075845147075e-05,0.9999824659620774,1.7534037922573537e-05
2023-06-07,48.44115125656128,48.801416065087835,48.37299314993026,48.684574127197266,24256500,0.0,0.0,0.001405021661203664,0.6439094934365288,0.6439094934365288,0.6439094934365288,0.0714111328125,1.0,0.0714111328125,0.0,0.0,2.0,1.0,0.0
2023-06-08,48.81115333383055,49.47326381569324,48.61641430134068,49.38887405395508,18873000,0.0,0.0,0.001109005177321541,0.6591194949305306,0.6591194949305306,0.6591194949305306,0.7757110595703125,1.0,0.7757110595703125,0.0,0.0,2.0,1.0,0.0
2023-06-09,49.38562753453413,49.89194749326516,49.20387012808184,49.687469482421875,15603900,0.0,0.0,0.0009224515097070099,0.6611879142343011,0.6611879142343011,0.6611879142343011,1.0743064880371094,1.0,1.0743064880371094,0.0,0.0,2.0,1.0,0.0
2023-06-12,49.7978220575051,50.0801934443112,49.713436017452906,50.015281677246094,14713500,0.0,0.0,0.0008755525574364117,0.6420119176382313,0.6420119176382313,0.6420119176382313,1.4021186828613281,1.0,1.4021186828613281,0.0,0.0,2.0,1.0,0.0
2023-06-13,50.15160032086025,50.47291655498069,50.00554512349952,50.40475845336914,15738900,0.0,0.0,0.0009438640005742289,0.6295375971984412,0.6295375971984412,0.6295375971984412,1.791595458984375,1.0,1.791595458984375,0.0,0.0,2.0,1.0,0.0
2023-06-14,50.60274475397678,51.06362353129904,50.50537338247346,50.91432571411133,21103200,0.0,0.0,0.0012783560163890596,0.631632417250688,0.631632417250688,0.631632417250688,2.3011627197265625,1.0,2.3011627197265625,0.0,0.0,2.0,1.0,0.0
2023-06-15,50.95651322133831,51.3557265299949,50.95002427326266,51.19344711303711,18160500,0.0,0.0,0.0011061287578696243,0.6180444457244652,0.6180444457244652,0.6180444457244652,2.5802841186523438,1.0,2.5802841186523438,0.0,0.0,2.0,1.0,0.0
2023-06-16,51.30704446200193,51.32976506688924,50.39826483856461,50.47940826416016,34675800,0.0,0.0,0.0020825922745920287,0.6404341444816198,0.6404341444816198,0.6404341444816198,-0.714038848876946,-1.0,-0.714038848876946,0.1071085439088506,0.022501141371410217,0.07657881181791099,0.9504600234053394,0.0495399765946606
2023-06-20,50.21001663343155,50.45343947259084,49.943873190220486,50.03475189208984,19994400,0.0,0.0,0.0011902649227459687,0.6329413537286239,0.6329413537286239,0.6329413537286239,-1.1586952209472727,-1.0,-1.1586952209472727,0.0,0.0,0.20165238955431536,0.8991738052228423,0.10082619477715768
2023-06-21,50.05098242767527,50.417739871020935,49.77510369090882,50.13212585449219,19251000,0.0,0.0,0.00114824066560829,0.6336338413274446,0.6336338413274446,0.6336338413274446,0.09737396240235086,-1.0,-1.0613212585449219,0.0,0.0,0.16918375818063877,0.5,0.5
2023-06-22,50.30089626142049,50.657918413074256,50.13861312754716,50.550811767578125,13307400,0.0,0.0,0.0008003590382617705,0.6259308925599177,0.6259308925599177,0.6259308925599177,0.5160598754882884,1.0,0.4186859130859375,0.20447894048341908,0.1569990360097817,0.15562629253303906,0.15631266427141038,0.8436873357285897
2023-06-23,50.59300030361485,50.72607387792881,50.31387525930342,50.45668411254883,18975000,0.0,0.0,0.0011391056323359443,0.6106643015645943,0.6106643015645943,0.6106643015645943,-0.09412765502929688,1.0,0.3245582580566406,0.0,0.0,0.09351722277194344,0.5,0.5
2023-06-26,50.51835515749049,50.56055003766824,50.08668593305232,50.3236198425293,14106300,0.0,0.0,0.0008445949823839373,0.6008928589254033,0.6008928589254033,0.6008928589254033,-0.22719192504882812,-1.0,-0.13306427001953125,0.05192719449483718,0.0522400923184808,0.1680883383741177,0.8898357846537007,0.11016421534629925
2023-06-27,50.031511788153416,50.58327301610477,50.00230223240676,50.14186477661133,12093600,0.0,0.0,0.000721472180627949,0.5994698535520179,0.5994698535520179,0.5994698535520179,-0.4089469909667969,-1.0,-0.3148193359375,0.0,0.0,0.9408870030185202,0.5295564984907399,0.4704435015092601
2023-06-28,50.219758350731496,50.5280929732326,50.19054508269831,50.41449737548828,18889800,0.0,0.0,0.0011330427853419802,0.5842383066283934,0.5842383066283934,0.5842383066283934,0.2726325988769531,-1.0,-0.042186737060546875,0.0,0.0,0.016895324778902238,0.5,0.5
2023-06-29,50.148350710661,50.22624408697936,49.703696199230954,50.073699951171875,21530400,0.0,0.0,0.0012827005747801637,0.5932785116018886,0.5932785116018886,0.5932785116018886,-0.34079742431640625,-1.0,-0.3829841613769531,0.0,0.0,1.3924393886261301,0.3037803056869349,0.6962196943130651
2023-06-30,50.29765517417739,51.128537774707745,50.23598973119225,51.01494216918945,19073100,0.0,0.0,0.0011576631058468475,0.6262470338828873,0.6262470338828873,0.6262470338828873,0.9412422180175781,1.0,0.9412422180175781,0.6004448014751418,0.4069521817375848,2.0,1.0,0.0
2023-07-03,50.89484956130276,51.4238864219818,50.739059086985655,51.34599304199219,8647500,0.0,0.0,0.0005282757029827783,0.6304313411052627,0.6304313411052627,0.6304313411052627,1.2722930908203125,1.0,1.2722930908203125,0.0,0.0,2.0,1.0,0.0
2023-07-05,51.33301184742284,51.64459279858436,51.06686839209565,51.3167839050293,17585400,0.0,0.0,0.0010736808083070073,0.6266665600612235,0.6266665600612235,0.6266665600612235,-0.029209136962890625,1.0,1.2430839538574219,0.0,0.0,2.0,0.5,0.5
2023-07-06,51.258365309543414,51.33950502820027,50.91432844523245,50.99222183227539,14427000,0.0,0.0,0.0008752728867076266,0.6122744188402662,0.6122744188402662,0.6122744188402662,-0.3537712097167969,-1.0,-0.32456207275390625,0.0,0.0,0.06817020743954917,0.9659148962802254,0.034085103719774586
2023-07-07,50.57028418218166,50.72607464781268,49.80431346424473,49.81729507446289,19774800,0.0,0.0,0.0011720759402918414,0.6533911294967231,0.6533911294967231,0.6533911294967231,-1.5286979675292969,-1.0,-1.4994888305664062,0.0,0.0,1.4550755703858802,0.2724622148070599,0.7275377851929401
2023-07-10,50.16458373943036,50.46967204198482,50.08668664087462,50.2684440612793,12967800,0.0,0.0,0.0007755775957620629,0.6533186893556665,0.6533186893556665,0.6533186893556665,0.45114898681640625,-1.0,-1.04833984375,0.0,0.0,0.7112188577827648,0.5,0.5
2023-07-11,50.232738982850854,50.47291549915671,49.93738597726654,50.193790435791016,11460900,0.0,0.0,0.0006844350230538772,0.6449051773938458,0.6449051773938458,0.6449051773938458,-0.07465362548828125,-1.0,-1.1229934692382812,0.0,0.0,0.8161190969106571,0.5919404515446715,0.40805954845532855
2023-07-12,50.408002091325415,50.59624844354351,50.24896529128354,50.320369720458984,16509900,0.0,0.0,0.00098844332836335,0.6275875224194635,0.6275875224194635,0.6275875224194635,0.12657928466796875,1.0,0.12657928466796875,0.12657640155868677,0.999954446314733,0.01270488717883087,0.5063296667467819,0.4936703332532181
2023-07-13,50.4469506978168,50.50212718536765,49.88220792614525,50.02501678466797,11859600,0.0,0.0,0.0007058636097296807,0.6270397893339589,0.6270397893339589,0.6270397893339589,-0.2953529357910156,-1.0,-0.2953529357910156,0.05517805112128826,0.03490198521993324,2.0,0.0,1.0
2023-07-14,50.021775797194366,50.20028688941778,49.84651103652741,50.19704055786133,10427400,0.0,0.0,0.0006227556197827891,0.6075209367308456,0.6075209367308456,0.6075209367308456,0.17202377319335938,-1.0,-0.12332916259765625,0.0,0.0,0.9493061430604909,0.5,0.5
2023-07-17,50.112657554343976,50.300903938338,49.92441117034995,50.25871276855469,10135200,0.0,0.0,0.0006060482376227255,0.5910189246777892,0.5910189246777892,0.5910189246777892,0.23369598388671875,1.0,0.061672210693359375,0.0,0.0,0.25006186587454676,0.12503093293727338,0.8749690670627266
2023-07-18,50.20028349089216,50.521599720803245,49.93738636768968,50.16782760620117,13437300,0.0,0.0,0.0008020488435998027,0.5905328124232015,0.5905328124232015,0.5905328124232015,-0.09088516235351562,1.0,-0.02921295166015625,0.0,0.0,0.22437364715989028,0.8878131764200549,0.11218682357994514
2023-07-19,50.24247443482144,50.37230168735369,49.901683932723365,50.18405532836914,12372900,0.0,0.0,0.0007387555635203569,0.5819674511522819,0.5819674511522819,0.5819674511522819,0.01622772216796875,-1.0,0.01622772216796875,0.07139774901568785,2.0,0.30857749354232705,1.0,0.0
2023-07-20,50.28466850185354,51.13502529205251,50.274929508043385,51.1123046875,14987700,0.0,0.0,0.0009114313523705988,0.6083247734759311,0.6083247734759311,0.6083247734759311,0.9444770812988281,1.0,0.9282493591308594,0.0,0.0,2.0,1.0,0.0
2023-07-21,51.248624771384904,51.53424251539705,51.099326950684635,51.40117263793945,16960500,0.0,0.0,0.0010372302792768131,0.595938401421394,0.595938401421394,0.595938401421394,1.2333450317382812,1.0,1.2171173095703125,0.0,0.0,2.0,1.0,0.0
2023-07-24,51.42713562558064,51.76143719778792,51.13827526571499,51.7030143737793,12529800,0.0,0.0,0.00077076770782573,0.5978829393250753,0.5978829393250753,0.5978829393250753,1.535186767578125,1.0,1.5189590454101562,0.0,0.0,2.0,1.0,0.0
2023-07-25,52.07950760093994,52.095735543103025,51.37195595101316,51.66082000732422,15553800,0.0,0.0,0.0009560075320711196,0.6068755573797029,0.6068755573797029,0.6068755573797029,-0.042194366455078125,1.0,1.4767646789550781,0.0,0.0,2.0,0.5,0.5
2023-07-26,51.68354195476856,52.15415600406188,51.586170584922584,51.845821380615234,15094200,0.0,0.0,0.000931080792874928,0.6040976903625311,0.6040976903625311,0.6040976903625311,0.18500137329101562,1.0,1.6617660522460938,0.0,0.0,2.0,1.0,0.0
2023-07-27,51.95617303596323,52.13792673114153,51.64783470604608,51.65757369995117,13400400,0.0,0.0,0.0008235979832181209,0.5959544285577396,0.5959544285577396,0.5959544285577396,-0.1882476806640625,1.0,1.4735183715820312,0.0,0.0,2.0,0.5,0.5
2023-07-28,51.69977299073724,52.235302556749865,51.69977299073724,51.9010009765625,11020200,0.0,0.0,0.000680500922900721,0.594652602003522,0.594652602003522,0.594652602003522,0.24342727661132812,1.0,1.7169456481933594,0.0,0.0,2.0,1.0,0.0
2023-07-31,51.9172253245608,52.13792757023561,51.576434819155736,51.884769439697266,13033200,0.0,0.0,0.0008045526307619704,0.5922840412232615,0.5922840412232615,0.5922840412232615,-0.016231536865234375,-1.0,-0.016231536865234375,0.07139988689034737,2.0,8.93729699752441e-05,0.0,1.0
2023-08-01,51.91398221371742,52.07626536244035,51.59266596216504,51.64134979248047,11782500,0.0,0.0,0.0007239332798633186,0.5845208525841221,0.5845208525841221,0.5845208525841221,-0.25965118408203125,-1.0,-0.25965118408203125,0.0,0.0,0.022870071389168682,0.9885649643054156,0.011435035694584341
2023-08-02,51.45310675345636,52.06977607274665,51.45310675345636,51.67705535888672,12660000,0.0,0.0,0.0007783859224835686,0.5868171716345626,0.5868171716345626,0.5868171716345626,0.03570556640625,-1.0,-0.22394561767578125,0.0,0.0,0.017012652921024756,0.5,0.5
2023-08-03,51.61213957434764,51.767930057959234,51.44661009619513,51.690032958984375,13202700,0.0,0.0,0.0008119570788950684,0.5678530852152441,0.5678530852152441,0.5678530852152441,0.04868316650390625,-1.0,-0.210968017578125,0.0,0.0,0.01509802531526351,0.5,0.5
2023-08-04,51.852316218973435,52.01135303444632,51.26809911839926,51.39143371582031,14262000,0.0,0.0,0.0008720365221643063,0.5803817159889453,0.5803817159889453,0.5803817159889453,-0.2985992431640625,-1.0,-0.5095672607421875,0.0,0.0,0.08808256231443884,0.9559587188427806,0.04404128115721942
2023-08-07,51.76792860412704,52.322932418552945,51.64134767901682,52.0892448425293,14268900,0.0,0.0,0.0008843049661736889,0.6054615007563515,0.6054615007563515,0.6054615007563515,0.6978111267089844,1.0,0.6978111267089844,0.5550023605937113,0.6325777038700316,1.8753086021844763,1.0,0.0
2023-08-08,52.25152347451976,52.45599776442999,51.77116675258259,52.141170501708984,11017500,0.0,0.0,0.0006834824126274721,0.6111307515485693,0.6111307515485693,0.6111307515485693,0.7497367858886719,1.0,0.7497367858886719,0.0,0.0,2.0,1.0,0.0
2023-08-09,52.225563049316406,52.61179478795785,52.16065127573107,52.225563049316406,13209600,0.0,0.0,0.0008207980312889348,0.6010945754557332,0.6010945754557332,0.6010945754557332,0.8341293334960938,1.0,0.8341293334960938,0.0,0.0,2.0,1.0,0.0
2023-08-10,52.372134696364775,52.684823295663875,52.12458862336746,52.199501037597656,15169500,0.19,0.0,0.0009421089428747558,0.5981760109443535,0.5981760109443535,0.5981760109443535,-0.02606201171875,1.0,0.8080673217773438,0.0,0.0,2.0,0.5,0.5
2023-08-11,52.29396313627237,52.71088128823193,52.14739244521663,52.50568008422851,14195100,0.0,0.0,0.0008867644063473746,0.5956983560922782,0.5956983560922782,0.5956983560922782,0.30617904663085227,1.0,1.114246368408196,0.013258830514438102,0.0018752514303748732,2.0,1.0,0.0
2023-08-14,52.766255063206074,53.02031316968805,51.847732705872936,52.11481857299805,20813700,0.0,0.0,0.0012905476045529571,0.6369042209296237,0.6369042209296237,0.6369042209296237,-0.39086151123046164,1.0,0.7233848571777344,0.27685591749452243,0.5017204548652382,2.0,0.7994498330580806,0.20055016694191946
2023-08-15,51.964986021127665,52.37213426222296,51.763038972707214,51.84772872924805,14559300,0.0,0.0,0.0008981187007748648,0.6349178686857752,0.6349178686857752,0.6349178686857752,-0.6579513549804616,-1.0,-0.26708984375,0.3843534725094173,0.34125108979244567,0.1363251302937319,0.7612118899569112,0.23878811004308878
2023-08-16,52.07573408712001,52.43076760653283,51.58390348301144,51.8737907409668,26980800,0.0,0.0,0.0016651996722382295,0.6500568868883193,0.6500568868883193,0.6500568868883193,0.02606201171875,-1.0,-0.24102783203125,0.0,0.0,0.11101855293894491,0.5,0.5
2023-08-17,52.40796161688961,52.486135632742446,50.49274295900203,50.710975646972656,53614200,0.0,0.0,0.0032347841359128436,0.7460094430920405,0.7460094430920405,0.7460094430920405,-1.1628150939941406,-1.0,-1.4038429260253906,0.11400137051948889,0.009611669384516871,2.0,0.0,1.0
2023-08-18,50.58720248461862,52.00732897878475,50.58720248461862,51.440582275390625,27954900,0.0,0.0,0.0017109106403433469,0.7941606610259039,0.7941606610259039,0.7941606610259039,0.7296066284179688,-1.0,-0.6742362976074219,0.0,0.0,0.8687312247652156,0.5,0.5
2023-08-21,51.34286669851658,51.73698720857385,51.15069697907977,51.30378341674805,15679200,0.0,0.0,0.0009570547910871336,0.7793127730593452,0.7793127730593452,0.7793127730593452,-0.13679885864257812,-1.0,-0.81103515625,0.0,0.0,1.2570152127613574,0.3714923936193213,0.6285076063806787
2023-08-22,51.12789478600523,51.23864006810367,50.89012231698821,51.14092254638672,16670700,0.0,0.0,0.0010143454900629935,0.7531947963950946,0.7531947963950946,0.7531947963950946,-0.29965972900390625,-1.0,-0.9738960266113281,0.0,0.0,1.8125348320942096,0.09373258395289519,0.9062674160471048
2023-08-23,51.010637863345615,51.593670215793054,50.9780628708384,51.49595642089844,14210400,0.0,0.0,0.0008706486675245865,0.743367121292206,0.743367121292206,0.743367121292206,0.35503387451171875,1.0,0.35503387451171875,0.0,0.0,0.13289676090202993,0.06644838045101496,0.933551619548985
2023-08-24,51.505723718328426,51.86401507000254,51.079035695702714,51.10183334350586,14033100,0.0,0.0,0.0008532054277610901,0.7463394250784643,0.7463394250784643,0.7463394250784643,-0.3941230773925781,1.0,-0.039089202880859375,0.0,0.0,0.012121993438277925,0.993939003280861,0.006060996719138963
2023-08-25,51.19629556087822,51.47641291260624,50.98783648308457,51.404754638671875,12267000,0.0,0.0,0.0007502485489474845,0.7279277825386934,0.7279277825386934,0.7279277825386934,0.3029212951660156,-1.0,0.3029212951660156,0.0,0.0,2.0,1.0,0.0
2023-08-28,51.41778151781944,51.733728001099145,51.41778151781944,51.697898864746094,11871000,0.0,0.0,0.0007301695300611453,0.6994310382450203,0.6994310382450203,0.6994310382450203,0.5960655212402344,1.0,0.29314422607421875,0.0,0.0,2.0,1.0,0.0
2023-08-29,51.789097716458514,52.18973021006906,51.74349869437664,52.131099700927734,12702300,0.0,0.0,0.0007878485867800635,0.6846024887505877,0.6846024887505877,0.6846024887505877,1.029266357421875,1.0,0.7263450622558594,0.0,0.0,2.0,1.0,0.0
2023-08-30,52.24510623925379,52.534993476931206,52.08876193226895,52.50568008422851,10967700,0.0,0.0,0.0006851495219826632,0.6675759927442781,0.6675759927442781,0.6675759927442781,1.4038467407226491,1.0,1.1009254455566335,0.0,0.0,2.0,1.0,0.0
2023-08-31,52.479620600783846,53.088712150391366,52.42750210818205,52.96493911743164,19582800,0.0,0.0,0.0012340330017148423,0.6671212819917811,0.6671212819917811,0.6671212819917811,1.8631057739257812,1.0,1.5601844787597656,0.0,0.0,2.0,1.0,0.0
2023-09-01,53.0496355768453,53.078948973098974,52.16368066906531,52.62620162963867,12553500,0.0,0.0,0.0007860141430842745,0.6848460692804873,0.6848460692804873,0.6848460692804873,-0.33873748779296875,-1.0,-0.33873748779296875,0.0,0.0,0.047138376241369774,0.9764308118793151,0.023569188120684887
2023-09-05,52.71739443726955,53.026825164031706,52.17344539780271,52.2027587890625,15209400,0.0,0.0,0.0009446459024897347,0.6968841904910952,0.6968841904910952,0.6968841904910952,-0.7621803283691406,-1.0,-0.7621803283691406,0.0,0.0,0.23865116842855144,0.8806744157857243,0.11932558421427572
2023-09-06,52.24510636353608,52.82162669582829,52.08550418419521,52.593624114990234,14594700,0.0,0.0,0.0009132544115402308,0.699686927715523,0.699686927715523,0.699686927715523,0.3908653259277344,-1.0,-0.37131500244140625,0.0,0.0,0.05664128364377736,0.5,0.5
2023-09-07,52.76625343464508,53.24831411144457,52.60013924083037,53.245059967041016,19120800,0.0,0.0,0.0012112921080895116,0.6964728611968669,0.6964728611968669,0.6964728611968669,1.0423011779785156,1.0,0.6514358520507812,0.2214889474128654,0.045156228426855224,2.0,1.0,0.0
2023-09-08,53.24831378935361,53.37208682975064,53.11477086072046,53.3427734375,12667200,0.0,0.0,0.0008039327630108409,0.6651045117563893,0.6651045117563893,0.6651045117563893,1.1400146484375,1.0,0.7491493225097656,0.0,0.0,2.0,1.0,0.0
2023-09-11,53.41769319323814,53.57403750838246,53.306947905515806,53.52843475341797,11912100,0.0,0.0,0.0007586411276364199,0.6366748754071225,0.6366748754071225,0.6366748754071225,1.3256759643554688,1.0,0.9348106384277344,0.0,0.0,2.0,1.0,0.0
2023-09-12,53.580547091696495,53.720605767290394,53.43071852764963,53.58706283569336,11757300,0.0,0.0,0.000749602561074395,0.6119043299952397,0.6119043299952397,0.6119043299952397,1.3843040466308594,1.0,0.993438720703125,0.0,0.0,2.0,1.0,0.0
2023-09-13,53.72060519672111,54.02026604917445,53.538205369711875,53.60009002685547,14364300,0.0,0.0,0.0009160380092877751,0.602629783528621,0.602629783528621,0.602629783528621,1.3973312377929688,1.0,1.0064659118652344,0.0,0.0,2.0,1.0,0.0
2023-09-14,53.743408566552155,53.98443891522453,53.551235116522705,53.82483673095703,14923800,0.0,0.0,0.0009557089425018449,0.5905279274695642,0.5905279274695642,0.5905279274695642,1.6220779418945312,1.0,1.2312126159667969,0.0,0.0,2.0,1.0,0.0
2023-09-15,53.81180209130684,53.95837649604119,53.34276921471565,53.62614440917969,63925200,0.0,0.0,0.0040786099756959845,0.592319309887848,0.592319309887848,0.592319309887848,-0.19869232177734375,-1.0,-0.19869232177734375,0.1954361549962229,0.9674925961294032,0.026043302497263554,0.5032320506866667,0.49676794931333335
2023-09-18,53.63917734606403,53.80854941374139,53.173402296180114,53.2287712097168,12997800,0.0,0.0,0.0008231515474792749,0.5953784390073784,0.5953784390073784,0.5953784390073784,-0.5960655212402344,-1.0,-0.5960655212402344,0.0,0.0,0.23438072245723085,0.8828096387713846,0.11719036122861543
2023-09-19,53.21574020385742,53.34602898242338,52.88025396094571,53.21574020385742,14019600,0.0,0.0,0.0008876448514247618,0.5861210520409705,0.5861210520409705,0.5861210520409705,-0.6090965270996094,-1.0,-0.6090965270996094,0.0,0.0,0.24474066324044852,0.8776296683797757,0.12237033162022426
2023-09-20,53.287406468108976,53.64895201199653,53.07894737316019,53.38837814331055,10120800,0.0,0.0,0.0006428728411215213,0.5849698796692111,0.5849698796692111,0.5849698796692111,0.172637939453125,1.0,0.172637939453125,0.0,0.0,0.08033415705489239,0.04016707852744619,0.9598329214725538
2023-09-21,53.50237800853595,53.58054830055028,52.69785507371945,52.740196228027344,18782400,0.0,0.0,0.0011785725856344564,0.6062358330378977,0.6062358330378977,0.6062358330378977,-0.6481819152832031,-1.0,-0.6481819152832031,0.18239888722625608,0.07918639089545092,2.0,0.0,1.0
2023-09-22,52.841165832640705,53.166882180826505,52.74019044719073,52.880252838134766,13215000,0.0,0.0,0.0008314271435092068,0.5934112545091749,0.5934112545091749,0.5934112545091749,0.14005661010742188,-1.0,-0.5081253051757812,0.0,0.0,2.0,0.5,0.5
2023-09-25,52.886770211541155,53.127800557267946,52.72391388472164,53.11477279663086,10459500,0.0,0.0,0.0006609821945118554,0.57987378436897,0.57987378436897,0.57987378436897,0.3745765686035156,-1.0,-0.2736053466796875,0.0,0.0,2.0,0.5,0.5
2023-09-26,53.07242046799864,53.26785176030148,52.880250774825384,52.929107666015625,14435700,0.0,0.0,0.0009090670751062914,0.5661400130194791,0.5661400130194791,0.5661400130194791,-0.18566513061523438,1.0,-0.18566513061523438,0.10096957947497742,0.29574703551194415,1.1566133675056869,0.27381979849118454,0.7261802015088155
2023-09-27,52.76625059999749,52.84116674055798,52.20927380853422,52.675048828125,15711000,0.0,0.0,0.00098462823144266,0.5771181447667595,0.5771181447667595,0.5771181447667595,-0.4397239685058594,-1.0,-0.254058837890625,0.0,0.0,2.0,0.0,1.0
2023-09-28,52.76624706874524,53.03659449449956,52.63270415541538,52.942134857177734,11617200,0.0,0.0,0.0007317562229872736,0.5647447300751466,0.5647447300751466,0.5647447300751466,0.2670860290527344,1.0,0.2670860290527344,0.0,0.0,1.1051818090613135,0.5525909045306567,0.44740909546934327
2023-09-29,53.10174221015898,53.13431347378959,51.850984066998976,52.092018127441406,18842400,0.0,0.0,0.0011678065596795316,0.6160722069833943,0.6160722069833943,0.6160722069833943,-0.8501167297363281,1.0,-0.5830307006835938,0.35828974153524484,0.17762808007590916,2.0,0.0,1.0
2023-10-02,51.94869928584989,52.20275736744769,51.56435242795488,52.14738845825195,12992700,0.0,0.0,0.0008061121794361697,0.6176674021626382,0.6176674021626382,0.6176674021626382,0.055370330810546875,-1.0,0.055370330810546875,0.0,0.0,0.009019270005167848,0.004509635002583924,0.995490364997416
2023-10-03,52.01384026091803,52.35910010288559,51.684866049559766,51.81840896606445,11253300,0.0,0.0,0.0006937891111065063,0.621707877245723,0.621707877245723,0.621707877245723,-0.3289794921875,1.0,-0.3289794921875,0.16611801743921006,0.25497395871392353,2.0,0.0,1.0
2023-10-04,52.00082076233563,52.45682594691701,51.79236167538899,52.4405403137207,15755700,0.0,0.0,0.0009830336152599234,0.6247619054087441,0.6247619054087441,0.6247619054087441,0.62213134765625,1.0,0.29315185546875,0.25406857946931893,0.16677761117269704,0.7940496211977791,0.4804136161852381,0.5195863838147619
2023-10-05,52.26138652833596,52.427500706723904,51.789095783692574,51.815155029296875,14269500,0.0,0.0,0.0008796888067489025,0.6266678071672717,0.6266678071672717,0.6266678071672717,-0.6253852844238281,-1.0,-0.6253852844238281,0.0,0.0,2.0,0.0,1.0
2023-10-06,51.675098565751185,51.785843849067554,49.39507646205404,50.94549179077149,42616200,0.0,0.0,0.002583116474286693,0.7547685757440975,0.7547685757440975,0.7547685757440975,-1.4950485229492116,-1.0,-1.4950485229492116,0.0,0.0,2.0,0.0,1.0
2023-10-09,50.512288200889394,50.763092161580445,49.91948222793088,50.75983428955078,21022500,0.0,0.0,0.0012696033657920312,0.7741429319652773,0.7741429319652773,0.7741429319652773,-1.6807060241699219,-1.0,-1.6807060241699219,0.0,0.0,2.0,0.0,1.0
2023-10-10,50.88686400906978,51.489439856402555,50.70120258316925,51.33309555053711,16014300,0.0,0.0,0.00097806771314293,0.7751496706272794,0.7751496706272794,0.7751496706272794,0.5732612609863281,1.0,0.5732612609863281,0.0,0.0,0.11633802207562338,0.05816901103781169,0.9418309889621883
2023-10-11,51.5480731769384,51.94870571551388,51.150698510493434,51.538299560546875,12026100,0.0,0.0,0.0007374259299899283,0.7767823516553628,0.7767823516553628,0.7767823516553628,0.7784652709960938,1.0,0.7784652709960938,0.0,0.0,0.21453342763972005,0.10726671381986003,0.89273328618014
2023-10-12,51.6360110963774,51.89006917994618,51.38846502877168,51.77281188964844,13514100,0.0,0.0,0.0008324389439884597,0.7571267659067301,0.7571267659067301,0.7571267659067301,1.0129776000976562,1.0,1.0129776000976562,0.0,0.0,0.36325882216473904,0.18162941108236952,0.8183705889176305
2023-10-13,51.873786816018224,52.26464944501875,51.75652951833498,52.0594482421875,13809000,0.0,0.0,0.0008553134447577026,0.73934056310509,0.73934056310509,0.73934056310509,1.2996139526367188,1.0,1.2996139526367188,0.0,0.0,0.5979229416093607,0.29896147080468033,0.7010385291953196
2023-10-16,52.29070514428533,52.79231305630998,52.21904687113896,52.50893783569336,14348100,0.0,0.0,0.0008963778916634639,0.7388780096063321,0.7388780096063321,0.7388780096063321,1.7491035461425781,1.0,1.7491035461425781,0.0,0.0,1.0830475571192189,0.5415237785596094,0.4584762214403906
2023-10-17,52.35584853396032,52.671791274337494,52.24184538654593,52.577335357666016,10893000,0.0,0.0,0.0006814116965476976,0.7168114294767056,0.7168114294767056,0.7168114294767056,1.8175010681152344,1.0,1.8175010681152344,0.0,0.0,1.169407395574407,0.5847036977872035,0.41529630221279645
2023-10-18,52.727169935977635,52.88351425190363,52.349338771042135,52.61642837524414,10559100,0.0,0.0,0.0006610157017934593,0.703766004575619,0.703766004575619,0.703766004575619,1.8565940856933594,1.0,1.8565940856933594,0.0,0.0,1.2202544829927597,0.6101272414963799,0.38987275850362013
2023-10-19,52.580602132886696,52.70762933388824,52.18648158542808,52.36562728881836,11745900,0.0,0.0,0.0007318062558577645,0.6907218434245147,0.6907218434245147,0.6907218434245147,-0.25080108642578125,-1.0,-0.25080108642578125,0.05536380111784922,0.04872961418037866,0.018248404605991777,0.9665109906068148,0.03348900939318522
2023-10-20,52.38516389529824,52.47310779923858,51.69464042388534,51.7109260559082,15056700,0.0,0.0,0.0009263510986926431,0.696989381419424,0.696989381419424,0.696989381419424,-0.9055023193359375,-1.0,-0.9055023193359375,0.0,0.0,0.23787303230003307,0.8810634838499835,0.11893651615001653
2023-10-23,51.70115216671177,52.554531892312745,51.46989173683303,52.44378662109375,17097000,0.0,0.0,0.0010667863785839779,0.7246787224237308,0.7246787224237308,0.7246787224237308,0.7328605651855469,-1.0,-0.17264175415039062,0.0,0.0,0.00864684660874378,0.5,0.5
2023-10-24,52.570817543138304,53.248309474728586,52.56755967147616,53.173397064208984,17535000,0.0,0.0,0.0011093374774870538,0.7303818746530955,0.7303818746530955,0.7303818746530955,1.4624710083007812,1.0,0.7296104431152344,0.7752016754900026,0.28096671540707896,2.0,1.0,0.0
2023-10-25,53.14409046133139,53.52518324282057,52.91934573022301,53.0138053894043,16621800,0.0,0.0,0.0010484085165406623,0.7214858487919859,0.7214858487919859,0.7214858487919859,-0.1595916748046875,1.0,0.5700187683105469,0.0,0.0,2.0,0.5,0.5
2023-10-26,52.99751418185522,53.36883330737397,52.63922281665057,52.69133758544922,16220100,0.0,0.0,0.001016848515898848,0.7220661803585151,0.7220661803585151,0.7220661803585151,-0.4820594787597656,-1.0,-0.3224678039550781,0.0,0.0,0.32003273959587436,0.8399836302020628,0.16001636979793718
2023-10-27,52.59688222408523,52.7564844041456,52.293963496416175,52.495906829833984,13829700,0.0,0.0,0.0008637771473054753,0.7035272323135803,0.7035272323135803,0.7035272323135803,-0.677490234375,-1.0,-0.5178985595703125,0.0,0.0,0.8254886293121146,0.5872556853439427,0.4127443146560573
2023-10-30,52.59036790713037,53.176658146384675,52.372138935339215,53.098487854003906,12653700,0.0,0.0,0.0007993982541600811,0.7107409450801431,0.7107409450801431,0.7107409450801431,0.6025810241699219,1.0,0.6025810241699219,0.0,0.0,1.3537594342353474,0.6768797171176737,0.3231202828823263
2023-10-31,53.09197061393357,53.29391767468359,52.74996860526173,53.22551727294922,14168400,0.0,0.0,0.0008972308720248539,0.6988272396759803,0.6988272396759803,0.6988272396759803,0.7296104431152344,1.0,0.7296104431152344,0.0,0.0,1.9846899788510675,0.9923449894255337,0.00765501057446627
2023-11-01,53.48608644637228,53.86717543060871,53.085453959413215,53.7010612487793,14899500,0.0,0.0,0.0009519586209928952,0.7047482562130886,0.7047482562130886,0.7047482562130886,1.2051544189453125,1.0,1.2051544189453125,0.0,0.0,2.0,1.0,0.0
2023-11-02,53.54145783319069,54.1310096312391,53.29716962916504,53.91277694702149,15492300,0.0,0.0,0.000993736195475532,0.7139690952031581,0.7139690952031581,0.7139690952031581,1.416870117187507,1.0,1.416870117187507,0.0,0.0,2.0,1.0,0.0
2023-11-03,54.03003839096544,54.166842926862365,53.580548955645774,53.63266372680664,17240100,0.0,0.0,0.0011001012448627716,0.7048494434898319,0.7048494434898319,0.7048494434898319,-0.28011322021485086,1.0,1.1367568969726562,0.0,0.0,2.0,0.5,0.5
2023-11-06,53.58054595971499,53.948607209372845,53.44048728708007,53.70431900024414,14529000,0.0,0.0,0.0009283429548912842,0.6907973348328995,0.6907973348328995,0.6907973348328995,0.0716552734375,-1.0,0.0716552734375,0.0,0.0,0.019142863783035216,0.009571431891517608,0.9904285681084823
2023-11-07,53.994210910124785,54.26781251634332,53.85089436304181,53.95512390136719,15023400,0.0,0.0,0.0009644160581177217,0.681704204923348,0.681704204923348,0.681704204923348,0.3224601745605469,1.0,0.2508049011230469,0.0,0.0,0.23452148303039405,0.11726074151519703,0.882739258484803
2023-11-08,54.01700792895655,54.160324474368046,53.28088915283275,53.515403747558594,15591900,0.0,0.0,0.0009927533365380273,0.6958278561099158,0.6958278561099158,0.6958278561099158,-0.43972015380859375,-1.0,-0.43972015380859375,0.15959813424731806,0.13173551621431492,2.0,0.0,1.0
2023-11-09,53.53820650120988,53.587063399073,53.173403111939216,53.391632080078125,15080100,0.0,0.0,0.0009579457751407852,0.6756730297544781,0.6756730297544781,0.6756730297544781,-0.5634918212890625,-1.0,-0.5634918212890625,0.0,0.0,2.0,0.0,1.0
2023-11-10,53.59683655790547,54.21244394566154,53.38511959337138,54.13101577758789,14319900,0.0,0.0,0.0009222521370759974,0.6865052670784555,0.6865052670784555,0.6865052670784555,0.7393836975097656,1.0,0.7393836975097656,0.05211947129349426,0.004968900058239706,1.7217278619569536,0.8633483810075967,0.1366516189924033
2023-11-13,54.192899089296546,54.67822139604026,54.08541167359242,54.6163330078125,15408900,0.0,0.0,0.0010012849370577787,0.6798127281762686,0.6798127281762686,0.6798127281762686,1.224700927734375,1.0,1.224700927734375,0.0,0.0,2.0,1.0,0.0
2023-11-14,54.775931731943366,55.095132359180674,54.47627088128725,54.6065559387207,19792500,0.0,0.0,0.0012859051870258837,0.6754590674417797,0.6754590674417797,0.6754590674417797,-0.009777069091796875,1.0,1.2149238586425781,0.0,0.0,2.0,0.5,0.5
2023-11-15,54.84433357700605,55.352453514971536,54.560958351066034,55.30033874511719,35769900,0.0,0.0,0.0023534719468742715,0.6837473600463313,0.6837473600463313,0.6837473600463313,0.6937828063964844,1.0,1.9087066650390625,0.0,0.0,2.0,1.0,0.0
2023-11-16,51.70767483599546,51.93567742475302,50.64909005692739,50.82497787475586,97658700,0.0,0.0,0.005905431623514008,0.9671403120565788,0.9671403120565788,0.9671403120565788,-4.475360870361328,-1.0,-4.475360870361328,3.827180824359857,0.7313105577368719,2.0,0.0,1.0
2023-11-17,50.79565482698671,51.31354456575264,50.48947827625476,50.600223541259766,42487800,0.0,0.0,0.0025578801276359402,0.9569207390166722,0.9569207390166722,0.9569207390166722,-4.700115203857422,-1.0,-4.700115203857422,0.0,0.0,2.0,0.0,1.0
2023-11-20,50.66212024618758,50.81520668295196,50.489486577340784,50.583946228027344,26663100,0.0,0.0,0.0016046741515122448,0.9118349794877082,0.9118349794877082,0.9118349794877082,-4.716392517089844,-1.0,-4.716392517089844,0.0,0.0,2.0,0.0,1.0
2023-11-21,50.63605719980222,51.08880445965318,50.202853443025504,50.7663459777832,29382300,0.0,0.0,0.0017747010333696756,0.9099861249977061,0.9099861249977061,0.9099861249977061,0.18239974975585938,-1.0,-4.533992767333984,0.0,0.0,2.0,0.5,0.5
2023-11-22,50.72074805017358,50.82823546352988,50.284286380132585,50.37874603271485,26416500,0.0,0.0,0.0015833835832565317,0.8838406220262481,0.8838406220262481,0.8838406220262481,-0.38759994506835227,-1.0,-4.921592712402337,0.013028780577919008,0.001129900306443212,2.0,0.0,1.0
2023-11-24,50.53509038646182,50.85429102717339,50.38851596311964,50.83149337768555,13975200,0.0,0.0,0.000845190115137452,0.8546766486285545,0.8546766486285545,0.8546766486285545,0.452747344970696,1.0,0.452747344970696,0.0,0.0,0.008462535098415979,0.004231267549207989,0.995768732450792
2023-11-27,50.79566218326116,51.25492521209911,50.79566218326116,51.06275177001953,23393700,0.0,0.0,0.0014212374401968628,0.8264328186435116,0.8264328186435116,0.8264328186435116,0.6840057373046804,1.0,0.6840057373046804,0.0,0.0,0.019315597528771825,0.009657798764385913,0.9903422012356141
2023-11-28,51.02691620723211,51.76303489088548,51.02691620723211,51.671836853027344,23535000,0.0,0.0,0.0014468769941443549,0.8199818090013584,0.8199818090013584,0.8199818090013584,1.293090820312493,1.0,1.293090820312493,0.0,0.0,0.06903140550653167,0.034515702753265834,0.9654842972467341
2023-11-29,51.714186361801595,51.714186361801595,50.68491871383587,50.838008880615234,29896500,0.0,0.0,0.001808307939759815,0.8349307974988132,0.8349307974988132,0.8349307974988132,-0.8338279724121094,-1.0,-0.8338279724121094,0.11074346942528734,0.017639380549898633,0.41580993646748815,0.7832753414913066,0.21672465850869338
2023-11-30,50.818463054999185,50.925950463025714,50.32662876662811,50.710975646972656,29925900,0.0,0.0,0.0018055632010346918,0.8181015759915838,0.8181015759915838,0.8181015759915838,-0.9608612060546875,-1.0,-0.9608612060546875,0.0,0.0,0.5521578636690891,0.7239210681654554,0.27607893183454457
2023-12-01,50.609999617478366,50.68491576046957,49.71427868362918,50.27125549316406,39273600,0.0,0.0,0.0023490050608041316,0.8308583893738618,0.8308583893738618,0.8308583893738618,-1.4005813598632812,-1.0,-1.4005813598632812,0.0,0.0,1.1731637277820213,0.41341813610898936,0.5865818638910106
2023-12-04,49.93902395024976,50.46342950203883,49.93576607833637,50.25822830200195,24883200,0.0,0.0,0.0014879108591249112,0.8092016061116186,0.8092016061116186,0.8092016061116186,-1.4136085510253906,-1.0,-1.4136085510253906,0.0,0.0,1.1950890573678588,0.4024554713160706,0.5975445286839294
2023-12-05,50.30708469837547,50.763089845622744,50.07582425287081,50.724002838134766,21883800,0.0,0.0,0.0013206865759890602,0.8004918908716412,0.8004918908716412,0.8004918908716412,0.4657745361328125,1.0,0.4657745361328125,0.07817408515317226,0.02816917520972469,0.10856582996532595,0.06836750258752532,0.9316324974124747
2023-12-06,50.6653687283875,50.756570496867774,50.04650730646536,50.17353820800781,26447400,0.0,0.0,0.00157877856112942,0.7940326979809822,0.7940326979809822,0.7940326979809822,-0.5504646301269531,-1.0,-0.5504646301269531,0.0,0.0,1.3967135731442855,0.30164321342785727,0.6983567865721427
2023-12-07,50.46123554597298,50.523350044316146,49.76814744191487,49.84334182739258,25362600,0.19,0.0,0.0015040574781145398,0.791259119725289,0.791259119725289,0.791259119725289,-0.8806610107421875,-1.0,-0.8806610107421875,0.0,0.0,2.0,0.0,1.0
2023-12-08,49.69296115583918,49.76161560377053,49.1175695372119,49.32026290893555,34069500,0.0,0.0,0.0019991926722049977,0.7865814890435311,0.7865814890435311,0.7865814890435311,-1.4037399291992188,-1.0,-1.4037399291992188,0.0,0.0,2.0,0.0,1.0
2023-12-11,49.411803916526154,49.51315060340644,48.88872062160838,49.44449615478515,31883400,0.0,0.0,0.0018756253412317984,0.7749992385259974,0.7749992385259974,0.7749992385259974,0.12423324584960227,-1.0,-1.2795066833496165,0.0,0.0,2.0,0.5,0.5
2023-12-12,49.43795437649085,49.59487935914446,49.11429823662447,49.48372650146485,21381900,0.0,0.0,0.0012588448289699555,0.7539693730969966,0.7539693730969966,0.7539693730969966,0.16346359252930398,1.0,0.03923034667970171,0.0,0.0,0.0009400677945788983,0.00047003389728944914,0.9995299661027105
2023-12-13,49.54583825993561,50.363155364990234,49.248334429625984,50.363155364990234,35348700,0.0,0.0,0.002118116711544703,0.7797444846875148,0.7797444846875148,0.7797444846875148,1.0428924560546875,1.0,0.9186592102050852,0.0,0.0,0.5154941600251598,0.2577470800125799,0.7422529199874202
2023-12-14,50.1898878461236,50.32719674044277,49.670074534376226,49.74853515625,30891300,0.0,0.0,0.0018284369574116575,0.7735542236822643,0.7735542236822643,0.7735542236822643,-0.6146202087402344,1.0,0.30403900146485086,0.0,0.0,0.05646423878683024,0.5,0.5
2023-12-15,49.62102937573401,50.170264877718765,49.54256502322976,49.93487930297851,70003500,0.0,0.0,0.004158984166555457,0.7631360544541742,0.7631360544541742,0.7631360544541742,0.18634414672850852,-1.0,0.18634414672850852,0.0,0.0,0.021210279615169407,0.010605139807584704,0.9893948601924153
2023-12-18,50.13430576391192,50.696617403555585,50.062377614125495,50.66392517089844,26316000,0.0,0.0,0.0015862886601363693,0.7630362006058101,0.7630362006058101,0.7630362006058101,0.9153900146484375,1.0,0.729045867919929,0.0,0.0,0.32465686317812764,0.16232843158906382,0.8376715684109362
2023-12-19,50.62142834597638,50.89931607362718,50.37623285200375,50.84700775146485,24417000,0.0,0.0,0.0014771384810425246,0.7458967021070687,0.7458967021070687,0.7458967021070687,1.0984725952148509,1.0,0.9121284484863423,0.0,0.0,0.5081909011162203,0.25409545055811017,0.7459045494418899
2023-12-20,50.81105588617122,51.04644151310948,50.222588077438466,50.252010345458984,21967800,0.0,0.0,0.0013134196661906206,0.7514650402187789,0.7514650402187789,0.7514650402187789,-0.5949974060058665,1.0,0.31713104248047586,0.0,0.0,0.06143168008271003,0.5,0.5
2023-12-21,50.34681102860672,50.693356965417095,50.31738876413085,50.60835266113281,20087700,0.0,0.0,0.0012095279902396938,0.7293137244858741,0.7293137244858741,0.7293137244858741,0.3563423156738281,1.0,0.673473358154304,0.05884408787290596,0.02726910441548539,0.2770484488583305,0.15215877663690797,0.8478412233630921
2023-12-22,50.82085100183392,51.37662644928507,50.72604427378365,51.213165283203125,19405500,0.0,0.0,0.0011824150917470583,0.73209658617633,0.73209658617633,0.73209658617633,0.9611549377441406,1.0,1.2782859802246165,0.0,0.0,0.9980928261808281,0.49904641309041403,0.500953586909586
2023-12-26,51.2131727688382,51.324329371130275,51.03663169055635,51.134708404541016,11679900,0.0,0.0,0.0007105888956871005,0.7003538072047298,0.7003538072047298,0.7003538072047298,-0.07845687866210938,1.0,1.199829101562507,0.0,0.0,0.8793335944294113,0.5,0.5
2023-12-27,51.102010719623394,51.63817384147346,51.052972367858025,51.61528778076172,19896000,0.0,0.0,0.0012218211361111524,0.6921286405197802,0.6921286405197802,0.6921286405197802,0.4805793762207031,1.0,1.6804084777832102,0.0,0.0,1.7248233005532434,0.8624116502766217,0.1375883497233783
2023-12-28,51.579327189573675,51.762408198227405,51.491056657077515,51.51394271850586,16776000,0.0,0.0,0.0010281979093628296,0.662073133421931,0.662073133421931,0.662073133421931,-0.10134506225585938,1.0,1.5790634155273509,0.0,0.0,1.5230495267176747,0.5,0.5
2023-12-29,51.500867914588525,51.68067896915985,51.379905134618795,51.54010009765625,21948300,0.0,0.0,0.0013458902707768712,0.6362660406447255,0.6362660406447255,0.6362660406447255,0.026157379150390625,-1.0,0.026157379150390625,0.0,0.0,0.00041792979854359436,0.00020896489927179718,0.9997910351007282
2024-01-02,51.409323747670555,52.157986383485365,51.38970765895836,52.07625579833984,23539800,0.0,0.0,0.0014584986401673735,0.6456955180648885,0.6456955180648885,0.6456955180648885,0.5623130798339773,1.0,0.5361557006835866,0.10134899811915687,0.03248497586244299,0.17558877078642054,0.10403687332443176,0.8959631266755682
2024-01-03,52.233183740659875,52.406454835865766,51.95856222443929,52.07952499389648,18756000,0.0,0.0,0.0011621729071549975,0.6315667390192875,0.6315667390192875,0.6315667390192875,0.5655822753906179,1.0,0.5394248962402273,0.0,0.0,0.1777365950373272,0.0888682975186636,0.9111317024813363
2024-01-04,52.05010233408518,52.157988956631534,51.487786901215614,51.57605743408203,19282500,0.0,0.0,0.001183245847893114,0.6343264044761899,0.6343264044761899,0.6343264044761899,-0.503467559814446,-1.0,-0.503467559814446,0.0,0.0,0.871126071930863,0.5644369640345686,0.4355630359654315
2024-01-05,51.62836864936379,51.68721692169766,50.86989976001222,51.2327880859375,21709500,0.0,0.0,0.0013233091647642335,0.6473971728482796,0.6473971728482796,0.6473971728482796,-0.8467369079589773,-1.0,-0.8467369079589773,0.0,0.0,2.0,0.0,1.0
2024-01-08,51.22951847811034,51.749331792567965,51.222978534008945,51.73625564575195,20680800,0.0,0.0,0.001272992476379163,0.6387511789704753,0.6387511789704753,0.6387511789704753,0.5034675598144531,1.0,0.5034675598144531,0.0,0.0,0.35354606226956015,0.17677303113478007,0.82322696886522
2024-01-09,51.63163535426864,52.092604104914734,51.566250883403995,52.082794189453125,23322300,0.0,0.0,0.0014452040216505393,0.630722753437637,0.630722753437637,0.630722753437637,0.850006103515625,1.0,0.850006103515625,0.0,0.0,1.007736775379603,0.5038683876898015,0.49613161231019853
2024-01-10,52.16452473558747,52.79876079146499,52.16452473558747,52.730106353759766,20121900,0.0,0.0,0.0012623830130909276,0.6368115997643677,0.6368115997643677,0.6368115997643677,1.4973182678222656,1.0,1.4973182678222656,0.0,0.0,2.0,1.0,0.0
2024-01-11,52.74972526370374,52.92626632478584,52.36395090672974,52.6712646484375,14355300,0.0,0.0,0.0008996001666110227,0.6314904439280631,0.6314904439280631,0.6314904439280631,-0.058841705322265625,1.0,1.4384765625,0.0,0.0,2.0,0.5,0.5
2024-01-12,52.75626387211818,52.81184216644291,52.432604021196376,52.73991775512695,13629000,0.0,0.0,0.0008551985346275324,0.6134724225936681,0.6134724225936681,0.6134724225936681,0.06865310668945312,1.0,1.5071296691894531,0.0,0.0,2.0,1.0,0.0
2024-01-16,52.77915163910823,53.09300160740008,52.710497192381055,52.90665435791016,17032500,0.0,0.0,0.001072141742293454,0.5969747077669081,0.5969747077669081,0.5969747077669081,0.23538970947266336,1.0,1.6738662719726634,0.0,0.0,2.0,1.0,0.0
2024-01-17,52.75953454837417,52.958961682136234,52.5143390314571,52.65818786621094,14827800,0.0,0.0,0.0009289795150323027,0.5860924179749244,0.5860924179749244,0.5860924179749244,-0.24846649169922586,-1.0,-0.24846649169922586,0.0,0.0,0.02203404026420671,0.9889829798678966,0.011017020132103355
2024-01-18,52.68761035445192,53.41665691262282,52.53068538375828,53.367618560791016,18190500,0.0,0.0,0.001155010596208367,0.6075123544670397,0.6075123544670397,0.6075123544670397,0.7094306945800781,1.0,0.7094306945800781,0.32365530522273644,0.2081351884098307,2.0,1.0,0.0
2024-01-19,53.4297361523108,53.47550827644698,52.77915017111774,53.086463928222656,19175400,0.0,0.0,0.0012111327236912315,0.6138584795286253,0.6138584795286253,0.6138584795286253,-0.2811546325683594,1.0,0.42827606201171875,0.0,0.0,2.0,0.5,0.5
2024-01-22,53.220502067658025,53.27281039348683,52.79876548915327,53.0897331237793,13938300,0.0,0.0,0.0008804077528697621,0.6038717955861206,0.6038717955861206,0.6038717955861206,0.003269195556640625,1.0,0.4315452575683594,0.0,0.0,2.0,1.0,0.0
2024-01-23,53.00146449886692,53.24012007487235,52.88703792746557,53.22377395629883,12066600,0.0,0.0,0.0007641068458568734,0.5859582492875963,0.5859582492875963,0.5859582492875963,0.13731002807617188,1.0,0.5655860900878906,0.0,0.0,2.0,1.0,0.0
2024-01-24,53.25646479994387,53.31204309819427,52.41299163462827,52.47183990478515,22932900,0.0,0.0,0.00143168929750915,0.6083220503074825,0.6083220503074825,0.6083220503074825,-0.751934051513679,1.0,-0.18634796142578836,0.3857738545249987,0.2632122368665997,0.10855550506176015,0.8141161290358201,0.18588387096417994
2024-01-25,52.7660720025271,53.24665683921847,52.44568211139953,53.236846923828125,16369500,0.0,0.0,0.001036838817367172,0.6220829558440152,0.6220829558440152,0.6220829558440152,0.7650070190429759,1.0,0.5786590576171875,0.006536764346115831,7.301209624715423e-05,2.0,1.0,0.0
2024-01-26,53.305506673496915,53.74031943109944,53.178007691819715,53.70436096191406,15746400,0.0,0.0,0.0010061305614059155,0.6178135832322799,0.6178135832322799,0.6178135832322799,1.2325210571289134,1.0,1.046173095703125,0.0,0.0,2.0,1.0,0.0
2024-01-29,53.730509596725064,54.077051790356386,53.45916179123939,53.95608901977539,18240300,0.0,0.0,0.00117094352056768,0.6178190415097596,0.6178190415097596,0.6178190415097596,1.4842491149902415,1.0,1.2979011535644531,0.0,0.0,2.0,1.0,0.0
2024-01-30,53.84493470249331,54.20782300438045,53.4918525746522,54.13589859008789,15270000,0.0,0.0,0.000983530642778224,0.6248298549539376,0.6248298549539376,0.6248298549539376,1.6640586853027415,1.0,1.4777107238769531,0.0,0.0,2.0,1.0,0.0
2024-01-31,54.85840909506477,54.85840909506477,53.978973745162726,54.02474212646485,26134800,0.0,0.0,0.0016798689073494212,0.6430159617359453,0.6430159617359453,0.6430159617359453,-0.11115646362303977,1.0,1.3665542602539134,0.0,0.0,2.0,0.5,0.5
2024-02-01,54.171859559780344,55.03821874192507,54.00185844336483,55.02513885498047,20792700,0.0,0.0,0.0013612426349953555,0.6711119857948236,0.6711119857948236,0.6711119857948236,1.000396728515618,1.0,2.3669509887695312,0.0,0.0,2.0,1.0,0.0
2024-02-02,54.9728264485048,55.76726115899691,54.89763206970378,55.43706512451172,21670800,0.0,0.0,0.001429350318327403,0.6852917789018452,0.6852917789018452,0.6852917789018452,1.412322998046868,1.0,2.7788772583007812,0.0,0.0,2.0,1.0,0.0
2024-02-05,55.58091726049423,55.58091726049423,54.94668114149064,55.13956832885742,19145100,0.0,0.0,0.0012559851634679205,0.6816449460519698,0.6816449460519698,0.6816449460519698,-0.2974967956542969,1.0,2.4813804626464844,0.0,0.0,2.0,0.5,0.5
2024-02-06,55.18207118673573,55.56130938960181,55.034956111462726,55.51553726196289,14181300,0.0,0.0,0.0009366861525305473,0.6705526840581922,0.6705526840581922,0.6705526840581922,0.37596893310546875,1.0,2.857349395751953,0.0,0.0,2.0,1.0,0.0
2024-02-07,55.66591419340682,55.79341314987417,55.31610207321831,55.37494659423828,17082600,0.0,0.0,0.0011254619075059828,0.6567497121008827,0.6567497121008827,0.6567497121008827,-0.14059066772460938,1.0,2.7167587280273438,0.0,0.0,2.0,0.5,0.5
2024-02-08,55.374955073363246,55.75745948410739,55.296494452860536,55.37168884277344,14427900,0.0,0.0,0.0009505049909265029,0.642765092039881,0.642765092039881,0.642765092039881,-0.14384841918945312,-1.0,-0.00325775146484375,0.0,0.0,1.4379167922911006e-06,0.9999992810416038,7.189583961455503e-07
2024-02-09,55.37821684231309,55.48937342472887,55.22456185465797,55.342254638671875,14329800,0.0,0.0,0.000943540368131127,0.6157684118992393,0.6157684118992393,0.6157684118992393,-0.17328262329101562,-1.0,-0.03269195556640625,0.0,0.0,0.00014480369965576056,0.9999275981501721,7.240184982788028e-05
2024-02-12,55.32591567706661,55.69534393434161,55.26706740675662,55.67572784423828,14795100,0.0,0.0,0.0009800479316463355,0.6023761344482216,0.6023761344482216,0.6023761344482216,0.33347320556640625,1.0,0.33347320556640625,0.0,0.0,2.0,1.0,0.0
2024-02-13,55.78034076782008,55.927459563065625,55.012062040174186,55.29648971557617,18574200,0.0,0.0,0.0012219999511180809,0.6247348050513085,0.6247348050513085,0.6247348050513085,-0.3792381286621094,1.0,-0.045764923095703125,0.21249981448378463,0.31397359137961406,0.01883404419841752,0.8335961822109842,0.16640381778901578
2024-02-14,55.168991510805405,55.21148992216684,54.77341095515294,55.11995315551758,18484500,0.0,0.0,0.0012122161219835345,0.6174736590064459,0.6174736590064459,0.6174736590064459,-0.5557746887207031,-1.0,-0.17653656005859375,0.0,0.0,0.2802511678497687,0.8598744160751156,0.14012558392488436
2024-02-15,55.51225879031772,55.5286086486761,54.91398492292339,55.34552764892578,16948800,0.0,0.0,0.001116053453015079,0.6172700923454646,0.6172700923454646,0.6172700923454646,0.22557449340820312,1.0,0.22557449340820312,0.0,0.0,1.6327160493827158,0.8163580246913579,0.18364197530864212
2024-02-16,55.67245695593652,56.208620099571085,55.34553085616447,55.695343017578125,22373400,0.0,0.0,0.0014825671688277748,0.6348288322240245,0.6348288322240245,0.6348288322240245,0.5753898620605469,1.0,0.5753898620605469,0.0,0.0,2.0,1.0,0.0
2024-02-20,58.34999184040328,59.288275476896615,57.287479203506706,57.49344253540039,71788500,0.0,0.0,0.0049106242137965566,0.8461219484450578,0.8461219484450578,0.8461219484450578,2.3734893798828125,1.0,2.3734893798828125,0.0,0.0,2.0,1.0,0.0
2024-02-21,57.21228768229487,57.40190864705499,56.4930472291849,56.78728485107422,40501500,0.0,0.0,0.002736438680062599,0.8571414740000886,0.8571414740000886,0.8571414740000886,-0.7061576843261719,-1.0,-0.7061576843261719,0.0,0.0,0.08851742938661632,0.9557412853066919,0.04425871469330816
2024-02-22,56.84612022245438,57.36593719368127,56.659773001153376,57.34632110595703,29512800,0.0,0.0,0.0020136291298084,0.8463573824663604,0.8463573824663604,0.8463573824663604,0.5590362548828125,-1.0,-0.14712142944335938,0.0,0.0,0.0038421762766371356,0.5,0.5
2024-02-23,57.5686377670935,58.07864488786888,57.31363607739912,57.39536666870117,74365800,0.0,0.0,0.005078244388571791,0.8405467701808894,0.8405467701808894,0.8405467701808894,0.6080818176269531,1.0,0.049045562744140625,0.676736240813895,1.2385536794062715,0.11113416022005701,0.6748439198131643,0.3251560801868357
2024-02-26,57.98383776429474,58.69000208644645,57.06190392034201,58.454612731933594,32154800,0.0,3.0,0.0022362899320459866,0.8968004413182856,0.8968004413182856,0.8968004413182856,1.667327880859375,1.0,1.1082916259765625,0.0,0.0,2.0,1.0,0.0
2024-02-27,58.49383968380018,58.650764658980194,58.0819130269726,58.444801330566406,18012700,0.0,0.0,0.0012525302141712642,0.8733755263675219,0.8733755263675219,0.8733755263675219,-0.0098114013671875,1.0,1.098480224609375,0.0,0.0,2.0,0.5,0.5
2024-02-28,58.405565836970375,58.61152915369596,58.17018025825151,58.474220275878906,14803300,0.0,0.0,0.001029879677304377,0.8425164813015882,0.8425164813015882,0.8425164813015882,0.0294189453125,1.0,1.127899169921875,0.0,0.0,2.0,1.0,0.0
2024-02-29,58.30749199744909,58.34672417628961,57.46401885931021,57.48363494873047,29245100,0.0,0.0,0.0020001420565189747,0.8544939766778104,0.8544939766778104,0.8544939766778104,-0.9905853271484375,-1.0,-0.9905853271484375,0.6178941676623921,0.3890849301314012,0.7713353360444551,0.4197898669120719,0.5802101330879281
2024-03-01,57.66998092676309,57.71901927854961,57.08151322255193,57.6307487487793,19030900,0.0,0.0,0.0013048995987060385,0.8389948394863722,0.8389948394863722,0.8389948394863722,0.14711380004882812,-1.0,-0.8434715270996094,0.0,0.0,0.5592426686891907,0.5,0.5
2024-03-04,57.37575257448647,58.24864804067301,57.277675861512144,58.160377502441406,16033300,0.0,0.0,0.001109465096037691,0.8484217923202647,0.8484217923202647,0.8484217923202647,0.6767425537109375,1.0,0.5296287536621094,0.0,0.0,0.39427773814449224,0.19713886907224612,0.8028611309277539
2024-03-05,58.71941928362965,59.180388036505086,58.4349953374383,58.88615417480469,19676900,0.0,0.0,0.001378584459578405,0.8606781310162229,0.8606781310162229,0.8606781310162229,1.4025192260742188,1.0,1.2554054260253906,0.0,0.0,2.0,1.0,0.0
2024-03-06,58.96461504724752,59.455006066000315,58.88615442976808,59.405967712402344,12698700,0.0,0.0,0.0008975380034801912,0.8398333996004662,0.8398333996004662,0.8398333996004662,1.922332763671875,1.0,1.7752189636230469,0.0,0.0,2.0,1.0,0.0
2024-03-07,59.82770834023257,59.8963627881973,59.19019847611799,59.200008392333984,16195300,0.0,0.0,0.0011407074392147337,0.8302856076346693,0.8302856076346693,0.8302856076346693,-0.20595932006835938,1.0,1.5692596435546875,0.0,0.0,2.0,0.5,0.5
2024-03-08,58.84692207160908,59.121539844032895,58.582110473320455,58.96461486816406,12143600,0.0,0.0,0.00085192708937556,0.815115058447445,0.815115058447445,0.815115058447445,-0.44135284423828125,-1.0,-0.23539352416992188,0.3040439564476216,0.47457066699177414,0.022500875128838325,0.7514642289396938,0.24853577106030622
2024-03-11,58.945004284290064,59.54328197985565,58.71942484424494,59.49424362182617,14154000,0.0,0.0,0.0010018844753824287,0.8157394925305353,0.8157394925305353,0.8157394925305353,0.5296287536621094,1.0,0.5296287536621094,0.0,0.0,2.0,1.0,0.0
2024-03-12,59.77866901826399,60.38675286530067,59.48443514010991,60.229827880859375,16613100,0.0,0.0,0.001190490158761148,0.8219236520062659,0.8219236520062659,0.8219236520062659,1.2652130126953125,1.0,1.2652130126953125,0.0,0.0,2.0,1.0,0.0
2024-03-13,60.082709348634005,60.27886651543843,59.71001484723102,60.102325439453125,15935200,0.0,0.0,0.0011394946819853452,0.8038470817349189,0.8038470817349189,0.8038470817349189,-0.12750244140625,1.0,1.1377105712890625,0.0,0.0,2.0,0.5,0.5
2024-03-14,60.30701762529113,60.464477054307736,59.63781411343836,60.0511474609375,16584700,0.208,0.0,0.001184929300382498,0.8054767859588088,0.8054767859588088,0.8054767859588088,-0.178680419921875,1.0,1.0865325927734375,0.0,0.0,2.0,0.5,0.5
2024-03-15,59.716548919677734,60.17908765974482,59.50004078532648,59.716548919677734,50946300,0.0,0.0,0.003619685669540029,0.7964460779916325,0.7964460779916325,0.7964460779916325,-0.5132789611816406,-1.0,-0.3345985412597656,0.20997406190453916,0.16734948210522013,0.09483367259713206,0.868908422648824,0.1310915773511761
2024-03-18,59.72638544640182,59.9330539978024,59.43114948542391,59.8936882019043,16801700,0.0,0.0,0.0011972856895396144,0.7754073947335512,0.7754073947335512,0.7754073947335512,0.1771392822265625,-1.0,-0.15745925903320312,0.0,0.0,0.02100152782368279,0.5,0.5
2024-03-19,60.00194461445077,60.10035535392286,59.63781661932009,59.90353012084961,12353600,0.0,0.0,0.0008804596536727464,0.7530596332956381,0.7530596332956381,0.7530596332956381,0.186981201171875,1.0,0.0098419189453125,0.0,0.0,0.0039068178307947584,0.0019534089153973792,0.9980465910846026
2024-03-20,59.874006308487864,60.30701880824505,59.77559557122045,60.277496337890625,12007600,0.0,0.0,0.000861142306246797,0.7372284621334209,0.7372284621334209,0.7372284621334209,0.5609474182128906,1.0,0.3838081359863281,0.0,0.0,2.0,1.0,0.0
2024-03-21,60.307016705531744,60.68098425154103,60.08066901440553,60.47431945800781,14265900,0.0,0.0,0.0010264402493267216,0.7274489460621406,0.7274489460621406,0.7274489460621406,0.7577705383300781,1.0,0.5806312561035156,0.0,0.0,2.0,1.0,0.0
2024-03-22,60.34638595673214,60.55305076210097,59.883847222129376,59.90353012084961,14029400,0.0,0.0,0.0009998964403280363,0.7232885599128162,0.7232885599128162,0.7232885599128162,-0.5707893371582031,-1.0,-0.5707893371582031,0.0,0.0,0.9663865604123225,0.5168067197938387,0.48319328020616126
2024-03-25,59.90353141962019,60.02162881450205,59.40163063082429,59.60829544067383,14186600,0.0,0.0,0.0010061171106219332,0.7159106758960263,0.7159106758960263,0.7159106758960263,-0.8660240173339844,-1.0,-0.8660240173339844,0.0,0.0,2.0,0.0,1.0
2024-03-26,59.50004237007132,59.86417037920203,59.27369465727962,59.54924774169922,13738300,0.0,0.0,0.0009733584055882286,0.7069510363264823,0.7069510363264823,0.7069510363264823,-0.9250717163085938,-1.0,-0.9250717163085938,0.0,0.0,2.0,0.0,1.0
2024-03-27,59.90352888692918,60.08067121763334,59.4213110176682,59.75591278076172,14363400,0.0,0.0,0.0010211784660949586,0.7035516908721003,0.7035516908721003,0.7035516908721003,0.2066650390625,1.0,0.2066650390625,0.05904240313128639,0.0816195173943335,0.04990950049671387,0.06576450894552369,0.9342354910544763
2024-03-28,59.696863187175815,59.80511724921309,59.20480199910014,59.21464157104492,17535100,0.0,0.0,0.0012353808361726857,0.6961776593893039,0.6961776593893039,0.6961776593893039,-0.5412712097167969,-1.0,-0.5412712097167969,0.06889265817947887,0.01620003784304591,2.0,0.0,1.0
2024-04-01,59.35241966991695,59.79527171956191,58.9784521296048,59.047340393066406,13837600,0.0,0.0,0.0009721306176761947,0.7047949401441475,0.7047949401441475,0.7047949401441475,-0.7085723876953125,-1.0,-0.7085723876953125,0.0,0.0,2.0,0.0,1.0
2024-04-02,58.94892859225036,59.14575005335672,57.94512337326725,58.22067642211914,19510100,0.0,0.0,0.001351450833875334,0.7402114929973849,0.7402114929973849,0.7402114929973849,-1.5352363586425781,-1.0,-1.5352363586425781,0.0,0.0,2.0,0.0,1.0
2024-04-03,58.43719141847756,58.55528505987913,58.00417514312318,58.48639678955078,14615100,0.0,0.0,0.0010169981569509558,0.7267042375515684,0.7267042375515684,0.7267042375515684,0.2657203674316406,-1.0,-1.2695159912109375,0.0,0.0,2.0,0.5,0.5
2024-04-04,58.59464838962509,58.86036188718022,58.348617790495794,58.55528259277344,14436100,0.0,0.0,0.0010057255222931853,0.7113499417753438,0.7113499417753438,0.7113499417753438,0.3346061706542969,1.0,0.06888580322265625,0.0,0.0,0.002944307071085707,0.0014721535355428535,0.9985278464644571
2024-04-05,58.60448708924475,59.08670870817543,58.54544214897538,58.89972305297851,10335900,0.0,0.0,0.0007243109651334855,0.6992011287342512,0.6992011287342512,0.6992011287342512,0.6790466308593679,1.0,0.41332626342772727,0.0,0.0,0.10600092434100584,0.05300046217050292,0.9469995378294971
2024-04-08,58.653691110062034,59.086707350777566,58.476548785065475,58.830833435058594,11070100,0.0,0.0,0.0007748543103311605,0.6928409456612398,0.6928409456612398,0.6928409456612398,-0.06888961791991477,-1.0,-0.06888961791991477,0.0,0.0,0.027779316009759622,0.9861103419951202,0.013889658004879811
2024-04-09,58.91940318871496,59.01781767476475,58.358453757681865,58.840675354003906,10013500,0.0,0.0,0.0007010145937770508,0.6904497293342144,0.6904497293342144,0.6904497293342144,0.0098419189453125,-1.0,-0.05904769897460227,0.0,0.0,0.020408916681573755,0.5,0.5
2024-04-10,58.67337502960926,59.79527393804075,58.44702733353351,59.65749740600586,15097600,0.0,0.0,0.0010716092511837338,0.7374352204180019,0.7374352204180019,0.7374352204180019,0.8266639709472656,1.0,0.8168220520019531,0.708566587263185,0.734688629565277,2.0,1.0,0.0
2024-04-11,59.78543446824333,59.923211000513625,59.11623095081992,59.13591384887695,10987600,0.0,0.0,0.000773067937407494,0.7424027082234094,0.7424027082234094,0.7424027082234094,-0.5215835571289062,1.0,0.2952384948730469,0.0,0.0,2.0,0.5,0.5
2024-04-12,59.04734690149404,59.75591626563331,58.998141529901964,59.18512344360352,12280600,0.0,0.0,0.0008647601176914566,0.743500710188262,0.743500710188262,0.743500710188262,0.049209594726569605,-1.0,0.049209594726569605,0.0,0.0,0.6945341746439554,0.3472670873219777,0.6527329126780224
2024-04-15,59.54923976702414,59.73622540995043,58.958767878305366,58.97845077514648,10557200,0.0,0.0,0.0007408079219034208,0.7459261974351763,0.7459261974351763,0.7459261974351763,-0.20667266845704546,-1.0,-0.15746307373047586,0.1574630725145525,0.5804854640000217,2.0,0.0,1.0
2024-04-16,59.07686685445871,59.33274078243319,58.83083625286042,58.88988494873047,14726300,0.0,0.0,0.0010318055455737342,0.7284960783021472,0.7284960783021472,0.7284960783021472,-0.295238494873054,-1.0,-0.24602890014648438,0.0,0.0,2.0,0.0,1.0
2024-04-17,59.194957263315054,59.470510303278445,58.624164532958176,58.70289611816406,15329700,0.0,0.0,0.001070672608189301,0.7369139134462989,0.7369139134462989,0.7369139134462989,-0.48222732543946023,-1.0,-0.4330177307128906,0.0,0.0,2.0,0.0,1.0
2024-04-18,58.88004116752156,58.98829147101827,58.279725941873835,58.319087982177734,12061500,0.0,0.0,0.0008369038257656114,0.7348890288533088,0.7348890288533088,0.7348890288533088,-0.8660354614257884,-1.0,-0.8168258666992188,0.0,0.0,2.0,0.0,1.0
2024-04-19,58.50607669604795,58.72258106852113,58.033698400476034,58.58480453491211,14165800,0.0,0.0,0.000987391989324882,0.7316028602241508,0.7316028602241508,0.7316028602241508,0.265716552734375,-1.0,-0.5511093139648438,0.0,0.0,2.0,0.5,0.5
2024-04-22,58.61433437570293,59.440997382489016,58.10259025206114,59.18512344360352,14910000,0.0,0.0,0.0010499139581762794,0.7749460223815596,0.7749460223815596,0.7749460223815596,0.8660354614257884,1.0,0.6003189086914134,0.4527059114707441,0.273250509512726,1.1865568314473287,0.7299036704800274,0.27009632951997264
2024-04-23,59.293376300161995,59.39178704133219,57.63021074795929,58.15179443359375,17963900,0.0,0.0,0.0012428744428288597,0.8454196131666551,0.8454196131666551,0.8454196131666551,-1.0333290100097727,-1.0,-1.0333290100097727,0.4034876525167448,0.15246959752737904,2.0,0.0,1.0
2024-04-24,58.043538557699776,59.08670965060173,57.876239552096195,58.91940689086914,18529100,0.0,0.0,0.0012989014447805844,0.8714946478337183,0.8714946478337183,0.8714946478337183,0.7676124572753906,-1.0,-0.2657165527343821,0.0,0.0,0.19591747424803377,0.5,0.5
2024-04-25,59.09654600725172,59.56892428188328,58.8800416443761,59.254005432128906,19263000,0.0,0.0,0.0013580168102656747,0.858450932810394,0.858450932810394,0.858450932810394,1.1022109985351562,1.0,0.3345985412597656,0.17713724055109026,0.025827969754055026,1.58566290891571,0.8057454393348825,0.19425456066511748
2024-04-26,59.15559428606843,59.43114733914606,59.04734022832257,59.20479965209961,11045200,0.0,0.0,0.0007780258170931863,0.8245478026684723,0.8245478026684723,0.8245478026684723,-0.049205780029296875,1.0,0.28539276123046875,0.0,0.0,1.1535825760231138,0.5,0.5
2024-04-29,59.224486308199715,59.43115111112454,58.98829528047918,59.28353500366211,9785100,0.0,0.0,0.0006901807924681619,0.7972840903811074,0.7972840903811074,0.7972840903811074,0.0787353515625,1.0,0.36412811279296875,0.0,0.0,1.8778945499995965,0.9389472749997982,0.06105272500020176
2024-04-30,59.24416770897775,59.34257844479819,58.22067953827787,58.40766143798828,14209200,0.0,0.0,0.000987422350890675,0.8204708629624798,0.8204708629624798,0.8204708629624798,-0.8758735656738281,-1.0,-0.8758735656738281,0.8266606900446973,0.8907826177799725,2.0,0.0,1.0
2024-05-01,58.36829512064974,58.46670584926158,57.78766281193112,57.91559600830078,15464300,0.0,0.0,0.001065587959365227,0.8103688754173355,0.8103688754173355,0.8103688754173355,-1.3679389953613281,-1.0,-1.3679389953613281,0.0,0.0,2.0,0.0,1.0
2024-05-02,58.004172932968714,58.93908996425317,57.649892022263295,58.76194763183594,17574100,0.0,0.0,0.0012286630093121605,0.8445709516010884,0.8445709516010884,0.8445709516010884,0.8463516235351562,-1.0,-0.5215873718261719,0.0,0.0,2.0,0.5,0.5
2024-05-03,58.67337588187573,59.02766054318534,58.20099758483925,58.87020111083984,14207400,0.0,0.0,0.0009951158316914678,0.8432918092257314,0.8432918092257314,0.8432918092257314,0.9546051025390554,1.0,0.10825347900389914,0.5609546939237617,0.3453091369599914,0.043075426736746705,0.19419228184836904,0.805807718151631
2024-05-06,59.0473438537083,59.0473438537083,58.44702859053496,58.91940689086914,11119400,0.0,0.0,0.0007794768620760442,0.8259363416505603,0.8259363416505603,0.8259363416505603,1.0038108825683594,1.0,0.15745925903320312,0.0,0.0,0.09113438571357664,0.04556719285678832,0.9544328071432117
2024-05-07,59.2146415858016,59.83463973408756,59.096547951790114,59.65749740600586,14520200,0.0,0.0,0.0010306261027605746,0.8323146631911217,0.8323146631911217,0.8323146631911217,1.7419013977050781,1.0,0.8955497741699219,0.0,0.0,2.0,1.0,0.0
2024-05-08,59.667337240430314,59.883841597760345,59.26384723988455,59.34257507324219,11015700,0.0,0.0,0.0007777535392476955,0.8171489270971699,0.8171489270971699,0.8171489270971699,-0.3149223327636719,1.0,0.58062744140625,0.0,0.0,1.2391987841612322,0.5,0.5
2024-05-09,59.44923254065896,59.82449452700081,59.20235034885151,59.68623733520508,14550500,0.208,0.0,0.0010332742988284204,0.8032200164580363,0.8032200164580363,0.8032200164580363,0.3436622619628906,-1.0,0.3436622619628906,0.0,0.0,0.4341197580343047,0.21705987901715235,0.7829401209828477
2024-05-10,59.656615624337235,59.824497481962744,59.40973342033532,59.72574234008789,12356600,0.0,0.0,0.0008780597160212017,0.775473162541564,0.775473162541564,0.775473162541564,0.3831672668457031,1.0,0.0395050048828125,0.0,0.0,0.005736541019261601,0.0028682705096308007,0.9971317294903692
2024-05-13,59.8639925322706,60.584888076892774,59.53810999952621,59.656612396240234,19260500,0.0,0.0,0.001367066540060397,0.7948520850290638,0.7948520850290638,0.7948520850290638,-0.06912994384765625,1.0,-0.02962493896484375,0.0,0.0,0.5623551657553476,0.7188224171223262,0.2811775828776738
2024-05-14,59.76524467042425,59.79486932956058,58.69871173603447,59.11347579956055,18780100,0.0,0.0,0.0013208329815828186,0.8163739070645675,0.8163739070645675,0.8163739070645675,-0.6122665405273438,-1.0,-0.5431365966796875,0.0,0.0,2.0,0.0,1.0
2024-05-15,59.08385467529297,59.19247968766616,58.72834367589353,59.08385467529297,22240600,0.0,0.0,0.0015634313957184965,0.7912140574008577,0.7912140574008577,0.7912140574008577,-0.6418876647949219,-1.0,-0.5727577209472656,0.0,0.0,2.0,0.0,1.0
2024-05-16,63.419103480483635,63.61660623531483,62.15506400024718,63.21172332763672,60545600,0.0,0.0,0.004553483070436424,1.058466736159501,1.058466736159501,1.058466736159501,4.12786865234375,1.0,4.12786865234375,3.82173690575425,0.8571756650944292,2.0,1.0,0.0
2024-05-17,63.43885192115609,64.07086978945736,62.836462480328954,63.84374237060547,29330400,0.0,0.0,0.0022279212228207865,1.0710339199429944,1.0710339199429944,1.0710339199429944,4.7598876953125,1.0,4.7598876953125,0.0,0.0,2.0,1.0,0.0
2024-05-20,63.61660150522994,63.95236520457453,63.07346143558106,63.37959671020508,15001400,0.0,0.0,0.0011312139991736412,1.0573103377323139,1.0573103377323139,1.0573103377323139,-0.4641456604003906,1.0,4.295742034912109,0.0,0.0,2.0,0.5,0.5
2024-05-21,63.72522341314171,64.37699594711091,63.64621931188864,64.33749389648438,17131700,0.0,0.0,0.001311378650695529,1.0530309733875653,1.0530309733875653,1.0530309733875653,0.9578971862792969,1.0,5.253639221191406,0.0,0.0,2.0,1.0,0.0
2024-05-22,64.16963453644573,64.8707791873864,63.92275229875191,64.43626403808594,14879400,0.0,0.0,0.0011407205876301158,1.045530681619489,1.045530681619489,1.045530681619489,1.0566673278808594,1.0,5.352409362792969,0.0,0.0,2.0,1.0,0.0
2024-05-23,64.35724308829936,64.70287662385894,63.754849983075765,64.03135681152344,16222900,0.0,0.0,0.0012359039036877384,1.038566107274038,1.038566107274038,1.038566107274038,-0.4049072265625,-1.0,-0.4049072265625,0.0,0.0,0.0057228506514290555,0.9971385746742855,0.0028614253257145277
2024-05-24,64.3177464073093,64.87076764463043,64.19924777621998,64.56462860107422,11795000,0.0,0.0,0.0009060582323648208,1.0243407305478207,1.0243407305478207,1.0243407305478207,0.5332717895507812,1.0,0.5332717895507812,0.0,0.0,1.7345473661828927,0.8672736830914464,0.13272631690855363
2024-05-28,64.40662969232918,64.6535118929074,63.932612552150346,64.22887420654297,13349600,0.0,0.0,0.0010201453893800539,1.0026663455627662,1.0026663455627662,1.0026663455627662,-0.33575439453125,-1.0,-0.33575439453125,0.0,0.0,0.3964114513468027,0.8017942743265987,0.19820572567340136
2024-05-29,63.94248873630099,64.3967510726346,63.84373736479311,64.11036682128906,11538600,0.0,0.0,0.0008801260761732392,0.9705483000112468,0.9705483000112468,0.9705483000112468,-0.45426177978515625,-1.0,-0.45426177978515625,0.0,0.0,0.7256299114521242,0.637185044273938,0.3628149557260621
2024-05-30,64.12025157170115,64.35725639734791,63.96224333177158,64.08074951171875,13051900,0.0,0.0,0.0009950956523243925,0.9294386404087527,0.9294386404087527,0.9294386404087527,-0.48387908935546875,-1.0,-0.48387908935546875,0.0,0.0,0.8233348331704229,0.5883325834147886,0.41166741658521144
2024-05-31,63.863485326169375,65.07814905836024,63.3598510656788,64.93989562988281,27632200,0.0,0.0,0.002134964009522055,0.9857857369996591,0.9857857369996591,0.9857857369996591,0.8591461181640625,-1.0,0.37526702880859375,0.6813979857256385,0.6290245945406899,0.6014604960335871,0.6152425452871385,0.3847574547128615
2024-06-03,64.69301398986164,65.01889276880259,64.34738041568376,64.9991455078125,11578700,0.0,0.0,0.0008954285911024117,0.9633376381510284,0.9633376381510284,0.9633376381510284,0.91839599609375,-1.0,0.43451690673828125,0.0,0.0,0.8063798167778129,0.40318990838890645,0.5968100916110936
2024-06-04,65.16703119569696,65.8089264993102,65.00903048661011,65.76942443847656,14780800,0.0,0.0,0.0011566061311234803,0.9523693062472195,0.9523693062472195,0.9523693062472195,1.6886749267578125,1.0,0.7702789306640625,0.0,0.0,2.0,1.0,0.0
2024-06-05,65.73979186727058,66.31256037907718,65.45340761136727,66.25330352783203,14982700,0.0,0.0,0.0011810305451413592,0.9457109820659835,0.9457109820659835,0.9457109820659835,2.1725540161132812,1.0,1.2541580200195312,0.0,0.0,2.0,1.0,0.0
2024-06-06,66.2236871437011,66.59895295623659,65.93730285201529,66.31256866455078,13256000,0.0,0.0,0.0010458559094480926,0.9254209193627915,0.9254209193627915,0.9254209193627915,2.2318191528320312,1.0,1.3134231567382812,0.0,0.0,2.0,1.0,0.0
2024-06-07,66.55944339831858,66.72732148804516,64.82139058058425,65.05839538574219,20213200,0.0,0.0,0.0015645949674981047,0.995457347084086,0.995457347084086,0.995457347084086,-1.2541732788085938,1.0,0.0592498779296875,0.6320170307830182,0.2539466425887795,0.014993437393062546,0.055750103867280854,0.9442498961327191
2024-06-10,66.35205097633956,66.49030438162421,65.4435189118675,66.12491607666016,21659500,0.0,0.0,0.0017040293434768647,1.0266324648553673,1.0266324648553673,1.0266324648553673,1.0665206909179688,1.0,1.1257705688476562,0.49378394014779303,0.21435585520952802,2.0,1.0,0.0
2024-06-11,66.11504662652628,66.12492402358954,65.52253088491948,65.89779663085938,13367500,0.0,0.0,0.0010480562562260238,0.9963296558421316,0.9963296558421316,0.9963296558421316,-0.22711944580078125,1.0,0.898651123046875,0.0,0.0,2.0,0.5,0.5
2024-06-12,66.01630637346044,66.10518789350151,65.07815691915211,65.48303985595703,11704700,0.0,0.0,0.0009119113628122122,0.9985226071640795,0.9985226071640795,0.9985226071640795,-0.641876220703125,-1.0,-0.41475677490234375,0.3653619927153926,0.3239993663302093,0.2130123260608658,0.7314941538044625,0.2685058461955375
2024-06-13,65.47315859318827,65.92742091029386,65.12751750617093,65.8681640625,11196600,0.0,0.0,0.0008774557618386393,0.9843355212325687,0.9843355212325687,0.9843355212325687,0.38512420654296875,-1.0,-0.029632568359375,0.0,0.0,0.0010873174229323397,0.5,0.5
2024-06-14,65.71016400263203,66.27305508939197,65.47315921195585,66.18417358398438,12590100,0.0,0.0,0.0009913952603043958,0.9711612609613944,0.9711612609613944,0.9711612609613944,0.7011337280273438,1.0,0.316009521484375,0.16786719589046584,0.05732313753012967,2.0,1.0,0.0
2024-06-17,66.08542111848551,66.59894027971197,65.58178688844144,66.57918548583984,12103000,0.0,0.0,0.0009587271348771252,0.9744464131263324,0.9744464131263324,0.9744464131263324,1.0961456298828125,1.0,0.7110214233398438,0.0,0.0,2.0,1.0,0.0
2024-06-18,66.78657503915966,67.02358739358796,66.46069623675368,66.75695037841797,12093500,0.0,0.0,0.0009605323719382319,0.9450496091054718,0.9450496091054718,0.9450496091054718,1.2739105224609375,1.0,0.8887863159179688,0.0,0.0,2.0,1.0,0.0
2024-06-20,66.51005454749195,67.28032570611634,66.46068263444307,67.16182708740234,13860800,0.0,0.0,0.001107577966716182,0.9360919992888859,0.9360919992888859,0.9360919992888859,1.6787872314453125,1.0,1.2936630249023438,0.0,0.0,2.0,1.0,0.0
2024-06-21,67.40872105219181,67.69510532127883,66.98408334757963,67.0630874633789,25883000,0.0,0.0,0.0020651978503846142,0.9200155688896229,0.9200155688896229,0.9200155688896229,-0.0987396240234375,1.0,1.1949234008789062,0.0,0.0,2.0,0.5,0.5
2024-06-24,67.20133539496327,68.17898676160424,67.05320457353365,68.04073333740234,12470400,0.0,0.0,0.0010095152367080367,0.9347131845454061,0.9347131845454061,0.9347131845454061,0.9776458740234375,1.0,2.1725692749023438,0.0,0.0,2.0,1.0,0.0
2024-06-25,66.33230330216267,66.7470635625212,65.72004030856095,66.57918548583984,20869200,0.0,0.0,0.0016531329689480048,1.0337117448522621,1.0337117448522621,1.0337117448522621,-1.4615478515625,-1.0,-1.4615478515625,1.2640430390186737,0.7479931918364175,0.452562756624129,0.3997220257697267,0.6002779742302733
2024-06-26,66.5594467787085,67.74447839892993,66.37181388404531,67.43834686279297,14177500,0.0,0.0,0.0011375489136182186,1.0579226569974305,1.0579226569974305,1.0579226569974305,0.859161376953125,1.0,0.859161376953125,0.0,0.0,0.3455599583493105,0.17277997917465526,0.8272200208253447
2024-06-27,67.43834533554497,67.7247296030331,66.8260747428896,67.03345489501953,12899200,0.0,0.0,0.0010287690452241136,1.046546385793578,1.046546385793578,1.046546385793578,-0.4048919677734375,1.0,0.4542694091796875,0.0,0.0,0.09660528953463454,0.5,0.5
2024-06-28,67.02357828316707,67.25070567414518,66.48043446257357,66.86557006835938,18816700,0.0,0.0,0.0014969576732686142,1.0268124447777232,1.0268124447777232,1.0268124447777232,-0.5727767944335938,-1.0,-0.16788482666015625,0.0,0.0,0.13658276771272357,0.9317086161436382,0.06829138385636178
2024-07-01,67.0433258605963,67.38895941431805,66.41130806686326,66.63844299316406,8666000,0.0,0.0,0.0006870795685010505,1.0233009378260856,1.0233009378260856,1.0233009378260856,-0.7999038696289062,-1.0,-0.39501190185546875,0.0,0.0,0.7561246184177166,0.6219376907911417,0.3780623092088583
2024-07-02,66.5989441678672,67.23096199223927,66.42118868387213,67.22108459472656,9436500,0.0,0.0,0.0007547097627623602,1.008048964293304,1.008048964293304,1.008048964293304,0.5826416015625,-1.0,0.18762969970703125,0.0,0.0,0.22562270642784718,0.11281135321392359,0.8871886467860765
2024-07-03,66.96432411550978,67.39883918937457,66.77669877072452,67.38896179199219,6287500,0.0,0.0,0.0005041157566511382,0.9804840681759285,0.9804840681759285,0.9804840681759285,0.750518798828125,1.0,0.167877197265625,0.0,0.0,0.180618843606298,0.090309421803149,0.909690578196851
2024-07-05,67.30997512821041,69.27515557889723,67.2507182694362,69.1665267944336,21586100,0.0,0.0,0.001776370944823306,1.0550521568391493,1.0550521568391493,1.0550521568391493,2.5280838012695312,1.0,1.9454421997070312,0.0,0.0,2.0,1.0,0.0
2024-07-08,69.02826217242638,69.26526696641015,68.48511833804011,68.81100463867188,12077700,0.0,0.0,0.0009887935954755662,1.0354161905199275,1.0354161905199275,1.0354161905199275,-0.35552215576171875,1.0,1.5899200439453125,0.0,0.0,2.0,0.5,0.5
2024-07-09,69.02826690673828,69.37390049130462,68.8011319601678,69.02826690673828,9758400,0.0,0.0,0.0008014364562551222,1.0023699291354207,1.0023699291354207,1.0023699291354207,0.21726226806640625,1.0,1.8071823120117188,0.0,0.0,2.0,1.0,0.0
2024-07-10,69.22576707794732,69.56153078632386,68.85050884787643,69.53190612792969,10803400,0.0,0.0,0.0008937336292335872,0.9815593583719928,0.9815593583719928,0.9815593583719928,0.7209014892578125,1.0,2.310821533203125,0.0,0.0,2.0,1.0,0.0
2024-07-11,69.30477024890193,69.57139970507639,68.39624557733018,68.92951202392578,15624800,0.0,0.0,0.0012813954551440581,0.995387556184437,0.995387556184437,0.995387556184437,-0.6023941040039062,1.0,1.7084274291992188,0.404886382837617,0.45175702691089625,2.0,0.8157415184488775,0.18425848155112245
2024-07-12,69.02826031566539,69.15663633931877,68.3073610216208,68.3764877319336,12145300,0.0,0.0,0.0009880491385566735,0.9849509677211171,0.9849509677211171,0.9849509677211171,-1.1554183959960938,-1.0,-0.5530242919921875,0.5431478262556197,0.22098232358935566,0.10478408993309066,0.8371167932387769,0.16288320676122314
2024-07-15,68.43574320306003,69.09738563620995,68.43574320306003,68.74187469482422,10171100,0.0,0.0,0.0008318649085197156,0.9660900346179199,0.9660900346179199,0.9660900346179199,0.365386962890625,-1.0,-0.1876373291015625,0.0,0.0,0.012062724630581532,0.5,0.5
2024-07-16,68.94925601740738,69.36401627813537,68.71225123045517,69.11713409423828,9836800,0.0,0.0,0.0008089153409926172,0.9436382498366542,0.9436382498366542,0.9436382498366542,0.7406463623046875,1.0,0.3752593994140625,0.20737993881660088,0.07839921167423419,2.0,1.0,0.0
2024-07-17,69.30477465689388,70.21329938625054,69.07763970743113,70.14417266845703,13533800,0.0,0.0,0.001129470415395659,0.9573540661925652,0.9573540661925652,0.9573540661925652,1.7676849365234375,1.0,1.4022979736328125,0.0,0.0,2.0,1.0,0.0
2024-07-18,69.79853703477166,70.30217884065445,69.55165483070614,69.9367904663086,10682700,0.0,0.0,0.0008888945398456731,0.9425804907465468,0.9425804907465468,0.9425804907465468,-0.2073822021484375,1.0,1.194915771484375,0.0,0.0,2.0,0.5,0.5
2024-07-19,70.31204545554827,70.44042901764871,69.7689091522467,69.86766052246094,11665500,0.0,0.0,0.0009697126648673894,0.9232190175076509,0.9232190175076509,0.9232190175076509,-0.27651214599609375,1.0,1.1257858276367188,0.0,0.0,2.0,0.5,0.5
2024-07-22,69.97629069405508,70.37130371708459,69.35415026840016,69.50227355957031,12666100,0.0,0.0,0.0010473827869479867,0.9299286197345633,0.9299286197345633,0.9299286197345633,-0.6418991088867188,-1.0,-0.365386962890625,0.1975045623059799,0.09467181838294259,0.10534029758946874,0.8999939420137943,0.10000605798620565
2024-07-23,69.59115777847005,69.81828518994003,69.2356467973242,69.76891326904297,9263600,0.0,0.0,0.0007689626765056024,0.9051221749403684,0.9051221749403684,0.9051221749403684,0.26663970947265625,-1.0,-0.09874725341796875,0.0,0.0,0.00769375753487552,0.5,0.5
2024-07-24,69.64052409007392,69.95653298850051,69.46276861381857,69.71952819824219,22490800,0.0,0.0,0.0018656185504582052,0.8757394749219096,0.8757394749219096,0.8757394749219096,-0.04938507080078125,1.0,-0.04938507080078125,0.0,0.0,0.0019243311378545909,0.9990378344310727,0.0009621655689272954
2024-07-25,69.71953520299417,69.88741329903367,69.07763994456685,69.14676666259766,18821200,0.0,0.0,0.0015483983329550803,0.871027609175117,0.871027609175117,0.871027609175117,-0.6221466064453125,-1.0,-0.5727615356445312,0.06912810909363998,0.012345932036352963,0.2588428276266946,0.8644056201684762,0.13559437983152378
2024-07-26,69.35415200888743,69.36402187238195,67.97161016071173,68.90975952148438,16789300,0.0,0.0,0.0013765019533444245,0.9082693307819102,0.9082693307819102,0.9082693307819102,-0.8591537475585938,-1.0,-0.8097686767578125,0.0,0.0,0.5173809010474854,0.7413095494762574,0.2586904505237427
2024-07-29,68.97888981022705,69.02826926724529,68.2678678209494,68.75176239013672,10315300,0.0,0.0,0.0008437799604498149,0.8977073390329086,0.8977073390329086,0.8977073390329086,-1.01715087890625,-1.0,-0.9677658081054688,0.0,0.0,0.7389737201509108,0.6305131399245446,0.3694868600754554
2024-07-30,68.68263654849801,68.97889069165106,68.11974538883504,68.3271255493164,12522500,0.0,0.0,0.0010179998159029504,0.8949529078745592,0.8949529078745592,0.8949529078745592,-1.4417877197265625,-1.0,-1.3924026489257812,0.0,0.0,1.5297417773896422,0.23512911130517888,0.7648708886948211
2024-07-31,68.31724781942691,68.38637453925192,67.43834772411711,67.78398132324219,22908800,0.0,0.0,0.0018475360562637563,0.8987439012502914,0.8987439012502914,0.8987439012502914,-1.9849319458007812,-1.0,-1.935546875,0.0,0.0,2.0,0.0,1.0
2024-08-01,68.05061690868251,68.9295169855262,67.66547372432387,68.91963958740234,17275500,0.0,0.0,0.0014165670374932731,0.9248367126754371,0.9248367126754371,0.9248367126754371,1.1356582641601562,1.0,1.1356582641601562,0.0,0.0,0.344261093728586,0.172130546864293,0.827869453135707
2024-08-02,68.73200634453985,69.36402420480135,66.8952020837026,67.6062240600586,23578700,0.0,0.0,0.0018965751047706045,1.035121384705674,1.035121384705674,1.035121384705674,-1.31341552734375,1.0,-0.17775726318359375,0.5431456404145081,0.17101267624309388,0.024499621729523788,0.9022438510136912,0.09775614898630883
2024-08-05,67.25071212772254,67.72472928338736,66.07555793786607,66.7470703125,20770500,0.0,0.0,0.0016494633407233335,1.078982096192504,1.078982096192504,1.078982096192504,-2.1725692749023438,-1.0,-0.8591537475585938,0.0,0.0,0.5723299147682182,0.7138350426158909,0.2861649573841091
2024-08-06,66.99395401552962,67.77410271635591,66.83595331628167,66.89520263671875,14815100,0.0,0.0,0.0011791337471829528,1.0752714038827476,1.0752714038827476,1.0752714038827476,0.14813232421875,1.0,0.14813232421875,0.0,0.0,0.02972746637078727,0.014863733185393635,0.9851362668146064
2024-08-07,67.0235806131063,67.16183403874595,65.97679498923182,66.07555389404297,18499200,0.0,0.0,0.001454310930968153,1.083111949999275,1.083111949999275,1.083111949999275,-0.8196487426757812,-1.0,-0.8196487426757812,0.09876294863424562,0.014518860790784951,2.0,0.0,1.0
2024-08-08,66.00642696825291,67.07295997083895,65.83854886624792,66.81620788574219,12489800,0.0,0.0,0.0009928892673914827,1.093919032470115,1.093919032470115,1.093919032470115,0.7406539916992188,-1.0,-0.0789947509765625,0.0,0.0,0.28437852325396423,0.5,0.5
2024-08-09,67.00381822071128,67.36920653803898,66.49030663145618,67.10256958007812,13805600,0.0,0.0,0.0011021937536592572,1.0785605234781641,1.0785605234781641,1.0785605234781641,1.0270156860351562,1.0,0.2863616943359375,0.20737249929302948,0.04077070020552947,2.0,1.0,0.0
2024-08-12,67.48771261138447,68.35674275200999,67.2210831582131,67.84322357177734,17385300,0.0,0.0,0.0014033053237538422,1.0911042840820002,1.0911042840820002,1.0911042840820002,1.767669677734375,1.0,1.0270156860351562,0.0,0.0,2.0,1.0,0.0
2024-08-13,67.5766037895252,67.7543592951603,66.3026905881815,67.28034210205078,26557900,0.0,0.0,0.0021259127210158445,1.1232063340472744,1.1232063340472744,1.1232063340472744,-0.5628814697265625,-1.0,-0.5628814697265625,0.18761604327467296,0.11109794910771621,0.30038604296914,0.7942580039615719,0.2057419960384281
2024-08-14,67.07296460600081,67.9321175064981,67.00383788073651,67.80374145507812,22928600,0.0,0.0,0.001849671927836804,1.1092829977411542,1.1092829977411542,1.1092829977411542,0.5233993530273438,1.0,0.5233993530273438,0.0,0.0,0.864634298920479,0.4323171494602395,0.5676828505397604
2024-08-15,73.19565179729727,73.51166077422185,71.87235902662985,72.26737213134766,49567500,0.0,0.0,0.004261895396809916,1.4377570206984809,1.4377570206984809,1.4377570206984809,4.987030029296875,1.0,4.987030029296875,0.0,0.0,2.0,1.0,0.0
2024-08-16,71.99798017912353,72.89919652544779,71.8197180202749,72.74073791503906,19872100,0.208,0.0,0.001719827839189784,1.4121656981609385,1.4121656981609385,1.4121656981609385,5.460395812988281,-1.0,0.47336578369140625,0.0,0.0,0.7072286108809801,0.35361430544049005,0.6463856945595099
2024-08-19,72.68131772633174,73.26562439158151,72.63179752300266,73.00813293457031,13709300,0.0,0.0,0.0011908307228069685,1.3565700674765038,1.3565700674765038,1.3565700674765038,5.727790832519531,1.0,0.26739501953125,0.0,0.0,0.22566942599865242,0.11283471299932621,0.8871652870006738
2024-08-20,73.03784851076861,74.02819221938921,73.00813940842566,73.82022094726562,14434000,0.0,0.0,0.00126772644532454,1.3325335830009606,1.3325335830009606,1.3325335830009606,6.539878845214844,1.0,1.0794830322265625,0.0,0.0,2.0,1.0,0.0
2024-08-21,74.57287637666823,74.85017137677298,73.8697257690457,74.5134506225586,14832000,0.0,0.0,0.0013149156689468684,1.31092050060856,1.31092050060856,1.31092050060856,7.2331085205078125,1.0,1.7727127075195312,0.0,0.0,2.0,1.0,0.0
2024-08-22,74.64221030116276,75.48400096785996,74.42433346974683,74.85018157958984,16511100,0.0,0.0,0.001470389437374096,1.2929738575731722,1.2929738575731722,1.2929738575731722,7.5698394775390625,1.0,2.1094436645507812,0.0,0.0,2.0,1.0,0.0
2024-08-23,74.86997654804635,75.07794780263522,74.28567743597131,74.96900939941406,12299100,0.0,0.0,0.0010970302755597635,1.2572093225082253,1.2572093225082253,1.2572093225082253,7.688667297363281,-1.0,0.11882781982421875,0.0,0.0,0.044565866458031886,0.022282933229015943,0.977717066770984
2024-08-26,75.16708781291415,75.4740919399254,74.84027258083734,75.29582977294922,9508200,0.0,0.0,0.0008517903983699317,1.2126814679782139,1.2126814679782139,1.2126814679782139,8.015487670898438,1.0,0.32682037353515625,0.0,0.0,0.33711986204750766,0.16855993102375383,0.8314400689762462
2024-08-27,75.7117613181024,75.7117613181024,75.0383274023815,75.39485168457031,11557800,0.0,0.0,0.0010367651123171188,1.1741637856741205,1.1741637856741205,1.1741637856741205,8.114509582519531,1.0,0.42584228515625,0.0,0.0,0.5723526050705644,0.2861763025352822,0.7138236974647179
2024-08-28,75.54341789493535,75.69197096435967,75.07795513674318,75.34535217285156,9814300,0.0,0.0,0.0008797905740076118,1.1341532172414321,1.1341532172414321,1.1341532172414321,-0.04949951171875,1.0,0.3763427734375,0.0,0.0,0.44702648923976734,0.5,0.5
2024-08-29,75.25621975462352,75.73158808108552,74.93931005555658,75.68206787109375,11856800,0.0,0.0,0.0010676379246800486,1.10973356069054,1.10973356069054,1.10973356069054,0.3367156982421875,1.0,0.7130584716796875,0.09901734682492247,0.08647604953829378,1.6047832564896296,0.8456296530139616,0.15437034698603835
2024-08-30,75.70186533945925,76.721918013449,75.48398854390379,76.48423767089844,23230000,0.0,0.0,0.002113901079232292,1.1188904113230163,1.1188904113230163,1.1188904113230163,1.138885498046875,1.0,1.515228271484375,0.0,0.0,2.0,1.0,0.0
2024-09-03,76.5832709165689,77.05863160414822,76.05839002766088,76.42481231689453,22666100,0.0,0.0,0.0020609843294366248,1.1104154945490394,1.1104154945490394,1.1104154945490394,-0.05942535400390625,1.0,1.4558029174804688,0.0,0.0,2.0,0.5,0.5
2024-09-04,76.58327548156048,76.73182853867971,75.98907080880592,76.494140625,18442800,0.0,0.0,0.0016784891368770939,1.0841542256436643,1.0841542256436643,1.0841542256436643,0.06932830810546875,-1.0,0.06932830810546875,0.0,0.0,0.015170060053300138,0.007585030026650069,0.9924149699733499
2024-09-05,76.50405086058203,76.70211657838503,75.65235467372808,76.21685028076172,13082900,0.0,0.0,0.0011863655510080718,1.0816976312874702,1.0816976312874702,1.0816976312874702,-0.27729034423828125,-1.0,-0.2079620361328125,0.40603535393279344,2.0,2.0,0.0,1.0
2024-09-06,76.157431968078,76.57337450830546,75.56322725979265,75.89994049072266,14548600,0.0,0.0,0.0013137905909217423,1.0765868896607087,1.0765868896607087,1.0765868896607087,-0.5942001342773438,-1.0,-0.524871826171875,0.0,0.0,2.0,0.0,1.0
2024-09-09,76.10791150014032,76.72192731150821,75.75138716524577,76.59317779541016,22260200,0.0,0.0,0.0020285357165981724,1.0690121222751179,1.0690121222751179,1.0690121222751179,0.6932373046875,1.0,0.6932373046875,0.019810733123179602,0.0008166524040748127,1.744445183781358,0.8726309180927164,0.12736908190728358
2024-09-10,76.60308737725806,78.13812320855864,76.53376361714454,78.04898834228516,17686300,0.0,0.0,0.001642357786567311,1.1072512272136164,1.1072512272136164,1.1072512272136164,2.1490478515625,1.0,2.1490478515625,0.0,0.0,2.0,1.0,0.0
2024-09-11,77.62313240383922,78.15791888040222,76.82095646685592,78.07868957519531,19518800,0.0,0.0,0.0018132143112329394,1.1236591690945226,1.1236591690945226,1.1236591690945226,2.1787490844726562,1.0,2.1787490844726562,0.0,0.0,2.0,1.0,0.0
2024-09-12,78.22724161011654,79.13836349663134,77.86081930084254,78.89077758789062,14877700,0.0,0.0,0.0013964504881694843,1.134650956715543,1.134650956715543,1.134650956715543,2.9908370971679688,1.0,2.9908370971679688,0.0,0.0,2.0,1.0,0.0
2024-09-13,79.04922661385903,79.9108282742472,78.92048466467456,79.82169342041016,12994100,0.0,0.0,0.0012340440151014508,1.1264652231184735,1.1264652231184735,1.1264652231184735,3.9217529296875,1.0,3.9217529296875,0.0,0.0,2.0,1.0,0.0
2024-09-16,80.05938427153269,80.23764644686516,79.36614667619705,79.78208923339844,15346400,0.0,0.0,0.0014567177998865571,1.1082534050863047,1.1082534050863047,1.1082534050863047,-0.03960418701171875,1.0,3.8821487426757812,0.0,0.0,2.0,0.5,0.5
2024-09-17,78.98981333273441,79.48498516834833,77.50429782589266,77.84101104736328,21065900,0.0,0.0,0.001950976304609266,1.1917918338305524,1.1917918338305524,1.1917918338305524,-1.980682373046875,-1.0,-1.9410781860351562,1.416186838781897,0.5112242361909612,0.2500009826261864,0.6193873905914262,0.38061260940857383
2024-09-18,77.88061993379927,78.64318873538073,77.52409563410025,78.26685333251953,15684900,0.0,0.0,0.001460572556306096,1.1865990672198332,1.1865990672198332,1.1865990672198332,0.42584228515625,-1.0,-1.5152359008789062,0.0,0.0,0.15234077510976754,0.5,0.5
2024-09-19,78.28666424716246,78.3262713419474,76.74172310027969,77.28641510009766,21525700,0.0,0.0,0.0019793561954351353,1.215024008251825,1.215024008251825,1.215024008251825,-0.980438232421875,-1.0,-2.4956741333007812,0.0,0.0,0.41326765239416363,0.7933661738029182,0.20663382619708182
2024-09-20,77.47459785200539,78.84126955924818,77.35575387739682,78.29657745361328,39534300,0.0,0.0,0.003682818704166931,1.2392976118874461,1.2392976118874461,1.2392976118874461,1.010162353515625,1.0,1.010162353515625,0.19808082386744275,0.038450545786003355,0.1638349689244062,0.10114275735520477,0.8988572426447953
2024-09-23,78.30647093429906,79.66324443460498,78.30647093429906,79.55430603027344,12147300,0.0,0.0,0.0011497593692613402,1.248395423966321,1.248395423966321,1.248395423966321,2.2678909301757812,1.0,2.2678909301757812,0.0,0.0,0.8257880099785789,0.41289400498928946,0.5871059950107105
2024-09-24,79.70286156985361,80.12870964849273,79.4651736498765,79.89102172851562,14651100,0.0,0.0,0.0013926170766657732,1.2066197507270287,1.2066197507270287,1.2066197507270287,2.6046066284179688,1.0,2.6046066284179688,0.0,0.0,1.0892022440006022,0.5446011220003011,0.4553988779996989
2024-09-25,80.10890572373114,80.81204888297357,79.90093444190364,80.61398315429688,14163800,0.0,0.0,0.0013584813302704027,1.1862202795649512,1.1862202795649512,1.1862202795649512,3.3275680541992188,1.0,3.3275680541992188,0.0,0.0,1.7777804951544294,0.8888902475772147,0.11110975242278531
2024-09-26,80.25744962258662,80.41590067626825,78.49463914944023,79.14826202392578,17061100,0.0,0.0,0.0016066153783416933,1.2528719742286436,1.2528719742286436,1.2528719742286436,-1.4657211303710938,-1.0,-1.4657211303710938,0.9705345004362727,0.43844917658203086,0.19402102971184185,0.6837648968530636,0.31623510314693637
2024-09-27,79.12845699193402,79.51469040046132,78.83135088273353,79.00961303710938,11899100,0.0,0.0,0.0011185555510649225,1.2121910844785826,1.2121910844785826,1.2121910844785826,-1.6043701171875,-1.0,-1.6043701171875,0.0,0.0,0.23246374819534182,0.8837681259023291,0.11623187409767091
2024-09-30,79.11856436075776,80.15842835705486,79.08885525613043,79.97026062011719,18997000,0.0,0.0,0.0018074947411535606,1.2076642441547898,1.2076642441547898,1.2076642441547898,0.9606475830078125,1.0,0.9606475830078125,0.0,0.0,0.3585246828320485,0.17926234141602426,0.8207376585839757
2024-10-01,79.90092275962063,80.7427133170035,79.66324240881512,80.48522186279297,16054200,0.0,0.0,0.0015373343208981759,1.1985075773000464,1.1985075773000464,1.1985075773000464,1.4756088256835938,1.0,1.4756088256835938,0.0,0.0,0.8459279209758115,0.42296396048790574,0.5770360395120943
2024-10-02,80.20793324863791,80.20793324863791,79.34633907495498,79.6533432006836,16618300,0.0,0.0,0.001574904093212548,1.1942486637670422,1.1942486637670422,1.1942486637670422,-0.831878662109375,-1.0,-0.831878662109375,0.0,0.0,0.3178172614761799,0.8410913692619101,0.15890863073808995
2024-10-04,79.27701905721365,80.32678099912017,79.07894577665944,80.1584243774414,11583400,0.0,0.0,0.0011047111413003598,1.1668169495790937,1.1668169495790937,1.1668169495790937,0.5050811767578125,1.0,0.5050811767578125,0.11884775048226004,0.055368092859715876,0.3686399494923836,0.21200402117604975,0.7879959788239502
2024-10-07,79.91082419912583,80.15841008889313,78.21733761980407,78.33617401123047,16791600,0.0,0.0,0.0015650129840451478,1.2221219358689681,1.2221219358689681,1.2221219358689681,-1.317169189453125,-1.0,-1.8222503662109375,0.8616044279424244,0.4278905722084057,2.0,0.0,1.0
2024-10-08,78.85116505560242,79.04923076563078,78.30647301944067,78.94029235839844,15270000,0.0,0.0,0.0014341721206521585,1.1878816366061924,1.1878816366061924,1.1878816366061924,-0.7130508422851562,-1.0,-1.2181320190429688,0.0,0.0,2.0,0.0,1.0
2024-10-09,79.04922560935802,79.72265955753878,78.97990185979774,79.62362670898438,12413000,0.0,0.0,0.0011759320269665633,1.1589163196443457,1.1589163196443457,1.1589163196443457,-0.02971649169921875,1.0,0.6833343505859375,0.0,0.0,0.31468626500836216,0.5,0.5
2024-10-10,79.534500387344,79.54440593997853,78.69270975075604,78.84126281738281,10812700,0.0,0.0,0.0010142645201395377,1.1426306509717736,1.1426306509717736,1.1426306509717736,-0.8120803833007812,-1.0,-0.7823638916015625,0.0,0.0,1.3108442423249778,0.3445778788375111,0.6554221211624889
2024-10-11,78.93039145741992,79.35623955922567,78.60358377218712,79.32653045654297,9570700,0.0,0.0,0.0009032868154874502,1.114775303547972,1.114775303547972,1.114775303547972,-0.326812744140625,-1.0,-0.29709625244140625,0.0,0.0,0.18902874093136185,0.9054856295343191,0.09451437046568092
2024-10-14,79.27701384854133,79.73257103030029,78.98981327739973,79.51469421386719,9914500,0.0,0.0,0.0009379543859864157,1.0882026213588711,1.0882026213588711,1.0882026213588711,-0.13864898681640625,1.0,0.18816375732421875,0.18816509032176043,1.8418094882525686,0.4011230380749014,0.1788386558073113,0.8211613441926887
2024-10-15,79.89101694764855,81.02991360661962,79.73256589953512,80.86155700683594,13276200,0.0,0.0,0.0012772602425925085,1.1187038193155538,1.1187038193155538,1.1187038193155538,1.2082138061523438,1.0,1.5350265502929688,0.0,0.0,2.0,1.0,0.0
2024-10-16,80.74271118545937,80.87146068702681,79.84150245309684,80.43570709228516,11123300,0.0,0.0,0.0010645009239923094,1.1123648489308697,1.1123648489308697,1.1123648489308697,0.7823638916015625,1.0,1.1091766357421875,0.0,0.0,2.0,1.0,0.0
2024-10-17,80.4852222014804,80.71300455726404,79.87121399633884,80.10889434814453,9424700,0.0,0.0,0.0008982801047703512,1.0930381140733223,1.0930381140733223,1.0930381140733223,0.4555511474609375,1.0,0.7823638916015625,0.0,0.0,2.0,1.0,0.0
2024-10-18,80.08910282023432,80.90118440352711,79.88113153672651,80.52484893798828,12324100,0.0,0.0,0.0011807246787575794,1.0878248821252705,1.0878248821252705,1.0878248821252705,0.8715057373046875,1.0,1.1983184814453125,0.0,0.0,2.0,1.0,0.0
2024-10-21,80.44561313606472,80.76252278261948,79.94053578958865,80.0296630859375,9750400,0.0,0.0,0.0009284038428663667,1.0688364614756678,1.0688364614756678,1.0688364614756678,0.37631988525390625,1.0,0.7031326293945312,0.0,0.0,2.0,1.0,0.0
2024-10-22,80.32677278907202,81.43596037963837,80.04947778036102,81.22798156738281,12240100,0.0,0.0,0.001182916625916953,1.0929408066346111,1.0929408066346111,1.0929408066346111,1.5746383666992188,1.0,1.9014511108398438,0.0,0.0,2.0,1.0,0.0
2024-10-23,81.0992478602948,82.53524325385477,81.01012055088572,82.4659194946289,13058200,0.0,0.0,0.0012812129804746233,1.1238109420870717,1.1238109420870717,1.1238109420870717,2.8125762939453125,1.0,3.1393890380859375,0.0,0.0,2.0,1.0,0.0
2024-10-24,82.158914609438,82.51543895528694,81.78258671358547,82.23814392089844,11645900,0.0,0.0,0.0011394882857098426,1.095885320630957,1.095885320630957,1.095885320630957,2.5848007202148438,1.0,2.9116134643554688,0.0,0.0,2.0,1.0,0.0
2024-10-25,82.39658112467872,82.49562152520198,81.64392545960973,81.71324920654297,8959400,0.0,0.0,0.0008710336130700824,1.0784432309853351,1.0784432309853351,1.0784432309853351,2.059906005859375,-1.0,-0.5248947143554688,0.0,0.0,0.032499521057613494,0.5,0.5
2024-10-28,81.950927734375,82.27774291514811,81.67363275276931,81.950927734375,7990200,0.0,0.0,0.0007790674020275966,1.0445622975134399,1.0445622975134399,1.0445622975134399,2.2975845336914062,-1.0,-0.2872161865234375,0.0,0.0,0.009730841197238924,0.5,0.5
2024-10-29,81.87169859009761,82.05986628041744,80.88135505068222,80.91106414794922,9682400,0.0,0.0,0.000932082687937607,1.0541300783864243,1.0541300783864243,1.0541300783864243,1.257720947265625,-1.0,-1.3270797729492188,0.0,0.0,0.20774310646702146,0.5,0.5
2024-10-30,80.81204383964918,81.03982621356282,80.51494526517551,80.60407257080078,9268800,0.0,0.0,0.0008888817811300619,1.016326569100773,1.016326569100773,1.016326569100773,0.9507293701171875,-1.0,-1.6340713500976562,0.0,0.0,0.3149739183479159,0.5,0.5
2024-10-31,80.50503799420365,81.64393472801571,80.43571423940061,81.15866088867188,15539000,0.0,0.0,0.001500449722679599,1.0300332776375105,1.0300332776375105,1.0300332776375105,1.5053176879882812,-1.0,-1.0794830322265625,0.0,0.0,0.13745615850863546,0.5,0.5
2024-11-01,81.73306026029466,81.73306026029466,80.75262216198058,81.39634704589844,12181800,0.0,0.0,0.001179722569619204,1.0264907648286943,1.0264907648286943,1.0264907648286943,1.7430038452148438,1.0,0.2376861572265625,0.6932340467318454,0.15818419096555236,0.0484815100113714,0.10333285048846189,0.8966671495115381
2024-11-04,81.40624556773037,82.1093962131033,81.20817985865678,81.6538314819336,11731000,0.0,0.0,0.0011396594900315753,1.0175425926585389,1.0175425926585389,1.0175425926585389,2.00048828125,1.0,0.49517059326171875,0.0,0.0,0.21041565579614369,0.10520782789807184,0.8947921721019282
2024-11-05,81.88161223428096,82.9610831721924,81.71325562931314,82.87195587158203,10612500,0.0,0.0,0.001046378482571084,1.0382360996299869,1.0382360996299869,1.0382360996299869,3.2186126708984375,1.0,1.7132949829101562,0.0,0.0,2.0,1.0,0.0
2024-11-06,84.31785854214726,84.71399751698266,81.26759825835404,82.63427734375,19974000,0.0,0.0,0.0019637617077971725,1.2102477538441747,1.2102477538441747,1.2102477538441747,2.9809341430664062,1.0,1.475616455078125,0.0,0.0,1.868595671460034,0.934297835730017,0.06570216426998299
2024-11-07,82.91157176598514,83.57510019954482,82.61446564805449,83.04031372070312,12665800,0.0,0.0,0.0012513682032721499,1.1924182393903286,1.1924182393903286,1.1924182393903286,3.3869705200195312,1.0,1.88165283203125,0.0,0.0,2.0,1.0,0.0
2024-11-08,83.46616457927195,84.5951557759358,83.41665192844584,84.01085662841797,14396500,0.0,0.0,0.0014389835954353237,1.2183056548076387,1.2183056548076387,1.2183056548076387,4.357513427734375,1.0,2.8521957397460938,0.0,0.0,2.0,1.0,0.0
2024-11-11,84.12969518672836,84.58525994260556,83.3077156493428,83.39684295654297,10433200,0.0,0.0,0.0010352152270781067,1.222536986125862,1.222536986125862,1.222536986125862,3.743499755859375,-1.0,-0.614013671875,0.0,0.0,0.04634441763194168,0.5,0.5
2024-11-12,83.68403762577975,84.70409036662221,83.68403762577975,84.16930389404297,12860200,0.0,0.0,0.0012878490634489607,1.2285877306939605,1.2285877306939605,1.2285877306939605,4.515960693359375,1.0,0.7724609375,0.10893459068641675,0.0005818771532403957,1.5826940543617023,0.7916379657574714,0.20836203424252864
2024-11-13,84.16930767582873,84.96158564614869,83.95143085620461,84.67438507080078,12802600,0.0,0.0,0.0012897743518935892,1.2129853777832549,1.2129853777832549,1.2129853777832549,5.0210418701171875,1.0,1.2775421142578125,0.0,0.0,2.0,1.0,0.0
2024-11-14,84.20892508591368,84.93187932417075,83.52558550304138,83.65433502197266,15740700,0.0,0.0,0.0015666644958502644,1.2267931237365486,1.2267931237365486,1.2267931237365486,4.0009918212890625,-1.0,-1.020050048828125,0.1584521227383675,0.0015684143102379347,0.6375180872057199,0.0024541502699830875,0.9975458497300169
2024-11-15,83.7137421387958,83.9613280353642,83.12944304964088,83.43644714355469,17370600,0.0,0.0,0.0017243845811801618,1.1985853995927467,1.1985853995927467,1.1985853995927467,3.7831039428710938,-1.0,-1.2379379272460938,0.0,0.0,0.938960421319886,0.5,0.5
2024-11-18,84.00094911818938,84.03065821913717,82.8521543991141,83.26809692382812,25093800,0.0,0.0,0.0024860426765357857,1.1971510010520554,1.1971510010520554,1.1971510010520554,3.6147537231445312,-1.0,-1.4062881469726562,0.0,0.0,1.2117085752502208,0.5,0.5
2024-11-19,85.39733349538184,87.43743893040914,85.08042383988516,85.76375579833984,36340900,0.0,0.0,0.00370819853913469,1.4094503585898386,1.4094503585898386,1.4094503585898386,6.11041259765625,1.0,2.4956588745117188,3.4761108950449398,0.32362806231626445,2.0,1.0,0.0
2024-11-20,85.76376411574653,86.35796883296376,85.08043209102199,86.33816528320312,18183200,0.0,0.0,0.0018678269590444838,1.400027957400691,1.400027957400691,1.400027957400691,6.684822082519531,1.0,3.070068359375,0.0,0.0,2.0,1.0,0.0
2024-11-21,86.60554312204016,87.78405440106901,86.09056778452177,87.53646850585938,18729200,0.0,0.0,0.001950615888740228,1.4209892901968737,1.4209892901968737,1.4209892901968737,7.883125305175781,1.0,4.26837158203125,0.0,0.0,2.0,1.0,0.0
2024-11-22,88.54662817146321,90.0321436263013,88.07125990139718,89.56668090820312,23990600,0.0,0.0,0.0025565312091578927,1.4977525637858065,1.4977525637858065,1.4977525637858065,9.913337707519531,1.0,6.298583984375,0.0,0.0,2.0,1.0,0.0
2024-11-25,89.62610110490681,90.0717527289958,88.20000381866605,88.63575744628906,25078600,0.0,0.0,0.002644695993095084,1.524466588538946,1.524466588538946,1.524466588538946,8.982414245605469,1.0,5.3676605224609375,0.0,0.0,2.0,1.0,0.0
2024-11-26,89.02198989552114,90.992771639024,88.9724696908426,90.42827606201172,16657000,0.0,0.0,0.00179210951433323,1.5839342745529452,1.5839342745529452,1.5839342745529452,10.774932861328125,1.0,7.160179138183594,0.0,0.0,2.0,1.0,0.0
2024-11-27,91.11162656487495,91.35921250662734,90.42828694780694,90.99278259277344,14358900,0.0,0.0,0.0015545032178418774,1.5372915724145653,1.5372915724145653,1.5372915724145653,11.339439392089844,1.0,7.7246856689453125,0.0,0.0,2.0,1.0,0.0
2024-11-29,91.369108272235,91.74543614332514,90.93335464359826,91.6067886352539,11041200,0.0,0.0,0.001203392897284056,1.4854908529368729,1.4854908529368729,1.4854908529368729,11.953445434570312,1.0,8.338691711425781,0.0,0.0,2.0,1.0,0.0
2024-12-02,91.92369978613831,92.09205639783517,91.06209806718915,91.74543762207033,17173000,0.0,0.0,0.0018745375946538831,1.4529528156303828,1.4529528156303828,1.4529528156303828,12.092094421386733,1.0,8.477340698242202,0.0,0.0,2.0,1.0,0.0
2024-12-03,91.8840861883219,92.68626215798538,91.36911079494205,92.60704040527344,17775200,0.0,0.0,0.001958492934978223,1.4432527118741654,1.4432527118741654,1.4432527118741654,12.953697204589844,1.0,9.338943481445312,0.0,0.0,2.0,1.0,0.0
2024-12-04,92.5476125717254,93.6072799921888,92.15148114987642,93.53795623779295,17312600,0.0,0.0,0.0019266981474777957,1.4441488640483233,1.4441488640483233,1.4441488640483233,13.88461303710936,1.0,10.26985931396483,0.0,0.0,2.0,1.0,0.0
2024-12-05,93.97370858848998,94.67685167513234,93.42901655728414,94.37975311279295,21932300,0.0,0.0,0.0024627851315287175,1.4301264536054572,1.4301264536054572,1.4301264536054572,14.72640991210936,1.0,11.11165618896483,0.0,0.0,2.0,1.0,0.0
2024-12-06,94.61743547685364,95.25125482346246,94.4094642120966,94.77588653564452,18803500,0.0,0.0,0.0021203134011758837,1.3902246862528893,1.3902246862528893,1.3902246862528893,15.122543334960923,1.0,11.507789611816392,0.0,0.0,2.0,1.0,0.0
2024-12-09,94.73628096039594,95.01357598452884,92.69616782221892,92.9239501953125,20931100,0.0,0.0,0.0023141058714950865,1.45645207739982,1.45645207739982,1.45645207739982,13.270606994628906,-1.0,-1.851936340332017,0.7328487350652182,0.0030496297064455525,0.02589812250895272,0.10534944764462068,0.8946505523553794
2024-12-10,93.14182918135594,94.32033306131964,92.86452659505332,93.63700103759766,13164500,0.0,0.0,0.0014666124690438835,1.456405962318856,1.456405962318856,1.456405962318856,13.983657836914062,-1.0,-1.1388854980468608,0.0,0.0,0.009794365326043445,0.5,0.5
2024-12-11,93.62708727575608,94.76598395639944,93.58747262404334,94.04302978515624,19682100,0.0,0.0,0.0022022243213720826,1.4365563458929447,1.4365563458929447,1.4365563458929447,14.389686584472642,1.0,0.40602874755857954,0.0,0.0,0.1271023092708191,0.06355115463540956,0.9364488453645905
2024-12-12,94.7560772769764,94.79569192821772,93.18142700195312,93.18142700195312,14298600,0.0,0.0,0.0015852084635505324,1.4492498159194913,1.4492498159194913,1.4492498159194913,13.528083801269531,1.0,-0.45557403564453125,0.0,0.0,1.2589380566129948,0.5,0.5
2024-12-13,93.1000528932507,93.97348347079472,92.34572201073466,93.54669189453124,11495900,0.208,0.0,0.0012794841777421602,1.4620006476438174,1.4620006476438174,1.4620006476438174,13.893348693847642,-1.0,0.3652648925781108,0.0,0.0,0.6428326620548471,0.32141633102742356,0.6785836689725764
2024-12-16,93.71542463937324,94.99579941090748,93.39781282125752,94.16207122802734,16742000,0.0,0.0,0.0018756286104833326,1.4717139292156851,1.4717139292156851,1.4717139292156851,14.50872802734375,1.0,0.615379333496108,0.0,0.0,1.8246009015270093,0.9123004507635046,0.08769954923649537
2024-12-17,94.43005264325208,94.777439384353,93.61617189018864,94.7079620361328,23560800,0.0,0.0,0.0026548502695295036,1.4495391838548763,1.4495391838548763,1.4495391838548763,15.054618835449205,1.0,1.1612701416015625,0.0,0.0,2.0,1.0,0.0
2024-12-18,94.62855721108474,95.18438356943958,92.43504941966108,92.85192108154295,24665600,0.0,0.0,0.002724871874335849,1.5423816814208489,1.5423816814208489,1.5423816814208489,13.19857788085936,1.0,-0.6947708129882812,0.9627634015964333,0.005320897177255907,0.3579452568566674,0.014647379388829655,0.9853526206111703
2024-12-19,93.77497610499276,93.86430087357208,92.66333102596508,92.70303344726562,16606500,0.0,0.0,0.0018316207865901755,1.5179951218627168,1.5179951218627168,1.5179951218627168,13.049690246582031,1.0,-0.8436584472656108,0.0,0.0,0.527796856511363,0.5,0.5
2024-12-20,92.31594753289684,93.0504234214808,90.94624045375642,91.55168914794922,49350600,0.0,0.0,0.0053755425888117455,1.5598656822814074,1.5598656822814074,1.5598656822814074,11.898345947265625,-1.0,-1.1513442993164062,0.0,0.0,0.9829782548420121,0.5,0.5
2024-12-23,90.81721659247674,90.81721659247674,88.24654710185452,89.67579650878906,26205400,0.0,0.0,0.0027959509247385077,1.6845282796966428,1.6845282796966428,1.6845282796966428,10.022453308105469,-1.0,-3.0272369384765625,0.0,0.0,2.0,0.5,0.5
2024-12-24,89.6956508718796,91.98841094970705,89.67579587371573,91.98841094970705,8992400,0.0,0.0,0.0009841748030185668,1.7293916222891195,1.7293916222891195,1.7293916222891195,12.335067749023452,1.0,2.312614440917983,0.0,0.0,0.5835977896985017,0.29179889484925087,0.7082011051507491
2024-12-26,91.8494531240936,92.1869123567551,91.48221139520066,92.09758758544922,10994000,0.0,0.0,0.001204668336024456,1.6561994322366422,1.6561994322366422,1.6561994322366422,12.444244384765625,1.0,2.4217910766601562,0.0,0.0,0.6400008064803214,0.3200004032401607,0.6799995967598393
2024-12-27,91.4425148990957,91.66087445083464,90.35072471286438,90.9760284423828,11384400,0.0,0.0,0.0012322551126392127,1.6626753922615136,1.6626753922615136,1.6626753922615136,11.322685241699205,-1.0,-1.1215591430664205,0.0,0.0,0.21447220210133713,0.5,0.5
2024-12-30,90.05296710864388,90.39042636027284,89.45743830994745,89.89415740966797,9790200,0.0,0.0,0.001047096091003867,1.6523835879882163,1.6523835879882163,1.6523835879882163,10.240814208984375,-1.0,-2.20343017578125,0.0,0.0,0.8277996457371446,0.5,0.5
2024-12-31,89.8941560553596,90.26139779936126,89.38795961307908,89.67579650878906,11267700,0.0,0.0,0.0012021925341599855,1.5967446307234998,1.5967446307234998,1.5967446307234998,10.022453308105469,-1.0,-2.4217910766601562,0.0,0.0,1.0,0.5,0.5
2025-01-02,89.30855223460692,89.9239208080987,88.85197819480932,89.32839965820312,14820400,0.0,0.0,0.0015751176107487305,1.5592587723353484,1.5592587723353484,1.5592587723353484,9.675056457519531,-1.0,-2.7691879272460938,0.0,0.0,1.3074693288634276,0.5,0.5
2025-01-03,89.4772962957111,90.61871643470076,89.46736879607788,90.10259246826172,10834600,0.0,0.0,0.0011614851926270416,1.5400486297755116,1.5400486297755116,1.5400486297755116,10.449249267578125,1.0,0.7741928100585938,0.3573186353394959,0.0011693409383564685,0.07816159411347019,0.03966546752591333,0.9603345324740866
2025-01-06,90.15221288651344,91.7799743213788,89.99340319898383,90.74773406982422,14519900,0.0,0.0,0.0015676998737168756,1.5576573792483304,1.5576573792483304,1.5576573792483304,11.094390869140625,1.0,1.4193344116210938,0.0,0.0,0.26270274181644104,0.13135137090822052,0.8686486290917794
2025-01-07,91.01572047220544,91.2539350153307,89.77504812349781,90.13236236572266,11238000,0.0,0.0,0.001205128313945964,1.5520309158615129,1.5520309158615129,1.5520309158615129,10.479019165039062,-1.0,-0.6153717041015625,0.0,0.0,0.18797737508105447,0.5,0.5
2025-01-08,90.43012145606724,91.1645973231468,90.14228457934868,91.11497497558594,13453600,0.0,0.0,0.0014584507888601018,1.514902633115986,1.514902633115986,1.514902633115986,11.461631774902344,-1.0,0.36724090576171875,0.0,0.0,0.3561451662287018,0.1780725831143509,0.8219274168856491
2025-01-10,91.79981861847216,92.88168875363615,91.51198174897831,92.30601501464844,18140900,0.0,0.0,0.0019922890127425483,1.532889143468431,1.532889143468431,1.532889143468431,12.652671813964844,1.0,1.1910400390625,0.0,0.0,2.0,1.0,0.0
2025-01-13,91.43259378953417,91.74027811438836,90.42020089410548,90.84699249267578,18617100,0.0,0.0,0.0020122692668372347,1.5580980704023262,1.5580980704023262,1.5580980704023262,11.193649291992188,-1.0,-1.4590225219726562,0.0,0.0,1.500621861229478,0.5,0.5
2025-01-14,91.17453357786512,91.29364085388278,89.89415875741284,90.11251831054688,13549200,0.0,0.0,0.0014526543486549316,1.5467683579785843,1.5467683579785843,1.5467683579785843,10.459175109863281,-1.0,-2.1934967041015625,0.0,0.0,2.0,0.5,0.5
2025-01-15,90.39042721467646,91.0455058704493,90.13236523763294,90.65840911865234,17348200,0.0,0.0,0.0018712250484649114,1.502926872401716,1.502926872401716,1.502926872401716,11.00506591796875,-1.0,-1.6476058959960938,0.0,0.0,1.9136122925992283,0.5,0.5
2025-01-16,90.81721028398896,91.03556981539148,89.44751082218582,90.61870574951172,13267700,0.0,0.0,0.0014304642433907234,1.5090077381734266,1.5090077381734266,1.5090077381734266,10.965362548828125,-1.0,-1.6873092651367188,0.0,0.0,2.0,0.5,0.5
2025-01-17,91.38295632805256,91.57154093609866,90.3705710885929,91.2539291381836,15868200,0.0,0.0,0.0017228312747112847,1.4870050316971648,1.4870050316971648,1.4870050316971648,11.6005859375,1.0,0.635223388671875,0.5260350656493529,0.002056219811598603,0.14173058444535214,0.07189340212847536,0.9281065978715246
2025-01-21,91.7899081578938,93.53676940656128,91.62117096012688,92.38542938232422,23247500,0.0,0.0,0.0025553079511764767,1.5438504057457734,1.5438504057457734,1.5438504057457734,12.732086181640625,1.0,1.7667236328125,0.0,0.0,1.096346550324505,0.5481732751622524,0.45182672483774755
2025-01-22,93.07026550217604,93.29855252641134,91.82959326113333,92.5343017578125,15567100,0.0,0.0,0.0017138546051611385,1.538501038569505,1.538501038569505,1.538501038569505,12.880958557128906,1.0,1.9155960083007812,0.0,0.0,1.288897746167583,0.6444488730837915,0.3555511269162085
2025-01-23,92.26631446369312,93.10997009277344,91.6310908672706,93.10997009277344,14198400,0.0,0.0,0.0015728927205541307,1.5342423376361716,1.5342423376361716,1.5342423376361716,13.456626892089844,-1.0,0.5756683349609375,0.0,0.0,0.11640062182132879,0.058200310910664396,0.9417996890893356
2025-01-24,92.84199712894096,94.3010290701028,92.76259227864814,94.05289459228516,14973800,0.0,0.0,0.001675589778694377,1.5345419414803492,1.5345419414803492,1.5345419414803492,14.399551391601562,1.0,0.9429244995117188,0.0,0.0,0.3122945874749078,0.1561472937374539,0.843852706262546
2025-01-27,95.1843880058274,96.73274473724268,94.1124452352491,96.6731948852539,18880600,0.0,0.0,0.002171627693429744,1.6163496703001476,1.6163496703001476,1.6163496703001476,17.019851684570312,1.0,3.5632247924804688,0.0,0.0,2.0,1.0,0.0
2025-01-28,96.50446077089622,97.1099019070565,96.00819183415338,96.5640106201172,14641600,0.0,0.0,0.001682160153994979,1.5795896990575027,1.5795896990575027,1.5795896990575027,16.910667419433608,1.0,3.454040527343764,0.0,0.0,2.0,1.0,0.0
2025-01-29,96.70296070438464,97.43743657544374,96.49452866958931,96.7724380493164,11261400,0.0,0.0,0.0012966046526056802,1.5341124281144258,1.5341124281144258,1.5341124281144258,17.119094848632812,1.0,3.6624679565429688,0.0,0.0,2.0,1.0,0.0
2025-01-30,96.9610286722492,98.19177353270308,96.69303920199184,97.9138641357422,11012200,0.0,0.0,0.0012828674583053288,1.5315854211570556,1.5315854211570556,1.5315854211570556,18.260520935058608,1.0,4.803894042968764,0.0,0.0,2.0,1.0,0.0
2025-01-31,98.26124892624205,98.26124892624205,96.97094666893246,97.42752075195312,16391200,0.0,0.0,0.001900010097102883,1.5143509094536654,1.5143509094536654,1.5143509094536654,17.77417755126953,1.0,4.3175506591796875,0.0,0.0,2.0,1.0,0.0
2025-02-03,96.047884242543,99.04535278481453,95.75012743154794,98.7972183227539,20484200,0.0,0.0,0.002407837826339859,1.6415562268688741,1.6415562268688741,1.6415562268688741,19.143875122070312,1.0,5.687248229980469,0.9429117704438994,0.0024259531465231784,2.0,1.0,0.0
2025-02-04,99.22401772037188,100.19670064772878,98.94610831255564,100.0180435180664,15201200,0.0,0.0,0.001808921565082322,1.6242652338764452,1.6242652338764452,1.6242652338764452,20.364700317382812,1.0,6.908073425292969,0.0,0.0,2.0,1.0,0.0
2025-02-05,99.89893586022356,101.81453420869845,99.78975609120717,101.69542694091795,15926700,0.0,0.0,0.0019270400105458484,1.6528732969917905,1.6528732969917905,1.6528732969917905,22.04208374023436,1.0,8.585456848144517,0.0,0.0,2.0,1.0,0.0
2025-02-06,101.76490771227552,102.2512491536039,101.17931399735448,102.08251953125,13088500,0.0,0.0,0.0015896619023631957,1.611377715510192,1.611377715510192,1.611377715510192,22.429176330566406,1.0,8.972549438476562,0.0,0.0,2.0,1.0,0.0
2025-02-07,102.23139610073456,102.34057586741584,100.3555002149744,100.39520263671876,12451100,0.0,0.0,0.0014872507276546812,1.6380704252909954,1.6380704252909954,1.6380704252909954,20.74185943603517,1.0,7.285232543945327,0.0,0.0,2.0,1.0,0.0
2025-02-10,101.18923743779249,102.16192792668905,100.49446392605448,102.1520004272461,15274600,0.0,0.0,0.0018564370622233032,1.6472600584823731,1.6472600584823731,1.6472600584823731,22.4986572265625,1.0,9.042030334472656,0.684850071300005,0.0009265690987571401,2.0,1.0,0.0
2025-02-11,101.85423497238816,102.08251443300423,101.08997660172083,101.70535278320312,11953600,0.0,0.0,0.0014464586999156138,1.6054574704140079,1.6054574704140079,1.6054574704140079,22.05200958251953,1.0,8.595382690429688,0.0,0.0,2.0,1.0,0.0
2025-02-12,101.35797366796832,103.12468992872584,101.2785688181119,102.83685302734376,15162100,0.0,0.0,0.0018551184428669337,1.6226477304282885,1.6226477304282885,1.6226477304282885,23.18350982666017,1.0,9.726882934570327,0.0,0.0,2.0,1.0,0.0
2025-02-13,103.22393786557365,104.45468269675816,102.75744385785627,104.26610565185548,12604400,0.0,0.0,0.0015636114364253834,1.627975666747831,1.627975666747831,1.627975666747831,24.61276245117189,1.0,11.156135559082045,0.0,0.0,2.0,1.0,0.0
2025-02-14,104.5142411994089,104.5142411994089,102.826922269514,103.26364135742188,14109500,0.0,0.0,0.0017334948971804635,1.632214471258336,1.632214471258336,1.632214471258336,23.61029815673828,1.0,10.153671264648438,0.0,0.0,2.0,1.0,0.0
2025-02-18,102.9460272394598,103.21400912766411,101.7450573470204,103.00557708740234,18247300,0.0,0.0,0.0022362629067634774,1.6240980097685598,1.6240980097685598,1.6240980097685598,23.35223388671875,-1.0,-0.25806427001953125,1.0123865108358672,0.0018794718976527743,0.0006459658527874811,0.7442162838205492,0.25578371617945084
2025-02-19,103.07505579399786,103.42244253235046,101.78476111262214,103.22393798828124,18508000,0.0,0.0,0.002273020865980361,1.6250682533371144,1.6250682533371144,1.6250682533371144,23.570594787597642,1.0,0.21836090087889204,0.0,0.0,0.7159686342631493,0.35798431713157464,0.6420156828684254
2025-02-20,98.04288800976896,99.37289267185363,95.9585600307926,96.48460388183594,55450900,0.0,0.0,0.006365464873020508,2.0279475179193662,2.0279475179193662,2.0279475179193662,16.831260681152344,-1.0,-6.739334106445298,5.786497316227809,0.11819475897029938,2.0,0.05579975989920607,0.944200240100794
2025-02-21,95.8096799299398,96.12729174726596,93.41766758717826,94.07273864746094,35014800,0.0,0.0,0.003919033228466363,2.102161001972103,2.102161001972103,2.102161001972103,14.419395446777344,-1.0,-9.151199340820298,0.0,0.0,2.0,0.5,0.5
2025-02-24,93.47721233947205,93.93377882870416,91.43258685020156,92.97101593017578,29755900,0.0,0.0,0.0032914266068107337,2.140588915921194,2.140588915921194,2.140588915921194,13.317672729492188,-1.0,-10.252922058105455,0.0,0.0,2.0,0.5,0.5
2025-02-25,93.645941188592,97.17938095390237,93.53676142331074,96.96102142333984,29331200,0.0,0.0,0.0033836896378436577,2.288287209335865,2.288287209335865,2.288287209335865,17.30767822265625,1.0,3.9900054931640625,1.0520892066364098,0.0036951111417574795,0.1514438617321289,0.07756948643694318,0.9224305135630568
2025-02-26,96.9709386365992,97.99325891676696,95.35310477194967,95.4821319580078,19069700,0.0,0.0,0.002166354256113798,2.3134205618702524,2.3134205618702524,2.3134205618702524,15.828788757324205,1.0,2.511116027832017,0.0,0.0,0.05998439021205006,0.02999219510602503,0.970007804893975
2025-02-27,95.1843832950982,97.30841373216349,95.09505094907276,96.06774139404295,16431500,0.0,0.0,0.0018780982143817469,2.306273577671715,2.306273577671715,2.306273577671715,16.41439819335936,-1.0,0.5856094360351562,0.0,0.0,0.0032622768940828526,0.0016311384470414263,0.9983688615529586
2025-02-28,97.06027244349508,98.12228758739316,96.44489628094703,97.87415313720705,25451300,0.0,0.0,0.0029637495137602903,2.2882930502201786,2.2882930502201786,2.2882930502201786,18.22080993652345,1.0,1.806411743164091,0.0,0.0,0.031041177263667574,0.015520588631833787,0.9844794113681662
2025-03-03,97.24886737996148,98.74759416612837,96.10744727335522,96.8617706298828,18372200,0.0,0.0,0.002117274058738519,2.3134254675453905,2.3134254675453905,2.3134254675453905,17.208427429199205,1.0,0.7940292358398438,0.0,0.0,0.00599760244264418,0.00299880122132209,0.9970011987786779
2025-03-04,95.04542784162368,96.32580259305652,93.75512559127536,94.26132202148438,25227700,0.0,0.0,0.0028292719417476954,2.370084008335537,2.370084008335537,2.370084008335537,14.607978820800781,-1.0,-2.6004486083984233,2.6897706896716755,0.0339039463786369,2.0,0.016669394067995603,0.9833306059320044
2025-03-05,94.26132096564426,95.67072289733974,94.04296142672692,95.26378631591795,17639000,0.0,0.0,0.001999241726062101,2.317060969926772,2.317060969926772,2.317060969926772,15.61044311523436,-1.0,-1.5979843139648438,0.0,0.0,2.0,0.5,0.5
2025-03-06,94.09259418066104,95.47222122993604,93.47721796813931,93.93378448486328,19957800,0.0,0.0,0.002230478258909658,2.2940568479174828,2.2940568479174828,2.2940568479174828,14.280441284179688,-1.0,-2.927986145019517,0.0,0.0,2.0,0.5,0.5
2025-03-07,93.23901117919098,93.24893110585042,90.08274040743903,91.03557586669922,35913200,0.0,0.0,0.0038898132935322703,2.4052702214536805,2.4052702214536805,2.4052702214536805,11.382232666015625,-1.0,-5.8261947631835795,0.0,0.0,2.0,0.5,0.5
2025-03-10,89.09020648329222,89.55670052076216,85.96371049750432,87.16468048095703,35148800,0.0,0.0,0.003645142856296634,2.595741303435196,2.595741303435196,2.595741303435196,7.5113372802734375,-1.0,-9.697090148925767,0.0,0.0,2.0,0.5,0.5
2025-03-11,86.63863153799146,88.68325712598842,86.48974934307276,86.78751373291016,28687600,0.0,0.0,0.0029622040545765555,2.5670103376838007,2.5670103376838007,2.5670103376838007,7.1341705322265625,-1.0,-10.074256896972642,0.0,0.0,2.0,0.5,0.5
2025-03-12,87.22422606119592,88.43512348490295,84.24661242485263,84.56422424316406,33301600,0.0,0.0,0.003350543629316491,2.6828318178528376,2.6828318178528376,2.6828318178528376,4.910881042480469,-1.0,-12.297546386718736,0.0,0.0,2.0,0.5,0.5
2025-03-13,84.30616486482542,84.81235370091741,83.2441497001874,83.86944580078125,31507800,0.0,0.0,0.0031440204458474557,2.603215545201207,2.603215545201207,2.603215545201207,4.216102600097656,-1.0,-12.992324829101548,0.0,0.0,2.0,0.5,0.5
2025-03-14,84.32600749660016,84.7329516145055,83.43272199476348,84.71309661865234,35500600,0.0,0.0,0.0035780776301150823,2.5101451219541215,2.5101451219541215,2.5101451219541215,5.05975341796875,-1.0,-12.148674011230455,0.0,0.0,2.0,0.5,0.5
2025-03-17,84.49474282453092,87.33340162690689,84.34586820785533,86.80735778808594,26297800,0.0,0.0,0.0027160606525664134,2.54424428603251,2.54424428603251,2.54424428603251,7.154014587402344,1.0,2.0942611694335938,2.5210479259894782,0.12418311828922746,0.029716928776938472,0.07695002353308296,0.923049976466917
2025-03-18,86.78751804120759,87.02572502142476,84.86199205558842,84.9513168334961,17850900,0.0,0.0,0.001804237647678307,2.5170649060184984,2.5170649060184984,2.5170649060184984,5.2979736328125,1.0,0.23822021484375,0.0,0.0,0.0003845027644864285,0.00019225138224321424,0.9998077486177568
2025-03-19,85.30862939699244,86.14236516990103,84.9810976453679,85.68579864501953,24555900,0.0,0.0,0.0025033882726319396,2.4223494367603866,2.4223494367603866,2.4223494367603866,6.0324554443359375,1.0,0.9727020263671875,0.0,0.0,0.006410647304260385,0.0032053236521301927,0.9967946763478698
2025-03-20,85.16967010498047,86.43019740943068,84.88183322107028,85.16967010498047,18185500,0.0,0.0,0.001842780973661814,2.35992191901753,2.35992191901753,2.35992191901753,5.516326904296875,1.0,0.456573486328125,0.0,0.0,0.0014124192195539107,0.0007062096097769553,0.999293790390223
2025-03-21,84.87606494234424,85.82156976623261,84.37843322237904,85.57275390625,26797200,0.235,0.0,0.002728276829037992,2.2944372493629617,2.2944372493629617,2.2944372493629617,5.919410705566406,-1.0,0.40308380126953125,0.6026644229888518,0.010365593225886035,0.0011008621339524175,0.005733227679919226,0.9942667723200808
2025-03-24,86.06043426264424,87.23484547184827,85.94099991156565,87.07559967041016,17900700,0.0,0.0,0.0018545134890284435,2.249269700522627,2.249269700522627,2.249269700522627,7.4222564697265625,1.0,1.5028457641601562,0.0,0.0,0.015302805762797779,0.0076514028813988895,0.9923485971186011
2025-03-25,86.34906275198357,86.89645311700892,84.21919948508545,84.35853576660156,27908600,0.0,0.0,0.002801112763778005,2.2926361637227752,2.2926361637227752,2.2926361637227752,4.705192565917969,-1.0,-2.7170639038085938,0.15923373729359014,0.0011452897457145956,2.0,0.0005723171383823548,0.9994276828616177
2025-03-26,84.78650218428908,85.15474482911317,84.1694360647817,84.80640411376953,27228800,0.0,0.0,0.0027473921897930146,2.1992556351948247,2.1992556351948247,2.1992556351948247,5.1530609130859375,-1.0,-2.269195556640625,0.0,0.0,2.0,0.5,0.5
2025-03-27,84.37843855201822,85.70214083311716,84.37843855201822,85.22441101074219,16782800,0.0,0.0,0.0017017350185566296,2.136716109902261,2.136716109902261,2.136716109902261,5.571067810058594,1.0,0.41800689697265625,0.0,0.0,0.03393306164764628,0.01696653082382314,0.9830334691761768
2025-03-28,85.02536140883578,85.42346832889251,84.29881571023788,84.74668884277344,14790600,0.0,0.0,0.0014913241103000814,2.0644258605274306,2.0644258605274306,2.0644258605274306,5.093345642089844,-1.0,-0.47772216796875,0.0,0.0,1.3061224489795917,0.5,0.5
2025-03-31,84.35853646199381,87.7822377416581,83.9703843041053,87.37418365478516,30269300,0.0,0.0,0.0031466541866558336,2.189242116029243,2.189242116029243,2.189242116029243,7.7208404541015625,-1.0,2.1497726440429688,2.0800969085409378,0.07258351247048732,2.0,1.0,0.0
2025-04-01,87.12536519222678,88.68792853849907,86.95617222448097,88.40925598144531,22080300,0.0,0.0,0.0023225561046482756,2.1565645587427325,2.1565645587427325,2.1565645587427325,8.755912780761719,1.0,1.0350723266601562,0.0,0.0,2.0,1.0,0.0
2025-04-02,87.78223040159475,89.72299862201453,87.7026150990563,89.33484649658203,19384100,0.0,0.0,0.00206029802115574,2.1468373419009823,2.1468373419009823,2.1468373419009823,9.681503295898438,1.0,1.960662841796875,0.0,0.0,2.0,1.0,0.0
2025-04-03,85.87133337738746,89.45428045090453,85.87133337738746,86.84669494628906,33012900,0.0,0.0,0.003411147352505768,2.249416608444989,2.249416608444989,2.249416608444989,7.193351745605469,-1.0,-2.4881515502929688,1.0848388470935078,0.02274405319667231,1.6104521365330744,0.01392609984011528,0.9860739001598847
2025-04-04,85.23435946620127,86.97607046723942,82.25852393911099,82.79596710205078,36209000,0.0,0.0,0.003566885944715535,2.4257116027080925,2.4257116027080925,2.4257116027080925,3.1426239013671875,-1.0,-6.53887939453125,0.0,0.0,2.0,0.5,0.5
2025-04-07,79.85993785440803,85.85142813209005,79.43197426314502,83.43293762207031,36884900,0.0,0.0,0.003661420879179172,2.7109789074393023,2.7109789074393023,2.7109789074393023,3.7795944213867188,-1.0,-5.901908874511719,0.0,0.0,2.0,0.5,0.5
2025-04-08,85.44337055802592,86.55806841944828,80.6462007579754,81.40260314941406,34351700,0.0,0.0,0.0033269788186507964,2.939613818441701,2.939613818441701,2.939613818441701,1.7492599487304688,1.0,-2.03033447265625,0.0,0.0,1.0723321835378616,0.5,0.5
2025-04-09,82.93530713142725,90.36992649897742,82.62677029099528,89.17560577392578,46632800,0.0,0.0,0.004947673919204822,3.3701644992361053,3.3701644992361053,3.3701644992361053,9.522262573242188,1.0,5.742668151855469,4.518498366887371,0.22516866536063815,2.0,1.0,0.0
2025-04-10,88.30972420505678,91.43485065172712,87.74242437475694,90.18081665039062,34735300,0.0,0.0,0.0037269084640609625,3.393183197645682,3.393183197645682,3.393183197645682,10.527473449707031,1.0,6.7478790283203125,0.0,0.0,2.0,1.0,0.0
2025-04-11,90.25048950739748,92.90784108349152,89.5836648215475,92.3604507446289,25508100,0.0,0.0,0.0028030294644221005,3.388254130809849,3.388254130809849,3.388254130809849,12.707107543945312,1.0,8.927513122558594,0.0,0.0,2.0,1.0,0.0
2025-04-14,92.82821969951182,94.98794718152712,92.45997707849548,94.28131103515624,27742900,0.0,0.0,0.0031120099563279346,3.3339142955304464,3.3339142955304464,3.3339142955304464,14.627967834472642,1.0,10.848373413085923,0.0,0.0,2.0,1.0,0.0
2025-04-15,94.37088240835584,95.5751503020755,93.4253851442828,93.52490997314452,21871200,0.0,0.0,0.0024336796975557174,3.2493322142634646,3.2493322142634646,3.2493322142634646,13.871566772460923,1.0,10.091972351074205,0.0,0.0,2.0,1.0,0.0
2025-04-16,93.5547674887906,93.85334957127068,90.1808248857512,90.7580795288086,22229100,0.0,0.0,0.0024003285202938407,3.2795602479246084,3.2795602479246084,3.2795602479246084,11.104736328125,-1.0,-2.7668304443359233,2.2791521927442773,0.04212405305287136,0.07516453713443433,0.3591487712965153,0.6408512287034847
2025-04-17,91.39504208908482,93.4253803861417,91.18603768114244,92.77845764160156,21393900,0.0,0.0,0.0023615688859255834,3.2358274343109295,3.2358274343109295,3.2358274343109295,13.125114440917969,-1.0,-0.7464523315429545,0.0,0.0,0.005470815311827397,0.5,0.5
2025-04-21,92.57940137797948,93.6343857824411,90.90735850353384,91.97229766845705,18361200,0.0,0.0,0.0020091927656053017,3.19948456606781,3.19948456606781,3.19948456606781,12.318954467773452,-1.0,-1.5526123046874716,0.0,0.0,0.02366867483960884,0.5,0.5
2025-04-22,92.4400712647182,94.83865994755136,92.4400712647182,94.40074157714844,15407800,0.0,0.0,0.0017305316506706035,3.175690116998275,3.175690116998275,3.175690116998275,14.747398376464844,1.0,2.428443908691392,1.4132795614096665,0.009183861642426048,2.0,1.0,0.0
2025-04-23,94.56992913609278,96.14244720046426,93.71400955979402,94.51021575927734,18046900,0.0,0.0,0.0020292935491061396,3.1223149401177013,3.1223149401177013,3.1223149401177013,14.85687255859375,1.0,2.5379180908202983,0.0,0.0,2.0,1.0,0.0
2025-04-24,94.26140237524412,95.76425234173765,93.21638028722496,95.38604736328124,13444500,0.0,0.0,0.0015257838599086586,3.0812833054316284,3.0812833054316284,3.0812833054316284,15.732704162597642,-1.0,0.875831604003892,0.0,0.0,0.3182109920715147,0.15910549603575735,0.8408945039642426
2025-04-25,95.34623874251768,96.01306341202,93.91305698683496,94.63959503173828,15317200,0.0,0.0,0.0017247087418434573,3.0111920996997297,3.0111920996997297,3.0111920996997297,14.986251831054688,1.0,-0.7464523315429545,0.0,0.0,0.7263784193627,0.5,0.5
2025-04-28,94.64955521208964,95.5452938606851,93.89315284291372,94.76898956298828,12950000,0.0,0.0,0.001460156906120708,2.9141170224191337,2.9141170224191337,2.9141170224191337,15.115646362304688,-1.0,0.12939453125,0.0,0.0,0.030048838217708613,0.015024419108854306,0.9849755808911457
2025-04-29,94.39078515947328,95.72444217626844,93.97277631865629,95.5851058959961,12679000,0.0,0.0,0.0014419119323215348,2.8310847963614925,2.8310847963614925,2.8310847963614925,15.9317626953125,1.0,0.8161163330078125,0.0,0.0,1.1953634740494512,0.5976817370247256,0.4023182629752744
2025-04-30,95.48557502433545,97.31685607390033,94.48035684318442,96.78936767578124,21639900,0.0,0.0,0.002491990661180329,2.8314715416725216,2.8314715416725216,2.8314715416725216,17.136024475097642,1.0,2.0203781127929545,0.0,0.0,2.0,1.0,0.0
2025-05-01,96.5604638965101,97.43630065857664,96.13250027684344,96.94862365722656,13171800,0.0,0.0,0.0015193236005193729,2.722352173105427,2.722352173105427,2.722352173105427,17.29528045654297,1.0,2.1796340942382812,0.0,0.0,2.0,1.0,0.0
2025-05-02,97.48605092009294,98.75003974123894,97.38652609473483,98.28226470947266,16031400,0.0,0.0,0.00187460648024946,2.656571023884495,2.656571023884495,2.656571023884495,18.628921508789062,1.0,3.513275146484375,0.0,0.0,2.0,1.0,0.0
2025-05-05,98.4713754212795,99.2675816839334,98.06331373197864,98.85952758789062,12439100,0.0,0.0,0.0014630898528634989,2.552835090175228,2.552835090175228,2.552835090175228,19.20618438720703,1.0,4.090538024902344,0.0,0.0,2.0,1.0,0.0
2025-05-06,98.27230869394062,98.99885433696532,97.94387753377896,98.08321380615234,10626000,0.0,0.0,0.0012400180515150132,2.4458452125331664,2.4458452125331664,2.4458452125331664,18.42987060546875,-1.0,-0.7763137817382812,0.0,0.0,0.03601751320479622,0.5,0.5
2025-05-07,98.08322013746012,98.75999961549896,97.84435143232322,98.36189270019533,11301300,0.0,0.0,0.0013225703703180684,2.3365454247219213,2.3365454247219213,2.3365454247219213,18.708549499511733,-1.0,-0.4976348876952983,0.0,0.0,0.014799967830306885,0.5,0.5
2025-05-08,98.28226860746518,98.85952324799725,96.89885297832453,96.96852111816406,14461100,0.0,0.0,0.001668382438532432,2.309697199361264,2.309697199361264,2.309697199361264,17.31517791748047,-1.0,-1.8910064697265625,0.0,0.0,0.21371015590230558,0.5,0.5
2025-05-09,96.52455778382814,96.97350617073408,96.06563056719054,96.49462890625,13697800,0.235,0.0,0.0015725970962416032,2.209567085374284,2.209567085374284,2.209567085374284,16.841285705566406,-1.0,-2.364898681640625,0.0,0.0,0.334244454135379,0.5,0.5
2025-05-12,97.44240576409294,97.7417097432871,95.39718727832084,96.52455139160156,26783900,0.0,0.0,0.003075920560093612,2.2192067553451396,2.2192067553451396,2.2192067553451396,16.87120819091797,-1.0,-2.3349761962890625,0.0,0.0,0.32583973720819576,0.5,0.5
2025-05-13,96.275136082605,97.09322501739148,95.00809878068095,95.65657806396484,19746700,0.0,0.0,0.0022473611930257757,2.209629575442667,2.209629575442667,2.209629575442667,16.00323486328125,-1.0,-3.2029495239257812,0.11971884665739196,5.596409570704728e-05,0.6131113004890836,9.127052101345243e-05,0.9999087294789866
2025-05-14,95.80623121968202,97.10320502522426,95.60670030111396,96.6043701171875,25620100,0.0,0.0,0.0029447003095927553,2.1586920860617833,2.1586920860617833,2.1586920860617833,16.951026916503906,1.0,0.9477920532226562,0.0,0.0,0.0875640694859879,0.04378203474299395,0.9562179652570061
2025-05-15,94.08026966091006,96.49462886499536,91.67588167493528,96.12548828125,44026100,0.0,0.0,0.005035148491780763,2.3565346829325287,2.3565346829325287,2.3565346829325287,16.472145080566406,-1.0,-0.4788818359375,3.33221710574567,0.04092288672329107,0.2552881187302833,0.1381545113782242,0.8618454886217758
2025-05-16,95.91597284754916,98.95886874680627,95.7762996861029,98.01107788085938,33746200,0.0,0.0,0.003935170462828532,2.415537138487589,2.415537138487589,2.415537138487589,18.35773468017578,1.0,1.885589599609375,1.8556637215820189,0.010217870096227112,2.0,1.0,0.0
2025-05-19,96.42478920441272,98.05098826373208,95.58674260123028,97.89136505126952,20041600,0.0,0.0,0.0023342119221641425,2.419016318774318,2.419016318774318,2.419016318774318,18.238021850585923,-1.0,-0.11971282958985796,0.0,0.0,0.004030760965014933,0.5,0.5
2025-05-20,98.33033663235132,98.5897329210482,96.29508925285688,97.57211303710938,15609600,0.0,0.0,0.0018120951285179744,2.410132558018389,2.410132558018389,2.410132558018389,17.91876983642578,1.0,-0.31925201416014204,0.0,0.0,0.02866638594767853,0.5,0.5
2025-05-21,96.90366519467474,97.53220204180128,95.75635101087948,96.2052993774414,15742300,0.0,0.0,0.001801900011960935,2.3676775200334967,2.3676775200334967,2.3676775200334967,16.551956176757812,-1.0,-1.3668136596679688,0.0,0.0,0.5254413811318768,0.5,0.5
2025-05-22,96.3150458773534,96.73406537731974,95.59672238505874,95.70646667480467,13712200,0.0,0.0,0.0015613919301712762,2.279796482335461,2.279796482335461,2.279796482335461,16.05312347412108,-1.0,-1.8656463623047017,0.0,0.0,0.9789585486646705,0.5,0.5
2025-05-23,95.11783919007692,96.31504756879848,94.77863509699009,96.11550903320312,13668600,0.0,0.0,0.0015630793048731135,2.2266976244406704,2.2266976244406704,2.2266976244406704,16.46216583251953,-1.0,-1.45660400390625,0.0,0.0,0.5967448101483733,0.5,0.5
2025-05-27,97.07327665374429,97.57211156437684,96.35495316457472,97.35262298583984,17180900,0.0,0.0,0.001990018325163901,2.1716908320644595,2.1716908320644595,2.1716908320644595,17.69927978515625,1.0,1.2371139526367188,0.8380461870571025,0.002241943790712764,0.7213340136487327,0.36178797871972274,0.6382120212802773
2025-05-28,97.29275881109947,98.01108230905815,96.83383160109626,97.01341247558594,11220100,0.0,0.0,0.0012950663442398902,2.1006593946285617,2.1006593946285617,2.1006593946285617,17.360069274902344,1.0,0.8979034423828125,0.0,0.0,0.37999359316488374,0.18999679658244187,0.8100032034175582
2025-05-29,97.40250495383847,97.54217812425117,96.62432368679156,96.87374114990234,14338000,0.0,0.0,0.001652563500197189,2.016173326259351,2.016173326259351,2.016173326259351,17.22039794921875,-1.0,-0.13967132568359375,0.0,0.0,0.024196649712361316,0.5,0.5
2025-05-30,96.73406630503328,98.69947709818383,96.37490455544145,98.4899673461914,29980100,0.0,0.0,0.003513084361816733,2.038201841722425,2.038201841722425,2.038201841722425,18.836624145507812,-1.0,1.4765548706054688,0.688394789125681,0.0013355772231914834,2.0,1.0,0.0
2025-06-02,98.60968050385614,99.67719450919152,97.82152805108348,99.53751373291016,16999200,0.0,0.0,0.002013162261045499,2.025163600035684,2.025163600035684,2.025163600035684,19.884170532226562,1.0,1.04754638671875,0.0,0.0,2.0,1.0,0.0
2025-06-03,99.33798388487862,100.65490774562367,98.34031406275004,99.74703216552734,15598600,0.0,0.0,0.0018511819732781162,2.045837177381252,2.045837177381252,2.045837177381252,20.09368896484375,1.0,1.2570648193359375,0.0,0.0,2.0,1.0,0.0
2025-06-04,99.55746926983652,99.8966733449027,99.08856325061976,99.11849212646484,11115600,0.0,0.0,0.0013108442849924403,1.9574281000170868,1.9574281000170868,1.9574281000170868,19.46514892578125,1.0,0.6285247802734375,0.0,0.0,2.0,1.0,0.0
2025-06-05,99.06861675420772,99.35793430548928,97.38255231275866,97.7317352294922,15817100,0.0,0.0,0.0018391873806542843,1.9587105209251963,1.9587105209251963,1.9587105209251963,18.078392028808608,-1.0,-1.386756896972642,0.9577617499913771,0.002806696013328829,2.0,0.001401381380896956,0.998598618619103
2025-06-06,98.14078616478844,98.33033826092998,96.7440468484786,97.24288177490234,15599300,0.0,0.0,0.0018047890162880646,1.932109156034209,1.932109156034209,1.932109156034209,17.58953857421875,-1.0,-1.8756103515625,0.0,0.0,2.0,0.5,0.5
2025-06-09,97.17304435356554,97.62199273883728,96.5445074802449,97.2229232788086,13655700,0.0,0.0,0.0015795964563783372,1.871064591931221,1.871064591931221,1.871064591931221,17.569580078125,-1.0,-1.89556884765625,0.0,0.0,2.0,0.5,0.5
2025-06-10,97.06329469596264,97.86142596028128,96.25518460250036,97.09322357177734,17162500,0.0,0.0,0.0019825903081115977,1.8521486466347707,1.8521486466347707,1.8521486466347707,17.43988037109375,-1.0,-2.0252685546875,0.0,0.0,2.0,0.5,0.5
2025-06-11,97.0633005412102,97.0633005412102,95.12781859806176,95.57677459716795,16389600,0.0,0.0,0.0018637353091352346,1.8602383842834,1.8602383842834,1.8602383842834,15.92343139648436,-1.0,-3.541717529296889,0.0,0.0,2.0,0.5,0.5
2025-06-12,94.66888943124746,95.03803000802834,93.21229239481896,94.6090316772461,17845700,0.0,0.0,0.0020087675944496608,1.896255799859514,1.896255799859514,1.896255799859514,14.9556884765625,-1.0,-4.50946044921875,0.0,0.0,2.0,0.5,0.5
2025-06-13,94.29974798627504,95.09788688648992,93.79094185871428,94.21994018554688,18694700,0.0,0.0,0.002095679343901028,1.8541621732820945,1.8541621732820945,1.8541621732820945,14.566596984863281,1.0,-0.38909149169921875,0.0,0.0,0.3832292581925168,0.5,0.5
2025-06-16,94.52921682230908,95.55681553402272,93.88072990753716,94.0702896118164,14881700,0.0,0.0,0.0016655916491833803,1.841442419939485,1.841442419939485,1.841442419939485,14.416946411132812,1.0,-0.5387420654296875,0.5187855259943746,0.0012948788382573196,0.7347117139312157,0.0017593304883111187,0.9982406695116889
2025-06-17,93.73107625928704,94.59905174022926,93.401851004517,94.03038024902344,14935600,0.0,0.0,0.00167091506496314,1.7954251567803974,1.7954251567803974,1.7954251567803974,14.377037048339844,-1.0,-0.03990936279296875,0.0,0.0,0.0040318538188164965,0.5,0.5
2025-06-18,94.34963089545164,95.26748526728824,93.87074605140587,94.86841583251952,11333700,0.0,0.0,0.0012792542534412745,1.766947589573395,1.766947589573395,1.766947589573395,15.215072631835923,1.0,0.8380355834960795,0.0,0.0,2.0,1.0,0.0
2025-06-20,95.01807229121876,96.08557870275624,94.97816458470317,95.89602661132812,20604900,0.0,0.0,0.0023509025783412857,1.7276772524779183,1.7276772524779183,1.7276772524779183,16.24268341064453,1.0,1.8656463623046875,0.0,0.0,2.0,1.0,0.0
2025-06-23,95.69648423181332,97.70180263681269,95.44706678482989,97.6419448852539,20432400,0.0,0.0,0.0023736643748437894,1.7653242952996957,1.7653242952996957,1.7653242952996957,17.988601684570312,1.0,3.6115646362304688,0.0,0.0,2.0,1.0,0.0
2025-06-24,97.5022770838464,98.87905872669856,97.02339221020134,97.77164459228516,22403700,0.0,0.0,0.0026061306102863574,1.7717773110995192,1.7717773110995192,1.7717773110995192,18.118301391601562,1.0,3.7412643432617188,0.0,0.0,2.0,1.0,0.0
2025-06-25,98.08091973889064,98.33033719940993,96.92362668012184,97.03337097167967,11154700,0.0,0.0,0.0012877825091142784,1.7457011116844166,1.7457011116844166,1.7457011116844166,17.38002777099608,-1.0,-0.738273620605483,0.0,0.0,0.0389401761694952,0.5,0.5
2025-06-26,96.67420367172768,97.1131732011509,95.69648393348936,95.79624938964844,19361400,0.0,0.0,0.002206727827718929,1.7222002656827824,1.7222002656827824,1.7222002656827824,16.142906188964844,-1.0,-1.9753952026367188,0.0,0.0,0.2787861534581479,0.5,0.5
2025-06-27,96.095559281093,97.53220629533202,95.93593606374247,97.04334259033205,31431900,0.0,0.0,0.003629107973045472,1.7231828828256965,1.7231828828256965,1.7231828828256965,17.38999938964845,1.0,1.247093200683608,0.0,0.0,0.39855644217099334,0.19927822108549667,0.8007217789145034
2025-06-30,97.00344070271484,97.9113162879404,96.0855786763422,97.55215454101562,17803000,0.0,0.0,0.0020663009046338263,1.7305082205951612,1.7305082205951612,1.7305082205951612,17.89881134033203,1.0,1.7559051513671875,0.0,0.0,0.790121930978817,0.3950609654894085,0.6049390345105915
2025-07-01,97.37256982521468,98.95886874680627,97.19298895883855,98.01107788085938,15635800,0.0,0.0,0.0018233027221641067,1.7330347611217725,1.7330347611217725,1.7330347611217725,18.35773468017578,1.0,2.2148284912109375,0.0,0.0,1.2571069102706085,0.6285534551353043,0.37144654486469575
2025-07-02,97.90133806512748,98.15075552361446,96.83383164726789,97.38255310058594,12502000,0.0,0.0,0.00144851887686118,1.7033125550664014,1.7033125550664014,1.7033125550664014,17.729209899902344,-1.0,-0.6285247802734375,0.0,0.0,0.08053128085695788,0.5,0.5
2025-07-03,97.47234022194723,98.25052909009578,97.19299388489657,98.13080596923828,7686200,0.0,0.0,0.0008973886141842902,1.6571856015044597,1.6571856015044597,1.6571856015044597,18.477462768554688,1.0,0.7482528686523438,0.0,0.0,1.417267966688302,0.708633983344151,0.29136601665584905
2025-07-07,98.00110683296084,99.11849212646484,97.39252765205607,99.11849212646484,12930900,0.0,0.0,0.001524919605312241,1.662098378140482,1.662098378140482,1.662098378140482,19.46514892578125,1.0,1.7359390258789062,0.0,0.0,2.0,1.0,0.0
2025-07-08,98.58973408824052,98.93891701276442,96.28511917476597,96.86376190185548,16875000,0.0,0.0,0.0019447716796817589,1.7457608476803672,1.7457608476803672,1.7457608476803672,17.21041870117189,-1.0,-2.254730224609361,0.9078747101305993,0.00278271651026206,1.6870200329629592,0.0016467700216072812,0.9983532299783927
2025-07-09,96.92362331365888,97.06329647776904,96.15541329943636,96.58441162109376,13702600,0.0,0.0,0.0015746118917538028,1.6859124427269612,1.6859124427269612,1.6859124427269612,16.93106842041017,-1.0,-2.5340805053710795,0.0,0.0,2.0,0.5,0.5
2025-07-10,96.43477055168756,96.55448606125604,94.51923867080689,94.6389617919922,18894800,0.0,0.0,0.0021275304028645285,1.713002478981241,1.713002478981241,1.713002478981241,14.985618591308608,-1.0,-4.479530334472642,0.0,0.0,2.0,0.5,0.5
2025-07-11,94.78861001084915,95.30739495873178,94.01042878321697,94.1800308227539,14595000,0.0,0.0,0.001635409197455923,1.6832856001622103,1.6832856001622103,1.6832856001622103,14.526687622070312,-1.0,-4.9384613037109375,0.0,0.0,2.0,0.5,0.5
2025-07-14,94.28977875280574,95.61667385578424,94.16007680211162,95.55681610107422,13779100,0.0,0.0,0.0015665563854414786,1.66709356112724,1.66709356112724,1.66709356112724,15.903472900390625,1.0,1.3767852783203125,0.0,0.0,0.07772292150569056,0.03886146075284528,0.9611385392471548
2025-07-15,95.37723436057732,95.556815234696,94.71877622988671,95.167724609375,10450800,0.0,0.0,0.0011833214327287144,1.6078754404172588,1.6078754404172588,1.6078754404172588,15.514381408691406,1.0,0.9876937866210938,0.0,0.0,0.040000123591539226,0.020000061795769613,0.9799999382042304
2025-07-16,95.19765119027868,95.60669946486698,94.3895410820448,94.92828369140624,11181600,0.0,0.0,0.0012628829191829187,1.5799670791604674,1.5799670791604674,1.5799670791604674,15.274940490722642,1.0,0.7482528686523295,0.0,0.0,0.02295691207044175,0.011478456035220875,0.9885215439647791
2025-07-17,94.85844461507216,95.40715842771483,94.66888492094336,94.86841583251952,11165100,0.0,0.0,0.001260224080847135,1.5198461097041112,1.5198461097041112,1.5198461097041112,15.215072631835923,1.0,0.6883850097656108,0.04989130894335858,1.0752308999483091e-05,0.01943029968068761,0.009720525994843545,0.9902794740051565
2025-07-18,94.8684218240577,95.25752006595307,94.20996368497744,94.82852172851562,14636300,0.0,0.0,0.001651329697746419,1.4861111290806486,1.4861111290806486,1.4861111290806486,15.175178527832031,-1.0,-0.03989410400389204,0.1795773970673622,0.00014003471972574757,0.003358571682241006,0.04002585705183257,0.9599741429481674
2025-07-21,95.03802660369035,96.4148081777218,94.87839578324916,95.4470672607422,13450400,0.0,0.0,0.0015274299320254432,1.4932665090896144,1.4932665090896144,1.4932665090896144,15.793724060058608,1.0,0.6185455322265767,1.007649750006962,0.004070522044067815,2.0,1.0,0.0
2025-07-22,95.6166691200557,96.44473687340997,95.51690366327462,95.62664794921876,9049100,0.0,0.0,0.0010295509136723077,1.457866730773768,1.457866730773768,1.457866730773768,15.97330474853517,1.0,0.7981262207031392,0.0,0.0,2.0,1.0,0.0
2025-07-23,95.7862793686814,96.06562569406285,95.06795589677684,95.45704650878906,9729700,0.0,0.0,0.001105022067202436,1.424995521238928,1.424995521238928,1.424995521238928,15.803703308105469,-1.0,-0.1696014404297017,0.0,0.0,0.045156046868662494,0.5,0.5
2025-07-24,95.34730214535293,96.73406255353405,95.12781357226817,96.3749008178711,14991500,0.0,0.0,0.0017189867989684787,1.4379421969551387,1.4379421969551387,1.4379421969551387,16.7215576171875,1.0,0.9178543090820312,0.28932568012407955,0.0002993784297407916,2.0,1.0,0.0
2025-07-25,96.6143448961736,97.42246265287956,96.3050696775083,97.24288177490234,12868500,0.0,0.0,0.001488844208144145,1.4150458239848618,1.4150458239848618,1.4150458239848618,17.58953857421875,1.0,1.7858352661132812,0.0,0.0,2.0,1.0,0.0
2025-07-28,97.0533202285951,97.90133806512748,96.85378930645224,97.38255310058594,12293100,0.0,0.0,0.0014243151019950545,1.3887960336056027,1.3887960336056027,1.3887960336056027,17.729209899902344,1.0,1.925506591796875,0.0,0.0,2.0,1.0,0.0
2025-07-29,97.55215440533784,98.48996647785007,97.11317724601436,98.1008758544922,14034300,0.0,0.0,0.0016380499808144313,1.3879384049077537,1.3879384049077537,1.3879384049077537,18.447532653808608,1.0,2.643829345703139,0.0,0.0,2.0,1.0,0.0
2025-07-30,98.38022208887712,98.64958959261628,97.06329822385057,97.3625946044922,13864100,0.0,0.0,0.0016060066135531437,1.4021064737547508,1.4021064737547508,1.4021064737547508,17.709251403808608,1.0,1.9055480957031392,0.0,0.0,2.0,1.0,0.0
2025-07-31,97.21295110160511,98.40017302866552,97.08324915169575,97.75169372558594,15651300,0.0,0.0,0.001820280075293663,1.3960220025558234,1.3960220025558234,1.3960220025558234,18.098350524902344,1.0,2.294647216796875,0.029928094318606213,2.7345139118451695e-06,2.0,1.0,0.0
2025-08-01,97.77164196828625,98.59970974235664,97.44240910221728,98.260498046875,16750400,0.0,0.0,0.0019582478205117564,1.3789704766689328,1.3789704766689328,1.3789704766689328,18.607154846191406,1.0,2.8034515380859375,0.0,0.0,2.0,1.0,0.0
2025-08-04,97.97117261299508,99.67719469181412,97.97117261299508,99.3579330444336,19050200,0.0,0.0,0.002251985532110014,1.402331305393941,1.402331305393941,1.402331305393941,19.70458984375,1.0,3.9008865356445312,0.0,0.0,2.0,1.0,0.0
2025-08-05,99.4377521480874,100.23589107293785,98.6795285422581,99.0785903930664,17977000,0.0,0.0,0.0021191443758923918,1.4133335357714987,1.4133335357714987,1.4133335357714987,19.425247192382812,1.0,3.6215438842773438,0.0,0.0,2.0,1.0,0.0
2025-08-06,99.22824196235624,103.44838875973252,99.22824196235624,103.11915588378906,23738400,0.0,0.0,0.0029124219878798644,1.6245095951211144,1.6245095951211144,1.6245095951211144,23.46581268310547,1.0,7.662109375,0.0,0.0,2.0,1.0,0.0
2025-08-07,103.21891905232108,103.65789621049072,101.87206631257489,102.87971496582033,12509500,0.0,0.0,0.0015312045540810141,1.6360324738921657,1.6360324738921657,1.6360324738921657,23.226371765136733,1.0,7.422668457031264,0.0,0.0,2.0,1.0,0.0
2025-08-08,103.12913475518138,104.47598752540178,102.90964617113036,103.48829650878906,12394700,0.0,0.0,0.0015261273171089328,1.6331924800128288,1.6331924800128288,1.6331924800128288,23.83495330810547,1.0,8.03125,0.0,0.0,2.0,1.0,0.0
2025-08-11,103.65789918625168,104.08689752724656,102.86973908946491,103.68782806396484,12856700,0.0,0.0,0.0015860643219332636,1.6034757627106018,1.6034757627106018,1.6034757627106018,24.03448486328125,-1.0,0.19953155517578125,0.0,0.0,1.3840892711840032,0.6920446355920016,0.3079553644079984
2025-08-12,104.0070769038089,104.06693465623768,103.12913021784838,103.37854766845705,17915300,0.0,0.0,0.0022035251918028666,1.5559278109733654,1.5559278109733654,1.5559278109733654,23.72520446777345,-1.0,-0.10974884033201704,0.0,0.0,0.3025357522128951,0.5,0.5
2025-08-13,101.91196979056852,102.57042788888673,100.6149960288518,100.75466918945312,19398500,0.0,0.0,0.0023253955599274435,1.6421866558756422,1.6421866558756422,1.6421866558756422,21.10132598876953,-1.0,-2.7336273193359375,0.0,0.0,2.0,0.5,0.5
2025-08-14,100.98413843015727,101.20362700413828,100.48530352987918,100.61499786376952,10858400,0.0,0.0,0.001299846492757767,1.5761964286173185,1.5761964286173185,1.5761964286173185,20.961654663085923,-1.0,-2.8732986450195455,0.0,0.0,2.0,0.5,0.5
2025-08-15,100.62999725341795,100.7699966430664,99.54000091552734,100.0,13604900,0.235,0.0,0.0016186720296116441,1.5514678071117287,1.5514678071117287,1.5514678071117287,20.346656799316406,-1.0,-3.4882965087890625,0.0,0.0,2.0,0.5,0.5
2025-08-18,100.0,100.87999725341795,99.91999816894533,100.6999969482422,11656100,0.0,0.0,0.0013965170115090397,1.5092200412089358,1.5092200412089358,1.5092200412089358,21.046653747558608,1.0,0.6999969482422017,0.0,0.0,0.04026850502571965,0.020134252512859826,0.9798657474871402
2025-08-19,100.95999908447266,102.43000030517578,100.8000030517578,101.29000091552734,16999000,0.0,0.0,0.00204858249443272,1.5249902780464104,1.5249902780464104,1.5249902780464104,21.63665771484375,1.0,1.2900009155273438,0.0,0.0,0.1367581604542916,0.0683790802271458,0.9316209197728542
2025-08-20,101.1500015258789,102.6500015258789,100.93000030517578,102.56999969482422,18655000,0.0,0.0,0.002276560078851161,1.5389196310933186,1.5389196310933186,1.5389196310933186,22.916656494140625,1.0,2.5699996948242188,0.0,0.0,0.5427993974759543,0.27139969873797715,0.7286003012620228
2025-08-21,99.41000366210938,99.4499969482422,96.9499969482422,97.95999908447266,51825100,0.0,0.0,0.006040215444571665,1.83042556791394,1.83042556791394,1.83042556791394,18.306655883789062,-1.0,-4.6100006103515625,3.8500061035155966,0.04422876369680982,2.0,0.02163591691999576,0.9783640830800042
2025-08-22,98.06999969482422,99.0500030517578,96.76000213623048,96.83000183105467,32695200,0.0,0.0,0.0037666689038188465,1.8632523784577526,1.8632523784577526,1.8632523784577526,17.17665863037108,-1.0,-5.7399978637695455,0.0,0.0,2.0,0.5,0.5
2025-08-25,97.0,97.58000183105467,96.06999969482422,96.06999969482422,18956100,0.0,0.0,0.002166707510431062,1.83802021829866,1.83802021829866,1.83802021829866,16.416656494140625,-1.0,-6.5,0.0,0.0,2.0,0.5,0.5
2025-08-26,96.27999877929688,96.47000122070312,95.41999816894533,96.0500030517578,22270400,0.0,0.0,0.0025450065757505655,1.7817332778314556,1.7817332778314556,1.7817332778314556,16.396659851074205,-1.0,-6.5199966430664205,0.0,0.0,2.0,0.5,0.5
2025-08-27,95.9000015258789,96.31999969482422,95.5999984741211,96.08000183105467,12925700,0.0,0.0,0.001477578567234566,1.7058952737508606,1.7058952737508606,1.7058952737508606,16.42665863037108,-1.0,-6.4899978637695455,0.0,0.0,2.0,0.5,0.5
2025-08-28,96.0,96.56999969482422,95.6999969482422,96.11000061035156,19241600,0.0,0.0,0.0022002562863213245,1.6461886646673718,1.6461886646673718,1.6461886646673718,16.45665740966797,1.0,0.02999877929688921,0.09999847412109375,3.6923553438207784e-05,2.136574584909743e-05,2.9144649643652604e-05,0.9999708553503563
2025-08-29,96.0999984741211,97.02999877929688,95.8000030517578,96.9800033569336,15600300,0.0,0.0,0.0018000254819569735,1.6164605977296365,1.6164605977296365,1.6164605977296365,17.32666015625,1.0,0.9000015258789205,0.0,0.0,0.0192308014420948,0.0096154007210474,0.9903845992789526
2025-09-02,97.2300033569336,97.8499984741211,96.51000213623048,97.8499984741211,15351300,0.0,0.0,0.001787184916505086,1.5967131505982775,1.5967131505982775,1.5967131505982775,18.1966552734375,1.0,1.7699966430664205,0.0,0.0,0.07437993212012779,0.037189966060063896,0.9628100339399361
2025-09-03,97.8499984741211,99.44000244140624,97.5,99.44000244140624,18995900,0.0,0.0,0.0022474213863200583,1.6212338142274174,1.6212338142274174,1.6212338142274174,19.786659240722642,1.0,3.3600006103515625,0.0,0.0,0.26803382550554916,0.13401691275277458,0.8659830872472254
2025-09-04,99.91000366210938,101.3499984741211,99.6500015258789,100.93000030517578,15640900,0.0,0.0,0.0018782159411352942,1.6418596869765203,1.6418596869765203,1.6418596869765203,21.276657104492188,1.0,4.849998474121108,0.0,0.0,0.5584626029894776,0.2792313014947388,0.7207686985052613
2025-09-05,101.08000183105467,101.4800033569336,99.5500030517578,100.51000213623048,13748500,0.0,0.0,0.0016440995426467364,1.66244115970504,1.66244115970504,1.66244115970504,20.85665893554689,1.0,4.43000030517581,0.0,0.0,0.4659275648258566,0.2329637824129283,0.7670362175870717
2025-09-08,100.8499984741211,102.36000061035156,100.41999816894533,102.27999877929688,13685700,0.0,0.0,0.001665410268989763,1.6822669655408398,1.6822669655408398,1.6822669655408398,22.62665557861328,1.0,6.199996948242202,0.0,0.0,0.9126281149334502,0.4563140574667251,0.543685942533275
2025-09-09,102.0,102.48999786376952,101.5500030517578,102.29000091552734,11819700,0.0,0.0,0.001438477736030093,1.6292475260030455,1.6292475260030455,1.6292475260030455,22.63665771484375,1.0,6.2099990844726705,0.0,0.0,0.915575082121398,0.457787541060699,0.5422124589393009
2025-09-10,101.9499969482422,102.4499969482422,100.38999938964844,100.41000366210938,17934900,0.0,0.0,0.0021425918605100036,1.6600153854738111,1.6600153854738111,1.6600153854738111,20.75666046142578,-1.0,-1.8799972534179688,0.02999877929688921,2.0887776092898413e-06,0.09164976532564513,2.279034755736242e-05,0.9999772096524426
2025-09-11,100.98999786376952,102.77999877929688,100.27999877929688,102.6500015258789,15900800,0.0,0.0,0.0019419652020012045,1.720014286511396,1.720014286511396,1.720014286511396,22.996658325195312,-1.0,0.3600006103515625,0.29000091552735796,0.00015902641644814907,0.03666840712236991,0.01841371676940903,0.9815862832305909
2025-09-12,102.54000091552734,103.9800033569336,102.36000061035156,103.48999786376952,11641900,0.0,0.0,0.0014334605681584722,1.7128706050878701,1.7128706050878701,1.7128706050878701,23.836654663085923,1.0,0.8399963378906108,0.0,0.0,0.19963668779590305,0.09981834389795152,0.9001816561020485
2025-09-15,103.6500015258789,103.9800033569336,103.41000366210938,103.69000244140624,10756900,0.0,0.0,0.0013270507271539076,1.6312369686404666,1.6312369686404666,1.6312369686404666,24.036659240722642,1.0,1.0400009155273295,0.0,0.0,0.30602225685622647,0.15301112842811324,0.8469888715718867
2025-09-16,103.8499984741211,104.20999908447266,103.12999725341795,103.41999816894533,14481900,0.0,0.0,0.0017819420580476013,1.5918630302414836,1.5918630302414836,1.5918630302414836,23.766654968261733,1.0,0.7699966430664205,0.0,0.0,0.16775027238406925,0.08387513619203463,0.9161248638079653
2025-09-17,103.7300033569336,106.11000061035156,103.7300033569336,104.2699966430664,25382000,0.0,0.0,0.00314882632543836,1.6703015596103945,1.6703015596103945,1.6703015596103945,24.616653442382812,1.0,1.6199951171875,0.0,0.0,0.7425282503126982,0.3712641251563491,0.6287358748436509
2025-09-18,103.77999877929688,104.63999938964844,102.12000274658205,103.5999984741211,14869400,0.0,0.0,0.0018328068605740805,1.7309940655715372,1.7309940655715372,1.7309940655715372,23.9466552734375,-1.0,-0.6699981689453125,1.009994506835909,0.0017788867441420378,0.1710487168229486,0.01029283926540985,0.9897071607345902
2025-09-19,103.80999755859376,103.94000244140624,102.08999633789062,102.33000183105467,34791600,0.0,0.0,0.004235853114584993,1.7394949254246854,1.7394949254246854,1.7394949254246854,22.67665863037108,-1.0,-1.939994812011733,0.0,0.0,1.4340811454847278,0.5,0.5
2025-09-22,102.4499969482422,103.1999969482422,101.91999816894533,102.81999969482422,12861900,0.0,0.0,0.0015734256842356007,1.706673772129842,1.706673772129842,1.706673772129842,23.166656494140625,-1.0,-1.4499969482421875,0.0,0.0,0.8011369547818689,0.5,0.5
2025-09-23,102.41000366210938,102.68000030517578,101.33000183105467,102.5199966430664,13158700,0.0,0.0,0.001605037106914798,1.6911969215326779,1.6911969215326779,1.6911969215326779,22.866653442382812,-1.0,-1.75,0.0,0.0,1.1669404287968412,0.5,0.5
2025-09-24,103.04000091552734,103.47000122070312,102.4800033569336,102.7300033569336,11391800,0.0,0.0,0.0013923652065851156,1.641111274549596,1.641111274549596,1.641111274549596,23.07666015625,1.0,0.2100067138671875,0.2700042724609233,0.00013689745169996205,0.014400920773647269,0.007268909112673616,0.9927310908873264
2025-09-25,103.22000122070312,103.51000213623048,102.58000183105467,103.0500030517578,13366700,0.0,0.0,0.0016388368406054395,1.5903176338800398,1.5903176338800398,1.5903176338800398,23.396659851074205,1.0,0.530006408691392,0.0,0.0,0.09172466718496225,0.045862333592481125,0.9541376664075188
2025-09-26,102.87999725341795,103.48999786376952,102.47000122070312,103.16000366210938,11859300,0.0,0.0,0.0014555727368306963,1.5495804202504935,1.5495804202504935,1.5495804202504935,23.50666046142578,-1.0,0.11000061035157671,0.01000213623046875,1.8105213992530049e-07,0.003951064253949194,0.0019756226530445596,0.9980243773469555
2025-09-29,103.0500030517578,103.30999755859376,102.08000183105467,103.08000183105467,15477200,0.0,0.0,0.0018981490879110491,1.526752942199679,1.526752942199679,1.526752942199679,23.42665863037108,-1.0,0.029998779296875,0.5,0.00045553244046398996,0.00029385363569065014,0.00037469303807732005,0.9996253069619226
2025-09-30,103.0,103.94000244140624,102.72000122070312,103.05999755859376,13873400,0.0,0.0,0.001701126242320779,1.5048421049499243,1.5048421049499243,1.5048421049499243,23.40665435791017,1.0,-0.02000427246090908,0.0,0.0,0.4446705385229253,0.5,0.5
2025-10-01,102.55999755859376,102.86000061035156,100.5500030517578,101.95999908447266,16142800,0.0,0.0,0.0019582683163893106,1.5766387050846415,1.5766387050846415,1.5766387050846415,22.306655883789062,-1.0,-1.099998474121108,0.0,0.0,2.0,0.5,0.5
2025-10-02,101.4499969482422,102.13999938964844,99.87000274658205,101.6999969482422,15605400,0.0,0.0,0.0018882493907615718,1.626164272083338,1.626164272083338,1.626164272083338,22.046653747558608,-1.0,-1.3600006103515625,0.0,0.0,2.0,0.5,0.5
2025-10-03,101.45999908447266,102.81999969482422,101.1999969482422,102.06999969482422,11867500,0.0,0.0,0.0014411887461311353,1.625724163118958,1.625724163118958,1.625724163118958,22.416656494140625,1.0,0.37000274658201704,0.0,0.0,0.07401703589876947,0.037008517949384735,0.9629914820506152
2025-10-06,101.87999725341795,103.06999969482422,101.58000183105467,102.6999969482422,13303600,0.0,0.0,0.0016255604243122493,1.6160294274511429,1.6160294274511429,1.6160294274511429,23.046653747558608,1.0,1.0,0.0,0.0,0.5406569541656451,0.27032847708282254,0.7296715229171775
2025-10-07,102.37999725341795,103.25,100.9499969482422,103.23999786376952,15538900,0.0,0.0,0.0019086740414387257,1.6648846863301898,1.6648846863301898,1.6648846863301898,23.586654663085923,1.0,1.5400009155273153,0.25,0.0001123433371318637,1.282223557057223,0.6411679501971774,0.3588320498028226
2025-10-08,103.0199966430664,103.26000213623048,102.1500015258789,102.9000015258789,13584100,0.0,0.0,0.0016630670517068747,1.6252501094745746,1.6252501094745746,1.6252501094745746,23.246658325195312,1.0,1.2000045776367045,0.0,0.0,0.7785519538445412,0.3892759769222706,0.6107240230777293
2025-10-09,103.12999725341795,103.4499969482422,100.37000274658205,101.7699966430664,19508000,0.0,0.0,0.0023620876852180517,1.7291604017735447,1.7291604017735447,1.7291604017735447,22.116653442382812,1.0,0.06999969482420454,0.5799942016601562,0.0006877149700343631,0.002649195976103765,0.001668455473069064,0.998331544526931
2025-10-10,102.0500030517578,103.62999725341795,101.5199966430664,101.83999633789062,18519400,0.0,0.0,0.0022439273678933986,1.7563632738148307,1.7563632738148307,1.7563632738148307,22.18665313720703,1.0,0.1399993896484233,0.6300048828125,0.0008063140796735323,0.010596783904417212,0.005701548992045372,0.9942984510079547
2025-10-13,101.37000274658205,102.4499969482422,101.06999969482422,102.12000274658205,10871200,0.0,0.0,0.0013208448638237593,1.7294799866436275,1.7294799866436275,1.7294799866436275,22.46665954589845,-1.0,0.28000640869142046,0.0,0.0,0.04238944557479887,0.021194722787399436,0.9788052772126006
2025-10-14,104.0500030517578,107.91999816894533,102.88999938964844,107.20999908447266,30859500,0.0,0.0,0.003936295427770372,2.0202310891950312,2.0202310891950312,2.0202310891950312,27.556655883789062,1.0,5.089996337890611,0.0,0.0,2.0,1.0,0.0
2025-10-15,107.31999969482422,109.55999755859376,107.3000030517578,109.02999877929688,21416300,0.0,0.0,0.0027781389113656937,2.043785902404037,2.043785902404037,2.043785902404037,29.37665557861328,1.0,6.9099960327148295,0.0,0.0,2.0,1.0,0.0
2025-10-16,109.1999969482422,109.58000183105467,105.66000366210938,106.47000122070312,16366200,0.0,0.0,0.0020731876899116077,2.1778010642998415,2.1778010642998415,2.1778010642998415,26.81665802001953,1.0,4.3499984741210795,0.0,0.0,2.0,1.0,0.0
2025-10-17,107.16999816894533,108.1999969482422,106.22000122070312,107.7300033569336,13735600,0.0,0.0,0.0017605477830457486,2.1636721116740727,2.1636721116740727,2.1636721116740727,28.07666015625,1.0,5.610000610351548,1.0800018310546733,0.0014796469152481009,2.0,1.0,0.0
2025-10-20,107.8499984741211,108.25,106.61000061035156,107.0500030517578,10581200,0.0,0.0,0.0013476748246761866,2.12626691724367,2.12626691724367,2.12626691724367,27.396659851074205,1.0,4.930000305175753,0.0,0.0,2.0,1.0,0.0
2025-10-21,107.33000183105467,107.4800033569336,106.18000030517578,106.22000122070312,10899700,0.0,0.0,0.0013774769968719507,2.067248069708966,2.067248069708966,2.067248069708966,26.56665802001953,-1.0,-0.8300018310546733,0.04000091552734375,2.2670756493051143e-06,0.028344200316210967,7.997736077533627e-05,0.9999200226392246
2025-10-22,106.5500030517578,107.7699966430664,105.66000366210938,107.13999938964844,12296500,0.0,0.0,0.0015674607041830915,2.0703012776552563,2.0703012776552563,2.0703012776552563,27.486656188964844,-1.0,0.08999633789063921,0.0,0.0,0.011756866160684045,0.005878433080342023,0.994121566919658
2025-10-23,107.3499984741211,107.56999969482422,105.77999877929688,106.86000061035156,11408200,0.0,0.0,0.0014504267705276396,2.0502798232175485,2.0502798232175485,2.0502798232175485,27.20665740966797,-1.0,-0.1900024414062358,0.40000152587890625,0.00021615879972304355,2.0,0.00010806771996720331,0.9998919322800328
2025-10-24,107.06999969482422,107.16999816894533,105.51000213623048,106.16999816894533,10318000,0.0,0.0,0.0013033493560713199,2.0224024096102124,2.0224024096102124,2.0224024096102124,26.516654968261733,-1.0,-0.8800048828124716,0.0,0.0,2.0,0.5,0.5
2025-10-27,106.33999633789062,106.36000061035156,104.1500015258789,104.47000122070312,16375900,0.0,0.0,0.00203544928356269,2.035802172100387,2.035802172100387,2.035802172100387,24.81665802001953,-1.0,-2.5800018310546733,0.0,0.0,2.0,0.5,0.5
2025-10-28,104.05999755859376,104.13999938964844,103.0500030517578,103.16999816894533,13323000,0.0,0.0,0.001635381042405307,1.9918161718750258,1.9918161718750258,1.9918161718750258,23.516654968261733,-1.0,-3.8800048828124716,0.0,0.0,2.0,0.5,0.5
2025-10-29,102.91000366210938,103.66999816894533,102.11000061035156,102.45999908447266,11986400,0.0,0.0,0.0014611897682697457,1.9609719852120786,1.9609719852120786,1.9609719852120786,22.806655883789062,-1.0,-4.590003967285142,0.0,0.0,2.0,0.5,0.5
2025-10-30,102.1999969482422,103.37000274658205,101.95999908447266,102.2300033569336,14065100,0.0,0.0,0.0017107427478589962,1.921617104990458,1.921617104990458,1.921617104990458,22.57666015625,-1.0,-4.8199996948242045,0.0,0.0,2.0,0.5,0.5
2025-10-31,101.6999969482422,102.0999984741211,100.18000030517578,101.18000030517578,20237000,0.0,0.0,0.0024361516321622233,1.930787529759555,1.930787529759555,1.930787529759555,21.526657104492188,-1.0,-5.870002746582017,0.0,0.0,2.0,0.5,0.5
2025-11-03,100.81999969482422,101.8000030517578,100.4000015258789,101.58999633789062,14811700,0.0,0.0,0.0017902734049176053,1.892874243768079,1.892874243768079,1.892874243768079,21.93665313720703,-1.0,-5.460006713867173,0.0,0.0,2.0,0.5,0.5
2025-11-04,102.12999725341795,102.62000274658205,101.45999908447266,102.2699966430664,12636400,0.0,0.0,0.0015375707721912875,1.8405263450781726,1.8405263450781726,1.8405263450781726,22.616653442382812,1.0,0.6800003051757812,0.5200042724609517,0.0005286364892795867,0.01551071656213049,0.008019676525705038,0.991980323474295
2025-11-05,101.73999786376952,102.68000030517578,100.8499984741211,101.47000122070312,13356800,0.0,0.0,0.00161251438260799,1.8397745940764951,1.8397745940764951,1.8397745940764951,21.81665802001953,1.0,-0.1199951171875,0.0,0.0,0.03113930628202957,0.5,0.5
2025-11-06,101.33999633789062,101.93000030517578,100.02999877929688,101.68000030517578,14866000,0.0,0.0,0.001798428497278978,1.8440765177766674,1.8440765177766674,1.8440765177766674,22.026657104492188,-1.0,0.20999908447265625,0.0,0.0,2.0,1.0,0.0
2025-11-07,102.12999725341795,102.97000122070312,101.7300033569336,102.58999633789062,17248700,0.0,0.0,0.002105352844199102,1.8044996890445728,1.8044996890445728,1.8044996890445728,22.93665313720703,1.0,0.9099960327148438,0.0,0.0,2.0,1.0,0.0
2025-11-10,102.1500015258789,102.66999816894533,101.5999984741211,102.41999816894533,14507600,0.0,0.0,0.001767843617237678,1.75203540374312,1.75203540374312,1.75203540374312,22.766654968261733,-1.0,-0.1699981689452983,0.0,0.0,0.0348987192717981,0.5,0.5
2025-11-11,102.5,103.73999786376952,102.31999969482422,103.44000244140624,13182100,0.0,0.0,0.0016223204113367776,1.7283184584004185,1.7283184584004185,1.7283184584004185,23.786659240722642,1.0,1.020004272460909,0.769996643066392,0.0010478780939412937,2.0,1.0,0.0
2025-11-12,103.3499984741211,103.5999984741211,102.66000366210938,103.44000244140624,12084400,0.0,0.0,0.0014872265252697337,1.6720096265155115,1.6720096265155115,1.6720096265155115,23.786659240722642,1.0,1.020004272460909,0.0,0.0,2.0,1.0,0.0
2025-11-13,103.58999633789062,103.93000030517578,102.0199966430664,102.54000091552734,18088500,0.0,0.0,0.002206781728677497,1.6890092004865018,1.6890092004865018,1.6890092004865018,22.88665771484375,1.0,0.12000274658201704,0.3000030517578125,0.00017182509636029208,0.49830343974561336,0.24923763242098682,0.7507623675790132
2025-11-14,100.1999969482422,102.48999786376952,98.87999725341795,102.4800033569336,23424200,0.0,0.0,0.002856060525492786,1.829794519173851,1.829794519173851,1.829794519173851,22.82666015625,-1.0,-0.05999755859375,3.7800064086914205,0.02742207574628176,0.2499682125942615,0.09885737496554511,0.9011426250344549
2025-11-17,102.58000183105467,103.31999969482422,102.0999984741211,102.9499969482422,15289400,0.0,0.0,0.001872752084623982,1.7862378549973705,1.7862378549973705,1.7862378549973705,23.296653747558608,1.0,0.46999359130860796,0.0,0.0,2.0,1.0,0.0
2025-11-18,102.9800033569336,103.33999633789062,101.37999725341795,101.38999938964844,17604500,0.0,0.0,0.0021236469760624915,1.7986493713884635,1.7986493713884635,1.7986493713884635,21.736656188964844,1.0,-1.0900039672851562,0.0,0.0,2.0,0.5,0.5
2025-11-19,101.58000183105467,101.70999908447266,99.68000030517578,100.61000061035156,22157000,0.0,0.0,0.002652257081462114,1.8151743290962072,1.8151743290962072,1.8151743290962072,20.95665740966797,-1.0,-0.779998779296875,0.0,0.0,2.0,0.5,0.5
2025-11-20,103.94000244140624,107.91000366210938,102.68000030517578,107.11000061035156,50375900,0.0,0.0,0.006419723870170935,2.206947809286322,2.206947809286322,2.206947809286322,27.45665740966797,1.0,6.5,4.57000732421875,0.02770374381586549,2.0,1.0,0.0
2025-11-21,107.9800033569336,108.1500015258789,104.72000122070312,105.31999969482422,41391700,0.0,0.0,0.005186658106606255,2.2943087018498547,2.2943087018498547,2.2943087018498547,25.666656494140625,1.0,4.709999084472656,0.0,0.0,2.0,1.0,0.0
