Date,Open,High,Low,Close,Volume,Dividends,Stock Splits,relative_volume,fast_trend_run,structural_direction,slow_trend_run,breaking_gap,fast_swing_ratio,slow_swing_ratio,p_up,p_down
2020-12-09,15.435234806238546,15.70257191334122,15.301565581758007,15.674431800842283,5992100,0.0,0.0,0.035595101264988376,0.4080390930175746,1.0,0.3376922607421857,0.15477029221776029,0.1438704685661876,0.35999999999999627,0.25193523428309195,0.748064765716908
2020-12-10,15.526693574978797,15.590010512462092,15.21714425193364,15.400059700012209,3669600,0.0,0.0,0.021417092147183972,-0.2743721008300746,-1.0,-0.2743721008300746,0.0,0.0,0.6601424826188752,0.6699287586905625,0.3300712413094376
2020-12-11,15.266391315863029,15.667397679234709,15.266391315863029,15.568903923034668,4612400,0.0,0.0,0.02721475166539437,0.16884422302245916,1.0,0.16884422302245916,0.0,0.0,0.3786975667045923,0.18934878335229616,0.8106512166477038
2020-12-14,15.74478426895007,15.962876535642456,15.519657979849503,15.526693344116213,4784400,0.0,0.0,0.02815307459635949,-0.042210578918455255,1.0,0.1266336441040039,0.0,0.0,0.21301898550814488,1.0,0.0
2020-12-15,15.56890253823624,15.87845182388012,15.56186851657336,15.82217025756836,3934700,0.0,0.0,0.023593754302383637,0.29547691345214666,1.0,0.42211055755615057,0.0,0.0,2.0,1.0,0.0
2020-12-16,15.948805809020996,16.05433358931722,15.892524236739106,15.948805809020996,4249600,0.0,0.0,0.025685947892317644,0.4221124649047834,1.0,0.5487461090087873,0.0,0.0,2.0,1.0,0.0
2020-12-17,15.962876871507744,16.43423555242658,15.962876871507744,16.23724937438965,5075700,0.0,0.0,0.031234012482436704,0.7105560302734357,1.0,0.8371896743774396,0.0,0.0,2.0,1.0,0.0
2020-12-18,16.283421711932416,16.4610332047087,16.169750464961044,16.176855087280273,15133300,0.225,0.0,0.09277844948631996,-0.060394287109375,1.0,0.7767953872680646,0.0,0.0,2.0,1.0,0.0
2020-12-21,15.992143506566777,16.05608377050119,15.416682486225572,15.665337562561035,5022900,0.0,0.0,0.029820413641758657,-0.5719118118286133,-1.0,-0.5115175247192383,0.5461943852821722,0.9120871356780446,0.43361845598684806,0.3271472041675537,0.6728527958324463
2020-12-22,15.70085894539933,15.70085894539933,15.423784047346023,15.48772430419922,3574100,0.0,0.0,0.020978463782494412,-0.7495250701904279,-1.0,-0.6891307830810529,0.0,0.0,0.7870277111304926,0.6064861444347537,0.3935138555652463
2020-12-23,15.530355636716436,15.580086657975738,15.40957971862869,15.437996864318848,2486900,0.0,0.0,0.014550189327121987,-0.7992525100708008,-1.0,-0.7388582229614258,0.0,0.0,0.904709073878167,0.5476454630609164,0.4523545369390835
2020-12-24,15.47351505679172,15.537455308044152,15.388260936765718,15.530350685119627,814300,0.0,0.0,0.004792753256612241,0.09235382080077947,-1.0,-0.6465044021606463,0.0,0.0,0.6926752925885116,0.0,1.0
2020-12-28,15.629815242835098,15.73638189393164,15.416681940642016,15.423785209655762,2446000,0.0,0.0,0.014297720238581092,-0.10656547546386541,1.0,-0.10656547546386541,0.156295235955902,2.0,0.01882000688446822,0.0,1.0
2020-12-29,15.473516380997184,15.565873776783278,15.267486363759032,15.331426620483398,2400900,0.0,0.0,0.01395005802388646,-0.1989240646362287,-1.0,-0.09235858917236328,0.028418468739126013,0.02040923363704013,0.014136480694452303,0.9827271428342538,0.017272857165746218
2020-12-30,15.345638787474854,15.55877211373158,15.310115663052974,15.473519325256348,1555700,0.0,0.0,0.009122929674527915,0.14209270477294922,-1.0,0.04973411560058594,0.0,0.0,0.2899707678223746,0.1449853839111873,0.8550146160888127
2020-12-31,15.537458658250983,15.594294298833873,15.374055005890202,15.58718967437744,1874100,0.0,0.0,0.011070824203470086,0.2557630538940412,1.0,0.11367034912109197,0.0,0.0,1.5147459755246593,0.7573729877623296,0.24262701223767036
2021-01-04,15.629818683605302,15.800325633909106,15.374057580615204,15.466416358947754,4101700,0.0,0.0,0.024042131249227484,-0.12077331542968572,1.0,-0.00710296630859375,0.0,0.0,0.0039046770662218974,0.9980476614668891,0.0019523385331109487
2021-01-05,15.45220360255861,15.786112801777753,15.45220360255861,15.700860023498535,4131400,0.0,0.0,0.024583293184317193,0.23444366455078125,1.0,0.2273406982421875,0.19181850294387992,0.6694281827617997,2.0,1.0,0.0
2021-01-06,15.786115321397183,16.47524905700052,15.672444028836184,16.425518035888672,4707000,0.0,0.0,0.029301013830133428,0.959101676940918,1.0,0.9519987106323242,0.0,0.0,2.0,1.0,0.0
2021-01-07,16.468145362867514,16.560502785144042,16.17686248982853,16.240802764892578,4131700,0.0,0.0,0.025430543733205708,-0.18471527099609375,1.0,0.7672834396362305,0.0,0.0,2.0,1.0,0.0
2021-01-08,16.731007581457934,16.83757559623565,16.368681209460654,16.53208351135254,4359200,0.0,0.0,0.027312016052251437,0.29128074645996094,1.0,1.0585641860961914,0.0,0.0,2.0,1.0,0.0
2021-01-11,16.340263310408826,16.49656099337933,16.0134586946336,16.0418758392334,3810600,0.0,0.0,0.023166898049614547,-0.4902076721191406,-1.0,-0.4902076721191406,0.16340379519493098,0.11111279451543536,0.2144498835588599,0.8372186609628524,0.16278133903714764
2021-01-12,16.063188486453022,16.226590781853606,15.850053820433155,15.921098709106444,2992000,0.0,0.0,0.018053191867420194,-0.6109848022460955,-1.0,-0.6109848022460955,0.0,0.0,0.3331397243518114,0.8334301378240943,0.1665698621759057
2021-01-13,15.977932890304826,16.084499536051347,15.821635233547829,15.906888008117676,3295400,0.0,0.0,0.01986610536342085,-0.6251955032348633,-1.0,-0.6251955032348633,0.0,0.0,0.3488167232719757,0.8255916383640122,0.17440836163598786
2021-01-14,16.01346303595038,16.056089441940596,15.35985227213467,15.388269424438477,5800800,0.0,0.0,0.033829614378201645,-1.1438140869140625,-1.0,-1.1438140869140625,0.0,0.0,1.1675526894065884,0.4162236552967058,0.5837763447032942
2021-01-15,15.359848746754391,15.58008670806885,15.324325620691605,15.580086708068848,4124300,0.0,0.0,0.024352272351286473,0.1918172836303711,-1.0,-0.9519968032836914,0.0,0.0,0.8087915158319123,0.0,1.0
2021-01-19,15.828741809154264,16.226591301366323,15.68665202725852,15.892682075500488,6118400,0.0,0.0,0.03685143768005853,0.5044126510620117,1.0,0.3125953674316406,0.17050185942572682,0.1142579159270924,0.10781870099028967,0.11103830845869103,0.888961691541309
2021-01-20,15.921100784869482,15.956622556303117,15.46641560618911,15.601399421691896,4509000,0.0,0.0,0.026660185362468187,-0.291282653808592,-1.0,-0.291282653808592,0.0,0.0,0.8682887420999742,0.565855628950013,0.4341443710499871
2021-01-21,15.580086732774324,15.764802923387606,15.5090418356048,15.651131629943848,3799300,0.0,0.0,0.022535578198201896,0.04973220825195135,-1.0,-0.24155044555664062,0.0,0.0,0.597104866247968,0.0,1.0
2021-01-22,15.572979456479782,15.757695615647854,15.430889686329426,15.672441482543944,2620000,0.0,0.0,0.01556171015014949,0.07104206085204723,-1.0,-0.22024059295654475,0.0,0.0,0.49639758509479687,0.0,1.0
2021-01-25,15.658233943284396,16.162650064082214,15.445099283244408,16.134231567382812,6372500,0.0,0.0,0.0389652532931515,0.5328321456909162,1.0,0.46179008483886896,0.39784714069460847,0.5575086968654192,2.0,1.0,0.0
2021-01-26,16.219484329223633,16.361574090553894,15.821634894594654,16.219484329223633,5921000,0.0,0.0,0.036395817377151404,0.6180849075317365,1.0,0.5470428466796893,0.0,0.0,2.0,1.0,0.0
2021-01-27,16.15554788951914,16.929934426104886,16.15554788951914,16.44683074951172,14704300,0.0,0.0,0.09165284523999817,0.8454313278198224,1.0,0.7743892669677752,0.0,0.0,2.0,1.0,0.0
2021-01-28,16.645754249193804,16.929932450777326,16.28342653402411,16.290531158447266,7673200,0.0,0.0,0.04737302709683996,-0.15629959106445312,1.0,0.6180896759033221,0.0,0.0,2.0,1.0,0.0
2021-01-29,16.183963901675455,16.439723596075503,15.800322327472625,15.821636199951172,5580700,0.0,0.0,0.0334625817190776,-0.6251945495605469,-1.0,-0.46889495849609375,0.3552255620465168,0.322833098023665,0.5755037362843375,0.5508315828459988,0.44916841715400124
2021-02-01,15.928207181966933,16.162654422686664,15.857162276128165,16.06319236755371,3359000,0.0,0.0,0.020448489737993483,0.24155616760253906,-1.0,-0.2273387908935547,0.0,0.0,0.13528327635239676,0.0,1.0
2021-02-02,16.183967115398843,16.34026481273942,16.03477268855981,16.240802764892578,4025200,0.0,0.0,0.024775038031536564,0.41916656494140625,1.0,0.1776103973388672,0.0,0.0,0.6103650814489765,0.30518254072448825,0.6948174592755118
2021-02-03,16.198172330389333,16.226590827966824,15.935308003140252,16.148441314697266,3356900,0.0,0.0,0.020544159933640213,-0.0923614501953125,-1.0,-0.0923614501953125,0.0,0.0,0.2704236777485273,0.8647881611257363,0.13521183887426366
2021-02-04,16.29053209911023,16.517874673504473,16.198173331344677,16.333158493041992,3434600,0.0,0.0,0.021260120202228477,0.18471717834472656,1.0,0.18471717834472656,0.17760986076505247,0.9245269510479027,2.0,1.0,0.0
2021-02-05,16.389991721174063,16.482350475328296,16.226589439293107,16.318946838378906,3006200,0.0,0.0,0.01859213960611363,-0.014211654663085938,1.0,0.17050552368164062,0.0,0.0,2.0,1.0,0.0
2021-02-08,16.38999323421521,16.652858918303185,16.38999323421521,16.517873764038086,3551700,0.0,0.0,0.022233600184949492,0.1989269256591797,1.0,0.3694324493408203,0.0,0.0,2.0,1.0,0.0
2021-02-09,16.496560418254834,16.674171969784545,16.326053491394543,16.60312843322754,3081800,0.0,0.0,0.019391604810294723,0.2841815948486328,1.0,0.45468711853027344,0.0,0.0,2.0,1.0,0.0
2021-02-10,16.695487230881593,16.809158524899118,16.56050206108501,16.67417335510254,4562300,0.0,0.0,0.028830191394771873,0.3552265167236328,1.0,0.5257320404052734,0.0,0.0,2.0,1.0,0.0
2021-02-11,17.107541882573837,17.519600562728677,16.63154294557873,16.738109588623047,8410300,0.0,0.0,0.05335034942613153,0.4191627502441406,1.0,0.5896682739257812,0.0,0.0,2.0,1.0,0.0
2021-02-12,16.695487295777937,17.05781505501796,16.695487295777937,17.04360580444336,3843700,0.0,0.0,0.024827348383570817,0.7246589660644531,1.0,0.8951644897460938,0.0,0.0,2.0,1.0,0.0
2021-02-16,17.10043975665214,17.235424913593487,16.91572358269782,16.979663848876953,5353900,0.0,0.0,0.03445233940697295,-0.06394195556640625,1.0,0.8312225341796875,0.0,0.0,2.0,1.0,0.0
2021-02-17,16.958349227905273,17.079125120708127,16.851781227438675,16.958349227905273,4179000,0.0,0.0,0.02685810203482239,-0.08525657653808594,-1.0,-0.021314620971679688,0.0,0.0,0.000657537629729819,0.9996712311851351,0.0003287688148649095
2021-02-18,16.86599492471098,16.979666223802155,16.624443075375044,16.69548797607422,3416000,0.0,0.0,0.021614060006092863,-0.3481178283691406,-1.0,-0.2841758728027344,0.0,0.0,0.11687988846347366,0.9415600557682632,0.05843994423173683
2021-02-19,16.787843296496888,17.178589523884217,16.71679975976156,16.98676872253418,4565100,0.0,0.0,0.029388704550410278,0.29128074645996094,1.0,0.29128074645996094,0.09946440317608918,0.11660355847882017,1.0506284398309917,0.5836159991549059,0.4163840008450941
2021-02-22,16.90861895811474,17.064917988805327,16.809156924088793,16.979663848876953,4204500,0.0,0.0,0.027055951929736782,-0.0071048736572265625,1.0,0.2841758728027344,0.0,0.0,1.0,1.0,0.0
2021-02-23,16.794948802535174,16.873098323127422,16.397099284651187,16.574710845947266,4327100,0.0,0.0,0.027180801959046118,-0.41205787658691406,-1.0,-0.4049530029296875,0.31970047511037336,0.6019634505329888,2.0,0.0,1.0
2021-02-24,16.610233642849114,16.965456787397432,16.539190097994457,16.901517868041992,3913300,0.0,0.0,0.025066184124459063,0.32680702209472656,1.0,0.32680702209472656,0.0,0.0,0.6512886527381623,0.32564432636908114,0.6743556736309189
2021-02-25,16.865993500323366,16.937038395022572,16.617337046410476,16.70969581604004,3409100,0.0,0.0,0.021588758015173917,-0.19182205200195312,1.0,0.13498497009277344,0.0,0.0,0.1111121577912119,1.0,0.0
2021-02-26,16.71680422402684,16.80916165948822,16.46104308725846,16.496564865112305,4363000,0.0,0.0,0.02727709433750692,-0.4049530029296875,-1.0,-0.21313095092773438,0.0781470107359965,0.0372404990833385,2.0,0.0,1.0
2021-03-01,16.667067134545743,16.951246697457876,16.574709725147308,16.823366165161133,2967100,0.0,0.0,0.01891753102182877,0.3268013000488281,1.0,0.3268013000488281,0.014208302435303466,0.0018902395014265296,2.0,1.0,0.0
2021-03-03,16.887305943580415,17.207005910020307,16.82336567927873,16.9654541015625,3497100,0.0,0.0,0.02248500111524533,0.1420879364013672,1.0,0.4688892364501953,0.0,0.0,2.0,1.0,0.0
2021-03-04,16.951248319955383,17.022291862414804,16.510771039335932,16.67417335510254,5070300,0.0,0.0,0.032040356712384505,-0.14919281005859375,-1.0,-0.29128074645996094,0.22734098593784324,2.0,0.38590733281320083,0.0,1.0
2021-03-05,16.851785010593403,17.14306787243881,16.681278068664536,17.11465072631836,3473700,0.0,0.0,0.022530961365272197,0.29128456115722656,1.0,0.4404773712158203,0.0,0.0,2.0,1.0,0.0
2021-03-08,17.235420762215995,18.095059803684528,17.157271265694035,17.83930015563965,7092600,0.0,0.0,0.04795155046331641,1.0159339904785156,1.0,1.1651268005371094,0.0,0.0,2.0,1.0,0.0
2021-03-09,17.675899541773948,18.27977903775965,17.661691648685483,17.746944427490234,7100200,0.0,0.0,0.04775441675827821,0.9235782623291016,1.0,1.0727710723876953,0.0,0.0,2.0,1.0,0.0
2021-03-10,17.75404997274762,17.817990237703007,17.413036129697936,17.47697639465332,6846000,0.0,0.0,0.04534428603531309,0.6536102294921875,-1.0,-0.26996803283691406,0.0,0.0,0.06333015861673373,0.0,1.0
2021-03-11,17.526709524606808,17.555126670754056,17.334888706605188,17.34199333190918,7204200,0.0,0.0,0.04734827371995508,0.5186271667480469,-1.0,-0.4049510955810547,0.0,0.0,0.142492185738471,0.0,1.0
2021-03-12,17.384615774491863,17.619062935923143,17.370407882184217,17.548019409179688,4421600,0.0,0.0,0.029405389158870945,0.7246532440185547,1.0,0.2060260772705078,0.0,0.0,0.2588446724678297,0.12942233623391486,0.8705776637660851
2021-03-15,17.597751212603374,17.917451162554784,17.590646588595323,17.881929397583008,5703200,0.0,0.0,0.038650253901232424,1.058563232421875,1.0,0.5399360656738281,0.0,0.0,1.7777861512481639,0.8888930756240819,0.11110692437591807
2021-03-16,17.78511619567871,17.935716685825827,17.69188836298912,17.78511619567871,3934900,0.235,0.0,0.026522214336543504,0.9617500305175781,1.0,0.44312286376953125,0.0,0.0,1.197410773118683,0.5987053865593415,0.40129461344065853
2021-03-17,17.856829081163156,18.03611451645162,17.813800959688933,17.835315704345703,3847900,0.0,0.0,0.026009017800155923,1.0119495391845703,1.0,0.49332237243652344,0.0,0.0,1.4840771084848865,0.7420385542424432,0.25796144575755675
2021-03-18,17.82097589765239,18.201060216632033,17.785117983137607,17.928546905517578,5169300,0.0,0.0,0.03512337193231553,1.1051807403564453,1.0,0.5865535736083984,0.0,0.0,2.0,1.0,0.0
2021-03-19,17.914202954667164,17.964402664948405,17.49826073940035,17.53411865234375,14490300,0.0,0.0,0.09628989025809497,0.7107524871826172,-1.0,-0.3944282531738281,0.3155402202885824,0.19709366825248142,0.4521896963292968,0.30355570310881913,0.6964442968911808
2021-03-22,17.37634783683682,17.83531958106911,17.30463337356556,17.76360511779785,5610200,0.0,0.0,0.0377684209447436,0.9402389526367188,-1.0,-0.16494178771972656,0.0,0.0,0.07907624248760585,0.0,1.0
2021-03-23,17.770771306828188,17.985913263498876,17.5412848204498,17.656028747558594,6276200,0.0,0.0,0.041996120724633844,0.8326625823974609,1.0,-0.10757637023925781,0.02151059855047066,0.000667370325882455,0.033637088892416914,0.019454331625972782,0.9805456683740272
2021-03-24,17.66320310180623,17.727745977507407,17.376346636378507,17.38351821899414,3983400,0.0,0.0,0.02624284829101199,0.5601520538330078,-1.0,-0.2725105285644531,0.0,0.0,0.21584957704591987,0.0,1.0
2021-03-25,17.39068745939162,17.849657742260792,17.383515877741875,17.713401794433594,5350000,0.0,0.0,0.0359149387057879,0.8900356292724609,1.0,0.3298835754394531,0.0,0.0,1.465395365973465,0.7326976829867325,0.26730231701326745
2021-03-26,17.756432644941146,18.201059832832104,17.677546602511647,18.19388961791992,4651000,0.0,0.0,0.03206943205611132,1.3705234527587855,1.0,0.8103713989257777,0.0,0.0,2.0,1.0,0.0
2021-03-29,18.06480099005351,18.115000693489577,17.749258238376253,17.777944564819336,5208000,0.0,0.0,0.03508907315562097,0.9545783996582031,1.0,0.3944263458251953,0.0,0.0,2.0,1.0,0.0
2021-03-30,17.699060138625885,17.87834559162195,17.6488604306413,17.81380271911621,3811400,0.0,0.0,0.02573122969821548,0.9904365539550781,-1.0,0.035858154296875,0.02868617187034772,0.0008388646072583886,0.017314473543157086,0.009076669075207737,0.9909233309247922
2021-03-31,17.842484037651815,17.90702689698068,17.51977110884666,17.68471336364746,3905200,0.0,0.0,0.02617343236407058,0.8613471984863281,-1.0,-0.093231201171875,0.22948712952959482,0.07098395226367953,2.0,0.03427547190121432,0.9657245280987857
2021-04-01,17.749259205497896,18.115001680539795,17.591488504982323,18.036115646362305,4217300,0.0,0.0,0.028826829597526533,1.2127494812011719,1.0,0.35140228271484375,0.23665608891784373,0.03807966953149936,2.0,1.0,0.0
2021-04-05,18.158031832671178,18.193889746683613,17.92854665434983,17.971574783325195,3638000,0.0,0.0,0.024778111494928,1.1482086181640625,1.0,0.2868614196777344,0.0,0.0,2.0,1.0,0.0
2021-04-06,17.907030296602805,18.04328762192523,17.749259592645927,18.014602661132812,4749400,0.0,0.0,0.0324252108733906,1.1912364959716797,-1.0,0.04302787780761719,0.0,0.0,0.21299886734539444,0.10649943367269722,0.8935005663273028
2021-04-07,18.071971700960088,18.179542684260237,18.03611379463386,18.12217140197754,2840900,0.0,0.0,0.019511270690468225,1.2988052368164062,1.0,0.10756874084472656,0.0,0.0,1.3312193163691568,0.6656096581845784,0.3343903418154216
2021-04-08,18.165203366879616,18.165203366879616,17.89269006031191,17.96440315246582,5318300,0.0,0.0,0.036208038493047046,1.1410369873046875,-1.0,-0.15776824951171875,0.0,0.0,2.0,0.0,1.0
2021-04-09,17.907031990428464,18.07197565998476,17.907031990428464,18.06480407714844,3565100,0.0,0.0,0.024407558878660435,1.2414379119873082,-1.0,-0.05736732482909801,0.0,0.0,0.284417966110815,0.0,1.0
2021-04-12,18.02177468756034,18.136518645785944,17.95723317732783,18.000261306762695,3414200,0.0,0.0,0.023290946694131114,1.1768951416015625,1.0,-0.06454277038574574,0.0,0.0,0.3600170223832891,0.0,1.0
2021-04-13,18.02894555916826,18.2297457683417,17.978745848834777,18.215402603149418,4914700,0.0,0.0,0.033927757970158484,1.3920364379882848,1.0,0.15059852600097656,0.15777010835694227,0.012845417983485862,2.0,1.0,0.0
2021-04-14,18.229743663958537,18.466400390954277,18.2082289186537,18.344486236572266,4014000,0.0,0.0,0.027906302336600294,1.5211200714111328,1.0,0.2796821594238246,0.0,0.0,2.0,1.0,0.0
2021-04-15,18.46640019565132,18.760428205844253,18.43054365502851,18.47357177734375,5046400,0.0,0.0,0.03533067360598051,1.6502056121826172,1.0,0.40876770019530895,0.0,0.0,2.0,1.0,0.0
2021-04-16,18.49508798425325,18.645687108179455,18.46640165521619,18.566801071166992,3074600,0.0,0.0,0.021634411242800584,1.7434349060058594,1.0,0.5019969940185511,0.0,0.0,2.0,1.0,0.0
2021-04-19,18.645684858882824,18.817798708824103,18.559627249992538,18.75325584411621,3905700,0.0,0.0,0.027758432233855393,1.9298896789550781,1.0,0.6884517669677699,0.0,0.0,2.0,1.0,0.0
2021-04-20,18.703058247067467,18.80345766220583,18.516601213353766,18.62417221069336,3332200,0.0,0.0,0.023519463586988604,1.8008060455322266,-1.0,-0.12908363342285156,0.0,0.0,0.035155665602226174,0.0,1.0
2021-04-21,18.63851308593125,18.875169798148185,18.5524568457647,18.803455352783203,2782600,0.0,0.0,0.019829319834133097,1.9800891876220703,1.0,0.17928314208984375,0.05737108932408219,0.0008394922429290981,1.9290191864576136,0.9649293393502714,0.035070660649728636
2021-04-22,18.81780259652865,18.88951705744668,18.602660581614145,18.68154525756836,5019100,0.0,0.0,0.03553513900600768,1.8581790924072266,1.0,0.057373046875,0.0,0.0,0.19754837696337085,0.09877418848168543,0.9012258115183146
2021-04-23,18.681546872572028,19.04011784032074,18.60983377329404,18.882347106933594,3176500,0.0,0.0,0.02273129667716594,2.058980941772461,1.0,0.2581748962402344,0.0,0.0,2.0,1.0,0.0
2021-04-26,18.946882435872176,19.08313973228198,18.839311462007235,18.896682739257812,1882900,0.0,0.0,0.013484417818126943,2.0733165740966797,1.0,0.2725105285644531,0.0,0.0,2.0,1.0,0.0
2021-04-27,18.86800248982131,18.925373785538184,18.753259898387565,18.78911781311035,2736400,0.0,0.0,0.019485221409249968,1.9657516479492188,-1.0,-0.10756492614746094,0.0,0.0,0.1558026336340665,0.0,1.0
2021-04-28,18.83931325938533,18.954055824833585,18.746084070059077,18.803455352783203,2393100,0.0,0.0,0.017053671133135884,1.9800891876220703,-1.0,-0.09322738647460938,0.0,0.0,0.11703626312828878,0.0,1.0
2021-04-29,18.83931492228144,18.997085621738965,18.767600470586416,18.925371170043945,4032900,0.0,0.0,0.02892552384369525,2.1020050048828125,1.0,0.12191581726074219,0.07171183620078025,0.0011638960498568537,1.7101456093704217,0.8556547527101392,0.14434524728986076
2021-04-30,18.896685522321743,18.92537048125212,18.4377138688816,18.47357177734375,3822900,0.0,0.0,0.02676474954983808,1.6502056121826172,-1.0,-0.4517993927001953,0.30837020117747826,0.0349195540404345,2.0,0.01716016437657203,0.982839835623428
2021-05-03,18.516599947797133,18.660028846339937,18.33731450853831,18.401857376098633,4943800,0.0,0.0,0.03447798903706329,1.5784912109375,-1.0,-0.5235137939453125,0.0,0.0,2.0,0.0,1.0
2021-05-04,18.337320071440256,18.581148452228415,18.086320106765417,18.54529190063477,6897100,0.0,0.0,0.04847519557684727,1.7219257354736364,-1.0,-0.38007926940917613,0.0,0.0,2.0,0.0,1.0
2021-05-05,18.51660100491707,18.638515165286773,17.835317117542385,17.92137336730957,6512000,0.0,0.0,0.044228789512159146,1.0980072021484375,-1.0,-1.003997802734375,0.0,0.0,2.0,0.0,1.0
2021-05-06,17.92854851904719,18.17954847188179,17.792291167307315,18.129348754882812,4614400,0.0,0.0,0.031704201239033294,1.3059825897216797,-1.0,-0.7960224151611328,0.0,0.0,2.0,0.0,1.0
2021-05-07,18.165197885684183,18.19388420816154,17.91419803536392,18.007427215576172,5035500,0.0,0.0,0.03436478586472737,1.184061050415039,1.0,-0.12192153930664062,0.0,0.0,1.0000938710055414,0.0,1.0
2021-05-10,18.179543430289087,18.631342125825757,18.028942953217317,18.502256393432617,10073000,0.0,0.0,0.0706322274769461,1.6788902282714844,1.0,0.3729076385498047,0.451793653943966,0.07241618637429255,2.0,1.0,0.0
2021-05-11,18.437714211870436,18.602657858186028,18.16520094168535,18.2871150970459,4968000,0.0,0.0,0.03443072432695313,1.4637489318847656,1.0,0.15776634216308594,0.0,0.0,1.6744332468957845,0.8372166234478923,0.16278337655210773
2021-05-12,18.25125597630349,18.279940931713433,17.612998962402344,17.612998962402344,4642900,0.0,0.0,0.030991458343572628,0.7896327972412109,-1.0,-0.6741161346435547,0.4159439908149736,0.277472119781083,2.0,0.12183337717774317,0.8781666228222569
2021-05-13,17.584316060416807,17.878344068859786,17.541286570518317,17.713401794433594,4893200,0.0,0.0,0.032848407116852586,0.8900356292724609,-1.0,-0.5737133026123047,0.0,0.0,2.0,0.0,1.0
2021-05-14,17.835317563134637,17.99308827020912,17.734916778778633,17.82814598083496,4290500,0.0,0.0,0.028989015169599393,1.0047798156738281,1.0,0.11474418640136719,0.0,0.0,0.04000106386869196,0.02000053193434598,0.979999468065654
2021-05-17,17.75643113390454,17.957231330346684,17.72057322319732,17.849658966064453,3241400,0.0,0.0,0.02192713671403103,1.0262928009033203,-1.0,0.021512985229492188,0.0,0.0,0.0014060848154006389,0.0007030424077003194,0.9992969575922996
2021-05-18,17.8568309421942,18.000259852508798,17.785116487036902,17.82814598083496,2678300,0.0,0.0,0.018096091208189734,1.0047798156738281,1.0,-0.021512985229492188,0.0,0.0,1.0,0.0,1.0
2021-05-19,17.656030413114895,17.792286360201548,17.33331607982687,17.777944564819336,3687000,0.0,0.0,0.024841285085402176,0.9545783996582031,-1.0,-0.050201416015625,0.0,0.0,2.0,0.0,1.0
2021-05-20,17.77794658930554,17.81380313360327,17.491088763565735,17.555631637573242,5503900,0.0,0.0,0.036618990526836266,0.7322654724121094,1.0,-0.22231292724609375,0.0,0.0,2.0,0.0,1.0
2021-05-21,17.591489446257388,17.785116699301728,17.40503240775884,17.620174407958984,5850900,0.0,0.0,0.03907079534120068,0.7968082427978516,-1.0,0.06454277038574219,0.0,0.0,0.0842880043318018,0.0421440021659009,0.9578559978340991
2021-05-24,17.792286456902147,17.792286456902147,17.555629733817813,17.713401794433594,4533000,0.0,0.0,0.030430358346418045,0.8900356292724609,1.0,0.09322738647460938,0.0,0.0,0.1758561595421082,0.0879280797710541,0.9120719202289459
2021-05-25,17.749259027671553,17.813801897199326,17.412202884012697,17.419374465942383,3589100,0.0,0.0,0.023693951103872356,0.59600830078125,1.0,-0.20079994201660156,0.0,0.0,2.0,0.0,1.0
2021-05-26,17.369172808184697,17.577144573631813,17.333316267581775,17.56997299194336,4590900,0.0,0.0,0.03056949754877967,0.7466068267822266,-1.0,0.15059852600097656,0.0,0.0,0.5624893139559737,0.28124465697798684,0.7187553430220132
2021-05-27,17.605829094178176,17.777944314736867,17.591487298997713,17.66320037841797,6486300,0.0,0.0,0.043419598273063076,0.8398342132568359,1.0,0.09322738647460938,0.0,0.0,0.21555586935991236,0.10777793467995618,0.8922220653200438
2021-05-28,17.713403666410873,17.763603375424946,17.505431880107444,17.548460006713867,2545300,0.0,0.0,0.0169276769168996,0.7250938415527344,-1.0,-0.11474037170410156,0.0,0.0,1.5147657821396754,0.0,1.0
2021-06-01,17.64169111252896,17.871176302961917,17.60583319662404,17.627347946166992,2972300,0.0,0.0,0.019856330474545686,0.8039817810058594,1.0,0.078887939453125,0.09323198822504963,0.013447373796614303,0.472703393444876,0.24307538362074516,0.7569246163792549
2021-06-02,17.677546975272417,18.05763266209164,17.61300409698539,17.928546905517578,3684700,0.0,0.0,0.0250360955175755,1.1051807403564453,1.0,0.38008689880371094,0.0,0.0,2.0,1.0,0.0
2021-06-03,17.885516917968353,18.15803020077377,17.82097404638612,18.014602661132812,3672800,0.0,0.0,0.02507502305465722,1.1912364959716797,1.0,0.4661426544189453,0.0,0.0,2.0,1.0,0.0
2021-06-04,18.036118057941763,18.129347268587846,17.756433161682686,17.950061798095703,3302500,0.0,0.0,0.022466123816792947,1.1266956329345703,-1.0,-0.06454086303710938,0.0,0.0,0.019170429680537053,0.0,1.0
2021-06-07,17.985914707166373,18.0217712468765,17.584315717487822,17.66320037841797,4490500,0.0,0.0,0.030059618896010012,0.8398342132568359,-1.0,-0.35140228271484375,0.0,0.0,0.5682919012010248,0.0,1.0
2021-06-08,17.67037172575159,17.899856859669512,17.562800740207475,17.86400032043457,3327800,0.0,0.0,0.02252969481964975,1.0406341552734375,-1.0,-0.1506023406982422,0.0,0.0,0.1043820336495204,0.0,1.0
2021-06-09,17.885516624671034,18.172373067088333,17.828145336187575,18.050458908081055,3411800,0.0,0.0,0.023339480562395844,1.2270927429199219,1.0,0.18645858764648438,0.15060182021183266,0.015062798499593669,1.5328559250042246,0.7739593617519092,0.22604063824809084
2021-06-10,18.100661316981267,18.107832900092355,17.720575619131324,17.76360511779785,3636500,0.0,0.0,0.02448127745277532,0.9402389526367188,-1.0,-0.2868537902832031,0.0,0.0,2.0,0.0,1.0
2021-06-11,17.87117781455524,17.921377533228526,17.785120176944073,17.89269256591797,2269900,0.0,0.0,0.01539223900972681,1.069326400756836,-1.0,-0.15776634216308594,0.0,0.0,0.7159190724029216,0.0,1.0
2021-06-14,17.914202238154374,17.96440194642778,17.51977478642948,17.74925994873047,3617900,0.0,0.0,0.024336391444901746,0.9258937835693359,-1.0,-0.30119895935058594,0.0,0.0,2.0,0.0,1.0
2021-06-15,17.673241832768422,17.82528600879378,17.666001502390852,17.71668243408203,3818400,0.235,0.0,0.025637944065197035,0.8933162689208984,-1.0,-0.33377647399902344,0.0,0.0,2.0,0.0,1.0
2021-06-16,17.752879479251177,17.760119807749945,17.369150354525207,17.513954162597656,2757300,0.0,0.0,0.018301538645969416,0.6905879974365234,-1.0,-0.5365047454833984,0.0,0.0,2.0,0.0,1.0
2021-06-17,17.59359462309387,17.59359462309387,16.898539674079963,16.963701248168945,5735800,0.0,0.0,0.03687516639585452,0.1403350830078125,-1.0,-1.0867576599121094,0.0,0.0,2.0,0.0,1.0
2021-06-18,16.804418429301084,16.978183564491836,16.732017900748428,16.8333797454834,6024200,0.0,0.0,0.038431742533915604,0.010013580322265625,-1.0,-1.2170791625976562,0.0,0.0,2.0,0.0,1.0
2021-06-21,16.934741462513774,17.180907124400854,16.89130086951945,17.115745544433594,2779100,0.0,0.0,0.018026830250260414,0.29237937927246094,1.0,0.2823657989501953,0.0,0.0,0.05382530889371191,0.026912654446855956,0.973087345553144
2021-06-22,17.101264358778447,17.101264358778447,16.775456495304663,16.855098724365234,3919400,0.0,0.0,0.025036306670629664,0.03173255920410156,-1.0,-0.2606468200683594,0.0,0.0,0.8520805986809222,0.0,1.0
2021-06-23,16.869582356119654,16.905784006382767,16.666858638453235,16.67409896850586,3124700,0.0,0.0,0.01974558822570662,-0.14926719665527344,-1.0,-0.4416465759277344,0.0,0.0,2.0,0.0,1.0
2021-06-24,16.74650090276848,16.905785415297316,16.645139035487855,16.847864151000977,3085100,0.0,0.0,0.01969851427243849,0.02449798583984375,-1.0,-0.2678813934326172,0.0,0.0,0.9000381406665795,0.0,1.0
2021-06-25,16.855102046425422,17.050585422087135,16.81890039837572,17.028865814208984,5185200,0.0,0.0,0.03346344196383868,0.20549964904785156,1.0,0.1810016632080078,0.144801415704368,0.4965047947014633,0.4565412593838277,0.4765230270426455,0.5234769729573545
2021-06-28,17.03610423509632,17.043344563895054,16.500332332553562,16.58721351623535,3454000,0.0,0.0,0.02171276550143076,-0.23615264892578125,-1.0,-0.4416522979736328,0.14480670293429299,0.376003327048887,2.0,0.0,1.0
2021-06-29,16.674096367195585,16.94922196151439,16.630654393657192,16.710296630859375,3557600,0.0,0.0,0.022529971866457013,-0.11306953430175781,-1.0,-0.3185691833496094,0.0,0.0,2.0,0.0,1.0
2021-06-30,16.64513403831235,16.68857462825497,16.514810887533027,16.630653381347656,3227400,0.0,0.0,0.02034142999340248,-0.19271278381347656,-1.0,-0.3982124328613281,0.0,0.0,2.0,0.0,1.0
2021-07-01,16.623414722889578,16.75373788676145,16.59445478700227,16.681337356567383,2661900,0.0,0.0,0.01682836702495763,-0.14202880859375,1.0,0.05068397521972656,0.0,0.0,0.01619987670529569,1.0,0.0
2021-07-02,16.717539102676096,16.855102607944485,16.69581811312265,16.840621948242188,2310100,0.0,0.0,0.014743760936316467,0.017255783081054688,1.0,0.20996856689453125,0.0,0.0,0.2780218554995034,0.1390109277497517,0.8609890722502482
2021-07-06,16.869578731021196,16.927499978043745,16.522051248885905,16.6234130859375,3680300,0.0,0.0,0.02318583775015517,-0.1999530792236328,1.0,-0.00724029541015625,0.07240353811636524,0.13111832281260324,0.0011890606420927466,0.933846308272652,0.066153691727348
2021-07-07,16.522052567364888,16.9637029742507,16.471371644794694,16.818899154663086,4400600,0.0,0.0,0.02804973965435862,-0.004467010498046875,1.0,0.1882457733154297,0.1086003663062165,2.0,2.0,0.5,0.5
2021-07-08,16.65237499404473,16.710296243133783,16.51481150960142,16.60893440246582,2756700,0.0,0.0,0.01735204438000594,-0.2144317626953125,1.0,-0.021718978881835938,0.007239739284486291,0.0011399022799303527,0.013311541134886409,0.9927742782925916,0.007225721707408381
2021-07-09,16.775453978448073,16.891296450091687,16.616170925175908,16.876815795898438,4237400,0.0,0.0,0.027102499569392303,0.05344963073730469,1.0,0.24616241455078125,0.0,0.0,2.0,1.0,0.0
2021-07-12,16.869580707327717,16.94922294917077,16.746497870366458,16.79718017578125,2765200,0.0,0.0,0.017602822211200363,-0.026185989379882812,1.0,0.16652679443359375,0.0,0.0,2.0,1.0,0.0
2021-07-13,16.775456204544042,17.11574333753421,16.775456204544042,16.992660522460938,5664600,0.0,0.0,0.03647959456371685,0.1692943572998047,1.0,0.36200714111328125,0.0,0.0,2.0,1.0,0.0
2021-07-14,17.057823114991116,17.137465347438127,16.949220949532485,17.072303771972656,2341500,0.0,0.0,0.015149756951001087,0.24893760681152344,1.0,0.441650390625,0.0,0.0,2.0,1.0,0.0
2021-07-15,17.043345361351246,17.115745890823177,16.956462792652715,16.970943450927734,5139000,0.0,0.0,0.0330524744140288,0.14757728576660156,1.0,0.3402900695800781,0.0,0.0,2.0,1.0,0.0
2021-07-16,17.08678905429251,17.14471031694631,16.970946528984914,17.014387130737305,3858400,0.0,0.0,0.024879573590854444,0.19102096557617188,1.0,0.38373374938964844,0.0,0.0,2.0,1.0,0.0
2021-07-19,16.833380898121135,16.949223408879384,16.355530196005443,16.44965171813965,5791600,0.0,0.0,0.03610560614402612,-0.3737144470214844,-1.0,-0.5647354125976562,0.6009325966472723,2.0,2.0,0.0,1.0
2021-07-20,16.52205111757528,16.78269741758097,16.514810789136074,16.652374267578125,3204700,0.0,0.0,0.02022473860537139,-0.1709918975830078,-1.0,-0.3620128631591797,0.0,0.0,0.8899959091670337,0.5550020454164831,0.4449979545835169
2021-07-21,16.76821672745819,16.891299548777802,16.637893577713722,16.65961456298828,2457500,0.0,0.0,0.015515931354653076,-0.16375160217285156,1.0,0.00724029541015625,0.0,0.0,0.0004000042149964304,1.0,0.0
2021-07-22,16.65237797834799,16.710299237817217,16.514814469251668,16.67409896850586,2452300,0.0,0.0,0.015496561591800925,-0.14926719665527344,-1.0,0.014484405517578125,0.0,0.0,0.0016008599725306964,1.0,0.0
2021-07-23,16.78270273197439,16.86234498907366,16.69582014414319,16.811662673950195,1843000,0.0,0.0,0.011742359601379326,-0.0117034912109375,1.0,0.13756370544433594,0.0,0.0,0.14439751738431342,1.0,0.0
2021-07-26,16.847860751653158,17.007143851091996,16.8188994348725,16.94198226928711,2068100,0.0,0.0,0.013278686913962645,0.11861610412597656,1.0,0.26788330078125,0.0,0.0,0.5475745797185126,0.2737872898592563,0.7262127101407436
2021-07-27,16.86234020113132,16.978182698045668,16.797178623998064,16.905780792236328,2586900,0.0,0.0,0.016574263839251816,0.08241462707519531,-1.0,-0.03620147705078125,0.0,0.0,0.018262544948765582,0.0,1.0
2021-07-28,16.970946040247327,17.007146310506503,16.703059345093347,16.7609806060791,2579000,0.0,0.0,0.016382121378480077,-0.06238555908203125,-1.0,-0.1810016632080078,2.4594145067169393e-06,1.5541585350765282e-09,0.45653475819286626,0.7717326201264876,0.2282673798735124
2021-07-29,16.855102607944485,16.978185453510573,16.804420298986443,16.840621948242188,2149900,0.0,0.0,0.013721315803206256,0.017255783081054688,-1.0,-0.10136032104492188,2.755464905135341e-06,2.549883992957355e-08,0.14316757596762522,1.7810482028328363e-07,0.9999998218951797
2021-07-30,16.77545862838016,16.920262448547945,16.732018034710453,16.804418563842773,3988300,0.0,0.0,0.02539982255294263,-0.018947601318359375,-1.0,-0.13756370544433594,0.0,0.0,0.26370383639529565,0.8681480818023521,0.13185191819764783
2021-08-02,16.855099694332075,16.999902123469003,16.4568899070647,16.50033187866211,3726800,0.0,0.0,0.02330494809281704,-0.32303428649902344,-1.0,-0.441650390625,0.02171666995842969,0.00451948783444854,2.0,0.0,1.0
2021-08-03,16.485851387628966,16.608934213159255,16.196245145484603,16.464130401611328,4114100,0.0,0.0,0.02567042238105451,-0.3592357635498047,-1.0,-0.47785186767578125,0.0,0.0,2.0,0.0,1.0
2021-08-04,16.44240940711704,16.46413039312348,15.935598828863556,16.022480010986328,6361900,0.0,0.0,0.03863100000463492,-0.8008861541748047,-1.0,-0.9195022583007812,0.0,0.0,2.0,0.0,1.0
2021-08-05,16.094882830409166,16.500332973170636,15.906638417188104,16.123844146728516,4754800,0.0,0.0,0.029054955814766255,-0.6995220184326172,-1.0,-0.8181381225585938,0.0,0.0,2.0,0.0,1.0
2021-08-06,16.138320798794247,16.601690697266708,16.109359489664104,16.43516731262207,3701000,0.0,0.0,0.023052211123269845,-0.3881988525390625,1.0,0.3113231658935547,0.1375603041432285,0.1255676481355014,0.14480035171415598,0.5355676403815341,0.46443235961846585
2021-08-09,16.406211087817137,16.49309366118146,16.239687651566477,16.456892013549805,2706700,0.0,0.0,0.016881355514342472,-0.3664741516113281,1.0,0.33304786682128906,0.0,0.0,0.16571432531824873,1.0,0.0
2021-08-10,16.42793162966047,16.485852883344375,16.23244688062043,16.370010375976562,4295900,0.0,0.0,0.026651551220322183,-0.4533557891845703,-1.0,-0.08688163757324219,0.0,0.0,0.06805228049866272,0.9659738597506686,0.03402614024933136
2021-08-11,16.406208071114932,16.50756990394229,16.319326894677598,16.398967742919922,3302300,0.0,0.0,0.020523546507338456,-0.42439842224121094,1.0,0.028957366943359375,0.014476242760828484,0.0011634941218827887,0.11108671976669708,0.9896348159920864,0.010365184007913596
2021-08-12,16.362771687686955,16.43517360729101,16.22520817853443,16.246929168701172,3503500,0.0,0.0,0.02157211777060525,-0.5764369964599609,-1.0,-0.15203857421875,0.0072387020859991935,0.00015769492371154077,2.0,0.0,1.0
2021-08-13,16.217963352222927,16.362767151285738,16.109361193401504,16.283124923706055,2738300,0.0,0.0,0.01689811085655714,-0.5402412414550781,-1.0,-0.11584281921386719,0.0,0.0,2.0,0.0,1.0
2021-08-16,16.225206341296495,16.32656818869355,16.152804429890768,16.232446670532227,1895800,0.0,0.0,0.011662613339925614,-0.5909194946289062,-1.0,-0.1665210723876953,0.0,0.0,2.0,0.0,1.0
2021-08-17,16.15280335433357,16.22520526091831,16.008000922115592,16.16728401184082,2044200,0.0,0.0,0.012525060297436365,-0.6560821533203125,-1.0,-0.23168373107910156,0.0,0.0,2.0,0.0,1.0
2021-08-18,16.123845580249917,16.16004584791599,15.848718574561683,15.863199234008787,1692900,0.0,0.0,0.010177508118072028,-0.9601669311523455,-1.0,-0.5357685089111346,0.0,0.0,2.0,0.0,1.0
2021-08-19,15.81975625130974,15.863196842149373,15.566350273000824,15.689433097839355,3298400,0.0,0.0,0.019612364093287996,-1.1339330673217773,-1.0,-0.7095346450805664,0.0,0.0,2.0,0.0,1.0
2021-08-20,15.696673197785849,15.732873459466228,15.5229094560074,15.645992279052734,3209800,0.0,0.0,0.019032702447104366,-1.1773738861083984,-1.0,-0.7529754638671875,0.0,0.0,2.0,0.0,1.0
2021-08-23,15.718393031415282,15.870437170781225,15.602550535208604,15.689433097839355,2561300,0.0,0.0,0.015229550131014596,-1.1339330673217773,1.0,0.043440818786621094,0.007240328631851867,4.077009442781816e-05,0.0033283911253850027,0.9878990372475903,0.012100962752409695
2021-08-24,15.7111549713749,15.884918725502123,15.674953326170334,15.703914642333984,2547000,0.0,0.0,0.01515850057885841,-1.1194515228271484,1.0,0.05792236328125,0.0,0.0,0.0059173995841626135,1.0,0.0
2021-08-25,15.674953550626286,15.906638559446842,15.660472892337106,15.747355461120604,3292200,0.0,0.0,0.019647767715972278,-1.0760107040405291,1.0,0.10136318206786932,0.0,0.0,0.018121695229376775,1.0,0.0
2021-08-26,15.761835777429484,15.783555383440428,15.50118945768574,15.54463005065918,3170900,0.0,0.0,0.01868023392089354,-1.2787361145019531,-1.0,-0.202725410461424,0.1737638684845937,0.018465330772318735,2.0,0.0,1.0
2021-08-27,15.55186778928703,15.711152238578062,15.537387133723968,15.67495059967041,2543200,0.0,0.0,0.015107968456182976,-1.1484155654907227,-1.0,-0.07240486145019354,0.0,0.0,0.5102405641783571,0.7448797179108215,0.25512028208917853
2021-08-30,15.645991686573606,15.689432275135353,15.385345393300302,15.399826049804688,2903400,0.0,0.0,0.016945019050293653,-1.4235401153564453,-1.0,-0.3475294113159162,0.0,0.0,2.0,0.0,1.0
2021-08-31,15.399826955283684,15.674952540286796,15.370865640572044,15.667712211608888,4144500,0.0,0.0,0.02460917776263291,-1.1556539535522443,-1.0,-0.0796432495117152,0.0,0.0,0.6173585554330722,0.6913207222834639,0.3086792777165361
2021-09-01,15.696672208256796,15.761833779934816,15.544628080690956,15.653231620788574,3454900,0.0,0.0,0.020495516473585614,-1.1701345443725586,1.0,-0.014480590820314276,0.07240150479946372,0.003828455329580036,0.020408547287050542,0.9878814986916847,0.012118501308315289
2021-09-02,15.63875309542399,15.732874611254392,15.588072172980574,15.696674346923828,3311200,0.0,0.0,0.019697560147620405,-1.1266918182373047,1.0,0.02896213531493963,0.05792207096759583,0.002642882660462643,2.0,0.9986803025724927,0.0013196974275072133
2021-09-03,15.732875858194724,15.87043935926655,15.71839519893418,15.725635528564451,3007500,0.0,0.0,0.017923929025600513,-1.0977306365966815,1.0,0.057923316955562854,0.0,0.0,2.0,1.0,0.0
2021-09-07,15.790795576245348,15.790795576245348,15.508429652925834,15.573591232299805,3277100,0.0,0.0,0.01934184234491474,-1.2497749328613281,-1.0,-0.15204429626464666,0.07964252005474037,0.004060938082719057,2.0,0.0,1.0
2021-09-08,15.537389721671682,15.617031959582617,15.4577488647123,15.54463005065918,3069200,0.0,0.0,0.01808110440253759,-1.2787361145019531,-1.0,-0.18100547790527166,0.0,0.0,2.0,0.0,1.0
2021-09-09,15.50118623220968,15.609788382521195,15.378103426936294,15.43602466583252,4048500,0.0,0.0,0.02368366891084107,-1.3873414993286133,-1.0,-0.2896108627319318,0.0,0.0,2.0,0.0,1.0
2021-09-10,15.443270230079216,15.508431818552475,15.08126201898411,15.269506454467772,5656900,0.0,0.0,0.03273579369982343,-1.5538597106933612,-1.0,-0.4561290740966797,0.0,0.0,2.0,0.0,1.0
2021-09-13,15.457749883953324,15.812517742023852,15.436028895558607,15.711155891418455,5689400,0.0,0.0,0.03387614475535351,-1.1122102737426776,1.0,0.4416494369506836,0.2027293595026567,0.03322457939266551,0.9375185105419093,0.9657740758217452,0.03422592417825477
2021-09-14,15.769075286392727,15.834236862940129,15.233303397743033,15.255023002624512,4588700,0.0,0.0,0.02652906268023776,-1.568343162536621,1.0,-0.014483451843259942,0.0,0.0,0.0010754464668744747,0.9994622767665627,0.0005377232334372374
2021-09-15,15.266006600995286,15.639419872850125,15.266006600995286,15.624775886535645,4934400,0.235,0.0,0.02921914626980371,-1.1985902786254883,1.0,0.35526943206787287,0.0,0.0,2.0,1.0,0.0
2021-09-16,15.639420702518292,15.76389179973974,15.434409072821948,15.588168144226074,4143000,0.0,0.0,0.024475376923725464,-1.2351980209350586,1.0,0.31866168975830256,0.0,0.0,2.0,1.0,0.0
2021-09-17,15.5076250351166,15.617452126998632,15.104923836179491,15.229394912719728,18771800,0.0,0.0,0.10834476717384624,-1.5939712524414045,-1.0,-0.3587732315063459,0.1610827648157951,0.010212620204719565,1.2675945265757211,0.3610964266097797,0.6389035733902203
2021-09-20,14.973134994506838,15.23671978554894,14.819375919582065,14.973134994506836,4293200,0.0,0.0,0.02436201658302759,-1.8502311706542969,-1.0,-0.6150331497192383,0.0,0.0,2.0,0.0,1.0
2021-09-21,15.04635058686534,15.075638558698186,14.50453567670398,14.526501655578612,6125000,0.0,0.0,0.033719917597315886,-2.2968645095825213,-1.0,-1.0616664886474627,0.0,0.0,2.0,0.0,1.0
2021-09-22,14.636329968715836,14.731514488526043,14.541146845433104,14.643651962280272,3868800,0.0,0.0,0.021470643021441672,-2.179714202880861,-1.0,-0.9445161819458026,0.0,0.0,2.0,0.0,1.0
2021-09-23,14.694900474152886,14.958486583778726,14.694900474152886,14.804727554321287,3670100,0.0,0.0,0.020591960242542975,-2.0186386108398455,1.0,0.16107559204101562,0.0,0.0,0.029083098006553273,1.0,0.0
2021-09-24,14.775443206352904,14.965810825648578,14.753477228405488,14.812051773071287,3475900,0.0,0.0,0.019512003651380914,-2.0113143920898455,1.0,0.16839981079101562,0.0,0.0,0.03178808697710647,1.0,0.0
2021-09-27,15.346545339144525,15.346545339144525,14.95116749448389,15.126891136169434,4351100,0.0,0.0,0.0249441161306995,-1.6964750289916992,1.0,0.48323917388916193,0.0,0.0,0.2617613131468727,1.0,0.0
2021-09-28,15.23671677754188,15.47833693627127,15.192786220462144,15.214752197265623,4629500,0.0,0.0,0.0266942882353245,-1.6086139678955096,1.0,0.5711002349853516,0.0,0.0,0.3655997347359489,1.0,0.0
2021-09-30,15.200106718760049,15.287967824283932,14.797405562773116,14.804727554321287,4874100,0.0,0.0,0.027347285746486122,-2.0186386108398455,-1.0,-0.41002464294433594,0.0,0.0,0.5154603217036237,0.7422698391481881,0.25773016085181183
2021-10-01,14.987775173653176,15.141534223835864,14.760798991173978,15.039029121398926,3915300,0.0,0.0,0.02231537649036808,-1.784337043762207,-1.0,-0.17572307586669744,0.0,0.0,0.09467447716500614,0.952662761417497,0.04733723858250307
2021-10-04,15.017062825237987,15.134211910260063,14.89259174783612,15.03170680999756,4045400,0.0,0.0,0.023045659461973848,-1.7916593551635724,-1.0,-0.18304538726806285,0.0,0.0,0.10272896216383728,0.9486355189180814,0.05136448108191864
2021-10-05,15.017062821845906,15.141533899219656,14.804729232461815,15.009740829467772,3346900,0.0,0.0,0.019038612896215217,-1.8136253356933612,-1.0,-0.20501136779785156,0.0,0.0,0.12886388152204725,0.9355680592389763,0.06443194076102363
2021-10-06,14.92188222779614,15.112249889932436,14.812055106398022,15.068319320678713,3731200,0.0,0.0,0.02130751080860011,-1.75504684448242,-1.0,-0.1464328765869105,0.0,0.0,0.06574345294055951,0.9671282735297202,0.032871726470279757
2021-10-07,15.207430332259666,15.405119935563668,15.16349837828506,15.229394912719728,3534700,0.0,0.0,0.020401146854824487,-1.5939712524414045,1.0,0.16107559204101562,0.26358603634401234,0.027345371625775966,1.2099914032430252,0.9778998150049525,0.02210018499504752
2021-10-08,15.258686261689943,15.368513377897637,15.17814572475811,15.207433700561523,2925800,0.0,0.0,0.01686242150431055,-1.6159324645996094,1.0,0.13911437988281072,0.0,0.0,0.9025408351303619,1.0,0.0
2021-10-11,15.30261626038823,15.397800781685744,15.06831804877512,15.082962036132812,4423300,0.0,0.0,0.025284385720369094,-1.7404041290283203,1.0,0.014642715454099786,0.09518032950994026,0.002990847008383879,0.009999218490512787,0.7697588970095715,0.2302411029904285
2021-10-12,15.05367129583875,15.090281257507204,14.709546035318754,14.797407150268556,3459700,0.0,0.0,0.01940186323208121,-2.0259590148925763,-1.0,-0.28555488586425604,0.4685996894393565,0.053498632647077236,2.0,0.0,1.0
2021-10-13,14.81937548115879,14.907238006591797,14.658295813813655,14.907238006591797,1982900,0.0,0.0,0.011202562404468649,-1.916128158569336,-1.0,-0.17572402954101562,0.0,0.0,2.0,0.0,1.0
2021-10-14,15.009743357567004,15.390478646193836,14.951168805203451,15.302616119384766,3371300,0.0,0.0,0.019551606950304324,-1.5207500457763672,1.0,0.39537811279296875,0.30019738868663204,0.03896710518962069,2.0,0.9808888014473403,0.019111198552659737
2021-10-15,15.419765085836824,15.668707280281431,15.361190533998531,15.566202163696287,4568400,0.0,0.0,0.026950458805475322,-1.2571640014648455,1.0,0.6589641571044904,0.0,0.0,2.0,1.0,0.0
2021-10-18,15.61013272833561,15.624776715426952,15.419765085730608,15.588168144226074,4539400,0.0,0.0,0.026817167754660722,-1.2351980209350586,1.0,0.6809301376342773,0.0,0.0,2.0,1.0,0.0
2021-10-19,15.287971633747269,15.368512164319196,14.62900759200882,14.768122673034668,9438100,0.0,0.0,0.05282375128370855,-2.055243492126465,-1.0,-0.8200454711914062,0.732182941989711,0.1269149111321346,1.4503431111644538,0.2113709888517058,0.7886290111482942
2021-10-20,14.46792736533591,15.024386271294295,14.416674810245745,14.665616989135742,6676300,0.0,0.0,0.03710697535913634,-2.1577491760253906,-1.0,-0.922551155090332,0.0,0.0,1.8355905000675123,0.08220474996624383,0.9177952500337562
2021-10-21,14.768121705030378,14.848662230323129,14.31416792137218,14.46792697906494,4506500,0.0,0.0,0.024709562572463064,-2.355439186096193,-1.0,-1.1202411651611346,0.0,0.0,2.0,0.0,1.0
2021-10-22,14.416675121611023,14.526502227251578,14.248272069999594,14.328812599182127,3256300,0.0,0.0,0.01768292014378614,-2.4945535659790057,-1.0,-1.259355545043947,0.0,0.0,2.0,0.0,1.0
2021-10-25,14.431317711576323,14.4898936575472,14.28488203623139,14.328812599182127,3163600,0.0,0.0,0.017179524665074417,-2.4945535659790057,-1.0,-1.259355545043947,0.0,0.0,2.0,0.0,1.0
2021-10-26,14.350778514116008,14.409353063294956,14.06522636490716,14.138444900512695,3121100,0.0,0.0,0.016723558782112423,-2.6849212646484375,-1.0,-1.449723243713379,0.0,0.0,2.0,0.0,1.0
2021-10-27,14.10183481655324,14.131121389733874,13.538053968421648,13.625916481018066,6174500,0.0,0.0,0.03188503450357172,-3.1974496841430664,-1.0,-1.9622516632080078,0.0,0.0,2.0,0.0,1.0
2021-10-28,13.6991336056795,13.90414520395489,13.47947941908443,13.581984519958496,5698600,0.0,0.0,0.029332614767538432,-3.2413816452026367,-1.0,-2.006183624267578,0.0,0.0,2.0,0.0,1.0
2021-10-29,13.545378960980692,13.647884084607398,13.311080737532464,13.340367317199709,5164300,0.0,0.0,0.026109504164961567,-3.482998847961424,-1.0,-2.2478008270263654,0.0,0.0,2.0,0.0,1.0
2021-11-01,13.413585322712876,13.845573178552586,13.347688775447326,13.75039005279541,4541600,0.0,0.0,0.02366700337602617,-3.0729761123657227,1.0,0.41002273559570135,0.0,0.0,0.03327363316911719,1.0,0.0
2021-11-02,13.801643819762091,13.81628780855255,13.281793389921877,13.376977920532228,8539300,0.0,0.0,0.04329120308473266,-3.4463882446289045,-1.0,-0.3734121322631818,0.02928734761058749,7.22157096255137e-05,0.8293941555089518,0.5852668143907114,0.4147331856092887
2021-11-03,13.07677979344614,13.574664112952044,12.52032093026468,13.552698135375977,12062100,0.0,0.0,0.06195381627909963,-3.2706680297851562,-1.0,-0.1976919174194336,0.0,0.0,0.23246734182236872,0.8837663290888156,0.11623367091118436
2021-11-04,13.545377675307334,13.713779332860785,12.981596755817144,13.076781272888184,6082600,0.0,0.0,0.030144597605120182,-3.746584892272949,1.0,-0.47591686248779297,0.0,0.0,1.3472441545337863,0.32637792273310684,0.6736220772668932
2021-11-05,13.274469250052476,13.457514890765722,13.084103012654824,13.25982666015625,5588600,0.0,0.0,0.028084082934166487,-3.563539505004883,1.0,-0.29287147521972656,0.0,0.0,0.5101974362087529,0.7449012818956235,0.25509871810437645
2021-11-08,13.325721870833323,13.457513545893276,13.289111908432831,13.362330436706545,3905800,0.0,0.0,0.019779330257003663,-3.461035728454588,1.0,-0.19036769866943182,0.0,0.0,0.21556122448979376,0.8922193877551031,0.10778061224489688
2021-11-09,13.281792199896213,13.391620709456571,13.149999105645785,13.215895652770996,4432200,0.0,0.0,0.022199097776910738,-3.6074705123901367,-1.0,-0.14643478393554865,0.0,0.0,0.12754769770703486,0.9362261511464826,0.06377384885351743
2021-11-10,13.28911180565598,13.603950497228906,13.25250324006589,13.581984519958496,6115500,0.0,0.0,0.0314785395730322,-3.2413816452026367,1.0,0.3660888671875,0.14643695133563028,0.0020409906746784506,2.0,0.998980545011723,0.0010194549882770615
2021-11-11,13.60395182957422,13.60395182957422,13.142677433937326,13.179286003112791,4891800,0.0,0.0,0.024433177447000253,-3.6440801620483416,1.0,-0.0366096496582049,0.007321671708458766,4.0368690330772325e-06,0.010000416809946011,0.9949977731605104,0.005002226839489544
2021-11-12,13.164644272653476,13.560023590830058,13.164644272653476,13.376977920532228,5265100,0.0,0.0,0.026692177738389087,-3.4463882446289045,1.0,0.16108226776123225,0.0,0.0,2.0,1.0,0.0
2021-11-15,13.479481131167368,13.545377674821124,13.040171305651466,13.054815292358398,6688500,0.0,0.0,0.03309168157119902,-3.7685508728027344,-1.0,-0.3221626281738299,0.10250612828586014,0.0007398622960808842,2.0,0.0,1.0
2021-11-16,13.098747165916128,13.11339115408756,12.74729982896724,12.761943817138672,7711300,0.0,0.0,0.037296132688539096,-4.061422348022461,-1.0,-0.6150341033935565,0.0,0.0,2.0,0.0,1.0
2021-11-17,12.68140214764998,12.703368127947948,12.381207399548348,12.51300048828125,7847100,0.0,0.0,0.03721260064946165,-4.310365676879883,-1.0,-0.8639774322509783,0.0,0.0,2.0,0.0,1.0
2021-11-18,12.542287652006111,12.659438155879524,12.117621788745357,12.33727741241455,8485800,0.0,0.0,0.03967633017734566,-4.486088752746582,-1.0,-1.0397005081176776,0.0,0.0,2.0,0.0,1.0
2021-11-19,12.315310862833638,12.39585139411544,12.0297601014199,12.190839767456056,8641800,0.0,0.0,0.03992612920287624,-4.632526397705076,-1.0,-1.1861381530761719,0.0,0.0,2.0,0.0,1.0
2021-11-22,12.242092193943906,12.556930925736282,12.095656516349678,12.454425811767578,6867100,0.0,0.0,0.032412792979992194,-4.368940353393555,1.0,0.26358604431152166,0.0,0.0,0.04938263664040442,1.0,0.0
2021-11-23,12.527644220631176,12.703367869862507,12.351920571399845,12.37388515472412,6093800,0.0,0.0,0.02857680366618707,-4.4494810104370135,1.0,0.18304538726806285,0.0,0.0,0.023814804859063538,1.0,0.0
2021-11-24,12.337276071113497,12.476391144660065,12.12494246430414,12.16155242919922,5593400,0.0,0.0,0.025780080443306437,-4.661813735961912,-1.0,-0.2123327255248988,0.0,0.0,1.3456009669841393,0.32719951650793033,0.6728004834920697
2021-11-26,11.993151345508892,12.08833587327848,11.839393657380842,12.007795333862305,5300400,0.0,0.0,0.02412077713368852,-4.815570831298828,-1.0,-0.36608982086181463,0.0,0.0,2.0,0.0,1.0
2021-11-29,12.066367579641051,12.13958611085676,11.751528872982648,11.832069396972656,5707900,0.0,0.0,0.025595076842264954,-4.991296768188477,-1.0,-0.5418157577514631,0.0,0.0,2.0,0.0,1.0
2021-11-30,11.77349561028585,11.824748166482651,11.487944158052874,11.583127975463867,12170700,0.0,0.0,0.053426999652052234,-5.240238189697266,-1.0,-0.7907571792602521,0.0,0.0,2.0,0.0,1.0
2021-12-01,11.773495610120898,12.088334337071023,11.722243053924815,11.883322715759276,8494700,0.0,0.0,0.03825650670284866,-4.940043449401857,1.0,0.3001947402954084,0.0,0.0,0.1441185454711686,1.0,0.0
2021-12-02,11.985829042731108,12.747298173921678,11.95654107019085,12.556930541992188,15752400,0.0,0.0,0.07496345540781046,-4.266435623168945,1.0,0.9738025665283203,0.0,0.0,1.516545841624734,1.0,0.0
2021-12-03,12.564252979283449,12.718012047500515,12.351920756970047,12.622827529907228,7613800,0.0,0.0,0.036423148674111644,-4.2005386352539045,1.0,1.0396995544433612,0.0,0.0,1.7287389956615404,1.0,0.0
2021-12-06,12.74729731423342,13.355008738185262,12.637470217669074,13.0694580078125,10272600,0.0,0.0,0.05088119809326301,-3.753908157348633,1.0,1.4863300323486328,0.0,0.0,2.0,1.0,0.0
2021-12-07,12.996239314912945,13.1353543802974,12.608182088957273,12.688722610473633,9533900,0.0,0.0,0.0458466776534031,-4.1346435546875,-1.0,-0.3807353973388672,0.0,0.0,0.06561694471712473,0.9671915276414377,0.032808472358562366
2021-12-08,12.696044816092858,13.142676593412167,12.688722823420555,12.959630966186523,5735200,0.0,0.0,0.028168296012267488,-3.8637351989746094,1.0,0.2709083557128906,0.0,0.0,0.5062887645271263,1.0,0.0
2021-12-09,12.820517645634776,13.25982749015049,12.820517645634776,13.201252937316896,7506900,0.0,0.0,0.037557368608923926,-3.6221132278442365,1.0,0.5125303268432635,0.0,0.0,1.8121436650418046,1.0,0.0
2021-12-10,13.215894006272649,13.39893963736522,13.15731946018412,13.333043098449709,6538900,0.0,0.0,0.03304101288683218,-3.490323066711424,1.0,0.644320487976076,0.0,0.0,2.0,1.0,0.0
2021-12-13,13.325721870833323,13.464835538373372,13.05481373517878,13.362330436706545,6151400,0.0,0.0,0.031151255093177413,-3.461035728454588,1.0,0.6736078262329119,0.0,0.0,2.0,1.0,0.0
2021-12-14,13.37697333371337,13.61859347979648,13.311076803279144,13.32572078704834,8249300,0.0,0.0,0.0416607592696702,-3.497645378112793,1.0,0.636998176574707,0.0,0.0,2.0,1.0,0.0
2021-12-15,13.398938183448474,13.530731246978652,13.223214564250627,13.420904159545898,8278100,0.0,0.0,0.04210482019773301,-3.4024620056152344,-1.0,0.0951833724975586,0.0,0.0,0.062499373796123046,1.0,0.0
2021-12-16,13.513617784763088,13.736126069797196,13.313362167295823,13.713874816894531,8774100,0.235,0.0,0.04560181562440087,-3.1094913482666016,1.0,0.2929706573486328,0.0,0.0,0.5921091059485964,1.0,0.0
2021-12-17,13.624873156027034,13.676791333455943,12.831262081431175,12.890597343444824,81610000,0.0,0.0,0.39869041455217524,-3.9327688217163086,-1.0,-0.823277473449707,0.39195248281945183,0.009932761401024106,2.0,0.0,1.0
2021-12-20,12.809013581162622,13.179859361175453,12.638424861876173,13.03893756866455,9632200,0.0,0.0,0.047597820968720915,-3.784428596496582,-1.0,-0.6749372482299805,0.0,0.0,2.0,0.0,1.0
2021-12-21,13.135354088356026,13.365279442198888,13.098270084014446,13.32077693939209,6490800,0.0,0.0,0.032767790410905315,-3.502589225769043,1.0,0.28183937072753906,0.0,0.0,0.17437191133643135,1.0,0.0
2021-12-22,13.320778423690488,13.402364939929829,13.187275144386444,13.231776237487791,5556500,0.0,0.0,0.02786370351122464,-3.5915899276733416,1.0,0.1928386688232404,0.0,0.0,0.08163219167993277,1.0,0.0
2021-12-23,13.165024373344869,13.276277817510696,13.113106193711763,13.202108383178713,3786700,0.0,0.0,0.018946263240451084,-3.62125778198242,-1.0,-0.02966785430907848,0.0,0.0,0.023669224317419617,0.9881653878412902,0.011834612158709809
2021-12-27,13.105687971475287,13.239192658754208,12.927682193324785,13.127939224243164,3734900,0.0,0.0,0.018582104987004182,-3.6954269409179688,-1.0,-0.10383701324462713,0.0,0.0,0.28994533492612706,0.8550273325369364,0.14497266746306353
2021-12-28,13.05376894203356,13.335611051993768,13.05376894203356,13.194690704345703,3069100,0.0,0.0,0.015347216770192684,-3.6286754608154297,1.0,0.06675148010253906,0.059333234483071706,0.0002673620684770041,0.413254341219203,0.9993534509401771,0.0006465490598228767
2021-12-29,13.224357125327847,13.34302763184661,13.187273122539745,13.25402545928955,3341100,0.0,0.0,0.016782499717412434,-3.569340705871582,1.0,0.12608623504638672,0.0,0.0,1.4744531525083644,1.0,0.0
2021-12-30,13.298527451234504,13.483950307130884,13.298527451234504,13.37269687652588,4038000,0.0,0.0,0.02046466730566919,-3.450669288635252,1.0,0.24475765228271662,0.0,0.0,2.0,1.0,0.0
2021-12-31,13.476534371541572,13.535869633898118,13.231776237487791,13.231776237487791,4251100,0.0,0.0,0.021317626202927573,-3.5915899276733416,1.0,0.10383701324462713,0.0,0.0,1.0,1.0,0.0
2022-01-03,13.283693363355107,13.765792508660326,13.202106853576147,13.743542671203612,8040900,0.0,0.0,0.04188154843616504,-3.0798234939575213,1.0,0.6156034469604474,0.09642059765835675,0.0009801397058773946,2.0,0.9995101701978804,0.0004898298021196076
2022-01-04,13.736124896937916,14.017967002985678,13.65453839125859,13.66937255859375,5851700,0.0,0.0,0.030314471907997208,-3.153993606567383,1.0,0.5414333343505859,0.0,0.0,2.0,1.0,0.0
2022-01-05,13.68420696258545,13.980883241099132,13.669372794993745,13.68420696258545,4657500,0.0,0.0,0.024154156238973774,-3.1391592025756836,1.0,0.5562677383422852,0.0,0.0,2.0,1.0,0.0
2022-01-06,13.09827251121583,13.66195825258006,13.016685988948902,13.602622985839844,8212100,0.0,0.0,0.04233467831486009,-3.220743179321289,-1.0,-0.08158397674560547,0.6378524023096883,0.039221861300323915,0.021510078511691566,0.9696340300939923,0.03036596990600774
2022-01-07,13.654541697744486,14.099556922912598,13.63229044135354,14.099556922912598,7736900,0.0,0.0,0.041342032352249355,-2.723809242248535,1.0,0.4969339370727539,0.11867368181346549,0.0018982589426901808,2.0,0.9990517705211989,0.000948229478801162
2022-01-10,14.077303516201,14.23305945781696,13.81029555361736,13.869630813598633,5856100,0.0,0.0,0.030781711179303447,-2.9537353515625,1.0,0.26700782775878906,0.0,0.0,2.0,1.0,0.0
2022-01-11,13.951215365674958,14.069885880991192,13.572952567605412,13.743542671203612,4871300,0.0,0.0,0.025372481550210893,-3.0798234939575213,-1.0,-0.1260881423950213,0.05933787374812738,0.0003712037074885977,0.22299776267226656,0.8883155168101224,0.11168448318987759
2022-01-12,13.758376328312693,13.780627581895065,13.357863666479524,13.587787628173828,6748100,0.0,0.0,0.03474958591960209,-3.2355785369873047,-1.0,-0.2818431854248047,0.0,0.0,1.114210098024617,0.4428949509876915,0.5571050490123085
2022-01-13,13.647121288292928,13.839961219385152,13.521033695450477,13.699039459228516,4902000,0.0,0.0,0.025449707616499017,-3.124326705932617,1.0,0.1112518310546875,0.0,0.0,0.15581141008423335,1.0,0.0
2022-01-14,13.61004027868695,13.684209716910038,13.461701402240775,13.647124290466309,3999700,0.0,0.0,0.02068654387237097,-3.176241874694824,-1.0,-0.05191516876220703,0.0,0.0,0.21775804308719116,0.8911209784564045,0.10887902154359558
2022-01-18,13.62487120064299,13.788042794096764,13.38752877198655,13.439448356628418,4013200,0.0,0.0,0.02044050494496203,-3.383917808532715,-1.0,-0.25959110260009766,0.0,0.0,2.0,0.0,1.0
2022-01-19,13.491367859360802,14.055053530608884,13.424615515748254,13.921548843383787,16322500,0.0,0.0,0.08611793479403473,-2.9018173217773455,1.0,0.4821004867553693,0.3708438136988459,0.016332096588053794,2.0,0.991900095913917,0.008099904086082958
2022-01-20,13.921548160227362,14.077302677904026,13.52845120209505,13.543285369873049,6781000,0.0,0.0,0.034804640128342106,-3.280080795288084,1.0,0.10383701324463068,0.0,0.0,0.1600017634076438,1.0,0.0
2022-01-21,13.565535689296768,13.654537860520188,13.37269576542735,13.454280853271484,4733800,0.0,0.0,0.024137360019869575,-3.3690853118896484,-1.0,-0.08900451660156428,0.0519197503209039,0.0002374877286962063,0.7347163699816175,0.6325230711448431,0.36747692885515687
2022-01-24,13.350446037627524,13.424615465213844,12.942516307899016,13.246609687805176,6637500,0.0,0.0,0.03332181491350989,-3.576756477355957,-1.0,-0.29667568206787287,0.0,0.0,2.0,0.0,1.0
2022-01-25,13.053771053142354,13.49136916372593,12.890598013129578,13.424616813659668,6219700,0.0,0.0,0.03164395144321544,-3.398749351501465,-1.0,-0.11866855621338068,0.0,0.0,1.3060714670246143,0.34696426648769285,0.6530357335123071
2022-01-26,13.528451137054205,13.73612524095542,13.261441776990363,13.387529373168944,4513900,0.0,0.0,0.022901912126822146,-3.4358367919921893,1.0,-0.03708744049072443,0.3115097757415768,0.008220122855957817,0.1275702332690418,0.9321048219375002,0.06789517806249981
2022-01-27,13.439448809747956,13.728708003470755,13.387529223355584,13.498784065246582,4582200,0.0,0.0,0.023441643927012843,-3.324582099914551,1.0,0.07416725158691406,0.23733883974482595,0.005096399980842255,2.0,0.99745827682854,0.0025417231714599605
2022-01-28,13.535867885635216,13.980883003164251,13.483949714611905,13.973465919494627,6169800,0.0,0.0,0.032673420337578626,-2.8499002456665057,1.0,0.5488491058349592,0.0,0.0,2.0,1.0,0.0
2022-01-31,13.7954637686544,14.040221935201592,13.684210313799207,14.02538776397705,7403600,0.0,0.0,0.03935294128578409,-2.797978401184082,1.0,0.6007709503173828,0.0,0.0,2.0,1.0,0.0
2022-02-01,14.062470561441842,14.314645791796602,13.98830254106105,14.284978866577148,4596000,0.0,0.0,0.02488163963983017,-2.5383872985839844,1.0,0.8603620529174805,0.0,0.0,2.0,1.0,0.0
2022-02-02,14.24789394211714,14.262728112580008,13.988303032338758,14.040221214294434,5497200,0.0,0.0,0.029250605594335146,-2.783144950866699,1.0,0.6156044006347656,0.0,0.0,2.0,1.0,0.0
2022-02-03,14.017967176778408,14.12180493474784,13.810294490167696,13.832544326782228,3061000,0.0,0.0,0.01604666454798683,-2.9908218383789045,-1.0,-0.20767688751220525,0.1780080508933537,0.0035424049294732873,0.11380802879109829,0.9413247831397142,0.05867521686028579
2022-02-04,13.788042532019324,13.862211951148176,13.37269576542735,13.454280853271484,5091900,0.0,0.0,0.02596329027106635,-3.3690853118896484,-1.0,-0.5859403610229492,0.0,0.0,0.9059482641665609,0.5470258679167195,0.45297413208328047
2022-02-07,13.528453674641666,13.728710732252582,13.424617310546092,13.580371856689451,4342200,0.0,0.0,0.022348112998844958,-3.2429943084716815,-1.0,-0.45984935760498225,0.0,0.0,0.5579916972595019,0.721004151370249,0.27899584862975096
2022-02-08,13.550705011041355,13.684209716910038,13.372699208104567,13.647124290466309,4135000,0.0,0.0,0.021386318701966136,-3.176241874694824,-1.0,-0.393096923828125,0.0,0.0,0.40775177392094303,0.7961241130395285,0.20387588696047151
2022-02-09,13.73612398339901,13.891878486067364,13.6471203999714,13.884461402893066,4547200,0.0,0.0,0.02392723238087167,-2.9389047622680664,1.0,0.2373371124267578,0.16316775381478266,0.003082461385550737,0.36452894430898153,0.9916148918727725,0.00838510812722747
2022-02-10,13.899298044619268,14.040219820700276,13.647122830438189,13.70645809173584,6208500,0.0,0.0,0.032250117529559155,-3.116908073425293,1.0,0.05933380126953125,0.0,0.0,0.022782692830800717,1.0,0.0
2022-02-11,14.062468284090023,14.685489174110629,13.966049024411062,14.41106414794922,9819100,0.0,0.0,0.053627445235397565,-2.4123020172119123,1.0,0.7639398574829119,0.0,0.0,2.0,1.0,0.0
2022-02-14,14.329479040484296,14.78932837646838,14.314644871496116,14.685490608215332,9000400,0.0,0.0,0.05009214678732268,-2.137875556945801,1.0,1.0383663177490234,0.0,0.0,2.0,1.0,0.0
2022-02-15,14.752239671295651,15.086001325939227,14.700321506054188,14.900578498840332,7764400,0.0,0.0,0.043846042890900466,-1.9227876663208008,1.0,1.2534542083740234,0.0,0.0,2.0,1.0,0.0
2022-02-16,14.759661827802804,15.13050760947958,14.566821851571152,14.707743644714355,6666600,0.0,0.0,0.03715949670447443,-2.1156225204467773,1.0,1.0606193542480469,0.0,0.0,2.0,1.0,0.0
2022-02-17,14.67065749510012,14.796745099087577,14.544569891112666,14.692907333374023,4099400,0.0,0.0,0.02282692490069375,-2.1304588317871094,-1.0,-0.014836311340332031,0.15575161494152212,0.0053446445071335105,0.00019567384594168928,0.9972298408234624,0.0027701591765376
2022-02-18,14.744826017630754,14.84866378692696,14.40364861546042,14.633572578430176,6557300,0.0,0.0,0.03636593791014272,-2.189793586730957,-1.0,-0.07417106628417969,0.0,0.0,0.004890462681220002,0.99755476865939,0.002445231340610001
2022-02-22,14.66323931738032,14.6854891539951,14.388812876930729,14.440731048583984,4140300,0.0,0.0,0.0226589804036981,-2.3826351165771484,-1.0,-0.2670125961303711,0.0,0.0,0.06337885704499387,0.9683105714775031,0.03168942852249693
2022-02-23,14.425901332411014,14.626156977418646,14.359148979187012,14.359148979187012,3789000,0.0,0.0,0.02061924126788546,-2.464217185974121,-1.0,-0.34859466552734375,0.0,0.0,0.10802452816044655,0.9459877359197767,0.05401226408022328
2022-02-24,14.077302086777536,14.121804588242805,13.506199383283002,13.810294151306152,7065900,0.0,0.0,0.0369819484919723,-3.0130720138549805,-1.0,-0.8974494934082031,0.0,0.0,0.7159800770098053,0.6420099614950974,0.35799003850490263
2022-02-25,13.877046956866266,14.262726867239271,13.817711694859977,14.114389419555664,5247000,0.0,0.0,0.028066776315002845,-2.7089767456054688,1.0,0.3040952682495117,0.0,0.0,0.11481517486170553,1.0,0.0
2022-02-28,13.973468829088995,13.973468829088995,13.394948914373822,13.483952522277832,8365100,0.0,0.0,0.042747205149749244,-3.339413642883301,-1.0,-0.630436897277832,0.11125046890918,0.001109847392694003,2.0,0.0,1.0
2022-03-01,13.417200434037364,13.528453885108336,12.831263422578187,13.03893756866455,7776500,0.0,0.0,0.038427820722499346,-3.784428596496582,-1.0,-1.0754518508911133,0.0,0.0,2.0,0.0,1.0
2022-03-02,13.09827249955706,13.535870621875782,13.068605573545533,13.417200088500977,4473800,0.0,0.0,0.02274876556997917,-3.4061660766601562,1.0,0.3782625198364258,0.0,0.0,0.12370996384797435,1.0,0.0
2022-03-03,13.43203216452036,13.513617259329598,13.261442061561135,13.283693313598633,5051600,0.0,0.0,0.02543121845854975,-3.5396728515625,1.0,0.24475574493408203,0.0,0.0,0.05179452399305501,1.0,0.0
2022-03-04,13.15760826531766,13.350448243032298,12.994436629404229,13.172442436218262,6611700,0.0,0.0,0.03300645047621278,-3.650923728942871,-1.0,-0.1112508773803711,0.07416894414130404,0.0004127039946350629,0.2066051299133035,0.8964910830460308,0.10350891695396927
2022-03-07,13.053770573278772,13.194692353201,12.786761182829135,12.99443531036377,5609400,0.0,0.0,0.027624421711054562,-3.8289308547973633,-1.0,-0.2892580032348633,0.0,0.0,1.396705936400997,0.3016470317995015,0.6983529682004985
2022-03-08,13.15760779860929,13.75096188160718,13.076021276214297,13.142773628234863,11843000,0.0,0.0,0.058988605651673,-3.6805925369262695,1.0,0.14833831787109375,0.400513638574882,0.011841293256526518,0.26298799976836884,0.9569140060500979,0.043085993949902125
2022-03-09,13.387528619624684,13.402362786496392,13.142770524897571,13.187273025512695,6878700,0.0,0.0,0.03437801054775609,-3.6360931396484375,1.0,0.19283771514892578,0.0,0.0,0.4444400484982762,1.0,0.0
2022-03-10,13.016684173183297,13.194691363237135,12.79417730761222,13.02410125732422,5351600,0.0,0.0,0.026415010203326813,-3.7992649078369123,-1.0,-0.1631717681884748,0.28184396860207706,0.0055032385463186385,0.7159885634192139,0.6392540990172337,0.36074590098276627
2022-03-11,13.031517602654228,13.083435774033076,12.749675494598725,12.764508247375488,4088100,0.0,0.0,0.01977629685924483,-4.0588579177856445,-1.0,-0.42276477813720703,0.0,0.0,2.0,0.0,1.0
2022-03-14,12.875764106576868,13.061186970256076,12.742259418381568,12.920265197753906,4733500,0.0,0.0,0.0231778518774718,-3.9031009674072266,-1.0,-0.26700782775878906,0.0,0.0,1.9171850467778717,0.04140747661106414,0.9585925233889359
2022-03-15,13.031519914677816,13.113106435413236,12.883182457943978,13.001852989196776,4784700,0.0,0.0,0.02357650023807458,-3.8215131759643572,1.0,0.08158779144286932,0.029670661380160723,6.028145575998359e-05,0.09336892679830708,0.9993547900395767,0.000645209960423265
2022-03-16,13.103340669734695,13.47170749799842,13.035681310065204,13.449153900146484,9806600,0.235,0.0,0.04998420606209027,-3.3742122650146484,1.0,0.5288887023925781,0.0,0.0,2.0,1.0,0.0
2022-03-17,13.336387632008426,13.524329962956491,13.246176116129622,13.47922420501709,6498800,0.0,0.0,0.033198422114199114,-3.344141960144043,1.0,0.5589590072631836,0.0,0.0,2.0,1.0,0.0
2022-03-18,13.404048054878029,13.5694368031036,13.193552111229414,13.531848907470703,14571000,0.0,0.0,0.0747249910713026,-3.2915172576904297,1.0,0.6115837097167969,0.0,0.0,2.0,1.0,0.0
2022-03-21,13.591988791861011,13.757377520508662,13.494259414452433,13.629576683044434,6331900,0.0,0.0,0.032706629290487683,-3.193789482116699,1.0,0.7093114852905273,0.0,0.0,2.0,1.0,0.0
2022-03-22,13.719789733044138,14.028015031513965,13.68220184157656,13.75737762451172,5748300,0.0,0.0,0.029970532382489992,-3.0659885406494123,1.0,0.8371124267578143,0.0,0.0,2.0,1.0,0.0
2022-03-23,13.682202537343969,13.937804227202582,13.659648940984836,13.794967651367188,3763800,0.0,0.0,0.019677349436110676,-3.0283985137939453,-1.0,0.037590026855466974,0.0,0.0,0.019819709505462003,1.0,0.0
2022-03-24,13.907732237442396,13.997945185568152,13.682202017957255,13.945320129394531,4648000,0.0,0.0,0.0245648423591433,-2.8780460357666016,1.0,0.15035247802734375,0.0,0.0,0.31708317152047033,1.0,0.0
2022-03-25,13.997945211036436,14.230993296113253,13.945320154767067,14.155816078186035,3697400,0.0,0.0,0.019835845727630606,-2.6675500869750977,1.0,0.36084842681884766,0.0,0.0,1.8264241682495352,1.0,0.0
2022-03-28,14.103195008593993,14.178372240128889,13.952840545524202,13.990429878234863,3191500,0.0,0.0,0.01692175027239554,-2.8329362869262695,1.0,0.19546222686767578,0.0,0.0,0.5358925227743444,1.0,0.0
2022-03-29,14.133263872374943,14.591843656325848,14.133263872374943,14.584325790405272,4056400,0.0,0.0,0.022420562536027592,-2.239040374755861,1.0,0.7893581390380842,0.0,0.0,2.0,1.0,0.0
2022-03-30,14.524183198831215,14.659501907398225,14.30617083916253,14.464041709899902,3145900,0.0,0.0,0.017244632858963316,-2.3593244552612305,1.0,0.6690740585327148,0.0,0.0,2.0,1.0,0.0
2022-03-31,14.373826921929869,14.411414806249525,13.975388752266484,14.088153839111328,5781800,0.0,0.0,0.03086999249072097,-2.7352123260498047,-1.0,-0.3758878707885742,0.15787512010845894,0.003331542041566061,0.31562270734230985,0.840522875308062,0.15947712469193795
2022-04-01,14.043053778183271,14.321207676119156,14.012982311440767,14.29865550994873,3941500,0.0,0.0,0.021358763534344613,-2.5247106552124023,-1.0,-0.16538619995117188,0.0,0.0,0.06110125827793539,0.9694493708610323,0.030550629138967694
2022-04-04,14.246028326332688,14.343757701114686,14.09567389786766,14.261062622070312,3950000,0.0,0.0,0.021348548686842616,-2.5623035430908203,1.0,-0.03759288787841797,0.0,0.0,0.00315691577671052,0.9984215421116447,0.00157845788835526
2022-04-05,14.23850909357688,14.426451394158834,14.14829615838772,14.178367614746094,3734600,0.0,0.0,0.020067334920942894,-2.644998550415039,1.0,-0.12028789520263672,0.10524371803967725,0.0015832208043039995,0.0323217947455794,0.9830474922250583,0.0169525077749417
2022-04-06,14.095676710756932,14.3512784298229,14.020499481522284,14.193406105041504,4187800,0.0,0.0,0.022526407455715543,-2.629960060119629,-1.0,0.015038490295410156,0.007520728708213298,8.177518578183467e-06,0.015630203357070833,0.9994770866214854,0.0005229133785145828
2022-04-08,14.283619066900355,14.298654799524565,14.07312311182062,14.193406105041504,2582700,0.0,0.0,0.013892485920024006,-2.629960060119629,1.0,0.015038490295410156,0.0,0.0,0.015630203357070833,1.0,0.0
2022-04-11,14.14829910623356,14.388865071679437,14.118229077495954,14.306171417236328,2501500,0.0,0.0,0.013562610993500406,-2.5171947479248047,1.0,0.12780380249023438,0.0,0.0,1.128869396256178,1.0,0.0
2022-04-12,14.230993347404564,14.321204862133428,13.997945261487798,14.00546169281006,3478500,0.0,0.0,0.01846327810635367,-2.8179044723510724,-1.0,-0.30070972442626775,0.0751778503328211,0.000711749668661339,2.0,0.0,1.0
2022-04-13,13.907731148394564,14.118227054947624,13.817518207332952,14.110709190368652,2621900,0.0,0.0,0.01402117270559649,-2.7126569747924805,-1.0,-0.19546222686767578,0.0,0.0,2.0,0.0,1.0
2022-04-14,14.163334765909692,14.32872350784566,14.163334765909692,14.2460298538208,2221900,0.0,0.0,0.011996035236287141,-2.577336311340332,1.0,0.13532066345214844,0.007518645712233152,8.510146898411026e-06,0.47929461782025984,0.9999822447499258,1.7755250074216372e-05
2022-04-18,14.17085363140968,14.366313849608902,14.17085363140968,14.238512992858888,1874400,0.0,0.0,0.010114543468073982,-2.5848531723022443,1.0,0.12780380249023615,0.0,0.0,0.4275253450407901,1.0,0.0
2022-04-19,14.283617243105962,14.509147468126836,14.276099377753772,14.464041709899902,2304500,0.0,0.0,0.012632396587139121,-2.3593244552612305,1.0,0.35333251953125,0.0,0.0,2.0,1.0,0.0
2022-04-20,14.501632133051569,14.749715972885303,14.501632133051569,14.584325790405272,2848200,0.0,0.0,0.015742591020390932,-2.239040374755861,1.0,0.4736166000366193,0.0,0.0,2.0,1.0,0.0
2022-04-21,14.727160734158458,15.01283243787796,14.704607138909754,14.900067329406738,3388400,0.0,0.0,0.01913384615139569,-1.9232988357543945,1.0,0.7893581390380859,0.0,0.0,2.0,1.0,0.0
2022-04-22,14.787305373422775,14.809858973479653,14.298655509948732,14.29865550994873,3236200,0.0,0.0,0.01753678309015503,-2.5247106552124023,-1.0,-0.6014118194580078,0.20297662310283648,0.006463515877655596,0.5804913268541197,0.7065225786341123,0.29347742136588767
2022-04-25,14.283618267435417,14.388865522141325,13.91525144207844,14.38134765625,3563700,0.0,0.0,0.019423169307206622,-2.442018508911133,-1.0,-0.5187196731567383,0.0,0.0,0.4318344209390775,0.7840827895304613,0.21591721046953874
2022-04-26,14.283613992122469,14.283613992122469,14.073118111829116,14.088153839111328,3518800,0.0,0.0,0.01878745884955359,-2.7352123260498047,-1.0,-0.8119134902954102,0.0,0.0,1.057965077550905,0.47101746122454746,0.5289825387754525
2022-04-27,14.028016872381778,14.1407819954686,13.772415161978936,13.982911109924316,3894100,0.0,0.0,0.02063593116187693,-2.8404550552368164,-1.0,-0.9171562194824219,0.0,0.0,1.3500145472417637,0.32499272637911814,0.6750072736208819
2022-04-28,14.170851069730396,14.479076356664644,14.012978776925534,14.411417007446287,5041000,0.0,0.0,0.02753231667806007,-2.4119491577148455,1.0,0.4285058975219709,0.19546236454217514,0.006567347525776978,0.21828654954685725,0.9707928232008559,0.0292071767991441
2022-04-29,13.231140552351636,13.516812268084786,12.554548439184734,12.599654197692873,13216500,0.0,0.0,0.06310945938421286,-4.22371196746826,-1.0,-1.8117628097534144,1.2178667227942022,0.08314017597880068,2.0,0.0,1.0
2022-05-02,12.622207299641165,13.103339195251465,12.486888595529226,13.103339195251465,6183200,0.0,0.0,0.030705392367054135,-3.720026969909668,-1.0,-1.3080778121948224,0.0,0.0,2.0,0.0,1.0
2022-05-03,13.118375178819434,13.291281777908008,12.89284352298174,13.065750122070312,3910700,0.0,0.0,0.019364586299396015,-3.7576160430908203,1.0,-0.037589073181152344,0.0,0.0,0.007695017790880605,0.9961524911045597,0.0038475088954403026
2022-05-04,13.058233936492831,13.411565006570363,12.945467389508364,13.313834190368652,4581200,0.0,0.0,0.023115418981415954,-3.5095319747924805,1.0,0.2104949951171875,0.3082258113188985,0.007713288964340105,2.0,0.9961581720822703,0.003841827917729693
2022-05-05,13.155959805046123,13.268724888026496,12.93042963908538,13.05071258544922,3973500,0.0,0.0,0.019652907785875282,-3.7726535797119123,-1.0,-0.2631216049194318,0.0,0.0,1.562533979887509,0.21873301005624546,0.7812669899437545
2022-05-06,12.96050259651333,13.073267705054368,12.674830892616956,12.750006675720217,3430100,0.0,0.0,0.016574352357083412,-4.073359489440916,-1.0,-0.5638275146484357,0.0,0.0,2.0,0.0,1.0
2022-05-09,12.592135615701329,12.983055990888609,12.562064155816405,12.922914505004885,3727300,0.0,0.0,0.01825467873326051,-3.9004516601562482,-1.0,-0.39091968536376775,0.0,0.0,2.0,0.0,1.0
2022-05-10,12.998093372257102,13.058234865781888,12.464336362574098,12.53951358795166,3771700,0.0,0.0,0.017924093711588315,-4.283852577209473,-1.0,-0.7743206024169922,0.0,0.0,2.0,0.0,1.0
2022-05-11,12.61468965127011,12.757524789054631,12.389157995913296,12.42674732208252,3352600,0.0,0.0,0.01578914387289448,-4.396618843078613,-1.0,-0.8870868682861328,0.0,0.0,2.0,0.0,1.0
2022-05-12,12.366607074590975,12.569583720720646,12.298947714585646,12.5244779586792,3944600,0.0,0.0,0.018723281931018996,-4.298888206481934,-1.0,-0.7893562316894531,0.0,0.0,2.0,0.0,1.0
2022-05-13,12.607172282411794,12.81015035005882,12.554548657589134,12.780078887939451,2737100,0.0,0.0,0.013256948615848448,-4.0432872772216815,1.0,0.25560092926025213,0.052625561004187915,0.00016940424103471024,0.10485249593376487,0.9983869627120368,0.0016130372879632913
2022-05-16,12.712417716028453,12.930431483590873,12.629722640899804,12.840218544006348,2312000,0.0,0.0,0.011250701934207085,-3.983147621154785,1.0,0.31574058532714844,0.0,0.0,0.15999806693830212,1.0,0.0
2022-05-17,13.013125400042034,13.15596195995247,12.960501781623991,13.088302612304688,3248500,0.0,0.0,0.016113340053360313,-3.7350635528564453,1.0,0.5638246536254883,0.0,0.0,0.5102018625524347,1.0,0.0
2022-05-18,12.825186740557216,13.043200574848113,12.637244373293948,12.89284610748291,4019300,0.0,0.0,0.019638964975401407,-3.9305200576782227,-1.0,-0.19545650482177734,0.0,0.0,0.12017444724711591,0.939912776376442,0.06008722362355796
2022-05-19,12.802632535542417,12.96802127619924,12.667313823238535,12.772561073303224,4221700,0.0,0.0,0.020435474684355102,-4.050805091857908,-1.0,-0.31574153900146307,0.0,0.0,0.3135994695653352,0.8432002652173324,0.1567997347826676
2022-05-20,12.87029100826325,12.915396764639686,12.622207197363636,12.832701683044434,2870800,0.0,0.0,0.013961767762271347,-3.990664482116699,-1.0,-0.2556009292602539,0.0,0.0,0.20551178588257385,0.897244107058713,0.10275589294128692
2022-05-23,13.073266883074943,13.246174901444869,12.930431757050568,13.088302612304688,2994600,0.0,0.0,0.014853935085052424,-3.7350635528564453,1.0,0.2556009292602539,0.27815362524562914,0.00554591817311857,1.0,0.9944846693990917,0.005515330600908236
2022-05-24,13.00560540514841,13.13340621489572,12.757521649037258,13.05071258544922,3308200,0.0,0.0,0.01636233787271489,-3.7726535797119123,-1.0,-0.037590026855466974,0.0,0.0,0.021628201904287575,0.9891858990478563,0.010814100952143788
2022-05-25,12.975540260897423,13.261212007377678,12.915398765118086,13.171000480651855,3714600,0.0,0.0,0.018541727480286693,-3.6523656845092773,1.0,0.12028789520263494,0.015037105932808714,1.695040233074897e-05,2.0,0.999991524870663,8.475129336948452e-06
2022-05-26,13.223623173677757,13.306318262224964,13.186035279185171,13.238658905029297,3089700,0.0,0.0,0.015501712542001674,-3.584707260131836,1.0,0.18794631958007635,0.0,0.0,2.0,1.0,0.0
2022-05-27,13.291283921718035,13.531849912971255,13.171000926091429,13.524332046508787,2803000,0.0,0.0,0.014366742121197028,-3.2990341186523455,1.0,0.47361946105956676,0.0,0.0,2.0,1.0,0.0
2022-05-31,13.494258420916887,13.6897171613431,13.328868270560204,13.637093544006348,8246200,0.0,0.0,0.04261819547744962,-3.186272621154785,1.0,0.5863809585571271,0.0,0.0,2.0,1.0,0.0
2022-06-01,13.697237793262708,13.704755659242052,13.328870963592715,13.441636085510254,2817900,0.0,0.0,0.014354797950775468,-3.381730079650879,1.0,0.3909235000610334,0.0,0.0,2.0,1.0,0.0
2022-06-02,13.486743005006192,13.486743005006192,13.178517675601022,13.411565780639648,4424200,0.0,0.0,0.02248710817870549,-3.4118003845214844,-1.0,-0.03007030487060547,0.1503505949591819,0.0019419724944624622,0.005916871063634097,0.9960705782209517,0.00392942177904828
2022-06-03,13.336387381226986,13.404046733806895,13.23114013671875,13.23114013671875,2207000,0.0,0.0,0.011066721379692016,-3.592226028442383,-1.0,-0.2104959487915039,0.0,0.0,0.2899371907534456,0.8550314046232772,0.1449685953767228
2022-06-06,13.306319458390671,13.464190350114784,13.246177961464385,13.343907356262209,2951200,0.0,0.0,0.014924542738663556,-3.479458808898924,1.0,0.11276721954345881,0.0,0.0,0.2869975973984243,1.0,0.0
2022-06-07,13.238657588235991,13.516811421141378,13.148444642986115,13.50929355621338,4400800,0.0,0.0,0.02253116482371017,-3.314072608947752,1.0,0.2781534194946307,0.08269549373263452,0.0006226437749120337,1.7461490943474984,0.999643545998986,0.00035645400101406955
2022-06-08,13.42660050835256,13.471706266045311,13.246176043695378,13.276246070861816,3083400,0.0,0.0,0.015514026718916057,-3.5471200942993164,1.0,0.045105934143066406,1.917769006709591e-06,2.923080704981188e-13,0.04591767388937649,0.9999999999936341,6.365916339762289e-12
2022-06-09,13.298799668157862,13.298799668157862,13.11837520348024,13.13340950012207,2754200,0.0,0.0,0.013708575662913263,-3.6899566650390625,-1.0,-0.1428365707397461,0.03006943950587626,6.640612433435862e-05,2.0,0.0,1.0
2022-06-10,12.915396942925204,13.035679917513528,12.81766612989334,12.8778076171875,3197800,0.0,0.0,0.0156067547115015,-3.945558547973633,-1.0,-0.3984384536743164,0.0,0.0,2.0,0.0,1.0
2022-06-13,12.592136288734656,12.765042890656233,12.253839516378347,12.32149887084961,3519500,0.0,0.0,0.016434779618274567,-4.501867294311523,-1.0,-0.954747200012207,0.0,0.0,2.0,0.0,1.0
2022-06-14,12.306463749900177,12.434264584911595,12.178662914888752,12.37412166595459,4135700,0.0,0.0,0.019394687367707907,-4.449244499206543,-1.0,-0.9021244049072266,0.0,0.0,2.0,0.0,1.0
2022-06-15,12.431322121734976,12.49233469031492,12.156765563125228,12.278791427612305,3599600,0.235,0.0,0.01675055646438886,-4.544574737548828,-1.0,-0.9974546432495117,0.0,0.0,2.0,0.0,1.0
2022-06-16,12.088127021237888,12.126259331269846,11.668665064941608,11.798316955566406,4020600,0.0,0.0,0.017977541546276864,-5.025049209594727,-1.0,-1.4779291152954102,0.0,0.0,2.0,0.0,1.0
2022-06-17,11.851703614705738,12.088127881291992,11.79069104152101,12.01186180114746,7128900,0.0,0.0,0.032452803737207776,-4.811504364013674,-1.0,-1.2643842697143572,0.0,0.0,2.0,0.0,1.0
2022-06-21,12.339803179259777,12.339803179259777,12.080499416298116,12.240656852722168,2839600,0.0,0.0,0.013172896044168176,-4.582709312438965,1.0,0.2287950515747088,0.2135438479899303,0.002171348375678353,0.032744252920873636,0.9378115141928608,0.06218848580713916
2022-06-22,12.240655979334583,12.332175546942768,12.14151111452538,12.271162986755373,2343100,0.0,0.0,0.010896723279535359,-4.55220317840576,1.0,0.2593011856079137,0.0,0.0,0.04205821500085451,1.0,0.0
2022-06-23,12.271164983705525,12.3931901239381,12.088127273356662,12.133886337280272,1879800,0.0,0.0,0.008644322108334282,-4.689479827880861,1.0,0.1220245361328125,0.0,0.0,0.009313998476435445,1.0,0.0
2022-06-24,12.210154030962515,12.78214749706514,12.141514698657836,12.728761672973633,5150900,0.0,0.0,0.024847840307612265,-4.0946044921875,1.0,0.7168998718261737,0.0,0.0,0.32148361058388536,1.0,0.0
2022-06-27,12.774520040293304,12.965184518506636,12.698253958077064,12.90417194366455,3478200,0.0,0.0,0.017009990289331863,-3.919194221496582,1.0,0.8923101425170916,0.0,0.0,0.49805062644183,1.0,0.0
2022-06-28,12.965180584594885,13.041446643670378,12.637237548828123,12.637237548828123,2464100,0.0,0.0,0.011801300026165033,-4.18612861633301,1.0,0.6253757476806641,0.0,0.0,0.24463799123262475,1.0,0.0
2022-06-30,12.446574790853978,12.728758810726095,12.39318897876705,12.560973167419434,2983400,0.0,0.0,0.014202151690471062,-4.262392997741699,-1.0,-0.07626438140868963,0.0,0.0,0.014871728000859662,0.9925641359995702,0.007435864000429831
2022-07-01,12.583852767204403,12.881288821667162,12.492333197940525,12.820276260375977,3317500,0.0,0.0,0.016118613770957142,-4.003089904785156,1.0,0.25930309295654297,0.1982922192553751,0.0024536954567419464,2.0,0.9987746555826439,0.0012253444173560678
2022-07-05,12.667746898451837,12.812650837389857,12.52284150485946,12.789772033691406,2593100,0.0,0.0,0.012569020729378832,-4.033594131469727,1.0,0.22879886627197266,0.0,0.0,2.0,1.0,0.0
2022-07-06,12.850783268348671,12.904169077646683,12.660118832481938,12.820276260375977,3314100,0.0,0.0,0.01610209431750688,-4.003089904785156,1.0,0.25930309295654297,0.0,0.0,2.0,1.0,0.0
2022-07-07,12.850783123745524,12.957554741140104,12.73638475444359,12.774517059326172,5230100,0.0,0.0,0.02532059209598834,-4.048849105834961,1.0,0.21354389190673828,0.0,0.0,2.0,1.0,0.0
2022-07-08,12.751640204200896,12.789773973907144,12.560975719633362,12.621988296508787,4095500,0.0,0.0,0.01959088598398546,-4.2013778686523455,-1.0,-0.1525287628173846,0.09914311284857646,0.0005568543470553286,0.5101867648674427,0.744628190392751,0.25537180960724903
2022-07-11,12.583854860453926,12.599108366977603,12.278792003252596,12.309297561645508,4939900,0.0,0.0,0.02304468634645728,-4.514068603515625,-1.0,-0.46521949768066406,0.0,0.0,2.0,0.0,1.0
2022-07-12,12.316924647519045,12.751639412601971,12.316924647519045,12.515215873718262,4416400,0.0,0.0,0.020947206786872234,-4.308150291442871,1.0,0.2059183120727539,0.0,0.0,0.19591790278286464,1.0,0.0
2022-07-13,12.370310383419149,12.60673537535726,12.255911991485418,12.568601608276367,2306500,0.0,0.0,0.010986510954583115,-4.254764556884766,-1.0,0.05338573455810547,0.022880011767178132,2.8917545082717228e-05,0.013168449101212034,0.9978088397588897,0.002191160241110375
2022-07-14,12.2864180235036,12.36268264226313,12.17964566618959,12.30167007446289,4364700,0.0,0.0,0.020348755217563904,-4.521696090698242,-1.0,-0.2135457992553711,0.13727898132945526,0.0009217334676507243,2.0,0.0,1.0
2022-07-15,12.454201698303224,12.545721273487596,12.347430072800035,12.454201698303224,2865100,0.0,0.0,0.013523062438950652,-4.369164466857908,1.0,0.1525316238403338,0.0,0.0,0.510196790392403,1.0,0.0
2022-07-18,12.538094819191638,12.629612941898266,12.416069685813245,12.47708225250244,4251800,0.0,0.0,0.02010505378979759,-4.346283912658693,1.0,0.175412178039549,0.0,0.0,0.6747414915749893,1.0,0.0
2022-07-19,12.553346189689584,12.942301826753628,12.553346189689584,12.888916015625,2813900,0.0,0.0,0.013744989961160576,-3.934450149536133,1.0,0.5872459411621094,0.0,0.0,2.0,1.0,0.0
2022-07-20,12.797398786475672,12.866038106879728,12.6524933928833,12.789772033691406,2509300,0.0,0.0,0.01216283356454834,-4.033594131469727,1.0,0.4881019592285156,0.0,0.0,2.0,1.0,0.0
2022-07-21,12.766891855808291,12.858411435141996,12.660120225464274,12.7363862991333,2787000,0.0,0.0,0.013452486512583838,-4.086979866027832,1.0,0.43471622467041016,0.0,0.0,2.0,1.0,0.0
2022-07-22,12.713505884207244,12.858411276930015,12.690625625991748,12.759264945983888,1751500,0.0,0.0,0.008469449268877957,-4.064101219177244,1.0,0.45759487152099787,0.0,0.0,2.0,1.0,0.0
2022-07-25,12.782143811233524,12.881288676720752,12.652491938116883,12.774517059326172,1676200,0.0,0.0,0.008115021982619005,-4.048849105834961,1.0,0.47284698486328125,0.007628287347390739,3.549693904027015e-06,2.0,0.9999982251561981,1.7748438019373952e-06
2022-07-26,12.682999172081091,12.805025764117822,12.576227540535132,12.69825267791748,2472300,0.0,0.0,0.011897740907689625,-4.125113487243652,-1.0,-0.0762643814086914,0.11439808545661556,0.0007690697161882267,0.026013707686965887,0.9866086112984229,0.013391388701577057
2022-07-27,12.72875997812596,12.843158365183298,12.64486714877852,12.805026054382324,1854400,0.0,0.0,0.008999186634645549,-4.018340110778809,1.0,0.10677337646484375,0.0,0.0,1.9601190479380264,1.0,0.0
2022-07-28,12.827906371128805,12.942304771671196,12.759267039872457,12.919425964355469,2432600,0.0,0.0,0.011910590507273694,-3.903940200805664,1.0,0.22117328643798828,0.0,0.0,2.0,1.0,0.0
2022-07-29,12.965183772251372,13.041449850077855,12.820278369846497,12.98043727874756,2779600,0.0,0.0,0.013673855927362151,-3.8429288864135724,1.0,0.2821846008300799,0.0,0.0,2.0,1.0,0.0
2022-08-01,12.934674343413516,13.041447414290063,12.80502392637444,12.965181350708008,2319000,0.0,0.0,0.011394590397560009,-3.858184814453125,-1.0,-0.015255928039552558,0.0,0.0,0.0029228776937527245,0.9985385611531237,0.0014614388468763622
2022-08-02,12.934675972629426,13.00331529303348,12.751638269770067,12.789772033691406,3143600,0.0,0.0,0.015237350493569586,-4.033594131469727,-1.0,-0.19066524505615412,0.0,0.0,0.45653749526620974,0.7717312523668951,0.22826874763310487
2022-08-03,12.911799078161486,13.285501291922738,12.873665308601415,13.12534236907959,4133300,0.0,0.0,0.020560181413509456,-3.698023796081543,1.0,0.3355703353881836,0.24405387763267505,0.004355439863703102,2.0,0.9978270122269335,0.0021729877730664745
2022-08-04,12.942303526476518,12.980437292758143,11.94322212436908,12.393190383911133,6865400,0.0,0.0,0.03224544247457813,-4.43017578125,-1.0,-0.732151985168457,0.8084161454009866,0.03329875835807632,2.0,0.0,1.0
2022-08-05,12.294043397512228,12.4923331296337,12.194897076797291,12.484707832336426,3712800,0.0,0.0,0.017567069218403005,-4.338658332824707,-1.0,-0.6406345367431641,0.0,0.0,2.0,0.0,1.0
2022-08-08,12.56097445306571,12.614361725271234,12.301670663828022,12.347431182861328,3315300,0.0,0.0,0.015513822623717657,-4.475934982299805,1.0,-0.13727664947509766,0.0,0.0,0.167350193014384,0.916324903492808,0.083675096507192
2022-08-09,12.393189507077444,12.44657532144016,12.233032063989295,12.423696517944336,3891300,0.0,0.0,0.018321664312409825,-4.399669647216797,-1.0,0.07626533508300781,0.0,0.0,0.30864626365554376,1.0,0.0
2022-08-10,12.545723314983745,12.759266600738831,12.438950217451664,12.583855628967283,3235400,0.0,0.0,0.015429827894880479,-4.239510536193849,1.0,0.16015911102294744,0.0,0.0,1.3611624429291562,1.0,0.0
2022-08-11,12.690626385641911,12.85078529342866,12.59910825661043,12.614361763000488,3539500,0.0,0.0,0.016921021300614528,-4.2090044021606445,1.0,0.19066524505615234,0.0,0.0,1.9290777432963755,1.0,0.0
2022-08-12,12.69825465654728,12.7440137265322,12.644868832455773,12.728761672973633,2377700,0.0,0.0,0.011469978042557548,-4.0946044921875,1.0,0.3050651550292969,0.0,0.0,2.0,1.0,0.0
2022-08-15,12.63723945702724,12.690625270045016,12.499960820893357,12.553346633911133,3982800,0.0,0.0,0.018948175268362972,-4.27001953125,-1.0,-0.1754150390625,0.0991474357170734,0.0005391421047582821,0.33063470671490136,0.8344130755901702,0.16558692440982983
2022-08-16,12.3703087983608,12.606733760004817,12.309296233503638,12.591480255126951,2776900,0.0,0.0,0.013251236435747948,-4.2318859100341815,-1.0,-0.13728141784668146,0.0,0.0,0.20250618979108728,0.8987469051044563,0.10125309489554364
2022-08-17,12.423696159315938,12.438948209654768,12.210151453375016,12.217778205871582,3605900,0.0,0.0,0.016696494132611348,-4.605587959289551,-1.0,-0.5109834671020508,0.0,0.0,2.0,0.0,1.0
2022-08-18,12.22540494232374,12.515214263541372,12.179645154731556,12.454201698303224,2802000,0.0,0.0,0.01322523505425281,-4.369164466857908,-1.0,-0.2745599746704084,0.0,0.0,0.8100078778748667,0.5949960610625666,0.40500393893743336
2022-08-19,12.355057981097348,12.576228005280642,12.324550968297206,12.530468940734863,3336000,0.0,0.0,0.015842099622210767,-4.2928972244262695,1.0,0.07626724243163885,0.137279795625874,0.0010226152511480964,0.07716167309429173,0.9869204507351925,0.013079549264807517
2022-08-22,12.39319090990209,12.39319090990209,12.187272927205097,12.324551582336426,3257300,0.0,0.0,0.01521416982939259,-4.498814582824707,-1.0,-0.2059173583984375,0.0,0.0,2.0,0.0,1.0
2022-08-23,12.332177638001612,12.377936702237577,12.080500602722168,12.080500602722168,2978100,0.0,0.0,0.013634637049614732,-4.742865562438965,-1.0,-0.4499683380126953,0.0,0.0,2.0,0.0,1.0
2022-08-24,12.049994630607443,12.10338044937918,11.889836446965,11.935595512390137,4125700,0.0,0.0,0.018662125740597356,-4.887770652770996,-1.0,-0.5948734283447266,0.0,0.0,2.0,0.0,1.0
2022-08-25,11.912715760400795,12.011861370099934,11.859329942611728,11.943222045898438,3256900,0.0,0.0,0.014741623139931215,-4.880144119262695,-1.0,-0.5872468948364258,0.0,0.0,2.0,0.0,1.0
2022-08-26,11.9889811284114,12.027114164858896,11.60002546583586,11.615278244018556,4031000,0.0,0.0,0.01774441923190302,-5.208087921142576,-1.0,-0.9151906967163068,0.0,0.0,2.0,0.0,1.0
2022-08-29,11.54663981648078,11.584772126146914,11.416987927099802,11.42461395263672,3155300,0.0,0.0,0.013661599985221285,-5.398752212524412,-1.0,-1.1058549880981428,0.0,0.0,2.0,0.0,1.0
2022-08-30,11.46274676672727,11.53138608651506,11.35597513801486,11.516133308410645,5875600,0.0,0.0,0.02564355780715194,-5.307232856750488,-1.0,-1.0143356323242188,0.0,0.0,2.0,0.0,1.0
2022-08-31,11.577146715578316,11.615279027270008,11.256830351542988,11.302589416503906,8258800,0.0,0.0,0.03537645200737795,-5.520776748657227,-1.0,-1.227879524230957,0.0305069011230934,3.053485192309942e-05,2.0,0.0,1.0
2022-09-01,11.287336135376473,11.302588913909457,11.066165391694277,11.21107006072998,4028700,0.0,0.0,0.017117146545486857,-5.612296104431152,-1.0,-1.3193988800048828,0.0,0.0,2.0,0.0,1.0
2022-09-02,11.325468365865287,11.371227425531522,11.066164603332831,11.104297637939451,3283400,0.0,0.0,0.013817652345618155,-5.7190685272216815,-1.0,-1.426171302795412,0.0,0.0,2.0,0.0,1.0
2022-09-06,11.089044953251346,11.127177990678078,10.814488392967815,10.97464656829834,5061500,0.0,0.0,0.02105179623933311,-5.848719596862793,-1.0,-1.5558223724365234,0.0,0.0,2.0,0.0,1.0
2022-09-07,10.974646834503831,11.203443609959631,10.959393328232268,11.150057792663574,4506000,0.0,0.0,0.019040909088509878,-5.673308372497559,1.0,0.17541122436523438,0.0,0.0,0.012711439515731721,1.0,0.0
2022-09-08,11.058537767964363,11.272081741901044,10.944139392330069,11.233948707580566,4062600,0.0,0.0,0.017296406140586487,-5.589417457580566,1.0,0.25930213928222656,0.0,0.0,0.027777437239262428,1.0,0.0
2022-09-09,11.325469155223082,11.455121045525734,11.233949574857643,11.371228218078612,4042600,0.0,0.0,0.01742157926252738,-5.452137947082521,1.0,0.39658164978027166,0.0,0.0,0.06497483804584964,1.0,0.0
2022-09-12,11.546638635959512,11.78306213195737,11.531385131790818,11.67629051208496,3945200,0.0,0.0,0.01745795179792146,-5.147075653076174,1.0,0.7016439437866193,0.0,0.0,0.20338247937647533,1.0,0.0
2022-09-13,11.447494004872755,11.48562704117868,11.2186965143644,11.272082328796388,4684100,0.0,0.0,0.02001011957922381,-5.551283836364744,-1.0,-0.40420818328857067,0.015253060493243709,7.549655221935919e-06,0.33187660702748356,0.8340579216586472,0.16594207834135274
2022-09-14,11.325468213314792,11.340720990555708,10.867873258853276,11.050910949707031,8067000,0.0,0.0,0.03378543460531454,-5.772455215454102,-1.0,-0.6253795623779279,0.0,0.0,0.7944266534614047,0.6027866732692977,0.39721332673070237
2022-09-15,11.031530832499996,11.109054186465732,10.767953055514983,10.81446647644043,5626300,0.235,0.0,0.02305936575266956,-6.008899688720703,-1.0,-0.8618240356445295,0.0,0.0,1.5087026119793083,0.24564869401034584,0.7543513059896542
2022-09-16,10.705935150588594,10.985017906672082,10.589650114398994,10.969512939453123,9779200,0.0,0.0,0.04065463316339476,-5.85385322570801,-1.0,-0.7067775726318359,0.0,0.0,1.0146866774092045,0.49265666129539776,0.5073433387046022
2022-09-19,10.853228110370209,11.00827407836914,10.8144664335411,11.00827407836914,3407500,0.0,0.0,0.014215903674022387,-5.815092086791992,1.0,0.0387611389160174,0.0,0.0,0.00300765168022688,1.0,0.0
2022-09-20,10.977263819475764,11.171071445495652,10.860979539590796,11.085796356201172,4447100,0.0,0.0,0.018683712052729416,-5.737569808959961,1.0,0.11628341674804865,0.0,0.0,0.027068865122040268,1.0,0.0
2022-09-21,11.21758668965582,11.341623464054964,10.985017367998674,11.00827407836914,4926800,0.0,0.0,0.020554340196969476,-5.815092086791992,1.0,0.0387611389160174,0.0,0.0,0.00300765168022688,1.0,0.0
2022-09-22,11.04703617586846,11.147816243734836,10.992770269831764,11.109054565429688,3763500,0.0,0.0,0.01584485955254529,-5.714311599731445,1.0,0.13954162597656428,0.0,0.0,0.03898001825917435,1.0,0.0
2022-09-23,10.992769219665496,11.008273445915888,10.70593401051751,10.868732452392578,4516400,0.0,0.0,0.018603329169490635,-5.954633712768555,-1.0,-0.24032211303710938,0.27908335748116464,0.0021966343688433407,2.0,0.0,1.0
2022-09-26,10.791209434245328,10.86873278582792,10.45010757446289,10.45010757446289,4830900,0.0,0.0,0.019132344069616104,-6.373258590698242,-1.0,-0.6589469909667969,0.0,0.0,2.0,0.0,1.0
2022-09-27,10.550888048513132,10.67492556376076,10.31056697997789,10.426851272583008,4660400,0.0,0.0,0.01841601865126995,-6.396514892578125,-1.0,-0.6822032928466797,0.0,0.0,2.0,0.0,1.0
2022-09-28,10.481118682010257,10.62841217935522,10.411347805624596,10.574146270751951,3408300,0.0,0.0,0.013658484114553953,-6.2492198944091815,-1.0,-0.5349082946777362,0.0,0.0,2.0,0.0,1.0
2022-09-29,10.450107796433516,10.589649536519198,10.349328472279955,10.512126922607422,3951300,0.0,0.0,0.015741639922805223,-6.311239242553711,-1.0,-0.5969276428222656,0.0,0.0,2.0,0.0,1.0
2022-09-30,10.581896698122028,10.713685950597412,10.457859928572834,10.465612411499023,4919000,0.0,0.0,0.01951016054264737,-6.357753753662109,1.0,-0.04651451110839844,0.08527377124219271,0.00017989683982711527,0.11111414861440191,0.9443529772728855,0.05564702272711451
2022-10-03,10.558641777087788,10.822220326683594,10.504375866047798,10.729192733764648,4627600,0.0,0.0,0.01881664679477349,-6.094173431396484,1.0,0.21706581115722656,0.2325707901643952,0.0014564001597132793,2.0,0.9992723298096341,0.0007276701903659058
2022-10-04,10.9074930439743,11.22533743492501,10.891988818212456,11.202080726623535,5665200,0.0,0.0,0.02405100996206164,-5.621285438537598,1.0,0.6899538040161133,0.0,0.0,2.0,1.0,0.0
2022-10-05,11.023778038665808,11.147814801743875,10.922997983835524,11.078043937683104,3906300,0.0,0.0,0.016400158699824266,-5.745322227478029,1.0,0.5659170150756818,0.0,0.0,2.0,1.0,0.0
2022-10-06,11.070293907800783,11.070293907800783,10.589650974727435,10.729192733764648,5851100,0.0,0.0,0.02379161596959529,-6.094173431396484,-1.0,-0.34885120391845525,0.30233784348502013,0.002461248152304732,0.3799924332391774,0.8087731593042589,0.19122684069574108
2022-10-07,10.667172948031368,10.68267717517144,10.364832755966306,10.44235610961914,5540200,0.0,0.0,0.021925187509762578,-6.381010055541992,-1.0,-0.6356878280639631,0.0,0.0,1.2617760739902237,0.36911196300488813,0.6308880369951119
2022-10-10,10.504373957710431,10.636163208566083,10.44235557369806,10.481117248535156,3871500,0.0,0.0,0.015378225204730032,-6.342248916625977,-1.0,-0.5969266891479474,0.0,0.0,1.112593428549104,0.44370328572544804,0.556296714274552
2022-10-11,10.504374216297697,10.581896828562812,10.27180490086739,10.45010757446289,3804800,0.0,0.0,0.015068567495927334,-6.373258590698242,-1.0,-0.6279363632202131,0.0,0.0,1.231191938450594,0.384404030774703,0.615595969225297
2022-10-12,10.465611839407645,10.791208711334608,10.388088493018394,10.636162757873535,4685500,0.0,0.0,0.018886883015126296,-6.187203407287598,1.0,0.18605518341064453,0.1550455027685249,0.0006279564990441022,0.08779146186571399,0.9928979797576412,0.007102020242358787
2022-10-13,10.481118691523127,10.961761603450247,10.434604527451286,10.884238243103027,4825200,0.0,0.0,0.019903650279793492,-5.9391279220581055,1.0,0.4341306686401367,0.0,0.0,0.47797993681510054,1.0,0.0
2022-10-14,10.938504631372,11.10130310378528,10.837724554228773,10.853229522705078,4717000,0.0,0.0,0.019401898909820765,-5.970136642456055,1.0,0.4031219482421875,0.0,0.0,0.41213701541802067,1.0,0.0
2022-10-17,11.023778422409684,11.209833573503468,10.922998364071187,10.930750846862791,5551100,0.0,0.0,0.022995794548100874,-5.892615318298342,1.0,0.48064327239990057,0.0,0.0,0.5858878191113,1.0,0.0
2022-10-18,11.101301472174807,11.28735736995704,10.98501718296371,11.093549728393556,3927400,0.0,0.0,0.016511823739685506,-5.729816436767576,1.0,0.6434421539306658,0.0,0.0,1.0499962602161814,1.0,0.0
2022-10-19,11.000521059491644,11.140062793554726,10.907493483222073,11.047035217285156,4942000,0.0,0.0,0.020690350760782298,-5.776330947875977,-1.0,-0.046514511108400214,0.0155048808491145,7.204979193475932e-06,0.005225861581668114,0.9973834667195692,0.002616533280430795
2022-10-20,10.752448245938716,10.814466634289534,10.163272817288442,10.41909885406494,12832500,0.0,0.0,0.050671155166641724,-6.404267311096193,-1.0,-0.6744508743286168,0.0,0.0,1.098706325885661,0.45064683705716946,0.5493531629428305
2022-10-21,10.349329477160309,10.620659761172892,10.116760134208407,10.566393852233888,5822700,0.0,0.0,0.023316887805265047,-6.256972312927244,-1.0,-0.527155876159668,0.0,0.0,0.6712110303186357,0.6643944848406822,0.33560551515931786
2022-10-24,10.659420033002204,10.82997096053913,10.535383263636248,10.783456802368164,5307400,0.0,0.0,0.021689982255093925,-6.039909362792969,1.0,0.21706295013427557,0.01550432624959619,6.589386076868056e-06,0.16954824498532034,0.999961137138311,3.886286168894776e-05
2022-10-25,10.73694331944182,10.954007664536917,10.70593412728538,10.79120922088623,5410500,0.0,0.0,0.02212722173053701,-6.032156944274902,1.0,0.22481536865234197,0.0,0.0,0.18187536997266085,1.0,0.0
2022-10-26,10.868733054923174,11.054788216146903,10.775704734993818,10.822218894958496,5719300,0.0,0.0,0.023457329331609683,-6.001147270202637,1.0,0.2558250427246076,0.0,0.0,0.23550927028512725,1.0,0.0
2022-10-27,10.891989888914768,10.977264987281156,10.744695663452148,10.744695663452148,4432000,0.0,0.0,0.01804734183103628,-6.078670501708984,-1.0,-0.07752323150634766,0.0,0.0,0.09182852843796015,0.95408573578102,0.04591426421898007
2022-10-28,10.380337301928796,10.930751020478336,10.380337301928796,10.783456802368164,4682300,0.0,0.0,0.01913535891642354,-6.039909362792969,-1.0,-0.03876209259033203,0.0,0.0,0.022957696940483562,0.9885211515297582,0.011478848470241781
2022-10-31,10.6981826324173,10.752448538873283,10.465613300106972,10.473365783691406,5273000,0.0,0.0,0.02092971991643777,-6.350000381469727,-1.0,-0.34885311126708984,0.0,0.0,1.8595124505569391,0.07024377472153043,0.9297562252784696
2022-11-01,10.589650564733809,10.651668957611976,10.512127943294882,10.566393852233888,4986000,0.0,0.0,0.019966339086171625,-6.256972312927244,-1.0,-0.2558250427246076,0.0,0.0,1.0,0.5,0.5
2022-11-02,10.62841143706801,10.682677341881352,9.977217622037893,10.109006881713867,7225900,0.0,0.0,0.027683424539374217,-6.714359283447266,-1.0,-0.7132120132446289,0.0,0.0,2.0,0.0,1.0
2022-11-03,9.97721813390308,10.03923652524794,9.512080198816626,9.636116981506348,6826800,0.0,0.0,0.024930937912207168,-7.187249183654785,-1.0,-1.1861019134521484,0.0,0.0,2.0,0.0,1.0
2022-11-04,9.783409891688024,10.116759279741466,9.775657408403642,9.930704116821287,5974700,0.0,0.0,0.022486171545752023,-6.8926620483398455,1.0,0.29458713531493963,0.0,0.0,0.06168556420162693,1.0,0.0
2022-11-07,9.961712089425763,10.116758039518684,9.752399502312263,10.000473022460938,4498900,0.0,0.0,0.01705085873140004,-6.822893142700195,-1.0,0.06976890563965021,0.0,0.0,0.003460029557272165,1.0,0.0
2022-11-08,10.023731231689451,10.217538868872513,9.93070365455968,10.023731231689451,4667800,0.0,0.0,0.017732134902781308,-6.7996349334716815,1.0,0.02325820922851385,0.0,0.0,0.00038451079157164186,1.0,0.0
2022-11-09,9.930702726723728,10.031482038043634,9.775656040009483,9.829922676086426,6162000,0.0,0.0,0.02295573323695764,-6.993443489074707,-1.0,-0.19380855560302557,0.0,0.0,2.0,0.0,1.0
2022-11-10,10.233043625362813,10.473365433215555,10.233043625362813,10.426851272583008,6427500,0.0,0.0,0.025398884190420908,-6.396514892578125,1.0,0.596928596496582,0.2558265643430424,0.0015995744045319404,2.0,0.9992008519461202,0.0007991480538797614
2022-11-11,10.628410703480956,10.86873249551379,10.46561226095999,10.736943244934082,7927600,0.0,0.0,0.03225832106692925,-6.086422920227051,1.0,0.9070205688476562,0.0,0.0,2.0,1.0,0.0
2022-11-14,10.682677613396203,10.961761106540974,10.643915934979704,10.667173385620115,8051300,0.0,0.0,0.03254878166632432,-6.156192779541017,1.0,0.8372507095336896,0.0,0.0,2.0,1.0,0.0
2022-11-15,10.822219443264292,11.163320589456292,10.81446695965782,10.90749454498291,4996700,0.0,0.0,0.02065511672083061,-5.915871620178223,1.0,1.0775718688964844,0.0,0.0,2.0,1.0,0.0
2022-11-16,10.853229524323243,10.87648623772358,10.667174338485353,10.729192733764648,4492600,0.0,0.0,0.01826771272154019,-6.094173431396484,-1.0,-0.17830181121826172,0.0,0.0,0.02737909062759643,0.9863104546862018,0.013689545313798216
2022-11-17,10.574144812780398,10.798961639404297,10.54313562080874,10.798961639404297,3947700,0.0,0.0,0.01615643410974378,-6.024404525756836,-1.0,-0.10853290557861328,0.0,0.0,0.010144493526565539,0.9949277532367172,0.005072246763282769
2022-11-18,10.93075040072383,11.085796353640443,10.659419428631692,10.767951965332031,3634300,0.0,0.0,0.014831096384826443,-6.055414199829102,1.0,-0.031009674072265625,0.209310115916864,0.0011947931570171803,0.0008281364739485343,0.9989885351845171,0.0010114648154828574
2022-11-21,10.729191378532116,10.92299902412896,10.690429701549249,10.81446647644043,3617300,0.0,0.0,0.014825488107127527,-6.008899688720703,1.0,0.015504837036132812,0.1240373847246623,0.00042610368827114895,0.25,0.9982984853336154,0.00170151466638462
2022-11-22,10.915246490319737,11.047035747860663,10.860980586385526,10.946255683898926,3351700,0.0,0.0,0.013904331110486175,-5.877110481262207,1.0,0.1472940444946289,0.0,0.0,2.0,1.0,0.0
2022-11-23,10.884237644355162,11.078045295244191,10.868733416729148,10.992770195007324,3249300,0.0,0.0,0.013536810001466153,-5.830595970153809,1.0,0.19380855560302734,0.0,0.0,2.0,1.0,0.0
2022-11-25,11.031529781870118,11.279604047343676,10.992768847896292,11.078043937683104,2593000,0.0,0.0,0.010886417200072784,-5.745322227478029,1.0,0.2790822982788068,0.0,0.0,2.0,1.0,0.0
2022-11-28,10.992768303660313,11.225336853258844,10.97726333938447,11.054786682128906,3553100,0.0,0.0,0.014885971082062483,-5.768579483032227,-1.0,-0.023257255554197442,0.0,0.0,0.006944681750604662,0.9965276591246977,0.003472340875302331
2022-11-29,11.054788068606602,11.256348193567645,11.047035585496372,11.217586517333984,4478900,0.0,0.0,0.019041018174411697,-5.605779647827148,1.0,0.16279983520507812,0.0,0.0,2.0,1.0,0.0
2022-11-30,11.178825393887692,11.450156401623008,11.109054521080468,11.364880561828612,7441900,0.0,0.0,0.032052955419902524,-5.458485603332521,1.0,0.31009387969970525,0.0,0.0,2.0,1.0,0.0
2022-12-01,11.36487999984091,11.50442173855509,11.054788068606602,11.217586517333984,5633400,0.0,0.0,0.023949110670863572,-5.605779647827148,1.0,0.16279983520507812,0.0,0.0,2.0,1.0,0.0
2022-12-02,11.101301680799162,11.27185261558905,11.09354993687223,11.194329261779783,3203400,0.0,0.0,0.013590286794477852,-5.629036903381349,1.0,0.13954257965087713,0.015504584208237304,7.586685070027662e-06,2.0,0.9999962066718544,3.7933281456208274e-06
2022-12-05,11.062541264131816,11.101302203544154,10.88423783770144,10.969512939453123,3864000,0.0,0.0,0.016063635322251038,-5.85385322570801,-1.0,-0.22481632232666016,0.17055023090516208,0.0008488304786174437,2.0,0.0,1.0
2022-12-06,10.91524791960254,10.969513830642528,10.527632579448138,10.729192733764648,5912800,0.0,0.0,0.02404249917195451,-6.094173431396484,-1.0,-0.46513652801513494,0.0,0.0,2.0,0.0,1.0
2022-12-07,10.667173320638604,10.791210099361784,10.581897480778284,10.674925804138184,5301100,0.0,0.0,0.021446194267774686,-6.148440361022949,-1.0,-0.5194034576415998,0.0,0.0,2.0,0.0,1.0
2022-12-08,10.690429225343694,10.907493571734122,10.643915067172728,10.783456802368164,4995300,0.0,0.0,0.020414509620317045,-6.039909362792969,1.0,0.10853099822998047,0.0,0.0,0.04366142664703843,1.0,0.0
2022-12-09,10.713686008105324,10.922998612331217,10.698181781487186,10.837722778320312,5892400,0.0,0.0,0.02420190948691488,-5.98564338684082,1.0,0.1627969741821289,0.0,0.0,0.09823878544361697,1.0,0.0
2022-12-12,10.829971392806335,11.008274071057304,10.643915492013704,10.946255683898926,5571000,0.0,0.0,0.02311096715592639,-5.877110481262207,1.0,0.2713298797607422,0.0,0.0,0.2728887122895413,1.0,0.0
2022-12-13,11.178824873426771,11.287357419331371,10.860980458163109,10.96176052093506,5111800,0.0,0.0,0.021236040123705287,-5.861605644226072,1.0,0.2868347167968768,0.0,0.0,0.3049676382842316,1.0,0.0
2022-12-14,10.891989844395672,11.031530846668728,10.814466490330366,10.93850326538086,5246200,0.0,0.0,0.021748139876723336,-5.884862899780273,-1.0,-0.023257255554200995,0.0,0.0,0.00657436028959063,0.9967128198552047,0.003287180144795315
2022-12-15,10.822219359968589,10.884237749707976,10.488869960631234,10.667173385620115,6167000,0.0,0.0,0.024931170933417224,-6.156192779541017,-1.0,-0.29458713531494496,0.0,0.0,1.0547854371311711,0.47260728143441444,0.5273927185655856
2022-12-16,10.61590715857957,10.73421191486685,10.426619247654608,10.4739408493042,10634300,0.235,0.0,0.04221223998003561,-6.349425315856934,-1.0,-0.48781967163086115,0.0,0.0,2.0,0.0,1.0
2022-12-19,10.442393226756298,10.686890684313552,10.442393226756298,10.639568328857422,6567500,0.0,0.0,0.02648155376939515,-6.183797836303711,-1.0,-0.3221921920776385,0.0,0.0,1.2617304782854255,0.36913476085728725,0.6308652391427128
2022-12-20,10.560698148595808,10.742098871343686,10.537036596109605,10.65534210205078,4491900,0.0,0.0,0.018139146600731553,-6.168024063110353,1.0,0.0157737731933576,0.00788695647683646,1.6350339310103486e-06,0.002396851682212412,0.9993183060302125,0.0006816939697874809
2022-12-21,10.710550312076188,10.852516610721654,10.710550312076188,10.820968627929688,4702000,0.0,0.0,0.01928271295827337,-6.002397537231445,1.0,0.18140029907226562,0.0,0.0,0.3169903009797386,1.0,0.0
2022-12-22,10.726326442494464,10.765760863343292,10.52915132959687,10.734212875366213,4575900,0.0,0.0,0.018615131239366447,-6.08915328979492,-1.0,-0.08675575256347479,0.007885266512735356,1.6769454621913188e-06,0.22872864930833703,0.8856348368731004,0.11436516312689961
2022-12-23,10.765759036282091,10.90772533416748,10.686889455806062,10.90772533416748,3904900,0.0,0.0,0.016142228244349605,-5.915640830993652,1.0,0.17351245880126775,0.05520872344582628,8.70987284821462e-05,2.0,0.9999564525322234,4.3547467776537125e-05
2022-12-27,10.939274930529672,10.970822917806624,10.860405338418962,10.915614128112791,3929100,0.0,0.0,0.016254014044716453,-5.907752037048342,1.0,0.18140125274657848,0.0,0.0,2.0,1.0,0.0
2022-12-28,10.899838587645116,10.994482539310305,10.742098668203132,10.765759468078612,3704300,0.0,0.0,0.01511367913126923,-6.057606697082521,1.0,0.03154659271239879,0.0,0.0,0.13222341043590255,1.0,0.0
2022-12-29,10.7815345599252,10.970822475963466,10.7815345599252,10.947161674499512,2763700,0.0,0.0,0.011465996484522576,-5.876204490661621,1.0,0.212948799133299,0.07887077849376212,0.00018015173689024707,2.0,0.9999099322444862,9.006775551382672e-05
2022-12-30,10.899838429754215,10.955047964881617,10.742098512597194,10.860404014587402,3757400,0.0,0.0,0.015465101914300802,-5.9629621505737305,-1.0,-0.08675765991210938,1.5560593880081797e-07,6.809703938970255e-16,0.16598363379866113,0.9170081831006691,0.08299181689933091
2023-01-03,11.018145192925196,11.136449956293784,10.891953244755143,11.112789154052734,5847500,0.0,0.0,0.024627066244823217,-5.710577011108398,1.0,0.25238513946533203,0.16562748033031838,0.0008412107320936973,2.0,0.9995795714684496,0.0004204285315504393
2023-01-04,11.20743185353477,11.23109265311227,11.04969193607934,11.120675086975098,8344300,0.0,0.0,0.03516741412067547,-5.702691078186035,1.0,0.2602710723876953,0.0,0.0,2.0,1.0,0.0
2023-01-05,11.057580001603492,11.1049016045314,10.85251771648038,10.947161674499512,3558200,0.0,0.0,0.014762205988793367,-5.876204490661621,-1.0,-0.17351341247558594,0.0394355282747636,4.503825178198166e-05,0.44444118742113176,0.7777568871635432,0.22224311283645687
2023-01-06,11.05757876248241,11.128561158919927,10.923499648939488,11.104900360107422,6651200,0.0,0.0,0.02799200757461275,-5.718465805053711,1.0,0.15773868560791016,0.0,0.0,0.8264381047618026,1.0,0.0
2023-01-09,11.073352171025052,11.36517119147852,11.073352171025052,11.286301612854004,4973000,0.0,0.0,0.021271077258993843,-5.537064552307129,1.0,0.3391399383544922,0.0,0.0,2.0,1.0,0.0
2023-01-10,11.317849401603189,11.412493345635488,11.128560761375384,11.396718978881836,3584400,0.0,0.0,0.015481594279663197,-5.426647186279297,1.0,0.4495573043823242,0.0,0.0,2.0,1.0,0.0
2023-01-11,11.459816133398965,11.664878409543835,11.444042517168048,11.586008071899414,4956400,0.0,0.0,0.021763039420752434,-5.237358093261719,1.0,0.6388463973999023,0.0,0.0,2.0,1.0,0.0
2023-01-12,11.625440641578091,11.656988619149905,11.36516963856986,11.538683891296388,5507900,0.0,0.0,0.02408583440566917,-5.284682273864744,-1.0,-0.04732418060302557,0.0,0.0,0.005487484494082033,0.997256257752959,0.0027437422470410165
2023-01-13,11.43615494131099,11.45981574092868,11.199544688644318,11.270527839660645,3760800,0.0,0.0,0.01606363649760858,-5.552838325500488,-1.0,-0.31548023223876953,0.0,0.0,0.2438660835405256,0.8780669582297372,0.1219330417702628
2023-01-17,11.262640636603356,11.286302188344116,11.081239919570423,11.120675086975098,4348900,0.0,0.0,0.018328627598409163,-5.702691078186035,-1.0,-0.4653329849243164,0.0,0.0,0.5305603324869138,0.734719833756543,0.2652801662434569
2023-01-18,11.12856016577202,11.18376969429177,10.939272287838154,10.95504665374756,5543400,0.0,0.0,0.02301493870494068,-5.868319511413572,-1.0,-0.6309614181518537,0.0,0.0,0.9754672829236674,0.5122663585381664,0.4877336414618337
2023-01-19,10.91561246034484,11.081239556283952,10.899838093034814,10.994482040405272,3470200,0.0,0.0,0.014459346105683018,-5.828884124755861,-1.0,-0.5915260314941424,0.0,0.0,0.8573434277367128,0.5713282861316435,0.4286717138683564
2023-01-20,11.018144478616309,11.191658020019531,10.939274140041537,11.191658020019531,3438300,0.0,0.0,0.01458335916867165,-5.631708145141602,1.0,0.1971759796142596,0.007888325727760659,1.961956574634051e-06,0.11111182765765906,0.9999823428164817,1.765718351831575e-05
2023-01-23,11.175883889026627,11.302075823205318,11.144335905481956,11.270527839660645,2780700,0.0,0.0,0.011877301108514194,-5.552838325500488,1.0,0.27604579925537287,0.0,0.0,0.217778279359842,1.0,0.0
2023-01-24,11.097014049246988,11.286302711124597,10.876178154580288,11.152223587036133,1784500,0.0,0.0,0.007542188698292473,-5.671142578125,-1.0,-0.11830425262451172,0.06309598546124917,0.000123783376066782,0.18367008514037617,0.9081030657417786,0.09189693425822147
2023-01-25,11.081240943238653,11.223206505981477,11.033918587548827,11.183772087097168,3228600,0.0,0.0,0.013684279126324231,-5.639594078063965,-1.0,-0.08675575256347656,0.0,0.0,0.09877209776839649,0.9506139511158017,0.049386048884198244
2023-01-26,11.254752455209433,11.278413251108669,11.104898992800278,11.246865272521973,2285400,0.0,0.0,0.00974121411624449,-5.57650089263916,1.0,0.06309318542480469,0.0,0.0,0.5288936417437077,1.0,0.0
2023-01-30,11.12067589913397,11.246867842314291,11.097014345665176,11.144336700439451,3454200,0.0,0.0,0.014588850650744944,-5.6790294647216815,-1.0,-0.03943538665771662,0.0,0.0,0.39066751302221475,0.8046662434888926,0.19533375651110738
2023-01-31,11.144337213253706,11.199546002894738,10.947162104920476,11.175885200500488,5070400,0.0,0.0,0.021475512042836545,-5.6474809646606445,-1.0,-0.007886886596679688,0.0,0.0,0.015625944722402554,0.9921870276387987,0.007812972361201277
2023-02-02,11.270529672431971,11.562348755715531,11.231094498547517,11.35728645324707,7104900,0.0,0.0,0.030581016922036085,-5.4660797119140625,1.0,0.18140125274658203,0.0,0.0,2.0,1.0,0.0
2023-02-03,11.18377136820178,11.357284906196552,11.04969224655646,11.262640953063965,4518800,0.0,0.0,0.019287801729458036,-5.560725212097168,-1.0,-0.09464550018310547,0.0,0.0,0.27221959127290124,0.8638902043635494,0.13610979563645062
2023-02-06,11.175884911335004,11.23898088419602,10.90772665059402,11.07335376739502,5639600,0.0,0.0,0.02366719834095179,-5.750012397766113,-1.0,-0.2839326858520508,0.0,0.0,2.0,0.0,1.0
2023-02-07,11.07335279538529,11.089127163297547,10.836742541844265,10.923500061035156,8413800,0.0,0.0,0.0348315959241576,-5.899866104125977,-1.0,-0.43378639221191406,0.0,0.0,2.0,0.0,1.0
2023-02-08,11.246867323430532,11.365172076663168,10.860404327229764,11.00236988067627,9966300,0.0,0.0,0.04155655815089467,-5.820996284484863,1.0,0.07886981964111328,0.12619119246714838,0.0004699627587216143,0.03305748785416897,0.9859827469691083,0.014017253030891758
2023-02-09,11.14433633895858,11.444042570372147,11.128561970491049,11.238980293273926,9062400,0.0,0.0,0.038600196074791704,-5.584385871887207,1.0,0.31548023223876953,0.0,0.0,0.528923003455153,1.0,0.0
2023-02-10,11.136449440719309,11.30996373750176,10.939274342791212,11.0812406539917,7462800,0.0,0.0,0.03134076284957532,-5.742125511169434,-1.0,-0.15773963928222656,0.0,0.0,0.2499984885378266,0.8750007557310867,0.1249992442689133
2023-02-13,11.112787436371669,11.436154441616075,11.073352270623106,11.388832092285156,8198500,0.0,0.0,0.03538612153679852,-5.434534072875977,1.0,0.30759143829345703,0.0,0.0,2.0,1.0,0.0
2023-02-14,11.349398155326286,11.349398155326286,11.02603038433858,11.120675086975098,4914200,0.0,0.0,0.020711108957231092,-5.702691078186035,-1.0,-0.2681570053100586,0.0,0.0,0.7600283776918206,0.6199858111540897,0.3800141888459103
2023-02-15,11.049692463613557,11.199545204309668,10.884065354337173,11.191658020019531,5624700,0.0,0.0,0.023856853769603416,-5.631708145141602,-1.0,-0.197174072265625,0.0,0.0,0.41091417821747345,0.7945429108912633,0.20545708910873672
2023-02-16,11.104900719147926,11.23109265311227,11.057579119992925,11.120675086975098,5141200,0.0,0.0,0.02166781029891264,-5.702691078186035,1.0,-0.0709829330444336,0.0,0.0,0.053254878172451524,0.9733725609137742,0.026627439086225762
2023-02-17,11.08123961467593,11.14433557992205,10.899838150470908,10.90772533416748,7700600,0.0,0.0,0.03183304126057993,-5.915640830993652,-1.0,-0.2129497528076172,0.0,0.0,0.4792981965211832,0.7603509017394083,0.2396490982605916
2023-02-21,10.805195285892443,10.84463045616571,10.5212634138189,10.623794555664062,7535400,0.0,0.0,0.030339285456104127,-6.19957160949707,-1.0,-0.49688053131103516,0.0,0.0,2.0,0.0,1.0
2023-02-22,10.608019828796388,10.679002982460773,10.505488690410417,10.608019828796388,6445500,0.0,0.0,0.025912559318411185,-6.215346336364744,-1.0,-0.5126552581787092,0.0,0.0,2.0,0.0,1.0
2023-02-23,10.67111548122425,10.686889849198066,10.363522827367522,10.46605396270752,5815700,0.0,0.0,0.023067702346512755,-6.357312202453613,-1.0,-0.6546211242675781,0.0,0.0,2.0,0.0,1.0
2023-02-24,10.36352230874214,10.387183107355533,10.19789521412195,10.324087142944336,6598700,0.0,0.0,0.025818405625913587,-6.499279022216797,-1.0,-0.7965879440307617,0.0,0.0,2.0,0.0,1.0
2023-02-27,10.426619838580804,10.473941442912338,10.300427890812264,10.308314323425291,9742500,0.0,0.0,0.03806075866548578,-6.515051841735842,1.0,-0.015772819519044745,0.0,0.0,0.00262948187839456,0.9986852590608027,0.00131474093919728
2023-02-28,10.3004260390973,10.442391578733991,10.2057813431219,10.221555709838867,61247400,0.0,0.0,0.23725972951601634,-6.601810455322266,-1.0,-0.086758613586424,0.05520847137845841,6.993351264736589e-05,0.07955669277718079,0.9601866868550859,0.03981331314491408
2023-03-01,10.213670000012804,10.284653156153537,10.103252425716832,10.14268684387207,7051700,0.0,0.0,0.027106048955797133,-6.6806793212890625,-1.0,-0.16562747955322088,0.0,0.0,0.28994545158883905,0.8550272742055804,0.14497272579441953
2023-03-02,10.095365241220458,10.190009198686996,10.024382085079727,10.14268684387207,7364300,0.0,0.0,0.02830765295250462,-6.6806793212890625,-1.0,-0.16562747955322088,0.0,0.0,0.28994545158883905,0.8550272742055804,0.14497272579441953
2023-03-03,10.190009341215612,10.197896525822305,10.087478197818587,10.119026184082031,5506800,0.0,0.0,0.021118224243720535,-6.704339981079102,1.0,-0.023660659790039062,0.0,0.0,0.005917049688395798,0.9970414751558021,0.002958524844197899
2023-03-06,10.158460600150294,10.158460600150294,9.756223241056244,9.787771224975586,9525300,0.0,0.0,0.03533310843032347,-7.035594940185547,-1.0,-0.3312549591064453,0.0,0.0,1.159781806355381,0.42010909682230946,0.5798909031776905
2023-03-07,9.740450508257709,9.811432914389115,9.456517875078742,9.464405059814451,12082700,0.0,0.0,0.043338780366723256,-7.3589611053466815,-1.0,-0.6546211242675799,0.0,0.0,2.0,0.0,1.0
2023-03-08,9.448630323606752,9.48017906132508,9.259342410276629,9.29877758026123,13308000,0.0,0.0,0.04689839992163656,-7.524588584899902,-1.0,-0.8202486038208008,0.0,0.0,2.0,0.0,1.0
2023-03-09,9.306663838162548,9.322437453288057,8.943861664317057,8.951748847961426,14537900,0.0,0.0,0.049320666849867814,-7.871617317199707,-1.0,-1.1672773361206055,0.0,0.0,2.0,0.0,1.0
2023-03-10,8.912314197884092,8.912314197884092,8.667816755895972,8.762460708618164,16162300,0.0,0.0,0.053672104076427606,-8.060905456542969,-1.0,-1.3565654754638672,0.0,0.0,2.0,0.0,1.0
2023-03-13,8.557399767168597,8.707252514428495,8.234031966578653,8.336563110351562,19041600,0.0,0.0,0.060160280678760274,-8.48680305480957,-1.0,-1.7824630737304688,0.0,0.0,2.0,0.0,1.0
2023-03-14,8.478528885448037,8.517964053952545,8.06840433646241,8.15516185760498,13436700,0.0,0.0,0.041528340763668264,-8.668204307556152,-1.0,-1.9638643264770508,0.0,0.0,2.0,0.0,1.0
2023-03-15,8.021083160533601,8.628382079858786,7.942212819350079,8.494303703308105,23180900,0.0,0.0,0.07462381568668006,-8.329062461853027,-1.0,-1.6247224807739258,0.0,0.0,2.0,0.0,1.0
2023-03-16,8.264510594725344,8.748287132237131,8.232258876820666,8.643468856811523,16057800,0.235,0.0,0.052600938116509365,-8.17989730834961,1.0,0.14916515350341797,0.2303230782845862,0.0007928284198734258,0.008429006317549462,0.9140270409904366,0.0859729590095634
2023-03-17,8.643466598018762,8.699906897367033,8.498333520904458,8.675718307495117,39088000,0.0,0.0,0.12851927464247664,-8.147647857666016,1.0,0.18141460418701172,0.0,0.0,0.012467693342326336,1.0,0.0
2023-03-20,8.836978587141411,9.030488881932309,8.69990860276247,8.917608261108398,10341000,0.0,0.0,0.034948641777324894,-7.905757904052734,1.0,0.42330455780029297,0.0,0.0,0.06788088719268401,1.0,0.0
2023-03-21,8.95792273062089,9.127244438386867,8.869230700435509,8.941797256469727,13299100,0.0,0.0,0.045067808876499714,-7.881568908691406,1.0,0.4474935531616211,0.0,0.0,0.0758604101779786,1.0,0.0
2023-03-22,9.02242580638583,9.054677522347452,8.699908646769599,8.716034889221191,7793200,0.0,0.0,0.025742703556437905,-8.107331275939941,-1.0,-0.22576236724853516,0.0,0.0,0.2545244657331702,0.8727377671334149,0.1272622328665851
2023-03-23,8.707971972932215,8.9014822732561,8.675720256211568,8.732160568237305,8821600,0.0,0.0,0.02919365344368556,-8.091205596923828,-1.0,-0.20963668823242188,0.0,0.0,0.21946284985911635,0.8902685750704418,0.10973142492955817
2023-03-24,8.619278630292387,8.780537972641621,8.54671284896507,8.756348609924316,6438700,0.0,0.0,0.021366855232505342,-8.067017555236816,-1.0,-0.18544864654541016,0.0,0.0,0.17174091410271428,0.9141295429486429,0.08587045705135714
2023-03-28,8.74828652882074,8.917608228376675,8.707971691985222,8.869230270385742,4989000,0.0,0.0,0.01676944958376091,-7.954135894775391,-1.0,0.11288166046142578,0.0,0.0,0.3705095803934425,1.0,0.0
2023-03-29,8.949860738853197,8.957923091783035,8.853104814278876,8.9095458984375,5697200,0.0,0.0,0.019236958531278315,-7.913820266723633,1.0,0.04031562805175781,0.0,0.0,0.047260631827801165,1.0,0.0
2023-03-30,9.030488485955088,9.062740200339366,8.836978199649408,8.901481628417969,11574600,0.0,0.0,0.039046999326137935,-7.921884536743164,1.0,0.03225135803222656,0.0,0.0,0.03024465792509276,1.0,0.0
2023-03-31,9.054675805864854,9.054675805864854,8.925668966474014,8.990172386169434,9055100,0.0,0.0,0.030851809699798033,-7.833193778991699,1.0,0.1209421157836914,0.0,0.0,0.4253121483178871,1.0,0.0
2023-04-03,9.022425760747298,9.094992313529271,8.869230302939895,8.917608261108398,10090800,0.0,0.0,0.034103061062434,-7.905757904052734,1.0,0.04837799072265625,0.0,0.0,0.06805316336617726,1.0,0.0
2023-04-04,8.998237055160198,9.030488770560924,8.659593658981777,8.764411926269531,9059900,0.0,0.0,0.030093005115135928,-8.058954238891602,-1.0,-0.1531963348388672,0.26607530749223685,0.001090063420028671,2.0,0.0,1.0
2023-04-05,8.659593658981777,8.845041599242126,8.554775391694024,8.764411926269531,9525600,0.0,0.0,0.03163985579584088,-8.058954238891602,-1.0,-0.1531963348388672,0.0,0.0,2.0,0.0,1.0
2023-04-06,8.836978005376436,9.01436281506109,8.836978005376436,8.893418312072754,6704800,0.0,0.0,0.022598203835943253,-7.929947853088379,1.0,0.12900638580322266,0.0,0.0,0.7091296861442508,1.0,0.0
2023-04-10,8.901482029137567,9.03855201367664,8.828915476270813,8.925670623779297,3648900,0.0,0.0,0.01234304156732025,-7.897695541381836,1.0,0.16125869750976562,0.0,0.0,1.1080249637688904,1.0,0.0
2023-04-11,8.982110516673075,9.151432194681126,8.96598427641447,9.111117362976074,4043700,0.0,0.0,0.013962717223428298,-7.712248802185059,1.0,0.34670543670654297,0.0,0.0,2.0,1.0,0.0
2023-04-12,9.119180352650512,9.223997837066133,8.957921028137207,8.957921028137207,5079200,0.0,0.0,0.017243360868348885,-7.865445137023926,1.0,0.19350910186767578,0.0,0.0,1.595533930516893,1.0,0.0
2023-04-13,8.97404846290885,9.070803609133286,8.941796747500705,9.022425651550291,4345000,0.0,0.0,0.014857045946716016,-7.800940513610842,-1.0,0.06450462341308416,0.024187528913765632,9.613666906820217e-06,0.17729028494060667,0.9999457773694045,5.42226305955305e-05
2023-04-14,9.070804125445406,9.127244438386867,8.869230700435509,8.941797256469727,4882800,0.0,0.0,0.01654676611065206,-7.881568908691406,-1.0,-0.01612377166748047,0.08869032770169838,0.00012662724707397283,0.06248152063047268,0.9686959260612267,0.031304073938773325
2023-04-17,8.901481356386725,9.078866164550108,8.877292763573104,9.038551330566406,5799600,0.0,0.0,0.019866265883358915,-7.784814834594727,-1.0,0.08063030242919922,0.008062555416822548,1.0726273121993868e-06,2.0,0.9999994636866315,5.363133684675099e-07
2023-04-18,9.030488485955088,9.119181277218,8.828915078817959,8.901481628417969,4982800,0.0,0.0,0.01680951291986592,-7.921884536743164,-1.0,-0.05643939971923828,0.04031562161754998,2.5899400090394636e-05,0.48996853871453916,0.7550027809426852,0.24499721905731478
2023-04-19,8.893417251543086,8.893417251543086,8.724095582704033,8.780536651611328,5920600,0.0,0.0,0.019701811273003383,-8.042829513549805,-1.0,-0.1773843765258789,0.0,0.0,2.0,0.0,1.0
2023-04-20,8.748286097636786,8.836978119150247,8.699908142030296,8.796663284301758,6330000,0.0,0.0,0.021102847096552874,-8.026702880859375,-1.0,-0.16125774383544922,0.0,0.0,2.0,0.0,1.0
2023-04-21,8.804726566417393,8.820852039287397,8.675719707691231,8.756348609924316,7772500,0.0,0.0,0.025793076598482265,-8.067017555236816,-1.0,-0.20157241821289062,0.0,0.0,2.0,0.0,1.0
2023-04-24,8.772475242614746,8.828915553586894,8.716034931642598,8.772475242614746,3226200,0.0,0.0,0.010725876986152657,-8.050890922546387,1.0,0.016126632690429688,0.0,0.0,0.0064006661667257506,1.0,0.0
2023-04-25,8.748287132237131,8.756349485007092,8.627342613388379,8.643468856811523,3641800,0.0,0.0,0.011929535579762097,-8.17989730834961,-1.0,-0.12900638580322266,0.048377094302852086,3.49771046262302e-05,2.0,0.0,1.0
2023-04-26,8.643467671367889,8.732159691206322,8.530586289712286,8.587026596069336,4127000,0.0,0.0,0.013430638215967029,-8.236339569091797,-1.0,-0.18544864654541016,0.0,0.0,2.0,0.0,1.0
2023-04-27,8.562837145507501,8.69990710630932,8.562837145507501,8.69184398651123,4783100,0.0,0.0,0.015755810791458817,-8.131522178649902,-1.0,-0.08063125610351562,0.0,0.0,2.0,0.0,1.0
2023-04-28,8.683781175476264,8.836976598814575,8.627340108822036,8.812788009643555,5278700,0.0,0.0,0.017630299003617456,-8.010578155517578,1.0,0.12094402313232422,0.10481690760825302,0.00017121229995286695,2.0,0.9999144011778092,8.559882219082321e-05
2023-05-01,8.772475047355101,8.845041599242126,8.60315334926589,8.764411926269531,6018300,0.0,0.0,0.01999014698665797,-8.058954238891602,1.0,0.07256793975830078,0.0,0.0,0.8099957420692754,1.0,0.0
2023-05-02,8.70797146014509,8.740223174966527,8.361264949108483,8.55477523803711,9952900,0.0,0.0,0.03226841383002199,-8.268590927124023,-1.0,-0.20963668823242188,0.26607515971355333,0.0010354893818490631,2.0,0.0,1.0
2023-05-03,8.877292674421867,9.659396908720378,8.820851599834901,9.393320083618164,14371000,0.0,0.0,0.051159404961794115,-7.430046081542969,1.0,0.8385448455810547,0.8143553094782519,0.012012816688603037,2.0,0.9940294531978311,0.005970546802168929
2023-05-04,9.353006795579306,9.788405342711425,9.312691958653051,9.683587074279783,9350600,0.0,0.0,0.03431587797911643,-7.139779090881349,1.0,1.128811836242674,0.0,0.0,2.0,1.0,0.0
2023-05-05,9.780341355415043,9.877096494104723,9.627145142450267,9.796466827392578,9035600,0.0,0.0,0.0335463939396828,-7.026899337768555,1.0,1.2416915893554688,0.0,0.0,2.0,1.0,0.0
2023-05-08,9.83678134408918,9.97385131172246,9.764214800172562,9.87709617614746,7298600,0.0,0.0,0.027320473319496556,-6.946269989013674,1.0,1.3223209381103498,0.0,0.0,2.0,1.0,0.0
2023-05-09,9.844844464289128,9.941599599864126,9.82871822388923,9.87709617614746,7557200,0.0,0.0,0.028288477375126648,-6.946269989013674,1.0,1.3223209381103498,0.0,0.0,2.0,1.0,0.0
2023-05-10,9.933537679127758,9.981915637227576,9.619083642774402,9.683587074279783,9918300,0.0,0.0,0.03639928695059894,-7.139779090881349,1.0,1.128811836242674,0.14513115739815952,0.00041319187038130255,2.0,0.9997934467378737,0.0002065532621262956
2023-05-11,9.635208325715956,9.772278298655186,9.570704899502378,9.643271446228027,5028300,0.0,0.0,0.01837659086210506,-7.1800947189331055,-1.0,-0.040315628051756036,0.25801332438685165,0.0012912903993414606,0.001275568395799987,0.9987165706024292,0.0012834293975707237
2023-05-12,9.66746107537361,9.675524196750215,9.48201389736119,9.490077018737791,5252000,0.0,0.0,0.018889211447022856,-7.333289146423342,-1.0,-0.1935100555419922,0.0,0.0,0.02938758958105153,0.9853062052094742,0.014693794790525764
2023-05-15,9.530389507549492,9.981914233533647,9.49007544523391,9.869032859802246,8254200,0.0,0.0,0.030872297904729205,-6.954333305358887,1.0,0.3789558410644549,0.20963593487846133,0.0009086998491103929,2.0,0.9995458564155482,0.0004541435844518635
2023-05-16,9.860970927536377,9.973852314864567,9.667460636923654,9.67552375793457,5073900,0.0,0.0,0.018605260748528245,-7.1478424072265625,1.0,0.18544673919677912,0.0,0.0,0.9183988419921983,1.0,0.0
2023-05-17,9.748089953588591,10.006103664994514,9.691649646453923,9.95772647857666,5834700,0.0,0.0,0.022019025657361257,-6.865639686584473,1.0,0.46764945983886896,0.0,0.0,2.0,1.0,0.0
2023-05-18,9.909347083029328,10.062542509676357,9.852906784097485,10.03835391998291,3892700,0.0,0.0,0.014809241391743782,-6.785012245178223,1.0,0.548276901245119,0.0,0.0,2.0,1.0,0.0
2023-05-19,10.054481537061855,10.054481537061855,9.78840470714332,9.85290813446045,5483100,0.0,0.0,0.020474342962887852,-6.970458030700684,-1.0,-0.18544578552246094,0.0,0.0,0.11440211057175602,0.942798944714122,0.05720105528587801
2023-05-22,9.885159688318218,9.989977948249468,9.820656262043832,9.89322280883789,6107500,0.0,0.0,0.022899217358063818,-6.930143356323242,-1.0,-0.14513111114501953,0.0,0.0,0.0700682291271436,0.9649658854364283,0.0350341145635718
2023-05-23,9.909349534989754,9.933538130668406,9.756154070436178,9.764216423034668,3925900,0.0,0.0,0.014527671257059553,-7.059149742126465,-1.0,-0.2741374969482422,0.0,0.0,0.2499982606003348,0.8750008696998326,0.1249991303001674
2023-05-24,9.715839244421431,9.748090961682468,9.506202697753906,9.506202697753906,4869800,0.0,0.0,0.017544361582831108,-7.317163467407227,-1.0,-0.5321512222290039,0.0,0.0,0.9420419197252173,0.5289790401373913,0.47102095986260867
2023-05-25,9.465886619068009,9.5303900451412,9.296564933390508,9.385257720947266,4022300,0.0,0.0,0.014306718617161332,-7.438108444213867,-1.0,-0.6530961990356445,0.0,0.0,1.418908574927312,0.290545712536344,0.709454287463656
2023-05-26,9.393321068858004,9.514265582280048,9.232062486570188,9.441699028015137,3707900,0.0,0.0,0.013267757922906496,-7.381667137145996,-1.0,-0.5966548919677734,0.0,0.0,1.1842585049732124,0.4078707475133938,0.5921292524866062
2023-05-30,9.441699711796517,9.473951430589796,9.23206315516939,9.320755958557127,3654800,0.0,0.0,0.012910234389535724,-7.502610206604006,-1.0,-0.717597961425783,0.0,0.0,1.7130202363856364,0.1434898818071818,0.8565101181928182
2023-05-31,9.248188735694312,9.288503573529663,9.094992505708282,9.183685302734377,7231500,0.0,0.0,0.02516893027066706,-7.639680862426756,-1.0,-0.8546686172485334,0.0,0.0,2.0,0.0,1.0
2023-06-01,9.240124943912557,9.385258042012923,9.151432922263176,9.304628372192385,3970800,0.0,0.0,0.014002204589413944,-7.518737792968748,1.0,0.12094306945800781,0.0,0.0,0.02002472028881321,1.0,0.0
2023-06-02,9.401382925937916,9.57070460680564,9.353005742227976,9.522327423095703,6104300,0.0,0.0,0.022029181106514688,-7.30103874206543,1.0,0.33864212036132635,0.0,0.0,0.15699522186265075,1.0,0.0
2023-06-05,9.506201094251404,9.506201094251404,9.296564582945289,9.417509078979492,3956300,0.0,0.0,0.014120323196394762,-7.405857086181641,-1.0,-0.10481834411621094,0.0,0.0,0.09580598486147288,0.9520970075692635,0.04790299243073644
2023-06-06,9.385258596801124,9.570705771832532,9.369132354307142,9.538454055786133,3374900,0.0,0.0,0.012199956294227817,-7.284912109375,1.0,0.12094497680664062,1.1650268927354546e-06,2.5575449062277308e-14,1.3313770977173813,0.9999999999999808,1.9209770925251306e-14
2023-06-07,9.594893812633371,9.852908295048666,9.554579746609235,9.812593460083008,7420900,0.0,0.0,0.02759686564395201,-7.010772705078125,1.0,0.3950843811035156,0.0,0.0,2.0,1.0,0.0
2023-06-08,9.8448469000464,9.8448469000464,9.498140335083008,9.498140335083008,4693300,0.0,0.0,0.016894147097851933,-7.325225830078125,-1.0,-0.314453125,0.0,0.0,0.6334788330961435,0.6832605834519283,0.31673941654807175
2023-06-09,9.490075515394022,9.538452698106951,9.409445852283865,9.514264106750488,2659500,0.0,0.0,0.009589469257081464,-7.3091020584106445,-1.0,-0.29832935333251953,0.0,0.0,0.570180356778264,0.714909821610868,0.285090178389132
2023-06-12,9.41750873807202,9.64327071264539,9.385257027418684,9.457822799682615,4460300,0.0,0.0,0.015987281314187682,-7.365543365478517,-1.0,-0.3547706604003924,0.0,0.0,0.8063352960399918,0.5968323519800041,0.4031676480199959
2023-06-13,9.498137866551874,9.675522664029351,9.457823034996794,9.514264106750488,6073300,0.0,0.0,0.021898749253255443,-7.3091020584106445,1.0,0.05644130706787287,0.13706996592240017,0.00035168719631242296,0.025310383894762027,0.9862954476642088,0.013704552335791152
2023-06-14,9.522327423095703,9.764214879528335,9.457823229913332,9.522327423095703,7470400,0.0,0.0,0.026959159041676742,-7.30103874206543,1.0,0.06450462341308771,0.0,0.0,0.03305873988800266,1.0,0.0
2023-06-15,9.485307855256933,9.57580132252624,9.353681849650174,9.567574501037598,4999300,0.235,0.0,0.018127187428598625,-7.255791664123535,-1.0,0.04524707794189453,0.10414118534662009,0.00020600389151563463,0.01626618407168402,0.9874938355502095,0.012506164449790507
2023-06-16,9.551121754596032,9.584028259086558,9.419495736633928,9.50176239013672,19769400,0.0,0.0,0.07118967794513727,-7.321603775024412,1.0,-0.06581211090087713,0.03832749327940377,2.7403648456148026e-05,2.0,0.0,1.0
2023-06-20,9.460627686196323,9.682747147588035,9.44417404406975,9.59225368499756,7388300,0.0,0.0,0.026858672963698826,-7.231112480163572,1.0,0.024679183959962714,0.10694582506179451,0.0002187345749280573,0.14062092447419466,0.9984469248476967,0.001553075152303273
2023-06-21,9.55112172655746,9.592255053188104,9.452402213375684,9.46885585784912,4925400,0.0,0.0,0.01767495778400022,-7.3545103073120135,1.0,-0.09871864318847834,0.0,0.0,2.0,0.0,1.0
2023-06-22,9.43594823965967,9.460627918903748,9.287868595089478,9.386588096618652,3872200,0.0,0.0,0.013774787721989997,-7.4367780685424805,-1.0,-0.08226776123046697,0.0,0.0,2.0,0.0,1.0
2023-06-23,9.353682588422616,9.378362270284914,9.263189898558895,9.33722972869873,5301900,0.0,0.0,0.01876156014634612,-7.486136436462402,-1.0,-0.13162612915038885,0.0,0.0,2.0,0.0,1.0
2023-06-26,9.32077542834635,9.38658843171529,9.23850878185873,9.27964210510254,4449800,0.0,0.0,0.015649162207861528,-7.543724060058592,-1.0,-0.18921375274657848,0.0,0.0,2.0,0.0,1.0
2023-06-27,9.304322331135364,9.501761336178106,9.271415830294908,9.485307693481444,3670200,0.0,0.0,0.013193515392363598,-7.338058471679689,1.0,0.2056655883789027,0.12339906589319227,0.0002827882812612301,1.1814568538241856,0.9997607017051934,0.0002392982948066295
2023-06-28,9.460628937019148,9.460628937019148,9.312549276513211,9.452402114868164,3540200,0.0,0.0,0.012682047051173997,-7.370964050292969,1.0,0.17276000976562322,0.0,0.0,0.8336447916978141,1.0,0.0
2023-06-29,9.53466747415707,9.58402683126285,9.485307332498454,9.55934715270996,2644300,0.0,0.0,0.00957984168846717,-7.264019012451174,1.0,0.2797050476074183,0.0,0.0,2.0,1.0,0.0
2023-06-30,9.616932903120562,9.658066221914456,9.559346727540788,9.649839401245115,2920100,0.0,0.0,0.010679162218461893,-7.173526763916017,1.0,0.3701972961425746,0.0,0.0,2.0,1.0,0.0
2023-07-03,9.64983999689041,9.75678631853478,9.62516031791182,9.641613960266112,1956300,0.0,0.0,0.007148329573487224,-7.181752204895021,1.0,0.36197185516357067,0.0,0.0,2.0,1.0,0.0
2023-07-05,9.600479653971083,9.649839006864244,9.542893480744809,9.6087064743042,3777700,0.0,0.0,0.013756620815453148,-7.214659690856934,-1.0,-0.032907485961912286,0.01645324679597948,5.2008164052051255e-06,0.00826494184672679,0.995864928668434,0.004135071331565998
2023-07-06,9.53466713648391,9.53466713648391,9.279641185293082,9.31254768371582,5282200,0.0,0.0,0.01864243871524123,-7.5108184814453125,-1.0,-0.3290662765502912,0.0,0.0,0.8264510712973714,0.5867744643513143,0.4132255356486857
2023-07-07,9.30432284761164,9.534668366281153,9.279642382196652,9.493535041809082,5608100,0.0,0.0,0.020177301362063145,-7.329831123352051,1.0,0.18098735809326172,0.0,0.0,0.3025030285453938,1.0,0.0
2023-07-10,9.468855517787578,9.608708352577366,9.427722192634183,9.575801849365234,3754100,0.0,0.0,0.01362386593625531,-7.247564315795898,1.0,0.26325416564941406,0.0,0.0,0.6400055644069301,1.0,0.0
2023-07-11,9.616933492550116,9.773239956636507,9.60048063475583,9.72387981414795,2709500,0.0,0.0,0.009985000970420752,-7.099486351013184,1.0,0.4113321304321289,0.0,0.0,1.5624945660254164,1.0,0.0
2023-07-12,9.830826799010016,9.87196012310018,9.7567869725583,9.78146743774414,2610800,0.0,0.0,0.009678253453932417,-7.041898727416992,1.0,0.4689197540283203,0.0,0.0,2.0,1.0,0.0
2023-07-13,9.814373689356763,10.11875902456255,9.806146867838338,10.069398880004885,5220400,0.0,0.0,0.019921713937350934,-6.753967285156248,1.0,0.7568511962890643,0.0,0.0,2.0,1.0,0.0
2023-07-14,10.061173431621434,10.061173431621434,9.814375028809035,9.946001052856444,3239500,0.0,0.0,0.01221084894566487,-6.877365112304689,1.0,0.6334533691406232,0.0,0.0,2.0,1.0,0.0
2023-07-17,9.888412934663531,9.987132433443096,9.888412934663531,9.913092613220217,2129300,0.0,0.0,0.00799954694488964,-6.910273551940916,1.0,0.6005449295043963,0.0,0.0,2.0,1.0,0.0
2023-07-18,9.921321324673176,10.061173386177122,9.896640856861024,9.995360374450684,2393100,0.0,0.0,0.009065226868413285,-6.828005790710449,1.0,0.6828126907348633,0.0,0.0,2.0,1.0,0.0
2023-07-19,10.06117075017817,10.192797523698186,10.011811396591847,10.143437385559082,5416300,0.0,0.0,0.020821271038709985,-6.679928779602051,1.0,0.8308897018432617,0.0,0.0,2.0,1.0,0.0
2023-07-20,10.11875912483274,10.192798950126486,10.05294612113894,10.08585262298584,3843600,0.0,0.0,0.014691636558806941,-6.737513542175293,1.0,0.7733049392700195,0.0,0.0,2.0,1.0,0.0
2023-07-21,10.118758461955084,10.118758461955084,9.978905642129265,10.028264999389648,3273600,0.0,0.0,0.012441443953851588,-6.795101165771484,-1.0,-0.057587623596191406,0.03290575446258259,2.3450486214950118e-05,0.0055457047779724124,0.9972154223679063,0.002784577632093681
2023-07-24,10.052945462974725,10.41491695959242,10.044718641913384,10.382010459899902,4839800,0.0,0.0,0.019042687961279368,-6.4413557052612305,1.0,0.3537454605102539,0.22211800946593385,0.0011890852193056202,2.0,0.9994058106612272,0.0005941893387727083
2023-07-25,10.37378343812584,10.390237079930172,10.217477763748802,10.266837120056152,4475400,0.0,0.0,0.017413573500568064,-6.5565290451049805,1.0,0.2385721206665039,0.0,0.0,2.0,1.0,0.0
2023-07-26,10.225704551445924,10.382010225315405,10.126985054598965,10.233930587768556,4892500,0.0,0.0,0.018975475827265872,-6.589435577392576,-1.0,-0.03290653228759588,0.0,0.0,0.019025008298953046,0.9904874958505234,0.009512504149476523
2023-07-27,10.612354722274778,10.974326961305106,10.044717472524022,10.151663780212402,12234400,0.0,0.0,0.047069466384244,-6.6717023849487305,-1.0,-0.11517333984375,0.5840898813749344,0.007664538953503526,0.23305828145982033,0.8796385897933381,0.12036141020666193
2023-07-28,10.27506551112568,10.291519155444348,9.847280958028554,9.871960639953612,8510400,0.0,0.0,0.031839978205956625,-6.951405525207521,-1.0,-0.39487648010254084,0.0,0.0,2.0,0.0,1.0
2023-07-31,9.871958969142296,10.085851601766386,9.871958969142296,10.020038604736328,5658300,0.0,0.0,0.021486948268655014,-6.803327560424805,-1.0,-0.24679851531982422,0.0,0.0,1.0701525815481647,0.46492370922591764,0.5350762907740824
2023-08-01,9.978906204598326,10.02003952766905,9.830826555364869,9.987133026123049,3258500,0.0,0.0,0.012333261322689196,-6.836233139038084,-1.0,-0.2797040939331037,0.0,0.0,1.374542789710457,0.3127286051447715,0.6872713948552285
2023-08-02,9.880186935066948,9.880186935066948,9.707427601701268,9.863733291625977,3771100,0.0,0.0,0.014097066335039047,-6.959632873535156,-1.0,-0.4031038284301758,0.0,0.0,2.0,0.0,1.0
2023-08-03,9.81437394010569,9.863733301371568,9.674521108930874,9.78146743774414,3651700,0.0,0.0,0.013536876872117746,-7.041898727416992,-1.0,-0.4853696823120117,0.0,0.0,2.0,0.0,1.0
2023-08-04,9.806147505131833,9.88841415655676,9.765014179419367,9.82260036468506,3113800,0.0,0.0,0.011591417885888975,-7.000765800476072,1.0,0.041132926940919745,0.008227221489811143,1.381068692032983e-06,0.0071818104308167706,0.9998077360610353,0.00019226393896465413
2023-08-07,9.871960512450602,9.913093838163066,9.756787357366289,9.82260036468506,4180700,0.0,0.0,0.015563055031002646,-7.000765800476072,1.0,0.041132926940919745,0.0,0.0,0.0071818104308167706,1.0,0.0
2023-08-08,9.699200139400446,9.72387981837904,9.62516031791182,9.641613960266112,5141600,0.0,0.0,0.018787431035649907,-7.181752204895021,-1.0,-0.18098640441894887,0.13985386150754664,0.000379217256185071,2.0,0.0,1.0
2023-08-09,9.666293278825048,9.756785954740993,9.641613600766668,9.715653419494627,3847200,0.0,0.0,0.014165638409119946,-7.107712745666506,1.0,0.07403945922851562,0.0,0.0,0.1673534122440749,1.0,0.0
2023-08-10,9.75678699245358,10.126986125467038,9.740334133515704,9.896639823913574,6222400,0.0,0.0,0.023338076786913624,-6.926726341247559,1.0,0.2550258636474627,0.0,0.0,1.9855304401397833,1.0,0.0
2023-08-11,9.806147546890337,9.863733732401249,9.74856136137942,9.77324104309082,2717100,0.0,0.0,0.010063837283693533,-7.0501251220703125,1.0,0.1316270828247088,0.0,0.0,0.5289304972281248,1.0,0.0
2023-08-14,9.740332388937883,9.740332388937883,9.501760092922297,9.542893409729004,3743700,0.0,0.0,0.013539433267861826,-7.280472755432129,-1.0,-0.2303476333618164,0.2385740405934076,0.0010738094212689553,2.0,0.0,1.0
2023-08-15,9.485307332498454,9.608707294368577,9.468854474980809,9.55934715270996,4514700,0.0,0.0,0.016355977487774738,-7.264019012451174,-1.0,-0.21389389038086115,0.0,0.0,2.0,0.0,1.0
2023-08-16,9.55934718529725,9.682747147588035,9.518213864533656,9.59225368499756,3388300,0.0,0.0,0.012317480557489643,-7.231112480163572,1.0,0.03290653228760121,0.0,0.0,0.023668322465006233,1.0,0.0
2023-08-17,9.616933891802532,9.690973716332747,9.542894851825196,9.600481033325195,2741900,0.0,0.0,0.009976173170807892,-7.2228851318359375,1.0,0.04113388061523615,0.0,0.0,0.03698303999822627,1.0,0.0
2023-08-18,9.518213608577152,9.707426565180386,9.509987572287914,9.682746887207031,4910300,0.0,0.0,0.018018804760365745,-7.140619277954102,1.0,0.12339973449707209,0.008226292245742783,1.3272004249977532e-06,0.332837070800807,0.9999960124780285,3.987521971526977e-06
2023-08-21,9.658068103111994,9.715655074461353,9.551121767237987,9.616934776306152,2089100,0.0,0.0,0.007614042091926622,-7.2064313888549805,1.0,0.05758762359619318,0.0,0.0,0.07248723856291084,1.0,0.0
2023-08-22,9.658066813865103,9.732106635321518,9.625160313723685,9.72387981414795,2258900,0.0,0.0,0.008324457904441203,-7.099486351013184,1.0,0.16453266143799006,0.0,0.0,0.5917080616250409,1.0,0.0
2023-08-23,9.740332673040548,9.806145668029783,9.71565299605778,9.806145668029783,1934000,0.0,0.0,0.007187439196763714,-7.017220497131349,1.0,0.24679851531982422,0.0,0.0,1.3313379941193766,1.0,0.0
2023-08-24,9.797918847517934,9.92954483749641,9.740332673040548,9.806145668029783,4216000,0.0,0.0,0.015668171485809627,-7.017220497131349,1.0,0.24679851531982422,0.0,0.0,1.3313379941193766,1.0,0.0
2023-08-25,9.863731414506873,9.904864730728514,9.765011926306586,9.814372062683104,2002900,0.0,0.0,0.007449740727159176,-7.008994102478029,1.0,0.25502490997314453,0.0,0.0,1.421570644025357,1.0,0.0
2023-08-28,9.8555066858548,10.028266023005902,9.8555066858548,10.011813163757324,2189900,0.0,0.0,0.008309146069636682,-6.811553001403809,1.0,0.45246601104736506,0.0,0.0,2.0,1.0,0.0
2023-08-29,10.04471867405476,10.135211352360535,10.003585353169283,10.061171531677246,3620200,0.0,0.0,0.013803858252895153,-6.762194633483887,1.0,0.5018243789672869,0.0,0.0,2.0,1.0,0.0
2023-08-30,10.069397960103558,10.118758100151874,10.03649146158895,10.102304458618164,2328600,0.0,0.0,0.008915274503445002,-6.721061706542969,1.0,0.5429573059082049,0.0,0.0,2.0,1.0,0.0
2023-08-31,10.135212569661409,10.184572717563002,10.077626384236993,10.159893035888672,2637700,0.0,0.0,0.010156262302067478,-6.663473129272461,1.0,0.6005458831787127,0.0,0.0,2.0,1.0,0.0
2023-09-01,10.209251466893884,10.332651433102104,10.209251466893884,10.275064468383787,2415900,0.0,0.0,0.009407687503007755,-6.5483016967773455,1.0,0.7157173156738281,0.0,0.0,2.0,1.0,0.0
2023-09-05,10.201023377824615,10.340876184748495,10.094077852108956,10.29974365234375,6697000,0.0,0.0,0.02614123422670487,-6.523622512817383,1.0,0.7403964996337908,0.0,0.0,2.0,1.0,0.0
2023-09-06,10.258611734663022,10.472503599822,10.24215809181463,10.40669059753418,6677300,0.0,0.0,0.026334974682696206,-6.416675567626953,1.0,0.8473434448242205,0.0,0.0,2.0,1.0,0.0
2023-09-07,10.373784621212726,10.5054114170004,10.332652081116548,10.414917945861816,8927100,0.0,0.0,0.03523592087588756,-6.408448219299316,1.0,0.8555707931518572,0.0,0.0,2.0,1.0,0.0
2023-09-08,10.439595820727456,10.579448629607375,10.423142964445995,10.513635635375977,6357700,0.0,0.0,0.02533216607840892,-6.309730529785156,1.0,0.9542884826660174,0.0,0.0,2.0,1.0,0.0
2023-09-11,10.554769549303732,10.694622366086008,10.521863050328658,10.587676048278809,5808600,0.0,0.0,0.023307274382794358,-6.235690116882324,1.0,1.0283288955688494,0.0,0.0,2.0,1.0,0.0
2023-09-12,10.587676279511877,10.842702240553043,10.579449458450227,10.735755920410156,5497000,0.0,0.0,0.02236545510209608,-6.087610244750977,1.0,1.176408767700197,0.0,0.0,2.0,1.0,0.0
2023-09-13,10.752207932130403,10.76866157295933,10.423142961079678,10.43136978149414,4879800,0.0,0.0,0.01929135519282108,-6.391996383666992,-1.0,-0.3043861389160156,0.0987200892489799,0.00023852726990768828,0.06694732646850468,0.9664070731307938,0.03359292686920618
2023-09-14,10.519381100797672,10.68702047783131,10.494235394084528,10.661874771118164,3262700,0.235,0.0,0.013183480885440798,-6.161491394042969,-1.0,-0.07388114929199219,0.0,0.0,0.003944125996134436,0.9980279370019328,0.001972062998067218
2023-09-15,10.61996414523749,10.754075639517536,10.56129056633186,10.58643627166748,7110300,0.0,0.0,0.02852706463888935,-6.236929893493652,1.0,-0.0754384994506836,0.0,0.0,0.004112155956849579,0.9979439220215752,0.0020560779784247894
2023-09-18,10.57805660133101,10.661876704733062,10.502618668142713,10.636730194091797,2628100,0.0,0.0,0.010594230146469052,-6.186635971069336,-1.0,0.050293922424316406,0.0,0.0,0.44447253765630973,1.0,0.0
2023-09-19,10.661875546950244,10.795987058336037,10.63672903903966,10.687021255493164,3303500,0.0,0.0,0.013379822684156871,-6.136344909667969,1.0,0.05029106140136719,0.0,0.0,0.4444219705142071,1.0,0.0
2023-09-20,10.745693915714368,10.913334089865415,10.712166040757676,10.863041877746582,4542100,0.0,0.0,0.018699393423088604,-5.960324287414551,1.0,0.22631168365478516,0.0,0.0,2.0,1.0,0.0
2023-09-21,10.804367520821692,10.913333306450715,10.779221016883625,10.837895393371582,4091600,0.0,0.0,0.016805734513020632,-5.985470771789551,1.0,0.20116519927978516,0.0,0.0,2.0,1.0,0.0
2023-09-22,10.8881862638282,11.005534211630884,10.871422728066385,10.938478469848633,5224700,0.0,0.0,0.0216589624569599,-5.8848876953125,1.0,0.30174827575683594,0.0,0.0,2.0,1.0,0.0
2023-09-25,10.888187937080424,11.05582731729818,10.854660061036872,11.030681610107422,3907500,0.0,0.0,0.01633505908387685,-5.792684555053711,1.0,0.393951416015625,0.0,0.0,2.0,1.0,0.0
2023-09-26,10.997154013504016,11.06420976729502,10.871424674987791,10.871424674987791,5244100,0.0,0.0,0.02160612077800833,-5.951941490173342,1.0,0.23469448089599432,0.0,0.0,2.0,1.0,0.0
2023-09-27,10.87980614080778,11.013918448942295,10.821132555564189,10.955244064331056,4531100,0.0,0.0,0.018812437845281447,-5.868122100830076,-1.0,0.08381938934326527,0.03352750547268357,3.264406248410132e-05,1.2345335658681489,0.9999735582731639,2.6441726836129355e-05
2023-09-28,10.946861371308064,11.349195848974691,10.946861371308064,11.273757934570312,7658300,0.0,0.0,0.03272053939190335,-5.54960823059082,1.0,0.31851387023925604,0.0,0.0,2.0,1.0,0.0
2023-09-29,11.30728709754025,11.340814974503688,11.030681912749989,11.047446250915527,5286400,0.0,0.0,0.022133051382961136,-5.7759199142456055,1.0,0.09220218658447088,0.0,0.0,1.4938134262832348,1.0,0.0
2023-10-02,11.022299618013532,11.114501878137611,10.846278066120217,11.005536079406738,4716200,0.0,0.0,0.019670834728026793,-5.8178300857543945,-1.0,-0.04191017150878906,0.10058330518784686,0.0002989026315983581,0.2066124250665058,0.896544336150948,0.10345566384905207
2023-10-03,10.946861964822109,11.10611917102449,10.77922179067106,10.863041877746582,4150800,0.0,0.0,0.01708844856356227,-5.960324287414551,-1.0,-0.1844043731689453,0.0,0.0,2.0,0.0,1.0
2023-10-04,10.921715638774794,11.064209309527088,10.846277719039154,11.055827140808104,4729900,0.0,0.0,0.019818125416406568,-5.767539024353029,-1.0,0.008380889892576349,0.0,0.0,0.0020655601083424922,1.0,0.0
2023-10-05,11.022298357671804,11.131264143943014,10.955242612176832,10.988770484924316,2708700,0.0,0.0,0.011280526863324822,-5.834595680236816,1.0,-0.06705665588378729,0.0,0.0,2.0,0.0,1.0
2023-10-09,11.030681610107422,11.148029575943662,10.955243689167526,11.030681610107422,2978800,0.0,0.0,0.012452686883954539,-5.792684555053711,-1.0,-0.025145530700681817,0.0,0.0,2.0,0.0,1.0
2023-10-10,11.030681660290114,11.106119581573203,10.913334493287635,10.96362590789795,4068800,0.0,0.0,0.0169059634216486,-5.859740257263184,-1.0,-0.09220123291015447,0.0,0.0,2.0,0.0,1.0
2023-10-11,10.980390696736992,11.122884376265665,10.938480649928389,10.997154235839844,3503900,0.0,0.0,0.014603312969865478,-5.826211929321289,1.0,0.03352832794189453,0.0,0.0,0.1322361920305281,1.0,0.0
2023-10-12,11.131264958832295,11.14802929611708,10.930097707620485,10.972007751464844,7105800,0.0,0.0,0.02954734472795683,-5.851358413696289,1.0,0.008381843566894531,0.0,0.0,0.008264291845497556,1.0,0.0
2023-10-13,10.972008350674828,11.131265566739732,10.94686264274198,11.022299766540527,4647500,0.0,0.0,0.019413819623257486,-5.8010663986206055,1.0,0.058673858642578125,0.0,0.0,0.4049634647286333,1.0,0.0
2023-10-16,11.06420961266757,11.198321118375308,11.055827443718927,11.072591781616213,3160400,0.0,0.0,0.013262051671747474,-5.75077438354492,1.0,0.1089658737182635,0.0,0.0,1.3967142178883545,1.0,0.0
2023-10-17,11.089355219917689,11.240231062159058,11.08097385041243,11.206703186035156,3423100,0.0,0.0,0.014538407238215912,-5.616662979125977,1.0,0.24307727813720703,0.0,0.0,2.0,1.0,0.0
2023-10-18,11.139647987348102,11.223468081506926,11.064210062478692,11.106120109558104,3442600,0.0,0.0,0.014489997282923297,-5.717246055603029,-1.0,-0.10058307647705256,0.0,0.0,0.17122260518840046,0.9143886974057998,0.08561130259420023
2023-10-19,11.080972821820511,11.27375789179576,11.064208485630903,11.097736358642578,4031100,0.0,0.0,0.01695420183206269,-5.725629806518555,-1.0,-0.10896682739257812,0.033526829636702615,3.4287707205333966e-05,0.20095549376505828,0.8995051092638682,0.10049489073613181
2023-10-20,11.072590503527683,11.164791953217208,11.022298295008603,11.080972671508787,3287100,0.0,0.0,0.013804166020772736,-5.7423934936523455,-1.0,-0.12573051452636896,0.0,0.0,0.2675424232045043,0.8662287883977479,0.13377121160225214
2023-10-23,11.02230001539928,11.206703742928095,10.988772137609285,11.106120109558104,4366900,0.0,0.0,0.01838040118944918,-5.717246055603029,-1.0,-0.10058307647705256,0.0,0.0,0.17122260518840046,0.9143886974057998,0.08561130259420023
2023-10-24,11.156411191896616,11.315668395368965,11.072591106257962,11.131264686584473,6152900,0.0,0.0,0.02595635709099018,-5.69210147857666,1.0,0.025144577026368964,0.15087644215175722,0.0007025829406475403,0.06249407422859304,0.9888825932870781,0.011117406712921917
2023-10-25,11.00553475612103,11.080972669200165,10.678637399233956,10.837895393371582,5835400,0.0,0.0,0.023968174596070143,-5.985470771789551,-1.0,-0.2933692932128906,0.31013473837532857,0.002684752158936729,2.0,0.0,1.0
2023-10-26,10.678637103175152,10.678637103175152,9.5303065009688,9.781765937805176,13530000,0.0,0.0,0.050157333124380477,-7.041600227355957,-1.0,-1.3494987487792969,0.0,0.0,2.0,0.0,1.0
2023-10-27,9.83205899042284,9.974552668489922,9.379432248141413,9.521925926208496,9109100,0.0,0.0,0.03287150906554252,-7.301440238952637,-1.0,-1.6093387603759766,0.0,0.0,2.0,0.0,1.0
2023-10-30,9.6392728290022,9.706328576037158,9.153118263314973,9.195028305053713,10310700,0.0,0.0,0.03593027944932792,-7.62833786010742,-1.0,-1.93623638153076,0.0,0.0,2.0,0.0,1.0
2023-10-31,9.211792595924264,9.530307820088009,9.203410427017095,9.463252067565918,5179800,0.0,0.0,0.018576879896175125,-7.360114097595215,-1.0,-1.6680126190185547,0.0,0.0,2.0,0.0,1.0
2023-11-01,9.496779718254794,9.656037726237704,9.446488304741584,9.555453300476074,3825300,0.0,0.0,0.01385275548305149,-7.267912864685059,1.0,0.09220123291015625,0.0,0.0,0.00305544726965276,1.0,0.0
2023-11-02,9.689564490691094,9.781765937805176,9.547070836462732,9.781765937805176,3760300,0.0,0.0,0.013939883203814332,-7.041600227355957,1.0,0.3185138702392578,0.0,0.0,0.03646347329491638,1.0,0.0
2023-11-03,9.890732963557468,10.01646229809454,9.84044075012207,9.84044075012207,7287100,0.0,0.0,0.027176195230685422,-6.9829254150390625,1.0,0.37718868255615234,0.0,0.0,0.0511350450596229,1.0,0.0
2023-11-06,9.873968019802978,9.924260230150985,9.790148735046388,9.790148735046388,5234700,0.0,0.0,0.019422291181867207,-7.033217430114744,-1.0,-0.05029201507568182,0.0,0.0,0.017777912624682087,0.991111043687659,0.008888956312341044
2023-11-07,9.80691272564138,9.890732813640684,9.773384850315178,9.82367706298828,5137900,0.0,0.0,0.019128419969324763,-6.999689102172853,-1.0,-0.01676368713379084,0.0,0.0,0.0019752487105859353,0.999012375644707,0.0009876243552929677
2023-11-08,9.790149336054286,9.94102437762525,9.790149336054286,9.84044075012207,5288200,0.0,0.0,0.019721584116989016,-6.9829254150390625,1.0,0.01676368713379084,0.01676414747426591,5.763524433864138e-06,1.0,0.9999942365087842,5.763491215841691e-06
2023-11-09,9.848822791397485,9.890732835489716,9.790149209288918,9.79853057861328,4451600,0.0,0.0,0.01653089851468546,-7.024835586547853,-1.0,-0.04191017150879084,0.0,0.0,2.0,0.0,1.0
2023-11-10,9.80691350005416,9.873969256001688,9.748239913441989,9.84882354736328,2375000,0.0,0.0,0.008864767390440753,-6.974542617797853,-1.0,0.008382797241209161,0.0,0.0,0.04000728199523127,1.0,0.0
2023-11-13,9.840441324698697,9.957789296654749,9.815295616196565,9.915879249572754,4062000,0.0,0.0,0.015264779042330527,-6.907486915588379,1.0,0.06705570220947443,0.0,0.0,2.0,1.0,0.0
2023-11-14,10.083517750745068,10.133809962689092,9.982934126224611,10.0248441696167,3152900,0.0,0.0,0.0119786313848398,-6.798521995544434,1.0,0.17602062225341975,0.0,0.0,2.0,1.0,0.0
2023-11-15,10.024843883077487,10.259539000250289,9.999698177508009,10.209247589111328,3321500,0.0,0.0,0.0128513090201693,-6.614118576049805,1.0,0.36042404174804865,0.0,0.0,2.0,1.0,0.0
2023-11-16,10.184102799626242,10.251158558685043,9.991317692174109,10.05837345123291,3570100,0.0,0.0,0.013609040639583637,-6.764992713928223,-1.0,-0.15087413787841797,0.0,0.0,0.17522743267690685,0.9123862836615466,0.08761371633845343
2023-11-17,10.08351850818062,10.175720770442616,10.04160846164041,10.0751371383667,3353400,0.0,0.0,0.012804295843295004,-6.748229026794434,-1.0,-0.1341104507446289,0.0,0.0,0.1384515236186427,0.9307742381906786,0.06922576180932136
2023-11-20,10.06675531884296,10.083518858420716,9.941025174855223,10.041608810424805,4211300,0.0,0.0,0.016026506079384866,-6.781757354736328,-1.0,-0.16763877868652344,0.0,0.0,0.21633235167838238,0.8918338241608088,0.10816617583919119
2023-11-21,10.00807970407342,10.100281958226246,9.966170460586763,9.98293399810791,3954600,0.0,0.0,0.014961672203011618,-6.840432167053223,1.0,-0.05867481231689453,0.0,0.0,0.02650183301620324,0.9867490834918984,0.01325091650810162
2023-11-22,9.974553555944736,10.041609316369716,9.915879965414806,10.008081436157228,3013800,0.0,0.0,0.011431010740152138,-6.8152847290039045,-1.0,0.025147438049318183,0.0,0.0,0.18368939158308162,1.0,0.0
2023-11-24,10.033226592489845,10.150573757721087,9.949406503581004,10.108664512634276,1424500,0.0,0.0,0.00545727212959645,-6.714701652526857,1.0,0.10058307647704723,0.016763957005759167,6.233035995488569e-06,2.0,0.9999968834917149,3.1165082850901243e-06
2023-11-27,10.08351720497006,10.167337287217435,10.033225795115674,10.12542724609375,3339100,0.0,0.0,0.012813334291519679,-6.697938919067383,1.0,0.11734580993652166,0.0,0.0,2.0,1.0,0.0
2023-11-28,10.12542769950883,10.217629154615672,10.0751362874024,10.158955574035645,2730000,0.0,0.0,0.010510686480026192,-6.664410591125488,1.0,0.1508741378784162,0.0,0.0,2.0,1.0,0.0
2023-11-29,10.2260109120328,10.2260109120328,9.790148560704642,9.81529426574707,6570800,0.0,0.0,0.02444223675962838,-7.0080718994140625,1.0,-0.19278717041015803,0.24307723441103235,0.0012030716016473892,1.6327761774034668,0.18301037549744292,0.8169896245025571
2023-11-30,9.815294310199464,9.88235005686133,9.689564985050351,9.748238563537598,6746800,0.0,0.0,0.024925470151248876,-7.075127601623535,-1.0,-0.06705570220947266,0.0,0.0,0.19753398568771852,0.9012330071561407,0.09876699284385926
2023-12-01,9.773385047912598,9.798530755073742,9.681183588743323,9.773385047912598,6200500,0.0,0.0,0.02296630323832934,-7.049981117248535,-1.0,-0.041909217834472656,0.0,0.0,0.07715951836841677,0.9614202408157916,0.03857975918420838
2023-12-04,9.756622314453123,9.941025248003733,9.731475805849938,9.756622314453123,4961900,0.0,0.0,0.018347076618368322,-7.06674385070801,1.0,-0.016762733459474433,0.05867519114240238,6.893984883041005e-05,0.01234411832275008,0.9937934709142098,0.006206529085790244
2023-12-05,9.756621737616554,9.85720536797949,9.6644194769248,9.68118381500244,4588700,0.0,0.0,0.016835945262286194,-7.142182350158693,-1.0,-0.0754384994506836,0.05867461290574916,6.748987097880665e-05,0.2500094815788776,0.8749615142750717,0.1250384857249282
2023-12-06,9.723094943535507,9.99970015767662,9.714712773563296,9.89911651611328,4672900,0.0,0.0,0.017530822680397393,-6.924249649047853,1.0,0.21793270111083984,0.058674909672886244,7.180578329011827e-05,2.0,0.9999640983973263,3.590160267370846e-05
2023-12-07,9.88235137178069,10.041608591451077,9.832059155408766,9.915879249572754,5716400,0.0,0.0,0.0214819258782812,-6.907486915588379,1.0,0.23469543457031428,0.0,0.0,2.0,1.0,0.0
2023-12-08,9.915879965414806,10.04999148626477,9.873969915307264,10.008081436157228,4161300,0.0,0.0,0.015783351580395212,-6.8152847290039045,1.0,0.3268976211547887,0.0,0.0,2.0,1.0,0.0
2023-12-11,9.982933868910964,10.024843911222806,9.94102382659912,9.94102382659912,2938000,0.0,0.0,0.011068844334911353,-6.8823423385620135,1.0,0.2598400115966797,0.0,0.0,2.0,1.0,0.0
2023-12-12,9.932643712265204,10.00808083871422,9.83205927826451,9.957789421081545,5296600,0.0,0.0,0.01998846701393658,-6.865576744079588,-1.0,0.016765594482425428,0.04191063704275422,3.726442910252766e-05,0.04939145640836089,0.9992460976438159,0.000753902356184057
2023-12-13,9.941023416227466,10.15895498775864,9.92425987961528,10.08351707458496,8702900,0.0,0.0,0.033257944561219666,-6.739849090576174,1.0,0.12572765350341442,0.016763946983839872,6.186602494697318e-06,2.0,0.9999969067083211,3.0932916788656505e-06
2023-12-14,10.20086690195196,10.393652004922734,10.117046805393032,10.150574684143066,5224600,0.0,0.0,0.020098472442194083,-6.672791481018066,1.0,0.19278526306152166,0.0,0.0,2.0,1.0,0.0
2023-12-15,10.075136381560725,10.142192131241028,10.008079832512829,10.0248441696167,8479900,0.0,0.0,0.03221719568660694,-6.798521995544434,-1.0,-0.1257305145263672,0.0,0.0,0.4253375457952736,0.7873312271023631,0.2126687728976368
2023-12-18,10.083517783538468,10.217629283335231,10.016462033640083,10.200865745544434,5950000,0.0,0.0,0.023002411646488148,-6.622500419616699,1.0,0.17602157592773438,0.0,0.0,1.959974514259337,1.0,0.0
2023-12-19,10.205138373820557,10.384625771066233,10.094027865384414,10.35898494720459,4787300,0.235,0.0,0.01879434606736717,-6.464381217956543,1.0,0.3341407775878906,0.0,0.0,2.0,1.0,0.0
2023-12-20,10.316251021389975,10.393174317954616,10.188046070520372,10.196593284606934,4161400,0.0,0.0,0.016081032634995003,-6.626772880554199,1.0,0.17174911499023438,0.0,0.0,1.8659827734390801,1.0,0.0
2023-12-21,10.27351673853758,10.299157566082815,10.11112292883425,10.153858184814451,5123000,0.0,0.0,0.019714003214829978,-6.6695079803466815,-1.0,-0.042735099792482245,0.0,0.0,0.061912797688604956,0.9690436011556975,0.030956398844302478
2023-12-22,10.153856998339146,10.230780287093603,10.111121747352543,10.119668960571287,3639600,0.0,0.0,0.013958518803253153,-6.7036972045898455,-1.0,-0.07692432403564631,0.0,0.0,0.20060343325257765,0.8996982833737112,0.10030171662628883
2023-12-26,10.102575411396522,10.12821705327936,10.034199329923332,10.042746543884276,3517900,0.0,0.0,0.013389222724152895,-6.780619621276857,-1.0,-0.15384674072265803,0.0,0.0,0.8023938371806092,0.5988030814096954,0.4011969185903046
2023-12-27,10.042746543884276,10.136763452133115,9.974370462411088,10.042746543884276,3637100,0.0,0.0,0.013842901154102303,-6.780619621276857,-1.0,-0.15384674072265803,0.0,0.0,0.8023938371806092,0.5988030814096954,0.4011969185903046
2023-12-28,10.042747114875509,10.213687328277471,10.042747114875509,10.205140113830566,3733500,0.0,0.0,0.014439578004149401,-6.618226051330566,1.0,0.16239356994629084,0.08547027499811044,0.00016678116725138604,1.11419462275921,0.9998503347597434,0.00014966524025664495
2023-12-29,10.196592715318342,10.230780754648622,10.119669423048428,10.188045501708984,3375000,0.0,0.0,0.013031188492726898,-6.635320663452148,1.0,0.1452989578247088,0.0,0.0,0.8919662016989282,1.0,0.0
2024-01-02,10.111121101981862,10.384625386667546,10.102573889308667,10.367531776428224,5132100,0.0,0.0,0.020164611491219363,-6.455834388732908,1.0,0.32478523254394887,0.0,0.0,2.0,1.0,0.0
2024-01-03,10.273515928242627,10.31625036574506,10.085481305824768,10.111122131347656,5275600,0.0,0.0,0.020215784040592683,-6.712244033813477,-1.0,-0.2564096450805682,0.03418811722366044,2.594268328451625e-05,0.6232699181403019,0.6883520695882068,0.3116479304117932
2024-01-04,9.957276034489196,10.170951492869714,9.931635207713546,10.042746543884276,4777800,0.0,0.0,0.01818443626352588,-6.780619621276857,-1.0,-0.32478523254394887,0.0,0.0,1.0,0.5,0.5
2024-01-05,10.059839847038274,10.28206167942643,10.034198208022373,10.222232818603516,5832500,0.0,0.0,0.02259539247251219,-6.601133346557617,1.0,0.17948627471924006,0.0,0.0,0.3054006371845556,1.0,0.0
2024-01-08,10.222233516085153,10.521379470825195,10.188045476838331,10.521379470825195,5118800,0.0,0.0,0.02041080903262219,-6.3019866943359375,1.0,0.47863292694091975,0.0,0.0,2.0,1.0,0.0
2024-01-09,10.495738682578114,10.564114766625616,10.299157644718353,10.38462734222412,5459500,0.0,0.0,0.021486375450604573,-6.4387388229370135,1.0,0.34188079833984375,0.0,0.0,1.1080436523604826,1.0,0.0
2024-01-10,10.384627112924129,10.46155040955585,10.333345458574446,10.350439071655272,4246800,0.0,0.0,0.016658655825130694,-6.472927093505861,1.0,0.3076925277709961,0.0,0.0,0.8975142456952717,1.0,0.0
2024-01-11,10.36753322335336,10.36753322335336,10.153857767344691,10.29915714263916,5577600,0.0,0.0,0.02177050101053164,-6.524209022521973,-1.0,-0.051281929016111505,0.14529987737366135,0.000495992103744771,0.027777605586969845,0.9858632011546427,0.014136798845357307
2024-01-12,10.333344967561407,10.470097126138729,10.324797753873536,10.418814659118652,3484900,0.0,0.0,0.013760303298377073,-6.4045515060424805,1.0,0.11965751647949219,0.008546716582879199,1.780824655727808e-06,2.0,0.9999991095884649,8.904115350304963e-07
2024-01-16,10.341893353256385,10.478645527331304,10.256422836905934,10.453003883361816,4915900,0.0,0.0,0.019474374851309307,-6.370362281799316,1.0,0.15384674072265625,0.0,0.0,2.0,1.0,0.0
2024-01-18,10.299156105437032,10.41026742918466,10.170950355678803,10.222232818603516,3992500,0.0,0.0,0.015467141782512631,-6.601133346557617,-1.0,-0.07692432403564453,0.0,0.0,0.25000619889783576,0.8749969005510821,0.12500309944891788
2024-01-19,10.247875667421882,10.324798969454914,10.20514040905828,10.316251754760742,3041100,0.0,0.0,0.0118897303944595,-6.507114410400391,-1.0,0.01709461212158203,0.0,0.0,0.049384552742774264,1.0,0.0
2024-01-22,10.401720616560722,10.46154947968656,10.358985364996354,10.41026782989502,4024700,0.0,0.0,0.01587869439866832,-6.413098335266113,1.0,0.09401607513427734,0.0,0.0,1.4937463478289945,1.0,0.0
2024-01-23,10.43590942107739,10.63249045155803,10.427362207115488,10.58975601196289,3392400,0.0,0.0,0.013614834995644986,-6.233610153198242,1.0,0.27350425720214844,0.0,0.0,2.0,1.0,0.0
2024-01-24,10.692319901378209,10.752148767594486,10.538473313842438,10.555567741394045,2670800,0.0,0.0,0.010684208103192008,-6.267798423767088,1.0,0.23931598663330256,0.0,0.0,2.0,1.0,0.0
2024-01-25,10.60684785084508,10.735053593510385,10.564112603289978,10.683771133422852,4116400,0.0,0.0,0.016667156726765463,-6.139595031738281,1.0,0.3675193786621094,0.0,0.0,2.0,1.0,0.0
2024-01-26,10.726506717945291,10.76069475404196,10.658130645751951,10.658130645751951,2552200,0.0,0.0,0.010308966241886545,-6.1652355194091815,1.0,0.34187889099120916,0.0,0.0,2.0,1.0,0.0
2024-01-29,10.649584175382268,10.863259619659514,10.572660885025318,10.777789115905762,6436600,0.0,0.0,0.026290907445884058,-6.045577049255371,1.0,0.46153736114501953,0.0,0.0,2.0,1.0,0.0
2024-01-30,10.752148116739995,11.051294059927676,10.73505450533028,10.957276344299316,6843600,0.0,0.0,0.028418856958407332,-5.866089820861816,1.0,0.6410245895385742,0.0,0.0,2.0,1.0,0.0
2024-01-31,10.95727725763982,11.000012512386975,10.74360179901123,10.74360179901123,8111200,0.0,0.0,0.03302587912104408,-6.079764366149902,1.0,0.4273500442504883,0.0,0.0,2.0,1.0,0.0
2024-02-01,10.743601764940829,10.923089182223936,10.73505536610425,10.880353927612305,7110300,0.0,0.0,0.029319078849761104,-5.943012237548828,-1.0,0.13675212860107422,0.0,0.0,2.0,1.0,0.0
2024-02-02,10.854712406262712,10.863259619659514,10.726507465739218,10.777789115905762,4733600,0.0,0.0,0.019334841296000493,-6.045577049255371,-1.0,0.03418731689453125,0.01709433327201282,7.995190433547204e-06,0.1975161710602642,0.9999595229759208,4.047702407916865e-05
2024-02-05,10.709413218209107,10.769242897881073,10.564113848459863,10.598301887512209,5820600,0.0,0.0,0.02337886454350588,-6.225064277648924,-1.0,-0.14529991149902166,0.17094151764438692,0.0007540626508021554,2.0,0.0,1.0
2024-02-06,10.615396241217912,10.854712512930153,10.572660988921085,10.717960357666016,6289000,0.0,0.0,0.025545423962205313,-6.105405807495117,1.0,0.11965847015380682,0.0,0.0,0.6781975125005827,1.0,0.0
2024-02-07,10.752148066830214,10.931635468888247,9.940181558513256,10.119668960571287,8465300,0.0,0.0,0.032465943846900464,-6.7036972045898455,1.0,-0.4786329269409215,0.6239322899466071,0.008662557783430861,2.0,0.0,1.0
2024-02-08,10.14530928345304,10.427360784867703,10.12821567296792,10.324796676635742,6466400,0.0,0.0,0.02530250081073393,-6.498569488525391,1.0,-0.2735052108764666,0.0,0.0,2.0,0.0,1.0
2024-02-09,10.316249469678182,10.67522425624675,10.247873397484842,10.658130645751951,5228700,0.0,0.0,0.021120010888234533,-6.1652355194091815,1.0,0.05982875823974254,0.0,0.0,0.047850752080939696,1.0,0.0
2024-02-12,10.658131342463967,10.820524320761857,10.6153960907728,10.760695457458496,10308900,0.0,0.0,0.042040903508236804,-6.062670707702637,1.0,0.1623935699462873,0.0,0.0,0.3525384155243508,1.0,0.0
2024-02-13,10.615396136902191,10.863259619659514,10.60684892350539,10.777789115905762,5167400,0.0,0.0,0.021106738827309648,-6.045577049255371,1.0,0.1794872283935529,0.0,0.0,0.4306613452053506,1.0,0.0
2024-02-14,10.86325939707126,11.017105974632845,10.86325939707126,10.94018268585205,4128200,0.0,0.0,0.017116094569153816,-5.883183479309082,1.0,0.341880798339842,0.0,0.0,1.5624934621447357,1.0,0.0
2024-02-15,11.000012213189375,11.23078209348282,10.914542521127007,11.179499626159668,4034100,0.0,0.0,0.017091823486175595,-5.643866539001465,1.0,0.5811977386474592,0.0,0.0,2.0,1.0,0.0
2024-02-16,11.13676409051137,11.14531130403328,10.923088643106508,10.931635856628418,7811100,0.0,0.0,0.032360612122179666,-5.891730308532715,1.0,0.33333396911620916,0.0,0.0,1.4853470472924064,1.0,0.0
2024-02-20,10.803432150973244,11.05129566573328,10.632491121394818,11.04274845123291,5366800,0.0,0.0,0.02246011440192674,-5.780617713928223,-1.0,0.11111259460449219,0.2820513997321896,0.0023807183526633365,0.1650423382575587,0.9857802240571566,0.014219775942843354
2024-02-21,10.991465413141746,11.102576750601225,10.94873097305573,11.03420066833496,4071300,0.0,0.0,0.017025244466343424,-5.789165496826174,1.0,-0.008547782897950995,0.0,0.0,0.005918073959431968,0.997040963020284,0.002959036979715984
2024-02-22,11.03419994633339,11.102576024125597,10.871806965353684,11.068387985229492,4099500,0.0,0.0,0.01719628517705513,-5.754978179931641,-1.0,0.034187316894533026,0.05128035839231693,7.939894664245179e-05,2.0,0.9999603021026644,3.969789733560972e-05
2024-02-23,11.128217278571778,11.222234178497674,11.051293989947355,11.076934814453123,5371500,0.0,0.0,0.02254937731955406,-5.74643135070801,1.0,0.008546829223631036,0.0,0.0,0.9997768728731828,1.0,0.0
2024-02-26,11.025652372747397,11.076934836970295,10.897447434850822,10.94018268585205,3059800,0.0,0.0,0.01268635874296227,-5.883183479309082,-1.0,-0.13675212860107244,0.0,0.0,2.0,0.0,1.0
2024-02-27,10.957277936443695,11.068389279626778,10.888901850655222,11.04274845123291,4137800,0.0,0.0,0.01731673648585609,-5.780617713928223,-1.0,-0.03418636322021307,0.0,0.0,2.0,0.0,1.0
2024-02-28,10.982918074393172,11.264969593383482,10.96582364773576,11.23078155517578,2953800,0.0,0.0,0.012572175645481428,-5.592584609985353,1.0,0.18803310394286932,0.18803475641318634,0.0011304494247454686,2.0,0.9994350945861273,0.0005649054138726604
2024-02-29,11.324799500817983,11.521380534863743,11.324799500817983,11.461551666259766,5238900,0.0,0.0,0.022756365411586467,-5.361814498901367,1.0,0.41880321502685547,0.0,0.0,2.0,1.0,0.0
2024-03-01,11.470097438963366,11.555567939177257,11.35898611472815,11.529926300048828,2992400,0.0,0.0,0.013075718159867147,-5.293439865112305,1.0,0.48717784881591797,0.0,0.0,2.0,1.0,0.0
2024-03-04,11.547022025416656,11.88035522052218,11.538474811412106,11.854714393615724,5162300,0.0,0.0,0.023192828060848256,-4.968651771545408,1.0,0.8119659423828143,0.0,0.0,2.0,1.0,0.0
2024-03-05,11.78633704934938,11.923089198345773,11.675225724513034,11.74360179901123,3181400,0.0,0.0,0.014159208182497588,-5.079764366149902,1.0,0.7008533477783203,0.0,0.0,2.0,1.0,0.0
2024-03-06,11.794885405369063,11.905996740972158,11.71796211032791,11.760697364807127,2676000,0.0,0.0,0.01192720152599164,-5.062668800354006,1.0,0.717948913574217,0.0,0.0,2.0,1.0,0.0
2024-03-07,11.837620215560133,12.059842063318731,11.74360249621308,12.04274845123291,3895600,0.0,0.0,0.01777949190636038,-4.780617713928223,1.0,1.0,0.0,0.0,2.0,1.0,0.0
2024-03-08,12.076937604363437,12.128219260457742,11.931638220250852,12.000014305114746,2935100,0.0,0.0,0.013348241021784224,-4.823351860046387,1.0,0.9572658538818359,0.0,0.0,2.0,1.0,0.0
2024-03-11,12.000013535888211,12.102577656609476,11.871808588763429,12.017107963562012,3283400,0.0,0.0,0.014953509483835456,-4.806258201599121,-1.0,0.017093658447265625,0.0,0.0,0.25001394836318286,1.0,0.0
2024-03-12,12.051296932902927,12.119673018655256,11.769245375397762,11.803433418273926,4716300,0.0,0.0,0.02109741037800881,-5.019932746887207,-1.0,-0.1965808868408203,0.16239284485308936,0.0010464969870221312,2.0,0.0,1.0
2024-03-13,11.820526424238896,11.854714465356798,11.51283405417777,11.581210136413574,6271000,0.0,0.0,0.027523909186194736,-5.242156028747559,-1.0,-0.4188041687011719,0.0,0.0,2.0,0.0,1.0
2024-03-14,11.620348413979396,11.663837908892232,11.42899596355192,11.585556983947754,5671700,0.235,0.0,0.024902878085598414,-5.237809181213379,-1.0,-0.4144573211669922,0.0,0.0,2.0,0.0,1.0
2024-03-15,11.498579914013854,11.77691138066089,11.463788480682975,11.724723815917969,9714000,0.0,0.0,0.043163842007047676,-5.098642349243164,1.0,0.13916683197021484,0.0,0.0,0.11274877984251516,1.0,0.0
2024-03-18,11.681234947088315,11.855192110774944,11.637745448793364,11.785609245300291,4860600,0.0,0.0,0.021710073516375925,-5.037756919860842,1.0,0.2000522613525373,0.0,0.0,0.23298464451303094,1.0,0.0
2024-03-19,11.78560917118944,11.889983468745084,11.629047310109382,11.716026306152344,3601700,0.0,0.0,0.015992164473341074,-5.107339859008789,1.0,0.13046932220458984,0.0,0.0,0.09909624108927687,1.0,0.0
2024-03-20,11.689931783042992,11.94216986912858,11.629046985209866,11.933472633361816,2964000,0.0,0.0,0.013404925803134517,-4.889893531799316,1.0,0.3479156494140625,0.008698463583497684,3.1643629626418602e-06,0.704674079240864,0.9999955094860926,4.4905139074150125e-06
2024-03-21,11.933473770657391,12.098732878879774,11.933473770657391,12.029150009155272,3482000,0.0,0.0,0.015873879574014337,-4.794216156005861,1.0,0.44359302520751775,0.0,0.0,1.1455387553969272,1.0,0.0
2024-03-22,12.020450797481546,12.107429791094434,11.898681201815291,11.933472633361816,2500400,0.0,0.0,0.011308257921105784,-4.889893531799316,1.0,0.3479156494140625,0.0,0.0,0.704674079240864,1.0,0.0
2024-03-25,11.942170309542098,12.020451240781975,11.889983575044305,11.898681640625,2428000,0.0,0.0,0.010948809534511047,-4.924684524536133,-1.0,-0.034790992736816406,0.04349019561308687,7.798766051823562e-05,0.009999671069763382,0.9949611706348592,0.005038829365140809
2024-03-26,11.950867975226236,12.02045083855706,11.872587046605773,11.88998317718506,2319700,0.0,0.0,0.010452795077421504,-4.933382987976072,-1.0,-0.043489456176756036,0.0,0.0,0.015624999999998723,0.9921875000000007,0.007812499999999362
2024-03-27,11.933473189261296,12.037847488762957,11.881285624763866,11.924775123596191,4635200,0.0,0.0,0.02094778218423973,-4.898591041564941,1.0,0.034791946411131036,0.017396247980981272,1.2611560041065926e-05,0.6400140345490992,0.9999802952578338,1.9704742166180603e-05
2024-03-28,11.95086788197332,12.177012600780458,11.933472581022931,12.159616470336914,4031700,0.0,0.0,0.018579219228934577,-4.663749694824219,1.0,0.2696332931518537,0.0,0.0,2.0,1.0,0.0
2024-04-01,12.116128537828317,12.1335238398334,11.94217054081824,11.950868606567385,2649600,0.0,0.0,0.012000495001403624,-4.872497558593748,1.0,0.06088542938232422,0.0,0.0,1.9600122801825457,1.0,0.0
2024-04-02,11.88998420068674,11.968265136045703,11.837796633949688,11.959567070007324,2864500,0.0,0.0,0.01298325715115625,-4.863799095153809,-1.0,0.00869846343993963,0.0956759470732429,0.00038694949534172563,0.04000526310016654,0.9904201956150143,0.009579804384985723
2024-04-03,11.959566157536836,12.029149021548506,11.837795730769828,11.91607666015625,3304000,0.0,0.0,0.014920820331027042,-4.907289505004883,-1.0,-0.03479194641113459,0.10437481004841231,0.00045238483346716807,2.0,0.0,1.0
2024-04-04,12.020450886390051,12.029148951714308,11.67253656835149,11.689931869506836,2961800,0.0,0.0,0.01312160870034917,-5.133434295654297,-1.0,-0.26093673706054865,0.060883815668605124,0.00014066553728742781,2.0,0.0,1.0
2024-04-05,11.716024518740124,11.75951401012679,11.629045535966792,11.742117881774902,2362000,0.0,0.0,0.010511040343604868,-5.0812482833862305,-1.0,-0.20875072479248225,0.0,0.0,2.0,0.0,1.0
2024-04-08,11.785609446366909,11.898681812065568,11.672537080668253,11.724723815917969,3427200,0.0,0.0,0.015228651361597055,-5.098642349243164,1.0,-0.017394065856933594,0.0,0.0,2.0,0.0,1.0
2024-04-09,11.724724789826036,11.855193297774033,11.637746614020642,11.837797164916992,2861000,0.0,0.0,0.012835362118940605,-4.985569000244141,-1.0,0.11307334899902344,0.09567928764724343,0.00036830397317876744,2.0,0.999815881919121,0.00018411808087902284
2024-04-10,11.69862929995602,11.79430635434418,11.59425501020876,11.629046440124512,2842300,0.0,0.0,0.012526605303656386,-5.194319725036621,-1.0,-0.09567737579345703,0.0782820704594922,0.00022712620843038845,0.7159752334284459,0.6418988201815619,0.35810117981843814
2024-04-11,11.698629622828095,11.698629622828095,11.51597440335598,11.568161964416504,2846100,0.0,0.0,0.012477681317888007,-5.255204200744629,-1.0,-0.15656185150146484,0.0,0.0,1.917129220937614,0.04143538953119297,0.958564610468807
2024-04-12,11.524673106246048,11.629047404650224,11.420298807841869,11.472485542297363,5082100,0.0,0.0,0.022096327548631542,-5.3508806228637695,-1.0,-0.25223827362060547,0.0,0.0,2.0,0.0,1.0
2024-04-15,11.4637888643655,11.481184166866544,11.115873689919102,11.168061256408691,4037500,0.0,0.0,0.017088726394483365,-5.655304908752441,-1.0,-0.5566625595092773,0.0,0.0,2.0,0.0,1.0
2024-04-16,11.176758894121962,11.194154195956433,11.020197030145738,11.046290397644045,2923100,0.0,0.0,0.01223712800353533,-5.777075767517088,-1.0,-0.678433418273924,0.0,0.0,2.0,0.0,1.0
2024-04-17,11.15066556686315,11.22894650495704,11.07238462876926,11.133270263671877,2662300,0.0,0.0,0.011233086875347102,-5.690095901489256,1.0,0.08697986602783203,0.0,0.0,0.01643701699886876,1.0,0.0
2024-04-18,11.194154141088257,11.307226505684282,11.098477907734631,11.246341705322266,3195400,0.0,0.0,0.013619334274424197,-5.577024459838867,1.0,0.20005130767822088,0.0,0.0,0.08694974739982024,1.0,0.0
2024-04-19,11.23764410706714,11.342018410382822,11.19415460664563,11.324623107910156,3630600,0.0,0.0,0.015581940235252464,-5.498743057250977,1.0,0.2783327102661115,0.0,0.0,0.16831159385127242,1.0,0.0
2024-04-22,11.368110614759836,11.594255330200191,11.315923883192456,11.568161964416504,3867800,0.0,0.0,0.016956950142766325,-5.255204200744629,1.0,0.5218715667724592,0.0,0.0,0.5917153109111076,1.0,0.0
2024-04-23,11.550765632292553,11.742118913511558,11.550765632292553,11.655139923095703,3468400,0.0,0.0,0.015320256725597024,-5.16822624206543,1.0,0.6088495254516584,0.0,0.0,0.805388602262499,1.0,0.0
2024-04-24,11.61165258621598,11.889984060209908,11.568163086031124,11.820401191711426,5731600,0.0,0.0,0.025676005775798216,-5.002964973449707,1.0,0.774110794067381,0.0,0.0,1.3019424334738892,1.0,0.0
2024-04-25,12.04654434594808,12.116127205302137,11.289829298859754,11.559463500976562,7680300,0.0,0.0,0.03364613909904981,-5.26390266418457,1.0,0.5131731033325178,0.26093633343279876,0.0024572730128901944,0.5721544857503089,0.9957235942783711,0.004276405721628907
2024-04-26,11.56816251057522,11.87258733773922,11.559464445072283,11.716026306152344,3831400,0.0,0.0,0.01701207178919926,-5.107339859008789,1.0,0.669735908508299,0.008698640958840542,2.9007699953753084e-06,0.9745243717720071,0.9999970234080902,2.9765919098485608e-06
2024-04-29,11.69863068675677,11.829099186526925,11.646443950443285,11.750818252563477,3834300,0.0,0.0,0.01707550562240987,-5.072547912597656,1.0,0.7045278549194318,0.0,0.0,1.0784049495285326,1.0,0.0
2024-04-30,11.681234633675745,11.759515562607714,11.568162272939922,11.689931869506836,4105200,0.0,0.0,0.0181871929356045,-5.133434295654297,-1.0,-0.060886383056640625,0.0,0.0,0.007468682787351127,0.9962656586063244,0.0037343413936755635
2024-05-01,11.724722870184952,11.750817065198216,11.359413264423717,11.385506629943848,3392100,0.0,0.0,0.014636605959609715,-5.437859535217285,-1.0,-0.3653116226196289,0.0,0.0,0.2688627538359326,0.8655686230820336,0.1344313769179663
2024-05-02,11.498580441550004,11.524673810371985,11.298529068599516,11.30722713470459,3376200,0.0,0.0,0.014467838605824507,-5.516139030456543,-1.0,-0.4435911178588867,0.0,0.0,0.3964325866523889,0.8017837066738056,0.19821629332619445
2024-05-03,11.402901730925551,11.672535934892483,11.394204495566454,11.629046440124512,4053600,0.0,0.0,0.0178650555039586,-5.194319725036621,1.0,0.3218193054199219,0.0,0.0,0.5263304585334471,1.0,0.0
2024-05-06,11.742120490118364,11.829099492212832,11.51597574826734,11.576861381530762,3006400,0.0,0.0,0.01319036974539367,-5.246504783630371,1.0,0.2696342468261719,0.0,0.0,0.3694744581901896,1.0,0.0
2024-05-07,11.663838229500657,11.74211915659687,11.620348733392408,11.681234359741213,2578800,0.0,0.0,0.01141631050741386,-5.14213180541992,1.0,0.37400722503662287,0.0,0.0,0.7108767342107557,1.0,0.0
2024-05-08,11.681233999744702,11.6899312351038,11.568161645145222,11.629046440124512,2041500,0.0,0.0,0.008997313699262748,-5.194319725036621,-1.0,-0.052187919616700995,0.0,0.0,0.019470629180475558,0.9902646854097622,0.009735314590237779
2024-05-09,11.655139725215111,11.71602534926975,11.507275941714465,11.559463500976562,1962400,0.0,0.0,0.008596953682535232,-5.26390266418457,-1.0,-0.12177085876465021,0.0,0.0,0.1060050984621328,0.9469974507689336,0.0530025492310664
2024-05-10,11.61165146038475,11.646442891260715,11.533370533540536,11.568161964416504,2393300,0.0,0.0,0.010492545833983825,-5.255204200744629,-1.0,-0.11307239532470881,0.0,0.0,0.09140147427868024,0.9542992628606599,0.04570073713934012
2024-05-13,11.602953075060976,11.733420729871773,11.57685970999744,11.629046440124512,1500800,0.0,0.0,0.0066143367131293335,-5.194319725036621,1.0,0.06088447570800781,0.01739538060202328,1.1215290166946669e-05,0.289934540222138,0.9999613193504173,3.86806495826448e-05
2024-05-14,11.655140971541282,11.698630470661335,11.446392371156872,11.542069435119627,2473900,0.0,0.0,0.010821443515300585,-5.281296730041506,-1.0,-0.08697700500488459,0.08697816238366407,0.0002712309954039577,2.0,0.0,1.0
2024-05-15,11.533371369396978,11.58555810474648,11.376809504362068,11.542069435119627,2689300,0.0,0.0,0.011763655784671112,-5.281296730041506,-1.0,-0.08697700500488459,0.0,0.0,2.0,0.0,1.0
2024-05-16,11.507276975098756,11.550766473473796,11.428996873415514,11.472485542297363,2426800,0.0,0.0,0.010551419235162438,-5.3508806228637695,-1.0,-0.15656089782714844,0.0,0.0,2.0,0.0,1.0
2024-05-17,11.463788473102795,11.49857990641067,11.36811140938624,11.428997039794922,1751300,0.0,0.0,0.007585566876831989,-5.394369125366211,-1.0,-0.20004940032958984,0.0,0.0,2.0,0.0,1.0
2024-05-20,11.42899696681842,11.455090334259417,11.28983040498233,11.359414100646973,2290500,0.0,0.0,0.009860651308164221,-5.46395206451416,-1.0,-0.26963233947753906,0.0,0.0,2.0,0.0,1.0
2024-05-21,11.333319589093302,11.376809086616465,11.228945292733622,11.263736724853516,1951100,0.0,0.0,0.008328780054851444,-5.559629440307617,-1.0,-0.3653097152709961,0.0,0.0,2.0,0.0,1.0
2024-05-22,11.263737007071471,11.307226505684282,11.168060773717848,11.246341705322266,1950800,0.0,0.0,0.008314638950537249,-5.577024459838867,-1.0,-0.3827047348022461,0.0,0.0,2.0,0.0,1.0
2024-05-23,11.255038507876897,11.255038507876897,11.072383284334007,11.124570846557615,2563000,0.0,0.0,0.010805658698370357,-5.698795318603517,-1.0,-0.5044755935668963,0.0,0.0,2.0,0.0,1.0
2024-05-24,11.150664569481531,11.255038867773107,11.133269267846195,11.176758766174316,2085900,0.0,0.0,0.00883545125473521,-5.646607398986816,1.0,0.052187919616700995,0.0,0.0,0.010701869469151686,1.0,0.0
2024-05-28,11.185455125373364,11.220246555409783,11.020196040073644,11.089778900146484,2684800,0.0,0.0,0.011283769355310424,-5.733587265014648,-1.0,-0.08697986602783203,0.05218724426036303,8.28468261903851e-05,2.0,0.0,1.0
2024-05-29,10.994103266438584,11.115872863371102,10.985405201088213,11.037591934204102,3479300,0.0,0.0,0.014554107710556662,-5.785774230957031,-1.0,-0.13916683197021484,0.0,0.0,2.0,0.0,1.0
2024-05-30,11.089779737974988,11.133269236179409,11.02889493818471,11.06368637084961,2236800,0.0,0.0,0.009378780759476795,-5.759679794311523,1.0,0.026094436645507812,0.0,0.0,0.03515801674459827,1.0,0.0
2024-05-31,11.054989325577983,11.141968330014144,10.933218885266015,11.133270263671877,4892000,0.0,0.0,0.020640897342222148,-5.690095901489256,1.0,0.09567832946777521,0.05218631582219757,8.411512685358032e-05,0.4726674393081198,0.9998220732939649,0.0001779267060350836
2024-06-03,11.220247152247584,11.220247152247584,11.04628999281219,11.194153785705566,3965800,0.0,0.0,0.01682447228576264,-5.629212379455566,1.0,0.15656185150146484,0.0,0.0,1.2656115087012454,1.0,0.0
2024-06-04,11.141966577973808,11.34201709542907,11.107175147568844,11.27243423461914,3874200,0.0,0.0,0.016550804954897858,-5.550931930541992,1.0,0.23484230041503906,0.0,0.0,2.0,1.0,0.0
2024-06-05,11.307226064411177,11.36811086239712,11.185455638946134,11.281132698059082,3016800,0.0,0.0,0.012897887984765792,-5.542233467102051,1.0,0.24354076385498047,0.0,0.0,2.0,1.0,0.0
2024-06-06,11.22894517656904,11.30722610540227,11.159362313049094,11.237643241882324,3102900,0.0,0.0,0.013214854739829727,-5.585722923278809,-1.0,-0.04348945617675781,0.0,0.0,0.03188780504939989,0.9840560974753001,0.015943902524699946
2024-06-07,11.176759278227651,11.255039383412775,11.141967843869857,11.21155071258545,1726400,0.0,0.0,0.0073354453637693535,-5.611815452575684,-1.0,-0.06958198547363281,0.0,0.0,0.08163009577746916,0.9591849521112654,0.04081504788873458
2024-06-10,11.124570173378508,11.168059667684316,11.05498731428646,11.10717487335205,2436900,0.0,0.0,0.010257952676173685,-5.716191291809082,-1.0,-0.17395782470703125,0.0,0.0,0.5102048807903983,0.7448975596048009,0.25510244039519914
2024-06-11,11.072383574751951,11.089779705780494,10.950613975524902,10.950613975524902,2987500,0.0,0.0,0.01239840324977317,-5.8727521896362305,-1.0,-0.3305187225341797,0.0,0.0,1.84182686511281,0.07908656744359499,0.920913432556405
2024-06-12,11.081081714695326,11.115873147492913,10.941915983504993,11.020196914672852,3679500,0.0,0.0,0.015367298800219465,-5.803169250488281,-1.0,-0.26093578338623047,0.0,0.0,1.1479525906341188,0.4260237046829406,0.5739762953170594
2024-06-13,11.011499711486213,11.011499711486213,10.820146401366715,10.837542533874512,2687900,0.0,0.0,0.011039853134748838,-5.985823631286621,-1.0,-0.4435901641845703,0.0,0.0,2.0,0.0,1.0
2024-06-14,10.779918103370948,10.779918103370948,10.558291494846255,10.69126796722412,4173000,0.235,0.0,0.016908184310679607,-6.1320981979370135,-1.0,-0.5898647308349627,0.0,0.0,2.0,0.0,1.0
2024-06-17,10.673537208495782,10.824243366761523,10.52283105023004,10.806512832641602,3767500,0.0,0.0,0.015429725795055216,-6.016853332519531,-1.0,-0.47461986541748047,0.0,0.0,2.0,0.0,1.0
2024-06-18,10.815378318964596,11.001544703805983,10.735592604684228,10.966084480285645,4103100,0.0,0.0,0.017052303849360843,-5.857281684875488,1.0,0.15957164764404297,0.22162660043503557,0.0014316984305321524,0.11303674288788423,0.9874926362756211,0.01250736372437887
2024-06-20,10.921758858370447,10.948354659770136,10.779917965992402,10.815378189086914,3904600,0.0,0.0,0.016004335021202767,-6.007987976074219,1.0,0.0088653564453125,0.0,0.0,0.0003488996870056705,1.0,0.0
2024-06-21,10.841973117285022,10.966084320517204,10.788783205498662,10.939489364624023,11118600,0.0,0.0,0.04609634915784524,-5.883876800537109,1.0,0.13297653198242188,0.0,0.0,0.0784979257722822,1.0,0.0
2024-06-24,10.974949906649243,11.187711250856072,10.921759147878324,10.992679595947266,2909500,0.0,0.0,0.01212107964707201,-5.830686569213867,1.0,0.18616676330566406,0.0,0.0,0.15385530399080394,1.0,0.0
2024-06-25,10.97495004755368,11.063600186058798,10.824243882112691,10.868569374084473,2821300,0.0,0.0,0.0116209337245989,-5.95479679107666,-1.0,-0.12411022186279297,0.0,0.0,0.4444376142195039,0.777781192890248,0.22221880710975195
2024-06-26,10.815379450079938,10.833109986413646,10.682403809331149,10.71786403656006,3317600,0.0,0.0,0.01347570947730761,-6.105502128601072,-1.0,-0.27481555938720525,0.0,0.0,2.0,0.0,1.0
2024-06-27,10.717864415017177,10.72672968349707,10.522832735652171,10.638078689575195,3810000,0.0,0.0,0.015360577640656141,-6.1852874755859375,-1.0,-0.3546009063720703,0.0,0.0,2.0,0.0,1.0
2024-06-28,10.673537472701904,10.83310890197754,10.673537472701904,10.83310890197754,6193100,0.0,0.0,0.025426148275724078,-5.990257263183592,1.0,0.19503021240234553,0.0,0.0,0.3024991124887557,1.0,0.0
2024-07-01,10.877434924617452,10.992680023129154,10.76218898066729,10.779918670654297,2993700,0.0,0.0,0.012230469680530511,-6.043447494506836,1.0,0.14183998107910156,0.0,0.0,0.15999913938355656,1.0,0.0
2024-07-02,10.744458497036645,10.921759624953724,10.700133003697758,10.91289520263672,2915200,0.0,0.0,0.012056679425712617,-5.910470962524412,-1.0,0.13297653198242365,0.0,0.0,0.14062752135193243,1.0,0.0
2024-07-03,10.948355000856486,10.983815225055729,10.85083875022974,10.85970401763916,1370300,0.0,0.0,0.005639661269520724,-5.963662147521973,1.0,-0.05319118499756037,0.0,0.0,0.16000344245806478,0.9199982787709676,0.08000172122903239
2024-07-05,10.824244876009226,10.841974567162838,10.673538696730198,10.74445915222168,4639100,0.0,0.0,0.01889024832496306,-6.078907012939453,-1.0,-0.11524486541748047,0.0,0.0,0.7510920503167753,0.6244539748416124,0.37554602515838764
2024-07-08,10.771052266404713,10.912893998526265,10.7533225782885,10.877433776855469,2962200,0.0,0.0,0.01221125215409261,-5.945932388305664,1.0,0.13297462463378906,0.0,0.0,1.331356539837938,1.0,0.0
2024-07-09,10.8597037401175,10.95721914281379,10.797648560714263,10.948354721069336,4183500,0.0,0.0,0.017358332653435952,-5.875011444091797,1.0,0.20389556884765625,0.0,0.0,2.0,1.0,0.0
2024-07-10,10.939490651521997,11.063601023915847,10.930625383368575,10.983816146850586,3748600,0.0,0.0,0.015604207951556823,-5.839550018310547,1.0,0.23935699462890625,0.0,0.0,2.0,1.0,0.0
2024-07-11,11.063598902787165,11.17884483037099,11.0104089949413,11.090194702148438,3310800,0.0,0.0,0.013915265308390679,-5.733171463012695,1.0,0.3457355499267578,0.0,0.0,2.0,1.0,0.0
2024-07-12,11.143386860855264,11.232037852422836,11.019276487186875,11.134522438049316,3862800,0.0,0.0,0.016300209686004753,-5.688843727111816,1.0,0.3900632858276367,0.0,0.0,2.0,1.0,0.0
2024-07-15,11.196576860248308,11.196576860248308,11.010410467020863,11.037005424499512,4234400,0.0,0.0,0.017711792296783272,-5.786360740661621,-1.0,-0.09751701354980469,0.0,0.0,0.06250152808560207,0.968749235957199,0.031250764042801034
2024-07-16,11.099060558286292,11.249765868815317,11.037004535251343,11.169981002807615,3815000,0.0,0.0,0.01614977032895249,-5.653385162353517,1.0,0.1329755783081037,0.017728016392480228,9.833387188069811e-06,1.8594435155650815,0.9999947116784653,5.288321534719086e-06
2024-07-17,11.25863301393296,11.47139438299031,11.178847289176824,11.444799423217772,4723800,0.0,0.0,0.02048891974502637,-5.378566741943361,1.0,0.40779399871825994,0.0,0.0,2.0,1.0,0.0
2024-07-18,11.38274233637159,11.471392469304051,11.134520780546955,11.169981002807615,2806700,0.0,0.0,0.011881405080542846,-5.653385162353517,-1.0,-0.27481842041015625,0.0,0.0,0.4541611884723059,0.7729194057638471,0.22708059423615296
2024-07-19,11.134520805842758,11.152250494294174,10.983814649532968,11.045869827270508,2608600,0.0,0.0,0.010920104251671668,-5.777496337890625,-1.0,-0.39892959594726385,0.0,0.0,0.9569976113898445,0.5215011943050778,0.47849880569492226
2024-07-22,11.06360041590742,11.205442162251597,10.957219740228131,11.17884635925293,2913300,0.0,0.0,0.01234245549306559,-5.644519805908203,-1.0,-0.265953063964842,0.0,0.0,0.4253322717288178,0.7873338641355911,0.2126661358644089
2024-07-23,11.143386615310964,11.169982419458306,11.054736471135309,11.099061965942385,2465900,0.0,0.0,0.010372444276347427,-5.724304199218748,-1.0,-0.3457374572753871,0.017731925164131468,9.595472602987405e-06,0.7188051944529648,0.6405926050372162,0.3594073949627839
2024-07-24,11.063601023915847,11.14338674641961,10.966085610543749,10.983816146850586,3593800,0.0,0.0,0.014959825677934406,-5.839550018310547,-1.0,-0.4609832763671857,0.0,0.0,1.2778759012497312,0.3610620493751344,0.6389379506248656
2024-07-25,11.028140190680991,11.240902387478023,10.99267996545456,11.17884635925293,3637000,0.0,0.0,0.01540847514100146,-5.644519805908203,1.0,0.19503021240234375,0.07091996801971767,0.00015786398428881327,0.17899192837459527,0.9991188157004806,0.0008811842995194225
2024-07-26,11.276362734755535,11.40933836943431,11.258632199231188,11.32955265045166,3076900,0.0,0.0,0.01321129887218826,-5.493813514709473,1.0,0.3457365036010742,0.0,0.0,0.5624968968299437,1.0,0.0
2024-07-29,11.329552369336666,11.480258535800388,11.27636245496032,11.418203353881836,3304200,0.0,0.0,0.014298269346250874,-5.405162811279297,1.0,0.43438720703125,0.0,0.0,0.8879401880381463,1.0,0.0
2024-07-30,11.444797942763646,11.630964327966703,11.365012228328276,11.4979887008667,6360200,0.0,0.0,0.027714817535863003,-5.325377464294434,1.0,0.5141725540161133,0.0,0.0,1.2440775152686734,1.0,0.0
2024-07-31,10.682402568464816,10.877434218288233,10.505101452915534,10.54056167602539,15136900,0.0,0.0,0.060467229337198544,-6.282804489135742,-1.0,-0.9574270248413086,0.7712610020447865,0.015069389346470763,2.0,0.0,1.0
2024-08-01,10.55829185855638,10.664672532860203,10.310070285180789,10.34553050994873,6290000,0.0,0.0,0.02466168719627172,-6.477835655212402,-1.0,-1.1524581909179688,0.0,0.0,2.0,0.0,1.0
2024-08-02,10.310070338900951,10.310070338900951,10.106173411344058,10.212554931640623,5749400,0.0,0.0,0.022252371605445454,-6.61081123352051,-1.0,-1.285433769226076,0.0,0.0,2.0,0.0,1.0
2024-08-05,9.98206292392029,10.22141922804666,9.902277207398688,10.061848640441896,5910800,0.0,0.0,0.02253945539663132,-6.7615175247192365,-1.0,-1.436140060424803,0.0,0.0,2.0,0.0,1.0
2024-08-06,10.079577335409182,10.25687844049674,10.00865689337416,10.194823265075684,4950000,0.0,0.0,0.019125124631536594,-6.628542900085449,1.0,0.1329746246337873,0.0,0.0,0.008573219685382499,1.0,0.0
2024-08-07,10.177094479460504,10.318936233326005,10.150499520490069,10.168230056762695,3625600,0.0,0.0,0.013971551163308447,-6.6551361083984375,1.0,0.106381416320799,0.0,0.0,0.005487037679356124,1.0,0.0
2024-08-08,10.194824954390649,10.3632608207746,10.150499459414291,10.3012056350708,4174500,0.0,0.0,0.016297158742673394,-6.522160530090332,1.0,0.23935699462890447,0.0,0.0,0.027777851561586003,1.0,0.0
2024-08-09,10.301205106066256,10.354395866394045,10.23914992354922,10.354395866394045,2612400,0.0,0.0,0.010251414964224808,-6.468970298767088,1.0,0.29254722595214844,0.0,0.0,0.0414952490027052,1.0,0.0
2024-08-12,10.425316008550874,10.425316008550874,10.150498638279892,10.185958862304688,4338500,0.0,0.0,0.016747920602367367,-6.637407302856445,1.0,0.12411022186279119,8.211343995867537e-07,1.5304937306680496e-14,0.007468295790257398,0.9999999999979506,2.0493212556758738e-12
2024-08-13,10.248013980475584,10.345529376544516,10.159363005548665,10.327798843383787,5445600,0.0,0.0,0.021314388712355754,-6.4955673217773455,1.0,0.265950202941891,0.07978691800055593,0.0001508791408834246,0.034293124685419056,0.9956195818103989,0.004380418189601081
2024-08-14,10.372124806132051,10.416450295626651,10.221418649113446,10.248014450073242,2461200,0.0,0.0,0.00955885798109722,-6.575351715087891,1.0,0.18616580963134588,0.0,0.0,0.01680375160879325,1.0,0.0
2024-08-15,10.363260779711505,10.4430465012651,10.327800552958626,10.42531681060791,4939500,0.0,0.0,0.019516036644174988,-6.398049354553223,1.0,0.36346817016601385,0.0,0.0,0.06405295579793044,1.0,0.0
2024-08-16,10.41644979810658,10.505100772861551,10.398719264980246,10.451910018920898,3722700,0.0,0.0,0.01474596080379598,-6.371456146240234,1.0,0.39006137847900213,0.0,0.0,0.07376873036022215,1.0,0.0
2024-08-19,10.47850515308854,10.540561174657867,10.416449976957582,10.469640731811523,6138900,0.0,0.0,0.0243580047973773,-6.353725433349609,1.0,0.40779209136962713,0.0,0.0,0.08062765043147228,1.0,0.0
2024-08-20,10.43418236752676,10.4519120586748,10.327800838884457,10.336666107177734,2952700,0.0,0.0,0.011566958721741965,-6.486700057983398,-1.0,-0.13297462463378906,0.07091842609578869,0.00011952824521267865,0.10633101224584672,0.9467747297544703,0.0532252702455297
2024-08-21,10.451911502764045,10.47850646079084,10.32780028957486,10.398720741271973,3510400,0.0,0.0,0.013834258770466344,-6.42464542388916,-1.0,-0.07091999053955078,0.0,0.0,0.030245428391629147,0.9848772858041854,0.015122714195814574
2024-08-22,10.425316316538789,10.46077654161116,10.354395866394045,10.354395866394045,3342700,0.0,0.0,0.013117212065883581,-6.468970298767088,-1.0,-0.11524486541747869,0.008864482936360218,1.8777445165559388e-06,0.07986666911839166,0.9600657265685459,0.03993427343145411
2024-08-23,10.39872030234606,10.52283151029656,10.345530388537588,10.460776329040527,2192100,0.0,0.0,0.008690477748432242,-6.3625898361206055,-1.0,-0.008864402770996094,0.044325049505721026,4.853226987188419e-05,0.000472521271395205,0.9997394732293664,0.00026052677063354463
2024-08-26,10.49623650221626,10.691268157919438,10.49623650221626,10.593751907348633,2567000,0.0,0.0,0.010306116334535006,-6.2296142578125,1.0,0.13297557830810547,0.23049161630827797,0.0013689511641728912,2.0,0.999315992604274,0.0006840073957261045
2024-08-27,10.576022464665764,10.68240313968382,10.522831704437516,10.629212379455566,2565300,0.0,0.0,0.010333765915172403,-6.194153785705566,1.0,0.16843605041503906,0.0,0.0,2.0,1.0,0.0
2024-08-28,10.593751944883875,10.75332337697354,10.54942645314359,10.73559284210205,2922800,0.0,0.0,0.011891715334295672,-6.087773323059082,1.0,0.27481651306152344,0.0,0.0,2.0,1.0,0.0
2024-08-29,10.797648868713829,10.81537855814688,10.64694270405991,10.73559284210205,2553500,0.0,0.0,0.010389179932299165,-6.087773323059082,1.0,0.27481651306152344,0.0,0.0,2.0,1.0,0.0
2024-08-30,10.75332301003112,10.815378189086914,10.717862786936609,10.815378189086914,3461500,0.0,0.0,0.01418813852274071,-6.007987976074219,1.0,0.3546018600463867,0.0,0.0,2.0,1.0,0.0
2024-09-03,10.779917806423292,10.886298474132133,10.717862628286069,10.788783073425291,3389200,0.0,0.0,0.013857632263432531,-6.034583091735842,1.0,0.32800674438476385,0.0,0.0,2.0,1.0,0.0
2024-09-04,10.80651403168689,10.91289555733327,10.77991907299454,10.841974258422852,3593600,0.0,0.0,0.014765816945283658,-5.981391906738281,1.0,0.3811979293823242,0.0,0.0,2.0,1.0,0.0
2024-09-05,10.895164992929589,10.904030260950162,10.638078138402404,10.700133323669434,2718200,0.0,0.0,0.011022750337075638,-6.123232841491699,-1.0,-0.14184093475341797,0.07978448988366438,0.00016977564805876677,0.13845291487345712,0.9306886547392421,0.06931134526075794
2024-09-06,10.700132863968278,10.82424407460874,10.68240317412733,10.771053314208984,2636600,0.0,0.0,0.010762713929453658,-6.052312850952148,-1.0,-0.07092094421386719,0.0,0.0,0.03461369416733027,0.9826931529163349,0.017306847083665134
2024-09-09,10.744458376126572,10.81537882649532,10.655808235884868,10.762188911437988,2528200,0.0,0.0,0.01031172712009705,-6.0611772537231445,-1.0,-0.07978534698486328,0.0,0.0,0.04380717123627742,0.9780964143818613,0.02190358561813871
2024-09-10,10.815378174362348,10.84197313028742,10.451910676778844,10.549426078796388,4080500,0.0,0.0,0.01631404249385576,-6.273940086364744,-1.0,-0.29254817962646307,0.017729055678678662,7.985285970472238e-06,0.5889707598443338,0.7055106274348479,0.2944893725651521
2024-09-11,10.478506796809894,10.522832291901612,10.256880166789797,10.44304656982422,4217300,0.0,0.0,0.01669095108114775,-6.380319595336912,-1.0,-0.39892768859863104,0.0,0.0,1.0951845171847137,0.45240774140764317,0.5475922585923568
2024-09-12,10.505102157592772,10.567157340838053,10.34553072017524,10.505102157592772,3068600,0.0,0.0,0.012216869491224797,-6.318264007568361,1.0,0.062055587768551135,0.0,0.0,0.024197663084907874,1.0,0.0
2024-09-13,10.567157321217003,10.576022588932288,10.46964191266428,10.51396656036377,3702300,0.0,0.0,0.014752226512855082,-6.309399604797363,1.0,0.070919990539549,0.0,0.0,0.0316045038342048,1.0,0.0
2024-09-16,10.5456214605773,10.69937416009068,10.5456214605773,10.636064529418944,3043500,0.235,0.0,0.012267996497553613,-6.187301635742189,1.0,0.193017959594723,0.0,0.0,0.2341030540089566,1.0,0.0
2024-09-17,10.690329347421123,10.753639838648132,10.636064197831118,10.735550880432127,2434900,0.0,0.0,0.009906604794030134,-6.087815284729006,1.0,0.2925043106079066,0.0,0.0,0.53762094496844,1.0,0.0
2024-09-18,10.762683868408203,10.889303993194185,10.70841871673495,10.762683868408203,3635200,0.0,0.0,0.01482751142491733,-6.06068229675293,1.0,0.3196372985839826,0.0,0.0,0.6419874551866165,1.0,0.0
2024-09-19,10.816949420790902,10.853126474538204,10.464222499857971,10.554665565490724,7372700,0.0,0.0,0.029491062059624186,-6.268700599670408,-1.0,-0.2080183029174787,0.17184169797314652,0.0007514534017087086,0.42353391695999926,0.787857314819146,0.212142685180854
2024-09-20,10.572752752381408,10.699372860878578,10.455177984704871,10.617974281311035,7437100,0.0,0.0,0.02992710200032972,-6.205391883850098,-1.0,-0.14470958709716797,0.0,0.0,0.20496499936850987,0.8975175003157451,0.10248249968425494
2024-09-23,10.654152905219204,10.880259720727,10.572754313631748,10.835038185119627,4448800,0.0,0.0,0.018268071467406617,-5.988327980041506,1.0,0.21706390380859197,0.027133246188796534,2.053016092139224e-05,2.0,0.9999897350249101,1.0264975089900895e-05
2024-09-24,10.82599490236248,10.95261417093866,10.789817845265134,10.853127479553224,2919500,0.0,0.0,0.012008333961442432,-5.970238685607908,1.0,0.23515319824218928,0.0,0.0,2.0,1.0,0.0
2024-09-25,10.844082458447115,10.853126937902337,10.70841871673495,10.762683868408203,3271400,0.0,0.0,0.013343618198579049,-6.06068229675293,-1.0,-0.09044361114502131,0.0,0.0,0.14792923405600272,0.9260353829719986,0.07396461702800136
2024-09-26,10.789816777016425,11.052100630636982,10.789816777016425,11.024967193603516,3662600,0.0,0.0,0.015303338003769046,-5.798398971557617,1.0,0.2622833251953125,0.0994864596983227,0.0002943823471177715,2.0,0.9998528304884943,0.00014716951150577513
2024-09-27,11.07923374934239,11.214897491057416,10.979747062919971,10.997835159301758,2756400,0.0,0.0,0.011488645290955807,-5.825531005859375,1.0,0.2351512908935547,0.0,0.0,2.0,1.0,0.0
2024-09-30,10.997834699997036,11.00687917907472,10.744595323524852,10.789816856384276,4312500,0.0,0.0,0.017634475819839148,-6.033549308776857,-1.0,-0.20801830291748225,0.045221453491572916,5.617502853359721e-05,0.7825432748135905,0.6087002750789379,0.3912997249210621
2024-10-01,10.780772749542356,10.789817228932325,10.527533364326388,10.636064529418944,4784500,0.0,0.0,0.01928576613850674,-6.187301635742189,-1.0,-0.3617706298828143,0.0,0.0,2.0,0.0,1.0
2024-10-02,10.627019308682788,10.789816476229324,10.627019308682788,10.708417892456056,2866900,0.0,0.0,0.011634754647532285,-6.114948272705076,-1.0,-0.28941726684570135,0.0,0.0,1.5147959710899255,0.24260201445503726,0.7573979855449627
2024-10-03,10.627019842140776,10.699373950787074,10.48231162484818,10.56371021270752,4561700,0.0,0.0,0.01826259857813786,-6.259655952453613,-1.0,-0.4341249465942383,0.0,0.0,2.0,0.0,1.0
2024-10-04,10.63606415717279,10.699373785628785,10.509444037731804,10.6722412109375,2200900,0.0,0.0,0.008901748428889493,-6.151124954223633,-1.0,-0.3255939483642578,0.0,0.0,1.9171580354939406,0.0414209822530297,0.9585790177469703
2024-10-07,10.672241791716116,10.68128627128174,10.491356513048869,10.590843200683594,3870800,0.0,0.0,0.015536408953861873,-6.232522964477539,-1.0,-0.40699195861816406,0.0,0.0,2.0,0.0,1.0
2024-10-08,10.617975230251906,10.617975230251906,10.491355972967549,10.500399589538574,4016200,0.0,0.0,0.015982346125078765,-6.322966575622559,-1.0,-0.4974355697631836,0.0,0.0,2.0,0.0,1.0
2024-10-09,10.500399344027429,10.572753450077911,10.391868184951704,10.482311248779297,4560800,0.0,0.0,0.0181183002619367,-6.341054916381836,-1.0,-0.5155239105224609,0.0,0.0,2.0,0.0,1.0
2024-10-10,10.47326714563514,10.572753829391548,10.409957516201883,10.56371021270752,3735900,0.0,0.0,0.014956538577299082,-6.259655952453613,1.0,0.08139896392822266,0.0,0.0,0.024931024641474037,1.0,0.0
2024-10-11,10.581798885344472,10.762684166819009,10.581798885344472,10.717463493347168,3443100,0.0,0.0,0.013984953378346758,-6.105902671813965,1.0,0.2351522445678711,0.0,0.0,0.20806576655727763,1.0,0.0
2024-10-14,10.726505987445131,10.798860092459378,10.672240839948932,10.708417892456056,7500400,0.0,0.0,0.030438910934581308,-6.114948272705076,1.0,0.2261066436767596,0.0,0.0,0.1923663127388457,1.0,0.0
2024-10-15,10.708418470368338,10.78981705853453,10.627019882202148,10.627019882202148,3749000,0.0,0.0,0.015098934711484728,-6.196346282958984,-1.0,-0.08139801025390803,0.0,0.0,0.12959878527426594,0.935200607362867,0.06479939263713297
2024-10-17,10.726506365369485,10.798860472932963,10.681285695039056,10.789816856384276,3763900,0.0,0.0,0.015391166037864945,-6.033549308776857,1.0,0.0813989639282191,0.0,0.0,1.0000234325113062,1.0,0.0
2024-10-18,10.825993910166018,10.871215443025443,10.753639802602535,10.789816856384276,3337900,0.0,0.0,0.013649186513400835,-6.033549308776857,1.0,0.0813989639282191,0.0,0.0,1.0000234325113062,1.0,0.0
2024-10-21,10.726506141067434,10.762683194092675,10.482311248779297,10.482311248779297,4056700,0.0,0.0,0.01611570528692304,-6.341054916381836,-1.0,-0.3075056076049787,0.19897444625975957,0.0009846266374487775,2.0,0.0,1.0
2024-10-22,10.473267889958768,10.518489426708802,10.428046353208735,10.49135684967041,3467100,0.0,0.0,0.013785337427409155,-6.332009315490723,-1.0,-0.2984600067138654,0.0,0.0,2.0,0.0,1.0
2024-10-23,10.446134567260742,10.536576771775843,10.400913033738686,10.446134567260742,6059600,0.0,0.0,0.02398937573865742,-6.377231597900391,-1.0,-0.3436822891235334,0.0,0.0,2.0,0.0,1.0
2024-10-24,10.328558914981182,10.34664701085485,9.930610455412335,10.09340763092041,10829900,0.0,0.0,0.041426823417190985,-6.729958534240723,-1.0,-0.6964092254638654,0.0,0.0,2.0,0.0,1.0
2024-10-25,10.129584853663465,10.229072401474772,10.093407798785448,10.102452278137209,5281200,0.0,0.0,0.02021989033894016,-6.720913887023924,-1.0,-0.6873645782470668,0.0,0.0,2.0,0.0,1.0
2024-10-28,10.129583696561024,10.247159327116163,10.129583696561024,10.147672653198242,3288800,0.0,0.0,0.01264804163736008,-6.675693511962891,1.0,0.04522037506103338,0.0,0.0,0.004328067488171824,1.0,0.0
2024-10-29,10.1024512521391,10.1024512521391,9.7225917832337,9.803990364074709,7567700,0.0,0.0,0.028118112019254765,-7.019375801086424,-1.0,-0.3436822891235334,0.3708160155517479,0.0027907438594551985,2.0,0.0,1.0
2024-10-30,9.813036171994264,9.9034783809928,9.740682059783811,9.767814636230469,4233900,0.0,0.0,0.01567318931209519,-7.055551528930664,-1.0,-0.37985801696777344,0.0,0.0,2.0,0.0,1.0
2024-10-31,9.776858534110454,9.89443331255928,9.722592521917225,9.731637001037598,3105600,0.0,0.0,0.011453831576244659,-7.091729164123535,-1.0,-0.41603565216064453,0.0,0.0,2.0,0.0,1.0
2024-11-01,9.740682099364284,9.785902772782777,9.668327124330771,9.71354866027832,3358700,0.0,0.0,0.012364270792856766,-7.1098175048828125,-1.0,-0.4341239929199219,0.0,0.0,2.0,0.0,1.0
2024-11-04,9.722592526328723,9.939654850142125,9.722592526328723,9.849212646484377,4058200,0.0,0.0,0.015147966439661984,-6.974153518676756,1.0,0.13566398620605646,0.04522153758284553,4.2044350064194936e-05,0.09765659324696725,0.999569652647178,0.0004303473528219645
2024-11-05,9.813036040547397,9.948699783492495,9.749725546314512,9.939655303955078,2702200,0.0,0.0,0.01017907202011619,-6.883710861206055,1.0,0.2261066436767578,0.0,0.0,0.271268314574902,1.0,0.0
2024-11-06,9.95774304732351,10.030097149731304,9.686414732029805,9.803990364074709,6709800,0.0,0.0,0.024930547990379588,-7.019375801086424,1.0,0.0904417037963885,0.03617779429891854,2.656361529008473e-05,0.043402015010768326,0.9993883379071922,0.0006116620928078403
2024-11-07,9.831122923243308,9.894432547130302,9.65928214589478,9.68641471862793,5222500,0.0,0.0,0.019171711346192038,-7.136951446533203,-1.0,-0.11757564544677912,0.09044340041973165,0.0001605936171346594,1.690041124307734,0.15489914103756564,0.8451008589624344
2024-11-08,9.704504556367318,9.740682476549509,9.614062343499112,9.677371978759766,5298900,0.0,0.0,0.019434014933643905,-7.145994186401367,-1.0,-0.12661838531494318,0.0,0.0,1.959999999999978,0.02000000000001101,0.979999999999989
2024-11-11,9.731636826197343,9.84921246506279,9.605016708374023,9.605016708374023,5055700,0.0,0.0,0.01840343085560217,-7.218349456787109,-1.0,-0.19897365570068537,0.0,0.0,2.0,0.0,1.0
2024-11-12,9.641195508961813,9.650239989558832,9.505531750123096,9.59597396850586,3817400,0.0,0.0,0.01388276921311801,-7.227392196655273,-1.0,-0.20801639556884943,0.0,0.0,2.0,0.0,1.0
2024-11-13,9.623105666289778,9.650238240634422,9.523618122811104,9.605016708374023,3577600,0.0,0.0,0.013022947213838306,-7.218349456787109,-1.0,-0.19897365570068537,0.0,0.0,2.0,0.0,1.0
2024-11-14,9.623105871162686,9.749725129152704,9.550751763017246,9.559795379638672,5286000,0.0,0.0,0.019151161960611982,-7.263570785522461,1.0,-0.04522132873535156,0.09948513959387206,0.00018759276337656266,0.2500052723428611,0.8749035674468812,0.1250964325531188
2024-11-15,9.6050161511888,9.876344466482504,9.58692805685132,9.803990364074709,7426300,0.0,0.0,0.027592734290285244,-7.019375801086424,1.0,0.19897365570068537,0.22610622584808127,0.0010375954373920558,2.0,0.9994814712928143,0.0005185287071856616
2024-11-18,9.79494613138258,10.002964827920584,9.79494613138258,9.822078704833984,4442800,0.0,0.0,0.016537868971269357,-7.001287460327148,1.0,0.21706199645996094,0.0,0.0,2.0,1.0,0.0
2024-11-19,9.803990939438822,9.813035418402825,9.668326342565791,9.7225923538208,5174900,0.0,0.0,0.019067924019881055,-7.100773811340332,-1.0,-0.0994863510131836,0.0,0.0,0.21006776635299837,0.8949661168235008,0.10503388317649918
2024-11-20,9.704503936457806,9.75876995073557,9.64119430524128,9.695460319519045,3665600,0.0,0.0,0.013468923269077594,-7.127905845642088,-1.0,-0.12661838531493963,0.0,0.0,0.3402717976844008,0.8298641011577996,0.1701358988422004
2024-11-21,9.72259202715952,9.876344714265755,9.677370496387873,9.822078704833984,2979000,0.0,0.0,0.01108902306325097,-7.001287460327148,1.0,0.12661838531493963,0.06330929586293088,8.176720405486936e-05,1.0,0.9999182394812741,8.176051872585107e-05
2024-11-22,9.85825778012507,10.039143940334371,9.85825778012507,10.00296688079834,4300400,0.0,0.0,0.016302606941193322,-6.820399284362793,1.0,0.3075065612792951,0.0,0.0,2.0,1.0,0.0
2024-11-25,10.03914326290617,10.14767443419073,10.002966205811315,10.08436393737793,4564200,0.0,0.0,0.01744345667822965,-6.739002227783203,1.0,0.38890361785888494,0.0,0.0,2.0,1.0,0.0
2024-11-26,10.021053650009494,10.075319663379728,9.93061058190211,10.039142608642578,3313900,0.0,0.0,0.012608266975427744,-6.784223556518555,-1.0,-0.04522132873535156,0.0,0.0,0.013520808803613388,0.9932395955981933,0.006760404401806694
2024-11-27,10.05723049562897,10.129584603598826,9.966788291931152,9.966788291931152,3498800,0.0,0.0,0.013215808131639624,-6.8565778732299805,1.0,-0.07235431671142578,0.0,0.0,0.03461345302763452,0.9826932734861827,0.01730672651381726
2024-11-29,9.957743644714355,10.039142230438673,9.957743644714355,9.957743644714355,1359800,0.0,0.0,0.005131630196071947,-6.865622520446777,-1.0,-0.009044647216796875,0.0,0.0,0.0005408779756425977,0.9997295610121787,0.00027043898782129884
2024-12-02,9.939654894832383,10.06627501555734,9.858256307404126,10.03009796142578,3473600,0.0,0.0,0.013203964696334673,-6.793268203735353,-1.0,0.06330966949462713,0.0,0.0,2.0,1.0,0.0
2024-12-03,10.012008958079925,10.048186012048824,9.803991113391,9.849212646484377,2891000,0.0,0.0,0.010791181059844956,-6.974153518676756,-1.0,-0.11757564544677557,0.15375253132335587,0.00048602828357285693,2.0,0.0,1.0
2024-12-04,9.81303621186874,9.831124308730326,9.686416083721411,9.71354866027832,3987800,0.0,0.0,0.014680155735181532,-7.1098175048828125,-1.0,-0.25323963165283203,0.0,0.0,2.0,0.0,1.0
2024-12-05,9.803991113391,9.903477796173224,9.749725101173148,9.849212646484377,4072600,0.0,0.0,0.015201717047500713,-6.974153518676756,1.0,0.13566398620605646,0.0,0.0,0.286989363608957,1.0,0.0
2024-12-06,9.89443390133423,9.930610957439455,9.7587701565719,9.767814636230469,4021500,0.0,0.0,0.014886920054462977,-7.055551528930664,1.0,0.05426597595214844,0.0,0.0,0.04591894376152196,1.0,0.0
2024-12-09,9.77685817018534,9.957743433214654,9.758769212617924,9.88538932800293,5781000,0.0,0.0,0.021657888891383457,-6.937976837158203,1.0,0.17184066772460938,0.0,0.0,0.46045644571686173,1.0,0.0
2024-12-10,9.885389908465648,9.975832114026518,9.713548251600658,9.9215669631958,4253900,0.0,0.0,0.015995098465561325,-6.901799201965332,1.0,0.20801830291748047,0.045221904971242566,4.293120377963758e-05,0.6747451189174318,0.9999363782394014,6.362176059864412e-05
2024-12-11,9.921567377592549,9.939655474448603,9.776859152627871,9.831124305725098,7284000,0.0,0.0,0.0271389160878076,-6.992241859436035,1.0,0.11757564544677734,0.0,0.0,0.215561599158262,1.0,0.0
2024-12-12,9.803991189914449,9.948699406919546,9.776858614858243,9.858256340026855,2436800,0.0,0.0,0.009104149200634492,-6.965109825134277,1.0,0.14470767974853516,0.0,0.0,0.326527538050671,1.0,0.0
2024-12-13,9.767814054990083,9.82207920465431,9.632149455771511,9.731637001037598,3365700,0.0,0.0,0.012413112099486942,-7.091729164123535,-1.0,-0.1266193389892578,0.14470969685635993,0.00041638107753750117,0.7656264416398305,0.6169785886413159,0.383021411358684
2024-12-16,10.021053931209888,10.3376038159394,9.858256749059962,10.120540618896484,9957600,0.0,0.0,0.03819247143531809,-6.702825546264648,1.0,0.3889036178588867,0.3889044090198528,0.0033664324245248414,2.0,0.998319612243652,0.0016803877563480484
2024-12-17,10.102450908334134,10.238114630099632,10.057229380236,10.075318336486816,8051500,0.0,0.0,0.030743616058658222,-6.748047828674316,1.0,0.34368133544921875,0.0,0.0,2.0,1.0,0.0
2024-12-18,10.0572303127279,10.220027483963944,9.704503395892802,9.7225923538208,6411700,0.0,0.0,0.023625153807469004,-7.100773811340332,-1.0,-0.3527259826660156,0.15375335316715955,0.0004688542254002676,1.0533264979582238,0.47310232390818796,0.526897676091812
2024-12-19,9.758770574111514,9.858257267025268,9.677371978759766,9.677371978759766,6134500,0.0,0.0,0.02249862511284201,-7.145994186401367,-1.0,-0.3979463577270508,0.0,0.0,1.3407171776961602,0.3296414111519199,0.6703585888480801
2024-12-20,9.66832576178654,9.831122923243308,9.586928043587092,9.68641471862793,12762300,0.0,0.0,0.046850192764673365,-7.136951446533203,-1.0,-0.3889036178588867,0.0,0.0,1.2804778551790794,0.3597610724104603,0.6402389275895397
2024-12-23,9.709533524551674,9.774263465847303,9.607814919390064,9.728028297424316,5229300,0.235,0.0,0.0192791444145165,-7.095337867736816,-1.0,-0.3472900390625,0.0,0.0,1.0211105416176645,0.48944472919116777,0.5105552708088322
2024-12-24,9.681792553424522,9.80200593526196,9.644803888388337,9.7835111618042,2243500,0.0,0.0,0.00831840751376315,-7.039855003356934,1.0,0.05548286437988281,0.0,0.0,0.025523080713136005,1.0,0.0
2024-12-26,9.774263123012007,9.996195980302817,9.76501661877932,9.885229110717772,3115300,0.0,0.0,0.011670944080799085,-6.938137054443361,1.0,0.15720081329345525,0.0,0.0,0.20489196283611572,1.0,0.0
2024-12-27,9.866735851516722,9.98694923302412,9.811252413175104,9.875983238220217,3734400,0.0,0.0,0.013977211994018687,-6.947382926940916,1.0,0.1479549407959002,0.0,0.0,0.18149902269850918,1.0,0.0
2024-12-30,9.811252045506524,9.838994204577386,9.718780827574886,9.774263381958008,3907600,0.0,0.0,0.014474831343963419,-7.049102783203125,-1.0,-0.10171985626220881,0.04623579120443466,4.302183214938379e-05,0.47266400502401545,0.7636464865719176,0.23635351342808242
2024-12-31,9.792758381251351,9.866735710060029,9.746522330276097,9.802005767822266,3880600,0.0,0.0,0.014415616053359845,-7.021360397338867,1.0,0.027742385864257812,0.0,0.0,0.07438341962996582,1.0,0.0
2025-01-02,9.80200637569858,9.848241547661807,9.589320880774345,9.654050827026367,4617500,0.0,0.0,0.016894131051402403,-7.169315338134766,-1.0,-0.14795494079589844,0.12945994680054085,0.0003260734829743824,2.0,0.0,1.0
2025-01-03,9.681792972854767,9.783511585641053,9.644804306216177,9.700286865234377,3999600,0.0,0.0,0.014703492730766158,-7.123079299926756,-1.0,-0.10171890258788885,0.0,0.0,2.0,0.0,1.0
2025-01-06,9.718781090964328,9.802005806673792,9.626308988647294,9.663297653198242,5137700,0.0,0.0,0.01881540072169636,-7.160068511962891,-1.0,-0.13870811462402344,0.0,0.0,2.0,0.0,1.0
2025-01-07,9.66329789264857,9.765017384093715,9.598567948550276,9.644804000854492,3945200,0.0,0.0,0.014420549332259764,-7.178562164306641,-1.0,-0.15720176696777344,0.0,0.0,2.0,0.0,1.0
2025-01-08,9.626309547472554,9.67254560131516,9.487602267824114,9.654050827026367,3734700,0.0,0.0,0.013664214669772074,-7.169315338134766,-1.0,-0.14795494079589844,0.0,0.0,2.0,0.0,1.0
2025-01-10,9.570827349923984,9.598568630525786,9.4413665706499,9.49685001373291,4816500,0.0,0.0,0.017335266294803607,-7.326516151428223,-1.0,-0.30515575408935547,0.0,0.0,2.0,0.0,1.0
2025-01-13,9.432118375565103,9.60781519538506,9.422870988863142,9.570826530456545,3324500,0.0,0.0,0.012058551867676561,-7.252539634704588,-1.0,-0.23117923736572088,0.0,0.0,2.0,0.0,1.0
2025-01-14,9.617061993022665,9.70028671211564,9.55233204789673,9.672545433044434,3399000,0.0,0.0,0.01245980703894662,-7.150820732116699,1.0,0.10171890258788885,0.10171808158985307,0.00020234130204018698,0.19360014520915345,0.9989559406296447,0.001044059370355396
2025-01-15,9.783510852283626,9.820499516149605,9.672544860685695,9.728028297424316,2438400,0.0,0.0,0.008989781756708743,-7.095337867736816,1.0,0.15720176696777166,0.0,0.0,0.4623993267579117,1.0,0.0
2025-01-16,9.700285900597889,9.765016722187854,9.6448033470971,9.746521949768066,3205700,0.0,0.0,0.011841096380780913,-7.076844215393066,-1.0,0.01849365234375,0.0,0.0,0.006399524778942028,1.0,0.0
2025-01-17,9.755769997257003,9.765017384093715,9.570826669919484,9.644804000854492,4555400,0.0,0.0,0.01665096076958738,-7.178562164306641,-1.0,-0.08322429656982422,0.10171819076621169,0.0002007808657707499,2.0,0.0,1.0
2025-01-21,9.644803774850295,9.709533717431793,9.617061614990234,9.617061614990234,4298900,0.0,0.0,0.0156682003037549,-7.206304550170898,-1.0,-0.11096668243408203,0.0,0.0,2.0,0.0,1.0
2025-01-22,9.580072496392448,9.589319882574236,9.422870458819157,9.487601280212402,4583700,0.0,0.0,0.0164813197204258,-7.3357648849487305,-1.0,-0.24042701721191406,0.0,0.0,2.0,0.0,1.0
2025-01-23,9.49685001373291,9.543085187442774,9.450613958143636,9.49685001373291,5511800,0.0,0.0,0.019837749561652344,-7.326516151428223,-1.0,-0.23117828369140625,0.0,0.0,2.0,0.0,1.0
2025-01-24,9.496848666394191,9.561578605908151,9.459859121667032,9.487601280212402,4757800,0.0,0.0,0.017107320061487852,-7.3357648849487305,1.0,-0.009248733520507812,0.0,0.0,0.25010314595042427,0.8749484270247878,0.12505157297521213
2025-01-27,9.570826683974952,9.644804015018602,9.459859805530131,9.598567962646484,4877800,0.0,0.0,0.017743929664549955,-7.224798202514648,1.0,0.10171794891357422,0.10171882757582829,0.00019822172406280426,2.0,0.9999008989599582,9.910104004189536e-05
2025-01-28,9.55233098042754,9.62630830427006,9.459858884684763,9.506094932556152,6616100,0.0,0.0,0.02383546240172341,-7.3172712326049805,-1.0,-0.09247303009033203,2.369822684755718e-07,1.048898339072616e-15,0.8264850238998167,0.5867574880500912,0.41324251194990885
2025-01-29,9.496848810116788,9.561578750610352,9.404376710658012,9.561578750610352,5517300,0.0,0.0,0.01999289011827077,-7.261787414550781,-1.0,-0.03698921203613281,0.0,0.0,0.13223760382397068,0.9338811980880146,0.06611880191198534
2025-01-30,9.580072950389477,9.74652238203255,9.56157905902876,9.617061614990234,7297500,0.0,0.0,0.026597197356684588,-7.206304550170898,1.0,0.05548286437988281,0.12021407776249049,0.0002782822036276476,2.0,0.999860878255739,0.00013912174426104103
2025-01-31,9.626308859182457,9.728028346739023,9.543084144592283,9.543084144592283,4976000,0.0,0.0,0.017996518555672837,-7.280282020568849,-1.0,-0.073977470397951,0.0,0.0,1.7777930565911388,0.11110347170443058,0.8888965282955694
2025-02-03,9.432119183156162,9.55233257493651,9.284164510774012,9.49685001373291,7175500,0.0,0.0,0.025825641710446025,-7.326516151428223,-1.0,-0.12021160125732422,0.0,0.0,2.0,0.0,1.0
2025-02-04,9.459859805530131,9.654050519989546,9.404377248187073,9.598567962646484,9279900,0.0,0.0,0.03375740967117494,-7.224798202514648,1.0,0.10171794891357422,0.0,0.0,0.7159825277955542,1.0,0.0
2025-02-05,9.737275084819911,10.208881224219342,9.72802857999432,10.181139945983888,15292000,0.0,0.0,0.05900381194356307,-6.642226219177244,1.0,0.6842899322509783,0.0,0.0,2.0,1.0,0.0
2025-02-06,10.282858429563838,10.51403780311126,10.227375873764878,10.366083145141602,11766700,0.0,0.0,0.046226258395928574,-6.457283020019531,1.0,0.8692331314086914,0.0,0.0,2.0,1.0,0.0
2025-02-07,10.375331855496224,10.412320524707928,9.792759654002325,9.811253547668455,8270900,0.0,0.0,0.030753648253899948,-7.012112617492678,-1.0,-0.5548295974731463,0.0,0.0,0.4074240844336864,0.7962879577831568,0.2037120422168432
2025-02-10,9.848240975952985,9.903724413719068,9.598567710703914,9.663297653198242,9135600,0.0,0.0,0.0334566001971951,-7.160068511962891,-1.0,-0.7027854919433594,0.0,0.0,0.6536917925528893,0.6731541037235553,0.32684589627644467
2025-02-11,9.617061159240322,9.64480331778569,9.459859121667032,9.487601280212402,5874900,0.0,0.0,0.02112400576510887,-7.3357648849487305,-1.0,-0.8784818649291992,0.0,0.0,1.0213934258638897,0.48930328706805515,0.5106967129319449
2025-02-12,9.441365397040917,9.524590110380478,9.413624119887494,9.469106674194336,4472600,0.0,0.0,0.016050495428835704,-7.354259490966797,-1.0,-0.8969764709472656,0.0,0.0,1.0648527558695118,0.4675736220652441,0.5324263779347559
2025-02-13,9.515343411302078,9.626309409809815,9.478354745132831,9.580073356628418,5608000,0.0,0.0,0.02036086447624047,-7.243292808532715,1.0,0.11096668243408203,0.0,0.0,0.015304639430996117,1.0,0.0
2025-02-14,9.635556752286462,9.737275363311904,9.607815473257588,9.71878147125244,4494300,0.0,0.0,0.01655363021570297,-7.104584693908693,1.0,0.2496747970581037,0.0,0.0,0.07747958914627255,1.0,0.0
2025-02-18,9.737274199211626,10.107161696853437,9.728027695227002,10.042430877685549,7830800,0.0,0.0,0.029803300175872523,-6.780935287475584,1.0,0.5733242034912127,0.0,0.0,0.4085436369309667,1.0,0.0
2025-02-19,9.912972195731852,10.04243208588436,9.903724808755427,9.977702140808104,3467900,0.0,0.0,0.013113435196978444,-6.845664024353029,1.0,0.5085954666137678,0.0,0.0,0.3215013993336264,1.0,0.0
2025-02-20,10.00544343476298,10.07017426181502,9.866736157427416,9.931466102600098,3526200,0.0,0.0,0.013272101043690306,-6.891900062561035,1.0,0.4623594284057617,0.0,0.0,0.2657035361680212,1.0,0.0
2025-02-21,9.94071238846215,9.949959774428024,9.765016464506909,9.857487678527832,6060200,0.0,0.0,0.02263979935794389,-6.965878486633301,-1.0,-0.07397842407226562,0.13870834424851886,0.00039650930784279365,0.02560063364245402,0.9870014285248516,0.012998571475148407
2025-02-24,9.73727454186049,9.922217856249812,9.626308553226895,9.838994026184082,5459600,0.0,0.0,0.02035780244822492,-6.984372138977051,-1.0,-0.09247207641601562,0.0,0.0,0.04000016501020485,0.9799999174948976,0.020000082505102424
2025-02-25,9.92221843595307,10.144151308065917,9.90372454437328,10.088667869567873,5889600,0.0,0.0,0.022518476180992127,-6.73469829559326,1.0,0.24967384338379084,0.194191533637893,0.0008314273253050264,2.0,0.9995844590833839,0.00041554091661608473
2025-02-26,10.08866815391606,10.1164094330073,9.912972210499058,9.931466102600098,5092600,0.0,0.0,0.01916780153567502,-6.891900062561035,1.0,0.09247207641601562,0.0,0.0,1.0,1.0,0.0
2025-02-27,9.903724098788285,9.996196198164776,9.811251999411796,9.95920753479004,4850400,0.0,0.0,0.01830719095078353,-6.864158630371092,-1.0,0.027741432189943183,0.09247254496148294,0.00018148928817798818,0.08999876243155855,0.9979874830163258,0.0020125169836742434
2025-02-28,9.986949121249262,10.079420341611236,9.894477019007963,10.014690399169922,5297700,0.0,0.0,0.020106860402739846,-6.808675765991211,1.0,0.055482864379881036,0.018495191491094687,7.378912455198579e-06,0.35999504972616503,0.9999795031592339,2.049684076605417e-05
2025-03-03,10.04243210084442,10.144151593977902,9.912972210499058,9.931466102600098,4146200,0.0,0.0,0.015605690359976391,-6.891900062561035,1.0,-0.027741432189943183,0.0,0.0,0.2500000000000481,0.874999999999976,0.12500000000002404
2025-03-04,9.912971351939811,9.922217856249812,9.774263204738356,9.838994026184082,4551700,0.0,0.0,0.01697241728397417,-6.984372138977051,-1.0,-0.09247207641601562,0.0,0.0,2.0,0.0,1.0
2025-03-05,9.885229110717772,9.959207317734228,9.802005281347908,9.885229110717772,3713200,0.0,0.0,0.013910875216134294,-6.938137054443361,1.0,0.04623508453368963,0.0,0.0,0.24998968700044594,1.0,0.0
2025-03-06,9.894478040918887,10.236623443541868,9.82050070423713,10.227376937866213,6972900,0.0,0.0,0.0270269521733545,-6.59598922729492,1.0,0.3883829116821307,0.0,0.0,2.0,1.0,0.0
2025-03-07,10.190387348345004,10.7729586015813,10.181139961625863,10.745217323303224,7921600,0.0,0.0,0.03225874639152345,-6.078148841857908,1.0,0.9062232971191424,0.0,0.0,2.0,1.0,0.0
2025-03-10,10.708228266194778,11.050373625360251,10.689734375313042,10.735969543457031,8021800,0.0,0.0,0.03263867158667134,-6.087396621704102,1.0,0.8969755172729492,0.0,0.0,2.0,1.0,0.0
2025-03-11,10.726723176767363,10.735969681387376,10.116408896001644,10.153397560119627,6454000,0.0,0.0,0.02483474620998667,-6.669968605041506,-1.0,-0.5825719833374041,0.06473106562421904,9.418417407285832e-05,0.4218305327962924,0.7890376415148174,0.21096235848518263
2025-03-12,10.05167861726198,10.088667280139845,9.79275797711693,9.838994026184082,7850200,0.0,0.0,0.029271891856373227,-6.984372138977051,-1.0,-0.8969755172729492,0.0,0.0,1.0,0.5,0.5
2025-03-13,9.80200538514814,10.014689976699968,9.718780673017674,9.746521949768066,8123800,0.0,0.0,0.03000739269993698,-7.076844215393066,-1.0,-0.9894475936889648,0.0,0.0,1.2168146079322144,0.3915926960338928,0.6084073039661072
2025-03-14,9.78351113494396,9.940713181385991,9.78351113494396,9.875983238220217,5954400,0.0,0.0,0.022286287247532365,-6.947382926940916,-1.0,-0.8599863052368146,0.0,0.0,0.9192251377522673,0.5403874311238663,0.45961256887613366
2025-03-17,9.918532159353722,10.088726521082403,9.89016673297249,10.069815635681152,6405600,0.235,0.0,0.02444560041084482,-6.7535505294799805,1.0,0.19383239746093572,0.07403654438243557,0.00012017883038912647,0.05080069619517797,0.9976398907063403,0.0023601092936597285
2025-03-18,10.060360753233976,10.249465092224712,10.031994426094904,10.173823356628418,4983600,0.0,0.0,0.019215281171476827,-6.649542808532715,1.0,0.29784011840820135,0.0,0.0,0.11994532371841282,1.0,0.0
2025-03-19,10.221099237258407,10.306195509937556,10.117091178894045,10.117091178894045,5839800,0.0,0.0,0.02239097533103192,-6.706274986267088,1.0,0.24110794067382812,0.0,0.0,0.07860315107880024,1.0,0.0
2025-03-20,10.069814820954765,10.183278320740904,10.03199395493291,10.154911994934082,6150700,0.0,0.0,0.02367118952159412,-6.668454170227051,-1.0,0.037820816040037286,4.711619947528334e-07,4.99217914894295e-15,0.001934099084993774,0.9999999999974188,2.5811392951184478e-12
2025-03-21,10.117090801168684,10.183277990853222,9.994172765149443,10.060359954833984,7613300,0.0,0.0,0.02902724622833152,-6.763006210327148,-1.0,-0.05673122406006037,0.12291841374460155,0.0003303347951917613,2.0,0.0,1.0
2025-03-24,10.088725766851672,10.117091191112312,9.890165993586042,9.91853141784668,5546300,0.0,0.0,0.02084827389317402,-6.904834747314453,-1.0,-0.19855976104736506,0.0,0.0,2.0,0.0,1.0
2025-03-25,9.956352334699814,10.04144950963478,9.81452431095526,9.88071060180664,5839300,0.0,0.0,0.021865949520879745,-6.942655563354492,-1.0,-0.23638057708740412,0.0,0.0,2.0,0.0,1.0
2025-03-26,9.890166130440758,10.04144959755165,9.880710688316178,10.003628730773926,5033600,0.0,0.0,0.01908339500565016,-6.819737434387207,1.0,0.12291812896728516,0.0,0.0,0.270401007008837,1.0,0.0
2025-03-27,10.031994104737162,10.088725855477389,9.984718697794326,10.041449546813965,3937800,0.0,0.0,0.014985437918137678,-6.781916618347168,1.0,0.16073894500732422,0.0,0.0,0.4624008779047359,1.0,0.0
2025-03-28,10.050905625649436,10.0792710519563,9.8523458380601,9.909076690673828,3660000,0.0,0.0,0.013744648843199534,-6.914289474487305,-1.0,-0.13237285614013672,0.02836485025607871,1.682929312071368e-05,0.6781966682399355,0.6608932512334719,0.33910674876652813
2025-03-31,9.833434379413877,10.060360481800808,9.833434379413877,10.003628730773926,5130500,0.0,0.0,0.019450762491355716,-6.819737434387207,-1.0,-0.03782081604003906,0.0,0.0,0.05536299332570902,0.9723185033371455,0.02768149666285451
2025-04-01,10.003629021057302,10.041449888932505,9.899621859830653,9.975263595581056,3840300,0.0,0.0,0.014518070689790885,-6.848102569580076,-1.0,-0.06618595123290838,0.0,0.0,0.16954672405000662,0.9152266379749967,0.08477336202500331
2025-04-02,9.937442625205842,10.050905227661133,9.861800890235648,10.050905227661133,6042000,0.0,0.0,0.02301469758294382,-6.7724609375,-1.0,0.009455680847167969,0.0,0.0,0.020410515825228643,1.0,0.0
2025-04-03,9.833434479922808,10.003628833022438,9.729427320651146,9.927987098693848,7708800,0.0,0.0,0.02900463176362642,-6.895379066467285,-1.0,-0.11346244812011719,0.17019453917950678,0.0006092211196799078,2.0,0.0,1.0
2025-04-04,9.691605712631478,9.937441781267252,9.379583356947814,9.578143119812012,11710700,0.0,0.0,0.042509260636509415,-7.245223045349121,-1.0,-0.4633064270019531,0.0,0.0,2.0,0.0,1.0
2025-04-07,9.351218422662054,9.729427085150473,9.095926899191936,9.162113189697266,15145900,0.0,0.0,0.05259084048312821,-7.661252975463867,-1.0,-0.8793363571166992,0.0,0.0,2.0,0.0,1.0
2025-04-08,9.322851879155094,9.322851879155094,8.509702822917895,8.594799995422363,13128700,0.0,0.0,0.04276385744288924,-8.22856616973877,-1.0,-1.4466495513916016,0.0,0.0,2.0,0.0,1.0
2025-04-09,8.509703135211547,9.493046572544946,8.509703135211547,9.445770263671877,12829400,0.0,0.0,0.0459264734155528,-7.377595901489256,1.0,0.8509702682495135,0.0,0.0,0.34602071562424674,1.0,0.0
2025-04-10,9.36067222994754,9.36067222994754,8.717717554063716,8.973008155822754,7111100,0.0,0.0,0.02418211165779889,-7.850358009338379,1.0,0.3782081604003906,0.0,0.0,0.06834946459208578,1.0,0.0
2025-04-11,8.982464068702225,9.228300143837536,8.85954603113457,9.190479278564451,5570800,0.0,0.0,0.019403277764976315,-7.6328868865966815,1.0,0.5956792831420881,0.0,0.0,0.16955020494538275,1.0,0.0
2025-04-14,9.351218273175986,9.417404562623275,9.199933908878432,9.313397407531738,7544700,0.0,0.0,0.026629896849205796,-7.5099687576293945,1.0,0.718597412109375,0.0,0.0,0.24674287701811828,1.0,0.0
2025-04-15,9.332308106340776,9.417405286007089,9.247210926674468,9.303942680358888,4526000,0.0,0.0,0.015958826360746265,-7.519423484802244,1.0,0.7091426849365252,0.0,0.0,0.24029270221455298,1.0,0.0
2025-04-16,9.322852529008882,9.426860592306744,9.124292746564606,9.21884536743164,5094100,0.0,0.0,0.017797679027781912,-7.604520797729492,1.0,0.6240453720092773,0.07564116231382556,9.894017708554535e-05,0.18608255484541183,0.9994685821108398,0.0005314178891601974
2025-04-17,9.190479417906916,9.40794917109419,9.190479417906916,9.2755765914917,4725500,0.0,0.0,0.016611469650625845,-7.547789573669434,1.0,0.6807765960693359,0.05673150876755173,5.6494881196106255e-05,0.22145350618015444,0.9997449556185932,0.00025504438140677515
2025-04-21,9.21884541960835,9.247210845340756,9.048651061772672,9.181024551391602,7800000,0.0,0.0,0.02713970515173064,-7.642341613769531,-1.0,-0.09455204010009766,0.07564168479193434,9.796467302975873e-05,0.019290015365709224,0.9903060099806305,0.009693990019369492
2025-04-22,9.247209788564396,9.521411277230072,9.247209788564396,9.455224990844728,8767500,0.0,0.0,0.03141716665217405,-7.3681411743164045,1.0,0.2742004394531268,0.11346210613588248,0.00023712961979389886,2.0,0.9998814492460506,0.00011855075394934429
2025-04-23,9.549778171544329,9.701061636153884,9.445770113334826,9.559232711791992,12614000,0.0,0.0,0.04569779389846245,-7.264133453369141,1.0,0.3782081604003906,0.0,0.0,2.0,1.0,0.0
2025-04-24,9.237756440037108,9.691606865293226,9.086472063231096,9.625420570373535,10445200,0.0,0.0,0.03810270850411265,-7.197945594787598,-1.0,0.06618785858154297,0.16073772533330022,0.0004986760569322225,0.49002118132728867,0.998983372335645,0.0010166276643549068
2025-04-25,9.615965180637852,9.786159541905276,9.559233426308497,9.587599754333496,7455600,0.0,0.0,0.027090178643135433,-7.235766410827637,1.0,-0.03782081604003906,0.0,0.0,0.326516497851416,0.836741751074292,0.163258248925708
2025-04-28,9.625420092987278,9.805068985311058,9.540322917042111,9.6065092086792,6686200,0.0,0.0,0.02434245300870494,-7.216856956481934,1.0,-0.018911361694335938,0.11346212001783229,0.00024717559789334657,0.08163735797768477,0.959057733212211,0.04094226678778906
2025-04-29,9.587599037696716,9.663240770001496,9.549778171544329,9.559232711791992,10957600,0.0,0.0,0.03969701493751325,-7.264133453369141,1.0,-0.06618785858154297,0.0,0.0,1.0,0.5,0.5
2025-04-30,9.493046675304091,9.521412100246746,9.209389720715762,9.370128631591797,9770300,0.0,0.0,0.034695474041841916,-7.453237533569336,-1.0,-0.1891040802001953,0.0,0.0,2.0,0.0,1.0
2025-05-01,9.341762300922916,9.389038605724089,9.10538167863758,9.133747100830078,7825900,0.0,0.0,0.027089603615723653,-7.689619064331055,-1.0,-0.42548561096191406,0.0,0.0,2.0,0.0,1.0
2025-05-02,9.266121009110616,9.28503099088688,9.143202971542962,9.190479278564451,5921800,0.0,0.0,0.020625822192259054,-7.6328868865966815,-1.0,-0.36875343322754084,0.0,0.0,2.0,0.0,1.0
2025-05-06,9.162112523022577,9.209388827823744,9.010829069035244,9.133747100830078,8537400,0.0,0.0,0.029552483664355426,-7.689619064331055,-1.0,-0.056732177734373224,0.0,0.0,0.7346868202949169,0.6326565898525416,0.36734341014745847
2025-05-07,9.190479963660406,9.209389946846295,9.01083016393102,9.020285606384276,5764200,0.0,0.0,0.019705102734930795,-7.803080558776857,1.0,-0.11346149444580256,0.0,0.0,2.0,0.0,1.0
2025-05-08,9.11483867634232,9.332308453152942,9.029741493513583,9.237756729125977,5290000,0.0,0.0,0.01852002492728187,-7.585609436035156,1.0,0.10400962829589844,0.12291962532919776,0.00026257991246247085,0.8403304282699533,0.9996876253907581,0.0003123746092419184
2025-05-09,9.275576401373764,9.379583554889722,9.190479229533183,9.228300094604492,5313500,0.0,0.0,0.01858325419291022,-7.595066070556641,1.0,0.09455299377441406,0.0,0.0,0.6944701274465038,1.0,0.0
2025-05-12,9.436314821553143,9.653785481681034,9.303942238773253,9.445770263671877,9678100,0.0,0.0,0.034645501922386204,-7.377595901489256,1.0,0.31202316284179865,0.0,0.0,2.0,1.0,0.0
2025-05-13,9.426860645660774,9.445770628908836,9.020285636040269,9.181024551391602,8132200,0.0,0.0,0.02829557823524409,-7.642341613769531,-1.0,-0.2647457122802752,0.17019359349291463,0.0004959450074105278,0.7199199369265513,0.6397920590330191,0.36020794096698094
2025-05-14,9.18102412420296,9.21884499065992,9.114837833333423,9.124292373657228,4601600,0.0,0.0,0.0159120974977284,-7.6990737915039045,-1.0,-0.32147789001464844,0.0,0.0,1.0615208989376002,0.4692395505311999,0.5307604494688001
2025-05-15,9.133747902179373,9.266121386892332,9.114837919632144,9.247210502624512,4200700,0.0,0.0,0.01472149054751941,-7.576155662536621,1.0,0.12291812896728338,0.0,0.0,0.14619403851161017,1.0,0.0
2025-05-16,9.275576628582431,9.436314632782413,9.275576628582431,9.398493766784668,6338900,0.0,0.0,0.022578315218336465,-7.424872398376465,1.0,0.27420139312743963,0.0,0.0,0.7275068644422745,1.0,0.0
2025-05-19,9.313397594394257,9.436314733913829,9.2377558615881,9.32285213470459,6468600,0.0,0.0,0.02285485478650275,-7.500514030456543,1.0,0.1985597610473615,0.0,0.0,0.38148745815123325,1.0,0.0
2025-05-20,9.360673479707016,9.483591527231814,9.303942628062114,9.341763496398926,5037900,0.0,0.0,0.017836013176971987,-7.481602668762207,1.0,0.21747112274169744,0.0,0.0,0.45761576202385773,1.0,0.0
2025-05-21,9.28503055481741,9.360672281811077,9.133747100830078,9.133747100830078,5926500,0.0,0.0,0.020514769653149956,-7.689619064331055,-1.0,-0.20801639556884766,0.10400876075802223,0.00018294906407636226,0.9149385791873882,0.5424392358742678,0.45756076412573227
2025-05-22,9.181023695015083,9.181023695015083,9.07701654255064,9.105381965637209,5534000,0.0,0.0,0.01909662840605853,-7.717984199523924,-1.0,-0.23638153076171697,0.0,0.0,1.181473236685093,0.40926338165745346,0.5907366183425465
2025-05-23,9.02974072309034,9.06756158981836,8.812270063113786,8.887911796569824,6225900,0.0,0.0,0.020971101899213262,-7.935454368591309,-1.0,-0.45385169982910156,0.0,0.0,2.0,0.0,1.0
2025-05-27,8.991920524690437,9.029741394229507,8.916278785612295,8.954099655151367,7958700,0.0,0.0,0.02700744073293351,-7.869266510009766,-1.0,-0.3876638412475586,0.0,0.0,2.0,0.0,1.0
2025-05-28,8.944643839725092,8.9730092652676,8.75553949990735,8.859546661376953,6993800,0.0,0.0,0.023482486549092612,-7.96381950378418,-1.0,-0.48221683502197266,0.0,0.0,2.0,0.0,1.0
2025-05-29,8.878457358315636,8.916278225478745,8.7271729879426,8.812270164489746,5256800,0.0,0.0,0.017556123652889995,-8.011096000671387,-1.0,-0.5294933319091797,0.0,0.0,2.0,0.0,1.0
2025-05-30,8.783904790725725,8.83118110038521,8.727173038790221,8.774449348449707,7352200,0.0,0.0,0.024448744248009913,-8.048916816711426,-1.0,-0.5673141479492188,0.0,0.0,2.0,0.0,1.0
2025-06-02,8.73662848106624,8.793360233001742,8.585345011532374,8.774449348449707,7133100,0.0,0.0,0.023720156904801216,-8.048916816711426,-1.0,-0.5673141479492188,0.0,0.0,2.0,0.0,1.0
2025-06-03,8.755539448811525,8.944643787525687,8.670442270959999,8.897367477416992,5711100,0.0,0.0,0.019257533693909357,-7.925998687744141,1.0,0.12291812896728516,0.11346268714047625,0.0002049265069161034,0.04694449300765865,0.9956536791115157,0.004346320888484256
2025-06-04,8.925732576699966,8.991919769122292,8.793359995296479,8.802815437316895,5393300,0.0,0.0,0.01799266725573356,-8.020550727844238,1.0,0.0283660888671875,0.0,0.0,0.002500067241808264,1.0,0.0
2025-06-05,8.793360710144043,8.878457891804509,8.73662895513018,8.793360710144043,4255000,0.0,0.0,0.014179921503491948,-8.03000545501709,-1.0,-0.009454727172851562,0.0,0.0,0.11109616929084074,0.9444519153545796,0.05554808464542037
2025-06-06,8.878456733184759,8.973008443574859,8.869001291629589,8.944643020629883,3693600,0.0,0.0,0.012520804884239213,-7.87872314453125,1.0,0.15128231048583984,0.0,0.0,2.0,1.0,0.0
2025-06-09,8.973009127643058,8.973009127643058,8.727173038790221,8.774449348449707,7437600,0.0,0.0,0.024732730369004995,-8.048916816711426,1.0,-0.018911361694335938,0.009455916339959458,1.3801693040827257e-06,0.015626773032877697,0.9921859233989091,0.00781407660109089
2025-06-10,8.812270215833173,8.897367392876125,8.755539365618276,8.774449348449707,6386700,0.0,0.0,0.021238104905846534,-8.048916816711426,1.0,-0.018911361694335938,0.0,0.0,0.015626773032877697,0.9921866134835612,0.007813386516438849
2025-06-11,8.850090411563567,8.85954585312199,8.651530647439358,8.74608325958252,8948700,0.0,0.0,0.02966148771397624,-8.077282905578613,-1.0,-0.0283660888671875,0.0,0.0,0.035157875252816884,0.9824210623735916,0.017578937626408442
2025-06-12,8.717718946555914,8.717718946555914,8.566435469242078,8.632621765136719,8888600,0.0,0.0,0.02908007011561555,-8.190744400024414,-1.0,-0.14182758331298828,0.0,0.0,0.8789114212068047,0.5605442893965977,0.4394557106034023
2025-06-13,8.594800063295855,8.594800063295855,8.150404215441196,8.159859657287598,13979000,0.0,0.0,0.043229296486892665,-8.663506507873535,-1.0,-0.6145896911621094,0.0,0.0,2.0,0.0,1.0
2025-06-16,8.300798138746424,8.456316457426835,8.281358812392522,8.407716751098633,10112500,0.235,0.0,0.032222258732966684,-8.4156494140625,-1.0,-0.3667325973510742,0.0,0.0,2.0,0.0,1.0
2025-06-17,8.300798700768098,8.407717320359438,8.174439826544317,8.193880081176758,12360900,0.0,0.0,0.03838478128529154,-8.629486083984375,-1.0,-0.5805692672729492,0.0,0.0,2.0,0.0,1.0
2025-06-18,8.184159649188842,8.32023864566303,8.164719395280104,8.203598976135254,9970500,0.0,0.0,0.03099850390047944,-8.619767189025879,-1.0,-0.5708503723144531,0.0,0.0,2.0,0.0,1.0
2025-06-20,8.242478370666504,8.359118037557602,8.155000010941638,8.242478370666504,13010800,0.0,0.0,0.04064257266369563,-8.580887794494629,-1.0,-0.5319709777832031,0.0,0.0,2.0,0.0,1.0
2025-06-23,8.213318824768066,8.242478277680732,8.125839539067774,8.213318824768066,5678900,0.0,0.0,0.0176767441688296,-8.610047340393066,-1.0,-0.5611305236816406,0.0,0.0,2.0,0.0,1.0
2025-06-24,8.281359484253262,8.3882781052797,8.2521991019132,8.320239067077637,7366900,0.0,0.0,0.023229504894791194,-8.503127098083496,1.0,0.10692024230957031,0.029160067722097338,1.1760335602301946e-05,0.03630714348272695,0.999676192440688,0.0003238075593120406
2025-06-25,8.300798323901683,8.310518450776597,8.164719328539835,8.271638870239258,7782100,0.0,0.0,0.024395388924621748,-8.551727294921875,-1.0,-0.048600196838378906,0.0,0.0,0.20661230739674505,0.8966938463016275,0.10330615369837252
2025-06-26,8.29107866511624,8.329958247848605,8.184160044342832,8.223039627075195,7822300,0.0,0.0,0.024377334955884924,-8.600326538085938,1.0,-0.0485992431640625,0.0,0.0,0.2066041988321472,0.8966979005839264,0.1033020994160736
2025-06-27,8.252198779623363,8.31051861506343,8.086960327332568,8.135560035705566,12598400,0.0,0.0,0.03884384576810443,-8.687806129455566,-1.0,-0.0874795913696289,1.642868330264946e-07,3.5758992452062917e-16,0.6694121995687872,0.6652939002156062,0.33470609978439375
2025-06-30,8.155000776564721,8.329958439402462,8.067521481664654,8.184160232543945,9736400,0.0,0.0,0.030198954303133203,-8.639205932617188,-1.0,-0.03887939453125,1.9155385722058327e-07,4.916252161272693e-16,0.1322266872525742,0.9338866563737127,0.06611334362628735
2025-07-01,8.155000331506502,8.466036983543155,8.057800914263877,8.427157402038574,11189200,0.0,0.0,0.035735471454105924,-8.396208763122559,-1.0,0.2041177749633789,0.15551836847972567,0.00034308120463233025,2.0,0.9998284888188151,0.0001715111811848407
2025-07-02,8.446596911492282,8.514636875814595,8.320238964098765,8.48547649383545,5953200,0.0,0.0,0.01914459050928764,-8.337889671325684,1.0,0.058319091796875,0.0,0.0,2.0,1.0,0.0
2025-07-03,8.495196909867934,8.50491703752465,8.32995844755332,8.378558158874512,4714300,0.0,0.0,0.014969451178757937,-8.444808006286621,1.0,-0.0485992431640625,0.0,0.0,0.6944444444444445,0.6527777777777777,0.34722222222222227
2025-07-07,8.329958456960066,8.446597208085203,8.232759961170315,8.281359672546387,5958600,0.0,0.0,0.018701018209773705,-8.542006492614746,-1.0,-0.097198486328125,0.0,0.0,2.0,0.0,1.0
2025-07-08,8.310518383211756,8.582675444760484,8.300798256415867,8.436877250671387,9941900,0.0,0.0,0.03178853362073147,-8.386488914489746,1.0,0.155517578125,0.07775840723583372,8.596751196914205e-05,2.0,0.9999570180915393,4.2981908460705995e-05
2025-07-09,8.456316457426835,8.485475910438838,8.310518265404525,8.407716751098633,5238500,0.0,0.0,0.016691846958976117,-8.4156494140625,1.0,0.1263570785522461,0.0,0.0,1.6899744898921865,1.0,0.0
2025-07-10,8.388278196221966,8.495196818407573,8.339678485424006,8.349398612976074,5344700,0.0,0.0,0.016912114186667774,-8.473967552185059,1.0,0.0680389404296875,0.0,0.0,0.48999999999999994,1.0,0.0
2025-07-11,8.271638656572058,8.310518236105088,8.10640021181611,8.116120338439941,11185800,0.0,0.0,0.03440605675283116,-8.707245826721191,-1.0,-0.2332782745361328,0.20411805358841484,0.0005495424240573449,2.0,0.0,1.0
2025-07-14,8.125839724216366,8.164719304639897,8.018921109792238,8.077240943908691,6325000,0.0,0.0,0.019361675700152053,-8.746125221252441,-1.0,-0.2721576690673828,0.0,0.0,2.0,0.0,1.0
2025-07-15,8.096680422157684,8.106400549186045,7.873123062279392,7.892562389373779,7707800,0.0,0.0,0.023055143752263293,-8.930803775787354,-1.0,-0.4568362236022949,0.0,0.0,2.0,0.0,1.0
2025-07-16,7.892562389373779,7.941162097553249,7.834243481128283,7.892562389373779,8614100,0.0,0.0,0.025766018033209374,-8.930803775787354,-1.0,-0.4568362236022949,0.0,0.0,2.0,0.0,1.0
2025-07-17,7.853682914625212,7.93144207798092,7.805083205787309,7.873123168945312,7427700,0.0,0.0,0.022162603354482165,-8.95024299621582,-1.0,-0.4762754440307626,0.0,0.0,2.0,0.0,1.0
2025-07-18,7.912002646544893,7.94116210067912,7.766203521949095,7.795363903045654,9796900,0.0,0.0,0.028943059838924524,-9.028002262115479,-1.0,-0.5540347099304199,3.1258711175041753e-09,1.1988333527318448e-19,2.0,0.0,1.0
2025-07-21,7.843962787465163,7.92172195082087,7.814803332947359,7.873123168945312,6169400,0.0,0.0,0.01840811625875335,-8.95024299621582,-1.0,-0.4762754440307626,0.0,0.0,2.0,0.0,1.0
2025-07-22,7.921722005984264,8.388277916329743,7.912002805718879,8.359118461608887,17133700,0.0,0.0,0.054278896775837575,-8.464247703552246,1.0,0.4859952926635751,0.44711581565062275,0.0027903799057423205,1.0412325694678892,0.997327281064639,0.002672718935360978
2025-07-23,8.446597206436904,8.592396340536672,8.388278294366913,8.572956085205078,16980600,0.0,0.0,0.05517000260738322,-8.250410079956055,1.0,0.6998329162597665,0.0,0.0,2.0,1.0,0.0
2025-07-24,8.52435672349077,8.582675631611128,8.436877434347904,8.495196342468262,7112900,0.0,0.0,0.022900211717445048,-8.328169822692871,1.0,0.6220731735229501,0.0,0.0,1.7059510480722828,1.0,0.0
2025-07-25,8.504916257835301,8.514636384600925,8.261918650468578,8.339677810668945,12486800,0.0,0.0,0.03946569926145377,-8.483688354492188,-1.0,-0.1555185317993164,0.12635964389833454,0.00022184383982586957,0.06250019163240901,0.9686389822638826,0.03136101773611744
2025-07-28,8.339677972609442,8.35911822651818,8.174439522234472,8.203598976135254,12712700,0.0,0.0,0.03952406404248784,-8.619767189025879,-1.0,-0.2915973663330078,0.0,0.0,0.21972741586324596,0.8901362920683771,0.10986370793162298
2025-07-29,7.931441877955099,8.349398065673201,7.775923555165756,7.863402843475342,21724500,0.0,0.0,0.06474104253534049,-8.959963321685791,-1.0,-0.6317934989929199,0.0,0.0,1.0314955516677233,0.48425222416613833,0.5157477758338617
2025-07-30,7.93144207798092,8.028641495656727,7.824523460107408,7.873123168945312,12451300,0.0,0.0,0.03715190747440847,-8.95024299621582,-1.0,-0.6220731735229501,0.0,0.0,1.0,0.5,0.5
2025-07-31,7.853682903420293,8.145280229069344,7.79536399446789,7.824523448944092,10695000,0.0,0.0,0.03171451388553504,-8.998842716217041,-1.0,-0.6706728935241699,0.0,0.0,1.1623543936901768,0.4188228031549116,0.5811771968450884
2025-08-01,7.824523333187179,7.873123041236755,7.678724672519616,7.698164463043213,9654500,0.0,0.0,0.02816672448140475,-9.12520170211792,-1.0,-0.7970318794250488,0.0,0.0,1.641604140553786,0.179197929723107,0.820802070276893
2025-08-04,7.717604447032771,7.843962856863142,7.669004737764891,7.805083274841309,8263000,0.0,0.0,0.024441883372915245,-9.018282890319824,-1.0,-0.6901130676269531,0.0,0.0,1.2307151759904977,0.38464241200475113,0.6153575879952489
2025-08-06,7.843962776274111,7.960601521141263,7.775923740175526,7.824523448944092,8727900,0.0,0.0,0.025881356310571417,-8.998842716217041,1.0,0.019440174102783203,0.0,0.0,0.0007935235095359712,1.0,0.0
2025-08-07,7.950882309472036,7.950882309472036,7.727324020244509,7.775923728942871,7495400,0.0,0.0,0.022088497744815905,-9.047442436218262,-1.0,-0.0485997200012207,0.009720217799180197,1.154251201119653e-06,2.0,0.0,1.0
2025-08-08,7.795363796637432,7.873122957908831,7.7467636256210675,7.814803123474121,6014900,0.0,0.0,0.01781417960102164,-9.008563041687012,-1.0,-0.009720325469970703,0.0,0.0,0.2500122643707746,0.8749938678146127,0.1250061321853873
2025-08-11,7.882841907060621,8.145279763224112,7.873122707432644,8.0189208984375,11529500,0.0,0.0,0.03503852186926855,-8.804445266723633,1.0,0.2041177749633789,0.1943974537520763,0.00048750283808768113,2.0,0.9997563079812315,0.00024369201876845608
2025-08-12,8.086960792541504,8.145280631336467,7.989762297166421,8.086960792541504,8306400,0.0,0.0,0.025457605501309825,-8.736405372619629,1.0,0.2721576690673828,0.0,0.0,2.0,1.0,0.0
2025-08-13,8.057800985170616,8.291078476250892,8.057800985170616,8.261919021606445,9857900,0.0,0.0,0.03086631016458367,-8.561447143554688,1.0,0.4471158981323242,0.0,0.0,2.0,1.0,0.0
2025-08-14,8.16471918388141,8.2035987637299,8.009200864487447,8.048080444335938,6495400,0.0,0.0,0.01981151024507075,-8.775285720825195,-1.0,-0.2138385772705078,0.0,0.0,0.2287346125207651,0.8856326937396175,0.11436730626038255
2025-08-15,8.06752127659671,8.145280441873014,8.018921566558427,8.125840187072754,8905400,0.0,0.0,0.027424649237406524,-8.697525978088379,-1.0,-0.1360788345336914,0.0,0.0,0.09262771214087306,0.9536861439295634,0.04631385607043653
2025-08-18,8.1258402067631,8.252199082383877,8.086960624030736,8.223039627075195,11065200,0.0,0.0,0.03448347503341189,-8.600326538085938,1.0,0.0971994400024414,0.048600318653976515,3.193363461382877e-05,0.5102069421463395,0.9999374143442815,6.258565571851478e-05
2025-08-19,8.2521992721496,8.349398694696873,8.11612119293829,8.184160232543945,13362000,0.0,0.0,0.041444314880085646,-8.639205932617188,1.0,0.058320045471191406,0.0,0.0,0.1836769020154053,1.0,0.0
2025-08-20,8.184159840568832,8.242478749734135,8.057800968094211,8.067521095275879,9979200,0.0,0.0,0.030510913459148588,-8.755845069885254,-1.0,-0.1166391372680664,0.029159655936524587,1.1090947612055685e-05,2.0,0.0,1.0
2025-08-21,8.067521112372882,8.291078476250892,8.057800985170616,8.261919021606445,9550100,0.0,0.0,0.02990255010730384,-8.561447143554688,1.0,0.1943979263305664,0.0,0.0,2.0,1.0,0.0
2025-08-22,8.291078129619978,8.524356537909771,8.291078129619978,8.436877250671387,8075900,0.0,0.0,0.025822128432962037,-8.386488914489746,1.0,0.3693561553955078,0.0,0.0,2.0,1.0,0.0
2025-08-25,8.417437134319742,8.427157261274111,8.145280068333692,8.203598976135254,7596800,0.0,0.0,0.023618618367299754,-8.619767189025879,-1.0,-0.2332782745361328,0.0,0.0,0.3988943699455007,0.8005528150272496,0.19944718497275035
2025-08-26,8.261918650468578,8.407716844103689,8.232759197134019,8.339677810668945,14100600,0.0,0.0,0.04456626509642623,-8.483688354492188,-1.0,-0.0971994400024414,0.0,0.0,0.06925272127352229,0.9653736393632388,0.034626360636761146
2025-08-27,8.349397844437643,8.417436877114557,8.281358811760729,8.310518264770508,6995000,0.0,0.0,0.022031050239008657,-8.512847900390625,1.0,-0.0291595458984375,0.0,0.0,0.006232622609805667,0.9968836886950971,0.0031163113049028335
2025-08-28,8.320238577651512,8.359118158188851,8.184159582289665,8.271638870239258,5369600,0.0,0.0,0.0168326647523996,-8.551727294921875,-1.0,-0.03887939453125,0.0,0.0,0.011080217972987853,0.9944598910135061,0.005540108986493927
2025-08-29,8.32023878464156,8.456316856426426,8.281359203136978,8.427157402038574,10572200,0.0,0.0,0.03376492969176516,-8.396208763122559,1.0,0.1555185317993164,0.038879979311868595,2.144300237391903e-05,2.0,0.9999892786137624,1.0721386237604243e-05
2025-09-02,8.368837198337028,8.5826753506913,8.339677745231269,8.504916191101074,9358700,0.0,0.0,0.03016511170586695,-8.318449974060059,1.0,0.2332773208618164,0.0,0.0,2.0,1.0,0.0
2025-09-03,8.456317343523702,8.563236894041793,8.417437759779595,8.475757598876953,6015100,0.0,0.0,0.01932149616867782,-8.34760856628418,1.0,0.2041187286376953,0.0,0.0,2.0,1.0,0.0
2025-09-05,8.553516201295093,8.699314398963045,8.52435674715397,8.592395782470703,8168500,0.0,0.0,0.026599652335951653,-8.23097038269043,1.0,0.11663818359375,0.0,0.0,2.0,1.0,0.0
2025-09-08,8.563236304558453,8.563236304558453,8.388277726272719,8.495196342468262,7740000,0.0,0.0,0.024919180459872157,-8.328169822692871,-1.0,-0.0971994400024414,0.0,0.0,0.6944580717570671,0.6527709641214665,0.34722903587853354
2025-09-09,8.485476218350463,8.534075926442197,8.388277729129323,8.397997856140137,8472900,0.0,0.0,0.02696666337409908,-8.425368309020996,-1.0,-0.1943979263305664,0.0,0.0,2.0,0.0,1.0
2025-09-10,8.417436849081316,8.417436849081316,8.193879498480387,8.213318824768066,8249900,0.0,0.0,0.025679510418994404,-8.610047340393066,-1.0,-0.3790769577026367,0.0,0.0,2.0,0.0,1.0
2025-09-11,8.271639428034408,8.320239138723968,8.164719879124902,8.252199172973633,7145700,0.0,0.0,0.022347752568949962,-8.5711669921875,-1.0,-0.3401966094970703,0.0,0.0,2.0,0.0,1.0
2025-09-12,8.203599163346409,8.252198872265003,8.145280254213974,8.164719581604004,7946300,0.0,0.0,0.024588135866896548,-8.658646583557129,-1.0,-0.4276762008666992,0.0,0.0,2.0,0.0,1.0
2025-09-15,8.232759853040976,8.26191930869868,8.116121103447774,8.155000686645508,10622200,0.0,0.0,0.032829014812580076,-8.668365478515625,-1.0,-0.4373950958251953,0.0,0.0,2.0,0.0,1.0
2025-09-16,8.170000076293945,8.229999542236328,8.0,8.199999809265137,11503700,0.235,0.0,0.03574956513928523,-8.623366355895996,-1.0,-0.3923959732055664,0.0,0.0,2.0,0.0,1.0
2025-09-17,8.229999542236328,8.529999732971191,8.210000038146973,8.34000015258789,8775700,0.0,0.0,0.02773749267800348,-8.483366012573242,1.0,0.1400003433227539,0.26808042427251166,0.0009986051338912324,0.1272943469733485,0.9922162120561658,0.00778378794383421
2025-09-18,8.369999885559082,8.369999885559082,8.149999618530273,8.199999809265137,11065100,0.0,0.0,0.03438654634793197,-8.623366355895996,-1.0,-0.1400003433227539,0.0,0.0,1.0,0.5,0.5
2025-09-19,8.210000038146973,8.25,8.119999885559082,8.140000343322754,16295200,0.0,0.0,0.05026937573957446,-8.683365821838379,-1.0,-0.19999980926513672,0.0,0.0,2.0,0.0,1.0
2025-09-22,8.119999885559082,8.170000076293945,8.0600004196167,8.109999656677246,8041100,0.0,0.0,0.024714718748740035,-8.713366508483887,-1.0,-0.23000049591064453,0.0,0.0,2.0,0.0,1.0
2025-09-23,8.130000114440918,8.199999809265137,8.079999923706055,8.119999885559082,8260700,0.0,0.0,0.025420977554831272,-8.70336627960205,1.0,0.010000228881835938,0.0,0.0,0.0018904375509284073,1.0,0.0
2025-09-24,8.130000114440918,8.220000267028809,8.109999656677246,8.15999984741211,6039000,0.0,0.0,0.018675599588256275,-8.663366317749023,1.0,0.05000019073486328,0.0,0.0,0.04725913596992702,1.0,0.0
2025-09-25,8.140000343322754,8.140000343322754,7.849999904632568,7.880000114440918,11468200,0.0,0.0,0.03424844483711675,-8.943366050720215,-1.0,-0.2799997329711914,0.23000001907348633,0.0006613840703938289,2.0,0.0,1.0
2025-09-26,7.889999866485596,8.029999732971191,7.849999904632568,7.949999809265137,8543500,0.0,0.0,0.02574081632564254,-8.873366355895996,-1.0,-0.21000003814697266,0.0,0.0,2.0,0.0,1.0
2025-09-29,8.0,8.039999961853027,7.909999847412109,8.0,6245800,0.0,0.0,0.01893640066520497,-8.823366165161133,1.0,0.05000019073486328,0.0,0.0,0.056689754314167166,1.0,0.0
2025-09-30,7.989999771118164,8.029999732971191,7.889999866485596,7.989999771118164,6971900,0.0,0.0,0.021111412414069587,-8.833366394042969,-1.0,-0.010000228881835938,0.0,0.0,0.040001525887637314,0.9799992370561813,0.020000762943818657
2025-10-01,8.0,8.119999885559082,7.96999979019165,8.079999923706055,7922100,0.0,0.0,0.024258896998983932,-8.743366241455078,1.0,0.09000015258789062,0.07999992370605469,8.371857061221342e-05,2.0,0.9999581424668204,4.1857533179683126e-05
2025-10-02,8.180000305175781,8.199999809265137,8.020000457763672,8.0600004196167,8684200,0.0,0.0,0.026526762858611056,-8.763365745544434,1.0,0.07000064849853516,0.0,0.0,2.0,1.0,0.0
2025-10-03,8.0600004196167,8.149999618530273,7.960000038146973,8.010000228881836,59323100,0.0,0.0,0.1800842534070347,-8.813365936279297,-1.0,-0.05000019073486328,0.009999752044677734,1.2873447234554615e-06,0.5101985209161347,0.7449000958695708,0.2550999041304291
2025-10-06,8.0,8.149999618530273,8.0,8.069999694824219,10187600,0.0,0.0,0.031157655899574116,-8.753366470336914,-1.0,0.009999275207519531,0.0,0.0,0.039993896740486846,1.0,0.0
2025-10-07,8.100000381469727,8.25,8.079999923706055,8.170000076293945,11292200,0.0,0.0,0.03496391016878959,-8.653366088867188,1.0,0.10000038146972656,0.0,0.0,2.0,1.0,0.0
2025-10-08,8.199999809265137,8.229999542236328,8.069999694824219,8.09000015258789,8087600,0.0,0.0,0.024796339111681578,-8.733366012573242,-1.0,-0.07999992370605469,0.0,0.0,0.6399938965222097,0.6800030517388951,0.31999694826110486
2025-10-09,8.149999618530273,8.220000267028809,8.050000190734863,8.069999694824219,7381000,0.0,0.0,0.02257397799233937,-8.753366470336914,-1.0,-0.10000038146972656,0.0,0.0,1.0,0.5,0.5
2025-10-10,8.140000343322754,8.180000305175781,7.869999885559082,7.929999828338623,11284200,0.0,0.0,0.03391277484754629,-8.89336633682251,-1.0,-0.24000024795532227,0.0,0.0,2.0,0.0,1.0
2025-10-13,8.0,8.170000076293945,7.949999809265137,8.140000343322754,7292600,0.0,0.0,0.022497081933233142,-8.683365821838379,-1.0,-0.029999732971191406,0.0,0.0,0.08999771120492354,0.9550011443975382,0.04499885560246177
2025-10-14,8.069999694824219,8.34000015258789,8.0600004196167,8.279999732971191,6618600,0.0,0.0,0.020769011721444616,-8.543366432189941,1.0,0.1399993896484375,0.15999984741210938,0.0003507365848654375,2.0,0.9998246624562129,0.00017533754378706544
2025-10-15,8.300000190734863,8.3100004196167,8.149999618530273,8.15999984741211,7350200,0.0,0.0,0.022730483870442336,-8.663366317749023,1.0,0.01999950408935547,0.0,0.0,0.4444303159225801,1.0,0.0
2025-10-16,8.15999984741211,8.180000305175781,8.020000457763672,8.079999923706055,9251300,0.0,0.0,0.028329146792731734,-8.743366241455078,-1.0,-0.07999992370605469,0.039999961853027344,2.0929642653053355e-05,2.0,0.0,1.0
2025-10-17,8.079999923706055,8.300000190734863,8.069999694824219,8.289999961853027,8875500,0.0,0.0,0.02788474841915805,-8.533366203308105,1.0,0.21000003814697266,0.0,0.0,2.0,1.0,0.0
2025-10-20,8.319999694824219,8.329999923706055,8.100000381469727,8.100000381469727,6616600,0.0,0.0,0.020311373558859425,-8.723365783691406,1.0,0.020000457763671875,0.0,0.0,0.06250298027060815,1.0,0.0
2025-10-21,8.069999694824219,8.199999809265137,8.069999694824219,8.130000114440918,8081800,0.0,0.0,0.024901070860797986,-8.693366050720215,-1.0,0.029999732971191406,0.0,0.0,0.1406227648325711,1.0,0.0
2025-10-22,8.119999885559082,8.199999809265137,8.09000015258789,8.130000114440918,8025800,0.0,0.0,0.024728527619415536,-8.693366050720215,-1.0,0.029999732971191406,0.010000228881835938,1.3232562276297716e-06,0.1406227648325711,0.9999905901169166,9.409883083431524e-06
2025-10-23,8.119999885559082,8.229999542236328,8.039999961853027,8.140000343322754,15209000,0.0,0.0,0.046918536478422354,-8.683365821838379,-1.0,0.039999961853027344,0.029999732971191406,1.1935993743837417e-05,0.25,0.9999522583044029,4.774169559702981e-05
2025-10-24,8.779999732971191,9.220000267028809,8.619999885559082,8.970000267028809,28734100,0.0,0.0,0.09768084964239575,-7.853365898132324,1.0,0.8299999237060547,0.0,0.0,2.0,1.0,0.0
2025-10-27,8.979999542236328,9.029999732971191,8.779999732971191,8.90999984741211,11180800,0.0,0.0,0.0377546065944515,-7.913366317749023,1.0,0.7699995040893555,0.0,0.0,2.0,1.0,0.0
2025-10-28,9.0,9.630000114440918,8.949999809265137,9.489999771118164,27847200,0.0,0.0,0.10015372569722027,-7.333366394042969,1.0,1.3499994277954102,0.0,0.0,2.0,1.0,0.0
2025-10-29,9.520000457763672,9.779999732971191,9.420000076293944,9.539999961853027,17299900,0.0,0.0,0.06254769926918205,-7.2833662033081055,1.0,1.3999996185302734,0.0,0.0,2.0,1.0,0.0
2025-10-30,9.520000457763672,9.640000343322754,9.3100004196167,9.420000076293944,13604900,0.0,0.0,0.048569723815565805,-7.403366088867189,-1.0,-0.11999988555908381,0.0,0.0,0.007346928766101369,0.9963265356169493,0.0036734643830506845
2025-10-31,9.270000457763672,9.399999618530272,9.119999885559082,9.329999923706056,11989600,0.0,0.0,0.0423941281406152,-7.493366241455076,-1.0,-0.21000003814697088,0.0,0.0,0.02250002043588804,0.988749989782056,0.01125001021794402
2025-11-03,9.329999923706056,9.329999923706056,8.960000038146973,9.100000381469728,10734900,0.0,0.0,0.0370219071576815,-7.7233657836914045,-1.0,-0.439999580383299,0.0,0.0,0.09877537563313689,0.9506123121834316,0.049387687816568444
2025-11-04,9.029999732971191,9.210000038146973,8.949999809265137,9.029999732971191,7599400,0.0,0.0,0.02600676992951316,-7.793366432189941,-1.0,-0.5100002288818359,0.0,0.0,0.13270427306273544,0.9336478634686323,0.06635213653136772
2025-11-05,9.029999732971191,9.199999809265137,8.859999656677246,8.869999885559082,8506600,0.0,0.0,0.028595585923465092,-7.953366279602051,-1.0,-0.6700000762939453,0.0,0.0,0.22903078921690523,0.8854846053915474,0.11451539460845261
2025-11-06,9.210000038146973,9.729999542236328,9.18000030517578,9.279999732971191,17003300,0.0,0.0,0.05979991336775161,-7.543366432189941,1.0,0.4099998474121094,0.5199995040893555,0.004751989247022825,0.3744705649239686,0.9874691281023329,0.012530871897667125
2025-11-07,9.239999771118164,9.390000343322754,9.029999732971191,9.100000381469728,8653100,0.0,0.0,0.02984231477015471,-7.7233657836914045,-1.0,-0.17999935150146307,0.0,0.0,0.19274116988171908,0.9036294150591404,0.09637058494085954
2025-11-10,9.149999618530272,9.170000076293944,8.829999923706055,8.880000114440918,9141700,0.0,0.0,0.030765169357519766,-7.943366050720215,-1.0,-0.39999961853027344,0.0,0.0,0.9518132892158918,0.5240933553920541,0.4759066446079459
2025-11-11,8.90999984741211,9.050000190734863,8.880000114440918,8.90999984741211,7427000,0.0,0.0,0.025079016096969026,-7.913366317749023,-1.0,-0.36999988555908203,0.0,0.0,0.814396295137807,0.5928018524310965,0.4071981475689035
2025-11-12,8.979999542236328,9.1899995803833,8.869999885559082,8.90999984741211,8357800,0.0,0.0,0.02822208169317998,-7.913366317749023,-1.0,-0.36999988555908203,0.019999504089357245,6.387279395365577e-06,0.814396295137807,0.5927986587913988,0.4072013412086012
2025-11-13,8.90999984741211,9.15999984741211,8.899999618530273,8.949999809265137,8785100,0.0,0.0,0.029798136766918,-7.873366355895996,-1.0,-0.3299999237060547,0.1099996566772461,0.00019519187647631107,0.6478288560599317,0.675987976031796,0.324012023968204
2025-11-14,8.869999885559082,8.979999542236328,8.819999694824219,8.829999923706055,5930100,0.0,0.0,0.019844588168564756,-7.993366241455078,-1.0,-0.4499998092651367,0.0,0.0,1.204639970646511,0.3976800146767445,0.6023199853232555
2025-11-17,8.829999923706055,8.9399995803833,8.789999961853027,8.899999618530273,6550800,0.0,0.0,0.022095493304102046,-7.923366546630859,-1.0,-0.38000011444091797,0.0,0.0,0.8590136493554847,0.5704931753222576,0.42950682467774237
2025-11-18,8.880000114440918,8.880000114440918,8.720000267028809,8.729999542236328,8509200,0.0,0.0,0.0281528473845673,-8.093366622924805,-1.0,-0.5500001907348633,0.0,0.0,1.7995266803619745,0.10023665981901275,0.8997633401809872
2025-11-19,8.720000267028809,8.760000228881836,8.350000381469727,8.449999809265137,9108500,0.0,0.0,0.029169093695570317,-8.373366355895996,-1.0,-0.8299999237060547,0.0,0.0,2.0,0.0,1.0
2025-11-20,8.5600004196167,8.640000343322754,8.180000305175781,8.170000076293945,9903497,0.0,0.0,0.030664084896200663,-8.653366088867188,-1.0,-1.109999656677246,0.0,0.0,2.0,0.0,1.0
